M1,M2,M3,M4,M5,M6,M7,C1,C2,C3,C4,C5,C6,C7,C9,C10,C11,C12,C14,C15,C16,C17,C18,C20,C21,C22,C23,C24,C25,C26,C27,C28,C29,C30,C31,C32,C34,C35,C37,C38,C39,C40,C41,C42,C43,C45
0.00805809295638972,0.013739548781511571,0.009674609712454669,0.0,0.009362879148187602,0.005092246350157967,0.0,0.05666188287453375,0.0378194486211543,0.022926473390304368,0.0,0.016639180239608024,0.014455947454518588,0.005464807816804744,0.01679461539714852,0.002796077609312775,0.010397879756907778,0.017184266806469964,0.04522609044650127,0.04444700647735957,0.045350556666126696,0.0,0.0,0.0,0.010549173516509122,0.018544496557257043,0.011051331005721567,0.015845797539698087,0.01908620784695103,0.040271409899846095,0.04679906610787807,0.006726471221025123,0.0,0.0596215930421983,0.0,0.007203890014863407,0.0,0.03493572290822713,0.01921646756278815,0.023487670066153547,0.0,0.004554176711129218,0.014522480025742579,0.00495607301068323,0.029741759042954567,0.02418458486884381
0.004221329510659528,0.0,0.0,0.004945559736845767,0.021247990348710635,0.002824434820651523,0.0020279760087456855,0.03563046189144235,0.033872311642594854,0.0,0.022964356370266167,0.022375975383883327,0.003325050362295681,0.005405368491061595,0.00421357134631245,0.023471641258592378,0.0,0.0,0.021761041682553682,0.14641488205651718,0.05315376326822126,0.01612548221472015,0.025228893859421397,0.013930388227712788,0.012387487120642901,0.0,0.0057557500024041156,0.014002872459931148,0.0,0.0,0.0073305399567818175,0.0,0.00976689417238645,0.0907015555364567,0.023392285198466742,0.003881042212275705,0.026810171164573085,0.026298894139360506,0.01446941845157805,0.011347190016057381,0.04098290789142683,0.0015681081111979314,0.039723065479010986,0.022426346929070674,0.031260825577560186,0.009693874532974184
0.0,0.00793993917507596,0.002990507292595125,0.018961138878781005,0.0,0.013839807603932157,0.026763905392979983,0.010470020607844605,0.019922332214176258,0.011583598897601983,0.0002814932906245772,0.04292372324774327,0.0,0.0,0.05078830212010521,0.029988213017223528,0.0015100500319997281,0.02125449224912372,0.024771406247518925,0.0506152094388491,0.015298252461718224,0.003919027431002805,0.006164766599056452,0.015300321963538747,0.02891068861181352,0.03817044999677188,0.0,0.004726858259303048,0.01713215475060753,0.0034233368511592116,0.0,0.023816446697159505,0.008400288693745497,0.0553058646125177,0.023488401141117006,0.014352629839726037,0.02956827822470049,0.04149899496973047,0.02036195504941235,0.0039300037670865415,0.0008857623120443608,0.018613642064542094,0.016617095340273183,0.0,0.03382959356902755,0.0
0.20696705362609116,0.14932476361470168,0.07152522952506786,0.14229891365328382,0.18062183771094423,0.05067684647723216,0.1633742720124419,0.01630303098710044,0.03858497369058343,0.06906687059990425,0.16230353865341163,0.0665033595889307,0.04384663993984085,0.10180831814799601,0.08681290870845221,0.048789644195656276,0.10094160663447044,0.0036611447956360066,0.08595660556830254,0.1166728163394336,0.020327554369241316,0.11097727895131164,0.13144461626182324,0.04708683950032149,0.025899563013342133,0.09907856005996533,0.1371088744944118,0.05126881679763604,0.11648085294264748,0.09730997389125978,0.12076453771966529,0.038160111620877984,0.05209431423881397,0.09992208175879022,0.05837888893747832,0.1539086100269889,0.08963851176482893,0.24598588546795216,0.049193310281204924,0.02634515801771929,0.2733972008087609,0.26780166972950264,0.18833625681578933,0.05469404409587975,0.17675485603000451,0.19802063879298784
0.14566801495546058,0.09101823710372135,0.09108071745613841,0.09715064473455032,0.12756492103489078,0.021199536606848146,0.15941874221586722,0.032160169764906724,0.01753621993613339,0.04372195960582423,0.1336708405747962,0.09678467069137621,0.04377681613470783,0.08879888138123343,0.07701836339175863,0.02984446705038074,0.09229770048310068,0.16286340390499096,0.030553235775608235,0.2608732792678088,0.0432905065103881,0.1518935173240724,0.09376478600715477,0.06697618795010521,0.06018419978809202,0.07224998621470773,0.1341685914488009,0.03433140324920976,0.10219530467382625,0.1237140646468724,0.12240897270737273,0.03562899968712496,0.07836051525768482,0.1021856065270258,0.10634786599294234,0.14661268919687104,0.16124590717062204,0.30175483635784023,0.08935149656931937,0.045311568119827714,0.37886278756507824,0.24006172235503592,0.154120474268685,0.016448748793616158,0.14122101001896148,0.18884286466344355
0.15308647573308937,0.11657837673250562,0.08089969422845317,0.08676382479584434,0.10465408032923211,0.08065890089757624,0.1927164841541574,0.0,0.03291251778544935,0.03419709625144098,0.12426279560073077,0.06469578617392703,0.045072984914769645,0.07907445298651244,0.12739304771027746,0.014452748829074456,0.15916036619043777,0.16270731891330098,0.0363383107683545,0.08412844069642753,0.041710657209074645,0.07575156251323982,0.09014082778118859,0.03415166873685518,0.020187703839724895,0.08378747564684028,0.051657923126596623,0.033779297953275216,0.09438825862659235,0.1158913598120821,0.05127215786650641,0.026429866676201685,0.048046872556150866,0.09858385719004445,0.10688439125149744,0.13659827061862093,0.08380161719026738,0.29782086175476535,0.1692749248890937,0.034838811238353834,0.26727949171562604,0.1442241883213184,0.16620103699936103,0.057907215160843066,0.12078761779097247,0.13289731320646042
0.211721234102029,0.10670421649829151,0.15898498331356187,0.13670629530695433,0.12290458732041389,0.11254470846547585,0.18317880422412103,0.08820308850291725,0.02171224474373271,0.055168836611795974,0.15984244002561696,0.11076300969468225,0.07613333168622131,0.12372127952516981,0.10465024077478852,0.09905543582551178,0.1289810346560752,0.10658074178362156,0.022695703931383884,0.09535175879826568,0.022247073791614433,0.08877476333997944,0.21632990102307026,0.06792350152547708,0.051820368179860236,0.1051156978665991,0.2171104136069391,0.04295098030415235,0.13387837430614932,0.12739048205807849,0.13522183921022918,0.045021564670912895,0.07946617951993934,0.08908266410116777,0.12194889830204282,0.14021507900645072,0.10437972280490868,0.2153806935544845,0.19707647968589712,0.030836571721653303,0.29223946319791994,0.22902596052078228,0.2327183010321349,0.14348159173615382,0.18460361380918744,0.17144373702538876
0.28801486996249875,0.19990245434672585,0.16965748903016145,0.17631593979199464,0.23532483084187683,0.32839759721022455,0.29884299581615875,0.13629869939176545,0.0979715555463569,0.13382524611825905,0.17106443683057965,0.07494657428328856,0.20655163424346035,0.2619841921521325,0.210487743017643,0.21160069345147775,0.19081076110961132,0.2553658093797612,0.10675919109652271,0.1674517760513324,0.14286909219274385,0.1433606522262553,0.4991437747885536,0.1580409394634882,0.04824787055255187,0.28217036213689434,0.3122332790452616,0.11257167470695717,0.2699725073533376,0.20325436362399749,0.20980530222498867,0.07773162183402388,0.24521682318315507,0.1994473436028733,0.22357275631742718,0.18095558139451684,0.15023236866532347,0.2880921316653395,0.4292962082446345,0.05712388519319535,0.37497208854269437,0.30838415683120823,0.2827084834338873,0.26740322020660523,0.2058038375274828,0.25957419883241983
0.38083651881672803,0.4252514143763988,0.2790289589990124,0.27762202014032333,0.24216880037564115,0.5517234974417845,0.30837209329282067,0.29792835174853494,0.4474207151379527,0.4984002426104956,0.3923066444793416,0.18716419346063512,0.30227786648287924,0.4999658514747851,0.3098299327132652,0.50796692555857,0.20439242902549717,0.2821578869151932,0.19538581744967184,0.35085042572452435,0.2183773262566826,0.3974228325113208,0.5066178516516331,0.2471321462636489,0.10994755287395472,0.36645817493150484,0.3087676045325228,0.12198925969241298,0.47577481826399637,0.29344365352949,0.26588105434905224,0.12884744492162242,0.43164585744249456,0.34097943758310745,0.6110964831126163,0.23029233749404607,0.24038846462036523,0.40817028336861483,0.2782267178373796,0.13899755196784583,0.26562175317153525,0.35913054293949676,0.41136970982982124,0.4619621398425736,0.3563059567155123,0.3171584148528578
0.40586598772422144,0.3537018544903604,0.3104974937599052,0.33048118837638424,0.24793587828616925,0.8048030582666916,0.3466861859531516,0.27575646408079035,0.6593815665989207,0.5549595254694963,0.4841319881350536,0.27458249467194373,0.3165399217275961,0.6646256977872044,0.39706801166208455,0.4747687413222315,0.2998485657224955,0.3890575767395872,0.17015467111628016,0.30304379066323583,0.3118746087737943,0.33234876962154913,0.5745375661929311,0.4659768037462478,0.12442269083664298,0.4788479314139886,0.44205965603069913,0.2390768978468725,0.49957931408818085,0.5757111730779513,0.41701294977067066,0.17444827462836512,0.5423323269086714,0.4185660750980764,0.7115622295732953,0.2545109702452446,0.2237199277000123,0.4098110289818742,0.4130255088364318,0.1207651998527771,0.2992776110517226,0.4116894643887278,0.4928598307393833,0.4901715406850498,0.26894225448352305,0.31375069497747865
0.3973144065234983,0.49939609426033443,0.3162526000597628,0.3621202150810177,0.2724136130573403,0.6092298397431449,0.48235869236781403,0.28512112723147476,0.5553484532475872,0.5333504013960679,0.558169631740207,0.39609387476982055,0.3696840521553583,0.6726477938324193,0.32994620142925,0.4019476006689715,0.28433530981635674,0.46967195714957893,0.17251664254410906,0.3400046463127762,0.39180018941626804,0.2665840507547611,0.6633162930764152,0.4498850136606021,0.1601690456914909,0.501157037303084,0.5292766232933599,0.16765894024653702,0.4229988189820174,0.6822584261547728,0.36953337538943193,0.26409756953416597,0.5653803886407955,0.47391975214813176,0.7325860548938091,0.2766137397048235,0.2733757839119354,0.4321982426643648,0.4931694795890319,0.10898051038678642,0.3613970702630161,0.574447588762938,0.34367428757594554,0.45956014145805335,0.250869041252389,0.49005316658361575
0.4049056126972434,0.5156433022769579,0.344209215756673,0.34125678707842794,0.29676690873704153,0.5619379926702477,0.43561490816680953,0.35339433994573444,0.5447701408580897,0.6393105330688584,0.5038906801860605,0.4990170223661021,0.44568578858545055,0.5732212470612627,0.4333616321847584,0.47979387350452324,0.3465948945568374,0.43606171944451505,0.18721250873540357,0.23869553678588448,0.5977183435699082,0.37369648692427354,0.47594430103011526,0.38816423017321816,0.09665322524319103,0.6358173137101899,0.6690471378224763,0.16263301019720366,0.5051329966652247,0.7089277311754663,0.3406498245755684,0.3060660492068629,0.46625852335045476,0.44500105578258553,0.7527558309739115,0.29131554901814416,0.32819075446216606,0.4267220584956397,0.4747317296900747,0.1443208822199521,0.4583092610567291,0.46750621363323497,0.4859175010325401,0.5808852312135032,0.4201036391849851,0.3862176973589815
0.4569696206874875,0.4756632389740878,0.4385348796430904,0.4280092541716185,0.19475444879926734,0.5052989251810788,0.47189728919203017,0.54629938463627,0.5959840010140097,0.5590557088010553,0.510946569778202,0.484449308265825,0.6052434786279268,0.5368913070554714,0.4509075634102916,0.5446605580837213,0.48574867651261566,0.6394253538840857,0.47262225097119837,0.27700758531826924,0.4707279806449404,0.5657756985073602,0.6265940874434914,0.5816319771851484,0.13097202918547987,0.5939585199754549,0.7568010319518116,0.2260818453782251,0.6356793389875783,0.7244583920495841,0.5362360755400883,0.2869093215214097,0.4514483044928088,0.5633785053036873,1.0,0.34326205327121406,0.4260172656124816,0.46792043391991084,0.44404401524682324,0.12256293000019984,0.42417957599081124,0.4575067450116227,0.5970827711899747,0.6594915456959934,0.3174301144779352,0.6647605339915912
0.39839016315494524,0.5194588835267445,0.329579498646869,0.3844777617893917,0.2510382983796937,0.47542672621758986,0.43024226815645594,0.3912022224867536,0.6397082420074277,0.4548366631225252,0.44853632711653646,0.41516534761342605,0.5232919364791166,0.5352558685137967,0.4686548898619649,0.5559680165620013,0.5205976406651688,0.5366976131843364,0.36189573172209155,0.3849887344298256,0.5077248173163165,0.49946048908756024,0.5655294690804349,0.4785734096005629,0.12352516463111424,0.5425363329592547,0.8189408437058414,0.24259625559157302,0.5904011923435407,0.7193369519129508,0.5537038645023227,0.32966564649316576,0.46914207547606795,0.41099091780140107,0.6863805642059408,0.4132923317871061,0.4058042599688992,0.5126846083078835,0.47527516833176253,0.16264464364841427,0.528411556625769,0.335555930390533,0.5759157051858255,0.700194069393396,0.3434593593360035,0.3899142292943064
0.4299070691355418,0.6496760250634358,0.3573288623223261,0.28374786440382266,0.24781482063557225,0.6145993249518098,0.3859522941866378,0.44426314385898613,0.6546505805361532,0.5649282504021322,0.6807428985310353,0.43672817426180743,0.5705450764354835,0.615417557930333,0.48119565442751977,0.5249769198320432,0.5737449644815,0.5494377554283272,0.37202943013824963,0.5158411784587354,0.38315887515278957,0.468851558970279,0.528947252225513,0.4120967757449199,0.09935849030685726,0.5466680227797502,0.7349629814243883,0.24635204393480756,0.6242606212017998,0.7541951928449049,0.5403230124251813,0.28020500703965445,0.626505872044382,0.7189797128741754,0.6628885832526551,0.3827216850604426,0.3700339908280405,0.6133662387648818,0.4455857618286382,0.16290134074242094,0.5185295141719618,0.30802316035453015,0.48964652274027703,0.5266071407455643,0.5317244450156504,0.5716048207092133
0.42144350965968996,0.7740075763528137,0.3406179306739905,0.30441033649777666,0.23225788365432498,0.5297528641092567,0.5051361907134094,0.42086457710689906,0.5874505794969278,0.5851343733711973,0.6445853579964574,0.38045515195236673,0.5108652433192808,0.6379420396628493,0.36018189786407434,0.5335678797346272,0.6140065253169088,0.43432817315532063,0.3700346245578397,0.24723343922170268,0.642517835258326,0.4262368339248693,0.6347239050360014,0.476954639125688,0.16660247827640415,0.5276945162988969,0.5466980879984294,0.17580143809865234,0.504996176307751,0.5947495732237961,0.4373272032789034,0.3874442524885246,0.4287568922352752,0.7354292701764162,0.6617122473112127,0.39246602952855925,0.3738362231233922,0.5404406723587507,0.5219417150846932,0.2053160525627181,0.5041805783332842,0.36054622286929816,0.526184598041251,0.5539502594034675,0.4694253569649644,0.6201964167590878
0.5573668877053928,0.7774280387333957,0.40804343715834274,0.3472056303843259,0.24978164630992905,0.4766210560934349,0.515913344861055,0.4414001734238463,0.6671911176902812,0.4946792039008117,0.5627036764505507,0.38786116685893557,0.5182242115659519,0.7671450127490366,0.40751726912137354,0.6343929320830042,0.6424079118176541,0.6696243073927544,0.3824759830735774,0.3556148394200608,0.48379507289536605,0.47991649075450915,0.6100190062110178,0.6286587960013822,0.15835626263029837,0.5118233031615891,0.5427941471323977,0.2523394810010095,0.5373915595215711,0.577280953529481,0.581130372908291,0.5030491535669557,0.39814958700381275,0.6245601136116302,0.7325275616034352,0.43778582275112776,0.40348870596686304,0.5389006127733725,0.38871684017573027,0.20350382682517834,0.582748122718157,0.39492240929353617,0.5782786903770518,0.6367480804807781,0.3720085254019163,0.570041203449596
0.5970594034760217,0.5945414829412957,0.45677363460602904,0.49229547650278294,0.327416332078003,0.3754425895401609,0.5760131586425553,0.4354347992387583,0.4468200050548867,0.42612446753248295,0.46134609223369094,0.3761971818663552,0.6391033728353328,0.6645638941771325,0.5099909871814877,0.556394682823291,0.7054810909458962,0.8009880987443505,0.5411410485399083,0.4265060608140049,0.5155645185819743,0.6960200544930824,0.6787431905605128,0.6447758232128035,0.1774562334077496,0.5829566765998788,0.5468445681381806,0.18150093173480528,0.5519471321407656,0.44952004333777584,0.6852384590497452,0.478382613139624,0.29620766568103946,0.5774092377245413,0.6790142135489928,0.5248299824443811,0.5699552331791086,0.5804229538412334,0.4259751610538337,0.1871961742636397,0.6572610020948786,0.4341010740527733,0.6481518210068585,0.6002517771016863,0.36114522218826356,0.7072059709392484
0.6376257047891666,0.6987777405421097,0.48842593455228744,0.4712897064234953,0.4146974595843206,0.560760924252982,0.5965969169191379,0.3093363726753767,0.18670158416431226,0.23547255861416705,0.45089681089583517,0.45318727390079666,0.6337984722262666,0.489789487909021,0.35000668047347916,0.3415371100109303,0.67255490769568,0.5364334500402677,0.6164988117292173,0.30084557620811553,0.45621596327149505,0.7372372887193642,0.6047999808757203,0.6406491944061147,0.1888300852650576,0.5448988624117443,0.6359684290466868,0.25602240093798734,0.5258122621852401,0.7016046839035177,0.4406731351332749,0.5242887122431287,0.39313083886530437,0.2688365296971099,0.4582262610731528,0.5351800478091838,0.43354876540262544,0.6379074541594764,0.4980117328258663,0.18554623150371596,0.7146486411929389,0.636911435493918,0.650227098026641,0.4655184404833471,0.579301669880331,0.6631409363176239
0.5662217677490631,0.6219660782453444,0.33706955612335376,0.4700704047457107,0.49203566880978,0.4002742532054791,0.45630722501860294,0.32172498757411816,0.2830530399496754,0.2715853795775472,0.5113400304928508,0.41395802609984994,0.6121182589042826,0.47080789028017045,0.2986035405010511,0.36677900737933794,0.709250306246426,0.5402032585809473,0.5617455167160484,0.20992402994608753,0.531661814386514,0.6138496133104562,0.7357426157592968,0.8033490205522782,0.2249643972221168,0.6209915759908708,0.7108956694858157,0.2046668152471163,0.549900864340675,0.5401298538337402,0.5991425036975946,0.43438287045423535,0.3682424573165734,0.2892557691605785,0.44934511064837934,0.5785339338815596,0.43602514304297746,0.5715741313527901,0.5390158642197466,0.1504011901398591,0.7388190560293361,0.5804589470323291,0.6299577642036331,0.46153485345009754,0.6921433080870534,0.7154858524990158
0.6394055922006487,0.7012668868708593,0.4223888276664641,0.48929771002478273,0.4574517132364352,0.32593785971556766,0.6124570628681807,0.20147543901010936,0.34285957060388256,0.22592112060977776,0.4536278190769455,0.39812331392399675,0.4721969940839416,0.5076967494481386,0.46109214047433056,0.2872873165510858,0.7395831300945126,0.48293378397025494,0.7127850141668413,0.38291771981303235,0.2825280270766336,0.5023556880329615,0.8373109360132462,0.749150935602081,0.16132587636351256,0.5700043520879083,0.6586770143114857,0.23528030542002962,0.48795311768960875,0.6500006495938606,0.8832547351977217,0.3798417921192669,0.3125680191687812,0.21117327142643685,0.4149502649408468,0.48353019993233903,0.3977949480874681,0.4447424099334115,0.5107590557342748,0.18381486374022835,0.6907597441437351,0.4944554570262727,0.6147331519891766,0.37629490962743634,0.7078595110364092,0.5978278952475353
0.6680601361330624,0.6194514992655938,0.4864429026072977,0.464486606672273,0.49739819385906126,0.33297648785338735,0.6140761240426135,0.1983774161444901,0.2825581035938708,0.21259925270230173,0.42036777599959796,0.30667098184903013,0.36822309233741163,0.36887682505374664,0.4223332928669402,0.23790062067700868,0.6270865361213602,0.49194400930813315,0.4912536749185542,0.33300752623090235,0.30227630418362145,0.42007455700217655,0.8926349119663697,0.4817240881281459,0.10577880135390413,0.4782834652988447,0.4257964808981846,0.1668052075568273,0.4697625798978305,0.7002873677151664,0.7740519143784272,0.3130027369400311,0.3490797924603463,0.24034077332019874,0.4361859025393913,0.3935340670840537,0.35071220610449905,0.4384877217106208,0.5195652092996847,0.12861744631331976,0.7847353142909838,0.5857097727116101,0.6391237853514863,0.3875598659915096,0.5698599788439478,0.4980166942993407
0.7390896107612633,0.7290897303547466,0.4386753051437945,0.4488414964515481,0.49877727555572604,0.24843700287664186,0.6482045905392289,0.15008140452515625,0.13942853905135386,0.10733279390692502,0.4053809293755648,0.2389706988882912,0.2738817753976405,0.400174497914898,0.3483144149231602,0.23790078448213647,0.6131616841093267,0.4090591179277743,0.6388167102265843,0.4155663352160165,0.34797114543001934,0.46643995871415334,0.7367588735760027,0.3874020952234985,0.09806754355372163,0.5253366901516734,0.5470319287518276,0.11760574548805999,0.5090542675304073,0.6255753244545348,0.6258365676607296,0.29187109285207885,0.3302391627396106,0.26831162436140554,0.3363505126353336,0.4018844806394831,0.4294685149350244,0.4625214427793755,0.4694437106376014,0.16528388104719877,0.7989413642350292,0.5654426186456121,0.7889046915319623,0.3721473587464332,0.3528520750644025,0.7942191093695586
0.6698380737179991,0.6843296472997478,0.2755759991925376,0.3571579531075157,0.5104164390337769,0.2368088525590015,0.4914639912112859,0.1861624975156511,0.14510264067980516,0.11634739413854805,0.32475457848617845,0.1557546199923791,0.2051116110288557,0.3657209724801964,0.27900568038608836,0.22155518071969116,0.5327447433193441,0.2396839963711731,0.38575193729538865,0.2158370477667361,0.31272567176271215,0.47062079117574446,0.7457788084670718,0.2904325757156911,0.04230525944691375,0.42110487749703235,0.5132843618959182,0.08690977321226143,0.46467697399672236,0.5863025211001794,0.6941122412468556,0.2521874062456433,0.2954077676209446,0.27536763375412177,0.3268102476245631,0.35755601947393323,0.29815524685358924,0.4369685974334752,0.3956279783937991,0.12673914757328744,0.6405348299642182,0.44143549876086335,0.6111136628199056,0.37477747772888115,0.4344869199016507,0.7805779842328839
0.4549893922797939,0.5507609696734574,0.2834309683741172,0.4328831978059431,0.3377325186182976,0.13118381520694078,0.32314117010970284,0.19583510723872494,0.11692031506844112,0.09778534071106022,0.2574513236001913,0.08310467389508544,0.16739291814859014,0.32336386557341334,0.22046579665030286,0.10915134351765858,0.39570722047680895,0.21812945950044021,0.5398006979508417,0.17345816050055113,0.26881895610732726,0.3620280712547106,0.4735954249636178,0.2003509002080546,0.04954050925435755,0.26080485598812136,0.218857835659367,0.14295177052146546,0.42697357816189746,0.4075828135532439,0.37455907636359836,0.2708091141309222,0.15609962015961937,0.13567344617169447,0.2779373979066738,0.27668411798756376,0.29805359185986924,0.49977202331933074,0.32700301968582657,0.09193077048405664,0.5941940075727059,0.4652910045126727,0.3419001571346724,0.2487207045417934,0.28029824251065577,0.29730850531282893
0.27399040063334434,0.33000609317078566,0.3319027441564323,0.2939847789368203,0.18908777888212622,0.11858884673857953,0.22062596363199893,0.13086182534583224,0.024031071069269817,0.061616328221757305,0.21643067595284393,0.06686830732587692,0.09328178195568439,0.2008520580106212,0.10637048377208946,0.13231096430117784,0.23073586838777416,0.18150081130801748,0.2734307897486757,0.199682748322604,0.2740633045227856,0.2923007653457231,0.32420949950752664,0.2285215770229139,0.01969048092865696,0.24917663762859782,0.2499514860740189,0.07467691329026202,0.2831097966462206,0.3241931565027649,0.28563521804414077,0.1561124520950486,0.054327322115980084,0.09074102080109789,0.24397222448850736,0.24195358045349682,0.2780795382798283,0.383294634805946,0.26597358827329165,0.08979539448041077,0.4900300743810006,0.3024081975733877,0.33635498250248164,0.12559373772057342,0.1897032145149569,0.1613542257856665
0.16884988129388334,0.16036107981724038,0.16538046379584267,0.16732521687050275,0.10770995860767042,0.0513466547240202,0.1674477868575375,0.0936702008652934,0.03184832402434841,0.05628261893192657,0.211739136408519,0.023067304971787154,0.047399758527115456,0.16128789352535064,0.1551654819979502,0.09932783397508173,0.17903540901226164,0.11136358993441747,0.054115436840446125,0.0724648657414386,0.2567279241902907,0.20152285657189595,0.3085943274252597,0.18777778239851295,0.02088481285479951,0.17799470953027782,0.18844326470464776,0.05060635902233324,0.10175883621553639,0.33719819556795316,0.2164482060977203,0.1435299403884302,0.03317493249582544,0.06824325830829492,0.22237590423540887,0.2065009573017039,0.16939557747596332,0.2975654680329376,0.12733059205013522,0.03977030538786763,0.32840227533682265,0.19468167241385181,0.36744088826818294,0.1259703127593103,0.10778148067883189,0.15484613768362238
0.16658985997082304,0.166240263779209,0.14423809922811412,0.1194406085907768,0.11549809518807792,0.08426691805249223,0.15923448339425741,0.11429936938543592,0.0333000195917017,0.022976753726430058,0.18602515342862436,0.03066057059478864,0.04862199924028895,0.1388003142368029,0.07050989816546344,0.09956776847641761,0.05380597495797417,0.03136285456081234,0.07868156580509483,0.13089613820853443,0.20551818434091246,0.15085435744554282,0.19979672888291117,0.17570416511418782,0.030977466927618373,0.1294598259932318,0.11129829975021677,0.06081029340079503,0.15516444998337395,0.19520204090277143,0.16334643928408388,0.08713545851669997,0.007416458750081782,0.019303323423694035,0.05473466539238886,0.1753418650499044,0.14381205737765507,0.2582878030741287,0.10579541683728513,0.019298127417911298,0.2722481823629695,0.11878352007858135,0.22318201489837497,0.06930806807948897,0.14961227749372352,0.08444908448030869
0.18728427924626134,0.08862236051051317,0.1988394760515825,0.10529446769682288,0.11248926890899467,0.07181868160333621,0.1724375390375406,0.08548114111828771,0.03582440064888952,0.01815249293004577,0.18295906521497135,0.03523133388211548,0.02615582840283278,0.0743772468962895,0.06788419163539253,0.0171749637844459,0.062061932175448455,0.07288389329045522,0.09735666002115548,0.11142014495502742,0.11191685994133331,0.22674799698625928,0.14992092871538903,0.10725084512563277,0.014245577917066543,0.12467780415048582,0.04976048870656894,0.047056450631514875,0.16781116832080598,0.1847000632953825,0.10765429679118126,0.04977580869755499,0.038362476256254094,0.08307401072625525,0.08031807147500455,0.18222298820941574,0.12106862016760284,0.23721570956948937,0.11269821246902528,0.0398339856840807,0.2505581257475169,0.19923416841002273,0.2336444563184147,0.05292823155595632,0.11284364588306997,0.09724107107579869
0.18844579992262023,0.15434743118936695,0.11908196221856862,0.10564023059358892,0.11880514585822478,0.09262061122920184,0.1641428313079526,0.06370322694221833,0.05161677593973511,0.013867377570537288,0.075811863817109,0.0,0.052512951171062014,0.08260388061704743,0.132456021831055,0.042978513080238714,0.10136423501519709,0.08392667318616667,0.08868385541743584,0.07923784531754238,0.07329477631728196,0.04281207312494677,0.19518555692788386,0.03742563207736819,0.039376112651233815,0.08717491882753874,0.014713683582974875,0.028568527832298754,0.0942237657322772,0.1537017851593911,0.15098828353687443,0.08713379008364486,0.03484700092534733,0.04357673444397481,0.10599999202196601,0.1395007471579315,0.1294087489687861,0.12066401467171545,0.10478406834391588,0.02189541367596998,0.22840479129220187,0.07103874607306136,0.18480333814690947,0.08165996568938722,0.08135386997763823,0.09482863010587159
0.20036727270958124,0.16965181785528624,0.12267722103511317,0.15641923305463012,0.11446278489275179,0.08822724083976596,0.17408050040043724,0.0669729423950115,0.061889860500313795,0.04262609925780453,0.09475377725984202,0.07744207799203007,0.08527591210459227,0.12366643437516,0.1503289908626894,0.04264744834955486,0.15815240322756657,0.07915885253641308,0.05179099491395,0.1583586910962806,0.15366538646906608,0.07385077498340241,0.18444764120224377,0.053420897191913085,0.05874619320365109,0.10940617742263929,0.1501919684677659,0.07160571104709029,0.1373007639046837,0.05088080947869092,0.08673342261429033,0.05737947966834553,0.09351421718540857,0.11175064406825941,0.13679075209303676,0.11467634473897792,0.09109181110070369,0.14405053630641512,0.22708692310335848,0.01911684380183404,0.2541276612360102,0.1710306488947697,0.1680919278029679,0.14586232392049975,0.1432381577319563,0.1009772311205849
0.33735584388574613,0.35669176454385887,0.18378172969927986,0.24350558292606891,0.20191020039255866,0.3313228470058495,0.2814392474534082,0.14424384661406028,0.12286049188270341,0.17356035887719132,0.18065795119826483,0.13479335169906378,0.20395414332410103,0.2329126995900657,0.276243694753779,0.2026929682066429,0.2212732742379836,0.19422201011437012,0.0802165602833659,0.20492649171625812,0.20754303038531008,0.16229505596160898,0.3952575782053187,0.22966482428434806,0.06073553506498206,0.26902040700899743,0.1942204982825682,0.13014756267694633,0.26260668394634473,0.19892291993572783,0.33000337172265065,0.182496239894433,0.2354759703625004,0.24340044112455536,0.31727254055272647,0.2255842059907701,0.20715126405355344,0.24799709581126858,0.2632421911786895,0.043688457803588224,0.36944577892422664,0.18426523942849488,0.310710164074668,0.2993946981068636,0.2752309933130434,0.11616970587851863
0.4008714141059421,0.43490010647769883,0.28631661284488796,0.22721290082494094,0.1764207877100432,0.4800335153303541,0.31256107676535716,0.31881360107847123,0.3926495771935568,0.4135151415077799,0.4293773561857642,0.16059026497735596,0.27485726215893896,0.48549870723940514,0.381624684659396,0.46500691928430954,0.2084467417428148,0.5372727563090907,0.18329345682211726,0.3376112267974202,0.46044761925255223,0.22714180906508055,0.502157747491222,0.2574832811431708,0.09092826385028455,0.45498495767797,0.42390887924899284,0.23331198756894309,0.3534415193705372,0.37603223239975725,0.3351364016805271,0.15609411093050948,0.39746624155260646,0.3978812979632841,0.5914247699188091,0.253646344872411,0.21584255167545602,0.28822024722802875,0.4747098082342507,0.10675850981375272,0.5226971207752565,0.1285299687151374,0.4238315220359463,0.4931914016501994,0.36241500750755534,0.32026866595384273
0.39887976746816495,0.5095000839392647,0.2957522726736533,0.312839673651984,0.2595112001524515,0.6479895483450149,0.28036743163263617,0.34585186963531167,0.7262967600765969,0.6223789094429124,0.5765976716891029,0.27484518178893974,0.3469074282146178,0.5725217251600158,0.4680241622277769,0.4669983883927287,0.35512771264616105,0.4339005108902659,0.283922502581466,0.2975214117766374,0.39970499567727386,0.23119020914744015,0.5968614930913525,0.3148081681273303,0.09571389360750546,0.6103586783572132,0.556632564377766,0.15649404097260722,0.4816353256513059,0.5823467210851101,0.5367161568467127,0.1839829311940206,0.5346121053777309,0.3582640942826185,0.7203186566216473,0.27613761768290224,0.277893820180547,0.4290949692169239,0.31996323064778553,0.16937562814609244,0.6371041067988523,0.21598008827265824,0.3819655318768007,0.44835875480559134,0.43773245014949574,0.38679070107981195
0.402608237653273,0.4591587869159854,0.2908128627499679,0.29213722408282106,0.2391545214031915,0.5808815321618913,0.3685182192266454,0.32171366409782176,0.7414805671147771,0.7324507244424847,0.4880149693403623,0.24703473862629338,0.3954013074820756,0.6059739875217831,0.4462200949783993,0.5513145485838048,0.4025913943803614,0.4796028702662765,0.15525154552785203,0.369874261945407,0.5629929970136073,0.2976409342142409,0.533412694389207,0.4474552459319994,0.13152538182666612,0.6981811367666064,0.6770833719474151,0.21783727800109354,0.5711990327041548,0.5303942834436449,0.5696861593191421,0.20130947221680212,0.46466079901539353,0.5652782708389805,0.7667680430383644,0.3075375125254629,0.29458989134986513,0.4192093951080968,0.4148364968960959,0.15252466727633518,0.6663249602778868,0.3375178920542374,0.5174554892025118,0.5028998492405697,0.4926259779367162,0.5061733178837395
0.4129551416390152,0.4710692426048996,0.34847290649107804,0.36815694716385594,0.31349868234576794,0.6599385017026639,0.39271138702841407,0.36118141709561014,0.6464563835958541,0.6789538442130272,0.5304663283725862,0.3853004778864297,0.4156623644346499,0.5225171552591922,0.4174376415207246,0.5217893599906716,0.37910184089313,0.38499528510670566,0.22585032693248266,0.2494933022657526,0.8164066491044065,0.42167228527096146,0.4823024504170988,0.4746901602654731,0.06867291193133881,0.6876558462630833,0.6936690300180286,0.3000986037629295,0.6802116109995531,0.6256148704456141,0.5142871250633676,0.21334278226931708,0.46976095061031914,0.5433671678092968,0.7691811885859609,0.26575093571777897,0.37696414742224144,0.5320468581472746,0.40928789568718993,0.12991544662510604,0.7552471161935812,0.2981451228833764,0.5314194943318876,0.5351782401033733,0.4622366087580685,0.780912055702072
0.443005828619867,0.4436450005490876,0.35646693285808984,0.42014928807919794,0.22202940514450475,0.5509278212499754,0.38536690189405143,0.32345524872418685,0.6533709214922782,0.6037425114195072,0.4514678566656911,0.38448561410854115,0.5626676851746315,0.4760970739839884,0.635630246813494,0.5909036361255625,0.4956097204452583,0.6098206254513701,0.3500153418184665,0.5193529656827712,0.5248179529482501,0.5117719324338046,0.7540790376755524,0.46264777253104034,0.11678585962564225,0.6580387179504446,0.7890475537271855,0.3431698633695486,0.553678874701188,0.6048316063117495,0.5981803805705733,0.3236246243936658,0.4701497638588383,0.6720847480379663,0.9507642594680412,0.3410240282863416,0.4622212984787111,0.4469395051664723,0.5015393002345875,0.14406624381411176,0.7428909548085413,0.263092219589426,0.4615337782713211,0.5995897718244327,0.42978119757335276,0.4766911213059154
0.4511462060707132,0.5607318432799356,0.4010298906348861,0.3871472515618279,0.2462883062690116,0.4938849424809379,0.356789913442495,0.34931650843183715,0.5915238317760725,0.5261461350526071,0.5470024555309235,0.4425217879665693,0.562193401709591,0.5964985610315016,0.5487838052385934,0.5372950491397209,0.4546984448232507,0.4883375444018407,0.37300365200720353,0.3953674363250451,0.5846443138466642,0.3396525418084504,0.5601568562891996,0.6237349416255341,0.2611070771209544,0.6501209946704112,0.8061924972411166,0.2871826030378497,0.6012576383489586,0.6653343304469228,0.7367736320032686,0.3946888832591204,0.5252486926810328,0.4306011963975659,0.6924509134189449,0.3902399763512783,0.3915968452841342,0.5403662369713309,0.4273940376535613,0.19894920201416755,0.6376147970298454,0.30225056675882134,0.5834011241419536,0.5730893443873023,0.5098233098073436,0.7186487352877207
0.42327107464240743,0.7257458381533095,0.3455712205585903,0.37289685080969526,0.227883738655553,0.5299869646029792,0.5289672281953833,0.4384351536613228,0.7674984180745005,0.706686208542042,0.5092859638079925,0.4782671594192953,0.567243512456868,0.6665135260350943,0.4050650918908402,0.7610662705010333,0.4944638124628459,0.5930068024993589,0.32046136058697,0.4557830828223084,0.532556877908039,0.3722189643072009,0.6417065150253514,0.7694094277986708,0.46741824321958464,0.7189853859655908,0.7281281574699723,0.26917498534541967,0.6470543026529815,0.8078122869516855,0.7002728805211952,0.41888209400397886,0.5869391141270522,0.5368547949660445,0.6670284931644913,0.43935963094308517,0.3709950431138914,0.4840154534560834,0.3386492454987309,0.2416877471727544,0.619111349375971,0.30261504178239546,0.5650715575125359,0.5633460836307503,0.5107181616987002,0.5917104085896387
0.4812348545876763,0.6317614008055423,0.34323509092116467,0.40244268992565135,0.24736797986484804,0.5550083634378795,0.7603250052670951,0.32971104636102866,0.8921085571722953,1.0,0.6145994544147473,0.40142569495502617,0.7119543261458144,0.6382595168247003,0.4598870693005058,0.6732487547150253,0.44765653958447843,0.5840300400699088,0.2523558090967041,0.5207661831944349,0.5584622507121499,0.47329112973005655,0.6831776832644565,0.6978897757114224,0.21740773346875486,0.6328946626673824,0.7317443510706377,0.24872565142151268,0.572430843761064,0.8911441179455618,0.6356867364712534,0.387899152992874,0.5630163029758593,0.5395180823933089,0.5725638770462643,0.35229407470079366,0.3534769332045892,0.5547978958319939,0.44643157745548107,0.23079358164370026,0.697072925939434,0.43589341136503623,0.5760972411352104,0.6929534719491479,0.5743262523845926,0.6050613772654114
0.6313209612870224,0.7479213619330581,0.31530569341125186,0.4514995111590026,0.2620687573831373,0.529757553749985,0.4797137863265789,0.478056395007438,0.8134183713037139,0.7855545728172053,0.5663948699169747,0.40590356798286814,0.6370703720051494,0.681750093418819,0.4088099457159278,0.735514224435371,0.6102436400724887,0.6352881953176366,0.31696952196086564,0.33705499749603385,0.7923774528192421,0.5016724033343933,0.748043668587101,0.6314080326608037,0.19423060398903194,0.6610741923364423,0.5224383622993886,0.25800466583358234,0.5442954860813677,0.5982517429833528,0.5032709776604235,0.423599919313775,0.42003864846654654,0.5267918231402016,0.698265058682942,0.5004022949554384,0.3684291690810751,0.6690826644751197,0.5133896714235855,0.2131291326123493,0.7039672889159332,0.5174085871903189,0.5449414182481874,0.6128034783059607,0.3306333904417616,0.6963044351157642
0.657035118221709,0.7433559323853648,0.3350501412580328,0.5164155620654096,0.3682217130252147,0.44101555178224955,0.5455909797732755,0.4683385557015449,0.40490774361474774,0.4661269102234903,0.49260698326191593,0.38203178923483366,0.770141516351632,0.5285671271698278,0.3992965654723177,0.7075986043029358,0.47528334977277276,0.7836438075385621,0.65088520124448,0.7621140598035022,0.8135346533176292,0.7148315793761272,0.7092248525219891,0.584765268911122,0.17277030267358726,0.5119370070390847,0.49391354844759994,0.17731071787639424,0.6568153616756063,0.5057466065558447,0.528165612434095,0.45640069276283496,0.3718995967352638,0.4260565511186388,0.6684101059678237,0.4747231940809128,0.48157053137338424,0.7246584909761362,0.6381824255410646,0.2058422564709409,0.8190845225157785,0.4096975327879813,0.721388050475686,0.5804912151820787,0.4221796757664292,0.6496937113958126
0.6007999008212455,0.6584057991661435,0.4130531572893366,0.496201263363903,0.4872301138386421,0.384210393950357,0.5726625637547563,0.28563268709402023,0.3360303918356718,0.4065631373551344,0.5161192761327088,0.39228220541166403,0.6315823810134259,0.39904645034712655,0.36845935695933935,0.45035186774936925,0.6015571688916748,0.687756471627923,0.6168603583518566,0.4347109831267784,0.6930834679402735,0.7083263081606986,0.7695234277860397,0.6408251855443411,0.2790685705652796,0.5226910322163314,0.5579007349135029,0.2013042448141348,0.5784847070434656,0.5908948175272627,0.37078523284851334,0.34590184337431673,0.27337348331734374,0.41150553465415984,0.4614140601790238,0.48311888991759333,0.4754813280910517,0.6926662542180777,0.6504095762898486,0.23388583438864977,0.6494070314914161,0.434001946526078,0.5997133875170801,0.4417625783462257,0.3351428397101026,0.7624889233839474
0.6138496254463492,0.7279274757886995,0.5074037222408413,0.4488631368981706,0.4281616508710921,0.476980475078522,0.5727170947365597,0.2458513197102766,0.3432340801527751,0.30837177478187455,0.4023775811914166,0.3363558928148619,0.6015583845407099,0.3573370039926519,0.3951055059875269,0.34863333188923074,0.6175720101125475,0.7076977433996319,0.3755916675438823,0.522061004964778,0.6664998235457013,0.8028274640758288,0.7214071791912056,0.7777269560697059,0.12245810663811557,0.5515518658179877,0.377229548139368,0.22000183880606922,0.6425026472680753,0.5929300036615178,0.4955284911310509,0.4819754154683387,0.3097613848035284,0.3734421874298278,0.46576731872529076,0.5309374769522897,0.5109429203603246,0.7273724969546597,0.5727010803016652,0.2421991369085054,0.7772057993390955,0.5996580948084506,0.500718578687659,0.4018550914509284,0.3635441581339619,0.7118515307727227
0.6325299320375792,0.6244962784371292,0.425930210984486,0.3714102722009694,0.44668454577925043,0.48904865634442346,0.5667174345339125,0.20129561251530673,0.2894254837296778,0.2936748294514992,0.4098733299889051,0.37801803843850057,0.4913531546226846,0.3580224863673594,0.36935870922910313,0.3378865498646237,0.547533516106009,0.42677397919888266,0.4149534022628147,0.6492713677338119,0.5155330216216617,0.6804553298471794,0.7920162330586586,0.6400651976344122,0.14606738849647313,0.6003927789080981,0.45382760558691604,0.1705316989959141,0.6486482958874779,0.6431760870887847,0.5182769244905683,0.37082396262132616,0.2894766949912778,0.348302139809174,0.3460046460669477,0.5825465302276475,0.5573053155955396,0.6788638165265453,0.46716230383021407,0.22808094176463586,0.7725142332001528,0.6441452680421053,0.4361435634990656,0.3885607030937166,0.5188269059440035,0.5627221041195657
0.7025875459502937,0.5048893450533873,0.374724709054295,0.44980913923549387,0.4514107480162114,0.41593989725422836,0.45409798770612886,0.28809529912270515,0.16937954644472825,0.1728408106062748,0.31209052075949434,0.28084748059736964,0.31615434898098627,0.3130811144746485,0.356357407469888,0.3879234198710513,0.735908337631982,0.38099316060351907,0.4938765758522601,0.9219476617759704,0.6579179384298093,0.4787319928741457,0.7116977945411762,0.60787011619403,0.09128120545998308,0.6036461808703275,0.597417407117108,0.15057505641637786,0.5044886623420284,0.786452661469798,0.49528472153987313,0.34052419746226303,0.3071993497977066,0.26538703686713494,0.2997182801448004,0.5018939315199459,0.46280795584117845,0.5702949937284617,0.6452632889250317,0.20284981034893862,0.7512618339812484,0.7407271257133689,0.554564052809361,0.3372573596531406,0.39873529311004446,0.8025526844746974
0.6789329171641255,0.5647299771686454,0.34712926972135383,0.3830331451140262,0.4024340043450623,0.34779604501504374,0.5239486137345506,0.2395282850809742,0.1641161765534406,0.09352268991685453,0.39721673103617366,0.19845681965407982,0.26192966103302406,0.3013970000159801,0.5148517821229986,0.3575635385799449,0.7775964913452574,0.5015816555976642,0.41461074412732296,0.746769359194699,0.8090987367696971,0.5644779476233516,0.8325073414087749,0.4447805908923648,0.0738518730645775,0.5996268755174288,0.6179922854676855,0.09288364058334758,0.6070175269103762,0.6757930900734054,0.5317020736208987,0.2525573808157942,0.3129092271311946,0.33304779283880037,0.40434458685757163,0.46347465686302536,0.3954301480667276,0.5190330356591973,0.4576497008326671,0.21795423724397425,0.798701929963584,0.6529555561588344,0.5595949123387003,0.2306275714932361,0.27379707928349334,0.6962574591400309
0.5669973728618556,0.6703565634404445,0.35244850857494886,0.34002747721022925,0.33608462206282796,0.24717002258365742,0.4017055800251554,0.21485009378433875,0.11792309266393171,0.2037707091722613,0.3159443123098394,0.16098339774736992,0.18199606445672098,0.30407891896160216,0.5128355158689916,0.28822433544267406,0.6089779686745252,0.4407731856764859,0.2569791434138498,0.2663124202393313,0.4974176557541604,0.4767984609982165,0.6778023029513145,0.32685822751491095,0.07092426659840201,0.4753616452261264,0.4376951958622174,0.09050327014511039,0.4051036658608114,0.5168004657920003,0.3993342974426511,0.28691188965322106,0.2622376079511747,0.31839018146535436,0.3242768308788774,0.3858048294973744,0.4332257164268354,0.5559331947185354,0.4434033423419467,0.19464588091610197,0.8246917224838305,0.594452485704641,0.525757667045374,0.16570719668663128,0.2920503503434695,0.6803119401897036
0.4445785509385805,0.400275606883142,0.2532445013882472,0.37885995729880034,0.19228598510380687,0.1692404088333074,0.35728290076420494,0.13290592421229575,0.10821083238412925,0.177568980076469,0.3488460737034599,0.08204189527253025,0.16156160420869273,0.20595269563841087,0.30476303256927967,0.11935434412020594,0.4465663338088511,0.16763905037527568,0.21859631134344312,0.26215461462257056,0.2621247716132993,0.36215426843398185,0.6249372424972284,0.27860663924928875,0.04440754374804123,0.4047947815300806,0.23730043788907623,0.0965357795046708,0.40351553725389905,0.5801309673879912,0.3124974938832972,0.17794826007166945,0.12990827393573068,0.3485600309036837,0.20617904178335594,0.34901380873365007,0.2787625798121392,0.5052923502951765,0.2557486535644794,0.16139209295550866,0.6818971039743769,0.472352850481099,0.3832637609148984,0.15510622614395275,0.24532700724841777,0.35829574195079006
0.34312302805403094,0.27559689257018943,0.2175035557893144,0.255724329002869,0.19473137353459385,0.16799856939274624,0.22114642157517278,0.06229781610207327,0.11353637046950134,0.06646485600813906,0.2438941853055557,0.11725846937203066,0.12793361962998823,0.2138693643008443,0.1385857926901214,0.163251455092004,0.2652625817577646,0.18264472645906327,0.08777310636293348,0.13977576807400405,0.31183289770747685,0.31495071447650363,0.4421568645321494,0.19109004443390198,0.04183612846340167,0.25491110621607665,0.14602999272805287,0.0634771909766455,0.28056662904502894,0.4576486329534556,0.2905816409134419,0.1102436857487211,0.0915462715491313,0.2118677610059532,0.21862303575970393,0.27659106232458675,0.23528070588374378,0.4773406472353206,0.19025020844885662,0.08007912332322821,0.4976018145411896,0.3057334954604166,0.21337233170146094,0.12168274728468068,0.14853996369066033,0.32349781018892165
0.2191069458693034,0.14741795940257943,0.14871441915833591,0.14671239010918327,0.13001998058850808,0.16465439950776362,0.1739559360724961,0.05739661359836394,0.06853784408410257,0.06486961670855093,0.21020145682544325,0.09881916499272332,0.0603178493517456,0.1792999288545542,0.13596341431185185,0.11254554902037893,0.19545917784283237,0.11837830518539158,0.08343655026404259,0.14268753365675896,0.29052253297458414,0.21000281542550742,0.3179803985696116,0.15327233106299448,0.04230651161281667,0.2558532534449443,0.0862451215636772,0.0633942734951361,0.22200970714939602,0.35799715132988563,0.1833935111784309,0.11091792488998277,0.11638507841388389,0.13996880650986973,0.14164449812835234,0.1772974493345948,0.19229535589246993,0.37971580337548855,0.13947893920798154,0.06842287263054934,0.3752485850385576,0.28293668879068623,0.1613256760810736,0.08658541064683847,0.1112476318350849,0.2367634249496772
0.17117417655189074,0.13269606102131393,0.11258885662123963,0.1746292641009823,0.1165988427471762,0.08307515906536547,0.1357149071728121,0.07646243049318094,0.0485491013136054,0.05347306453179959,0.22337049000024417,0.062418514703065905,0.049177042145589676,0.13822468430049786,0.15502755105235838,0.045134447265008884,0.1389421130874033,0.08718082232431085,0.16407199925141025,0.10939579659908327,0.25453373819146263,0.18351553605959536,0.17120469027562824,0.08533710599587535,0.02112014809488507,0.2006862447830751,0.08533513935352877,0.050997893224169165,0.14652818022345485,0.31659015135538704,0.17780480642905777,0.05611067405735236,0.04210350026486927,0.08703901804680128,0.11559007494620858,0.15769932740947168,0.13912098586478203,0.2495823641133457,0.09670368638291338,0.04086009947245628,0.3719272554053546,0.2018630796817562,0.1927803756539475,0.059275510481313874,0.0669037684438217,0.1360309347742242
0.181224343425267,0.14245587571916796,0.09561415562170987,0.1600700260482082,0.1298988666060654,0.045468301979945135,0.13616862727591283,0.01267282392736297,0.03947756172490885,0.07818054484205948,0.22401337201429117,0.0702372535664434,0.045978336777317,0.1618043320704316,0.0811297856536595,0.05059940052198367,0.11048225701059378,0.15813958653427604,0.0637746902899613,0.05286251167292063,0.27060938540403817,0.17722964903997454,0.18667192820814874,0.12044039728883649,0.028490079169041012,0.10027239330420255,0.020570749352702193,0.034769543294227996,0.1166169579565981,0.2570166914909202,0.16340378313624576,0.01800864415922958,0.012254182185123495,0.07732217433699737,0.11924968102763699,0.20610605357879597,0.09516510188532762,0.2753997075246706,0.1746467730663554,0.038420460011640206,0.38566399236037685,0.2597943862732624,0.22554725043479706,0.06391496564835172,0.1316559395848413,0.23097884299418595
0.16888287181581035,0.13381985421417814,0.07830185716968498,0.09978917953854315,0.0924414737870127,0.05408611427590133,0.17334130968033754,0.00958941608090929,0.05733887891763054,0.0608903862195662,0.15129109139861682,0.03232917885627231,0.046554229814772786,0.11451858001401041,0.087731978733636,0.08224165329898993,0.10749398327864332,0.12066414802055309,0.03560066920222426,0.07245299055055265,0.09551728778954446,0.1556946993455189,0.14807476616562817,0.0863380029367761,0.007610606129851066,0.118291979220666,0.03604260391539622,0.06895515884754283,0.11723300678992299,0.23636902702200882,0.16292763140206545,0.029827551709964217,0.030285077868606056,0.11525135242796267,0.11774959537608894,0.1338543676247787,0.13158586708741024,0.21122863353139415,0.14200510746083142,0.01878056441664303,0.23525069274313776,0.2417830164887803,0.26633886868955176,0.03778920510286971,0.045884735383093914,0.24794934151465373
0.27931271003364955,0.19981860629809828,0.14757313610801778,0.09151497882918545,0.14664250654798391,0.09065338548592661,0.18406930236712055,0.03697224796273914,0.04356733825193965,0.06344831430182177,0.09717759551789358,0.13009457899686455,0.06269876661158265,0.14585329525734209,0.17691881999990344,0.11570523384327235,0.11762554823575586,0.06895921461210966,0.057645027536185035,0.0925172722676395,0.2037865188651221,0.26960254048085114,0.17090747465671924,0.12215516701160936,0.014009680999438535,0.1435635268657506,0.11914550920516664,0.043263574916190005,0.15947564614274537,0.17123778421734004,0.14697296079909145,0.06612709055036115,0.06139395147069737,0.10772535875740669,0.09319939914080416,0.03826147045111723,0.11242346493229069,0.11916378573060091,0.27494668403547295,0.01644662776212674,0.24835816763825647,0.2973430289494632,0.15723446842787875,0.1364326004799002,0.10016516874741302,0.24463815656804824
0.2841335619756466,0.37019109346761087,0.23463290231133738,0.10970484426967368,0.17022218434198916,0.1895128217828728,0.32791254306830725,0.11620639314219322,0.1055890504552942,0.09694672699069465,0.13399610959773245,0.13663671261806573,0.22147757644254215,0.20733475556200598,0.2166184523718046,0.18409836814285208,0.18952988944675447,0.23619686024293096,0.061211366183910355,0.09977393336560056,0.2642097322300549,0.26875105601571836,0.41787282608869186,0.1622966590036325,0.09251033179110657,0.23958682512597307,0.3318111512220548,0.11437055795865778,0.25542804172069544,0.31465170769544437,0.24053165703099788,0.08067763377279866,0.12364201765100373,0.16793117195059626,0.21262185141808032,0.15116974809905204,0.14325161412254908,0.2264487937326731,0.255307759287929,0.04121464859094866,0.33919957974683407,0.28977999092440215,0.21821756144020818,0.22988636969363502,0.15459778349787232,0.4195827583373466
0.35591812243609655,0.47336833574497345,0.3668104054995673,0.20709428327172366,0.2579562948120689,0.43400417937205554,0.37569427218395346,0.21465263493457784,0.15149599757275106,0.1293373403961131,0.30593189386705877,0.11912131408946983,0.23323771969182275,0.2665931734263446,0.3334493689166716,0.27880941140706067,0.3213208941116971,0.26427375835335803,0.1756969699593603,0.08401190896185146,0.12686010636969186,0.20535121815972776,0.5876987753514307,0.3179848267313156,0.06198597560849355,0.36680657207559075,0.31444221224080116,0.1669422062257696,0.3141034657489185,0.39650396128092313,0.2621189883163583,0.19403839432826833,0.38964757235338215,0.20750450003595797,0.3585769569273665,0.23045901098813856,0.23104803020492298,0.2603517746547148,0.3591903027979139,0.10930060694921477,0.42677197042399,0.25787314426174823,0.24712634158943989,0.32827384747930966,0.21635018217016333,0.4132726489186037
0.4065450471126061,0.5172611559603411,0.4485401143842874,0.2567125015620945,0.2330510754482618,0.5261539497811237,0.40116939881731206,0.2591053732768047,0.2161241983757268,0.23517899764042205,0.34773639188872596,0.1378142479186321,0.34937452584306655,0.3171571562885815,0.48580518733157185,0.3369852834891733,0.4122282785603331,0.20463246967925008,0.17166447322812403,0.17380265134659717,0.21248939278596213,0.3530759983890697,0.683961482310117,0.40732715743729075,0.0669304692317296,0.4859142731049969,0.5351464488433662,0.23497490213677494,0.4386670385328973,0.4110249752649463,0.3351848787750276,0.193118139082063,0.5648426605942061,0.5275527336156555,0.4327883390756855,0.2728101646004707,0.27222735430521866,0.4331535019152125,0.36414058563462226,0.31802023639645105,0.5400992360765665,0.3256546715368274,0.3561035062085156,0.36224955951923865,0.21181413707703733,0.6922946882367689
0.46278377884788063,0.6403462794949613,0.3287266366818775,0.38608437333776857,0.2696908334452403,0.6847916314805214,0.451064408893247,0.24144192591656763,0.23821629611723996,0.2473955974999209,0.44152322400806165,0.24342399754712135,0.3973627524765721,0.3672682307103341,0.4580289368150694,0.3932124887629947,0.45838331342233724,0.3400559622179462,0.2609806995405703,0.2971582162375237,0.20703115188607096,0.333958792630561,0.8765485149247711,0.5505168920180343,0.10122685378378529,0.6302492570586666,0.7460295716240365,0.2634161725130271,0.495160892664579,0.4531355219868094,0.338401768687894,0.2720456882107098,0.6888860632073245,0.5075095405661827,0.5593396422720358,0.3455784719738665,0.3927940633487085,0.4821068226341741,0.5128380284647454,0.37977201339638716,0.5279249733532073,0.4571430961556735,0.5063421863440063,0.42084964619941906,0.3500205742957075,0.6582608064978261
0.5115823807229458,0.579993000351635,0.3860655581097618,0.35937341939126677,0.23468126397604805,0.5568171560928834,0.47591113794880224,0.3462508432160233,0.29208014808529986,0.2758465197340508,0.42748891600640915,0.16128837597444684,0.41782643861286095,0.3744642081192974,0.475579885195364,0.31742892297679853,0.3632062078077348,0.4576562282374795,0.41045711681062064,0.3554610134840139,0.4076681733078061,0.3777732226980406,0.7638906181069782,0.5026440318795012,0.20111148198268633,0.5878406880389446,0.7415997164013732,0.17384727233795716,0.5550769286340758,0.47099519179358307,0.48207033331730953,0.3034265550103864,0.6446031643654899,0.4340863588036178,0.6637095771063187,0.3756643622312492,0.39912877506207245,0.474752897080609,0.5285801905374172,0.25724305784607937,0.5551140836585998,0.4422040587459845,0.5606185809446134,0.44806004763300716,0.3285755289223042,0.4887766508866509
0.5669731687300269,0.520893746631639,0.39877979057742674,0.37093849827910624,0.2557722497397705,0.5259997199076959,0.4464270016375411,0.29035713698922605,0.25096747702850414,0.24841198024899475,0.46399158336680524,0.3702855616690767,0.5062551815399662,0.33112811682993876,0.4192507432815271,0.3751136535384682,0.5396931406410178,0.59904563692741,0.491398500193424,0.23841765801636863,0.3799635328556273,0.45563541236537936,0.814923386894117,0.545688237301561,0.12371026099444105,0.5900586164671475,0.9652338365875219,0.19982312763404486,0.6832252787986908,0.5154020012848499,0.7171321819095001,0.30891478366189445,0.43882923580548094,0.3412205208398895,0.55245250337591,0.39643982622995955,0.5075316472000685,0.6635443980769239,0.47750271866827987,0.22437132733782075,0.636077289459031,0.6270300782204316,0.63525238387928,0.4602469692585855,0.37129024419638507,0.38327037512450013
0.5366952946332099,0.5690143302881223,0.4037566434354037,0.4510141826285292,0.22963440234580884,0.5397631971584944,0.5061851394942076,0.2780856429205286,0.3402079019767275,0.2552063513544952,0.4172563956190128,0.3416501392488707,0.5530103067639404,0.4204875861602335,0.46628050931153,0.42316420753317496,0.6011511588832391,0.590947359590078,0.23531101736267687,0.4118644144751477,0.5191557195651892,0.599947300286308,0.8886880975915386,0.6204895735576287,0.11771152507889712,0.6241594248282827,0.7893091127882358,0.26406842765573135,0.7063546279467523,0.6005107913218786,0.8184357862322671,0.40689153160677605,0.6142079889288594,0.5434217563903831,0.5582410144957747,0.3674331713387107,0.4674954027748992,0.621020726500116,0.5279532858576979,0.2611376366039892,0.6276666164548198,0.5765690986577702,0.5496060790450548,0.5363555206072554,0.3737492779296317,0.36888034577692286
0.5208180299927929,0.6001384661243456,0.41886591486099994,0.4302220369711575,0.2509712906504603,0.6252015181950529,0.6325404107900626,0.3005703361788943,0.3724271021353483,0.24399204357473397,0.4162696947157163,0.39327131502146623,0.7114812576278846,0.39815918166557823,0.6628427668707586,0.40667268067175016,0.7523155805427976,0.5047234050392178,0.2601198286039808,0.3903876990593575,0.4542628519923366,0.5433483317506057,0.8431927641052941,0.6441668489161262,0.09036328887087339,0.6691736608576655,0.6432532509429336,0.21144993620318,0.6332042593907657,0.5749694100479343,0.6395602410834368,0.48662573010715376,0.5643304640043385,0.4696135009540676,0.5390479260472246,0.43558317380809064,0.5481834923290231,0.5461176829679353,0.39916089883407285,0.2700114316321181,0.6528870812095127,0.6224373100444296,0.4841198244403752,0.5143690518334465,0.5339713431553582,0.4992271284625971
0.5037036378210388,0.6523134522373357,0.43660190330210097,0.46178419145124355,0.2647303958900903,0.5502835401027253,0.5892430057170003,0.3766268303026562,0.3881067395345089,0.2854174336712046,0.4430127427441067,0.5016375827314179,0.6961006948418734,0.3626365116689219,0.4633096642822606,0.5267918244261032,0.8586918856791325,0.6570784362444486,0.4045494925140898,0.3114865430684917,0.4647698580426866,0.6111697830702654,0.8283948247454898,0.6801830001650389,0.11011521097891633,0.5812610421254403,0.5770927418321937,0.18962303633450392,0.6285840521542699,0.6345489880145889,0.6802266386300302,0.43646191887574143,0.6057431574668966,0.40116107479948415,0.5227048054878417,0.4679572953755248,0.39470319041449065,0.5227096672594176,0.5127295695971769,0.23390837828874597,0.7530686889124023,0.7042620844400588,0.5165007437088621,0.5474976165399814,0.3728699694767133,0.5321853567441489
0.6135935652171043,0.6461680455412673,0.4384485832804889,0.4792829662586036,0.311006726764591,0.5811593170280898,0.5310348127108951,0.34057305152766404,0.2881014404407874,0.27530455334966464,0.45724192497846117,0.40613302239249666,0.9967636032899763,0.439022269757157,0.5816361174423077,0.5237201692355223,0.5895803827572779,0.7083804724731939,0.41163777218143455,0.5207471478411563,0.408546414231607,0.5619737909463994,0.7624208621037578,0.654894548526413,0.16114908686522583,0.5831261104397527,0.5398124179907945,0.1914855506355991,0.700369657439666,0.6565655646628704,0.6806611185642417,0.4020462534781157,0.3936815526333785,0.28163529279850863,0.5535151561674696,0.49661374702641425,0.4800903123772565,0.49268796323463854,0.6410580754413607,0.21061860499127777,0.7196598208506698,0.5219140195170598,0.5664436284015383,0.5030630613618273,0.4073956428931074,0.5601190370537051
0.5347983437031517,0.6193188733362541,0.43021758214877426,0.4714825323264394,0.32195693435910083,0.3819860858982141,0.5611817081981352,0.35107171938509285,0.21791902261463292,0.23441149377266302,0.3968434416427974,0.4134578314922403,0.9114763626814404,0.41503320837051677,0.45280814764512944,0.402940777999815,0.568403083229804,0.6009114034719574,0.5347677753091877,0.5045235602876625,0.6551961404376174,0.6177743152679896,0.7778393093997584,0.5435874588811275,0.11109543284697687,0.4952604586958755,0.4650858511216771,0.14063477198940738,0.6136032371397452,0.4949262207580756,0.48970213784682715,0.3318045195800986,0.29751380129888316,0.31276978392627386,0.474750951313883,0.49520308191024,0.5513106818014379,0.48204001656215295,0.6603426624536156,0.1479684788178281,0.7029799667591351,0.48874726562148474,0.6460722541068514,0.371650058007225,0.23542271683572502,0.5724365201680934
0.5329733638884386,0.7265692183412842,0.45507376164786245,0.5833476671330918,0.36632235267170243,0.32617559777821076,0.5486967153166211,0.37201243123839156,0.18851732980884847,0.11782616128958626,0.4078374301439281,0.4916557616356957,0.6923190532963693,0.47160244396024353,0.48294307742904297,0.38927099661029685,0.4917919953384552,0.4719175544036854,0.6003410040693671,0.3702282155486592,0.9581872665636131,0.6884210028300587,0.7457024528421725,0.4509938191070046,0.06322891402585692,0.4921104167121401,0.45309902891456233,0.16791398246361652,0.7123947799386843,0.4880343485596047,0.3145292783706954,0.3324095144693508,0.284462779915646,0.26097015237229937,0.4754287878061859,0.6328925549292411,0.6517779858009265,0.5592954179244036,0.8419717387674376,0.19481550653038288,0.808934153158691,0.4625594627790549,0.6984874871045478,0.37251666761510116,0.39492943033752925,0.6156383133539428
0.657770019755836,0.6899129536960553,0.4724244467751161,0.4347109150677694,0.4020409058759786,0.38327740646792763,0.50562343807541,0.3632814857536282,0.3565096155386418,0.15526943953948466,0.4882807100799396,0.2965150050448388,0.7486743002433851,0.5190326050925382,0.5298685360632884,0.4380199380741848,0.6902480241164408,0.5209134117714354,0.6493112176940626,0.3752997266764155,0.8696714541639564,0.6839213698630108,0.7340254991982216,0.5344257610225792,0.18716033590208225,0.5989867874713728,0.4212886946448889,0.18845611231790846,0.6548418456192091,0.568399315788887,0.4744809280687441,0.41025287399638843,0.3308865276764711,0.27648605110189095,0.42775984552443863,0.5098251977066373,0.6153358540950047,0.5342407944162696,0.5501590060027629,0.1889417697677591,0.769295155573102,0.5339554803243289,0.7140830100316738,0.43708905635265394,0.381225162353392,0.7638198685159836
0.6807664983438059,0.7003464361738818,0.45500859316031866,0.4209525174382999,0.43344132289449294,0.3842093809123666,0.6196198634927954,0.2769682412878818,0.2807106020640313,0.20237781734022325,0.37844063797689,0.333682448202017,0.4801893810247222,0.43129763310326447,0.41363401579871706,0.31419923800956245,0.7644630099054495,0.468530018364353,0.5059423312964844,0.4751590694647101,0.38510222036662173,0.5179032116039908,0.7442837515820191,0.49253068665958205,0.06256899604234892,0.6243810557763787,0.4126068944125336,0.21733075478915975,0.5106469762831726,0.6377580738867635,0.5567873071557492,0.28143492382923535,0.3615286798231787,0.4044367118838629,0.46975347686614527,0.4493391713593279,0.4997454792914876,0.5071253049577877,0.6535605632651109,0.16970952138276119,0.7732451096712292,0.6528878211420103,0.5590807642937081,0.33032973676470967,0.408521146293627,0.6040963767301063
0.5992521339010131,0.5816507270112795,0.5012855490581272,0.39122144933470165,0.42199967286210316,0.3019757479391737,0.4801631505877817,0.18218679684021466,0.1437727621201293,0.17549166286340925,0.28166465047834355,0.2595505578959116,0.31571083085700535,0.3566675853496268,0.3851060533364546,0.3395408923828791,0.6726996684511906,0.3990618252747486,0.38860210602646683,0.5594617251993326,0.32408184009883645,0.40778000949037013,0.7921510736450244,0.6215754782906123,0.09631528093098665,0.7166103769793954,0.36440549856502924,0.23299957139852404,0.4829135131096749,0.6916398817161442,0.5430665743894312,0.32652094219440464,0.24822339677730554,0.4059338931572405,0.40471255579701226,0.3862484157371646,0.6231439525182687,0.43271911302779187,0.5867227831951458,0.2194881374907307,0.9581485322191527,0.8344708572863818,0.5747102034397793,0.2867800663716832,0.37905615807120463,0.693489515736988
0.6601003369439278,0.5083838935214122,0.4087977337904153,0.4087989508544141,0.43042651400268045,0.19268074250834996,0.42197599479771714,0.19156345797201038,0.1286622768042631,0.1614488839000145,0.3141529278946231,0.19262478352568677,0.24930999058948747,0.4362196551077851,0.4435899262312508,0.28462443446270164,0.8740617927012342,0.3677644988154952,0.4702864510820334,0.4697781982613487,0.2862385514680949,0.3776457808548264,0.7230856164106754,0.6080020067889744,0.06734429020374003,0.7088198810909603,0.475470268799871,0.08919778453976368,0.4113100167597404,0.666859779839482,0.5428648754273322,0.430387110913771,0.22960948500046502,0.3169137457197426,0.3972439607819031,0.40081932571290635,0.48936220178016887,0.4225236292393392,0.6037516634257665,0.1863915186333368,0.837662916431674,0.7984323851409266,0.5879160773462344,0.25870759679623956,0.43355785820915277,0.6248460209335993
0.5231432545966969,0.5198824720205076,0.383118598797758,0.3863851714029562,0.2704889384185818,0.13844511773554039,0.4124070621153725,0.20654372552932887,0.14118058351713555,0.11150025115431075,0.2232739597089695,0.2370892148673437,0.21127777637156722,0.29251258309919603,0.3540832329129673,0.21886741710440483,0.5363812217638375,0.17266382011748962,0.36570910229009684,0.37307755555037275,0.27695206074738504,0.36733574831339294,0.7073288473879562,0.3076696525392552,0.05472930324679464,0.5827402391536292,0.3531592763042484,0.08779095368165554,0.40056191739264574,0.6429420382510299,0.412567833786892,0.24611766652532757,0.1827727364116295,0.3426101605881945,0.2696716687551783,0.36155867086881033,0.4246815493923525,0.43805872884832037,0.43833560063716653,0.15983003226057965,0.7641601196886264,0.736220536155194,0.5753166103088215,0.21338628807151944,0.26961935927627195,0.2914672467829843
0.4408110588378118,0.5511895673911166,0.1887229697912532,0.41382844915219763,0.292106959424737,0.12255217037930882,0.30046342753598365,0.2582799502781957,0.09076209851318576,0.07891144281917531,0.19414656285564855,0.12854120240944475,0.1768646505644438,0.19519738692097038,0.21786237175431428,0.16353742342612415,0.6668380452969516,0.23153184652495395,0.3960519124437302,0.10021892466195953,0.17523364906,0.3458109765000057,0.5959093263068393,0.17980650304604415,0.034087822000464264,0.4748174829402517,0.16971444303647845,0.04839230315167795,0.25512438124855946,0.4795601958003557,0.3903247274718955,0.1884282317438934,0.10309480875112591,0.3571494406332262,0.22960830064287496,0.31932544185234557,0.34818649706997,0.45992466604654225,0.35023291932171496,0.12027353201187023,0.6740187079316179,0.5219038579926155,0.3715245223504956,0.1609951808139928,0.35938003043537764,0.3857822054490243
0.2876564519434344,0.2829648680144661,0.18318194089826811,0.3313781274941427,0.23010275859534252,0.11154120305162002,0.2932103383667561,0.1026121247996033,0.07072134703005925,0.0928608843530512,0.3034177654559252,0.07354249329922719,0.08698052440525327,0.1838030701024685,0.10275165829327881,0.1933357144371065,0.382061389334752,0.22400051861718923,0.4080117791732517,0.11642539615464542,0.16087981537832619,0.3352658075970425,0.352356844262989,0.0817176655869796,0.02484491026350131,0.35210580992050516,0.2621376937408046,0.08111769124788354,0.21333326969532002,0.4842012753049101,0.26286259332583006,0.13035699645444307,0.06124885253907976,0.25220374800559187,0.17276099982152365,0.24257974709830657,0.30509847368051085,0.47134226765977955,0.27620983516843883,0.07107805404734363,0.6536171330521712,0.4223705798535382,0.26142225456276147,0.20185464242032475,0.2749266179465142,0.3416288792730714
0.18009513019416779,0.18029788567433683,0.16062544289157754,0.22566311695470642,0.19849125089419453,0.11785084627435813,0.20821197776140507,0.05934547355642897,0.05788681083896091,0.07042572217866724,0.17875842799765734,0.05514449681806288,0.05582606133966908,0.0835959803667485,0.16756135412007583,0.13885482273827388,0.1727908998202003,0.1508220831392914,0.18286661971865464,0.3139835356973985,0.030796605818779743,0.27866860319736736,0.21774198277772733,0.04926426688209764,0.022961809211024614,0.22293190375453645,0.14406947968344475,0.04718051035477822,0.15776520256962462,0.24218352252228773,0.13867037810001248,0.08973319274436774,0.029646195235102354,0.14803726879517903,0.15519878589063907,0.19720574985557052,0.3326509217928629,0.31076585256937683,0.1926681666038046,0.05966385416048996,0.5001690620868137,0.35600554935315165,0.2954163718284639,0.08310549810838633,0.04356355193951489,0.24815163893300438
0.20342256868653188,0.19748695716015716,0.12965229756132118,0.17720249073423652,0.07662312961873662,0.10489580933638434,0.16837879812350828,0.007785449700590495,0.050457611097078844,0.047274158387757295,0.06691977923033889,0.049807838709596486,0.04146263230327074,0.11478369699174606,0.06440948606250516,0.06269603499944619,0.12611824033799826,0.061793952147681575,0.1210875215578199,0.2721694012620879,0.12806410298175397,0.19475489532081702,0.13250734751807325,0.08534994484695724,0.03734286966600899,0.21588758570871683,0.09286222555273271,0.04775023068890135,0.19521084818477671,0.23030289821147434,0.09676756943677702,0.06147242280616105,0.02311149012208353,0.03422065815281189,0.10541788765534572,0.13952034522378087,0.1408705226507836,0.2608746435360272,0.1126237629925261,0.037174777513026974,0.4724974203284728,0.1946967058048606,0.18319162158339564,0.0688175922576102,0.04967401276607186,0.1452024334531867
0.1911118278984783,0.12525618972147376,0.1593546601644493,0.16066737053303143,0.10601352128812407,0.04521412955998181,0.18000171069574059,0.016639119633892176,0.048311763772792574,0.06673618508687108,0.05558197123972876,0.06561552026778264,0.026928811791013182,0.09278124935086887,0.09714280144867626,0.08737938217699588,0.1399221887834827,0.09666394026983541,0.05571186504864665,0.25538935889599257,0.11427552019083291,0.1302974940933397,0.18223674330193765,0.12589441588862463,0.035343259730052236,0.1808238837408094,0.11633726713650311,0.026020459070191737,0.1040625922414723,0.15300393488516084,0.09065888394382816,0.0990996734927526,0.027053585744004356,0.05588985273706053,0.127437551550189,0.11882421435425988,0.15028386454646805,0.23677267596590226,0.12316930147277866,0.016194946033796797,0.3048533614690133,0.21129647503618482,0.12348125115699876,0.049022261596341286,0.23028014260595242,0.12503399788790653
0.20060539542267591,0.1588115818774821,0.12997571850940265,0.13343377613138513,0.130005993104457,0.06485938639425715,0.19037397554799795,0.017109458622261237,0.05058696221560381,0.09787493961999706,0.057218227961752355,0.04589471240452611,0.05059321091723655,0.10932263380075236,0.12449787542909674,0.03871004892861531,0.15520067021529965,0.12077860516984201,0.10940924503257266,0.0864708406249084,0.018749830677427873,0.12746393524355173,0.19092599689618592,0.12334868511164618,0.02913788096104799,0.13098352402411384,0.08477978576091466,0.026460752462173498,0.11367301702171331,0.07766474049813518,0.07789350849655864,0.07597701839210168,0.07526948714915875,0.04301479588057322,0.16023940356411825,0.055446407043698104,0.1391155677498233,0.28451987885565744,0.07673784737964146,0.03884528299174113,0.27920093772482424,0.19643974375158757,0.19286421996699227,0.06717230885801731,0.2074937260473354,0.20159844535029944
0.2073458009455232,0.07282054951286518,0.1906139968707207,0.16170339227642766,0.14226702417718035,0.12619356094645243,0.185215404079359,0.012973150069623296,0.05524318164872333,0.10633123442558742,0.061815111670478914,0.055988942436453595,0.08708482437734774,0.14484958686404534,0.09563412321508913,0.08916028224561584,0.09920033385745713,0.14145794887359292,0.11515849728420358,0.08541097372309792,0.03078001115669362,0.09240269028917687,0.2894257954783933,0.07485068918834153,0.043487774203826345,0.1634681697713658,0.07749060322239595,0.04703006305593494,0.10133148778248212,0.06389351652802215,0.08732426433746392,0.07567426525858334,0.09347454327218706,0.08328764161150579,0.1360901405589109,0.10775921779697809,0.11257074605143522,0.2643913696238169,0.10013197592542908,0.020814189766577267,0.3043145993330652,0.16556807866418632,0.14474688269320393,0.11433664341718988,0.15373720404214483,0.30284088897715644
0.3441961891992235,0.2239777934822205,0.24887658194277446,0.21883898336178648,0.1466265981498178,0.26631879702189254,0.2826191902055789,0.14432807430527633,0.1267681581722668,0.07525144408507209,0.11656881260351941,0.23108473804719898,0.1607280431004249,0.24817215493414244,0.16001246051808588,0.16020665243976007,0.18670986716172563,0.20135420247786584,0.10697675473056087,0.1559546738110985,0.14203448868241397,0.24308876574538313,0.5314664319565394,0.23249881098195976,0.10362192672497977,0.30924240071105785,0.1945035251174158,0.13519907310525633,0.17264124600394637,0.20649068258076472,0.17317256313172974,0.13312259313013397,0.18216559015931416,0.16676054602662305,0.27051986001860556,0.18115443189185154,0.14531496166289215,0.3236692687618014,0.2930801441738951,0.08406012354553744,0.46464543555640686,0.250522611168831,0.26181710337724073,0.21160775350349037,0.20887398829370682,0.16727076980676658
0.43161591761586815,0.33650592825329545,0.4283571696162966,0.2928386141878215,0.2568635732028934,0.45287872715420635,0.40569579903054015,0.3589757009556874,0.22032216694080187,0.24993694259512467,0.31388817274086117,0.20892747022469693,0.26681017020640646,0.34479691628249404,0.34225926967743564,0.32038488294349476,0.30834483761006215,0.2511413819938194,0.17774804977957306,0.31485209395292063,0.4004913334786913,0.29680057541247507,0.7548447135622796,0.44256337586255257,0.21808222586353004,0.44919236298058984,0.36293840549804346,0.21996988249409333,0.3249314608560754,0.3046648801799736,0.4226932750014425,0.25129456033250047,0.44000242757370556,0.46167868245196486,0.45679404245668254,0.25762424289973906,0.2262097432237858,0.3851762713604613,0.47954809227938,0.15035542317619227,0.5399846126641186,0.3968448262767513,0.3756353424672451,0.3798042041527602,0.6692013926688605,0.44879379543713827
0.44811751980143794,0.4699150676721103,0.3523398620539174,0.3967712804660963,0.26387247629769134,0.5804739864047976,0.4605956840253679,0.4455332654766069,0.29693645533121293,0.27388210378331995,0.4595026187352198,0.2514442186710623,0.37736247746462775,0.37288311573891053,0.37130774817296436,0.3779281471370452,0.24903241859345582,0.28159570566923114,0.31390811581843464,0.20114047372316787,0.31086465641330535,0.3745379574209642,0.8072699719983203,0.40049361372958214,0.1783826400599233,0.6057273140388366,0.6066990954747923,0.34912342726419254,0.46473039726155146,0.4182932455594599,0.4200499000572477,0.32652191575326267,0.7456955796484281,0.6165928001205857,0.5068551877558717,0.33356539694610643,0.34412186091577157,0.38496689682858104,0.4392953495076118,0.24895520612967062,0.6665903813897603,0.5461109778839339,0.3821686582799176,0.4118244156753773,0.7807376540813781,0.43882167606546973
0.47696244250350067,0.5247118354352877,0.3591485248832265,0.33860444333435735,0.26470497460387366,0.7148243943063012,0.3793194475791501,0.5501975468097694,0.29226700942330935,0.3441785628600657,0.4445495547029796,0.26989463223018473,0.4090218491396272,0.4506342245226763,0.55671730849475,0.3281344212537952,0.40492920837593765,0.23420110666656008,0.4045745387297598,0.292968312749944,0.41638169477106923,0.32256069592773573,1.0,0.5936952234885297,0.9081983991545932,0.6536277494715887,0.5984678797149001,0.3072198265905247,0.49856656692554296,0.3990841550454024,0.39864373049614643,0.3900471297184503,0.9135956570440866,0.7082178974193455,0.5169819763314949,0.3243436742932434,0.3470676212139237,0.49300424108344737,0.46614752366018497,0.19615105364629762,0.6719372410015652,0.3928369525117372,0.39097121397765505,0.47298426565396096,0.6215792024758306,0.4186339680504009
0.4761408741888621,0.5596106063204476,0.4576096202431964,0.41706317430918227,0.2514646097124778,0.5243478964835219,0.4942351696887832,0.27931182271753496,0.2837482888794803,0.31124539790696387,0.4361986086662689,0.3559157295805225,0.48201068137426767,0.465393225326424,0.4812876722600853,0.3068089052243109,0.32457568324404357,0.2766434582953974,0.3770009520060803,0.32297764268528256,0.44357765930530657,0.3519775087416918,0.8058707661309412,0.5738249120002019,0.29101195162635024,0.698803641698764,0.657618810657684,0.22766168792588778,0.5280178205018997,0.5074632587745646,0.5333558631234929,0.31795662698650445,0.7035670696201872,0.5088656646757247,0.5212794845108695,0.3620221487079023,0.427208432506628,0.5016882632629331,0.4389680755083987,0.20627959840787416,0.6063863822721219,0.4060079096180269,0.4145783658359969,0.5007261382037508,0.4759259644557024,0.5746898979738616
0.49683725484259333,0.5262794783777788,0.4160627778414503,0.43540967282521376,0.25346694487929233,0.4431561978662305,0.4795797038755262,0.2490950951761232,0.28559242568514664,0.23692233650084882,0.5237759508020021,0.422458330774424,0.49472518342720917,0.3758048368416446,0.4712713007212065,0.3460412512202102,0.5190872888485747,0.5117462955534997,0.3672016544514091,0.4326095464957377,0.41655666704820676,0.4343428925720393,0.7885901646489923,0.6705112637132613,0.10550584924530121,0.7206433770777856,0.7763631533288147,0.23269312598280242,0.6032408867013752,0.6345189542257071,0.47952815086206235,0.3997812503535282,0.4721850030226287,0.34842340468351896,0.5241330640063077,0.35545854156435275,0.5236160077325336,0.49080022037982046,0.4958125951358969,0.21236306853433645,0.6799427445051993,0.49981069480647,0.44871463970226555,0.4814537852046831,0.5585490364493015,0.46642198136401003
0.49185134632961014,0.4495820827630337,0.35294989998409665,0.4431863968749612,0.29416900169464427,0.6310570071717462,0.5484754490544751,0.35903368234150834,0.4009291926989607,0.3006251744464341,0.4650569776268187,0.36845264610823286,0.5830621297169124,0.3561154747551609,0.4846639528244542,0.35778353089315673,0.43822153310544504,0.31669597764154855,0.2891138350617283,0.5194884462250189,0.3942059593898346,0.41315309467691624,0.6820421585424754,0.6591162919307465,0.19380904123284598,0.728984820535808,0.770863781282634,0.26140930238872756,0.5685362975110092,0.6973367749993775,0.502588405864748,0.45821005252654606,0.5535232691979942,0.3724591809084068,0.4966448378094957,0.4074831133570027,0.4833382566896177,0.488437430095305,0.42858777509553325,0.3486897812983335,0.6333517208144354,0.43731457763915565,0.508173466789193,0.4729276095805465,0.61638907692813,0.5253204140121052
0.5049561868515268,0.5656544864298356,0.3343255558124129,0.38689056986288994,0.25537151936508146,0.6563872623660146,0.5358698271724714,0.29821740852369627,0.4047042182628766,0.2916859101870474,0.4929222543602512,0.46859888581459735,0.5148289116596059,0.37637435878289727,0.42684958184587396,0.4247064607739639,0.4357436849538539,0.24563172117383608,0.33577539136946094,0.9999999999999999,0.5876784203450711,0.5002117561409194,0.8222130710120705,0.6042713312982558,0.13576790035238773,0.7332028009813218,0.8540873028909057,0.23374823464972852,0.6696789795847564,0.4804567613347187,0.6222825283189317,0.49093818825545005,0.7246322285116354,0.3681503905655823,0.46882858216661827,0.42572555383145483,0.42633209554741985,0.5468065045908501,0.3585383755832239,0.2712398663959013,0.568798329284974,0.5703601157385796,0.420540639361514,0.47396439845535,0.4600693698771985,0.35139626067379925
0.411798719010967,0.5009919263838623,0.394804756858026,0.4213997668776016,0.18529747894927315,0.5859967110240906,0.4466592597070217,0.37394973299849366,0.38592999612053297,0.30450965798931934,0.42422860981653154,0.4360171319340868,0.5177319468154364,0.4616270658544685,0.4757033251465733,0.4063661096128872,0.4559427821012393,0.46093454084327873,0.30962434388326393,0.5636668053846018,0.42963738015295055,0.4352453551254951,0.7312040592918498,0.48362470397710183,0.15644241533118622,0.660554150826999,0.6813285878990474,0.16697005428472472,0.624261198280117,0.6330572988539936,0.4881850226918186,0.4687278947406649,0.4859363319144379,0.29721557009850275,0.48363815399050153,0.3830923706011543,0.47796829727025547,0.598887026335154,0.4324274127159894,0.29288721797942213,0.5121260543530224,0.4691035188485002,0.4351824681785039,0.47915174031916324,0.4221385035919593,0.3426788121225126
0.49739219673084534,0.7085316725190711,0.370507148200886,0.44528197299906247,0.25513350546423286,0.5556322364546611,0.47236120424987743,0.4277916460405288,0.3480733750450115,0.2649148017953168,0.47970449426665845,0.36786327644100053,0.5639811826499583,0.422761073819125,0.4635969676820124,0.5445402560528112,0.5272291329405954,0.48039403671574793,0.2971998238001205,0.49076246682730296,0.556648845803483,0.5355234723659036,0.7397035452534153,0.44153787631770874,0.176963976011464,0.6795954510895352,0.6368191702813996,0.2320191966263441,0.5569012661955377,0.6128506856265629,0.6247213106253208,0.3837762919312619,0.4015822768839062,0.3858820192409551,0.49949691298619375,0.4483815417886359,0.46618998710102505,0.5525792162247442,0.42427719066155856,0.2675473216748839,0.6816861482036202,0.5629601076189392,0.5702103504004066,0.5102746895968465,0.29616598118451165,0.3680261058301737
0.39483334981410806,0.7194650448485278,0.3756056295352089,0.47477857423356656,0.28788271717089775,0.43925465328332325,0.4238058260928184,0.3169899053465274,0.26619007470705836,0.22143375461131481,0.5646211844907862,0.35345704762117036,0.5493792888726753,0.37150586014127196,0.3272444578193538,0.38877343324429464,0.29928795034621364,0.3838073625570625,0.3750809616426216,0.44147306533204683,0.5396043912369474,0.6600996530973975,0.6465007651605774,0.50143959270085,0.10990070859760392,0.5745482556027712,0.449696886768838,0.1664371121084119,0.45567848128074356,0.6130673368337819,0.6017888745570031,0.40879516872848853,0.33324381297848393,0.440363058278489,0.4948747431091753,0.4500389587737609,0.4943721032675997,0.5394225418710629,0.5256107277477787,0.23800437958948797,0.6135762029026857,0.5489465267353639,0.5676910568898721,0.47526813989031497,0.31291713263429644,0.5248662942935096
0.4207295414936735,0.7623743640251018,0.3779915665713723,0.4995920149158479,0.3654171168982355,0.34361816125658223,0.44940339068816076,0.22880496093008487,0.23600640675126497,0.17680273302474878,0.5323624836281732,0.38624803959463916,0.5463512375473831,0.406236671893546,0.3644498917582562,0.26179333069888655,0.4213244053302155,0.4868269220434808,0.3406606756819518,0.3794474304147561,0.5746304234383871,0.7901195563829467,0.6767523036152576,0.5500285353888493,0.15889106076436504,0.6302781831784607,0.32021478653544333,0.19642568488355575,0.45677371702238345,0.44551723990378833,0.45806701152005547,0.330651448982261,0.3261013612592866,0.3173612740593439,0.4684863726788,0.47075992953018475,0.6049103611418536,0.46446840919695437,0.52278126689713,0.22761021529790731,0.6177870135596284,0.4947992394548062,0.6083404997371835,0.4599328078127933,0.39735164035575216,0.7299251819610656
0.5750181813299915,0.7298387894926326,0.3795333077773099,0.50586752319466,0.47061842898273154,0.43307649664871134,0.5362662759345066,0.25080423946112296,0.3572756096869005,0.17206242603473365,0.5095576144439135,0.376658537360263,0.578832254044758,0.39635401492002825,0.5176356817720172,0.4049738620208704,0.5482075373677305,0.40403023856571474,0.467121110241583,0.4745517830758117,0.5207125499985339,0.8072152868452883,0.5771328690380788,0.6179615210508909,0.2269558270058018,0.6405196670833972,0.33436501615016717,0.2253400846560086,0.7243844247527711,0.5907502244502546,0.47408441162475634,0.3777222600036693,0.284443283416939,0.40567446051359146,0.4541591298524723,0.6099445207749686,0.6315087047747937,0.483779287971477,0.5434272778256456,0.33760333098097417,0.7263534148223866,0.6698396538030248,0.6164185284877568,0.42362895248641114,0.44590605053899957,0.44918530745903706
0.6141188952262415,0.6725621321197192,0.43112186321391355,0.41941204120301506,0.45651762962453296,0.38333469012067706,0.5432476832777976,0.2529370340591275,0.24414290334315938,0.1868684035102204,0.41554460075950683,0.31479150110131804,0.4417096150552492,0.3731137001135546,0.5313738911725111,0.3255072256074055,0.4118286053423227,0.5048935340695659,0.34761739806262604,0.9148905653717312,0.40945659176051363,0.7841477225756599,0.6941123737417425,0.6199170505975817,0.1472094428874913,0.640159661432889,0.2811956047496688,0.23222123502309558,0.5707376091687142,0.5472272859945091,0.602007408199647,0.2920011107125667,0.27399821461202806,0.40344258767382957,0.3449835538097198,0.5213132283009548,0.556194594203724,0.5866657999360072,0.5420456194857673,0.4703164885279433,0.7178729562173467,0.6143996153203148,0.5063396109672356,0.32787446994803926,0.43367447673705184,0.5351041476264228
0.5738047103388417,0.6576178001255509,0.36153818215419103,0.4976076047200081,0.5490781378733731,0.29304068149598217,0.6090393187407711,0.31925495299382123,0.16579540968228895,0.18556747951619668,0.429213057304086,0.2303373059679717,0.35793203715977007,0.4179113906244842,0.4164257484468975,0.3989537724656902,0.577416689952286,0.46536836179098956,0.3872366811511357,0.6093629960658649,0.4152587226452001,0.527901774624848,0.6595382251736284,0.4641938896752566,0.14531746116406968,0.6456351389726751,0.3833701487982888,0.23132051801220446,0.49908047155366936,0.592938021939459,0.8020095196188418,0.37844669448007856,0.35949895880065863,0.24967072210358607,0.43611674814366924,0.4150576483740325,0.4295574756629348,0.4728758728663815,0.5565401502750817,0.22855460218354384,0.7711965517766587,0.819415845639006,0.485606361409798,0.3271523963761652,0.39615393541466504,0.370838023359948
0.5573073984620965,0.6603965249187098,0.3272697453290973,0.3942319486980152,0.3734812787438496,0.20317328267003715,0.5638943132957108,0.3289699348442371,0.13861919388533417,0.1489865945325429,0.36990050448201767,0.1563641573120136,0.25172963012825317,0.45532327491801977,0.39514052335354233,0.289826987196122,0.4687289062277148,0.5676141822237817,0.21616651533181688,0.6024316040090362,0.28405973553278385,0.4523545137484763,0.7033252958016147,0.4669089729725358,0.08066016156303693,0.6691841223709887,0.35624188794278194,0.1982111377323109,0.3658817775792841,0.47989653036025104,0.5530734429581002,0.3421489093243772,0.33884561447588596,0.2190433660603792,0.3508026602175391,0.4272429648125826,0.38268422932725765,0.4064370410836372,0.566837890972242,0.24758039125194772,0.8886926238033144,0.7221215984774267,0.5710207322157045,0.2661370951884675,0.3602426900470709,0.48174590442966503
0.4259188325306975,0.4796775581925909,0.28614561764122115,0.4192764924340456,0.3038455600322786,0.179709965482739,0.36789575460250784,0.18289832966866007,0.062023533240729484,0.09795445016886616,0.33214571531446485,0.16165465701695408,0.2326491835421331,0.3378302789484764,0.3051339830424385,0.24992037270541367,0.36175372908668957,0.20346895613894372,0.3028756513003403,0.4245571753893656,0.22210044742542723,0.4851770276301762,0.5452548074507946,0.36832158156727896,0.08585927463180684,0.37743996185915346,0.29477492456746535,0.15737913933445857,0.32229381704645566,0.47734464560368306,0.42330773183579723,0.2382989324940249,0.2587489061584232,0.3790877275847131,0.2712205705147148,0.37256104854583605,0.4022986381016694,0.4505285778088698,0.3909439511708689,0.2055025682149737,0.8384989661931386,0.6033277356234804,0.4828680867315777,0.20129564433578048,0.2908688582400563,0.38415325450956495
0.36756985482581933,0.3421699475015258,0.20834595176576584,0.37302808531100945,0.25903081906647435,0.050160743055869005,0.34601086441856105,0.09108850532630519,0.06189787807033685,0.10018388859763473,0.24626753308827495,0.1280529872057062,0.1724254180479869,0.268614160949712,0.17761648730942292,0.16001714404995043,0.29550757747619893,0.27139883876976295,0.32396773115305777,0.21099358546290822,0.1198055148386699,0.5735700266553557,0.34246666616893207,0.32187925236667,0.0784411059173997,0.2675349241187566,0.1525554784411589,0.07942186948541974,0.2994707277493571,0.5027852768488347,0.31756426843583646,0.176056631901314,0.12131418257036893,0.2502340052208578,0.15424140062924185,0.28890968684931373,0.4005784232132838,0.46930100937369273,0.3002758647040014,0.10086366817928594,0.7614051558066682,0.37816984957097327,0.3960122831663519,0.2017059167420131,0.11910895990330403,0.3375183485885469
0.26383117642353776,0.2448966406252505,0.17672509863975341,0.24446209989406106,0.1557974173691839,0.0862772869158355,0.2507212001766402,0.10213596240393047,0.030121541130552553,0.07867291278345659,0.21901098633068755,0.08991468135821543,0.09361218316415783,0.12304284292712342,0.24572106276771916,0.14235283614397026,0.5061969276746776,0.149668098832622,0.15744855524049814,0.2296251760240118,0.19428109600163895,0.3908646033876818,0.2696707602990777,0.17282177833598406,0.023490241965437218,0.24655386690279257,0.08293782571370367,0.10559230527801883,0.2403127059026502,0.37471665065074855,0.27971705039735706,0.1112390034579835,0.07277432952228755,0.22648575954850916,0.12370092095514738,0.20460357939312437,0.2991295657583994,0.3515792381826771,0.25981077493633753,0.0844447268710345,0.5821615559549611,0.36657503458125645,0.29919894977393885,0.13219528941976424,0.18874157574054418,0.32131605586931555
0.2311839748674162,0.13077722410859666,0.14254196774342942,0.22890007899449447,0.1598688324789085,0.035323026524837715,0.19723819699713746,0.0975594502213249,0.05653125919601766,0.02479645135568275,0.1833506757399748,0.06288880113117305,0.04657548118408638,0.08180158432618453,0.26766139264047967,0.17892326678891823,0.11628718225262824,0.06495403560885424,0.08750364029919344,0.11172874473585795,0.16089973950077324,0.3222148047694007,0.25183130958683586,0.13880521531855639,0.03736311138207266,0.1505752433016511,0.07976254093373697,0.06189011177502148,0.16836098724054677,0.22864897934524223,0.09625530529721792,0.06283939567205153,0.036309001484678485,0.19837905993358418,0.08429054588215062,0.19436575563863412,0.26115859784861106,0.3206669796301015,0.16506780766590456,0.049676631027190415,0.41439394834742843,0.24606420841135362,0.1813971500938965,0.06300961985810918,0.08112916976130707,0.5234000024119414
0.164213290124584,0.1594388883957457,0.09983733797199605,0.12464947732323557,0.10621151546325004,0.053001449940759164,0.1732174344310647,0.05821294177816609,0.007687101417874754,0.02057610217962305,0.13334739663575645,0.0346542279700031,0.044857637484388174,0.08735871607795198,0.11613411062811588,0.061330757000397015,0.1013039161564358,0.03852095206012954,0.0989888861308191,0.08933197210153551,0.07093252345911714,0.30251010107763954,0.16058309245701388,0.11234742578201251,0.02580186426976014,0.08668701052641514,0.03760110839937623,0.05104524284010866,0.14805015876966668,0.1563862142153557,0.10530652463899008,0.04976771979495413,0.04544242777760164,0.17013374367807502,0.09875976981404852,0.1327040492340355,0.17556665202538288,0.15136799450780117,0.13696363276463794,0.0247774388957557,0.4090392771569836,0.22953857930107635,0.12412283138230654,0.04712278212177084,0.11756984038893309,0.16937122637399757
0.17814386259564471,0.1674603642662242,0.0842002389490903,0.1060748421064306,0.09924838615707664,0.12035482101961509,0.14959646656386127,0.08669078515150067,0.030143862003028935,0.06276835631085036,0.14435879645871122,0.12731528884758722,0.04136068519559273,0.05110037741388356,0.056721265308865926,0.017729779918077178,0.13260107966299334,0.10037881952475744,0.1042526263896173,0.13322285967253422,0.04777226336455284,0.16663283843397292,0.16385191292160634,0.13767502295580145,0.0009693694803068129,0.1153507910368286,0.04511264676836411,0.011363965890101878,0.08261232066687597,0.11263130072973229,0.1193019316816127,0.036711136692724286,0.04634280954306956,0.1346075465545015,0.1071162262505471,0.11801779896419476,0.16409385997403977,0.16156547098097815,0.07534098825648596,0.04036479059475201,0.15076417114030755,0.1779689781314584,0.146595584322637,0.04540564939223076,0.17777950444633986,0.10385144920289682
0.15517065131745905,0.14652476609233533,0.0707544359682775,0.061479465869898275,0.11753976644636228,0.05948892987071932,0.13241199590655073,0.12315008963734012,0.001987061267084353,0.04629954293554277,0.18196078929217638,0.06559610206165416,0.06351150411140251,0.04776020783335085,0.06646249668931575,0.03662937423493057,0.10485211673012165,0.09614383091659717,0.030638913784197384,0.11132711387186592,0.08419481082178333,0.04504826236848811,0.14286792154634267,0.1778090668905061,0.035227565972312684,0.13787268884996004,0.04449487413513962,0.03584890603258759,0.08384977634655487,0.07692668237526716,0.06235724055435417,0.02878413799513355,0.08015190637501414,0.1668080429167182,0.11352874772710407,0.10292577521800755,0.08022959309057126,0.14231232811192576,0.22971419909486396,0.03129040003848456,0.19948348999366236,0.1289996751025263,0.0941099717726594,0.04048038361096536,0.08894994155182874,0.09839802809516518
0.19016472634617332,0.1079507227578893,0.18237381065346775,0.17997058529735993,0.14639370016496223,0.1341615182850485,0.14392495949150036,0.12599541932733826,0.033229100771657305,0.06880628881561177,0.12378523003355389,0.07268697802213583,0.09955657975045015,0.16049635260487302,0.1336714011691114,0.14592880877973363,0.1688425226464481,0.16021274127336022,0.05631439747830893,0.08288387678563475,0.05011645771504182,0.11498356804775002,0.22293507051419426,0.18252399997744978,0.04555552415223014,0.19587330000146544,0.14853760635821056,0.048735867634794434,0.1181669655971036,0.0754763884698382,0.13380079490446534,0.07114705837049513,0.06481667420886036,0.1890780251557588,0.18483787194446155,0.12745826954338724,0.151644389338784,0.19369475267614752,0.1833514844240641,0.06728227805654598,0.3190265528843161,0.11270566630643301,0.12723737166396032,0.1901799778617664,0.17112206799122553,0.12816293807188522
0.460260090883266,0.20446052714910762,0.3496584491680148,0.27932324239559503,0.20816412743951926,0.2833924616327572,0.2925985104650055,0.3169291869201494,0.1574406496402187,0.17117446903195893,0.2549900801045215,0.1498356784725309,0.24677207817996663,0.28883533029581626,0.32402501098893954,0.4105805517863555,0.25865541420203997,0.24706751137643945,0.0957873804784165,0.2143896567746776,0.20920430975899434,0.23763940503211456,0.4231180500509243,0.3113749414644126,0.16746814379764885,0.3503573174911286,0.2706125819856274,0.15598849939926118,0.24844993459564724,0.167362003454886,0.3329155070036126,0.20155720104614183,0.2286222174492893,0.3155118130549708,0.29260389489925215,0.2381291846805921,0.1734182680491295,0.3087823487825556,0.3280066464292558,0.12886843077672888,0.38668042073972714,0.27826306995889477,0.2935102015805868,0.3804030024731149,0.25625502615092827,0.2958861112946961
0.41417877361396704,0.370984208592964,0.4037006444738199,0.2688912555654676,0.23781169381498557,0.5440977455052279,0.29426784820184887,0.4752103913992588,0.4922452687990403,0.43185115916552674,0.35978491839847004,0.14710337960754363,0.29373844095597523,0.5150577850401972,0.4296831386469302,0.5683032445812338,0.2985661676708668,0.3512709641118159,0.2550778729069153,0.2361887348719832,0.3459239506820426,0.3040465371896396,0.6147738644361402,0.4533561799634142,0.13110212085812561,0.5401040623440301,0.22234274131284776,0.194159881111964,0.5208726460247215,0.28800710886527714,0.35463142099091055,0.21783467410209434,0.400656555012427,0.43763680716154807,0.5868323812290109,0.2086973274126298,0.23307453094392472,0.4504369556365916,0.2835256685872062,0.08969885616761364,0.4524853605372108,0.2928761704280762,0.4468158839023758,0.48154536151150257,0.43589461543320934,0.19912266210416843
0.3876851576389158,0.34469262204912554,0.2825097026083641,0.3415957933660176,0.18624825430179978,0.6588097552675628,0.30853639979537767,0.42292845015629255,0.5013332224801282,0.46695177616351263,0.4490276750797088,0.2185203104275376,0.33764731299841577,0.5143364663385911,0.2894793810613757,0.5240194773071649,0.30222353552790554,0.35323312682225577,0.26979412838041056,0.25427305808774125,0.395676121077759,0.2840274013156562,0.48954006866190986,0.3604735070956927,0.0590925826362327,0.510883186897999,0.4682601414466888,0.2850425609963622,0.47423873819475076,0.513499616857847,0.3798756182040471,0.27024215353143044,0.6494433810770681,0.6193351966452815,0.7692762329268257,0.30718343043560536,0.2722058315929878,0.5795519382177335,0.2780207678485555,0.18439163026741795,0.6194874277326483,0.31037549021086996,0.4189278879317394,0.4682668183567625,0.3963773509188094,0.28808232746790696
0.394749786703775,0.4234246388476339,0.32405578754085035,0.296401250824828,0.22168241901929492,0.7075002322564352,0.3434498816974542,0.46228217078118383,0.5865485036441557,0.5459887820178997,0.5197248873165372,0.2915145141305747,0.3635508624913905,0.5466415296472712,0.36409256738532025,0.5553944653736794,0.3738666053905986,0.5319029996981541,0.17506392057070858,0.2157807135016037,0.4532016313317246,0.32096063575899203,0.6008256336299254,0.38189142463356,0.07693188631912554,0.4855445842258418,0.6400773800860429,0.31395886552542285,0.5605293838157558,0.5298517502076125,0.30293085179551943,0.2488533105472605,0.6586532823155278,0.4580733262859048,0.6941986573915081,0.2515497998992178,0.24570460273292616,0.485538735586796,0.34695452349193356,0.11923182807944792,0.5167510504835052,0.2782411726617636,0.42670271511253416,0.49427517324950326,0.4951513164479249,0.4238819271006461
0.3764785608760137,0.4392060125757057,0.3001182323386916,0.354454025347977,0.22505069295216973,0.6766077474004373,0.3289368652124169,0.45194714095179067,0.6399981764041462,0.6250515768276037,0.4355005909405914,0.41860918633716454,0.3845812542414657,0.591227727545554,0.4328277177726293,0.5536088982925351,0.383162761649831,0.5336211876694819,0.23000727649714,0.25310115376296966,0.5906088515630173,0.44031336147302647,0.5068901054282655,0.51539962948829,0.11391285381357552,0.6426437564603058,0.6227831207044875,0.33292329682150584,0.5777925352013471,0.6047746049423094,0.34089616999612804,0.27202767694554597,0.4849508821604425,0.405235301701956,0.7543955084189368,0.2884062124107136,0.37269634379173067,0.49487377016940964,0.3849558747601087,0.1754338562851629,0.6158465972765118,0.27587867893651263,0.5316666775306131,0.4787842229944809,0.3884012475073638,0.4958344895060288
0.35889265267441145,0.5572715406993042,0.2725607636869313,0.45294170913980586,0.22964976743228066,0.6811864943840042,0.4301352795857609,0.6325863532009561,0.7031932459722705,0.5654780721981969,0.5557172595060136,0.40911083659648717,0.4104079119196725,0.5139086329429051,0.41509504015030163,0.5905687118260191,0.3933256487567349,0.5078030381319714,0.3202780277502954,0.37795452143024066,0.6571334557371792,0.40667348676038717,0.6301209233873923,0.47883680870175277,0.06723763892787282,0.7108549354998384,0.7092543652645529,0.29621327787769985,0.5750123439027134,0.6829835276700615,0.4892396564119674,0.30654171553704895,0.4303332381132441,0.5462948031488915,0.8700312031062403,0.3193464584582054,0.4134376541393815,0.500750323157282,0.42602878693855517,0.1331150529085433,0.7326735264117156,0.30234322985172396,0.6118505387201865,0.5013618104531318,0.5660870559596661,0.5150449932914205
0.3997869817227945,0.6622996721651596,0.30662002791892035,0.42417192380460417,0.24738032394339138,0.6051271957036809,0.38889373558688695,0.38713758387395636,0.7875419222034634,0.5974212277581548,0.5346060989526034,0.4998252273141711,0.40466644524743334,0.48562020835895015,0.5334553331144282,0.6954022323844539,0.4462102642783145,0.5515433069215256,0.2643491501175623,0.5652673391900271,0.7409787852847167,0.4104932325233581,0.6010130366569637,0.49840417961725775,0.09951606090703954,0.7053764710799615,0.8099462777643781,0.2855689591971872,0.6648864794406628,0.6324499128674944,0.6106583179422779,0.35962606481721915,0.545365170178748,0.5301967327473676,0.7540993954323443,0.3548820130560588,0.32875602153023004,0.5583124104574024,0.39924149653824603,0.13489668933638455,0.5674205687313358,0.3391939249405097,0.67491529483545,0.5161225494535144,0.6070979389808887,0.4742253529946594
0.4046634255683868,0.5985115940309867,0.3119469591493847,0.3710890751406479,0.22914009901339055,0.7063083812718901,0.37719461230882795,0.451491881595554,1.0,0.7276141759926371,0.5401288872616778,0.4402404862777568,0.42780328424598,0.529710853436908,0.46628500079528223,0.640829794652688,0.5140944264813205,0.46960858556708157,0.19654013407303098,0.4927453591991007,0.58408533164551,0.4911860209892971,0.5244911305399986,0.45721374497170547,0.11871243125191316,0.5669270473095176,0.5993185348417437,0.28218133163230336,0.50519748585464,0.6063958403945513,0.751280729314572,0.36005376318082166,0.5571117013817333,0.3648289757474098,0.6806443025274309,0.329188632703029,0.33438448831470197,0.48302992000930384,0.3863226507780001,0.15067436969981132,0.640861756898436,0.22792672002234643,0.6471235370351314,0.6069873934841581,0.6380153444831582,0.4706113054228114
0.452060097961477,0.7009749974654551,0.2882019685328013,0.3722022480609247,0.2770561022741122,0.6716736250480076,0.46364010029366687,0.607070419378754,0.7776499693786765,0.8280249825629042,0.5139680819254308,0.43433954663392105,0.44027716424683494,0.6207379595966763,0.6058739253806456,0.6095351055043826,0.6657751948574326,0.6971629818761853,0.2336849841373436,0.6389088275859914,0.5506467278970347,0.5440338556551367,0.7766237478512024,0.4461798504505246,0.5684058923547514,0.6751633947752023,0.5003014732682549,0.27977066921447663,0.5502223478580415,0.5093068333273952,0.6905932085309212,0.4259217652830331,0.48664573943931483,0.6403170129954802,0.5910275949971846,0.3404902795372291,0.28041221838332847,0.5044525324765963,0.4608446884205245,0.18449084498149346,0.6480229638438706,0.26485590208101273,0.503808138075571,0.5962403071840292,0.7144722280924525,0.5477475330692891
0.5476761330398181,0.5916152767285561,0.27196377118483905,0.3604943034830913,0.3041616487061714,0.5784361880150228,0.4782120182945704,0.6289844604457993,0.5947293948948633,0.639576991748829,0.5592822633319382,0.4459472612923628,0.552706582457934,0.619045657160204,0.4879716687154877,0.7038244225090993,0.47168009882103645,0.60147184979078,0.3092990829299325,0.748816346921487,0.7993161710288433,0.6420395007520168,0.7378169627738498,0.5648972798209909,0.575290178079089,0.7641030457204354,0.48447659010172706,0.30813911102215236,0.5659788466543877,0.5997523572906888,0.8114055148124131,0.41890715499211406,0.42446891654866237,0.5934307442642561,0.6587736353049766,0.417953634048442,0.3972037704654845,0.5190753535974019,0.41550525532244015,0.17053431477744357,0.6572729820719003,0.46776447018260703,0.6053730389151813,0.6982592972784132,0.6549467544423251,0.5610496837804485
0.4967928539353865,0.6890535760269468,0.3831723625184222,0.4826610103822122,0.3828308115307787,0.5181449701183226,0.5333683430917181,0.5001881389003806,0.4442086226348817,0.5229034920419362,0.5505944713415921,0.3940400685284169,0.6077026968405118,0.5188320621403456,0.5689765316982247,0.7081148246475155,0.49016085535513443,0.5998091686415674,0.4423410872150277,0.7445142786418733,0.6900373815046646,0.6019790024603728,0.6794484907566638,0.5287338633776845,0.09672051564884185,0.5837522139964066,0.33028329139674667,0.2507165659759553,0.7072061665876396,0.5016798208883481,0.6634786672714571,0.490268577319304,0.29748960017728204,0.42968849289575084,0.704180842518225,0.4487570490321703,0.49676424230290916,0.5081111379716924,0.5638190386177533,0.21046121737391274,0.6668504232506433,0.49674261202786485,0.6093557756476099,0.6646388434547484,0.3347543611232025,0.6316619812375005
0.5137579205792835,0.6125265786883725,0.4158228082594238,0.492251819101454,0.4018660160383365,0.510716855685703,0.5748718962573888,0.39876901032634615,0.343430283012884,0.2567371005959419,0.5825063674101147,0.3512105809801629,0.570530789439278,0.5092112372128166,0.35989326983957537,0.4432935882000525,0.648694784710355,0.6441273857880756,0.41553262658331647,0.5889846110086265,0.5744319238068775,0.5505295228744507,0.7295586818222366,0.535167006684282,0.10519422665559292,0.5240544000303555,0.3803530230511939,0.2148266244458599,0.7334174640672289,0.5732398028411212,0.537520408061783,0.34733018455393205,0.3995868171913807,0.3877355147727479,0.5147236957878812,0.40758942430165035,0.4591369928385706,0.5030894898400958,0.4861283672787712,0.26068461328779235,0.6883898749663462,0.5653312436938913,0.4976720977300206,0.4996811750956512,0.5710250667391481,0.5294522219509668
0.5223736841669825,0.7211405438082118,0.4215258411856949,0.4389237819874761,0.4615076393368621,0.6301274959089146,0.5834768990983119,0.3321009993093301,0.38749995213059363,0.23495410014234341,0.5637874121459813,0.3893394792222309,0.5753915951438535,0.4104335353385116,0.4028583741504578,0.43636681778220715,0.6146372901980819,0.5347650571454898,0.4469420665891286,0.510290281534499,0.6489555280053345,0.6788068238357202,0.7219714401395765,0.6125787316827925,0.14283981042235236,0.5664138642973244,0.44477663435862624,0.2805811970006165,0.7081421519622304,0.7163082767910219,0.5860676997733184,0.3212159173079195,0.36201922487676386,0.4302851569134992,0.4098186095817821,0.48181246708028824,0.458172754955655,0.5155489304311962,0.48752043248564647,0.3058759208290938,0.7409530590734479,0.5767549959897802,0.5287409695664524,0.5961758448802398,0.6091298836175469,0.4966730059794767
0.6452337661847773,0.7953542158820993,0.3848958674518265,0.38853381554384275,0.5544821198610841,0.601938251860391,0.5127368234117607,0.2553120792191952,0.2887814448206155,0.16582660601012378,0.4758004597282731,0.3681239578269829,0.4400784388819217,0.44212636456140114,0.3383324523391489,0.3789764348882809,0.61111003724391,0.6231298495327835,0.46229396453841914,0.43080117827412334,0.5385509967759,0.6016935764232734,0.6736444094397622,0.5715429010614974,0.18904763057942814,0.5514370885602533,0.4738603573060127,0.298532772424281,0.5909168040651177,0.8254703495366765,0.689738474444674,0.4034684451821341,0.3931832849920143,0.3743766697910401,0.3687324338752563,0.6164081934587038,0.4596373175938613,0.5660476767556318,0.5891552827345449,0.5139251935328357,0.8700916669616029,0.6569602021773864,0.5430313450142815,0.39773859328125705,0.5727919225367537,0.4651700057597776
0.6180907244593422,0.5357169616959153,0.46417396101369274,0.51980911576961,0.5004163218389285,0.3932379018539975,0.4842809261399502,0.26093883177840926,0.12198913791166897,0.19338265436508256,0.423879465785106,0.29117959299671786,0.3091903868675621,0.4149606519229002,0.4619571661068034,0.3918738368757825,0.6860688569328043,0.3981240090384997,0.4708079540966369,0.3911213020597959,0.45396493300092555,0.47843851698259077,0.7534882111578447,0.5580925812704247,0.18932520611768283,0.513759225742483,0.3290856528187302,0.2955353932650353,0.5104085800276743,0.5206286294728728,0.658790705632312,0.34134567999144905,0.49467212142803235,0.41300554118864796,0.3360560699785319,0.47755746521831444,0.3489301071957489,0.5445504925457958,0.7252585304100678,0.17721942517453346,0.8508204761894422,0.8377099917417129,0.6932491575280696,0.343205452782999,0.43569321862438753,0.6923756996881943
0.5620560922905232,0.7055159711788401,0.3873445181359928,0.4891757091571832,0.43896811641304834,0.3367532402993786,0.4868180326461399,0.2031245908812281,0.14233509958505047,0.1424760007049848,0.2883583283503235,0.2424166102549012,0.26736182630714467,0.36726609658952575,0.47042982578947146,0.29722781274954024,0.8086637540273847,0.2977532142533925,0.4496729749406714,0.18165608201486041,0.33487599896462084,0.4101388653093816,0.7277960073292367,0.6011071093857454,0.08264030833745431,0.4915755809507208,0.37650855434254415,0.20594024461263188,0.3796909862094983,0.5788125166002364,0.577064410972755,0.24198226678010726,0.4907967250899902,0.3905876904041321,0.3928562722204426,0.3980276436893623,0.40324895462373866,0.5208973085289557,0.6211255169609288,0.22622633610761328,0.8211672950849658,0.6891408689148526,0.5285154975151293,0.3013502093565968,0.31476478607114616,0.5821093974659921
0.4212083504348849,0.6635027219792105,0.3214145262273003,0.3781363734334628,0.38801890656050736,0.2047277857816095,0.3762330028334561,0.1471224807387119,0.10497104330144057,0.11839839861890275,0.24811257679439444,0.1299022791466023,0.20469831166380073,0.29225347249889855,0.46835774554356124,0.19768323024977452,0.648583909291294,0.3421644526181457,0.1717689546905914,0.5310464385322176,0.31185692945577326,0.30390653018420916,0.5800586022449903,0.3363735328069607,0.10204240113354965,0.4359549907256486,0.3378542624906028,0.23815133924116985,0.3157352960742109,0.47262932505779376,0.5274734248030447,0.26993989629540194,0.2081353424855948,0.30350009143706846,0.3084446530098445,0.3379872801676109,0.40690090562330505,0.5036260973696519,0.37154271431683855,0.1722023811653332,0.759406029809057,0.5851831935330087,0.5580480103156651,0.20904701938640774,0.1700988903163976,0.47246550477602445
0.28554425060103994,0.47208242140378565,0.2943886990558686,0.40225883511886673,0.33131609620550323,0.1180980437134696,0.3216912888629457,0.09810166264746892,0.03895230326629662,0.0786542740863924,0.14402277374959718,0.20482791971601538,0.21260446463799645,0.20976697707699007,0.206798829526801,0.16967371360139266,0.4340888310661705,0.24499619777761905,0.2152425580361227,0.1950739587084989,0.217653714321064,0.31389495658080696,0.3036044546571012,0.22780965841892428,0.004722764462094471,0.4126042044811368,0.1402626200131839,0.1658037106212284,0.24304459818524027,0.4925860477615279,0.48330735602100094,0.14563238409084292,0.0631119145751352,0.1587150934287277,0.15015642659625678,0.304241178797089,0.3423496167304561,0.48535741183377806,0.3303412166753666,0.15252363969159474,0.7763190922702197,0.39661414495217295,0.4342674314039682,0.15405233395016338,0.20358368187441392,0.39585468524447
0.2891167131719782,0.3250487038497953,0.14237068414251253,0.32926241172993215,0.21822927180436538,0.13298159741814042,0.29858844339598745,0.12410897423105505,0.02244981902424489,0.1280234760690394,0.14640044702123853,0.11133608973670056,0.16897316916723565,0.15891584000057013,0.17591336018058062,0.09592159599641913,0.36139605855319235,0.14363604915249042,0.31826103375851217,0.28541276238917984,0.13232987544414287,0.2773068708781051,0.1304949401765835,0.13029656198120915,0.025558710111066647,0.2667224911943756,0.1590724774139105,0.142862051507603,0.22022757342544225,0.3709178395499494,0.20111940765191416,0.09140379954587456,0.050083658560923394,0.12094459800270593,0.08691514774704655,0.2626273037658251,0.30226651189178755,0.32546076740509666,0.275962467021949,0.10061922239456074,0.46040966905624936,0.43588445616146293,0.3207636415072004,0.08426200879006487,0.21593707583171332,0.27290533479478185
0.24556371013413616,0.34688637263254335,0.10913384133694767,0.2682830428878334,0.17679239949503578,0.09808506163347813,0.24331414064818582,0.026583045627782992,0.07650522258248171,0.05344800866826084,0.15119807588545672,0.050781580542125726,0.059630271491433406,0.0905959692358618,0.06668988212410332,0.07969461724926168,0.2697000500506613,0.15780789875573698,0.30749378572539987,0.12192698243795952,0.09201504285946226,0.20596100473705675,0.14591727264269752,0.10460615023881562,0.004808841616462743,0.1646753009565241,0.06809100265900356,0.0853057126158474,0.17225007857062555,0.27121000913081705,0.14748058373521616,0.10778489355332212,0.038618875353252244,0.17308536657887869,0.08451306854878894,0.18633016862691623,0.20855200985548233,0.3521057884168289,0.19620596990534864,0.04490918221981914,0.3611629580758527,0.21587801662659017,0.17170392998760495,0.08281290646731354,0.09381149599000821,0.2307182647559816
0.19617482466372574,0.18770712983072266,0.11000982150106561,0.1573856264319014,0.1717255176239407,0.05820539156111711,0.15746273385715492,0.06636149134373394,0.029486384163514793,0.04877204349672816,0.17381422595819312,0.052213870768194184,0.04467533224667805,0.057829729841732715,0.1285418286271993,0.11675657192006338,0.266698462240234,0.11087814965000398,0.23538777164806954,0.10475974450539463,0.11301170105016818,0.15092510513407928,0.05621525441021588,0.058817001787835964,0.04470786510202305,0.2007824578225782,0.03196074735327926,0.052197192782264125,0.16487949358812387,0.20743084737328318,0.12997218340765077,0.059074709976476056,0.05751907572043627,0.09775716902692203,0.09735775854195985,0.11748546992065911,0.1743203531374339,0.3793887137900918,0.1631489415635698,0.04019851736258949,0.3603343149386187,0.2199956715799029,0.12865547189475784,0.07000203277767014,0.034906628690889466,0.2639704681972035
0.1795728743343744,0.07090197594516116,0.08968487449975657,0.13317347391334472,0.10509582002872385,0.07994591444480131,0.15408454306924999,0.02005677376504089,0.06685924398169288,0.09917638249669765,0.13045342444309843,0.06682595055922366,0.042989740927160396,0.055355943059164796,0.04183749619327734,0.05468442417545162,0.2360608543534835,0.11892355566077076,0.16330826269177712,0.17163870303600193,0.10469292318359262,0.09455853387934011,0.09683061225289516,0.08757930790404211,0.02656329116503152,0.16966014340689364,0.05658523655904627,0.029973182400777128,0.11806287974926116,0.2977567342910944,0.14216329744716694,0.07426605971906272,0.07775067114610225,0.1362303986853779,0.06447049194316777,0.13203575697232345,0.19777927951597887,0.2423323242269466,0.16341031072334145,0.04367091010142049,0.29844079804859835,0.15700396912589454,0.16755923657173857,0.02883168994314845,0.1381464527232659,0.28537936128358476
0.12918315270159328,0.06714848687362876,0.07113105136242394,0.13794462496964607,0.12208014565074589,0.10025143944279441,0.15963090881486172,0.048374864870835796,0.03867567781010514,0.08292709708629058,0.20189234375202955,0.06645584985343933,0.057966115578842875,0.069340525167781,0.11980421377661785,0.030785970593410344,0.24918583011916406,0.0433773743851997,0.13873683952982432,0.13919522665617484,0.02339942462427482,0.10391125148378151,0.07452367532857972,0.09085175792015485,0.06293326684264636,0.09347322944173564,0.06025013722285679,0.08261122366154156,0.0905462877259723,0.14442577713231955,0.1686624742279802,0.05052249929626146,0.043263252505227945,0.18930436519401275,0.09888860473574461,0.1564729881944589,0.16058948198962952,0.19997800816853617,0.14031004868629698,0.0394116487292277,0.2536191775008917,0.1180257041208428,0.12263637067084585,0.05713206271071817,0.09342154592475206,0.3548426638847355
0.2059643476717078,0.29018312448380557,0.13169268831523195,0.12764922351449987,0.16720415570153893,0.12750532963669267,0.1900761371659417,0.13853132992997266,0.044987826632357175,0.0710468967251256,0.1695043225660657,0.11656589789667568,0.11535729087755615,0.12678400017349878,0.10264921273364211,0.09976814091374199,0.22156052538704657,0.08000026274395275,0.11846188193615545,0.19757190920363915,0.09673001557461605,0.0938061817415617,0.14362929675593414,0.11993826075821992,0.026276234725180453,0.14344741602293262,0.2511818565913517,0.11335676608291964,0.11228446427462116,0.15659341815956718,0.214860136667404,0.09081431298457873,0.07190656858670895,0.1112540299050303,0.15137245098486957,0.1233047974881667,0.1354137634499727,0.2662914089176874,0.25538489705015177,0.05098430168297935,0.24611091036389732,0.1563330377403921,0.1305111675826628,0.1402123627044897,0.125261767920647,0.18400319837990656
0.45477273149486397,0.3145284390084664,0.2566076474472221,0.2571113000546255,0.26195000569079696,0.38029145444180784,0.3134215674031448,0.2945674362687004,0.18719349370920083,0.2249825656306364,0.2365242260845987,0.14343761378957637,0.2542983361308947,0.27457248836394055,0.2653589587532209,0.43085225884044137,0.2942676255145701,0.3659971152458486,0.17133933256219722,0.3180116929863968,0.24476736290035217,0.3070702206205394,0.452223593612087,0.25084900182112696,0.14690028594257235,0.3042987067520374,0.2762130170640706,0.20403700299657632,0.2501323702109267,0.2940283811919815,0.40299871139211624,0.270457087497905,0.2466095840401613,0.33136318247195684,0.2987429832953725,0.2733421661531956,0.17625226180457965,0.22074485845244438,0.3357874593765085,0.10154544324615436,0.6499653449999788,0.3268415347421588,0.3618652949466999,0.4137220363843768,0.27433197626553213,0.24370044488529183
0.41914850835442774,0.4072243205435734,0.2884513137249958,0.27558128836454954,0.233065721769184,0.5365990826153824,0.3431463443936804,0.38238722596855423,0.5493959730780652,0.5328306104508254,0.3756306558211777,0.2360037382611065,0.26492130321621055,0.48869954196361787,0.4548802523032208,0.5970769300825376,0.27819619461241335,0.47426195340971716,0.25861992983546955,0.3904466733287884,0.4587569341479642,0.32851045783516325,0.6855454067281541,0.3299613597363049,0.11710154441247328,0.5251780348646267,0.2783421287566598,0.306710704809466,0.40845954339265944,0.37678321716127494,0.5651685802323856,0.25592204412696723,0.48799206992374183,0.48656455674442056,0.6897961607698928,0.2733099793811411,0.2544225678123508,0.277009888902404,0.5041323469189822,0.10823719588521193,0.5456792873263292,0.22862443214870554,0.5189932893877168,0.5421891377230865,0.5174013472226134,0.2302997120819177
0.3606235703900639,0.30344529509742163,0.35410070389847415,0.4316707837290982,0.19665614375196686,0.8078791938571754,0.31520164790129745,0.4360735679735811,0.7356545933500025,0.7719899967365764,0.4892603299342257,0.2567983339217604,0.28475743261399783,0.47408017129118474,0.42323261411787605,0.6543347966754358,0.2640736741776023,0.3860377589142833,0.157759283079132,0.5297944340484451,0.5763446009066963,0.32240365538724053,0.6913768619897191,0.37067621382177396,0.09818170797888862,0.5708868599986476,0.5972334084641696,0.3329190109057958,0.49222302425850234,0.3600392189316013,0.49632846475693193,0.21627127952474026,0.5590371760685827,0.5724996589216302,0.6011125908259175,0.316857713931023,0.2617049818763363,0.4287894642144754,0.4496350880198338,0.1654351121325555,0.5564244191169205,0.2827999162540887,0.47256562354397885,0.42352651412601067,0.4362022715461757,0.36008111825629696
0.3299837568085722,0.3306401940714593,0.31196021331287405,0.4361105590146005,0.2502908599894771,0.9656457963713523,0.3378656153213015,0.3980790691144023,0.8448891380773966,0.7989531357952899,0.5471050677416791,0.3324425584474957,0.35025285894472924,0.5406064187417515,0.3274611505737626,0.6365743281307996,0.34778631969098844,0.48936971552720226,0.26819670725475153,0.31565141561438587,0.5715442598106176,0.4000053503720862,0.5339988977103516,0.44694543988200314,0.06699065252222347,0.6951730935453835,0.8249927446663066,0.36038390776748885,0.6166426488598364,0.4791438740880287,0.5423405191612087,0.17353974833747565,0.5061109284685845,0.5994658045398962,0.7168502673838212,0.2886273601807682,0.3440351997514722,0.515694115764431,0.3927410803755499,0.21174274968411588,0.6546394079149936,0.2541368640724567,0.5145451324160619,0.46989642286199557,0.546152352862715,0.35743075500090216
0.36128541124222713,0.6170211351353861,0.3154853639962905,0.4356076719407613,0.23362358613073914,0.7139026388336552,0.32678205562981244,0.4259400379944801,0.5775489084596453,0.7205945085588521,0.5063773188026829,0.38654221139841843,0.3735964743238069,0.47839888611553816,0.3270367975986491,0.6765979949629096,0.5370894591850119,0.4859714756191456,0.30095801543738815,0.26128030675749275,0.5574064515540363,0.47423823136055837,0.5766819348114105,0.4523861689070427,0.09914756638718156,0.7127744813224011,0.5658232331955809,0.4051773216457873,0.6549287094956858,0.6350928209755927,0.7227746478149506,0.2912613943242039,0.4343586340010362,0.3620354533445931,0.7579573191699164,0.42316602105185297,0.34988228519952047,0.4486468593269588,0.5041244404239899,0.19912060601277548,0.5852905828187899,0.3474091621694339,0.45798847081404936,0.5774421420478375,0.49856485773007614,0.2890579395626055
0.3755531246723405,0.5222393074215056,0.3224158939823577,0.41550963985159445,0.20230595132154172,0.7105047397791165,0.3308872801632921,0.5805200284680367,0.6968341056339822,0.6329037757712546,0.5114147120419186,0.4522338934690431,0.44052939910537287,0.4358590309502784,0.540680608254075,0.7133342605973633,0.43830351346684165,0.7212877065899452,0.147486611752026,0.4559781563129077,0.5299188692910874,0.5304504525690893,0.5186258408966264,0.47502020487437574,0.12000205532682379,0.6826297612335199,0.6383729343331309,0.390176401277008,0.73484797061396,0.4968669336878495,0.6936475347907407,0.3697324328467521,0.44783681125908925,0.46061603808263163,0.7956070961229212,0.40134912420377755,0.4364626783559309,0.48721920771352883,0.5110144139119657,0.19555215767188908,0.5879063285244372,0.35333505213919697,0.42649414195421,0.6194388102014596,0.8000192768338683,0.3188366844218199
0.35824724350602205,0.4677570329002673,0.2793118972888509,0.3988223702279515,0.16599633914297768,0.745085036856825,0.3389290810669796,0.557494645921284,0.7421740612849582,0.5654599512835183,0.5353711950665082,0.3004904365760812,0.38166072112860394,0.42639975566921423,0.5983168237831497,0.6204345270587601,0.4517598414638828,0.6192182425117756,0.21914603265652047,0.4975103070540736,0.4290662862173135,0.5169222375425607,0.5164577325364506,0.439430528208874,0.09507205401373789,0.6510257443730765,0.8891285301578407,0.40294233479687364,0.7018893652106128,0.42560270568852965,0.5839159296540918,0.2833323127189127,0.5448729964670385,0.6210220169093879,0.6792736530224892,0.37589776718845636,0.2967903269988514,0.4491618605355471,0.38182689372844925,0.24153208546564311,0.5165880204025435,0.38724399999924397,0.5177607287253488,0.5431591177138028,0.7220289543525589,0.4444225966952493
0.37643869858380613,0.6162308934011466,0.33868407061981504,0.39686739637408386,0.24415284293598188,0.6350120673008376,0.46764181347288203,0.49387751025404825,0.6457295927019291,0.5132889124808986,0.5382914023974146,0.35270652899249744,0.3702324888515477,0.4440102719080621,0.4913474318619925,0.653699076867451,0.3227739365264622,0.6677012270770417,0.18900785280979335,0.4286598154248803,0.4504335176684121,0.5263763263311748,0.574607915215485,0.4670632533144606,0.1469614234990473,0.6797286065778414,0.7712424991640713,0.39446738814518784,0.6792314258596187,0.6010796432416821,0.44439888995947663,0.33570333782368433,0.5430846256230611,0.44598467284609367,0.6391514701529333,0.3546752731957503,0.266397180356544,0.35726446974602843,0.42793034447259704,0.25718925319004377,0.4989131310957465,0.3494933152899059,0.6149774522277865,0.6462687582843729,0.6025550720850366,0.5898285548000087
0.4336039880044489,0.6133230283418862,0.342758211848073,0.3475742274225294,0.21554942693204607,0.7185150383579605,0.48735689964768636,0.5561933189391813,0.655331962839788,0.5937136220661272,0.6168859260845174,0.361588997270628,0.3888068583321248,0.4370267157891038,0.49887711982626126,0.5911435826012428,0.43283073518427523,0.6907179058407946,0.21563890538717792,0.7479583974474758,0.6340750475555452,0.48517687769415185,0.6859312603572822,0.5445147018497676,0.506459437373383,0.5867837039132056,0.6940169523527722,0.32417235613820655,0.6453930477897724,0.6357466285940249,0.6436306376893524,0.28418935841559784,0.5117975125330781,0.7181931463073145,0.6480213934541383,0.43736604677725666,0.28695509739130753,0.4539274387305653,0.5033426254273958,0.223312023694736,0.5069968376111705,0.3669586161259502,0.5897313142255207,0.676486619196504,0.6322011652602221,0.4659967127046202
0.5354007243341368,0.6615398273015751,0.2784633051011614,0.4172235712130711,0.26465634937276955,0.6493996577275116,0.5118679242820192,0.6459013211325434,0.6869612189887884,0.6098848226337046,0.517518479027124,0.3237425025640124,0.5258443938927251,0.4697470671923586,0.4455982120078884,0.7683833481759101,0.6752943431580932,0.6672094629635115,0.3391456112455527,0.4831992105076963,0.6626459098528821,0.678577410359906,0.7333826346448642,0.6779057957675801,0.5861232367658893,0.7093567450477738,0.5570874391205721,0.3174463542243167,0.6716838297559063,0.6671238892175447,0.5974618904261565,0.35557075769008545,0.399830321953377,0.5861285108161894,0.7726921832790197,0.482261981514968,0.42473659779595047,0.432869398022579,0.5295156827521829,0.272653848819354,0.5851133706181217,0.38433643036081727,0.6549151851447383,0.6550739549037827,0.5759218342290032,0.5660237718902446
0.487920657504758,0.6601883630623927,0.37061278964132877,0.5659724623811828,0.3321175601119091,0.4623567324357558,0.512276256220198,0.46640254460185193,0.3989091301099013,0.48639064853978436,0.5233296230243261,0.3909214663309601,0.6932629610610245,0.5559942950264848,0.5041102059750947,0.6874385149739859,0.5023784830608835,0.6545863585699143,0.38383337269931195,0.4994723447612964,0.5685738738125622,0.7075863532857858,0.6222284939120373,0.6653155630326179,0.21868455643393658,0.5850427207820064,0.42391725432137667,0.27567174872662425,0.6049618064974611,0.596533865378493,0.5149957512382273,0.4587862991072011,0.3394038879544485,0.3965188895397883,0.6783279045168463,0.5397656077923499,0.4976257731296855,0.6363710286073705,0.5381586689226907,0.2593256034502072,0.7345855967075906,0.5055195038588725,0.645816097685922,0.5197734039921169,0.36017685802946714,0.37174267550692797
0.5437874719585786,0.7353332119548568,0.44800088472782346,0.5776695225533551,0.40679676366649664,0.48273952907335316,0.5144573218349917,0.35658921533148824,0.44793417959023435,0.4032411228784788,0.5083481666775009,0.4887731484342215,0.6799317021853349,0.5057289570359048,0.42510091091307645,0.4485201746109893,0.5003631244648953,0.6625917718909833,0.4766807768191611,0.36951673329854934,0.666822499263296,0.7363102563427201,0.6239421025281096,0.7061669801132737,0.22748613212692087,0.6021415532192591,0.4681274956349747,0.3468258968123998,0.6288440431555035,0.7029799393795086,0.44637989673787215,0.3486946520376864,0.3389292062401764,0.48754132515811854,0.5148813105913335,0.5071225214167877,0.43683509333656884,0.7045826358870746,0.5492807960895426,0.2504943460857476,0.6854494340986803,0.48736912344474015,0.5814999230386715,0.4736830641001442,0.39527673583807,0.5907273921581062
0.7008380187687251,0.7412314258562033,0.4988851206821209,0.5214499275679818,0.5078274282364236,0.5367464814489826,0.612384023900354,0.36794909306709644,0.5175293275480527,0.36445068749020454,0.5244230023946577,0.43716619336901086,0.9255578132652883,0.4345296932164699,0.5289427091926167,0.5050705676779157,0.6152575580185428,0.7754868875013103,0.44299476112766495,0.48580471101074973,0.872854537606082,0.6875289735221912,0.7063162478208638,0.7380582493242223,0.23913462558304216,0.5527317437668502,0.3970504162933733,0.31074943542949063,0.658789575460627,0.7857156874453447,0.5523594937894495,0.4025074667380286,0.3865987444589833,0.3877934732816586,0.5352293174213031,0.6818175904404521,0.5184929267935721,0.7173125518561446,0.46751072025092966,0.36369565522912684,0.7384087472060953,0.5786446426243511,0.6625000724315199,0.5324870642005145,0.5892961975410207,0.5789000565138027
0.7865327234178071,0.5892358926876796,0.4534876993218931,0.5848702505264491,0.5945480341044498,0.461410749916118,0.5337060896572581,0.326111833925982,0.3298957034202511,0.251211658560748,0.47587769877279434,0.4003563180194605,0.6010645251983205,0.4502015199401164,0.419069313937913,0.43582179908805707,0.655922815096746,0.5802545798132919,0.3739516213982517,0.4501736857589973,0.5664047247032884,0.5111655686272146,0.7416164309833422,0.7077099758478242,0.12458446179792876,0.5727700043524739,0.3686177340854046,0.2988696324593054,0.5541149374370012,0.6562516041123683,0.5312986346055367,0.3516175359924411,0.3677585383615707,0.33644048588547526,0.4335122502962048,0.6338264031383493,0.42453869461730637,0.6164849588326649,0.68504373292666,0.466122825582042,0.789631915580514,0.6654153750396646,0.7015766117552235,0.42930203758035945,0.4070614375012323,0.5548072589584502
0.7795506619797367,0.6014063762766174,0.4655204671887494,0.4858784864461062,0.47865142990941056,0.31883529457567067,0.6053138920491151,0.2655529743782562,0.23988377558062815,0.27444750863148526,0.2953089497738952,0.24265598993144588,0.4466267660787068,0.44631503350754104,0.5242036194708477,0.4290088168634467,0.5253724134889245,0.38349221222672464,0.3489604764747226,0.5186935637943654,0.43687604133550306,0.4298145206373227,0.7209480497723384,0.5330186540480178,0.14288782402699698,0.4828834508388975,0.34969022727805715,0.2981036440323524,0.5202687914504422,0.7474352459394278,0.5683063735675143,0.3475225801317987,0.4492145324456613,0.3800881513418358,0.40857162608921876,0.5193700412994822,0.4194427711718023,0.5243217794716851,0.7800394965647727,0.2507823829266952,0.9108706604835559,0.6527028944345268,0.6899295683026396,0.32649012237823155,0.3948221169464639,0.5413868881297479
0.7043914587004332,0.4936980168455581,0.3550505424933756,0.38397138920509155,0.47062177653369225,0.28761722308290005,0.4961740740340659,0.2701211949955309,0.17460714382790665,0.20584509546892757,0.255076019698903,0.27594735602742443,0.2956295150670134,0.3963549378312315,0.4262905578180167,0.27768140788432233,0.6500919302217539,0.23375067652748266,0.41107182637717515,0.29045687101668116,0.2609500161029571,0.33938600686825277,0.7223308115995293,0.35388060387258474,0.11505289498283547,0.5571849597662977,0.4669917613081438,0.2769256622094409,0.41084275837942996,0.5817893452696196,0.6184765613249462,0.32871511760551037,0.42781602100213173,0.38993423776797,0.3646391840643318,0.45114425522705914,0.3623389453747509,0.5810189689841868,0.6618786690047831,0.2501831504426937,0.7859515621388854,0.7385850404925499,0.6181935563228224,0.28228931863458673,0.40562145138074696,0.6583863522551022
0.5459044384279419,0.5034941632060226,0.3191481481349363,0.32423255039158333,0.3161140871829029,0.12897470693156263,0.38271397726738815,0.19646483743068452,0.10217655752022052,0.23727703528683164,0.20055715767882976,0.16262782509798399,0.21284265427023918,0.31592082273075,0.4511752202900172,0.2545644546144791,0.479269733592964,0.34241914751052543,0.3241460787315751,0.4350550040543015,0.14060905824311087,0.26442014255684476,0.6098206447448298,0.3857580052576742,0.09503276189330301,0.5026028803885452,0.38053723720842375,0.21848114647005337,0.4044580294304916,0.5578142299584566,0.6288617523871418,0.21041610380151352,0.2403533664098269,0.2154867212147559,0.2796447701688767,0.37940877869614553,0.3550258295199625,0.5895544505607768,0.4441573834672705,0.1838181600201416,0.8125991090643381,0.43548734706066644,0.5150741283917,0.1602692427219266,0.36762636576930546,0.3988745009247723
0.37394444320759274,0.5235904572607825,0.27090551940169993,0.3602042810593079,0.26926178374165777,0.10135508963705273,0.36137898370493354,0.12383868613580754,0.10249876682791738,0.25502091068600335,0.18077301693366057,0.090519244093619,0.16549065708826982,0.217089701749958,0.27897237921802975,0.18946665482779956,0.3980501576508251,0.3827841518088122,0.1837312452019658,0.18446240509018624,0.17124836494624934,0.2877012480370961,0.287849867995633,0.28947053573973575,0.02901865739132091,0.4261625554448281,0.2008832692802311,0.17511992144168437,0.32053756559478086,0.334667715045991,0.520787234723241,0.11582473210444257,0.1382994071685642,0.25596076055201245,0.19888928362672137,0.32042223104940204,0.31709263137809224,0.5859178619588401,0.24793671561792657,0.14133948184095863,0.6410978812766576,0.4648059328078298,0.36726891487573676,0.17327785314590768,0.233578703496096,0.482185308300605
0.1944299505966052,0.33495539416655656,0.19579988254232203,0.23683437696354312,0.1946475425863393,0.06695209905367866,0.27548446332352167,0.041122606148674856,0.027628858874747624,0.10429771510787562,0.238346982850944,0.11340940729048724,0.09918439182701214,0.13168432600112415,0.21538502227890682,0.1645373910592567,0.2965511444129519,0.30985611524469303,0.12636384084059837,0.07298000242904076,0.12942556941774674,0.2302342120757156,0.2900873399821454,0.23963699901105054,0.028084897505375676,0.32097627873486295,0.129642630026285,0.1758606130372179,0.3349846341926399,0.25167163462791975,0.39667399518046215,0.142924802566823,0.08333607560788396,0.18298955647322918,0.1643498680698472,0.23262110489337542,0.2657935978804028,0.5681435973850485,0.2581077879039213,0.11828291260114014,0.5379752255369422,0.36908578960720695,0.3106071022556478,0.1105120991433391,0.15452581046240707,0.15823180311197463
0.19652824133898367,0.10552252502739837,0.149002023009199,0.1954974290283338,0.13622981597996023,0.07227663522081096,0.17497578794410665,0.026768451138974053,0.02351137090135964,0.05344812001029611,0.09551929284329647,0.08413924153738807,0.07811731139585391,0.07789955103823776,0.13859694988979177,0.1848664125147298,0.21596369630653356,0.20909724405115948,0.11092426841372172,0.12854826264688196,0.2008424376599271,0.21183864825458437,0.22596822032499475,0.12745146878405478,0.04234944175409281,0.22674518339961333,0.06113526470412622,0.05442519235455728,0.17362153910101216,0.14338685549729777,0.13066961857160386,0.12312598750667623,0.09269282845396197,0.16054780962312398,0.09360395473903689,0.19345886349185917,0.22173811665638657,0.3195552925277015,0.155608616388948,0.04195077994333479,0.35824450701996596,0.13057092649765795,0.16448821227171653,0.06364520782034044,0.12093139210781659,0.1652218364785371
0.19520248595902326,0.2083992501113948,0.0876903591770236,0.17983401258212933,0.08081305851869128,0.09248263188208405,0.19032312156923878,0.025204916858612744,0.0259819530568972,0.044994249882112876,0.11161904077737182,0.06619479502181906,0.05952476084907116,0.056579588344881436,0.0994269742979145,0.14153469129404495,0.0674903611421025,0.09336716090295571,0.07147780199137102,0.10638032480641735,0.11573984170869188,0.1780947363812204,0.09887230152706597,0.10406494111376732,0.05497390495843465,0.20313151386566664,0.047001082751101105,0.04813957680478075,0.13871604818262656,0.15023115262138298,0.09053304228587604,0.08200213322617868,0.06828623423968487,0.0676426248476171,0.06518545752785783,0.11856263311812767,0.12725286006172257,0.1710245196280997,0.1239840233329666,0.0794977671901843,0.3124661256125574,0.22072567414770405,0.1769952211183935,0.1304795967695655,0.10304359619656828,0.12874090083110645
0.194000237322742,0.15030973546028328,0.09417915261476364,0.23948691796558666,0.12319187999372987,0.0451130754314522,0.21547311127429053,0.08878005023379101,0.04684697735625215,0.0482507804947023,0.09806315596146505,0.047176090454336905,0.05708134874262841,0.0693782465520989,0.13672039279284315,0.0929125465377605,0.06263004284726442,0.18921613312290347,0.056870736750398186,0.15099205030329507,0.055940363753945385,0.17184453680132494,0.11053784143136511,0.048038398469532444,0.031105364109893834,0.1454844088356952,0.07481940842644366,0.0774247716568788,0.11124031171353739,0.1094004795955458,0.13334302962570405,0.1349793071479581,0.05355299626513299,0.06115240679438737,0.0978448605535433,0.16228682222420468,0.16360936353364644,0.1566971692377111,0.16283770280042972,0.026116070640395592,0.28504123759773503,0.19062117222232022,0.2514539205543181,0.11583720192740873,0.14077522027911257,0.10210442063760086
0.1855281896470198,0.12866195349908066,0.09547016232231617,0.1510790389061884,0.16455783842106433,0.050136850659503164,0.12604162272161443,0.11725376626782363,0.031237641035772524,0.03837984236678315,0.10829019484132286,0.10252138276233003,0.06386804222744913,0.08026044279333056,0.1369641795279935,0.06489245448990189,0.07262472690703539,0.20401028640993168,0.07326304287277849,0.06206275940116098,0.010871673355859222,0.11190294144268888,0.087546914259099,0.05792054874241075,0.0440659350706469,0.15154106286890603,0.09566234800876203,0.052953328220953506,0.14804421596649878,0.11987371984897735,0.0687306846113344,0.11024277153395527,0.05793543430301451,0.05471389886955841,0.12238850845642014,0.11015793993394932,0.1588140212578503,0.18962062701442475,0.13158361875646898,0.01948301670693114,0.2446068628318382,0.12110616832278949,0.136475768506376,0.06676740090562144,0.12870801225188094,0.16653393751607182
0.25922528402732226,0.20182511823589125,0.1739456786473197,0.21043411841011328,0.15686846646075248,0.09716988604018661,0.1759391167928128,0.10595410588168303,0.04645457803970458,0.07188886952009785,0.08481121630482429,0.15899607156419432,0.10545057627549143,0.14020145213369326,0.15453921706603335,0.0912608345734764,0.20202140162543988,0.17928332036068362,0.16152316431967073,0.10708986705000054,0.09725108143679398,0.11082961991287733,0.1917487972863554,0.08028371729770462,0.04205103200318545,0.14740693891861148,0.09308110452979312,0.16876354271653865,0.10813104380006229,0.14481467212657168,0.09872107298450254,0.0516631503863203,0.10194266283709451,0.21422630472038126,0.12491656229804031,0.11781082004537824,0.12857156478337078,0.3070836540706248,0.25982478338759385,0.05094883815121211,0.2607838536266526,0.23134629630026687,0.13711009401155552,0.16335336757607521,0.1572578861534466,0.2201490928716441
0.46760496241689364,0.20426011582838247,0.30533686026048107,0.32690282446849456,0.2055497673927708,0.1840180185782819,0.3338412171784719,0.41482974779996906,0.14184496980377032,0.21598452047906289,0.17612879647203045,0.15154391743371687,0.2793760172113114,0.2708232597052817,0.31766502016380854,0.38458006194053557,0.3035309686711081,0.2643066595438863,0.3295498026594978,0.21420223966216975,0.1887162914692847,0.25461682212059294,0.4691848129561284,0.33296692973819997,0.17061797134397277,0.36548109476781193,0.24243895046846792,0.2510847914991575,0.2771445016678011,0.21423959979413856,0.2540366497533535,0.17277415249088995,0.2738636903757445,0.3308643219678412,0.24051525873616886,0.2467574855934214,0.2087841150676179,0.3199038818941051,0.5319124563942957,0.1702168658683158,0.24008456023895852,0.2597886015759353,0.2870282830722882,0.35156176965008384,0.33182360975189573,0.29304128907371596
0.42948268698295594,0.27821810421767107,0.4170433003400302,0.310135809025555,0.27002514030906355,0.630695791135683,0.4698500361893566,0.471751186486999,0.5115511701138206,0.4310446528423808,0.44856694056129953,0.21333611402804978,0.3110684161113971,0.4766280866022996,0.37863735214477695,0.5045821028226535,0.2624974635279793,0.4484104883844943,0.19477768031113912,0.3116219634303417,0.34228057752672497,0.32971103899399223,0.6571163873510357,0.32532819508408517,0.24831839819134777,0.45444098324115073,0.3038252082887037,0.3565632674486561,0.6549533580322786,0.45700413051574507,0.37524129463674843,0.2787588936704064,0.43331538483346427,0.490140876416598,0.5934361231627486,0.2462964254838668,0.28268995635009875,0.3679960072165339,0.5848261727252874,0.13300258807229887,0.35994705874983385,0.24513879568405184,0.530928503833589,0.5081709540664348,0.41075229673070596,0.3155527166933404
0.3929801085550882,0.3444689490480227,0.4407538387704282,0.30141210440979554,0.2464533898941551,0.7357462293500708,0.4030108464987383,0.5305873724835034,0.48995172792417885,0.450629101445822,0.5549397883323993,0.2254199139934573,0.3211296669706555,0.5680030113042522,0.3359490625718611,0.47444754493701763,0.39187189908987424,0.6592284368980861,0.35722281762741037,0.15886173491896688,0.4134421077268623,0.31022217486919357,0.4755444013461741,0.319002688542757,0.07319417714309243,0.5174197591592233,0.4706387474459358,0.34922933908636183,0.5557410774011151,0.44688174660883784,0.47104525166142686,0.2911868192602824,0.5876229594340062,0.5614791575148629,0.6803697946502355,0.2581018772933189,0.28285190403863364,0.4477819879876536,0.579887982971119,0.14358746118559074,0.36280172750118583,0.26990873018970435,0.4651052027674814,0.47251903960386665,0.41510231997638025,0.26414057244484423
0.3721500372149126,0.32895606830740143,0.4362975583739178,0.37678400090922687,0.23351323453628248,0.6868505681897296,0.4278477258066499,0.6928634903128669,0.5309560183382138,0.5952218785199286,0.45149538538827794,0.31934930438458736,0.42049809321913256,0.5425383943968916,0.3458445859841382,0.5448931629676352,0.44657426883964296,0.5807122633929351,0.2296042115997046,0.2530863905089034,0.47358423778917835,0.29422471459683375,0.4728199170560082,0.4401493660496983,0.12627163129477348,0.596992417155555,0.6218668217707525,0.3902746950616664,0.5388727159055087,0.4967510735346913,0.41803999140344406,0.2820017703422626,0.6715661935037486,0.4727004611551868,0.5927697078505398,0.3085916300774819,0.3216719875106244,0.629189774955579,0.5832589311154387,0.17763215270528274,0.4269878454005008,0.24452413078655932,0.43027959849590797,0.5085448095572375,0.41651342786813234,0.42982023806600955
0.39577007113635015,0.3190123563979004,0.4359548839812388,0.42998746444720604,0.29862474283757046,0.7421005172957396,0.41094314016657707,0.5685715613972788,0.4735822153833239,0.7009649820438231,0.47591201466229016,0.3684257871968762,0.33311149814299323,0.49992893540132155,0.2756081256762489,0.5238072012943668,0.3950841338927974,0.5483734418470705,0.18681606298474682,0.20178924649868793,0.5245390016923198,0.3943743361815211,0.5440370452246792,0.45411042275832597,0.09820778863949972,0.7344339028844791,0.75686677450859,0.4550854093850714,0.6502968592502347,0.4501241651879391,0.29276088978280834,0.3466243150826819,0.4744625051091465,0.49108999067822556,0.6468428028160321,0.3688395485610345,0.3288965477067431,0.6337280117758465,0.5360941415952273,0.17577614407701958,0.549583421272123,0.3777353639718857,0.45519895820821044,0.4986540691853025,0.37651253411620733,0.4029796002239656
0.3751255964519399,0.49918876851384814,0.38925188647330117,0.4937921501533914,0.2561899474180787,0.5808228449876002,0.40360376107831775,0.5783167625415135,0.6091336623456073,0.6144408280058207,0.47342884310795613,0.564120031220361,0.3729823422566141,0.5433043289611188,0.2872885003582176,0.7091441017615753,0.6390964740108737,0.985051245328951,0.4337041512266891,0.1750488635224004,0.6160456102438507,0.599211631959225,0.4800197168862483,0.4325316209302821,0.09476327530022668,0.7480506071564086,0.6604182275997666,0.39351432611575654,0.6534968142934141,0.3955444751652314,0.563646106686375,0.34635957931801464,0.4591738366508028,0.6197580638890589,0.8674187717214767,0.4513563480223939,0.30970200136122367,0.5315846077467358,0.5330678102019677,0.18628952572397023,0.5721346680116259,0.3842990916860486,0.5128063782271468,0.6344057791699679,0.6239931160993477,0.5889370905271532
0.4044974435356755,0.5408743760055876,0.29765419982035,0.3949851365937679,0.2555595307469038,0.6273522186382312,0.3800226499472426,0.48442944710363556,0.7233813242107272,0.6204414502375379,0.5197997894068068,0.34257544503593645,0.42725107032521614,0.5407319901727606,0.28817234022119737,0.5674029127462036,0.5814222425677427,0.6928818999659441,0.3156579135523092,0.23157441957916317,0.6641645080380445,0.4379137735173692,0.49148638477377277,0.5202846380078026,0.1228340083925048,0.5777486462053674,0.7219821966618911,0.4682835766437616,0.5810745843164338,0.41168585251944245,0.6236143216212191,0.3101744420816285,0.4634219065987359,0.5624081230741393,0.6725662741067019,0.4739080177785532,0.36460005809391544,0.5297057588079516,0.46047357454744964,0.12967569803831155,0.5815986630024539,0.3366154625280333,0.5764898897790263,0.5633243534729562,0.6184303560446829,0.4907187563489369
0.3600524378908868,0.5442274957512411,0.3492115830738002,0.3211642520221211,0.2589607410536232,0.5605390491619175,0.4139499269122225,0.5221025677241383,0.5621897713021848,0.6772677040511794,0.5193475484521581,0.31408381703685756,0.33338953366823754,0.5175213637616605,0.3925244245587055,0.4674465452289162,0.4158620418980385,0.5763355190374571,0.25979027289077217,0.21072348045145714,0.5080989709747529,0.5393732431213852,0.6023916011101556,0.4848585587759506,0.25200783282325234,0.5836364219441939,0.5611620740065915,0.3809131203385035,0.608771505270443,0.647655592771263,0.5065183992943237,0.34479369295075757,0.4438105033574503,0.5090976736050085,0.6918867376713758,0.3818476784725786,0.34784434351877486,0.5557002475064502,0.49333583948323445,0.1762948988184052,0.5335867181854592,0.28807758645284004,0.6266308749662065,0.545210283365771,0.40647006811565695,0.5717283935833378
0.4665006624744848,0.5072065589218858,0.35423269801442503,0.41894795724658096,0.3378543250130158,0.6351725484437052,0.45410118610963074,0.6867217004530436,0.5873621886432042,0.8208434683810377,0.5162905714724549,0.3786895574474276,0.33803588922508704,0.6784393462306637,0.5077481830784497,0.620094688223837,0.5944333898639744,0.7070993538282222,0.3726260229390789,0.3238384183042851,0.45935699892373943,0.5088372362361434,0.7139497839211708,0.5115102800157063,0.434371905094761,0.5792752060206579,0.7219427803816422,0.33940235451285344,0.516349871038336,0.5203276406678186,0.4963527672531812,0.3510766997313523,0.3810678015694054,0.7812796647316738,0.7325080745646951,0.4306604093273113,0.3066320637304621,0.5932072224230217,0.5611119923316457,0.2471272427085164,0.5839625403861471,0.385703041454624,0.5997202442405405,0.6057691607270436,0.6762490407975821,0.34484057311851035
0.6443275567593217,0.7093703781941962,0.3674843149377835,0.44076510440416466,0.33954231441235805,0.507350397369631,0.5999072354742012,0.6507409813534673,0.6934765106155307,0.7202050037885117,0.5628204093135323,0.33386562930131647,0.4026313467093377,0.644589315945709,0.38507456317501837,0.6157005510022588,0.5858594724090844,0.7387315902050731,0.3615072397946644,0.3469010524434588,0.44504247616460507,0.6481205407111986,0.6569608172233088,0.5661948051128153,0.6418087441931872,0.7190805020445858,0.6095249649470634,0.40911831509132046,0.7001475747808179,0.7208255101978446,0.4628246121021016,0.45353094611676126,0.39684516920261886,0.5674966523876704,0.803788961805893,0.4894808706274799,0.4141151993600705,0.5323660364280715,0.43584849477360477,0.15326056653426798,0.5182599090161222,0.42935881756074973,0.6758193534461141,0.6025395396186645,0.5210704083749212,0.42261177529341487
0.6004721487276552,0.5591231206583128,0.38807648852332005,0.5438931698396754,0.39886951118233055,0.53245817126261,0.598989132266872,0.49562877394488114,0.48326141220664376,0.5082012551105655,0.4777653951112226,0.3938871584148013,0.5937043315567918,0.6049856615711081,0.4475203262151901,0.8199796801841298,0.6670712267475064,0.7277261413927014,0.5332522414915256,0.5570500833164027,0.6532749881436887,0.6915893125628045,0.7160671473410609,0.5900329281080127,0.0954012128132744,0.5909357004583589,0.4138621547535034,0.296832837200697,0.5943915651950961,0.7577022064862927,0.6089459771456153,0.5633192942044412,0.3983949320414523,0.4147995560794483,0.7601549443769975,0.5105149071265153,0.5302008075821691,0.5729814344148757,0.4168190855222767,0.18146445228637062,0.5752558434317789,0.4488837895408727,0.6928485154113179,0.6070171723741941,0.3080944074802426,0.5767478679449298
0.5873867979767631,0.7009091889540326,0.48385025052653174,0.592402548116457,0.4214927697252177,0.46975048193893626,0.7580526063596343,0.49807957914154366,0.3280088174302501,0.3257385823826626,0.4886755757921218,0.46763134745411605,0.529785776818267,0.5262870791420555,0.3659674455395156,0.36138031505835505,0.6720671762915164,0.661794200516199,0.49055552520206747,0.35142016428805495,0.564485002399486,0.6304214086004756,0.6951796350752952,0.6502749912937729,0.11892928311057335,0.53610359498599,0.49577206018208697,0.37791930288888226,0.6191444407763477,0.8717956938199577,0.7791509228584506,0.43270485379573437,0.2960535076527697,0.4489935719322462,0.5103847748886403,0.5352884899355403,0.5529946177697949,0.6859297111092051,0.5547007338219272,0.271560117295573,0.7263486425525845,0.6528664529063024,0.6336037955691824,0.4610421456968568,0.30701339079493634,0.5420959874233974
0.6109152106463814,0.6935077383691023,0.43319130656115756,0.5094982106475378,0.5793483605534964,0.5991440259530736,0.6695342535742949,0.4296319657095622,0.3031786307094527,0.31966275494189605,0.5304783743320278,0.42659580079075843,0.6155265128713325,0.44412590810930735,0.5136959011232698,0.43886389759070027,1.0000000000000002,0.6507939357234682,0.7054637128512723,0.49230634513845917,0.543315789757263,0.595934788499791,0.7994276478099009,0.5552784064987911,0.23686384927505483,0.6444415453450532,0.4893717983753191,0.3728191688601744,0.6621661824251772,0.7340556399581109,0.6867427526805703,0.4437968304996703,0.39432997989554974,0.47404792916402105,0.37521890840204686,0.6652229049893315,0.5513413764844189,0.6142890164307377,0.6785264577883738,0.39692773641572765,0.7312364942362918,0.7006637747883849,0.7786000714509188,0.49476579357865874,0.44504227815154196,0.5495998458710888
0.5916307044520392,0.6281721492877246,0.48864955261997667,0.4283134741939779,0.6320228057037885,0.5133155416541195,0.6428547834249406,0.4233021845044992,0.22841568373926682,0.22557471981417906,0.4197861619674195,0.378305496159077,0.4177400897689837,0.43232055257018914,0.38293265751850736,0.39275752464991054,0.7464935080509162,0.5739561483721844,0.47831010744313285,0.543518935111668,0.5619972355582615,0.6290106910690139,0.6945980836526053,0.5404204524461037,0.12054758028258447,0.5300662661887017,0.42847536651494245,0.398384115564164,0.6174204132412164,0.7303245937608599,0.7830618492642384,0.48765678046475974,0.4649212499424275,0.48070033485725583,0.3781780858578415,0.6968593805673211,0.4882671504288376,0.5427142041746494,0.6838676658957323,0.5072742475678897,0.8070138105770965,0.6230101267603033,0.6991386147792449,0.38386785007853474,0.5080115531753625,0.561654536011702
0.6911293011068206,0.6215818649536776,0.5424919311829558,0.45173535283265714,0.5458272891129763,0.3334239922699348,0.6352417154975321,0.33785257232484667,0.14282818434985062,0.2762740994259406,0.4578627651061553,0.3950737430509442,0.31136116902945654,0.4361290181065081,0.4276484576355851,0.3143035990964918,0.7196883197553432,0.3254244061293171,0.41579298018210586,0.40965081720547064,0.2916654728847704,0.5101771412981307,0.7706308196035068,0.5921342873336533,0.09780479580495335,0.5460445607120419,0.4378129441104042,0.42646906969927567,0.5798826460387976,0.6831651620569494,0.7745088027531334,0.38284318828821495,0.3702951449381053,0.32159825043297696,0.4957119467917455,0.5309531941030865,0.5320886000223323,0.6055781808416273,0.6625184850302498,0.2447228608506616,0.7487279021645952,0.6376156416249685,0.6796757181333892,0.33090425897474074,0.5635930182311972,0.5207135776799052
0.7039602851837922,0.5322408360618885,0.4790307705303833,0.4539636059046833,0.5632006431862338,0.28701013058439934,0.6667479959574615,0.34555218039529767,0.1685639827780691,0.16648173781744557,0.39037895484223506,0.24807012849465765,0.23622645424923996,0.4600512464732,0.3591465117542041,0.3083902616841226,0.6759368683416841,0.36794083268873506,0.28141585090074756,0.43114874641929507,0.22828800791168602,0.33497938219527645,0.7354812110938251,0.41516572747489544,0.08337678830852388,0.5577921365159071,0.3932262775380197,0.4152250282657564,0.6009876698656516,0.7539525749358139,0.5777203353786036,0.31371267828035476,0.275060752217532,0.3867903349207418,0.39510706223834613,0.4765635098298936,0.5095228857390124,0.4592609683584099,0.5745777461466675,0.2593703511325585,0.5924025746478274,0.6175302310852009,0.5216952526501035,0.31297445490299153,0.43609085683933063,0.6492886976593853
0.007238313020455377,0.015512278567100229,0.005631930547122046,0.016797229886707506,0.003143582465397147,0.017025472455084678,0.015856336910918565,0.004247295195384478,0.021718956703257363,0.041853279328520225,0.014895012047104531,0.036897829063530924,0.025715414169624737,0.019638276121812993,0.0,0.03648203933612042,0.02156903259694718,0.001652748686362393,0.024283879305142524,0.07794447651919129,0.03826507176305091,0.008820993812179632,0.00789141877537345,0.0015693104034699007,0.044689756712153854,0.027503437039485067,0.008360363781022152,0.0,0.016777433663293782,0.005266903498760155,0.008266717819084557,0.026739033556972224,0.021676222424690868,0.006859689063445376,0.027600275839515173,0.0,0.01367278878906851,0.0,0.0,0.0,0.02640204272529264,0.0,0.020050542321587712,0.011528863669042246,0.07828739975313748,0.040699752058408645
0.47286994797276827,0.49815113029999897,0.2692846090991225,0.4074604728693097,0.3403011024585625,0.1757405465396136,0.3517297804543859,0.15577559394013424,0.050596397527516546,0.10651865608171678,0.2553666363617003,0.13828313226692476,0.10794462711603171,0.254964882306452,0.2738937720476806,0.15796002315733154,0.4567358313056862,0.29155274167892925,0.4670355370603416,0.18608867555191455,0.2173017363349145,0.2675796947809735,0.2788916833487497,0.2578895690163356,0.01785146612410953,0.3111186650099854,0.1542660689395208,0.16772427353490338,0.23951885136337064,0.31166540160031797,0.39939997353726026,0.15182441022257417,0.09130872550157991,0.09693838917487937,0.2068071027480169,0.29263370460929716,0.34262016168478676,0.41062239793832667,0.38664302150462715,0.1262368712845186,0.5508856541978603,0.26198639156521447,0.4208157276293156,0.2065449934152429,0.22205586238242853,0.3534583206809432
0.37645400904425963,0.3682229660945134,0.1601981542099504,0.2659416451330549,0.23763728985554106,0.06514330970550608,0.2409996730160894,0.09632435609704673,0.04511723079747393,0.11878855940522307,0.13612586978415409,0.0638153049379438,0.08509480059907722,0.17951947414788788,0.23088840075936123,0.09360947886300959,0.27712605831297055,0.16610182326765371,0.3013459878249505,0.10688672565495469,0.15511989195131892,0.33331242262607397,0.21385316162390688,0.2340280835374279,0.043293069618659384,0.23781933847836242,0.17992911313208307,0.15823404652880235,0.21855391839630273,0.2013375463703555,0.2100775655118624,0.0621438859458598,0.08835320387706884,0.17610319326219023,0.13829420619324206,0.25807236423874247,0.2866544458512109,0.3538633966387967,0.2596634295663179,0.08997118486298626,0.43994313330870677,0.2986709939000272,0.3320741165113735,0.08692677191089304,0.12640812052408754,0.10472441647697267
0.2361876030323056,0.1710965532604595,0.1272725515976963,0.1802485571176529,0.1839619845314127,0.10125137953662025,0.19745083048642295,0.08007399662278152,0.05726471154014068,0.04458887910011735,0.11337681736166959,0.06726760793259132,0.05444456088613167,0.1351951603624422,0.1790533771690771,0.12140170403117094,0.18202116088503495,0.0996804826624203,0.21032951183737406,0.10219765656825358,0.12100656701839597,0.2631204301523567,0.21245337727231384,0.2051505518901703,0.05528557188419115,0.19311966227391114,0.08819594000032743,0.10677352363807677,0.16414754111996835,0.11473863446216909,0.13259007735894235,0.0881690420964718,0.05940549231628367,0.12272997756376094,0.17217728827526751,0.20806192686614208,0.24841903093818413,0.3261482657797964,0.19860840003313254,0.05652072351720591,0.41035579628843377,0.17437447231375797,0.23761813695228015,0.0580393051533958,0.0667295328342573,0.1890792928239548
0.16834618669224052,0.12789051135591128,0.134159764804249,0.17068126247930984,0.13388929125959692,0.07852063560091974,0.15106688515532687,0.059703305766224665,0.026445470786814713,0.04053710688535629,0.11723534432294082,0.01907161855237529,0.05342939826959259,0.09159743254258293,0.11140834304985853,0.11898490326417262,0.12576246062071905,0.07660904783542138,0.1940841890888757,0.1281241743697901,0.026524279695180723,0.19410478214176297,0.16067758672679772,0.08006523920266659,0.03754643976378599,0.1577049839029002,0.06970522746127819,0.10753324730190056,0.18187039005334762,0.11855865835550985,0.20503136027401564,0.06243188639568839,0.011418204051782274,0.08654366423344065,0.07269997227713283,0.14715596594304614,0.19685253996455446,0.17548276046376196,0.19724194333283082,0.0313036625912573,0.3128744146122687,0.22199437837001967,0.17853951813607563,0.058101848292580145,0.10241206440825554,0.19543298024323616
0.14984441485142677,0.1460111852971321,0.11407512148831625,0.19157428110886604,0.153033783035776,0.04674916248718373,0.12412562147751804,0.08177080408955721,0.03294486988652423,0.06842775631914061,0.09241115185017243,0.06906811818707653,0.06029705219471554,0.16072258561319414,0.07657145955673242,0.04504368480577203,0.1486983980795284,0.14725217574592217,0.13023704629608282,0.0,0.031708804199321074,0.12580204239989495,0.05454972869534237,0.09851122301666798,0.010310346939023787,0.18068754538679754,0.03453112611227393,0.10778057125659146,0.17835282541617262,0.15369213638473947,0.2609011206327203,0.03240204820362513,0.04525646626654892,0.09083669790756452,0.08542579190095373,0.14867747607032375,0.15167324217658307,0.265784587852685,0.31851456281724827,0.037808762181403,0.24048981547981402,0.22128961459540436,0.2573505285878122,0.06367548128519504,0.1456840359567009,0.2630352450265664
0.18181145272278093,0.11559092541429575,0.0744311866357472,0.11929764702981328,0.13830978305008024,0.10487533853098333,0.19926848319746898,0.1422636481616392,0.05343832612830769,0.0316409376087981,0.030544759068800182,0.06389832939508867,0.039628085458933336,0.11860271697168695,0.05945903223880816,0.07502433786590068,0.07391763401319307,0.16112996251798853,0.1456977020215375,0.03840922534118776,0.03073232742741503,0.1421045230212173,0.1122427983949075,0.1373410717579619,0.029177996082396754,0.0856866401032609,0.06523205465625423,0.09359872803665242,0.12454215206673791,0.07204026315475988,0.12112414242455517,0.05071508301762964,0.031070381905616867,0.044909985294334986,0.148680461875417,0.15044883283090962,0.10629632982755516,0.22322964709350082,0.13494397308079653,0.04366679922337528,0.21685515618914336,0.2314724258525152,0.274785403539024,0.06537894193769292,0.0875464203474447,0.18300813101054364
0.23451579037175038,0.14791487760498892,0.1481773909480193,0.18477113504211592,0.17642269468157026,0.09202202193119921,0.2050597055711219,0.25608691140494366,0.030722656314611147,0.0829708652536486,0.12156592314190394,0.053216497809126836,0.13075641887258357,0.13666387343545536,0.061466826390467216,0.15278091779226594,0.18172288723516447,0.1556458410513965,0.15365542839265486,0.11154064473790942,0.06038110753523318,0.1371275091242585,0.2257197254979263,0.17346439548142364,0.04689845124963029,0.11220488486176407,0.1524409589648969,0.20488429863666074,0.14866167657681587,0.08427095217657314,0.17827286987700514,0.09671552633586634,0.07836619897910865,0.13591632821164967,0.1843347308649927,0.15515782759524924,0.13831415802900737,0.31333590735703337,0.15719627829657143,0.04441190528590677,0.24206268139358467,0.26852070114477544,0.24643099587505732,0.19040337818476008,0.13914250768426062,0.15209676628610408
0.4520965628235004,0.31805513098082444,0.2834987530267123,0.24622592282473624,0.25793055404744253,0.2675132643204365,0.36515555511615133,0.44570299806926283,0.14339598067436005,0.20910367819599388,0.22665741776282414,0.20687974715437402,0.28675697109294523,0.3118262721246976,0.33296316100699835,0.3263420794622241,0.22586220469597418,0.2653482111632243,0.14783179130668422,0.4287568370644217,0.16730135162659665,0.35416367739722265,0.475728029134264,0.34361966533626387,0.1606045433761107,0.4241837787588147,0.19060587790911238,0.32174613869230334,0.26078283821069814,0.1520978359323696,0.34371281040492946,0.2605532398489971,0.20919040370536768,0.2592505265259115,0.3636527663117628,0.2838949057536151,0.23559949385194645,0.3650182447505698,0.3723907479510955,0.1838983717911752,0.3027971075736148,0.2893197652290766,0.352583433411461,0.32458314170394853,0.332586048989348,0.31594361451308806
0.5039056774377706,0.4548179541207564,0.4393631110560043,0.32390152012003065,0.3615443446462127,0.6102216487362168,0.4880793923966641,0.5503518686122048,0.589434936699064,0.5373511103875257,0.41942951644517024,0.23019456496102259,0.34993057011264506,0.5284642916362741,0.39832441886819264,0.5072010546400909,0.33319360643562534,0.44873641852987006,0.23614733565915005,0.4299281178852194,0.5033419753395152,0.3898891458079893,0.545405498864211,0.33337997667956376,0.14341138029993575,0.507554377676182,0.294891699768834,0.4449997640660581,0.5435267801695074,0.2545984042961328,0.40599731176693726,0.27788918202459423,0.45171226943761067,0.4051616855681688,0.5910550105933705,0.3112422227039018,0.2500278371157731,0.4822872642195743,0.5064735611637964,0.15418143622786426,0.3921914788386814,0.17459240380482638,0.49228999371221743,0.47415829242113766,0.45978550434881876,0.23609342213477322
0.42479249294809346,0.5843204078767732,0.3112948677535642,0.3421964604635393,0.27195395909658215,0.8216375531287338,0.35545564886140774,0.6190736022055012,0.6094490270109637,0.6430270592387646,0.41288037957329443,0.2401334024241672,0.29433467751716774,0.5367321338091093,0.29712265212909805,0.4682291071455786,0.4712950043152415,0.4571669397369142,0.21708523579231656,0.48130810970706683,0.2749962650730022,0.4041386816655673,0.5083544143932945,0.39491802067209597,0.09650096646604123,0.47871588102755197,0.49844506525978916,0.4750776021438184,0.5952906836540138,0.3587854034652179,0.34860384252377025,0.19835168650829813,0.6040114526715478,0.47718730815350663,0.7224705905877312,0.2811252013832315,0.3313078193166807,0.5635454142080538,0.5971491451227007,0.14517408552452507,0.42515577893466217,0.30537343545716644,0.5278500479514943,0.41687502224254464,0.4467885950767813,0.48954517238502604
0.4512846753268265,0.5279901251428485,0.37120588394549,0.3237488985747088,0.23054540702511345,0.8444917882426831,0.3882337645814426,0.6049796826896795,0.6388027769326635,0.7619228717199857,0.4954548339814497,0.2800617419674097,0.31867739568216524,0.4992619345768634,0.40687374854711295,0.4864655593147434,0.5931648342690425,0.5784327926780093,0.1658170538928983,0.2936261847814122,0.4688909515553582,0.4143622293201817,0.5399639484778762,0.39884611833493494,0.07667786417596104,0.6002688572715724,0.47089525170237034,0.365011411318963,0.5986027159495811,0.43823164397349335,0.48545997652721296,0.357117342680824,0.5840617276722159,0.3728589146116664,0.6749056344198717,0.28886117735731454,0.31834814922325133,0.58456826017532,0.5502830295131458,0.17008301290722613,0.4799842564205425,0.29057079448652995,0.522146829468014,0.4640607457317237,0.5374478536886671,0.5748595368540754
0.43362969497998555,0.41916351461383206,0.4145166487415663,0.3570521863970473,0.2727749401915441,0.6269207441919735,0.3807578280469631,0.6079543957419824,0.5470926783239153,0.7261602520535908,0.5234103248030934,0.4055624346093685,0.3258481876100158,0.5042314488846182,0.3472093850487704,0.4874798766073493,0.5059998751545691,0.585875986479635,0.29701428658593926,0.3254456802361462,0.6164769822665226,0.31419131991434085,0.4926184923404396,0.37046912842197494,0.06643412436711521,0.6743951457467943,0.5250950165698378,0.41662751479638493,0.49904394450912754,0.6718584721904433,0.3661867406539148,0.23967555770723936,0.46701393201136326,0.35740613969229773,0.8152534993002479,0.3109633420753586,0.3516561984214222,0.5633984570225964,0.6390109339184636,0.22875293933382868,0.5008154186310838,0.29874646887318,0.5178020274672749,0.49159174413309475,0.3304820008465962,0.6454300636012421
0.429146064887288,0.4446971923515153,0.3632144128458438,0.40037405997014913,0.26008218951651546,0.5545308910025423,0.5075125691359018,0.6176238933197036,0.5936372824149299,0.6217818410663256,0.5041622140991056,0.4103212545672871,0.4374679314745549,0.5233982085187988,0.3876845576888087,0.5007328252824591,0.5312112804888387,0.6005448507636779,0.24493079440265156,0.36612292991143597,0.7123533088102905,0.49988923364085125,0.5314659097259651,0.4311696316667757,0.08021458957559646,0.7198406934836759,0.5881600701554165,0.4185503172590299,0.7553430568824859,0.6259437809025851,0.38659958397297894,0.2493400186853872,0.4594478258912325,0.5246906328785081,0.8151464081566407,0.3715749068217372,0.39350537469334096,0.5372253559941667,0.5361297942491187,0.17366582568110286,0.6243128696681671,0.41464965894166944,0.6291872960534087,0.6132196126617044,0.5297044754931794,0.5836074050095771
0.4719480233540161,0.5656831565136138,0.43205897273669197,0.37346488445343134,0.26238080521380275,0.657253298297953,0.526925679306411,0.47886941284987583,0.7222842645571448,0.5427453843959389,0.4655138274058961,0.38267590896994336,0.3822885467962889,0.5652256068506754,0.46868430258757177,0.5450466737166911,0.5371577275109578,0.623199114536577,0.265672701416597,0.4148877713312556,0.5430803473671639,0.394616537543874,0.6213328440597117,0.3949200990433303,0.05551512636776939,0.5977634862456449,0.8982186624884381,0.31064198977841057,0.8517279415203924,0.44752182925007566,0.5489466088612438,0.31168566045568113,0.514618904110741,0.46157666741087744,0.6866808966179538,0.3582432411955785,0.36564557389946445,0.538976762329593,0.5482309808327958,0.18287029825804396,0.5506575808562703,0.3405927671217313,0.523005115134559,0.4695262120847858,0.5159746565737743,0.6021222975446954
0.3935050873434998,0.7992573885497318,0.43591057522249343,0.4218261661514883,0.2659508387156177,0.7171510988798064,0.5280899671671465,0.6301175478612907,0.7683014260397389,0.5183031983315498,0.5528590267443123,0.37828375050439167,0.3803958246454339,0.5945895686823444,0.42153817593354925,0.5260534711267857,0.7517027866531654,0.6307801824653592,0.3307073353406198,0.40589128932318946,0.5076907130388718,0.5314147609099208,0.45795760239438293,0.4530085744094497,0.09313724234233542,0.5282113103932871,0.9631359164786861,0.39629882591175414,0.7465718043059072,0.612081946170735,0.5167029251377921,0.28611901451757527,0.4832896205866734,0.591107316829848,0.6802200679117553,0.37456524307061945,0.36443486489973775,0.6242269952460336,0.5023961390920771,0.17848001986694054,0.5773736565035654,0.33842937464319356,0.6012103181230204,0.551086497956592,0.4245210506123015,0.643672814106543
0.46017082321904873,0.725244146474778,0.3599243154102795,0.46049946883140935,0.26096032448946543,0.5497573580076694,0.5980116545977359,1.0,0.6418261792582116,0.7213953074991175,0.5736053263505972,0.3407980808983655,0.4140660914585703,0.5840210871454461,0.5528576281773544,0.5639812810035166,0.6159387541646497,0.6089960031356285,0.353396463360439,0.32832218800701846,0.6376092892216091,0.42593927357695827,0.7468745000644335,0.5178497838000785,0.41900661546938694,0.6501803143507732,0.7143416954423083,0.3621133077425238,0.6813476483083866,0.5207861782807413,0.6308537337930666,0.310404494883565,0.3731696162693657,0.8321647503028632,0.7792735179234809,0.48019458802570614,0.3665934919129792,0.6099012778635625,0.50371416956637,0.19227669680783857,0.6064035656077542,0.3653001590082322,0.6243768144437782,0.6325057221710125,0.7836213733320613,0.6335673116772119
0.6261414402067745,0.6122029969555643,0.32887357488252134,0.495540662100441,0.30546966167800166,0.4969673489764584,0.6002980711341955,0.7263015403747558,0.5662708676295506,0.6902061722173749,0.6355737610099255,0.40564691221723065,0.4958843822297553,0.6160503945461036,0.4866367532895517,0.7219242627661338,0.7451739331610582,0.740383070675487,0.5315028162152738,0.4143876491581423,0.5105531223681483,0.4858671293291773,0.6871326949815268,0.6460203769929568,0.6023600550701814,0.6937290256775295,0.5092623161870897,0.4128858562979786,0.6080245755953883,0.7224896598231815,0.811001392022635,0.4489660256435098,0.3692463609027036,0.6372632356597663,0.7133344735825724,0.5163401738019625,0.47937213019712865,0.5469194215473989,0.5307024897836815,0.1933401768208766,0.5329716727614449,0.5754525450344715,0.6283527766754615,0.7343877674161117,0.5541400809129334,0.5995005633955582
0.5012054749797827,0.6025513249498408,0.40065931140562855,0.4738492253909293,0.39852857942717984,0.4628021436291804,0.5833378020888537,0.4980144251872135,0.4946766007026818,0.47339995846959193,0.512982568170647,0.5276914626370325,0.7350834259830662,0.6037669088406001,0.5645405940790261,0.6874798276802419,0.7475323076434299,0.7254539641279059,0.5227048051850939,0.5325108885663924,0.582764479141342,0.7292078884330505,0.598392481648329,0.5826468504349026,0.20872857613100046,0.7127814952856897,0.4854337913341451,0.31428234007303535,0.6192404839065241,0.7673763879261265,0.7476945807556865,0.4744888151510522,0.3625370552265843,0.5446147699591014,0.6429018238141214,0.6240776746305258,0.7197286761890216,0.5952762660523405,0.5190914346118556,0.20792666667598728,0.7357417190703643,0.5372540782619513,0.6224290353228441,0.7512324572560872,0.3791721145524013,0.6118376751785086
0.5250006912428297,0.5598290622669131,0.5045921579811918,0.46277292860538277,0.5761833507866914,0.38836852918268233,0.7215108527370805,0.48925236469305244,0.5362803945940939,0.5249369020460581,0.6290154884307044,0.5914861847108993,0.7985900430912191,0.4968338700558952,0.5650929627610219,0.4967779936754035,0.5712832786091342,0.5797616461487207,0.6309068608659698,0.4258572675585626,0.6696143076203007,0.5950164997656499,0.6617193361524001,0.6668418291250275,0.27908725299233234,0.6744798467024038,0.5334216089038607,0.38204432341368794,0.7357449417244818,0.7152441517929455,0.5401212838114703,0.42317238138494023,0.33619237956188003,0.4521945035040468,0.554106325187921,0.6359363066132894,0.6484927933288721,0.6778050279773776,0.5424590881117071,0.210575815603311,0.7496709061257864,0.7109976461337952,0.66831241503604,0.6379247385343856,0.31832611200293665,0.3968448874965921
0.6397105839867802,0.7112508862655055,0.49882982367143125,0.40497069496497523,0.6841129258392835,0.4231984552876503,0.6012471606493306,0.4733227531482689,0.6859876493292038,0.5267766212715028,0.5240754195419631,0.5825735106842519,0.7105620738432535,0.4133429029490148,0.54020324267466,0.5292933655907701,0.8962080503696913,0.5514656611524809,0.7184267064487847,0.4087699381051049,0.48632125247251934,0.656720953899356,0.7389292462123185,0.6592356899527416,0.32559930049221447,0.5893019952567868,0.4391171678166661,0.3586578326178408,0.8765976962565921,0.6100319821809294,0.5281100258290126,0.33826419499574567,0.3814767793338383,0.3858977510755369,0.5185157941828311,0.723151833780751,0.5482445140528116,0.6307178265836044,0.8242317247969162,0.30612692521931506,0.7581146651435361,0.6398859354551821,0.6589775935034039,0.46646230497369606,0.5947975348948783,0.3781239781774236
0.6984930072628073,0.5311409992754289,0.5666403013812622,0.4445614846574492,0.7360772717290963,0.41451791122611326,0.6625424029611295,0.3840107768416493,0.48963364054552383,0.3666810513018708,0.5170363732450136,0.3904562826001162,0.49298164899423225,0.4372376802719449,0.4733212672989161,0.5314945578366539,0.6920434931261813,0.6490723559853748,0.760129680712187,0.4804016794333319,0.5294823614576988,0.5455463798327241,0.693949154220876,0.5118811219097463,0.15407685131834994,0.5873311028383459,0.4825144931189741,0.44104698944047865,0.6843473730184666,0.582731445897795,0.551271391302804,0.35850199204934124,0.40631717103912124,0.5903627269798227,0.40777570228484344,0.722339260463764,0.44544224980775476,0.5234019147129201,0.6907129778911654,0.5550138315054789,0.8876387784918451,0.8551302970981155,0.7218051581698388,0.41383917947311133,0.43261959904292446,0.32419325642187025
0.7331594488350762,0.5798968757923665,0.5216204094953799,0.48168045000721577,0.7769866305101195,0.218603960174044,0.7255134747932125,0.3093931646186143,0.24707849745167396,0.23720218651727815,0.3861525131970352,0.4219258123135722,0.3558697652208971,0.3913118725731556,0.3918867661929409,0.49615772699731214,0.6078009251100611,0.4749003170884388,0.6329037330646018,0.7086639440914207,0.4141423703516465,0.5199076007802329,0.6251388771646409,0.6406777699488526,0.07568822746508633,0.6259272191785668,0.34499318590464606,0.3855677841780711,0.5226566390745154,0.5978331389784036,0.6633955360591243,0.36203135957589494,0.43408465329847334,0.3787482502449159,0.40081083556941216,0.5565002877262843,0.5314757955541117,0.5972117076654646,0.6954669407946205,0.2772752926126774,0.9242044084840085,0.7495971024769684,0.7792398044892653,0.4171968740397802,0.5822141163993273,0.5119974836429202
0.8024573435372924,0.7742226304515126,0.5374847010104901,0.5137927127018816,0.7057575431914985,0.19690096520624484,0.7796548291980517,0.38531536206902384,0.10495250778407296,0.18979640159305286,0.35826416990589627,0.3407975022769599,0.2853868568375456,0.4035439894477824,0.4169327146280706,0.367655025118877,0.7522165348497565,0.28548776904246065,0.5496480252941253,0.521095966306744,0.5501972596845487,0.3923195376440782,0.6497731716427599,0.5127601368866821,0.09676000106359511,0.6292769360954522,0.5252206272099937,0.44270407254434085,0.6038253202775618,0.6628098419568563,0.5283940912862046,0.22910582297523668,0.4693011459312166,0.4542821631856879,0.38092818031685427,0.5845464372312318,0.49048712466404,0.6089703034790821,0.779156692734345,0.2999132594325581,0.8395209324819009,0.677149917662803,0.93028988283283,0.2909808862472014,0.3223703681507053,0.6144279698496873
0.5184005926705378,0.5138382191224754,0.3479654010013653,0.40965589302350897,0.4776340719333583,0.15994780417892063,0.5297105374287456,0.251001510954327,0.07493349597245619,0.1856417940476244,0.31431234564788385,0.25522566825960097,0.2410987135615361,0.34610216131117105,0.3360436267812558,0.4168051933631203,0.5393122323207392,0.2446051682104713,0.3902537202812065,0.4256964244386495,0.3918016043027747,0.40560661706154044,0.4090767604655848,0.2928459775391956,0.036976853161767735,0.40506117673215236,0.3436046984356649,0.31623604658522136,0.40040254201483594,0.6979651846160518,0.33419028700727116,0.21349315733445515,0.2583378214892879,0.28323473934680554,0.2417949692149558,0.47417396487219743,0.3869873487187558,0.6150126297634628,0.5297415846595273,0.21821282443604645,0.76791055632936,0.6290888848224461,0.738011097797119,0.23766794497689014,0.24914005129263678,0.556026079302385
0.3952726377312374,0.36732258515578425,0.3114988141133209,0.3819066683098193,0.3848775946044437,0.10895179098449678,0.3438038389303338,0.17590069656378823,0.04385807878780175,0.1505280808600579,0.31867805621308276,0.17818899576712938,0.2176795940690215,0.25986882443587966,0.39842795057233316,0.1346101563160209,0.4269964786654315,0.24568778854890244,0.23973544347267853,0.100094436320142,0.34434978738189476,0.3510215801971074,0.29890438731336877,0.250862078724898,0.03838239998866675,0.32763859560791764,0.15759325737615643,0.22171518770710838,0.24204047189382183,0.48861769729685733,0.19853515590365,0.1339525640635585,0.16787752005348072,0.18448742995052475,0.16583812449080915,0.3575985885523876,0.41510901030800373,0.4325243550682686,0.5579018972251929,0.1396363414585593,0.7228583824968381,0.3206316677255728,0.5179240276851755,0.16801818002157434,0.14175211484046055,0.6864131755329392
0.2753267438480164,0.4022181583147833,0.20342557879952794,0.3929365663117866,0.2957514517324471,0.04787331324212444,0.3480184668474201,0.09447920077394387,0.0466698098641799,0.10113480063851087,0.1385501280623507,0.08662576345835656,0.08995403341482495,0.19153848666636378,0.23640299956483635,0.19683848685367783,0.24651846387707882,0.20215119708034196,0.4309846190215724,0.06470613056499067,0.3171676181795703,0.35239713341000245,0.2276131152575933,0.12214005620597454,0.026481218640980714,0.19404685532848606,0.10530797937060879,0.11626603130513832,0.1312575587783322,0.3764493867387545,0.2311654659322414,0.11514493101930258,0.06311188328321443,0.1534257331080332,0.15826016003892385,0.26370649866358165,0.2987025948868373,0.42707747512808736,0.393843069766242,0.07874496754028423,0.5700268154201612,0.31578569604189516,0.42608814610923773,0.11417713752364977,0.11420180516589673,0.5072626660409882
0.2022523459784659,0.19101621152924195,0.15683765981761708,0.29366821927697206,0.2280650689755308,0.03482876755079162,0.2709070967433208,0.09974564655274354,0.04050235660642272,0.04954825529382459,0.12271058606342218,0.06500538803597943,0.05540362890172772,0.15111921657983682,0.1587090514046457,0.08775415373380381,0.18476476354752028,0.15885433733587115,0.15105861337221685,0.06900942371112187,0.12955558117819538,0.25287764367805526,0.1704035070640007,0.16405958798605705,5.483884854762949e-05,0.11723309821229108,0.11340470837105257,0.0776554105644485,0.12620685740473211,0.1731471780858641,0.11857021074553038,0.1105675735198151,0.11013308377263746,0.07715750355523837,0.053361656981156996,0.18313951960283795,0.2117014226573171,0.24883143300404828,0.22984764095114713,0.07947459160592774,0.35270780298570464,0.24339849698521282,0.2766923488562385,0.02040546811887335,0.07495646186157132,0.28745048129555395
0.18868597483497912,0.13935013100962348,0.12162621553598219,0.17870267481429566,0.18359860523929794,0.0787474665617364,0.30974000049411166,0.0462787206914745,0.06934118722153365,0.042009839409948894,0.11770388979928594,0.050663010095359146,0.056251687120953756,0.04364301500275492,0.09047843062962088,0.13238616957548732,0.08483379440955663,0.08480213250282684,0.18526563602878768,0.11843323718201135,0.023761811031377304,0.2019497049786215,0.11029067278709334,0.12538742590475357,0.030866118428906707,0.12620540618626713,0.07060658682512516,0.08777898061035441,0.10832893819060783,0.17471500871856482,0.14465129947758681,0.05190501942453138,0.06692884649872526,0.13215744122226084,0.05914295780367124,0.1872524875747167,0.13359649977647126,0.307219662825545,0.10957718657374363,0.06016117330346693,0.32258563054509853,0.24208807162337848,0.16088969647076193,0.07642533454899628,0.07153897616008001,0.17833275963244719
0.1116989404544623,0.09991912294428443,0.1195225998095224,0.19463143557435594,0.13140084317408066,0.06598120158612919,0.1761390760186421,0.03227562130376435,0.06388719325461897,0.032956497263635524,0.0846343147977038,0.04062260133254077,0.027025195642716618,0.05205664481055718,0.05162744585583581,0.062248551771013544,0.04524687217372655,0.10277928033785902,0.11332097277070213,0.09357433213840471,0.04908828168344111,0.18489324988265596,0.03441657564085235,0.060073416929745514,0.015083509773594829,0.12937644260844547,0.08740511308548438,0.0669546540610903,0.15966214034542317,0.07561995920081085,0.19577796247598567,0.04380097107887723,0.03970265483686174,0.08665430215824782,0.07827450262174569,0.19376301842884405,0.1336709697387602,0.28256083661057735,0.13053863974652802,0.024441551185136964,0.23405303516134812,0.12435951361770899,0.12685904519896307,0.06298111944413495,0.08216512536692934,0.06775548607020467
0.12883486267662905,0.12203852619256858,0.09295236883803941,0.1285543752226487,0.1219812851300761,0.03508216340662077,0.1512117751888716,0.08595641206085722,0.06455146693417099,0.04726273514375039,0.0684505523391758,0.03288239525209579,0.03404056632964405,0.04248968249341161,0.05430730057359212,0.09329154646536182,0.07567665591228798,0.05677905553031393,0.03603619115715102,0.04811708461349872,0.019637006895040283,0.22869387086188386,0.04121983349176668,0.10259654118130587,0.031961380313305,0.08598685662096833,0.05918274699157979,0.0673248796911928,0.15623030697023116,0.09703756049350404,0.12931664320367953,0.03818300542862538,0.028935544978121633,0.09381934868517378,0.09544090973002373,0.16034432071473223,0.08797569173526404,0.19480285975157413,0.1874670238536217,0.03587865211648951,0.20083054654658886,0.11851536070143522,0.12964700467192328,0.06343300336793611,0.087961073107348,0.07604473901225259
0.220771357204847,0.20227695947997631,0.11335568555695788,0.15146702023268127,0.13492336024102503,0.08670519342330518,0.23043275492500506,0.12335853090104099,0.06117020586978682,0.03313186165278549,0.07559659203673776,0.07051827802157758,0.11129848135832882,0.1292107838964819,0.17003591236498128,0.16600337207498989,0.1222063463712793,0.07135235802331466,0.034867595219291135,0.042258703698798174,0.04265728916412716,0.18696008693684976,0.1636450776927372,0.16126844884204394,0.020451227304554828,0.0936551137012253,0.1009835782958175,0.1826613157018782,0.12022881168309138,0.11937319901367019,0.08705446203968543,0.0592214404593944,0.06391603523537084,0.15880153488012191,0.1311326339557255,0.13332587266731663,0.1427612099653504,0.2279536584818377,0.21463935076624535,0.047895216607835356,0.29480242631709913,0.15043705736948515,0.2004231121277047,0.10544778573891866,0.1516090983614344,0.13937066337412068
0.46547297125505344,0.25107581453529415,0.17682582629569069,0.1717065580214398,0.23645301664410856,0.24072065047198957,0.3671703520612676,0.31265395091362524,0.1214074595526023,0.15581595129820136,0.15986539279329504,0.14329312762134933,0.27119291067865114,0.3205384549413603,0.26053700071163816,0.2827387708231693,0.2095523750980297,0.2568476482973349,0.07358394129004031,0.1789425648199735,0.1921109699140751,0.2563254139221549,0.37193898440910267,0.27980839799894613,0.12863082106313628,0.3280989086363908,0.13864672703526462,0.2641716946704248,0.19649752164815568,0.1983725109266189,0.2571132217909991,0.14367523165275836,0.210521638040777,0.27353989599359985,0.3054163092310573,0.22575021245279772,0.22302864584055618,0.310451228024489,0.33888645537891865,0.11158592048669123,0.35393310439520503,0.199074683802481,0.35149684179532087,0.37869818989122805,0.3199865331249244,0.1326795064936621
0.40374877218937705,0.2906481390868515,0.22839683969986282,0.24763047096066118,0.26672853619174575,0.3322702823008401,0.30965164196125855,0.4348247798570988,0.3387110113534354,0.3383704401228255,0.28693406663973764,0.19344980743379084,0.28252558551358226,0.5418326230734303,0.4113017552226681,0.4358205643135342,0.23138579260493902,0.3982267442599071,0.09494177211628904,0.3113190287826934,0.33193794732779724,0.3479712178323253,0.46393815263084875,0.28260696579544453,0.15108559541490482,0.5785138347644141,0.29892727972106364,0.2930305467124067,0.3835860372535036,0.2586003483485053,0.2879232063752731,0.18247362322019625,0.3645067028308928,0.3425344115034509,0.6313146162772397,0.25394725309364785,0.28192406825455735,0.45800259244163527,0.33806991773810496,0.0827743660539868,0.4169189873280745,0.251332483904767,0.524698222113733,0.49171754574282517,0.34345983496032095,0.25691031187686264
0.3386435434271709,0.2793859304322283,0.21319217561849227,0.27909571945810674,0.2572108348858475,0.543572919030158,0.30663577077241805,0.4311353500379972,0.3379351337660556,0.3855204061768883,0.3779165744322464,0.1876636841958762,0.3026210013359135,0.543271743717782,0.33052273886224315,0.47162114948965234,0.2232731563626118,0.45954719324457266,0.09402138313923361,0.1703603639723044,0.493125511384356,0.2854189616852919,0.43259080480853634,0.33689304399562287,0.10313541480806779,0.6060163496390414,0.3842935404036978,0.4074819593678048,0.37262267479966416,0.3668097437656711,0.42042843124070706,0.19266010190005467,0.5591216103956633,0.2758493862994973,0.6401794033905859,0.255569656327,0.23756729296370893,0.4811420260865768,0.3312071982818471,0.12882296450580732,0.37207538129033707,0.1515968136239097,0.5616969389251466,0.4591976129226697,0.3041823549989524,0.3711754975979539
0.2934720714997585,0.2872410766658115,0.26635673299513885,0.3257604600380217,0.2615984720223897,0.5283832832572473,0.358482485096895,0.3821917863450436,0.3921474434317161,0.5214311884514948,0.45982090722699687,0.20271477778250863,0.3087670609210826,0.6521288247340387,0.20080340083752535,0.441195687403521,0.34161511806927986,0.3843257948154112,0.07394993653054413,0.3964997952757228,0.572810408760315,0.319590179734062,0.43012761391272036,0.3135770109346963,0.04158410659048984,0.6406687341416171,0.5259900776789117,0.35901988169249766,0.491519103037295,0.37517895344424557,0.2588501503024829,0.2473942642963814,0.5427724829347302,0.3653593547953108,0.7291622213911086,0.29864557965607985,0.3140103438805248,0.5589019455855041,0.3999163534312385,0.1622760179049255,0.488621973987829,0.2017298516382517,0.5256211873875133,0.43569198713303814,0.3180115784578279,0.3605074936098206
0.33146001154170057,0.37849395520532797,0.3303276499790257,0.43480965513153724,0.22088136371231987,0.6026059707024921,0.34997291116557144,0.4478809482523157,0.3596814665622483,0.5681432828925361,0.39129530734398,0.352651130033704,0.39434761786573475,0.4794397829090291,0.33518226079178476,0.49173091371657734,0.39661004327318017,0.34082827525266146,0.16776111087913417,0.16661427629229733,0.5521821283565218,0.5201289073037463,0.4505743473764963,0.27255916939815017,0.10828438132357088,0.7607582465864191,0.5250105975469681,0.3523249156163668,0.4272159317107108,0.2789316447579201,0.23806279624926113,0.2394099767714995,0.46383564555661777,0.4889029528387685,0.8101487641651044,0.33659406489833077,0.32389394040981684,0.4771724676236289,0.44061111433954064,0.16720423570290388,0.6339037062843029,0.22543257834852554,0.6189495930539917,0.4548490271931435,0.30098672764329415,0.38233238434431815
0.29938566106243025,0.32928098762872243,0.21332236487901318,0.37855564482844556,0.300631751315503,0.4647208614596509,0.5359786206811535,0.3156811407808571,0.5749939241194676,0.49770898577676176,0.42264587369881396,0.41639200972819135,0.4953631163122477,0.4605239932145143,0.38302031184617674,0.5381861478474831,0.3331373614814731,0.39258351077333964,0.24469677692492173,0.27280840050488836,0.5334487081205913,0.4612346773621644,0.4943432859223135,0.33230313529033967,0.07058874484214486,0.661301106217989,0.5720448110292538,0.35286795969223234,0.5684302423458351,0.4474680841681098,0.3703889299243284,0.27873452858402625,0.5048505280533573,0.2969628373128608,0.9340969054805913,0.4943030189400802,0.40504911697011287,0.5249290094157499,0.3809687747241394,0.1842293227145322,0.5200700236495094,0.24382700919545525,0.6476486239288667,0.5887307222162925,0.6466173749522346,0.42467786675111263
0.3481976019755627,0.3304321339233428,0.28311498906824606,0.44878743453305214,0.3281746788910349,0.4804166676528914,0.42962125546401997,0.33101841646016894,0.5203963820193027,0.47863147846573906,0.38642153548210045,0.3137495077084735,0.4558489863530656,0.5678017038192045,0.43584341593059606,0.48590613842520264,0.28662989017826196,0.42574429561284194,0.28656691279336644,0.24017937888038052,0.5337671069178322,0.41472016015913704,0.5345059629398166,0.3660786154257593,0.050562206397982944,0.5990748279909301,0.7753818352339561,0.34744804587773453,0.7131384359790844,0.4975879271656005,0.462106609234033,0.19640419281434845,0.5140045380927953,0.31553332608567364,0.8917880094117031,0.4945769377618122,0.45018831667552933,0.6347530784116258,0.3892497723154031,0.21228953243520796,0.3424134834747506,0.3265625821592879,0.5719810256828584,0.5403595035294915,0.5177673779919377,0.5896187522574505
0.35074087692769496,0.33188588559157844,0.3163474162177606,0.4866831839313349,0.34976258474741545,0.496996427869074,0.5767772290471155,0.42450471043657034,0.49463658345616435,0.5697520287621032,0.5396615638457066,0.35146942432794775,0.5369333752945508,0.5414305293302082,0.378210985140994,0.5460362554991762,0.3341568134167106,0.47152297115828096,0.18336801894107468,0.3307082670242047,0.5460241279068776,0.49821194474468244,0.5364956354491053,0.44793145474321205,0.06312450951771195,0.6564859918550556,0.5955426909621855,0.3421154644688152,0.5804360512630117,0.44513612011530235,0.583825613196005,0.246344372671701,0.5274219731934067,0.5536607604951604,0.8019824362409073,0.41257825092964084,0.4208191954648034,0.5271767738865367,0.3511075473721587,0.21504860530871095,0.40073352032441334,0.25906536194563806,0.4684070353268424,0.6148742249548803,0.523686426930338,0.5275441482508378
0.42476170634488375,0.5015537431820783,0.272824365138829,0.550845500892022,0.4130514203989679,0.4597539929153903,0.5986852877485935,0.518260806302507,0.5654406844601574,0.7401049168400926,0.5110850553028041,0.36477961871798414,0.5752626690260387,0.6760028705297577,0.42362232606663763,0.6183556330583025,0.3640996535078635,0.4906557158399402,0.26387964507832534,0.37857104930609237,0.3662299418947253,0.5569848603036373,0.5406945845923548,0.5261156154502215,0.5515580576766164,0.7199598496988782,0.5393996445810264,0.3476875512939849,0.5042312425326535,0.4180954397747715,0.5564183168410243,0.2823749851315582,0.5082240896108182,0.6007633552186156,0.8368049602271587,0.6081885388938522,0.4405192059485363,0.49357334093911637,0.38946760971157207,0.9426617008715323,0.4724977753740642,0.3551498163640651,0.6410065042215225,0.7426586138263725,0.34533646080337865,0.41498004292194024
0.5560453562187521,0.43626690871569,0.3027454330081471,0.5299767059304259,0.4735319120504382,0.5051589805932005,0.5629632072925772,0.5684413045040971,0.540139284456538,0.7218648536389789,0.5395943334871953,0.3896597799082173,0.5716656163698631,0.7631854879322548,0.39440722929541355,0.6873418776280357,0.4272007224144083,0.4873719227106809,0.2262709727784096,0.45090363496301233,0.5151110442075211,0.6961287872110626,0.7144004950256304,0.6558941583058856,0.39489651659368596,0.6822178280974345,0.5178641912820036,0.3022837410925271,0.5505397181004126,0.5359134243134729,0.46143560705177167,0.3418101560110785,0.4521078116476511,0.5113837735642875,0.7897347368136859,0.7251990521545856,0.5629553410362352,0.6000607031412278,0.5264953698936172,0.774718721028899,0.45616944968739165,0.404195282990738,0.6853651019165814,0.7113938035212056,0.2605586445724836,0.5090820947459573
0.4538342976833211,0.6625613486201076,0.3726530153925928,0.6636690770252132,0.44369964340043805,0.3399813551641068,0.4698924712191841,0.5338498523795809,0.3296281642098432,0.3298820311471232,0.5065921429618141,0.35185819273756275,0.5542142984302073,0.5911680770207612,0.45410311794820535,0.7541945771435156,0.3742014457345694,0.6190790901704777,0.4343157127976956,0.49012927416761465,0.5637044679804759,0.8440959784576559,0.6829959302158424,0.6561412992783896,0.23435613645650616,0.5352636559769302,0.43696350435945447,0.289220524620462,0.6953984508962999,0.4596061526896671,0.5729005940230018,0.48106515340262507,0.3799192269389138,0.3445877588648806,0.7085545919820856,0.6411147312871838,0.7794721222543309,0.6656706901674422,0.6181458559247944,0.20009196058626558,0.5223960564082095,0.5025056900005513,0.749065773634648,0.6030944817746489,0.3318443502045593,0.43734076180352177
0.5912085560852086,0.6818149036447321,0.4621710620746029,0.6920624679432176,0.5803064595629536,0.37037193564277443,0.6361214284541736,0.4536937005455566,0.21415332205278784,0.24911914592097295,0.5482345650113535,0.44245673243213907,0.649275019264316,0.5410359957116945,0.413330938984549,0.38382477175378743,0.5207618937721382,0.5029900880671943,0.6244096051230723,0.35958604470043004,0.5853741690057624,0.67307121573121,0.6556116722492786,0.6317902437375786,0.15784862338520683,0.5674246044063649,0.45537644354299367,0.45064591101506324,0.5614365584850312,0.531333855423146,0.4813624446654621,0.36791935692235694,0.28332419949225585,0.2992126785064201,0.4975893222166878,0.6770155826606635,0.6426404653357731,0.7739148413414784,0.7079883362010796,0.16500044661933605,0.524647970241301,0.5698342218377825,0.9226154590971458,0.537378229574287,0.3414916719844739,0.5462921616376211
0.5552083286240755,0.6902447828153281,0.47424299703478023,0.6914237647968108,0.5933399940227304,0.40875352813642674,0.6335483190342158,0.3706363596858485,0.4062373166193838,0.17653984332899567,0.6414678485858584,0.5418550313420567,0.6342190441645528,0.5041165748644088,0.3875621902159476,0.36828181840791857,0.639156354267411,0.5570763903587246,0.6609989269692699,0.3913582771238858,0.5001291353479836,0.5685052089395946,0.7425458897556829,0.757726766361874,0.159655395886525,0.6903883542319593,0.35742317000047946,0.4350892947515936,0.6183187022479016,0.5219060489705609,0.591234594789096,0.34256642917115365,0.30753679242673887,0.32003608591570243,0.39630625608490944,0.6939896525558779,0.6168767005881718,0.8381199811610928,0.8287608505662992,0.24923012808850795,0.6867648000413812,0.5495288176830265,0.7599275968866919,0.593087607270013,0.22242585251930258,0.5015297141511273
0.7753586760130539,0.626180095652367,0.49545506358230684,0.6025782540791237,0.692719674702738,0.44109813029327394,0.7229003178595139,0.3100711680767597,0.26078772868396816,0.1893473499306096,0.40667392311889244,0.4004114006949937,0.6431935173945377,0.4798826509196733,0.30675371978789845,0.3530259230345983,0.5479290468581683,0.5786223963959656,0.7253534929021498,0.42104703135394517,0.4911465690834316,0.5501028447447324,0.7684717653714208,0.6455258005333707,0.09342372823476744,0.6107307054226672,0.3321514944958313,0.40449141612924727,0.4930919198854005,0.6600951545972198,0.5818939208024939,0.2831518313231529,0.3094412144579347,0.3330806923318195,0.39391076129205327,0.6575877983906975,0.558550859085912,0.6863285676379659,0.8868718733244962,0.23840603511789812,0.7239548325198816,0.6151856245184747,0.8440968494921401,0.6078938644710623,0.27287159676853023,0.28796269214034487
0.7559733209803722,0.5174290384923818,0.5680550464197754,0.5900640394646925,0.7235130450451708,0.2581515232392288,0.7601333762233772,0.3064915179905381,0.2151653887251197,0.2145342030548377,0.417177153025575,0.2624418626261557,0.42055888960188476,0.46265916779806593,0.3175813885732658,0.2841690040518879,0.30961883814745167,0.3635452821639653,0.612536623470248,0.23928752583927823,0.4094457304642805,0.4040122190407496,0.6442328948711902,0.4901606312196473,0.09849562112910812,0.54081610598058,0.32585434109049843,0.30683298457601654,0.4407091883906028,0.5607062184858294,0.5995126234372167,0.20938430589831844,0.32720620593569216,0.29429020948886486,0.3681332781811964,0.6394552506297734,0.5245757054191048,0.5638775193766359,0.704724763939101,0.2745705504385329,0.895756031474464,0.6693967687396702,0.7325870997235132,0.38297077216404685,0.2647503147865251,0.3981840325410937
0.6511034096579166,0.5970640320587102,0.5272650012853396,0.5274699901481871,0.5941920689811757,0.17975647390921445,0.6717343897043314,0.23636574545494218,0.11022245301852111,0.21998803429130864,0.2854271074033697,0.16749201356717738,0.25204207389260014,0.34355939292682375,0.2648665660354193,0.262111449032807,0.30339191614164096,0.19976610370523917,0.34985320248086094,0.20189536898075475,0.2315732924122269,0.383802772708385,0.5938848562123302,0.39564505859135285,0.0740501077967971,0.4627054354045317,0.3051144350686228,0.2607572386067067,0.3532570192997111,0.5690878915905689,0.5516545989038731,0.1935976818924204,0.29580771635230674,0.2967793171721901,0.3525570596810341,0.48206109247692974,0.4073247473321716,0.5271029931927997,0.6597931470076752,0.23114003436174993,0.5244740829373609,0.6421398759888128,0.8488120357312923,0.25301160416179413,0.22372331892687458,0.47661304872951227
0.49751584854870956,0.4853341437888588,0.3955538071388547,0.45750818256340603,0.5010703567984724,0.2006804302422383,0.5200726100206836,0.14232444722330437,0.09646314914514911,0.1251148697977268,0.2521613279242079,0.16916790320611802,0.21867800635833007,0.3395664691155887,0.30522117199715726,0.1733560457441592,0.3621025196145174,0.15155738457794166,0.32037435195598024,0.255890318111158,0.16020153769420037,0.3588842580762566,0.4609603625803708,0.2506397742341139,0.06694794322247585,0.36513075707661125,0.35326546622379873,0.24849778084221633,0.3492145334175716,0.5424648971919659,0.5039266870514667,0.10134742771148834,0.21894599207527643,0.22459241085714368,0.3861351689128369,0.4639108124526369,0.4030673934304474,0.5052305930708558,0.3508084095630156,0.12506558289021574,0.4124268089717042,0.5684320706736457,0.5221548344138673,0.1806373632297463,0.2521851368166354,0.2717591150690931
0.4321516276784702,0.44370900718172473,0.2505512707178815,0.396076729708136,0.4150195529782173,0.094027785907416,0.48101935548768515,0.10354130614213225,0.04712457880481763,0.08608070130307542,0.19480416480212265,0.051456537797288246,0.15015549721507285,0.30674927507019273,0.2631302989363531,0.20579680426024072,0.2889768847591937,0.15266588173343243,0.35778485335826327,0.21567571542310546,0.2192372153393894,0.26951162598937745,0.261299046312885,0.3092608130607516,0.03164101908959368,0.347232634097458,0.22442515155184706,0.16744479418499786,0.2736445288285923,0.447386448208861,0.4093874306460636,0.14420487041615815,0.14032906295918007,0.18051588869148685,0.19520590713225044,0.37079237211577487,0.3917524683874235,0.4919698881821902,0.3330617217826936,0.11482631213771606,0.46881254846690007,0.3993059177229776,0.031922158053294424,0.011751181877564,0.05032947871436562,0.31570981722365976
0.3116444837193662,0.3576830451035971,0.16150692647756468,0.32101224625923686,0.2583151563776562,0.06507891952527128,0.32784148766112914,0.08381190262409269,0.038626754722484544,0.08624472357462312,0.08886515565088375,0.10183960883911872,0.09361555520927553,0.12663829427248774,0.224634774896614,0.07156503850550028,0.3958146401272971,0.09742464062493758,0.2479935677739136,0.256201139776762,0.181063526971058,0.3647034334135928,0.27993967126901176,0.20358907650665034,0.02812174652851584,0.21134089656163446,0.19146550121667918,0.14778002295673368,0.162046308485422,0.27970020496110515,0.2391658766106604,0.03719513661460952,0.09146302634909119,0.18541351190130048,0.1427781964250932,0.27603270896370935,0.33853533706723504,0.4570570245801014,0.264328183069534,0.09292620733338113,0.5263862719888155,0.4416523418216783,0.01654266211026513,0.004595631019848074,0.03593245862937074,0.29510665518047563
0.24919565546602448,0.2335856775066267,0.16378974554668124,0.30286956393189246,0.21652510746891399,0.06563078662920441,0.2906784696012606,0.06365247229718572,0.05621844691080563,0.08435040104384002,0.08370271721104054,0.052297422804311294,0.10306747127538929,0.18886965874410772,0.15470263316463756,0.1470353375115927,0.35971402867507724,0.04315250228909408,0.3189059518326263,0.12245866806163186,0.11755241395464557,0.38210992121785536,0.2585362359194605,0.11538527085346056,0.04502931197537368,0.2228864595835917,0.16716813937056715,0.1425051390754752,0.13079299557791615,0.2997289719999816,0.30440185756096994,0.0834105235888705,0.08673765626295533,0.18154502491080493,0.14254914964989202,0.23723289084245477,0.22647894122955176,0.4094491060358844,0.24399000203376586,0.05458368047778983,0.4711368586683557,0.3601421813543561,0.03755878625427502,0.005775785628997353,0.03437946112327174,0.24662899991328532
0.17420309823781485,0.15838021858587797,0.14524392756815716,0.27081691141927716,0.1506305018952052,0.07267609508626777,0.21474532540938926,0.146256300979269,0.03304451361221494,0.030392328345431804,0.08907946612058015,0.06578836761055533,0.029920085038952396,0.16654948935449837,0.15801065333567768,0.09426043144358902,0.19189324116428536,0.16982148424452728,0.08758829283007571,0.08333304678357145,0.04874622789115919,0.20362114688774935,0.14912861606575112,0.12233772010045368,0.014204935038958595,0.11048979830609218,0.06562254719036811,0.12182475943913673,0.10666397957700045,0.11268426016192037,0.19218571949386826,0.08094487992289826,0.10090690286140806,0.13427466790754014,0.07822625720833568,0.17295072223580518,0.10038250552379455,0.29555918944087217,0.22828836362690524,0.029912207309716627,0.4637193369983018,0.33029809009935457,0.029138316381576296,0.04342686195509412,0.048583567125527444,0.18566846673370407
0.15345975521037933,0.17573866130005378,0.14480216616430797,0.24306948953066418,0.14008278747373729,0.05394496650618468,0.22667039693022556,0.07341877489263436,0.06863552224370281,0.03548990294726781,0.09124162620081608,0.04295420923337337,0.04648165582572193,0.09019142210387113,0.04422392545362783,0.08960016766536023,0.1941831630838442,0.12930864728622302,0.13036013910824018,0.1385753351677609,0.020021367411631075,0.16982730877806257,0.08686975728247845,0.09548307653244953,0.029714551050772885,0.12893390979654262,0.09796993564379625,0.09402408029936504,0.13942243982799143,0.14698198429708859,0.1824411736847854,0.06174764279494091,0.1382649232074682,0.10824125206172835,0.10899952575950754,0.07368162295879281,0.15018184818328464,0.2306751205713791,0.1752334025810166,0.012378115200016679,0.30804055594944035,0.23456789254151517,0.01364305481385044,0.022075100224076098,0.046610363310234326,0.1715230604994276
0.16468016996453616,0.09759707799442652,0.11642937454985486,0.2015311858425576,0.13535462677124246,0.058858889933470555,0.18122341523866226,0.06343500704842062,0.05876783684849095,0.06084301404761168,0.10299152120776552,0.025439109575076037,0.06858007583744107,0.09573723633842127,0.1429690114683654,0.01693678382640259,0.1585856668974515,0.03758293281451748,0.16506453078131542,0.11535269012098506,0.04185681231577412,0.12500461976504673,0.10844111072486387,0.18187022725047103,0.03241898474922706,0.13924205349159896,0.07877956352534926,0.13154103550566612,0.15808894236686902,0.22158071289976597,0.1904528659036443,0.06172642836032363,0.08735776572880104,0.15219602810530178,0.16551194600434205,0.09622506020867252,0.12378586626733948,0.21071446945699482,0.12731247575165253,0.02355371032226247,0.3541627524481576,0.18004691407957135,0.02283640633200297,0.013581637633826277,0.0321215214719984,0.22652433140093128
0.23467040200554093,0.12652745444437735,0.16745217113096902,0.19662483545111656,0.1572588961255641,0.10673051715703505,0.24872694649777935,0.11665799599008012,0.06435236742784481,0.03916983915954278,0.0915234055535704,0.08349344428257102,0.10111977187142324,0.10369341764449555,0.11696253991465638,0.1181270810217402,0.2588124449237966,0.06741805390550154,0.13558581110480697,0.13524800105504658,0.073123670093405,0.11689197572739345,0.09669376158053322,0.1535142796762114,0.06806129073950856,0.223674172136014,0.11894491457591472,0.13419551143836747,0.13965316400296596,0.22038230097884567,0.14218686495016208,0.04490462956523572,0.10370954778364984,0.1780767753622845,0.19548610050016285,0.12129767029321656,0.16243189409394987,0.19804434354358597,0.3077613134002893,0.016204012097744133,0.25299032087586293,0.34296871095079867,0.0,0.007435363899280324,0.034684770790909494,0.0868214893035752
0.29068303250449173,0.3129290532431309,0.27353387658281336,0.3274933275751126,0.2679172198946254,0.2756890942774534,0.3843233510399892,0.21496934611501953,0.09038444414687626,0.10767026706602033,0.24306985248823634,0.1167027006250288,0.22306935016744903,0.2572351555906788,0.21747502214370368,0.18451103409295888,0.17359153237375996,0.22459445314301207,0.1433874277459819,0.17913437557628395,0.1006997333647287,0.2868544372208652,0.4045473445736971,0.3011693557692739,0.08709408389687481,0.2988712157212682,0.32375127282571603,0.1579597214798987,0.21200069404708663,0.21150009172726014,0.1886913556986855,0.07775650843526609,0.19725082773054314,0.1386323235577222,0.24258707300692522,0.1846088682130593,0.17391398946092582,0.27370592532101135,0.2767713054081481,0.07328348739151212,0.4002356526726648,0.4237084837853017,0.012871008411990577,0.0038108411984079417,0.05112474846648289,0.1889067262886411
0.4033486086737763,0.310422648908968,0.3797863341874283,0.33116529965456926,0.2905605531666695,0.4384967059669156,0.3612756451541133,0.350550606865884,0.18514011651665305,0.22267191682581422,0.28588541472010337,0.2406008214265124,0.37164668528655553,0.34890594730628116,0.3784320579012659,0.283945769799281,0.4920275676542968,0.3792953603049864,0.33821373311896286,0.31735103840499546,0.11414555634171576,0.39603012360153306,0.5592573720485305,0.3308797128699961,0.12752376435509477,0.43362967812019193,0.388406301199982,0.30974035752485285,0.3364464700338508,0.3265299796084076,0.5861222052657805,0.19443189117789525,0.43561958604434825,0.387515296817435,0.38658012558567767,0.3387032181501447,0.3184194441399807,0.3803849841504111,0.35895049881950264,0.15921493904016348,0.3684127375545168,0.4537908276581264,0.018287519569916144,0.022639721733039055,0.025120897432198145,0.1766948241983241
0.43688786730849183,0.38206087047683995,0.35734977570494103,0.3457692791333296,0.284960063733832,0.5769497684263669,0.41405052351595145,0.4533318276673989,0.2427647321776816,0.30848557935656573,0.3316483322802802,0.3727297408792695,0.37782311881819786,0.34162807897929315,0.4613239706096105,0.29604730232835574,0.460649258804015,0.39226905639519594,0.32740273000804193,0.5104223915474073,0.18178272891388564,0.47654488326374234,0.6156840827615129,0.3905068344937312,0.1742066185291667,0.4159444568429194,0.4909752301048139,0.2894294691060514,0.3683816332620709,0.43566689442974815,0.38663139738494423,0.2720953456851525,0.7792049785516196,0.44026082860174465,0.5523765150641281,0.34551023261466907,0.3291379184120626,0.380294237442971,0.2850181057714131,0.14126496590520568,0.558898217910373,0.4616910501818918,0.018578902101870326,0.006099934850262733,0.08170492352106155,0.3834569789709069
0.3856967879302209,0.40427368862665863,0.37845901985428776,0.40520180017365626,0.32471482250164113,0.5409780021132049,0.4062451966559332,0.442418853764583,0.2931130830255712,0.3866146602901303,0.4737608643693668,0.4886694489286868,0.3862682876644901,0.38094248957179033,0.44460474111801795,0.37257171937234485,0.5930435556706909,0.5101257448941823,0.45249023280013395,0.2994714917399714,0.31238568565776675,0.5825060925161387,0.7246525993214581,0.5115398913042676,0.24150455077655064,0.47578559238651025,0.6524110202323813,0.3779026401381466,0.4130488165699514,0.5925457092515317,0.4476362975511179,0.30055129827872284,0.7915325399274017,0.5475927862998468,0.4680993727864706,0.3929471001674145,0.3507705323370119,0.5075223603785849,0.3475176003024562,0.1959388129132681,0.523032003865369,0.6575039580220179,0.00859914640086214,0.005384358646548071,0.045498325419671,0.4345560921827759
0.463246500704717,0.5027417765405306,0.3845598336933684,0.47595015256127454,0.37285819245734864,0.5828919891836337,0.44472410610758223,0.5176770485959187,0.3701713012432695,0.3207770855430546,0.5235978939084114,0.5198775221855243,0.48262452759193436,0.3771014526872865,0.44342467484305703,0.40126810023360965,0.6594578049584348,0.40885005463707763,0.5158953954805694,0.31647309986567057,0.4832676775856488,0.7632251646988885,0.6209912960098607,0.5971421450976994,0.32639503043123386,0.584535691919309,0.4983277849562432,0.4842679254095273,0.4408581451161093,0.6121398045863609,0.5159386922425135,0.33358936094715147,0.6291592294006702,0.5625735502044471,0.5197854742635676,0.4369505461980776,0.4429973394665608,0.48416780128260956,0.5203072777447025,0.19518817874695255,0.48055110410843754,0.5132348697431875,0.011920979212759461,0.004141375241403691,0.07089378819604776,0.418348467669701
0.49080346293967325,0.5253786737880928,0.3964390076924072,0.5857932311576273,0.29894678334861374,0.5144124881548751,0.40628010056118635,0.4093999998635489,0.39770321668989206,0.30183984920879997,0.5627196326749279,0.5307831690460343,0.5072488939605977,0.3848300059019409,0.5162464426528022,0.43415644438098894,0.6161917082464997,0.3580598086738486,0.48333034451624346,0.40066195664731014,0.3761497683739766,0.7139288519106859,0.6492197365815258,0.47552658575928536,0.1770458491196975,0.5921645676787641,0.6418012967849545,0.3419783159465302,0.5478440489323617,0.7195173440924428,0.4904521936720825,0.3737193970193897,0.49427590725301224,0.4330525578746037,0.5463977235449694,0.4626172930968283,0.6791761906845328,0.48232880513103155,0.620137318598202,0.2240604559927066,0.6328000095196039,0.4828192831766325,0.0298425552910603,0.014639461778098002,0.07246586511829353,0.7479008748065229
0.447010986295923,0.5399273092884503,0.4362602468960742,0.555376111134275,0.2833503084897271,0.5582470828800083,0.39857867912946077,0.4811482564084224,0.4199810210449612,0.2721578252268237,0.745076964838217,0.5386175939011346,0.6216972270018749,0.44734080046102254,0.47242823802140876,0.4005263488251247,0.5990853715457132,0.45598563847469925,0.4538449307924091,0.39045116818625775,0.2988568459731692,0.626642692649631,0.747924950575934,0.6665333151453848,0.2458118905991814,0.5351912531031524,0.7006448767729462,0.3300588593277975,0.5901904441674326,0.6138767804848163,0.6535502552647457,0.5093548355633764,0.5194928885045611,0.46099040086319576,0.5028194627470994,0.4436048049585426,0.5143610331991877,0.6119322495541755,0.4232402292018705,0.24250187138841375,0.6350821929827113,0.5278031920452608,0.019333512422329238,0.004157137227583218,0.05936012694826705,0.7031611994264148
0.46964103020459574,0.6334596651136832,0.4500915758089031,0.5354381457241754,0.2557764347848278,0.6313648506242782,0.43577627273233704,0.6138062623020268,0.47544626813641216,0.35622454077598037,0.7197524996064014,0.6038056305066738,0.5971570178989386,0.4425354635045672,0.6773321036536987,0.4233435907760932,0.7025572082875159,0.5838194206508962,0.4192663727627696,0.4564239584045985,0.40852434978036295,0.6653704505144746,0.654509050148492,0.5541576657005005,0.2432899290500244,0.5442447790307525,0.6705129205522842,0.3773988127978163,0.565682914949393,0.7799386620275469,0.663282105573807,0.5370650401017075,0.6692076908090281,0.5928778277929388,0.5355341782235343,0.5122580377983185,0.5037712429598592,0.6947468480832067,0.3616650665985556,0.2856924631979425,0.5825197748853786,0.5930736571485553,0.021662699505902577,0.012568344894944024,0.03413996663934668,0.6623711814168063
0.5828074526607606,0.5858726682814733,0.45932541259627946,0.5757519741689996,0.26222391335223477,0.5507158628882484,0.42431466337755425,0.5826204208725111,0.4901432356241838,0.37329496570602805,0.6531646301867955,0.5794893434207852,0.5696520503040514,0.4515467224097605,0.7271137051759392,0.5369407740819353,0.48816637473913616,0.5693944645494471,0.4928211430681926,0.6747973652858229,0.393145919050693,0.7725957238917354,0.5769675673194088,0.623986056368986,0.1776776141570723,0.5780094348623044,0.6671015011112923,0.38963086788890816,0.5395230796519989,0.7604058725527048,0.7587811065528046,0.5218880749252957,0.6180465751044781,0.6709269617305139,0.48687459617074397,0.5041943030281036,0.49503581359906157,0.6154018500651413,0.4798089864036922,0.24032840301364952,0.6121317982295373,0.6238931095619717,0.0018512193387951702,0.016940592477985267,0.015565020580741277,0.5691313734065352
0.6071964216205354,0.6110781602431746,0.4678577737475185,0.504781302291616,0.3196504940955808,0.5494675567430961,0.46384042823698435,0.5208195934268063,0.3850201107981924,0.2680839687394167,0.5967765927672052,0.683096327658388,0.5986002479353031,0.4201316577101511,0.5841932653151587,0.5228777280513154,0.5328820045280034,0.5542502190113052,0.5479372882310274,0.6573107220101994,0.3943875763880439,0.5831787501055898,0.6506105743597927,0.5627756842323492,0.2888707156921769,0.5446951666510744,0.7213523571754757,0.40104997980314505,0.5850613526491424,0.6927995563570891,0.7468902397828877,0.44818408529509224,0.5640853692262563,0.48096915615798586,0.47928781372115453,0.5798764770440856,0.5319041731570133,0.6317837386890117,0.6366451348111549,0.22200543107118864,0.6499165796123738,0.5505649998945797,0.01851917709585966,0.00959836852799626,0.03691531523095995,0.5081544618261451
0.5749026701255794,0.617785030604442,0.5355213283187914,0.6322534606151416,0.3874931030873902,0.5292081057368673,0.5148068665609605,0.5128897863178121,0.34727231854439544,0.27831464147941287,0.5413224318999745,0.47939243595691083,0.49406685802251105,0.3668259487996695,0.43568614526208105,0.5560621828715955,0.4746982261055501,0.5980901552880062,0.5528638890929652,0.5683891657842138,0.6697950218578583,0.763507420650468,0.580657456526636,0.6031339413700451,0.23558281277897414,0.6179537081400677,0.5331405307868298,0.35181037480212757,0.5848339960397486,0.6705776380103222,0.5575415104560282,0.576317239666409,0.4455623254520942,0.3292357526589962,0.5009121854372172,0.6389753875129294,0.6346935981044296,0.6102681490002024,0.9376330050858764,0.17247887536213774,0.6855308730120074,0.5113823550304964,0.009115360754007908,0.015124701619666503,0.0,0.8234711332168558
0.589851369740371,0.7611053315145765,0.709743769202967,0.8719709980717113,0.5361671558189498,0.508067267747369,0.6433927178445156,0.49019915148937887,0.2902599163658875,0.21369536929463454,0.5186884273873871,0.5829855680115004,0.5204081062490635,0.41770290164638335,0.4641380243229323,0.4852774451202952,0.39919744373604205,0.4133301148530501,0.5399007191154406,0.3573912802326849,0.708884666225374,0.8322456862011961,0.5546206256849444,0.6620648246065213,0.22616985712435744,0.6840114326818472,0.49289405579962897,0.44488819834972665,0.592247516978938,0.6986325131399028,0.37831647955539005,0.4150481468621458,0.3827918417235176,0.2550825541157826,0.41734160983815605,0.6851652765201603,0.6380640393718483,0.5025224305080711,0.7220906977662472,0.28386293945250585,0.7039770659292152,0.6939526543464666,0.012785088663351221,0.00703405551870968,0.04798457553621427,0.7352054716075552
0.6613697213880368,0.6289357066445722,0.6587115433505558,0.7740812901266209,0.6493297511385694,0.360207305857857,0.7392141662803453,0.5247269904566788,0.35235287073108834,0.1895356988269177,0.5772907837314641,0.45611761536772366,0.5516017827264659,0.5566451890407343,0.44315529972810774,0.49497743697616775,0.5106697364648635,0.6226998360649691,0.6566303968778668,0.5384592430804382,0.6221824287721507,0.8451531765772787,0.7849885133002188,0.6988182368419444,0.17958437746237452,0.7316465524622922,0.4477875895594371,0.3907784650738807,0.7238027836556338,0.6172288149973972,0.6026549412022358,0.4837348150882888,0.38738630193777446,0.3103358647529272,0.4251049612927687,0.7657663582272753,0.6471195485940014,0.6669482482470628,0.7806011791953748,0.24780435777313645,0.7900678915072424,0.7033141488204163,0.006555120118175849,0.03593061075907785,0.04375456709267159,0.599476136587114
0.7494499020853385,0.7262135007836613,0.6717981926030248,0.6069440874122157,0.8604000594384712,0.438161048228756,0.942336640761548,0.5284006370088477,0.35844071347787393,0.1641734581810345,0.5400484038535766,0.3836008562951113,0.5920798416343299,0.43707873350782367,0.4364222137981191,0.3897429375072135,0.5243825805144225,0.5266028676945802,0.5022368478947588,0.6576535312509288,0.6652489608447378,0.8742883316100667,0.7427097358420298,0.614838839619195,0.13232350122116568,0.7321025982429783,0.6054417541201602,0.43061439439648624,0.5922197451605995,0.6873631970446998,0.4843315769590534,0.3725551045106203,0.34491662571484805,0.34945705576080777,0.41057695911086145,0.7287579113838784,0.5464489065134481,0.5924350197365135,0.7595484282379045,0.2017602359754585,0.9029727777702494,0.7520495466974388,0.025220449582254847,0.005587495100384709,0.06153944073963322,0.522562264565933
0.7225789164844595,0.6281318624192714,0.6253145699783144,0.5592997091684221,0.8389719347185148,0.40901446238024125,1.0,0.45220804055847286,0.23642344749860836,0.1321410167158937,0.4099150241025002,0.3565328852706859,0.4817243615216129,0.37326982580244966,0.4875021421779473,0.3306953491496097,0.5153349224376802,0.50529429314025,0.5311570271146389,0.29708035379899617,0.5420074995545273,0.7656872682443266,0.7083839010423063,0.5862372541344348,0.1670103012362976,0.5627035040142876,0.5753040733592947,0.43055421428684865,0.5764678166805494,0.7309458754612408,0.6282719885556621,0.33420725524000244,0.3518852160876753,0.4008940872622704,0.49316123018922103,0.6361825088229014,0.5259707658903335,0.6002832762117273,0.9094119975803503,0.20134500250218249,0.870952636931958,0.7637830878527684,0.02451307629714527,0.016114098134977155,0.031710042926638815,0.4418311721730602
0.6129117736766847,0.7322396478944798,0.46726679652817416,0.5721889421269752,0.771309354383941,0.2574205634724223,0.878278649076447,0.2743806397600952,0.1709138162424816,0.14336557155813143,0.3039501504986837,0.2879081813974542,0.25824343843603115,0.45879142532400213,0.2895339567405598,0.4411834925900616,0.6232383547846642,0.42725047126349297,0.5607116653044204,0.3972913078329113,0.359036804136762,0.6454276297952826,0.7063307581842697,0.4596296632109819,0.13448719455551925,0.5139673760566834,0.4751387634029116,0.4584515151640229,0.497351347816182,0.5917439166743251,0.46802134983541366,0.2902607368024282,0.409378463313689,0.2923392100485559,0.421007392661118,0.5131421228739604,0.520531824392726,0.5957218167474534,0.7359969939929966,0.15684991190043984,0.7800699240667727,0.7493057667895804,0.001145931862258004,0.0026132700731510312,0.0046790270034297275,0.5637404909014393
0.5670177919686666,0.603237729283613,0.4597883866549648,0.5878175401882323,0.6006990446268616,0.12116889979679607,0.7150679822532442,0.1691167790601172,0.08287100625859833,0.1275355982943789,0.21579117301977574,0.25787389277641815,0.22249063435103034,0.3340124729733796,0.5289424499052998,0.262283540738012,0.6783574587670941,0.30907268858221065,0.684587488672642,0.3639553458660074,0.2926827625545085,0.5880429429794264,0.7066690064624033,0.41538165524644577,0.07810743627764483,0.48975295454278817,0.3464373922495866,0.33381884018653163,0.46817685259552005,0.6374395925992913,0.41792372122344773,0.1828254865079255,0.36787668348487257,0.2658862225969556,0.32214472795321375,0.44124533207245153,0.4324107195909764,0.5299226125104297,0.5482256072998877,0.20583205085985415,0.7653154850492463,0.7225646779282663,0.055784367472620465,0.027974695448348366,0.09394576158272445,0.49824088321480253
0.43555176771547555,0.626635282155712,0.29837345492105294,0.48605706351049016,0.422421325018607,0.09765944418420122,0.44434398334324043,0.17819871809024082,0.09737095265847932,0.21250006323796958,0.15678005922946459,0.19692215292756415,0.1567209302405662,0.2639626687910146,0.3488007825829835,0.2783962214351872,0.4147617859238555,0.4070824460757419,0.4974772011491224,0.22223064885055135,0.1526255170055026,0.4111876164952134,0.49812074675052825,0.1990866203716835,0.02257018825029449,0.3278663843186495,0.32274235208749014,0.27669157266797323,0.35164135528575424,0.52996102081856,0.4426393666742593,0.22717916312582614,0.19104593701911343,0.21634764651566343,0.15218516456949482,0.35790971678847716,0.36849058746178653,0.5173170852639662,0.5142421578663245,0.15737863036825148,0.676870194498249,0.6423990396711821,0.42461614693573857,0.22179666903912215,0.3560496372553839,0.4011545255458828
0.35868965471675784,0.5062962303042828,0.14168301935557695,0.46496290177526317,0.2516267231046477,0.08035143953984114,0.2812799951423043,0.1355810433622811,0.06048568900712348,0.14711193968356115,0.11078775602178594,0.11296207558962901,0.10466179828619193,0.2180855328299426,0.18737286718104995,0.18308606758468587,0.19842610851910614,0.3295162258030929,0.3233935310416878,0.15617927239836732,0.11764967807530068,0.2537779906926108,0.3537530840903483,0.11980348956859738,0.031776222177197964,0.2524393440661679,0.1532497832475224,0.16119319225208606,0.2973652516939023,0.3696513522849667,0.17899104779468128,0.21845087231935292,0.10440232133820011,0.2547299108323906,0.11805419186279677,0.2791410871900335,0.3525043730393097,0.38876632628100527,0.3036101441778086,0.05079346974540484,0.5318196449918547,0.39170759248624565,0.38845527612978575,0.1341178223278031,0.17140788625277403,0.2829106874303411
0.2948974123187494,0.24648519284069656,0.1304330456181831,0.23662636827779046,0.22138083519572566,0.10630230130298873,0.22612354363231177,0.09375126978518661,0.06938291045567875,0.09058808982723929,0.09534449609675968,0.10043854686459064,0.0800677206589593,0.12205861198841547,0.06944548876340031,0.10189776207211397,0.07541989580142949,0.19038762857598424,0.2245574516061836,0.1465358637146511,0.12066631060518314,0.24092629627138018,0.21215982313895754,0.10302134739303451,0.0284933900484002,0.16478120607339555,0.11574574603256346,0.10610156335844573,0.19700393132126856,0.45161253570962834,0.192656046197346,0.11578991776476473,0.11220266533226679,0.1689198092893479,0.1360619527190104,0.23353580029321233,0.2234900700704464,0.35644899772246197,0.27133792805257645,0.038465896332766605,0.3665111413591867,0.23374518697499003,0.2746742136456337,0.0784707872689219,0.1241626236229435,0.20659873578023732
0.23644109297150254,0.1723324626021258,0.12831245325928226,0.17332542633883283,0.15129101424121774,0.028690683556423055,0.18659183058535694,0.08792819351228917,0.08030387679925477,0.11071187339833544,0.12435116545061016,0.09280266741751889,0.07212505090110523,0.08366562217719284,0.16866781511242768,0.0648260047318142,0.09091474766109028,0.12117673370509427,0.15189387140365535,0.16144373659865727,0.10165058616104819,0.11796641960512609,0.13480511661958916,0.04472978264036293,0.017666945713048603,0.20382959219468394,0.15572347479483592,0.12602087245654345,0.1408509600961401,0.10564469798951376,0.13990256918531718,0.06424676526324494,0.08558796667878751,0.08383327342256067,0.1266647021520207,0.1755577749604446,0.17615019249716404,0.2969547670449189,0.19354552288108567,0.030986300355933628,0.4996773108464369,0.3041302042269849,0.21279251771999905,0.05697027038799599,0.11933338774089516,0.12404762379326736
0.21800031987516832,0.13385054515290468,0.0881206330634226,0.18160641976331257,0.16161408366119775,0.018731889798717018,0.28705119984803207,0.11060789327151271,0.07945654037450416,0.16162393960723956,0.1317141743094716,0.11397277686911947,0.024168106319707172,0.13250366339700714,0.19584289413839145,0.08492517947569558,0.1352203444200415,0.1424332919738265,0.05995312089250395,0.0664749487565314,0.10048529719239181,0.19956576148634753,0.20844041597015134,0.04720045313233246,0.04051643361582972,0.1279314628473327,0.09050319578736607,0.09976330419755333,0.15791480889652987,0.10015189823906578,0.12675977416708634,0.10187089012911331,0.06128300522725373,0.06970928269291629,0.13831863138294476,0.2112753807929435,0.22350023163068483,0.31497497297057525,0.30113267812749767,0.004550907088738124,0.16775633641477447,0.2896611034842532,0.23301086826085668,0.03707725301101144,0.088472889888454,0.14736136292172108
0.16074401172352587,0.2158868519279784,0.12822028062353585,0.16577959177195167,0.15472242004475173,0.049720513727557196,0.20537670699153343,0.11089565437928403,0.03565650403883007,0.050390478563785354,0.08745757778251455,0.08056162386616965,0.0445127328703856,0.10096707527684026,0.20376323959386977,0.15832874260612412,0.05110225594883105,0.1533959498339033,0.11691801643055638,0.22946875995508428,0.0619965509817056,0.19824918013283033,0.13959204000205463,0.06534832517940067,0.033703050722736626,0.11101553212393198,0.1622724742937156,0.15595689145488426,0.17929957266697372,0.055169017238498264,0.10138690304629795,0.03402018915479968,0.04354430248522513,0.049929222908638826,0.10460559425130077,0.17415063621200888,0.1772570661684244,0.2720996652398036,0.28332027375201513,0.008895775463084909,0.236298553467768,0.23671573168522803,0.1924010535140109,0.07476312403828114,0.11400370902532758,0.09394423943363617
0.18598205162962858,0.19860591546134088,0.16734110892979132,0.18341706504550692,0.1769881913129242,0.14176462842829818,0.21832270012618107,0.05438696701226109,0.08105815412001643,0.08803618150063892,0.1323634582631719,0.07460546181076136,0.09394786698729286,0.12598741044005063,0.14690681538481046,0.1084039690100836,0.13322886266389652,0.13083684783877364,0.1077322379605089,0.04237921891630942,0.14623197513878744,0.16683072658728362,0.22257410505338848,0.10906197082579924,0.0416425867968603,0.13311315729920223,0.2200484393269011,0.16669906725766245,0.22729101212110406,0.07419732071302507,0.11711198197943785,0.02587645450513461,0.08767272942233373,0.2164706681798347,0.14476708131619287,0.16350262553245662,0.16083118208542158,0.1279580827064447,0.30276967491520906,0.039512391395232424,0.297211554871772,0.2508335541587376,0.2219093795833253,0.13116024690091252,0.14088679051907108,0.15014438847487369
0.30556496626398133,0.44405615579216084,0.2992443729413324,0.23204310095684008,0.24928854622654645,0.13909267743531378,0.4202532274962213,0.16810734543585187,0.1495027328347015,0.08488506967206876,0.21261624597191878,0.2302868251911464,0.16371879433421183,0.20386331928926663,0.24082127190707203,0.22202165403730145,0.17056046462860577,0.1711853522101012,0.13076486623632824,0.08677909558110844,0.1176675162416463,0.21442259824684595,0.46255734847109325,0.2448080525006275,0.10338598308264096,0.23102020214408217,0.5125994323853816,0.18600663031659187,0.24193401522440805,0.3296128602147044,0.232596544069611,0.14223748793684146,0.2524207056426981,0.16368433967761434,0.2529495247932314,0.22730384594048328,0.28867129249533957,0.27338472562018695,0.30441214875723355,0.09465636256565396,0.49897159532059826,0.3738094008640672,0.29992631135738484,0.24511028506548138,0.15752762465244335,0.24332566722695528
0.40980925476265945,0.5011475695188438,0.34140732046815225,0.34938467561816394,0.2562321485445118,0.334528267197641,0.4649102067534212,0.27265106949352236,0.22712142740584662,0.19895496814631267,0.3181159706298687,0.31369920645645943,0.2865156503401213,0.3234264230928781,0.3309201747263798,0.3745720332679122,0.37645497150068513,0.2702731609721994,0.27639901011329016,0.2121317920250357,0.09801856860501312,0.2595627363769033,0.5751180090334587,0.218200928398856,0.13333637320685712,0.29545018372732557,0.4123159736586101,0.30310808813603435,0.40059120289594063,0.35572805994391543,0.2970682110569923,0.19703732586329684,0.5272301769915811,0.32433936474590774,0.41013461950348984,0.29792668155711066,0.3573144980292524,0.40413819724480476,0.2706012541506261,0.12929165877902155,0.5830241565247392,0.5184311850663472,0.37552664357782206,0.3929371797557306,0.28959558671662056,0.3007898560046214
0.4605446013057946,0.4580112476916745,0.447212954996382,0.4179554014977611,0.35849164096473707,0.6290986356363973,0.37745822303827226,0.4126731552013977,0.27358337294991586,0.3387486704585039,0.49650245136839516,0.4995790241842608,0.3959225316950465,0.3441752662139322,0.4453303480925265,0.3675981366487253,0.4230418830408459,0.4848933792211952,0.5282568650865981,0.3424772924691507,0.29613301037242973,0.4954210455867756,0.7945330873029426,0.4227377200754911,0.12331872782018607,0.4145915420345166,0.6623618160050265,0.3448578048585892,0.5637501784879149,0.35189506830088546,0.42182854182336205,0.30310313883152024,0.7489445466893816,0.5004528136497396,0.4855408770247441,0.31867070275518594,0.46564679371758155,0.5080498719288403,0.4189337079790124,0.2543976461825606,0.6189055302105363,0.6083571269556737,0.46498219061746143,0.4795155471242944,0.4057461249670097,0.34799489403856065
0.49595127412505213,0.5596205464699112,0.4595477380689872,0.5578129791734106,0.3860738855170397,0.7358981147122086,0.5608657915775427,0.518338887081333,0.25485432677512637,0.35750379292277246,0.638944110495167,0.5161929679634387,0.5325404925406418,0.40948514762500543,0.70872679017178,0.3752265061703234,0.4946038565561459,0.4341205183931634,0.4101893610609339,0.3328783019000077,0.43297022675577007,0.45261164513539326,0.9099494347959991,0.5922708113152424,0.27285458350117986,0.6691085390010683,0.7214908818159144,0.42574415513276787,0.617740601610042,0.37134196348645176,0.46938350497973313,0.5604846947765633,0.8853633008619514,0.5612738192613682,0.5050222797279245,0.3633386846176484,0.4637084941242079,0.5275775245671669,0.5913856867172426,0.241258976899809,0.6944400224604635,0.7268556020984064,0.48763780841410037,0.5534100917393849,0.3003135992987321,0.5122967907505304
0.46310226348246725,0.5376984571300624,0.4833658274137893,0.568786844443381,0.438036961709446,0.7111280985916678,0.6203319889230157,0.5606423922857954,0.29372571139284603,0.3421619307980932,0.4987121583625826,0.6861987023559235,0.6401144051807869,0.38264071879905975,0.5753619149930037,0.39761489880706835,0.3664683299720715,0.3864125042921801,0.4073274782755632,0.3375403073243573,0.498785646770039,0.6690372920601454,0.6946611358219621,0.6421962853158949,0.2479340612243925,0.6585015841800874,0.878110551225452,0.46033286047425664,0.7320453981970702,0.46962900026217513,0.4881721303600567,0.4739452302481428,0.6368681225122079,0.4373445356324476,0.5388937023414727,0.4214777910724574,0.46975255853661074,0.5770290338965056,0.6427631368363407,0.27444559066420143,0.4916069936347182,0.5328633220888072,0.5265195516072348,0.4721260575905972,0.33535156277451095,0.503647077786112
0.5365278356462497,0.5789565943356075,0.48368484907350806,0.5705023032734381,0.433260007764357,0.5050950032050626,0.6465124380073747,0.3952383721533872,0.279399450548562,0.38093163993439316,0.5347394741958882,0.5677822412982627,0.663451087654346,0.3892094441190359,0.5592900900693104,0.48761305557616036,0.49553462192725106,0.41956861783855864,0.4085730528906884,0.5131789752300634,0.5442977277705214,0.6497034675029523,0.6034266185913904,0.6113407476064359,0.21497980256624982,0.6927453636140777,0.7732329639760954,0.30184238102025884,0.8262205364027055,0.6670567580856513,0.6358422278071921,0.4317481703509575,0.41302581947130274,0.3482113201515368,0.4812925529126039,0.4674892369235014,0.5043697999802916,0.5553744892183703,0.5171417770345187,0.24774300999420554,0.6097921426532575,0.6057995497855087,0.5537467648928762,0.5783427093931396,0.5034342177352057,0.4148598335734829
0.487053631222518,0.49127953552688014,0.5027849896486098,0.5901277789608563,0.3080261757607969,0.5440029085510686,0.5165554909496036,0.497480307028382,0.30056935631760173,0.4251784534828981,0.5839777798358324,0.4038447915029363,0.6122181495581741,0.4026901709196448,0.7540824114552794,0.5692655645521689,0.6004342187692691,0.4974648551099496,0.4287030256380644,0.5458424301206933,0.4974101869099572,0.6543937697353973,0.846395671829727,0.7129158389680318,0.3351652745610102,0.7678164615104648,0.9643055602513404,0.39571213299951963,0.9999999999999999,0.548604903792123,0.6967626480525387,0.47988899482169906,0.5226093463813353,0.48015571989058126,0.4791398438360995,0.43564981922082546,0.5872456107294137,0.5925787970836789,0.4120813228048989,0.2766817944786474,0.558801620366646,0.4764614946700284,0.5620716521263924,0.6122705963104729,0.38361454232665654,0.40932816165258123
0.491221879658737,0.7168740847330991,0.43095997623772936,0.4589456946278534,0.3988074297159726,0.6393014768532864,0.512773515959421,0.6692338283970196,0.4834102760416903,0.4786294847302651,0.6661302451319566,0.4422568072914878,0.5562293391574333,0.4473259327614399,0.9021235570004054,0.5190456418552715,0.4936770021855206,0.5106998727597489,0.25638948015472135,0.5070271261490984,0.4096861737039966,0.6931645972610196,0.7185811742006065,0.6638057446778644,0.21294524846244356,0.7081405345505796,0.9047525945782456,0.4062406048583189,0.9170419344556532,0.6268774357198951,0.6903449257751907,0.41085280151097375,0.7320932252322642,0.3669356333224564,0.6077295311122983,0.48418883514642563,0.5048941860954277,0.7189671899141785,0.5736132481419497,0.30725350231076126,0.6242133247422775,0.49349199446105263,0.47516445897616716,0.7095916112506253,0.43070438213472256,0.4136514057451305
0.5325174760953044,0.6680853607484246,0.49223653971595793,0.48734061143732144,0.39394933393323983,0.6275808702070717,0.5949706411028978,0.5584412785083454,0.522418561407916,0.43998783527656665,0.5866156544347233,0.40761776177081654,0.6098810442486821,0.44178431685860353,0.9999999999999999,0.6597966846236984,0.4566311275469989,0.5581217393590006,0.3034813053444753,0.42338789180327785,0.4866302550001338,0.6304232687821687,0.6440676493432012,0.6154152494094426,0.19616857930833492,0.6715420173433415,0.7639432614736995,0.36635628520430524,0.8426957698562927,0.6819658730749772,0.5184965371145217,0.4747852608013233,0.7053164500148533,0.444882621273588,0.5260279276490758,0.5174763484599327,0.5223551063063088,0.7030002729584863,0.5476154120756468,0.2780497418464459,0.6015565235694014,0.5349413760661057,0.5410826021020904,0.6617910963610549,0.42667584333489084,0.4478482653363538
0.5579690312695982,0.6466992105614251,0.41478876385085783,0.49581063924747104,0.5145059864502382,0.5631082322537915,0.5572914116273449,0.504379295041302,0.3420349460665274,0.39202841375149333,0.5313940338832928,0.6284846578164405,0.635071637620793,0.46221898734379824,0.7097865884924505,0.6252344563286687,0.4755208670005303,0.43395047179211793,0.45973711530176703,0.42951975201732456,0.6088251388574716,0.8026398403744366,0.6898529675208522,0.6058867773280183,0.15648655419310337,0.6479686718845701,0.47482329726534267,0.33507854592671216,0.6770869683445643,0.7447220450470365,0.4834407192551572,0.48702211764059805,0.4281816368920955,0.49963887442456445,0.4734886086366965,0.6022429710204978,0.5115898379292307,0.5528726891083312,0.6436725788048202,0.2874462568977879,0.6291053297368943,0.618241573294952,0.675497760733707,0.7251443081963699,0.5172242625189832,0.446261158882996
0.6275596869813617,0.5117795697381751,0.47841825970966395,0.7031855276163222,0.5338203170010258,0.5587363679745151,0.5431864700979107,0.5082548686142966,0.3592040069120606,0.23915366156544354,0.5233395580442571,0.40094479307988246,0.5517280435774783,0.42404620956107636,0.5393921954739719,0.5608899243249341,0.43369293648170526,0.3999265942759687,0.4460848515379997,0.3289608914605105,0.6528312091234879,0.8091269280515541,0.6082962152390068,0.6141175587561247,0.1628452171955221,0.5929936444385742,0.4986757044974971,0.4572050364275797,0.641821488772174,0.8361339533791313,0.605981486899623,0.4599243625459849,0.3655309233403135,0.3468199828199414,0.4424325603710811,0.587693338393148,0.5732772928977333,0.5281473397074381,0.7593823064366,0.23771506312335908,0.7633236179447065,0.5888265638123822,0.7039466196946472,0.5872457381435289,0.3840526619055907,0.6404917399980552
0.608097064441577,0.667081354400018,0.547160467459673,0.6517991830442997,0.5566711027740163,0.5642978738928633,0.651819380450056,0.5530435662121257,0.2965969651578391,0.17965714797846546,0.4946621035584324,0.6209744898337533,0.5636796588415595,0.368415085624748,0.5405558370036295,0.47747838077546295,0.4285890413615198,0.44569804856851264,0.45532854821239027,0.3460194263605881,0.6586129694418582,0.8260725344291077,0.6809062308771074,0.6491115325782812,0.15818681185160813,0.5868233940811272,0.5862128048081098,0.4850894214001577,0.7727784539037471,0.6141147362724388,0.41866360762782173,0.3167494985645676,0.31567306386412036,0.41542403207438083,0.5045050688260476,0.6287806569284407,0.71970250191831,0.47338671335428745,0.7776292638764447,0.2546251914871082,0.6101773135046337,0.4789332349498332,0.6576233527434464,0.6161504937831692,0.42585793563725755,0.6579338145561455
0.7001830578401518,0.6612791425842779,0.7111054787732385,0.7064246385385651,0.6631060210861167,0.6264839618686172,0.7592125127214222,0.5912042977003049,0.3221177908197001,0.18648568750073277,0.5579830789976685,0.5328292168622819,0.574863722023975,0.625673022230835,0.4517026926400399,0.4483545620614771,0.7070220486157379,0.7022079717283194,0.48091087844297553,0.5176476994519179,0.7342352688630973,0.6662792334039447,0.7037883861391809,0.7613372342960869,0.19383226539108317,0.7441408842876143,0.5269268448665787,0.6672931843081562,0.6993013100848052,0.6727701322020612,0.6013020298979623,0.43139814987856095,0.34255295493316174,0.3024892129098672,0.46303087062501486,0.5773368133167767,0.6931955802416784,0.5649100706623151,0.8518752905981094,0.27693701106248997,0.700255387689786,0.6296356903046899,0.7176702286230642,0.6313633972231322,0.44532544305014804,0.9275643863788599
0.6719046783996742,0.6531333387718273,0.6895670289827653,0.5642407049053081,0.7318469411362807,0.5214242499347355,0.7529878192156401,0.5474894617278376,0.28349949794831697,0.23008957514244452,0.48814343546931277,0.45856313589688824,0.5017145019829271,0.5592955543792227,0.44479090885018957,0.445629204598777,0.5369686318905826,0.55619897496031,0.4376802594169073,0.3362824879958783,0.49924010636961846,0.7169243653521901,0.5907134854416878,0.764953570106627,0.12037335319232517,0.6747833881700824,0.6196983042842166,0.5076876153775002,0.6102168293664287,0.6005692983966174,0.5293176093677834,0.46863284135871747,0.2872052544703318,0.40117958291661715,0.42376634918424183,0.7202895268108993,0.6068701581260553,0.5161402955258194,0.8716340102076953,0.429084476788268,0.82087216782693,0.6906059261503921,0.6129563218833741,0.5003469781710643,0.5019325263342583,0.7842073136396134
0.7214165425076936,0.7394484174930601,0.5072005960075112,0.6973562310103524,0.7763503249904382,0.39646502797463085,0.7566146956534732,0.49522764283638887,0.2508607905097622,0.2101105984855323,0.4182277088300173,0.42977966695041725,0.45643088026432194,0.42663209021995335,0.4930325433644094,0.35871416111826476,0.6630621809634575,0.5779754659979763,0.47654983237176196,0.3168668128885917,0.34874453330827576,0.603614631418585,0.5957959819784411,0.6430339948373707,0.17015064298653432,0.6166633941566841,0.4698042325831978,0.44869727539245363,0.594948820370918,0.5772751870914324,0.6099582844674656,0.35343567706571094,0.37675872678769445,0.4346272991795218,0.5098267861804169,0.6254595839255128,0.5793473085878013,0.5509786227359158,0.6914497142256908,0.2576083321581842,0.8132239554150507,0.7300920187576532,0.6788795209255116,0.4029097747747571,0.5020022192792194,0.47165656654457777
0.577867250283853,0.8550949384450661,0.5572272575390501,0.5330964365722962,0.6218509752086463,0.22073797105740886,0.7010195627321556,0.23051565624739315,0.15999987300588567,0.2154535967921558,0.35565142298185665,0.4223162513584907,0.28863221559148944,0.44117394927366765,0.38202020338430115,0.34835031837083374,0.8067818606748429,0.4026483059153623,0.371861110269907,0.224839191619039,0.30252857508692743,0.46418644301011525,0.6532972272367106,0.3811261510979835,0.07649526431068332,0.5362737059094351,0.532261159677195,0.4122800035813869,0.3834305440140901,0.35815666971051074,0.5165580697990722,0.30204889812576663,0.4283634348615053,0.44968087478363616,0.46861453740350895,0.5237378860200039,0.6130153241730781,0.47642023712899534,0.7292787546157792,0.28700477510233363,0.728478826431912,0.6764545862193037,0.6678860335528863,0.3966821481577247,0.45324951330740354,0.4361863622926677
0.504238055676731,0.4524086650344004,0.4656888149568514,0.47787048639536345,0.6116552421610469,0.10787174004092018,0.5222305553986557,0.14365261843727656,0.06899845786621393,0.15946963280671705,0.24719168489666152,0.3312215915288954,0.16796762259055512,0.4264618120687763,0.35779868961868116,0.18887416519034728,0.688669872583794,0.3281147966177311,0.26701694801023323,0.21961364206239134,0.3385913167153227,0.46295945304808167,0.5618996602537318,0.33397498514241813,0.08017748953357201,0.5311808073882327,0.4601222211584335,0.3572782244013017,0.29434447384157725,0.36245195257378726,0.3028420198038757,0.20979374135862872,0.24509942201351098,0.24057006791499755,0.3248185935909072,0.4763628179517996,0.43702103009320964,0.4416975204016602,0.5823456086288678,0.22485725789106897,0.6221518161383153,0.64019438170116,0.567346332411789,0.3678633674963348,0.33500226396224403,0.21115692421956353
0.43599040584474635,0.3547796280924176,0.39371833724015737,0.4880209615790818,0.3379404824892632,0.07452732184054156,0.42193651063618376,0.09783177290193379,0.053828338631205425,0.15633368904290634,0.2687278342329162,0.29818326632062514,0.16132060957452962,0.32133337956695596,0.25286513393792,0.16917069941647517,0.42882795012007535,0.28269553683775994,0.1716250670782435,0.2265546121547858,0.3326939827440176,0.2446345715405922,0.34351287901369054,0.2965696370326196,0.05821048486989445,0.31678035928456544,0.34110869341275996,0.21015193051261435,0.21405223800194967,0.3417225554161202,0.29561864381623243,0.08166198962617247,0.1821855885475544,0.1992861213675943,0.22042097788677883,0.33282280911599504,0.3973927084100029,0.5051699630548286,0.286432250181214,0.09585846050525071,0.5780381219583232,0.43040692022843174,0.4231632900997899,0.2350689194438632,0.32206545693737754,0.28538560688854864
0.29398977491109096,0.26231038659635797,0.2005229751632605,0.44899003532656667,0.34056499362168063,0.0839937772647723,0.2555451997145569,0.12498034342990808,0.04068094943470332,0.11002411405361298,0.2598087772260967,0.15330032070652258,0.1430009525160714,0.18632211359382375,0.1706352016271102,0.11863530199739204,0.23383344090209573,0.2997749389865926,0.19236562471089458,0.18064546143542579,0.23333523980062276,0.23107820140834634,0.1741212610444105,0.20138798862333232,0.06964405036428811,0.35797311993533365,0.27800957488609856,0.13618907957228762,0.11709665117994644,0.33656668637091824,0.1837847461629662,0.11137196946745533,0.15077076717715399,0.185778405723053,0.12369653029984794,0.20184701439211505,0.25844852550970165,0.4971725989893177,0.2973965702531426,0.03521191859062971,0.5497644062242959,0.3504332313794793,0.324067617186501,0.14402699098661412,0.17516448616310726,0.19097547179979638
0.2997309437414505,0.26169017713673814,0.09436408860778114,0.22323229722001606,0.2807163658875282,0.10763137443525977,0.17525067057290405,0.12787545289877753,0.06128081638200286,0.027233698734811372,0.18720998105728273,0.0717759784791245,0.06759100535659969,0.0898473956266441,0.13719900882349748,0.08979143892352558,0.1023453375824614,0.15967020314920338,0.18701537537690446,0.12455998785566039,0.16381068827671574,0.2155793854675169,0.1883026861190213,0.11251638623138532,0.02305871619660304,0.2511205920908268,0.19420372723314597,0.1246075828216554,0.1339987386391935,0.23585377452273285,0.1270717033428782,0.0762888032618185,0.03688475600361529,0.0800855840312856,0.13724890594454037,0.20394022641748336,0.20988751486648724,0.35302627002060066,0.20367846925847646,0.037651920248319926,0.39508318449578383,0.2129776548770939,0.18588112776876167,0.09743086766637243,0.13625206615426988,0.16781217750832
0.1908150256886351,0.18539295489158208,0.08298350765294053,0.2730154728091455,0.16414515824553375,0.06588228791239473,0.1413562444666383,0.052165679082509644,0.05608465332775671,0.05284723315633741,0.15905313328172235,0.047291222883159234,0.04006229123946922,0.08126057474981388,0.08105076851115114,0.1469154304686105,0.0727105016347322,0.16239260598254132,0.13723620670522532,0.19415000904548402,0.029428216114510596,0.21401011665892408,0.09363928263494403,0.04822780520341457,0.0216352248765235,0.16781805724465432,0.1374212831673218,0.09010715763628599,0.12177333791294936,0.10942891400420232,0.07752394973880801,0.0785981112846436,0.014524333518919838,0.11655670497632464,0.06745049421530867,0.1861359099150186,0.1560298513917496,0.22895495883486353,0.12898286195924463,0.040297509214498484,0.26382760966016455,0.15733600230254552,0.12704015743390554,0.15495824271704903,0.141327559105401,0.09170258566516498
0.18456667634298535,0.10148110264347966,0.1478677923445167,0.23919171267219205,0.18458482664086243,0.0700703742826741,0.17486669875181743,0.09493399058652702,0.01822633689815246,0.032215729321503565,0.12595753832137385,0.09960475715033305,0.030732821970311047,0.11863231755317924,0.10214991433005688,0.041422172528267576,0.14494904381062695,0.20734630712308527,0.05223979704752726,0.1394255548299584,0.021336488779301922,0.08146080191305677,0.086231945620686,0.07290350634025466,0.06738269183660953,0.1683179455304,0.10711669187471201,0.13483549251642468,0.06901490977228021,0.12317809990167952,0.08327862345279981,0.05310465754113204,0.04588885101742299,0.10344928385531715,0.13847793585642254,0.15666572706837872,0.17274559434255957,0.2695411216604446,0.1703769228503399,0.019792336131639453,0.3180077088076869,0.06767960874364563,0.11905656934313721,0.14643958512991037,0.12361734065888491,0.14527596531935968
0.1941350235761761,0.164442422296664,0.18880736016444788,0.23563843283523958,0.14543227483948187,0.10159165325671526,0.16882268184727003,0.10751152708937234,0.03714069130467404,0.054388324672297414,0.11880871975460235,0.05109569106331911,0.047829023583122965,0.09268262338942684,0.12991564673522885,0.030002402393634692,0.10183642055402642,0.16877804671980245,0.11523940743250399,0.18358809737018267,0.02941688395254865,0.07612041135272099,0.08848415769532333,0.131164459294887,0.009102055250503026,0.131326763828144,0.10195612278131114,0.17225473939404723,0.08247207922677313,0.12766141663094469,0.10422991459553897,0.07085736660633409,0.044492805045682926,0.0951442836442788,0.16107543756311787,0.15896112584370434,0.18087468749963462,0.2129204976144422,0.17863239569672737,0.028929099512211686,0.2854266831621186,0.12056539256515085,0.20068693957392003,0.14934130638357862,0.13546994378617486,0.02689438528583997
0.3096350009681803,0.2606181648867756,0.2013522036199467,0.22046576781042646,0.14755785946356698,0.09418667960837371,0.2640904296016758,0.10024250330779522,0.10577897115310277,0.06308861795876516,0.11791828292823985,0.15424333977523005,0.10188278004307795,0.216787850629374,0.20706617619935042,0.08606603087506423,0.20966302416053176,0.26771943427941985,0.1393771391991841,0.12306777522703055,0.0893414093853252,0.08382111183905709,0.19986269223398223,0.1865049343183773,0.022509482261658324,0.19608173062405018,0.21412526796564296,0.16725117491356603,0.14536214718618579,0.19912651182976376,0.14482946325682167,0.11133921095342546,0.11262406618368974,0.17959956236621802,0.2688561448639994,0.17753323092131568,0.17513130299299007,0.2364858974506772,0.3105437620878371,0.06446121714008546,0.23821869805690027,0.25773787619085436,0.210362559990627,0.2531859049388387,0.20552027548295712,0.16649092651519856
0.49019589755941606,0.3686009511938243,0.3380899653389819,0.40147875022637386,0.2839125426478403,0.35096684110438253,0.3935968768023126,0.37392851920883075,0.1305040797410676,0.20381234306702342,0.32320013942138637,0.24108575270233407,0.26821459670188036,0.41088093943542203,0.3628912187971063,0.35903787900861667,0.24033844364434515,0.48312801356639895,0.20428487684690397,0.2886261789909856,0.2738048314040585,0.39316381148937085,0.5850607327417072,0.4069150671592055,0.17270800143731235,0.3344001148961652,0.22515909168128068,0.2996752149358186,0.3231302666763448,0.37165702464797656,0.40270598073906877,0.18928956392520155,0.2569865472150148,0.3324042488224507,0.3618808369381072,0.2910908939584138,0.2670159855627332,0.329320746626957,0.38190871021901407,0.144496226126019,0.5324528161472903,0.4000513889165653,0.33302744455662886,0.4903277911440272,0.25682939626599505,0.2494574613336202
0.42179827811859016,0.4523651692932093,0.3233752447312539,0.3192883174796661,0.3154966361420752,0.642668333989949,0.44261162669537146,0.4624488510220788,0.5073616427791282,0.46454013979407627,0.46153323197389023,0.343887605628246,0.2585027433262373,0.6183451438216158,0.35825112507857043,0.5512703248979618,0.424085877102979,0.57732224294449,0.23204368606895706,0.5106497141889491,0.34897046401863113,0.5166718559316422,0.6468876454430905,0.5060873921852252,0.15147842774394663,0.4230390599144908,0.45919723829957815,0.3394278242225009,0.48414127629391346,0.45846440044987835,0.3388777697662496,0.2672113439216485,0.48542938834121047,0.47480791936132505,0.5673865468767405,0.29802844170186327,0.3056479359364019,0.38924460846067827,0.37570102952907736,0.1578533404128321,0.5724909928152735,0.21894209648464685,0.4930217190368467,0.5713851642610525,0.4209494138728691,0.23338546785525108
0.4222306460551298,0.4855591151653859,0.3426267469517004,0.3251990376874098,0.32205653001827267,0.8391743641583659,0.3746602849125766,0.4642034635053802,0.5804042645995675,0.6131450455788887,0.4897175673616318,0.2604564560530586,0.3471256039602428,0.7133057274357866,0.3674820321269445,0.6108557643255026,0.4987532267032363,0.5068211439213908,0.15918659567549553,0.5418839370394255,0.4365199532450766,0.28681907361471193,0.5838853096771772,0.5608290445648004,0.09726237449073372,0.4460818627588436,0.6237591877879447,0.36813182361197366,0.5076012432415952,0.37961941175323144,0.2676323016110654,0.18269080216038935,0.7205690431809282,0.6795966512114309,0.7706428123613138,0.3268297144487514,0.3011460381353795,0.47245534903549485,0.4920590474412977,0.24950803977327699,0.5922873113705125,0.16568961495478568,0.483600196701296,0.5964659762061222,0.5374750242130483,0.36668688737751265
0.4228692398658386,0.5441100660776745,0.35587609174503565,0.34287318645793174,0.37778311804140224,0.7404720314235703,0.4330071519652078,0.5915122093361236,0.674090681283935,0.663045381486804,0.5800399023081655,0.30104135193054954,0.3748794468694396,0.7333961705491486,0.4092626261064141,0.5963312265549903,0.5510324301735183,0.4098612497868084,0.23304834870177113,0.5843620155400487,0.6293258969163134,0.369780802212206,0.6746983010819287,0.4599620705056537,0.09032441046378237,0.6090994596943977,0.6938583138145306,0.4442635668993551,0.48845010341652567,0.5190657506092319,0.3694349115501397,0.23505863363518054,0.727188045110563,0.6203293739857024,0.7250445690847679,0.3492127248412098,0.37501936374081246,0.47303591262156325,0.46693558560156123,0.20022512944020082,0.46403917572804415,0.39818930178199585,0.5412722928578443,0.6679962299283548,0.44972123447060597,0.48192996100090335
0.35028247517714106,0.4980920533859396,0.3940857321588642,0.42922225481523263,0.35800708218102517,0.651876014097348,0.45117985308940556,0.4988296704515628,0.5497244204279618,0.6756729429307595,0.5250214632214135,0.44072787629661303,0.38005726119529115,0.6796473095660852,0.4528159617846943,0.5586870387220833,0.518067012234389,0.48364205360124907,0.3329952858941944,0.29979360157921525,0.8590603192282046,0.6212004654722587,0.5165033029634634,0.44834452656270196,0.12684853822249306,0.6649730844025015,0.6240865614706649,0.5260365536218838,0.569608636404801,0.6253281611152193,0.4592287974873278,0.2441110956769102,0.5238378747024399,0.5189948488057572,0.8503256231141868,0.44826153612687647,0.40012100725043,0.6468260950727683,0.5791026973927085,0.23973410714783386,0.6799423384397866,0.3541683173238196,0.4952544365928669,0.6005814956272222,0.5660252664093866,0.40207944848052857
0.4595325404740097,0.47320296415226243,0.3332478752540695,0.4498063719959612,0.3225405558799709,0.6313567493668693,0.4731032993414005,0.4962685769883981,0.6738729574168437,0.5646635437939764,0.5548308215706484,0.5474531557328156,0.5057154709263297,0.5904396535318454,0.5513114419127617,0.6219890838388814,0.48987043050823054,0.7179004698528539,0.30037898639986643,0.45700773062285927,0.6142835188096473,0.6164767870160477,0.47570084799007356,0.43682239132714035,0.1569034963102114,0.7372666001911818,0.6351144228116551,0.3128649651965298,0.7531066271508774,0.7344408971990543,0.5896708223417547,0.23486685441565108,0.5336135118663413,0.5903989548324707,0.9465750536921184,0.4883972150544963,0.4327802172431576,0.5801050852862071,0.484460550477674,0.21292495196086156,0.5887109310687574,0.3162612262285124,0.6390544797369985,0.8235575002335807,0.5614193614583842,0.488588596656809
0.39912293680947947,0.4311461527822878,0.4143451410049432,0.49464846649685634,0.29535360843844505,0.8204349516309176,0.45513125454746256,0.5903351264137038,0.7148349423491305,0.5847338730735634,0.5858149150044397,0.3239698811142621,0.44940727658225943,0.5463872941866021,0.5459987770995984,0.6795328577545406,0.41900210110830666,0.6652004302536549,0.33418481857574767,0.3450761978423989,0.6959333834935366,0.6177197541029812,0.5535533036766189,0.4466116992552102,0.11191235569036534,0.6657838643761567,0.6899120422921345,0.39057420612082894,0.7866982385760093,0.6362953812089654,0.4866647006634398,0.32871758215799834,0.5207174032582783,0.4733767432812789,0.77178720600359,0.4433418483169387,0.44768200714262696,0.605551335249171,0.4058338245353427,0.20181224780595575,0.6499425165265196,0.28792607161112527,0.6213711673960426,0.6702476062565254,0.8047250599863895,0.43248635397932333
0.3986595435885999,0.5337442822290973,0.4011145190660758,0.46524550685513455,0.32496376378799685,0.8758590108177083,0.3915678552967968,0.594773743340972,0.6890518958762089,0.6841712377442719,0.49907142832332113,0.3319618193492914,0.4043184460489961,0.6869944490746794,0.4991889147257881,0.631949710699813,0.5564380038487977,0.6597963814617069,0.3478155287233786,0.502770557260984,0.6645285854734441,0.5250794547530058,0.6758603108333241,0.4173203586726141,0.2500270600857762,0.6898785839007713,0.6332247222690647,0.3805842676882344,0.6995592898582318,0.7739814325516845,0.5182535110472468,0.4249801597029465,0.4984956166750329,0.5028444976594254,0.7419605128888627,0.467608072766418,0.41449370416480674,0.5964069960138801,0.5318680270341404,0.1801179774187214,0.6251745851217886,0.2553565955550273,0.5805616171855424,0.6198541270320923,0.6229603188711901,0.44196802635110344
0.4829825780123609,0.516316188512208,0.3393843330823646,0.42413395276858984,0.3432957955377304,0.6674062086899935,0.5522784096656492,0.48171766389488613,0.6856450125901004,0.7053855972639265,0.49614280805958505,0.40617909359383414,0.39287746202098256,0.6775650135949792,0.6441399573443031,0.6410657746565798,0.4803803338780924,0.5716799429221642,0.3265079870694166,0.47644436883428953,0.6225700663210101,0.6039088306791843,0.7885163546594527,0.49306464532828714,0.3944240242035088,0.6902827459269183,0.5854621004730666,0.4105739284295385,0.668757609859523,0.7500809142306586,0.607525057942159,0.32339398972190453,0.5430866125529751,0.6152611149556846,0.6474448089876321,0.45727765170145895,0.39193152016203736,0.582083607096297,0.4457450753977396,0.17599782688837617,0.5504739430310158,0.41094903335376265,0.5056014712959813,0.5995132908294589,0.7758312349925721,0.4434921832013802
0.5596934479449913,0.5753606600839293,0.32425524944077705,0.505509798245367,0.37177856109060975,0.7618553987534181,0.5426082597527073,0.6832243264779633,0.6029238877738039,0.5665090257396923,0.5622378529108533,0.4253983938658235,0.5145350579049254,0.7698070283537426,0.6327794672831618,0.6777640681475444,0.5393930103215697,0.5445720413838728,0.37437107723141066,0.6448399135417273,0.7242478570151966,0.6389165674162469,0.6241984776242395,0.538362011268582,0.567318452056249,0.7319182741100412,0.6129218345700724,0.3645539489239061,0.7359384614362583,0.9027069638690823,0.879371792945771,0.32765280945199476,0.4031048874871568,0.5597878696944437,0.7143252972012216,0.45486539715455876,0.5299169403661932,0.5753059217555044,0.46295754446838344,0.1914142041768944,0.6231983495800143,0.38610146418275154,0.6926229156720989,0.6696934104731211,0.7049455713865981,0.5233541068093055
0.5980521620388778,0.6256630567593585,0.42099068204977536,0.5737893952548743,0.4357837765090102,0.557551044931085,0.7122759831185915,0.5714368072190966,0.4746936066488424,0.49747170799346246,0.5594463358189108,0.44535575802349664,0.6362382816900617,0.7012342487123022,0.6108652937036019,0.7677265139872771,0.5184375470444552,0.5901015299621202,0.5491443298255149,0.6222238986485386,0.5863963075407926,0.7448715110757657,0.6718497493915079,0.53272900433178,0.6008258502987681,0.7099440481823294,0.4272744800773486,0.3706239411967764,0.7882961759452931,0.7902295284330031,0.6351062067924065,0.3869129322987606,0.4505378906192449,0.6992878448805158,0.6669395994674083,0.6631229717839842,0.6612380363742274,0.6039781760158004,0.6133407500487068,0.22744296106164913,0.5916577542529806,0.3610419075342016,0.7169125721202583,0.6054395413024178,0.6443312949869593,0.6487407333986567
0.5999697023881992,0.6331157099380466,0.6079321546436699,0.7556882424747442,0.5369523780807627,0.5998648136154148,0.6254404688927191,0.4704961033350886,0.4358236442570853,0.44438618900971916,0.571471744876507,0.48841201189711003,0.6025241641038751,0.490507986608988,0.5056439304489497,0.5220990888243157,0.7167355372629683,0.49893772740997816,0.5097405070648889,0.41737339576740495,0.42510562224775555,0.5619364038188693,0.7068405311867463,0.5697322256580197,0.19565701876853056,0.7093934579025776,0.5357878589099675,0.4212306961122837,0.7563817180695386,0.6758059062729032,0.4810543959625143,0.4144834987749916,0.4042160261921822,0.4472050779392607,0.5737113790860703,0.6035940593891215,0.6232706102166219,0.6772580678247788,0.733662026454437,0.280037643217678,0.7556438401868093,0.644916958930519,0.7707347182717709,0.5797123070124742,0.5450134174139715,0.8741748337441366
0.7203703162940577,0.5920107719485689,0.6546317533723366,0.6006730020079153,0.722733150703754,0.6580091633805161,0.6991550817268504,0.5568118385577826,0.5364878632135937,0.45343545086198506,0.6306983051503882,0.4487420692377449,0.5961580439609228,0.4636370841628782,0.4226814841127913,0.5004676108440409,0.6981572979052334,0.5833246691405876,0.6157639772775617,0.4770184804901916,0.5423060871576864,0.7170771824013477,0.6885107878589021,0.594514559177815,0.1132067156203497,0.5939332173775584,0.48097710647954417,0.49666806196022867,0.753613739662774,0.6873187762370002,0.45491117625530186,0.436747402823366,0.3406909906436395,0.35023236607424313,0.5498303874318708,0.7010868754874909,0.6148235190759713,0.676759063197575,0.7380473900066391,0.30366771250795016,0.7445687761939079,0.7015770049073781,0.8035852748945216,0.5719927750362587,0.7666812854250616,0.7241341359958965
0.8103365733102978,0.6729296173621651,0.6732313040448721,0.5508939373435998,0.8195337534225283,0.5904250405815925,0.7537841972558388,0.4759505258427653,0.3000496411514098,0.21740320832535104,0.7739710336846642,0.4646091730601457,0.5068399355735985,0.5911457072162274,0.4934660382968883,0.5492738333856522,0.44051296372180876,0.6435492196998789,0.4578291426488791,0.41054634567525233,0.5123087970200507,0.6510877735787594,0.6737579722316396,0.6293919887645953,0.1009638944394747,0.669320613938132,0.48814663764353516,0.5416025121565727,0.6271857431650989,0.7425528213422214,0.6222184972600737,0.3133649668112726,0.3695320967367297,0.3637962659420765,0.519079914860028,0.7323925945721972,0.5679893251295849,0.754687691301593,0.8623121925352139,0.48082099338261053,0.7147426956711033,0.8929349463375925,0.7313358029421055,0.41596718880561934,0.688917047037424,0.6556967417467666
0.7438057349930062,0.7409866148472242,0.5176960413826746,0.5063422554055979,0.7467490988680545,0.5701895745940334,0.7201515285234916,0.3932940613267083,0.1705483587270557,0.2303626765673762,0.4906221027131495,0.41597936344516534,0.38739052175005145,0.48755714481657186,0.5250613178925698,0.4312484079762306,0.5102353318505494,0.7388776405366153,0.5092469407742541,0.38435310301017545,0.44088067102031736,0.5820027337097368,0.6342275476328139,0.5360658178613593,0.1383898140816757,0.6153949524543445,0.4553116430662456,0.4426362737550316,0.44699687258140425,0.6833065535072866,0.577990498848853,0.2654217594277332,0.3351698756744613,0.37477453678603967,0.39387690727093416,0.5909391883024292,0.5353660292650894,0.5951854474059453,0.7992250210864933,0.26321583290313444,0.7299611812580398,0.7779109552745352,0.7213016911855079,0.38187633578326885,0.6001539193452976,0.5946778428593299
0.7400903326280899,0.5567287540659267,0.5127301992982519,0.6122912352125017,0.614238197475662,0.305558736840824,0.6763791238192739,0.38995546237509526,0.11933577653434459,0.2258676280253614,0.48860260851228415,0.377431182645892,0.25627222698150304,0.44317592121878474,0.3542598105213714,0.37755156696481657,0.39997226988739093,0.3598683934607475,0.35989085818651617,0.3586895671817042,0.29753724726974967,0.44231484083704475,0.6136917568991298,0.34127335523472235,0.10533944388820507,0.5135918044431202,0.40131123167091964,0.41050027439109543,0.34046919556382305,0.6109383317295092,0.5296719917230357,0.20187547403313708,0.30393015165686804,0.31936927068185794,0.38034117893401254,0.456453739999391,0.48373318289899425,0.6067842919876395,0.8002740932347293,0.27473291839857056,0.6655504724129984,0.7783164260131005,0.6422903343496296,0.3073419089940933,0.4712413230282774,0.42605012915156115
0.5191715912238852,0.5607561004084148,0.3512830873798036,0.519108698366842,0.466822308818719,0.1955726783810597,0.5751331653372601,0.2915703869739651,0.04831558651491388,0.22884971566009588,0.4220385315542939,0.3315315827845587,0.181056120433436,0.40640193866793956,0.39900065684073754,0.2211218702831022,0.4035613954910921,0.29033246911720695,0.35332397499737744,0.12087347733264964,0.36044261353401413,0.28130197358631454,0.48620116682502373,0.33080488619553805,0.026263733416002043,0.46073542210189733,0.41722489144766733,0.31142362317051264,0.33783767517282676,0.6832509137474759,0.3461418612730292,0.2297501125516055,0.19440562193670968,0.2702908827094802,0.2756259105353362,0.42940130618564165,0.3713466333159712,0.494095326789949,0.5713536969963011,0.16462288745109727,0.7493644006126772,0.6400767955825197,0.6044929832978105,0.24036126383869277,0.3060304223787074,0.3303919650017134
0.38383141839346335,0.3139166583413668,0.20948745547045813,0.4938475503257933,0.361607859824844,0.16047557246394925,0.3594031646594087,0.19357582444738375,0.0621286713209559,0.12983159574144287,0.23466908075120727,0.2116812961668009,0.13775092375186007,0.25699333861436113,0.2626534520742511,0.14955052976395522,0.20427360619028112,0.23261467648562228,0.4345990920901014,0.1478104847660398,0.22216823874508845,0.2696768879475338,0.3102588908891144,0.15520633589059896,0.04395222043621539,0.4723743986589815,0.3135555602906728,0.19161923376974335,0.2874096940335389,0.46494853022911675,0.38307121173661624,0.2944352556897971,0.0431429979316566,0.1743184436640208,0.1605731749484967,0.2638289869679127,0.403242805115027,0.4752754492181221,0.34565178847554,0.10012377413178485,0.6465957535368831,0.6216396224704838,0.43215686254144225,0.1880545266859167,0.17379046697075948,0.2530562657157406
0.295868010921401,0.26406605512292464,0.1859614640714418,0.39045816555189744,0.2386263834374482,0.14982340808813283,0.3007785384507567,0.11762639956931045,0.038343270688177736,0.07193041212555808,0.18514565081532586,0.1642309816061854,0.1420894380386347,0.1330889063791072,0.10620985840405306,0.09488534999000049,0.2192403844749194,0.2098241100317555,0.37729615862389015,0.13250807804766995,0.1910163798195938,0.328513106881877,0.19513356912099353,0.16228863384821895,0.011187147473728815,0.28112604749299597,0.1898848530374089,0.14627279990624917,0.16544557290745798,0.22450803745135958,0.38874381056130536,0.18920507119280933,0.09599853275444219,0.12319941403020437,0.13205813588060894,0.2481884711580978,0.3205379176776666,0.34808195673069264,0.24097060062130526,0.08374454950323454,0.4721201230950061,0.3449374902193292,0.318395368953838,0.06155291476233527,0.14478104891051685,0.09319293524400105
0.23801089003075995,0.16948636352153734,0.15729083049658923,0.31420218438841807,0.2089812871079849,0.08865421103035559,0.29035909541193883,0.19859078877108818,0.05632427760338041,0.043974622444774084,0.15510587560934916,0.09038132877615351,0.09655688228545042,0.07971765828084254,0.20924805463265544,0.09053723652337979,0.13518328299658386,0.1493000628943473,0.07168389101519229,0.19408562815825425,0.20655012638650488,0.17190081260998652,0.08189873981875015,0.06029894628702328,0.04405285280257936,0.2178790557889623,0.10134281174767582,0.17776879874236065,0.13237314688643562,0.23996035232919502,0.2902738590586608,0.1011975956819134,0.05533019453038915,0.14467220603383257,0.12373846036385326,0.14016791456120256,0.23286868455350335,0.2987488645686986,0.2013158827493558,0.09865077499096887,0.5163369913157616,0.2636449971022375,0.3086954677477863,0.05828613120461954,0.12972820351920908,0.03206166352608329
0.2627441381091064,0.22286801813134352,0.1132205805217088,0.16260201927970838,0.15763194062076968,0.059725012533337486,0.17931091968549434,0.13978405291040719,0.03066421994371137,0.045467213521271546,0.1623669094159622,0.050713241336333564,0.062214678764370826,0.07860204045605604,0.1966460676788312,0.1226789138694722,0.13416560756772797,0.12190119446058972,0.09437615981961262,0.15716983203963236,0.016889195749147073,0.14334525106164864,0.10561683295684493,0.07796956797098775,0.03399058454341925,0.25483841505707927,0.06322099641281961,0.18437066252530035,0.16839066767988148,0.18197492894122994,0.1501042276479243,0.0626449541841143,0.049982888056916905,0.10638161052018896,0.08722108262514586,0.1489287552729417,0.1972544843237669,0.2287364534411239,0.16017886392367897,0.03880878030667245,0.3943916740172662,0.15506523780807985,0.23999032157513475,0.04467862517900572,0.10142040772243513,0.04772734742583011
0.1904434181784534,0.11842865527935498,0.11816142687003325,0.17791748230989274,0.13177474469472925,0.09505353687298945,0.19785510323951183,0.1825246069842742,0.028654144029629684,0.019414909384340977,0.2398791845080908,0.09291498173417999,0.022807182504242046,0.0807344125813429,0.13004758694304072,0.029124147470309197,0.1375799241671732,0.12790060139464768,0.08807479962748532,0.2020859297213283,0.01987215762744829,0.17331527828294813,0.04499799707923936,0.056177809703802074,0.036532779957738674,0.1503978977304867,0.07946113145155898,0.07261936297641619,0.11114171404397141,0.14954918792913563,0.1805885092290953,0.059517014678895475,0.028526598582720927,0.1580109480670028,0.10188080102051829,0.1659909462621573,0.17258139607587797,0.2579677027308187,0.12919803041342254,0.04186134901572079,0.2851141831555365,0.1271465822956928,0.14326213759497425,0.07402448744805601,0.15840594647689196,0.09296207108522622
0.2354974659231134,0.11519963758502275,0.10829836805057994,0.17517371993073952,0.14883118336754367,0.12005047901238153,0.24363213986545137,0.09064536760055963,0.04508354492342374,0.03272290215521857,0.297044480844031,0.0920442723056184,0.07725837250258044,0.16965869208237952,0.0890920651722838,0.036476042010753204,0.1440961545822559,0.14684912854955537,0.06038196748821429,0.07567282696802227,0.030153902168877714,0.11753438553811625,0.10034912162623874,0.05160311088450124,0.017438023635460903,0.14102742029810367,0.08262925452012415,0.263161093041543,0.1052046971818482,0.1801783539919322,0.15920943922084313,0.02419035182717322,0.06680825853480829,0.08584493754478659,0.10447046707192052,0.1270531743405156,0.18855035635503653,0.12948626238023697,0.24591213621456298,0.036868255553017926,0.24901365569774414,0.21431406587727914,0.16555504900853413,0.1224471218734269,0.11650111029639929,0.11904410420186876
0.31928143809357057,0.17968084619154528,0.20222847013216094,0.15531858694478187,0.21849989846851398,0.18939664303367776,0.2785420467995229,0.20787350068024257,0.0729614662348816,0.07750878175519277,0.3307545956350883,0.11439746076380417,0.15983826993619882,0.29455384758782027,0.17079929939244054,0.09412053553179155,0.22110388387023544,0.1671669028382756,0.152502299073278,0.0993200345400306,0.08198203210621753,0.08918639144101176,0.18920287450280585,0.10682366215786285,0.028421731472564785,0.18364764944037532,0.1636013408203564,0.3717185170409283,0.1522963981286644,0.19617756955320834,0.19714911812930408,0.02858872639286392,0.08780827482116316,0.1714155771850198,0.15581286767581864,0.1583265232981703,0.19580625600978568,0.3413002626775439,0.30192840018428263,0.07219890525294739,0.28497794078148897,0.22773466330680692,0.31905490625953276,0.17825257376404996,0.16714691946631607,0.11681744679897454
0.5286612759936427,0.3588669282648107,0.34962008091452057,0.3453732693799447,0.2733444549338608,0.41268775808136315,0.411804809278659,0.4803831142100381,0.21581101149010776,0.22928154791059033,0.4188858990552331,0.20297928040635738,0.2823726416946571,0.35586808191549574,0.33427577957594595,0.3649851438925973,0.3241406554377637,0.3283100475573665,0.20308770638773685,0.4029920219681744,0.20353230139599388,0.3855256307364101,0.5266120416127344,0.32415720156564504,0.16758528250756694,0.3937437761703521,0.3705056922334141,0.49580580602718755,0.47582111341383854,0.2930164088155781,0.4261325765359291,0.184755624903561,0.25197192324657564,0.2894860350875753,0.37256944918967305,0.31602182497513664,0.33178297979609994,0.3429852421939612,0.5531653485017768,0.17367642257468216,0.5005004114646457,0.39510307240894,0.49109463030359407,0.5060954872771365,0.2983452675420689,0.1481347238729123
0.46569811262510385,0.5086845347243494,0.3973859999372566,0.35932900554604974,0.3078139819938387,0.6118126395283265,0.4141317462254303,0.5407373934140788,0.6641383106473395,0.570776114949394,0.5076521820909037,0.22873174692091786,0.3102609916565023,0.6233607532025212,0.4632149500025978,0.6433037006408587,0.41371246663039424,0.596156117149037,0.23660338581666815,0.2580389088126511,0.38944599168693583,0.4367454744372471,0.6570082810467188,0.35285660023635124,0.1887307690506205,0.5645817517794041,0.46821211693402753,0.45207697486113463,0.5164795849047529,0.32304429100051624,0.3970652455401442,0.2854124178767537,0.447208188267211,0.5170047127727462,0.616021212317554,0.3991123504536055,0.3933425922717825,0.4735171206984489,0.6678707126823253,0.16359797578242433,0.6135947811360587,0.6071190348245755,0.606931734825908,0.5253209909879528,0.4139843741151289,0.2505499490889218
0.47578155830170166,0.43066279463434504,0.4185948560262851,0.3512694313951087,0.3430850515733368,0.8431671671790669,0.38621151588639385,0.6087986719267904,0.6274573891579261,0.7251480171115181,0.4424715281361723,0.24877918812884403,0.30703647092444236,0.7318272103949762,0.3445754063384982,0.6234330811365768,0.4377825702096141,0.5947455672196369,0.20067554545043798,0.3076884129996222,0.5264571579852912,0.3914689899798727,0.6821886783918045,0.4511059718803582,0.1848121373085012,0.576715216644474,0.6278432075471746,0.5364509829271162,0.5018835650027053,0.4721454127907767,0.7030036106757557,0.2858440949801221,0.500253375913839,0.5415601009718649,0.7419075001275703,0.35043631507870754,0.3519813134377978,0.49700618926375234,0.5813521073670946,0.26925109774959627,0.6602777295288187,0.4812100084711254,0.5735090415776836,0.5926085585140457,0.31843205201860375,0.3908901159264917
0.4537355236683525,0.45993259932744535,0.36331969278106424,0.31117284110238885,0.33561024362505065,0.9065526008153865,0.47685979172063186,0.662243026658001,0.6196382018249839,0.6738049182646266,0.6281226019356467,0.3641543605953312,0.32211498056928267,0.6342245773180434,0.42206411738627636,0.6311724393165555,0.4196074851151522,0.6391059748128327,0.2198377429485502,0.33339250143781646,0.5558130754337889,0.44288990208000517,0.7557030687963313,0.385124137820506,0.17843013305751662,0.5450223974312354,0.6622324027428256,0.5342916382831113,0.503759364193643,0.531531062532828,0.36329796392170355,0.28611169714950646,0.6146156585540072,0.606042590588484,0.6886914187943636,0.46662949304523493,0.3935151999757872,0.5325880351617077,0.5445734630619526,0.2566474295783225,0.487094124958589,0.37002513460348874,0.528822635909617,0.5997873864458217,0.4368145834532141,0.44922817101622103
0.45348944884364856,0.5069780579655649,0.35820727592752366,0.4820065738827503,0.41928998803212525,0.8184114459255705,0.39633399435457634,0.5296517888993966,0.562297497166863,0.6827936756235096,0.5190701282990466,0.37262688433130303,0.3727168243177854,0.6433752612431404,0.35385751686920663,0.49857221021111225,0.43673168970905857,0.5096712696818999,0.26403401789782854,0.4228841739504256,0.7742177074324202,0.4452102786437862,0.6553400270643945,0.5123531830929602,0.11501271234284183,0.8111943809490252,0.7800911430695386,0.48933781097574097,0.5349066687608169,0.7037732477838092,0.5658544006867225,0.3947549594655113,0.6066168799420028,0.5555251124587363,0.7131742226431744,0.46951169921291447,0.4171965694894173,0.5662551375370268,0.7009669950402521,0.2085153455851882,0.5236989776556664,0.5085594417200275,0.6351970523259124,0.5422112097410009,0.4114987082395506,0.6140493211060882
0.4232916998929311,0.34737604401769684,0.38460272286826963,0.4012152784692772,0.3935436431532482,0.9336493188838781,0.43033711536256863,0.7712044386305063,0.6370137587452586,0.5862252339188874,0.5727323232637026,0.4976942323647989,0.40206423908331956,0.48682884730972964,0.41633199327820003,0.5961891403024028,0.6881354537141662,0.5375411936670231,0.28960869489930774,0.35819455038719133,0.7677459844852541,0.4167305229514555,0.6092474973365383,0.45432955208604425,0.1704336289533602,0.743188677931439,0.5869722754041611,0.48305510683175085,0.7045131141534536,0.6687805339280124,0.5474379041243187,0.3782147612181273,0.42967479618415183,0.4471564166442483,0.9595060513164984,0.4470397483736348,0.46208287879337345,0.5968030414961754,0.6311551059768433,0.2299688579575419,0.5965816294495523,0.4271458924233154,0.6832646009977894,0.5953003438101733,0.6570474584762426,0.5808293385112903
0.3873163709776177,0.6251599163298174,0.39029709118452216,0.408943131493464,0.2873016881332089,0.9481394377347705,0.46731045508929975,0.6509730903929715,0.5161050553532779,0.5483465841745649,0.5758150850663124,0.38472056248170805,0.4045290352207037,0.6388362219189901,0.4296908225410462,0.5960494078089161,0.5717627898543987,0.5136171734041532,0.3038171925894537,0.24876384290246525,0.683855826381583,0.4438429170683149,0.5426394862656052,0.4282388528792692,0.13697113287338436,0.5872896226781794,0.6024703620477899,0.48409847213988916,0.6799549354089648,0.5022587992805494,0.6212079547492766,0.27557942323992457,0.475816690387243,0.4795007073242169,0.8096294375242737,0.4642347714262235,0.36738757544023004,0.5264788599608679,0.6258318647065051,0.2131144143296161,0.5447364388281647,0.37783432965574204,0.7086826637030216,0.6362440853233126,0.6221933407703767,0.5012686956535793
0.44239857439746244,0.6647812609709179,0.38627407009898374,0.39919374716880085,0.3155814827723724,0.7906584469117368,0.4526931872114051,0.595092552762102,0.6348881376816268,0.5726504483038559,0.5442585648842759,0.3204492194239875,0.4227981160056073,0.7290693947641009,0.3453046525669161,0.540134928469305,0.4128505754202915,0.5917395586502061,0.2333297381449597,0.2867430259110885,0.526281431460747,0.5937813670907742,0.6616664525574196,0.5037204476767456,0.13659778974458242,0.5944051303057489,0.542106178090145,0.5122330941841866,0.5096670377438197,0.6794845148982779,0.5081825773288159,0.2920185230083837,0.5713421379301781,0.4331807283053858,0.6524151687504649,0.4943151439189123,0.35613963065543647,0.4009749698649061,0.7851265549668321,0.19724732589152988,0.5126377625577125,0.5418372321742394,0.6505936982312176,0.5193200051689714,0.43723986458409164,0.5758227105758938
0.5211611213974898,0.5994913384395673,0.4037968967170423,0.4570018443820831,0.3739203384028549,0.7869062775131965,0.555976609861683,0.6550446270580949,0.9008618622695732,0.5924672294063968,0.548162696908296,0.4608726309938007,0.4256833780822726,0.6520085561292486,0.3873692875404575,0.5463997232025226,0.4447690513249183,0.5742990609529481,0.22111089249273988,0.489062635192259,0.6615725698216965,0.6672703179309772,0.7705753245946205,0.5462847827613336,0.30922603415184846,0.6590141029638306,0.6080777915446718,0.4516953478453143,0.5380333774281674,0.6914160173870127,0.5846229708181875,0.26657974036837434,0.469516771315808,0.7528503955840661,0.6586579652862142,0.5028374798389488,0.3524617784048312,0.5830668965560929,0.6243243577348808,0.2192793148853859,0.4295424496751596,0.38788468734269144,0.6190717318580291,0.5386203887279875,0.6267217905028718,0.6011644119704267
0.6612184736551903,0.580547055524595,0.4378662585375843,0.439792861093974,0.42222551511835504,0.7190915383597721,0.49818924421393995,0.6808221283017731,0.7124819012902376,0.6121501980691559,0.5188882371098235,0.38838983295078955,0.49829429367688016,0.695475557259167,0.42431927490198085,0.7507672395674291,0.5224018115586972,0.5158570540676943,0.22594476845575442,0.332212731455156,0.9999999999999999,0.7504496981126514,0.8367607773409533,0.6467690865580318,1.0,0.7442707171607372,0.5005171675757009,0.4477682687587117,0.6044206172132426,0.7530783644871555,0.5174619500034754,0.4141550844066178,0.41311993949212855,0.7291412028211423,0.6767198630124336,0.5196611816218004,0.3753958068613857,0.606590269794965,0.538567651056013,0.1799241511092273,0.5868758777729124,0.5162517912143111,0.728397503786761,0.5966401675712059,0.4907338970218585,0.6992472072242433
0.6459225826226007,0.5294850774511611,0.42398260597119586,0.6793883145469245,0.46988110601314087,0.5578910368229419,0.6580783814546417,0.7186605067627981,0.40573905280943723,0.42925019374414286,0.5659836474605128,0.42278250250939897,0.7379733403549914,0.7163312237646069,0.584996148173138,0.9999999999999999,0.4917805014103033,0.6906975586464699,0.4380079945564418,0.5433713854671166,0.459431876333862,0.8694907827580455,0.7585894952080527,0.7122102324464782,0.5252539425924978,0.683990645875497,0.5855334928424354,0.48596529354260937,0.6647318598288683,0.7517728470423858,0.5802742788681571,0.5231208235531575,0.4196668719685781,0.6938877325760148,0.6942788847529623,0.6507426612856549,0.49822775759009685,0.7219125329855306,0.7607745875090035,0.1417587834549333,0.6193811614385062,0.5442995673945628,0.7661266687849276,0.6318778493289157,0.5157870928873315,0.8157237998129186
0.7146782935011211,0.5590035877831423,0.500357326990355,0.6140801878145159,0.5528203757515254,0.6011149010998881,0.5677981250158087,0.5671108512528142,0.3030312133154459,0.291244083645895,0.7148438532658916,0.46216265547892305,0.6094867446880384,0.4201310428267133,0.4000310872938926,0.5960743934824847,0.5067792653079385,0.6099902139324975,0.45325329018601573,0.34424467388238694,0.4142968733392012,0.6405737410685899,0.6659587267964202,0.684472291538485,0.16223110825153722,0.4834158146602178,0.5831561006238599,0.606247110209291,0.6980686369391393,0.68761988127063,0.6504004781555622,0.4151582832843824,0.4052595627538881,0.5300485848997294,0.5832479119421805,0.6538105779946443,0.4789894334763781,0.7266339404748364,0.7604724568229795,0.24218455495610644,0.7996389601075485,0.5359077188985086,0.7585708528861382,0.46908421758781643,0.5123356317056419,0.6584644294345147
0.903996161254107,0.6475151242079981,0.5748514990977147,0.5656872020764806,0.6608776743086257,0.617409467864538,0.690055539230032,0.5508867110962496,0.38715859613058906,0.28027784079793794,0.8201260735794376,0.447274268041155,0.5538944873122449,0.3803846678061344,0.38038405057450897,0.4016938070046243,0.5795882713871386,0.5891573498694558,0.42951190037983955,0.3441415835222882,0.5517962278952963,0.6622746444884725,0.6592639831460267,0.6517993591109821,0.14699455462409514,0.5463485965611379,0.5381591635870681,0.671529099186284,0.6649610650809612,0.7499051071761037,0.6231951669263872,0.276276464194873,0.4080968194478051,0.4649526549996047,0.4322853320829828,0.9304578785392089,0.569364797704584,0.772685753585834,0.8668589259693237,0.34790916314639186,0.9371870920503789,0.8214721910925447,0.7802433897766322,0.44950899411866535,0.5840670666673922,0.7489749047278074
0.9442926212011022,0.6827341573968356,0.59745850945479,0.5679198505931778,0.7059907229057202,0.5300920560594922,0.7111035808239018,0.5190067369217287,0.25439045816867856,0.1928783962845767,0.6453650241713923,0.31566986177283995,0.4394827354578208,0.33909480326470487,0.4594282291964481,0.43510015250417045,0.39686432264101756,0.647638198262362,0.48189284020759915,0.4870094377091242,0.5604247551740982,0.5865519099874422,0.6876491479604951,0.5019799686314463,0.15249026401780666,0.436622828679219,0.6646122108211668,0.5970596489273006,0.6207611937261507,0.607834687662751,0.7325137165899079,0.325152795090268,0.4788928060130437,0.4309323946112652,0.4269957075114161,0.8549813998288304,0.5775720423627151,0.739368500775419,0.8650009070677109,0.5386401485840252,0.9400393158044912,0.6511327157094093,0.7572540780577437,0.4069159650107597,0.456597954165727,0.6646734122278644
0.7292116823695145,0.6329643476042877,0.562719285201491,0.5156649758826289,0.8190831024050853,0.46871156385970686,0.7008046360798986,0.4456772970858437,0.16523373291881324,0.21007017675668263,0.5301346365194463,0.40390124262515503,0.3809931041453702,0.3650719165503122,0.23569444193843564,0.3716591571165588,0.3208050214127748,0.5593350365228942,0.4407924186678738,0.37534591479262164,0.5148517395728038,0.49420254199457414,0.748094814680498,0.5746233655936988,0.10016223334764804,0.34961714211004413,0.6075114132320713,0.4816095924956603,0.39975255930682996,0.5400423849812848,0.7739559466962771,0.2461137442096593,0.36612515253416683,0.4572104345935605,0.40781065171390746,0.5722437700284614,0.5331421094974159,0.5516278151956446,0.8492609649364821,0.32898243510139075,0.7863554788339658,0.7506812629923663,0.6055581706550675,0.3681192430542009,0.5506285082964719,0.6207047176226884
0.5773005813305533,0.6001864927304276,0.4913519950216567,0.5613349661650661,0.6916693773767376,0.5137150789239637,0.6651932660492988,0.3994587135586899,0.11555300219914054,0.13117336641770672,0.4681040940233372,0.38350596069195547,0.254236717705315,0.3971860539836708,0.33314291407267116,0.3174673296074436,0.4164515232716113,0.48827049866815525,0.4833982108319669,0.3167545204832655,0.27258985452669454,0.5181574805152289,0.6793104242575738,0.5115342017845115,0.07537980695383714,0.5185029493247804,0.548567912855338,0.4972987574440502,0.5371205965980203,0.52243731240115,0.6408312051310404,0.31208533826568174,0.37032151380627343,0.41713513536766267,0.41919148839134857,0.589272227890381,0.4651416012984022,0.653287478470629,0.7526765644802853,0.32265288142350934,0.9350363744582992,0.8654244836898244,0.6234859257780894,0.26943598289220666,0.4206879241745066,0.3138571462342058
0.5151551884774211,0.5590843397700918,0.38892159313202024,0.5055354975680721,0.5188112683445112,0.34203958536329715,0.567273828364119,0.25186867562222803,0.07193384185071704,0.11395798916763716,0.38128824257246025,0.3044643984916728,0.2372092793383416,0.3764532795513975,0.3354269776819154,0.36411135895232444,0.4343560383814243,0.39036478783138856,0.3282018818067039,0.42746033411191336,0.23242611155310872,0.45043723295263965,0.4255348365922231,0.2950860630902347,0.06823778742562456,0.4573453301954089,0.3625248358285142,0.30171229719361714,0.43621545753279,0.47800671241572956,0.5269578348316207,0.1950789699434363,0.2604954701167541,0.38920129671867,0.28913355561354864,0.4649602180611283,0.3801989892424381,0.6030106283925764,0.5786861760883182,0.1806922959340268,0.7420981761282809,0.5467125467517306,0.6473952163934616,0.2292088361533134,0.3244066719849397,0.21311764192400215
0.41387094009577896,0.5117723596824507,0.33458276472212395,0.44385803548699676,0.4407839342284079,0.1886088980655689,0.5371560270144949,0.2767682628734812,0.0539164095340163,0.09772492475906294,0.2815393383131368,0.2125002641284401,0.18879527917549138,0.29395432378382164,0.14822131296473282,0.2498842796414557,0.36529548695139513,0.44732160907650814,0.30776281067910466,0.4175613079411154,0.13549879426398032,0.3394508585456325,0.2782399059320605,0.2487897303872124,0.027747730575235885,0.41547567367687405,0.3268423640297198,0.16365374251416753,0.3224176476636684,0.4059650336407268,0.2868351268890683,0.16818688221784373,0.1163199546154866,0.26489753023258655,0.1882485866709181,0.30796562878622236,0.41233455802905117,0.526887171261798,0.43786776354719276,0.10857152993991682,0.6820236922389726,0.39310214340312766,0.49896283868513774,0.1305263246394012,0.2193890302015215,0.12985464342354236
0.3293324006524492,0.28193229328688263,0.3045617408439034,0.4555989520731613,0.2784603590161989,0.04539316085098193,0.3597834115254027,0.2061437121174392,0.0561475012738928,0.046482670533083,0.27317971718987305,0.1292033909517466,0.13346245851711333,0.19029210209750322,0.31934038188159075,0.21043848770929602,0.17030367230712856,0.16964363441016764,0.19775155336939124,0.14397625423648455,0.16111819805105643,0.21116615670737102,0.18668646546654366,0.20334169185660209,0.04224775445873908,0.30144054107619966,0.2171526037934307,0.15205796879393838,0.27591567222035535,0.3113170092033566,0.3775592105590218,0.11270582775844563,0.09725057523301779,0.15637838586569333,0.23083390069520182,0.22398541347661555,0.2911958675063226,0.4276338841341161,0.37124109914716324,0.11591542624881228,0.6106717370724785,0.39240015584152793,0.3656828233080627,0.07171008102173904,0.1834250161803445,0.08664333768491642
0.20440165433938712,0.17589488428380534,0.1580432292288744,0.24259096371788783,0.24732822411973215,0.052455976962964106,0.3004938057563691,0.19731297479345047,0.011945273203159811,0.09724161037308424,0.21031303933172232,0.0497312536663751,0.07036068407206049,0.09149704718668805,0.06295767272213254,0.10494490214051412,0.06532629639696103,0.18380212291575954,0.17365603920427114,0.10227589702874879,0.08772294666163476,0.24897827257172328,0.08009085586541298,0.10568005700017799,0.05986902589847886,0.21939407554174412,0.1747614694894267,0.10234214423562824,0.17707664734097614,0.24131048966080385,0.20749126872603174,0.1286027804386644,0.12095026289586473,0.0754101515752866,0.16462513237971138,0.135806961750516,0.191882406562649,0.29831877199581075,0.30432041302519997,0.05823790883412451,0.5369657891575033,0.3039818897180128,0.2481955269159374,0.09601741924242935,0.07638855272616142,0.11475121120336976
0.19019288716443364,0.18796035275443132,0.1332781944759611,0.20942399713408258,0.1814924728807174,0.05941295003955432,0.20035312896141313,0.12539383685895386,0.012787761706722734,0.04630108166090574,0.25509305865241777,0.026074964315988464,0.040561514194084936,0.05602825986868195,0.04552793601186547,0.07032346529481572,0.12946771219701142,0.20023990660205065,0.14060277733861415,0.19241614103050272,0.08160958296499135,0.18574379031405483,0.08776611935182266,0.05341071630977246,0.03703060512435458,0.18190949541377635,0.1745584090368585,0.12017320117406838,0.1315812092015734,0.17918591142662105,0.07374324701884909,0.09931459335150146,0.04570029442469445,0.038337194738291544,0.09636444655858231,0.08434973308958044,0.1861101868367412,0.2034867175441745,0.09411346057806047,0.029935768307145328,0.48207503108536826,0.17841990268362057,0.1902634840695522,0.03951813277064058,0.11687805379282323,0.07455578300402349
0.14317752445943482,0.15123897350527526,0.09962719135727836,0.23643102332580865,0.1569001320457865,0.10084151611536152,0.17078942623597518,0.09861942361487497,0.017245372592555663,0.042273996413462286,0.22014710134027046,0.03371915094238075,0.05626572010477032,0.07518288130999179,0.1316433673063384,0.07813255987185319,0.09695551753802162,0.27010171843335407,0.07322248726240868,0.06765776611203772,0.03151450660010737,0.14369436921060957,0.06021664989212801,0.07131927087991627,0.03343297353789742,0.1165620314730543,0.08739633181014694,0.07836685403818042,0.07977322172057066,0.1228458312058513,0.18682409897698593,0.08831288228528762,0.07788545343596484,0.037438669627533575,0.13759237097502436,0.1407969726451491,0.20163196576261697,0.2492191190672635,0.1823287617457243,0.03518059612083087,0.31231646821238335,0.23208633607109175,0.14450355708665288,0.05720288391850548,0.11762365165332841,0.1727393655110491
0.19975298194176372,0.15110101977246168,0.1685115620621012,0.19729053535601113,0.13241899760845105,0.09699876043679484,0.21041324454519458,0.04549520193609932,0.035813980274685464,0.06944360677992605,0.22277883685405286,0.0808647363658641,0.0628079050131979,0.15113904448763069,0.24200382446223,0.10084925751426939,0.07206721735443586,0.1010837849945643,0.05372552332770906,0.14960696147299407,0.00907108944067142,0.09750913877480076,0.12012682535610616,0.09368003782951764,0.032164534781329836,0.14693304198703927,0.0929893634584277,0.1642756738559727,0.05361012929099782,0.17661009295749563,0.16562331870581776,0.09075615166198686,0.05414747733592551,0.10399002608292521,0.11950777715906809,0.1268628710930683,0.2045766376583487,0.2973013451186705,0.229295824409342,0.032806901384456064,0.3391878909501506,0.17926279710005055,0.15706678136964908,0.05025696225558197,0.1630505809822496,0.23411442394845253
0.2730951934843937,0.1561655205480825,0.26158760879981424,0.23431042519530368,0.1873916879290484,0.10920243344438349,0.20648706466228026,0.19453882966040636,0.05193896810217549,0.09778951444149062,0.29861487232959083,0.09917897578945546,0.13869984701372728,0.25759457265643887,0.2565651440757926,0.12116853253053496,0.07117197964544172,0.14596489875470636,0.08182408017731965,0.062408748790514064,0.17622053165226992,0.1539938055404107,0.2909925926078681,0.15733249559121137,0.026261684029961485,0.2603166868284278,0.18294715280537954,0.28422492284603174,0.11101178648912886,0.18457838674808696,0.22530138299001212,0.10418046059077997,0.12134675835878848,0.17158940398574235,0.21025022169097407,0.163055495371553,0.20241177560777257,0.2725539088514524,0.34912978826951174,0.09998075337178951,0.33241732680545427,0.2665806606413689,0.296857147843816,0.18931361892704693,0.16668236790751018,0.26965180542545353
0.4759513543762935,0.40493479258611104,0.36456219347914176,0.4354484162535916,0.24921948347446826,0.40356713265815064,0.3418487184203752,0.438661220760871,0.16350071351960832,0.24259483366226697,0.43758164548319217,0.19388903947939246,0.27537744032361544,0.41116950941797875,0.4417495523401147,0.3801812501252606,0.1935439283640899,0.4125794458358309,0.18692006960335614,0.38041631827388855,0.3108155069189725,0.3000146321473247,0.5712732187563165,0.3383182219879313,0.15043283548042552,0.4523165276530759,0.3069765299395676,0.3833750112433731,0.33981014679686544,0.33832623407201834,0.27074972395118513,0.1555752556582199,0.20862420867431491,0.3538080365724112,0.4016024188308668,0.2921806562876491,0.2839004254042858,0.3461438803897413,0.35340868872577796,0.13558331783154481,0.49413020590784135,0.41862026394398255,0.4134343377070715,0.39341379349484634,0.33086595624964854,0.20608171078089257
0.454160607292838,0.41628294683410105,0.44884816336769645,0.41229968675613354,0.23615273079628063,0.7766282538751998,0.4033350085740193,0.5874836525877073,0.6157204970822991,0.5470948983267245,0.6078915398485504,0.2727119029855745,0.31330106131758484,0.6133314212483489,0.39354601160301383,0.6687652530268209,0.5155548502830398,0.631563988944845,0.17616323542386278,0.33612952647876115,0.47170318669384603,0.3582758193706875,0.656769866084778,0.32811368461862017,0.15294947996206967,0.6194622304596125,0.36422590941076216,0.3030679268785481,0.4805907278883443,0.4391623501799926,0.2911620348937492,0.27466282467140274,0.464752252298134,0.5720823667274775,0.7325060674498651,0.2959909023500623,0.3801381325766616,0.4052443466772714,0.48527674859369907,0.12140403062963902,0.5605462711902921,0.41945520566588385,0.5662365650733279,0.4872758978304405,0.4439056272724681,0.11813200331485674
0.3812481551186461,0.47468211149523715,0.3078926979667274,0.40325279080943544,0.30412565590057095,0.9074308926655678,0.3865967789892752,0.5630260162725634,0.5894782613735206,0.6758872332292676,0.6393152784101677,0.23593798439248037,0.3259328678638058,0.5926029815624742,0.26576049877619645,0.5038373771504585,0.7013598471587995,0.4615104534424627,0.2115542911895793,0.25905075681653233,0.6643849133852722,0.38639915206553127,0.6649177959903103,0.41467755214474816,0.15943836659542754,0.49755761230130907,0.4745081498718141,0.3044132738608941,0.4945479041877407,0.39722610861290286,0.304312240344411,0.24406522454931528,0.6515932293010686,0.4610281316021083,0.7284716499861875,0.31850524742277564,0.4940544009041389,0.49940974096638663,0.733480925367753,0.1670494474725715,0.4466200147859618,0.3924256218378065,0.5412968111066899,0.4879993178940108,0.46036798858486605,0.5124396855047768
0.38124707253612744,0.58169189953925,0.31980859630383995,0.4682167707180599,0.31751786743709004,0.9901554021213989,0.478571509712155,0.5685275743195738,0.6713534799549359,0.6854909712519235,0.54395227326136,0.24575795638663595,0.35307074182280584,0.6880857237402721,0.40484290919170784,0.5061661360809271,0.546533830243976,0.5663109234772723,0.15426441301988994,0.32681514170935794,0.6838702796141862,0.4126548407527505,0.6436273742353522,0.3898622751866503,0.13193982585104458,0.5491099216506208,0.6012641936483599,0.3991855863253807,0.5730205478348942,0.48435925519315004,0.3924502065920016,0.2662380667316427,0.6607135833162717,0.4584663715111853,0.6924290986286643,0.368002891959506,0.3983456090348062,0.49666404028463235,0.5930463177941557,0.2117171885200473,0.5713365053035887,0.3353745532802581,0.5345515603654906,0.5226540731550067,0.3966315001045202,0.38733781559485136
0.35563280301507255,0.39931559055530214,0.46314954592899454,0.4849929732221535,0.32477372877191446,0.7816798069120712,0.4449997540636096,0.6358790961656918,0.6232270459246765,0.6996935038968166,0.5190559348672249,0.5381594556719909,0.36221116111704577,0.605296128232972,0.4581800336046784,0.5376763863540723,0.501955345909288,0.6217545659669748,0.23636467396147845,0.33532093172251726,0.6922939444040385,0.6390566734163063,0.6668652469608558,0.444484233231253,0.14652756560910832,0.8391444373627712,0.6464669322172247,0.5073551461906547,0.5647789193775328,0.6065340330559398,0.4362183995773642,0.3114684687907197,0.6210741366858442,0.3983317270403055,0.8405032463856227,0.4333126975227496,0.5521468810968538,0.45177203097609275,0.7351205881494155,0.19295994453140533,0.5469129914717802,0.33740606240986165,0.6606728137574055,0.6209650026393284,0.4719398123961592,0.6413295671096159
0.37042883468406673,0.4215899041154316,0.38491022055918306,0.4789360979906052,0.32882292500197535,0.8232426007088152,0.44136675742231274,0.6242153400481208,0.6046622462782135,0.6775781282095807,0.6213214872357107,0.5046453157603737,0.41885279378903045,0.6067808816336311,0.4380945034361856,0.6877786946212409,0.40031675451434956,0.5944094028561093,0.2264602800065245,0.25470861270400413,0.6385313775415494,0.6008054167352255,0.7080007134620059,0.399137823466608,0.13754533922849543,0.8413814157563637,0.7796482517780366,0.3916219924527719,0.6681957013378171,0.6012564493412236,0.5618710471134836,0.2904267875355949,0.5139797590043979,0.3903626279504224,0.837733735803295,0.5489729819149366,0.513033535303016,0.5192246680759341,0.6211300349547495,0.2094957752488646,0.6974067319555055,0.3532332500178602,0.6531633565881806,0.6678602066880005,0.7195414795406293,0.7813910787327004
0.4243582457794299,0.4495597268311568,0.3047637960140923,0.43264518959059706,0.34109414762918544,0.8372354596215293,0.4877502241736691,0.6192685731710942,0.642914418462352,0.7255238614033062,0.5726059930631336,0.27541539602391135,0.509185127192334,0.5800651498568973,0.5158842388230731,0.7175027565635913,0.45134899098105274,0.6617194636978314,0.3616517980693945,0.24857312248912475,0.5621559376107947,0.39041157937722704,0.5897436581490929,0.3822371813393438,0.11204654055659993,0.6838696192967968,0.8054276336834973,0.45747037586325073,0.7579583675154865,0.5810764388289584,0.4827266481770903,0.26580379422777356,0.6064228065315558,0.40367159492948856,0.6704911917876318,0.5194624877619826,0.3909759309711103,0.5875702004961877,0.474258597485125,0.15095423433387478,0.6496338064238072,0.3524593830552474,0.5459602065726964,0.5779132434939745,0.5755674429906538,0.8168741847567521
0.48402387069907993,0.5531874527312827,0.30112426706870243,0.41013287796472325,0.26681179292296253,0.7842211837724926,0.45546038028413866,0.585603595630138,0.6620948206809834,0.6304214567208164,0.6607365685044418,0.3417445974073667,0.42752647850717945,0.6448391545721066,0.3606450305345146,0.5979556448919383,0.5769518503380922,0.535441139946639,0.3423097105211921,0.26098251204059725,0.5751698776890252,0.5033530146072204,0.5677742424146859,0.3801820715766248,0.16284416961772072,0.6287626864609641,0.5993948257093744,0.401288323901939,0.628782466302913,0.5305729483388772,0.450031187021254,0.22806699744009412,0.49966861724176354,0.38528402703510856,0.7366860830472265,0.5619469139511611,0.430735322189534,0.44203434003435993,0.44363419419161276,0.22277927225467042,0.5475275149628984,0.32404416633784444,0.6443520630349282,0.528407015344855,0.5746208250040723,0.5668964979964699
0.4453675344591951,0.500057064837848,0.4141943889137793,0.39263752818137304,0.3192656572327758,0.8212062727881527,0.5830930464467844,0.7038026770728264,0.7666490407120462,0.5201404154210343,0.6506349007828949,0.3711185256147446,0.4558744827015122,0.6129395903603343,0.48641715285902587,0.6888303275123719,0.45662860257951293,0.5752268339169522,0.38962653639155165,0.31466825064267817,0.6658561851429133,0.6040847591133666,0.7018090925971776,0.49284521120863783,0.47948389274354214,0.6470550487906075,0.6192748502743283,0.4060602529382104,0.5501475365633369,0.7099152012176443,0.4606453535975241,0.2896277512465869,0.4652163675649296,0.632292292919549,0.7429707398055995,0.5340267754905121,0.453053690384063,0.5648400598361363,0.4740211352117971,0.21907180695317732,0.5307701007847918,0.3951119276103806,0.5573859919668442,0.5890402269873571,0.6929142791096656,0.5307281782746236
0.5367122074281497,0.6766432923169812,0.32934732330469635,0.4784938415390484,0.32166164337893655,0.6918888353864894,0.5562439937824731,0.7556682058560956,0.6073204434168443,0.5280094607320747,0.7533527496766412,0.380995357503192,0.4409659518314943,0.7239133250203122,0.5030896597605546,0.690930548633416,0.5459853748383433,0.609481531498778,0.39872087255865013,0.36774471613848525,0.7210105590316164,0.6049248247012254,0.6693972118955689,0.5942960655932106,0.458354316548843,0.6855097592128603,0.6520720386151687,0.41351244555340744,0.7127234607871945,0.7651439748722954,0.8215973370699979,0.3932705804836228,0.41665844417455,0.5266835656728361,0.6775768915211889,0.5927603526943979,0.5007254819631297,0.6502086197168597,0.5164355189948452,0.2036071333419405,0.6751421996742398,0.4128502633107818,0.5923441845789442,0.8114566422197722,0.6097237348461543,0.6463386265252673
0.6194152773566963,0.7293985756859983,0.4855808900048395,0.7022431397080412,0.5037320129829905,0.597247207016598,0.6506162899824915,0.6065110669184623,0.5658023667237022,0.5440243943570069,0.7671037994080828,0.4251950617728968,0.7342582798402957,0.6267706310235162,0.6641384838831151,0.7351851966608383,0.6136132102875798,0.7274418617615068,0.4111456416792416,0.536704044596219,0.6176490261710317,0.7786243999636313,0.8884475762305097,0.7413638925305386,0.6077986560262868,0.7240462212988223,0.5376333406719143,0.42320910468630646,0.5727416125420339,0.6826874586719129,0.6975522321119284,0.5188974340208623,0.3794370868565566,0.4815380334833519,0.6816840871030475,0.8150856847648036,0.7063815342800973,0.7460520679716294,0.693245760017075,0.20510667780755523,0.865150732847497,0.48409932760426644,0.7505294688805434,0.6974300130172675,0.5171441591919319,0.573600625724149
0.6059059637241939,0.6214461571741076,0.5490350453083337,0.7073094668727372,0.5264962383184164,0.6099766506896279,0.6986086835542565,0.5229012157935532,0.38397864880953153,0.42907240876821284,0.7672896001542934,0.5636471205674275,0.6708100832675487,0.4295248902243554,0.3756122309701617,0.5621193477124075,0.5477442788184844,0.6537866627168165,0.6259726566356987,0.49547420324726843,0.6816370286950356,0.6714655260122604,0.7732408377115865,0.6672473661778361,0.2891878441067382,0.6667805082081517,0.5404109867582032,0.46458020753772455,0.6400132155822149,0.7295120296389319,0.7113127447305514,0.3509381859765251,0.393352577889191,0.3878270982142056,0.5420275645154271,0.7076664507872804,0.7707568450740048,0.6869710524716443,0.6357923373111258,0.225494968380073,0.7433542627093706,0.5922509782104192,0.8745594814023341,0.5804513877862548,0.41658577578063,0.6193432738109026
0.6116712832853866,0.7180218647577343,0.711008433093815,0.6186813202486904,0.7608540522651811,0.6252968060263564,0.7603552556157117,0.5053345252202348,0.5635168177661994,0.41462627749818864,0.8582800737637597,0.594129529039133,0.6981360845654988,0.3634884093413926,0.6017198781216262,0.44549288012154903,0.759489979911313,0.7307252586981083,0.5950776522114031,0.7836100509994441,0.7462537306278049,0.618211530901928,0.9504572316306181,0.5644535109667346,0.422385833131113,0.5806524188768134,0.4508639404287912,0.5448409530069426,0.6741085759091273,0.7737021290186515,0.6710961454023688,0.37554353358759635,0.40484506444197876,0.33666384091380275,0.48963356268732555,0.7869306006223563,0.74858147864716,0.7423801581737675,0.7171724939177616,0.2899292919688376,0.8777283850242952,0.694075869534808,0.9091199583636062,0.6363225812342956,0.5774843240717971,0.4649727138089703
0.6786361927480096,0.6069021004704895,0.7428031828308806,0.5837159527921112,0.8379010840931074,0.5772753824246291,0.7822816200197762,0.5445677976958714,0.30595701562251093,0.24065700726261563,0.6625872914994891,0.4522561665551607,0.5689532497865498,0.377566561261358,0.3641923849828332,0.4587347439309569,0.5537300383525261,0.6527948737093376,0.4032962227714906,0.471836369205893,0.5939673974208342,0.5811260959903914,0.8386954685182284,0.5362053347668442,0.13035132821313658,0.5908694304185029,0.4366735312326048,0.4799355468225392,0.5723778431408854,0.7348368845560111,0.6764047665353143,0.3841236984298031,0.37393591850997304,0.4535137207998591,0.4638112161501827,0.7659979496273827,0.7280195723632568,0.7140412665039021,0.7748448295230297,0.4583654118094857,0.9009376486770457,0.6775287185873596,0.7407597630051839,0.5285949907095239,0.496265518303682,0.2603306650887366
0.7454015563932375,0.5672008334555565,0.7115022916046506,0.56187051856265,0.8197950658157375,0.4931490035370288,0.742638332269052,0.4691755971203826,0.1659690337932596,0.20634201150509923,0.5296822134335769,0.41616932094625403,0.4264228989156897,0.3440898877334601,0.4279639708548171,0.36193386936573063,0.607181435529243,0.608772492224213,0.4631444776924891,0.30172363270526925,0.4628881465527097,0.6131996853843985,0.7896043887446003,0.5025616641486683,0.13965543677431927,0.6287983510629869,0.47999865318213053,0.418582762550693,0.45148495606230105,0.6146352966022207,0.6045832007854314,0.28935379071146056,0.3693704703194075,0.31895035968281027,0.41195488936985625,0.6582475632414555,0.6405221702265631,0.5108027951571881,0.7651996342867281,0.1897602727219862,0.9323890757783355,0.8823789403362973,0.7084883921468985,0.41568758363593045,0.4026336410059436,0.4548858037920296
0.6242681645334412,0.4090674054576455,0.5854465345694054,0.5473139606309573,0.6275256048434023,0.36933709714234103,0.6423125071229088,0.4047005949223861,0.18441584987019038,0.30836877843238303,0.5188099747459833,0.4430311209225403,0.26002662131110726,0.4567178013285623,0.4290395914169428,0.2985747979857361,0.4605928814859611,0.4841867083003005,0.44202730410853136,0.22344423794604037,0.4773710940783329,0.48967142935679264,0.7275684695758557,0.4309456229491658,0.0867870831052551,0.4492688124909646,0.5078038254283951,0.4870002825016296,0.35082824181372585,0.41432429223761136,0.6653747939531115,0.3248872305710625,0.33965962305147973,0.29065925164828954,0.3922725057039358,0.6079997810946801,0.48786319591321037,0.5208457863360377,0.7513832728262941,0.20639009600563857,0.9137305257831599,0.8259596953296778,0.6165238133984814,0.3420063030393681,0.4842378991962198,0.477077257471334
0.4681780518259505,0.4584594377596962,0.4062025178761575,0.41673077861298913,0.49993503645680804,0.22993535470664964,0.4492994329134268,0.29133447647771216,0.09807623004028516,0.14139673842182093,0.37922974170268053,0.2678362451299257,0.19464523891455032,0.32268352398563943,0.23031694794107627,0.3089290461552685,0.2911734042036078,0.3190252271481715,0.36524026325600106,0.17081963366771952,0.4769319702447799,0.35209960034619175,0.6034426839064675,0.40620114628509474,0.01729967351961413,0.44689102469128045,0.3291454555816826,0.3130689136180427,0.3930108951903646,0.6420303733741298,0.42712733263227015,0.2603737077625289,0.2730141212012401,0.2512050997547528,0.3017156750820452,0.4218471883006024,0.39429007869269145,0.5182321363760779,0.5579787907142438,0.1653771202980134,0.6556583643545291,0.526381736552836,0.5768795928117402,0.2424537086503823,0.3263512576498219,0.6413484498574458
0.41153877306030917,0.4521389065673614,0.2928936735353972,0.4282020478444893,0.3509644228093702,0.13586580504566856,0.4008571313647585,0.14087807980507752,0.06780423415746269,0.06084096665831763,0.25875994542321373,0.2071170494536231,0.18222704148991628,0.18591828406257954,0.24505867588889668,0.20549749927993766,0.3608301155813245,0.22509287913370002,0.2775188689112073,0.2443928536995035,0.21637936176070288,0.2902342403918554,0.3482426600469584,0.1716166082220011,0.009547382892320273,0.33966204252680987,0.17612749960577098,0.2545854895738252,0.2564281381854291,0.40857579462496174,0.2759712553712636,0.07087814552962822,0.23824974997591025,0.2457105220523643,0.2008714327007009,0.2957063062739158,0.3296574473273907,0.3608575579336348,0.4481423509775827,0.16486134414863626,0.5554010165319689,0.3773415365199374,0.4526686103084152,0.11824718681850821,0.266292722216658,0.41499523626646173
0.2616409478429128,0.4096757620020934,0.17410110678325008,0.4538217323678903,0.26808867840553996,0.17430106607750184,0.3463854070524413,0.21014352110043394,0.10835498822454555,0.04638402439786472,0.1310301898697859,0.11880288871712166,0.13025651309280045,0.10840434717751773,0.25334077423862245,0.15404984723701282,0.15490404069426678,0.23354534676345945,0.16689365758477853,0.3178414999978986,0.1699760983714278,0.20918755178095766,0.2950942560330899,0.13124765146075312,0.03735595175428796,0.23766948258912723,0.08887482771282604,0.1949481789469254,0.15976295059601095,0.3255814007736313,0.27837912876593546,0.05473950778521339,0.145902690925516,0.20812631935483258,0.0823410089585705,0.2683477071554017,0.2941365132135788,0.48664056416561713,0.29562613696334983,0.11434403370112912,0.49278405854990986,0.47927185575002285,0.32913251021532797,0.025837888556631043,0.21084952151219954,0.23117361691552682
0.18866189179266538,0.1727577952977616,0.1415116180857988,0.3475394725895557,0.25222495515623927,0.09571740242664178,0.2673112217557805,0.21468937840858046,0.03824020564598743,0.051821870029052114,0.08322516902129234,0.10274588071265739,0.08001538548693632,0.057126356189919354,0.1402057819061914,0.14454396672831643,0.11412128010784267,0.048994243980171104,0.1164808458805997,0.15208732111798992,0.1582436591460622,0.20504618877992875,0.260074211201677,0.07107405689920704,0.04357208685916949,0.15516669759438842,0.10639274529183676,0.16484609395007224,0.09730797525691459,0.23759456356941802,0.08283078809506687,0.06935184543175144,0.11972465570723913,0.09282175077934887,0.09969513797193963,0.23314774068282487,0.21708971677678254,0.30197154740805615,0.2273087204870482,0.0700464192345444,0.4213292751354603,0.3482932352056353,0.23091208434952817,0.07772153792952977,0.06592449414175713,0.19153125229966433
0.22729329654983868,0.12653277909651583,0.09709491887911953,0.2182361705159995,0.1449641787833765,0.08662610508637145,0.2839587479152529,0.17946103822383924,0.0713351484360949,0.0203804078856911,0.07591877683369562,0.0889277782942414,0.049186855703410484,0.05740895557556031,0.14262240849351465,0.12818421574581967,0.07594371977683767,0.07821377801286775,0.11686624211765986,0.12468115050113901,0.15519617840248462,0.16134673935645089,0.12914958377562183,0.06214417449343914,0.03166112040456636,0.2723852230740344,0.10682071797394971,0.14013553440431664,0.0965126155293315,0.1992454009875519,0.056368885126374904,0.05583280460968881,0.04226756544218285,0.09538110402828678,0.07097032754697351,0.12666772602688492,0.19217289157191186,0.3134568990697717,0.1473020811008092,0.030687715138488083,0.37199697948924987,0.28861309936689206,0.12911714685767586,0.0625632502692022,0.09583662707139678,0.1993367722931745
0.23490339963528792,0.13505032340741555,0.1718557854214659,0.23599101339488135,0.20284813828184134,0.0780302611241391,0.2512240635635849,0.16774911447705607,0.05618465953408362,0.017226240924146596,0.11855597218404836,0.022266833493160595,0.026726142260455603,0.10458016820482349,0.20391585647061555,0.02254726196374069,0.1054273178440244,0.09879880553006168,0.22798534086857655,0.08341265037744769,0.09104431519507775,0.12396208526383913,0.04645641774709304,0.07734861700963905,0.029265733258824256,0.13274668266143266,0.09232299733964716,0.08488876583961896,0.09126160141349952,0.19617574078749114,0.06570189546334022,0.05341179282090805,0.05134432142016554,0.145887670616052,0.10317084818369325,0.11033172092020377,0.1799023708591549,0.29942069309026365,0.1677181779482909,0.015472866412292004,0.26806020563167177,0.21771209356883486,0.19481300874477997,0.06778575339104967,0.11702299959323798,0.0703301647773934
0.2424336127114812,0.13184808082549568,0.22787222123994388,0.189766988497419,0.18096413195433084,0.07507634552059964,0.24704807778492746,0.09862029432527247,0.07091653340984597,0.03827519200726475,0.07894199156851864,0.06842514397226576,0.0367800299612109,0.06221577523725371,0.20346567554703038,0.06533432611275594,0.04469095513462205,0.1899188753291215,0.19441450721613837,0.20930474512581324,0.02198489826788705,0.11629499730838956,0.15993421666990684,0.14480270017025323,0.009392043012837699,0.15447412285563766,0.11773660597907953,0.12976809699189223,0.13152062517104873,0.1700796600513562,0.12921155893565206,0.032161296825638244,0.05954000620562212,0.09652462440923609,0.1106672642077887,0.13194709471970345,0.15562850536408931,0.21824459043554498,0.22900555275776352,0.04696251376213653,0.1607208488428436,0.21486154832584398,0.15814091645784115,0.09584116174673965,0.25140196786651237,0.05368374345570816
0.24790727862149556,0.2554402477425093,0.2736372853723813,0.2351239683721962,0.18614656444739403,0.22200270751619916,0.3110680383928908,0.16817194994539528,0.06794622126440343,0.08435645709567967,0.12881297205766107,0.08914018469467046,0.13120530861499854,0.1983673494759835,0.18492913046029197,0.12099672509079883,0.14337100855308438,0.2568271934293408,0.20438702032295772,0.12172118514403277,0.21040649919859183,0.20429639473562075,0.32934538308084327,0.22534394931510102,0.03581087967624353,0.19038509869372736,0.28181283089258957,0.1535380603634622,0.1502506654691005,0.2691123788487052,0.23871215218042546,0.10146281368939532,0.11028949703289755,0.25340132234011414,0.18252718242440286,0.16069338438966108,0.13395424301232164,0.2500135888565797,0.381458334447917,0.0569756223484124,0.3842022855742908,0.3490366642567038,0.19718500083032295,0.22074857015405192,0.16471652889071042,0.09832792898938317
0.5067607682077213,0.2917926669521264,0.36898559127766095,0.3922163472442287,0.23274954159582617,0.42094457528714885,0.4067025119220037,0.44994694672687197,0.19717327764968348,0.213609224520329,0.2851774509315704,0.19046859210936518,0.2861370982803463,0.34296654321472697,0.4830734480188652,0.41842856934110617,0.3376052262104814,0.509504769922519,0.1830840763703964,0.26706486363722526,0.24389465333676674,0.3703302900567037,0.6060347421332544,0.4112741170113209,0.13980723857775015,0.4498467601231043,0.4057567188741504,0.2517210392746472,0.37183021631416524,0.3371170188691087,0.31933906579084526,0.1561641569390026,0.270596500176505,0.4839757789789221,0.43476152477961344,0.30923733083442284,0.3045815137449633,0.33254759399865574,0.5023625985595641,0.17499553217771407,0.5147618966976302,0.44500168493137454,0.3731626983231292,0.43824622101131266,0.33463292632773445,0.1941577198920638
0.3449939133091084,0.47804642252319496,0.3467741299202686,0.41285714000445123,0.23126891734205463,0.7054755209305075,0.39440058080612733,0.5410508244550974,0.5199866870058557,0.6796377582592894,0.5577449521209904,0.25462033705427806,0.3034592894498397,0.42448431826851646,0.5922370719115541,0.6105139997523044,0.43075658108982495,0.5611471030874857,0.22728055804361605,0.2703982838960342,0.4390925428410789,0.39809040086629005,0.6892296394214159,0.5031785445806393,0.1298342108618417,0.545465773064711,0.5523815358841638,0.4047104330390362,0.4373940403907009,0.3717733310529846,0.36817151072596066,0.2576769829187846,0.46361715739915965,0.4658000824244499,0.7120753899205788,0.32130492006144507,0.39625376473044494,0.35271698864969403,0.626299249155341,0.12628330071420812,0.6632392442020284,0.37358632765226946,0.4769000077904252,0.49268719969076163,0.4091447872016303,0.37479311148215066
0.3589271528296284,0.6339609703849212,0.37553049419117157,0.417528662470934,0.30593119735720986,1.0000000000000002,0.36742402203618285,0.5838337931649242,0.5053342417393224,0.9400003005142727,0.644407849462354,0.2885642919030189,0.3394401191176881,0.5728250805776777,0.5587400850285554,0.5915953121592968,0.38072260430643085,0.5550569057714467,0.2571319243559298,0.28047609707157645,0.43404939248908114,0.38870446385601565,0.5797118719805132,0.5123236363993849,0.1483487988646889,0.6806506721605137,0.7021096773866119,0.38104245767347833,0.5225592464657159,0.374724651936324,0.4419125030295886,0.25049263786989207,0.6347803832346264,0.3543232584625844,0.70762711992233,0.3122642355546541,0.36375579524873597,0.4288751971129604,0.6022309647707454,0.1762271319213922,0.4981059701097266,0.3058042370367981,0.43147330936607897,0.5118609108791676,0.3589330042967196,0.37341704022925826
0.35217988446399473,0.7092247815073051,0.3674360400539332,0.3981250498232511,0.31105639056068374,0.9366088119461206,0.3960774107811657,0.5897764129729575,0.7015256869311902,0.8176414160442516,0.710212934978857,0.3163501809402367,0.3877882286242119,0.6221103293498168,0.5443946430325549,0.55396215469557,0.5131378210501016,0.480374536099099,0.27463428868095263,0.2847695725715688,0.5248132862721187,0.3728418716829751,0.6348776232629059,0.38981503798549927,0.11300808316639338,0.6066765223794379,0.6683955401210826,0.38885773191211415,0.5701320314488129,0.5377717200459337,0.3948999423844749,0.2540617308911732,0.5886737265424448,0.29426030596008546,0.7501142074890773,0.36013515125096085,0.4993046405005589,0.4749416475963139,0.5215236035018664,0.15709724125241337,0.5240115050874354,0.46033094897665994,0.5429058735924763,0.5428609578987322,0.4602462513260508,0.499515464649405
0.3565299447698122,0.5685800021324668,0.43412996560214234,0.45466498447262194,0.29599896596003655,0.8127552975838965,0.3964143863373251,0.5869308375382694,0.6315948951236645,0.7428739165097411,0.6419101273789791,0.4800937218946103,0.41426732541571143,0.6631489367053643,0.5303786243607903,0.6383905981964857,0.5678889948203752,0.5213605380221062,0.4287106530028624,0.31963690525641947,0.7634216296004886,0.4856859149897864,0.6829573205921817,0.4298930360434843,0.1856818239153008,0.6783814806374198,0.694083423300517,0.488105549170001,0.580180699579436,0.6016991639012506,0.462220140349795,0.3107186465046074,0.4400197090114796,0.4558248403864442,0.7640651104332833,0.4706630659638681,0.5212867457987889,0.5845721487876804,0.8183003083279486,0.20727111564766534,0.4655992448309448,0.4541461131431418,0.7304376052729322,0.63406340914301,0.47915141464143945,0.49310831279897094
0.38293925708380444,0.6943887362226598,0.34924237972657957,0.4457661043978404,0.2871679142353035,0.7435773438849481,0.49681168733963776,0.5504810078645059,0.5602279535306591,0.5700342448394162,0.5376865792711912,0.5316015727158501,0.45726663348200486,0.6355933430501183,0.5230668602353374,0.6853510943190716,0.46038646812398276,0.5642317176815694,0.4778474724242585,0.4394297464864233,0.6207266991054068,0.4464705072136252,0.5174891910818624,0.4803437202517237,0.15299055457603414,0.7490092218837359,0.6200011849832534,0.4096970056402098,0.824082161414429,0.9353400641338143,0.5819696430262157,0.31941844567576855,0.4790146893924883,0.511052841751666,0.7924081770333773,0.47474782928653125,0.513213786908558,0.6568095033081911,0.48418202260426624,0.17447025331772184,0.6202198105686273,0.39732841877685576,0.6208943591622839,0.5957166882085444,0.6652393656660137,0.5109732991107372
0.45712352584397625,0.5515287617104333,0.33012528105098377,0.4889561228002982,0.2750047155675127,0.7975104686963074,0.44839522545059357,0.570280018962364,0.6061076901195495,0.6847124302218321,0.5767585133328671,0.37037566347936146,0.4276995458583117,0.5142159410327976,0.7106208264462187,0.6243952551853608,0.5593865690626474,0.5793320131030539,0.46755319945265017,0.2562197079625722,0.5573868039764119,0.4625330926975426,0.656278607390206,0.45973856819508135,0.19857830931760867,0.8187001799042839,0.9630364974633658,0.49961437819730586,0.8995000057179254,0.8504683774419936,0.5704858115487657,0.4233343467205954,0.5431437668164923,0.44076139458130525,0.7988849796824825,0.40994119572614407,0.42932082011009487,0.5601941745355072,0.3391758906332785,0.17541020846585187,0.5838185652247806,0.41164471686076753,0.5599175837993554,0.5975328387328441,0.4651540198802544,0.5506997119321049
0.3686536649492077,0.696432590453784,0.3330563378509514,0.4407899230712405,0.3092921498116423,0.7627101399849846,0.4975504135389236,0.5899500069546229,0.6720587149684382,0.6497618885346348,0.6907756085918066,0.4419741577120331,0.4192173428976738,0.7383318509211303,0.5732809060395849,0.7019191594936821,0.4606494683087316,0.5702341678761165,0.30897233672841445,0.4522175088540029,0.6164033801423713,0.5092613028478787,0.6167465545991502,0.4940846831120426,0.17415436485553892,0.7020239775656254,0.6059033491705698,0.40587967270337344,0.6919644695028742,0.6548821218732525,0.6150083330758733,0.3816952805016453,0.6180736054308811,0.5843853240660714,0.6536821666308451,0.4532842143858864,0.4359628690604072,0.5707604035705074,0.4312915480680153,0.15450312569612948,0.6411314930503046,0.36724488781968867,0.5527021823441632,0.7025191495737036,0.49017393576377094,0.5020378194384271
0.4486461071794549,0.6151534312537634,0.38073063458567047,0.41048726867438196,0.2822182564520635,0.6560200977467668,0.5002146914628873,0.6385132181305134,0.7037754601527821,0.7399527590248924,0.8489165640071811,0.36107224244169567,0.4185042932410363,0.7161842460439831,0.6386794517515969,0.6722405011782225,0.41890587436057963,0.6137159357555999,0.405152182266723,0.33811997270531474,0.6176320547275893,0.5160691232390404,0.8734818676643785,0.5541398471703959,0.43199779340618427,0.7272199785243396,0.7209941475860479,0.4029863354473618,0.619576882647205,0.7915985617196568,0.49925015373616655,0.4067435450381606,0.46396019636339797,0.6615735841036451,0.6351982107947279,0.4280899371262873,0.43755675694607854,0.5458014945063336,0.47339014181648364,0.15770159549998555,0.6493467533400821,0.4089183099343143,0.5781343138934815,0.6788716944431659,0.7390452017004425,0.42090139373362967
0.5877396861500285,0.8392664693557577,0.369467198433408,0.5207644685614583,0.34198932303809687,0.6248264467297202,0.4816830626321773,0.6927593650136142,0.6168185832561259,0.571679525483338,0.734487926019022,0.4525357335385264,0.5961738969594507,0.6369079406534596,0.648921535692501,0.6867686102065652,0.7135103170148365,0.6336293057635087,0.38844148066907264,0.4348883762567847,0.7019412154255621,0.7082255055104233,0.8368005205701212,0.559736922132793,0.5565312752846704,0.6446499077086572,0.6545577571387018,0.41204418051608566,0.5947727195586816,0.5673825779568461,0.5356315774720862,0.40392568865157724,0.4124122495038873,0.7604680780516425,0.6803216506155157,0.4703364353404389,0.49492123861443094,0.6103642979384208,0.3719391343425719,0.2190892139794229,0.5127763416844517,0.45978840242211483,0.6096329850516596,0.7848727745921434,0.874019140082154,0.4314982637808168
0.6939923154631823,0.6943460648703124,0.4672413970469902,0.6566151809405303,0.47005542321212973,0.5146967117921962,0.5789449175498792,0.6251714447317441,0.44856573769301616,0.58472372698671,0.81790346557391,0.4917861454013007,0.686312193709511,0.6833220961892243,0.6061882354826338,0.893216201253823,0.5400463240664651,0.6450571530474951,0.3561863439585246,0.7647060237240267,0.70411680407689,0.8097188958974966,0.9112079156191499,0.6762241273630913,0.6451930850991898,0.6928020772901298,0.5079460855712201,0.3843713752974413,0.5835233192424405,0.6204252958946328,0.6073614318713321,0.5575672231655455,0.40536141664598757,0.5859244862145937,0.7276567870645834,0.6848532538054152,0.6188944458417333,0.7290589825123581,0.6048432321965956,0.22450113466466448,0.6884879837713493,0.5558977778005595,0.7852168741606925,0.829353089815099,0.5965675412633162,0.5506611336959721
0.6171711215577684,0.7737643218358762,0.5206559428596055,0.6895673433425974,0.5341380072619798,0.5047556086503274,0.6826115422305348,0.5726438502806368,0.3709331797666948,0.4357989207838282,0.7564469648638957,0.6434665236524133,0.9027290590453267,0.4468997764773788,0.5642000177453418,0.6860051590983486,0.5704600405186975,0.5443543456760831,0.70447924114546,0.3523141339615111,0.515324375003856,0.6301059012158124,0.7802813725167552,0.7442522400921051,0.15900224839932167,0.6216923772698664,0.5610702771522443,0.45799288542661903,0.5978993654139119,0.735278974153827,0.4662626845563115,0.3691365152711254,0.42279853129545797,0.44379463797327146,0.6163377036970213,0.7732362546531868,0.772254075240748,0.7414677506122385,0.7354467935219171,0.28544075646255507,0.7539134109612912,0.7341719542238222,0.7564737940932723,0.6320925973448854,0.569842768231882,0.5614441856582894
0.6954633914722665,0.7084785945426986,0.5914914654906098,0.6188169848907074,0.7433950838164731,0.5987583988102928,0.7322053834402963,0.5242910909883068,0.4299223578661665,0.3814065100010985,0.8668830549586286,0.6159745648049398,0.6823073694733728,0.5086763008985581,0.5090898650606093,0.6436852425878103,0.8252578496692639,0.6312317531724378,0.6554834687690505,0.5420725131129075,0.7682221101336987,0.6979185961261345,0.8542377505859178,0.8540764981767782,0.29320797992336883,0.7223126265862105,0.4986553300795059,0.5396893871790577,0.6574026077195986,0.747720518505322,0.4657985692377181,0.5758414653484326,0.42431845621837216,0.494200353554585,0.4565698237309539,0.934753601012963,0.7012084229227137,0.7513937508342505,0.8070952029933015,0.32325899310055933,0.8474055938002559,0.7500092307754339,0.9049244051545572,0.6570454827401546,0.6836102030454837,0.529993504562467
0.7646824077767632,0.7474017787975721,0.6602758957541034,0.5158790366693908,0.800260961542683,0.5252625852741346,0.6524270973606358,0.5411366755307472,0.36564966151569805,0.24919696466154018,0.7433971878419291,0.48772625272704384,0.6235360143985184,0.4854680714611661,0.3872804480461091,0.5524758588838772,0.5920207415122589,0.7625898495428505,0.6088379359590452,0.4989042389875932,0.5168898202942502,0.6542495157916861,0.7073171353783148,0.7171492147937845,0.1842661017245426,0.6439785370789113,0.5982581386340519,0.5200423684517211,0.611634866978055,0.5488486398321714,0.7684445056477728,0.5582801513261202,0.440894327549699,0.5015671274224773,0.4498690597938138,0.7657282868267785,0.6924551342192137,0.6656754648982184,0.8643678258228329,0.4761511627821762,0.9099904669566732,0.7649378778643401,0.8915750455981564,0.5474379493615137,0.5416034168742828,0.6953988852327176
0.7547741786618231,0.6211607059132965,0.5728120846944497,0.5819455673497717,0.7477186339513312,0.451974183258301,0.8084298672146751,0.36856757503325244,0.27188259439459206,0.1634733424827477,0.7090980480478366,0.48173551489589117,0.5579517249334511,0.4294445475634182,0.5834489216295894,0.30382438669719125,0.5891850357231927,0.6149936987874831,0.46131577516979816,0.46584295693187006,0.4819851964255323,0.6066522883061246,0.6754322428609829,0.5810979005073225,0.1473436972187026,0.5190827681794714,0.42201883401519713,0.534759058858203,0.5279870661487953,0.5536096987277948,0.6449826842075681,0.42196184591979213,0.47351184681244,0.40203940373723446,0.4121077823859845,0.630664221322641,0.6421208822125545,0.5463498117209318,0.8355110286842343,0.3050711222667479,1.0,0.7663358325806964,0.7928678115495585,0.4140611706916838,0.49096143274994525,0.5848110372707916
0.6494405140848519,0.5869386535381501,0.5390720704983487,0.635781110141377,0.678461302526037,0.20505797126518782,0.6409894688974537,0.3392171702852912,0.2278623071995086,0.17410605191558962,0.5012726032542085,0.3680555329010049,0.24351221567175405,0.401143940560077,0.4574316606692357,0.33398963648366736,0.6033350249594669,0.5607677072221877,0.32889704938882397,0.43118822981859245,0.42500618582210903,0.45923828608439526,0.6376788349074582,0.4435559795066341,0.17530602654896035,0.4812049003066417,0.5453541281545142,0.34639079202134765,0.42396209345733304,0.6727212415515436,0.6103477621681891,0.40593380295579684,0.4016957135361499,0.30765358489477446,0.4546536049628988,0.6719373079027876,0.4647177616788139,0.58048588986483,0.683440837000725,0.3613217976066313,0.8029901620983292,0.7990476169554577,0.639624503771272,0.361926918188995,0.3388230138124692,0.39193265657323384
0.6433082596742681,0.6484441680350559,0.37113832452449264,0.5949946273369341,0.5481664536856063,0.16265835874825813,0.5089377512478882,0.2573597528795968,0.1367890945660724,0.15985105168579944,0.33413544556995806,0.3954737758734909,0.1951754421026194,0.35985710618150024,0.3123125706211333,0.28833961795741625,0.45614824456354547,0.34786221384472527,0.14554526404033288,0.2492664058799904,0.39855954186979065,0.3933695861545656,0.5164998452785721,0.4219804231969929,0.1255163424477819,0.3746288313078375,0.3971468033593164,0.3648574617758766,0.3496157655030098,0.5759642962114618,0.520553607041524,0.3272909892560876,0.32044274553305696,0.2020608148571306,0.37702352132419364,0.47854667571371723,0.3860225820671862,0.5604447350045256,0.6110080930725083,0.16582477930582598,0.6007730434274802,0.5305100061242799,0.5776746899904065,0.2845117349863273,0.3421149218870487,0.4381378235359047
0.41057100145363407,0.457105636149042,0.25974196704960256,0.46442832925302435,0.42359031120419965,0.10155714514686986,0.358787259529922,0.1845944746390275,0.07555912090147321,0.15031542557282015,0.31083243305718433,0.17545418370096919,0.15069664014357773,0.24748747223002163,0.2872880775311002,0.22619357635518145,0.30241788122681973,0.17509740057039924,0.11211423910031637,0.16097880547628382,0.1840683432109652,0.2813505613409909,0.30841327594293094,0.350423773299151,0.07180037264408282,0.40162682364534696,0.34401443436457213,0.23886393503570494,0.2842759178932976,0.449942866843522,0.40950726013818417,0.25148089514844,0.16952631655652384,0.09837355689436195,0.27842380834129987,0.3546610422246519,0.2779963820511641,0.4780055136476489,0.4465205777762406,0.12735970252958914,0.4776696618576611,0.4458089842693908,0.4270691888130628,0.14932225437153931,0.2023272618003295,0.1869882414633184
0.2977250156949871,0.4793919957186314,0.18454502893782987,0.3790833418570184,0.30560284072984867,0.12380552414139984,0.2894601397271492,0.12936015238755091,0.053600349327360464,0.09373619124776864,0.29034984361292404,0.07182989601881222,0.0879517156840863,0.17918344865754202,0.17293537728415698,0.10318195591076683,0.2836901669793534,0.10319820662241733,0.09189387851670908,0.08701922097644929,0.20419159784133073,0.26302928055305,0.20060531334819753,0.1746501545583567,0.02287309840609101,0.24536010171136763,0.18329672554196388,0.14423650246504768,0.2189528777226917,0.2812998085587616,0.1389861870867496,0.17426566199378118,0.19838695001071976,0.1283246672154889,0.20647085104783042,0.3000572783325124,0.30018832868260314,0.4423036230066299,0.36377011927705316,0.04732950436565883,0.4219058123562278,0.33807313710495407,0.29169360468323463,0.0636050053695553,0.23721922808610618,0.19721419204918703
0.1942162988381087,0.3438556516192793,0.09970624715388562,0.16306086586105212,0.2515258158106094,0.03769652439865072,0.2209897213763977,0.12987773612151585,0.02432977320310138,0.0704559495103394,0.23959088331660458,0.07593163420421006,0.08453566083478055,0.09585856843188487,0.21934584495566073,0.10185447986033148,0.12967977781360238,0.09622885461804284,0.0605788988450088,0.1395534315915862,0.12646150570133619,0.11137914069163309,0.13160434458911816,0.14164204282110313,0.019270285402157944,0.17325961946952484,0.13636094079730882,0.10422090502456535,0.10116457873118458,0.19351303060504677,0.11671639892944845,0.0632530193343924,0.06974429739065172,0.14195144162351306,0.2038168708814927,0.1856910442773601,0.19476135587100601,0.3588460952186071,0.21083756030379114,0.0635550446095557,0.3397545814036822,0.23240258632373806,0.256719207906354,0.10389517419840719,0.21015075612193268,0.23068398958474726
0.17023256816962132,0.19605308499000337,0.13134152999095336,0.19007545564621767,0.1290546779305089,0.05844821190924202,0.1865185802431474,0.0852559225857683,0.06141986556581053,0.02742743488085477,0.15306100331577363,0.050062484480519906,0.04234449240088068,0.08250579861185048,0.1514186993852988,0.019561335192313484,0.08688735157394759,0.07278807138373239,0.01570132567037511,0.16841736978008218,0.032728163134671966,0.1256671703751434,0.0767977461319439,0.09830117107086386,0.04004899253426713,0.12416837702072595,0.10267548433690982,0.09875741471481872,0.1585555081104177,0.12088821946646913,0.04415298760199714,0.039319345805567785,0.07778193608940663,0.060064855984564375,0.12363142597881822,0.13396558381552578,0.16302806485025895,0.1892383582221075,0.17000999795261298,0.04601861974774532,0.3290229419311979,0.20449537403877005,0.17211752630486563,0.06026464685907545,0.1699435812171621,0.09319343878436298
0.1655534382369651,0.1741406949278109,0.13222580109095014,0.20448320040087659,0.18441147358928028,0.07911139165228784,0.13730691721063681,0.12643663538753894,0.07169260189818503,0.04372928434010593,0.1885973200500487,0.03001578906401505,0.042421483415601896,0.10207779076845502,0.27935645563053857,0.06714211405246583,0.08074646057017998,0.10059934277245558,0.04866259663284681,0.11938269483901454,0.0038897126546502195,0.13921841318885733,0.07104360637253632,0.1091057347455579,0.02779796876087392,0.16374548660362856,0.09007654190300751,0.1199189999232578,0.1355199241772503,0.18736445872363874,0.07122841123056294,0.07384671190424968,0.07060577027240107,0.0858082074764838,0.15467251109279556,0.15222481476210348,0.17696710556738454,0.17898501039578024,0.2495746223531114,0.02399760929416646,0.2766189459921893,0.24707401856585987,0.17443309855886543,0.08967657759268804,0.13628691981924979,0.13497298281466377
0.19803593234442055,0.15183759033468117,0.10584050708455045,0.1641169292283737,0.16564539841627268,0.07361773627988638,0.13808536527016038,0.19281852170884814,0.04679262083899678,0.0666956806086259,0.18869833757494528,0.06471392564703318,0.03289384672254352,0.08321170442274659,0.23192040619055931,0.0041853951232329115,0.11898779935744747,0.1660768681028975,0.13202572588368677,0.07610241419799932,0.028769708153139402,0.07494539647765605,0.09193613812080986,0.1478700983491336,0.05464702245720709,0.13620022824668265,0.14683758505650435,0.1686283828937807,0.15546862001432932,0.16097039944056796,0.07327695901899146,0.059817793930726004,0.08882656824995899,0.06270165847895111,0.2089241255597324,0.14159263144259657,0.15038543505914384,0.13132114025984715,0.2169995722315209,0.049181405010024715,0.22980212820492918,0.24471339627362199,0.17755858095546784,0.10894643896915879,0.18769189445936704,0.11207916113270625
0.36300190536801735,0.1228669013310486,0.22701667459142408,0.27796840652466165,0.2860990635644542,0.12799111031501584,0.2776548618519689,0.18467130912292568,0.08728161174453934,0.08807180116671398,0.24858399829364328,0.12587958667330867,0.11590041250303747,0.18152980647535738,0.29555932475706786,0.15204904506802647,0.19543785635043337,0.21600680010313922,0.2598144544444883,0.1848608781011073,0.15752290014280007,0.10856094968207079,0.22809875286191883,0.20666616283418673,0.07116362099838097,0.23649221135857548,0.27356999588329456,0.20067748170100627,0.15725930306751923,0.26495692997349707,0.14972348226421417,0.09886349380017621,0.131958607639514,0.15663870694910606,0.2031142906470596,0.16109089735035373,0.22888212669138192,0.2832052943248797,0.25162732711569,0.06431413749111196,0.39562531994880523,0.3035824667180411,0.17851854460238908,0.1566831107163318,0.19056854463319936,0.22703981486247563
0.5041840949561133,0.3736846288367483,0.3398680800604926,0.38445047321472636,0.27338032434756676,0.3744780248530691,0.4098740455687134,0.44465537268347544,0.155020598175332,0.23152676581318968,0.38714290072752827,0.24685139269116513,0.27369642747015327,0.3817127174109449,0.3861811120512955,0.43054726238641355,0.30715335749631084,0.4018330813023785,0.19521542636172243,0.3189060325993355,0.29484192458527597,0.31245458258216824,0.5762824291501165,0.45623637009998846,0.16055905772190832,0.4156721020630878,0.2565514513224977,0.2985068250333863,0.29248592797488593,0.3245649399589693,0.27384729921040485,0.25633275839339825,0.32149477734520054,0.2963489873554713,0.48646872359728005,0.275675594345422,0.3104697171216612,0.44416714555621034,0.37132361185155954,0.15136245167703533,0.44592058003285595,0.3660158313034032,0.3574027195565446,0.4676587020644931,0.2825173028366948,0.39224613557706145
0.4347096659631459,0.4155423188519687,0.3837600195232103,0.4047509562534178,0.25230439396147053,0.5521259292681484,0.3965411246880767,0.6199374235700698,0.6683136703542152,0.6439163132040178,0.6863318083981083,0.20343177240891183,0.33720723572375233,0.5271593349611392,0.510710080834721,0.5976220393887591,0.3650779717282,0.5662828158716593,0.1802063719807726,0.49735846517381177,0.47121490999932325,0.3059879737227869,0.7515046827092213,0.5157867165517226,0.13729921466264505,0.6579231771689356,0.4909119085327095,0.3030955704448358,0.4509821775229733,0.39526555042982214,0.366754816929385,0.4136128157896289,0.46409578273096574,0.5117470681383449,0.6697144145200523,0.23842723153180853,0.33610393156094964,0.5251609771240444,0.45260744270358444,0.11461778279154795,0.5083792058592608,0.47308535625316817,0.5958784381586832,0.5920131548643774,0.43805811119692095,0.24579736877957095
0.38469915719878217,0.5060673286169864,0.3043494455535625,0.35898851794299275,0.23960109083690856,0.7043769215361215,0.3769388375674403,0.45653252367515684,0.9662498414677493,0.8193894424961838,0.7646072402312759,0.27161115183482837,0.39941237708984384,0.6782213261609559,0.4513292504055926,0.667101733919906,0.4855052782563135,0.6201844296606567,0.20958172229509267,0.34061400891673194,0.3950583678475363,0.37248896673379533,0.6048937794196185,0.4971918089035596,0.13926280228747953,0.5736980276804986,0.7101251726687065,0.3161671520487475,0.5007579592466931,0.5466882772529554,0.37792557048311876,0.24674413880626822,0.8792354558849005,0.4705343939976584,0.7228546868756853,0.3768762853901919,0.37938973067027454,0.5358777127888995,0.4512061873556289,0.1680492202813481,0.560187489122851,0.363800428522286,0.6097443932850718,0.5392175667155192,0.4269123626930103,0.4818956370405576
0.39348884104163334,0.593154183721917,0.386843499062536,0.4085462995263743,0.24821434160821737,0.8338604359350671,0.48032311456719723,0.5377915377412084,0.7518673293125803,0.8324486937182671,0.8848027440712025,0.3419703923880813,0.4333931927891295,0.6226804686476155,0.5246639323857638,0.6800137048859284,0.4690063763616643,0.744482972207033,0.3261738354606267,0.21477459751710584,0.5610292702012273,0.4406799942524026,0.5892277961964258,0.5220516185384388,0.19624936218806469,0.6622246541605803,0.8632156326002809,0.4040740627444191,0.5330641483044766,0.6133442142496446,0.3454642691174222,0.3984928266993709,0.6780401419227181,0.4022379634431803,0.835233964971816,0.4381851145723824,0.4531437530360451,0.46117793954857256,0.6130001104207726,0.17505246822443088,0.5998709113950326,0.4015224868365652,0.7515395477051966,0.5392652626226404,0.4998467143743532,0.5940403609122252
0.46894982119993683,0.6106066692177236,0.4013720156898017,0.4025565688140205,0.28373305163225787,0.7277785495249928,0.37538751068081117,0.6134232595966664,0.5671448952981478,0.8035307030613941,0.769110862864989,0.5485148408305883,0.4794268699779053,0.6424106442138661,0.5512944232906455,0.6918387946042156,0.4713308154672671,0.6960094589726171,0.40453288469713744,0.3361348218005558,0.6291177123733077,0.5156477952965008,0.5501007290342785,0.483398087545778,0.1023871516634331,0.7442067095335223,0.8660457684049587,0.5319279493576721,0.5635455342700076,0.738521404787205,0.4286044797613163,0.2951428045328205,0.510068634078119,0.35836348438781473,0.9055456085305797,0.460134108736022,0.5225728154501224,0.6249119685761001,0.6448061303463768,0.2564075737627647,0.710747850279184,0.34860885599118185,0.7229691874443689,0.5866188642214428,0.41220265269554823,0.7069172932799246
0.4141047609126861,0.6269092969728775,0.39259232837377755,0.49837051936538057,0.3441103851078611,0.6565338812719087,0.4277063089127519,0.5527746682967871,0.6528641265817333,0.7120192428600156,0.768213786870726,0.5767184656627414,0.7730103371715963,0.4909700171869995,0.7155562543405407,0.7290067696096924,0.47266092398236015,0.5612832489863302,0.45528171093668435,0.5726032114578585,0.7697043610265247,0.5050873877156601,0.5679654341429468,0.6512902090363148,0.1509152425615385,0.7106971879000448,0.8364937350359758,0.4603824496370653,0.6674291163533682,0.7930366242566625,0.553920322332758,0.3646034791237914,0.4958516564933005,0.4191629645610452,0.9897652949544948,0.40930170327097093,0.5755140679756938,0.700320198133122,0.5298004053508986,0.21398083531870304,0.4997299518933525,0.3241045530904865,0.6723112037168539,0.6076161112635571,0.7025156292048887,0.5896417772283467
0.46128835237935745,0.6800984201978282,0.374866048486405,0.5053655906744041,0.33540661354597606,0.6540452115584858,0.5325595953623673,0.5106719892891181,0.6929639509924402,0.6401671988758069,0.7979234783217796,0.4209028945315307,0.7007132769922249,0.6686719894334874,0.6266112822208783,0.7729504667556257,0.4997889130329902,0.5269422370204024,0.26330473658924874,0.4386355876504584,0.8966857175595235,0.5827301662556545,0.5412380624416417,0.5857188240385162,0.22435465090295303,0.6594949170830178,0.9346530962415057,0.6850480363011618,0.6772800674461273,0.7900641422482436,0.6068548333662861,0.37872212533726923,0.5655221718972586,0.5039039514006092,0.8570646116183273,0.43837487214778836,0.4184144864998381,0.5451944664036968,0.42115743852871385,0.15841890340655734,0.3926652865111299,0.2887554468781793,0.7486186293369735,0.6569158775623782,0.5463270882142147,0.4909883091410189
0.5804527934682384,0.5988822054130838,0.37385381452656946,0.4887252391095882,0.2756849086409471,0.5782043806784708,0.5423320256770595,0.5113632037486903,0.7809710379265027,0.7759859468623724,0.9129798279019967,0.38297276217808246,0.6357120582289267,0.6243239944408128,0.6810410729573535,0.9082723192898148,0.6251221285739391,0.43356542674034954,0.3244989318622931,0.6651691678389011,0.6530548354927334,0.6398372544487776,0.788165838612273,0.6245895307970465,0.7630269327230442,0.8912550093176117,0.6672289299411502,0.6377851575013088,0.6984532503901184,0.6681086049950001,0.5055318135444089,0.3656688556563869,0.6006146738614131,0.6339753918591657,0.7795627345500034,0.438354071846793,0.4298046214772627,0.5171905259674199,0.41848724835667,0.296788803055135,0.560353775106132,0.5074868488055296,0.6540341943100475,0.8938568870357136,0.8140540998976908,0.3498201597824505
0.5389489654176532,0.6325559987359712,0.42772990768247693,0.4968514840701437,0.3269142305231359,0.6124905098787081,0.564244654897473,0.6622841041435396,0.7410719794310344,0.714697752802933,0.733611519161082,0.42692113116904656,0.7154079395586879,0.5875281965244514,0.74105378177218,0.8789568496652944,0.7460264898634098,0.5257645556439634,0.5239403897838112,0.5684815496778657,0.6491001539938888,0.6098602696060134,0.6520876591476614,0.5846422477843114,0.2545041750950784,0.8099619146423815,0.7377342049710623,0.5227314733823702,0.7067453686949465,0.6276804594243958,0.5782500221233369,0.4210324340489535,0.5653155593809197,0.6574219083456133,0.7121745074563097,0.6227652688119869,0.45715953895534,0.6254514638182991,0.45552592785621837,1.0,0.4899225757830333,0.5048768416232727,0.6840750941032188,0.8348657760994938,0.6952627946877026,0.596545259937856
0.5604069211750314,0.679025039865255,0.4410497366675702,0.5352146921663555,0.4314294038850662,0.6155783293731334,0.48870837605035555,0.756901331809883,0.6986262296979875,0.6319662859801247,0.6762583702131217,0.44370782922043445,0.5670055055062301,0.6676864386028678,0.5633264016677675,0.9513186642668364,0.7259281695235472,0.6119859221282458,0.594181030456801,0.5272020275395638,0.7010456048590534,0.6659233649436563,0.6386038241122265,0.5445069671860379,0.2060921931141493,0.7563919519144133,0.6954126524834552,0.3307809425337542,0.6660953283871468,0.5816253654931568,0.658864189070473,0.5093230174637671,0.4572853538358057,0.4477627092204035,0.7260361120735458,0.797314771333031,0.5684907464313754,0.6223767084321148,0.48538273513132535,0.8618096420691757,0.5514894083286195,0.597807662876305,0.6720425768655718,0.8656731868334252,0.5658183501687213,0.5688287934850209
0.5893827927154652,0.6373043634677655,0.4910314633545574,0.9946436137479203,0.5695552736737188,0.44768883757013717,0.4555851461593161,0.6195168490430484,0.42367385510343836,0.39299228754753596,0.6059642419115553,0.4588210062666652,0.8203459381120012,0.5465262350003803,0.6333783076645683,0.8524355545460744,0.6678057787681899,0.7472356707252918,0.7113630266638417,0.7672371401971952,0.732420966798362,0.8645785795230411,0.7913773912171551,0.7423226199015789,0.2270779808340142,0.7354273182353375,0.593752075267656,0.3630881571904124,0.6437987409938908,0.6476575413421568,0.7676407329481442,0.8068833368789045,0.3623874950764432,0.3855111115771662,0.6553225082696201,0.7918182658936194,0.7931612365506441,0.8372032621018897,0.640841622525607,0.3009572524467595,0.7039919653497924,0.5980764976671313,0.8837952303113619,0.8174123265307375,0.5756321607845665,0.7184404127575843
0.5755269258422934,0.7114252427177682,0.6294460413266926,0.9999999999999999,0.6360214698097831,0.5157280927786202,0.5265337192158924,0.5476478190804677,0.3230910368860676,0.27754118469346084,0.62443670939415,0.7152239234226163,1.0,0.43787070775392234,0.567505516654166,0.5789714346925545,0.6209570568645773,0.5368204770703444,0.777794559798587,0.5974847251099092,0.7322259384035575,0.6310088436995702,0.7770670279756586,0.7957955615344073,0.21253805771407547,0.6466270131890759,0.6247799930666257,0.5362697252695222,0.6535988142571856,0.787790293778301,0.5213344235072725,1.0000000000000002,0.3049533763356662,0.37152073297494925,0.4396557221027664,0.8427599600708054,0.7939380873887847,0.89344259610719,0.6989282974393484,0.21370148061242678,0.7236929093273409,0.5153216966425227,0.7719313083820877,0.6670005079591715,0.4607092248713514,0.8864252851094626
0.671217080320819,0.7551148074098611,0.8319634728142339,0.8095171981882848,0.7815254495830402,0.5087392744046044,0.552574387636553,0.558943147381088,0.4357921522811712,0.3133849946744969,0.7405967285697953,0.8775340859344095,0.6015438638829931,0.4720306378694692,0.5681575381555839,0.6554806660694493,0.7839157267167456,0.6474417814788647,1.0,0.9032152347124404,0.888688944567641,0.7878500265377856,0.8082362345340948,0.9234635774275016,0.3125539553946238,0.7888517712533378,0.623999011865539,0.6929338669647654,0.7000245818519499,0.6691771693431712,0.5443946536941784,0.5087760132016566,0.40024064305690055,0.32162597184333874,0.47101468419111886,0.8491168046261579,0.689960892306483,0.8134977131582426,0.852510821650787,0.15249097384069402,0.8389739330888086,0.6230768774336055,0.8722008324794202,0.7402498492228732,0.5825843835926486,0.6513045424549785
0.8434290853286881,0.6905110400060723,0.8120295336248795,0.7643508192756853,0.8527164290166245,0.5771651943848136,0.6444276021137854,0.6104990691865707,0.48509457965749814,0.22577161966971965,0.7231247384743876,0.5475533371791549,0.690106727954154,0.5265157715552053,0.5923709391380055,0.6638114024699463,0.6444649900333888,0.6771514899322704,0.7983023199184599,0.7709543057608081,0.7637182359360711,0.6716962301151156,0.7641161092554978,0.8053665063928183,0.23014577759449917,0.7323488785755763,0.5914468731099185,0.5906183874773421,0.7096936873936566,0.7694212017352552,0.544289013865622,0.417311494756148,0.4072269522308229,0.38877782272262096,0.412171587372721,0.7968375577666182,0.6143155718799826,0.6764013259619243,0.741623449068044,0.233451039628615,0.7323175888015396,0.7928664176058625,0.8978786706463858,0.5475727362170066,0.5588946552751318,0.540125835085107
0.7424118542786228,0.5262708224272705,0.6427016091876017,0.6264352782062279,0.8244771674940343,0.49810113172829223,0.6985820941081947,0.5217768045285902,0.24702558916227765,0.19347850450907347,0.684460240273853,0.424366158275351,0.5385479876928962,0.45622101442936336,0.5039435942610885,0.5075095349034598,0.529771246133443,0.6137612073555545,0.5426378821422936,0.9382378866724916,0.45927545267463993,0.5437468300217829,0.7077012191089247,0.6435483603263776,0.15054199336334695,0.5753868716454387,0.6705821784237926,0.3973936277232927,0.5758720156582388,0.6846872834240871,0.7346109557099595,0.46930674769655106,0.41497622487061125,0.5154579214328717,0.4742885750913883,0.639383816528411,0.48614105579136824,0.5076487929898488,0.6919847490254956,0.19024469186521573,0.7879084626380114,0.9043747929687248,1.0,0.37594755993609524,0.6554415945352526,0.40428880426215386
0.6441592178144026,0.6676613027817733,0.5049548457421007,0.5894542599875627,0.7497763084455604,0.37743091099281656,0.6160891454179651,0.41652955506410627,0.1929110993232881,0.18118498255521426,0.5643376381622242,0.3787968275229521,0.3267729654340619,0.431993067749862,0.5417185435253978,0.4225608617613161,0.6055231789122132,0.5191594745125296,0.6555061482504894,0.5792451199091344,0.484787874627282,0.4521176288921907,0.619347453275076,0.47276235046715137,0.0869114563582585,0.49393736251050796,0.6162709383109147,0.401224519511423,0.4795596597548008,0.725433381301589,0.6864549102823931,0.313838667653168,0.35534496107053476,0.39828362595234734,0.43980830208114496,0.6247186567260782,0.468076518121386,0.4705861618581308,0.7146203157510269,0.20922520883084042,0.8724510636097589,0.8826994281296539,0.823859331139798,0.3143126559926799,0.5760524223969411,0.6327195898789919
0.610622306706052,0.5670723024028349,0.4170636755952546,0.5823139213576053,0.6892963790353638,0.3051042271454432,0.5110675828306929,0.19235173606209308,0.1077202630385556,0.2446031316144846,0.454856973229845,0.3028598386484546,0.22703857550347917,0.3293325546323936,0.34850353677918927,0.34879689753616233,0.48066141427239595,0.2998316082178444,0.7385038850982992,0.3968792352103712,0.44048326013224043,0.3468538611444417,0.5540547941652658,0.2837390477230354,0.07305885553590619,0.42148591174719063,0.46656796120579147,0.2228001391397935,0.47929247847234796,0.6557885459402438,0.7642063203780161,0.3074307602321007,0.18140900284434935,0.3887869411179543,0.39674011746212734,0.5175765440882888,0.44704639979812427,0.6101987213597587,0.41827620858295733,0.22434491753315267,0.6484417520641043,0.6817457073004274,0.5445950899544917,0.2141492846369995,0.3157651264320436,0.6682540774178519
0.4303097214780644,0.4745541852006492,0.351442195091765,0.49384745580880485,0.4957807451391435,0.08150180129721729,0.3693059281329499,0.16554389703438988,0.07596022742587112,0.18323910232919796,0.3021074210968587,0.15902088122104116,0.20206523541771598,0.22053652775705243,0.3223898615344392,0.28093495739455976,0.4779731699654869,0.22896563372580814,0.6657610847870306,0.3883704516176173,0.271240737642124,0.26487064910855623,0.3378972126488435,0.3381403968978496,0.022037655062080296,0.36845303816365643,0.18359206563804845,0.15587037218480743,0.2664474560922029,0.36462363291899025,0.3830195639012468,0.1847400568181155,0.15747062657415573,0.31463686903663646,0.35268647833745737,0.30514208680597465,0.33266487784270815,0.47386880002345716,0.4997923194512257,0.20604021663946456,0.6084570024846311,0.5959859618271333,0.49188542846521005,0.14088427179000226,0.2744376585075728,0.3087274987377665
0.2742636652380159,0.303281000602327,0.18989112742059974,0.4362497561784553,0.36475566667964077,0.12766450344708058,0.31206949081974406,0.17684286514796782,0.09749777484542428,0.07653093604345412,0.3050430181018686,0.08859677556503796,0.18103688016306144,0.1655494343039783,0.18649276928273606,0.129943964608557,0.3180075798794256,0.19229583659460237,0.46300772725581785,0.14474600343724503,0.0883225050070179,0.19184277324721793,0.3603534356996107,0.2955676264948043,0.056078396181582675,0.19800517678019736,0.21169110090983212,0.19549124374185206,0.18913567781500343,0.39651591020081256,0.2578773617127845,0.2311093269265863,0.09491039027731653,0.2688221751941573,0.26955386597908954,0.2732092331781695,0.3483373215399046,0.4272441410386918,0.26085660355855234,0.08730141744127108,0.41753401458626205,0.5114154350395838,0.2716547257849492,0.030931844545208836,0.27273278480584434,0.28303166115006484
0.19643247669355043,0.2519688188646627,0.1315706895157931,0.3165171685456188,0.28803013321081683,0.0947223615981524,0.26482052262275635,0.2176172322698395,0.06356508140344705,0.09611259923753748,0.17957711669276313,0.09288570945376176,0.09975665454388086,0.10905823620040428,0.14455136872257932,0.11910256539125329,0.07107143556091733,0.14140502685423031,0.15633495821726426,0.15814268833276787,0.02717088362388547,0.2214413571185658,0.28408885764056324,0.128676326924609,0.0,0.08021168660653985,0.11104777293811263,0.13110380193054624,0.14075085201381105,0.2661508473993508,0.1420316293965908,0.1382597118402198,0.05812962488881897,0.14747904680642673,0.15280179494821539,0.1915928301398368,0.26113453580771206,0.2870231044177806,0.21503095626383967,0.08578545329276993,0.5061854772683267,0.36078139994245106,0.2615868849169842,0.05365422965712289,0.2512952234715438,0.1438120394831813
0.1738708614492023,0.13841704139341,0.11740553409475632,0.17385243968474615,0.19266036625896446,0.0819793730282555,0.19076741297061925,0.1348947317765937,0.015016712952858464,0.0520608956804503,0.14225998647617913,0.044323852248503826,0.06033525751168754,0.07489190130342405,0.12709755085584343,0.0768671810694233,0.07254716589649657,0.12906588070795447,0.09559275851992127,0.08115029623666747,0.020372742070676554,0.19252055205614935,0.19528346596318505,0.07372835234184155,0.015115793767812247,0.12358213866254267,0.14815345161678423,0.0821856893499601,0.12316049224002068,0.1891271595973068,0.16274215337683234,0.13569464889613264,0.0838574992005671,0.07479609331532353,0.07952370204773204,0.13528153573232468,0.14860919153539293,0.17804753606282508,0.14180454268870146,0.03959857035799069,0.47148181219580315,0.29941148735796597,0.22271110475342956,0.13422784968007181,0.2051294425407879,0.1781420936771204
0.17710935335897776,0.07007814949548662,0.13539139747865192,0.192103216942374,0.15567888193138504,0.06862423436315618,0.16002358435534011,0.14794133831831913,0.021128058250523562,0.061327891559400965,0.19822845242559742,0.037013803007797684,0.07010614757898867,0.06446767575798434,0.08339945291024833,0.04004793371843893,0.07040625772426218,0.11223941296643211,0.11893430501648711,0.08022616708448843,0.044781396464580125,0.24840161144619144,0.10333527156573552,0.04207930868124151,0.02288635012774773,0.10175440911491664,0.09381901413307783,0.08843981415800917,0.10761084124990214,0.14547037414236855,0.11584666833206093,0.05339189442309712,0.052137573717415425,0.0,0.13374599448360547,0.15974818465861543,0.19712987526333872,0.23367228211568145,0.11502600461221849,0.058127559737299675,0.36051813404105304,0.2064046288999115,0.1610361211785613,0.14865434041408318,0.19098474836603213,0.17933245772443854
0.17946142995562714,0.2590454819232209,0.14140708401117813,0.22493000229496646,0.14229008165925328,0.040758759893735716,0.1751693197079956,0.10408902913873758,0.056052550898584144,0.041421853792843945,0.2500133039278104,0.05753381804391068,0.04685973977633822,0.08765596894677555,0.09692365227007074,0.05014787419768567,0.08206222181749556,0.13189485177287813,0.22108250862449882,0.0997802657873623,0.03396125735797471,0.22548368449114983,0.09900270310608741,0.04332393090821641,0.03074150069920028,0.13341538396363484,0.11985543719883768,0.18124004907968055,0.1285120698788869,0.14664698118262232,0.18270037469968015,0.05127134115570073,0.07627084879188603,0.08989662110273772,0.14525191647077185,0.114454636991387,0.1627808229916479,0.23833514406469766,0.2138977759853476,0.05411451629969663,0.232477622226485,0.27288409851965884,0.1728375288570253,0.15153309065358456,0.27441668954520004,0.11075223279068416
0.2911142480848005,0.2690094889884328,0.27418413117759777,0.3025431077396825,0.23699791699980682,0.1572042309959571,0.2465196988802055,0.15348959573475857,0.04876843078995517,0.077828050554661,0.24470025522182967,0.11138887978371856,0.11831481128821285,0.21210465428784625,0.16032356890428806,0.12325556221132052,0.13924513814578862,0.06482629562211631,0.21741684771619488,0.08506957026363779,0.09136941466621172,0.22343351027291838,0.27033859413368505,0.1793128745326287,0.05734196154053956,0.16407615570798345,0.13212357353212167,0.12303216476892656,0.12522448651166632,0.18544899441118706,0.14821816279680733,0.0564520397700089,0.09622725165989275,0.22825292396466637,0.24676321561907233,0.18365610968273594,0.23377885789011038,0.1816586381219135,0.3460982071784147,0.04901670509143419,0.1810948379150113,0.33755618803676085,0.17876672156579898,0.1800617361146766,0.24870129196535073,0.19412608022749447
0.4276907735245523,0.4065993442174973,0.3565382006594128,0.3587738610133061,0.24632822591000503,0.27442104428120667,0.42442482327782005,0.2350482192894178,0.14785303595303148,0.07868672579111301,0.30871792629906125,0.1696170093829213,0.2021613462348394,0.3097933965156279,0.4003355672327538,0.21879608148448132,0.2877314470677088,0.30626600607433174,0.17470576207811792,0.20750155433372422,0.08609241173765513,0.2566727499586653,0.5405871966465448,0.28525741674749305,0.07644099955098924,0.405661768926744,0.4916670515806443,0.21525112648504294,0.24937306292211758,0.32342295217422135,0.4130641649516958,0.2215218685922709,0.24577845586114216,0.3101299956823883,0.337093469753822,0.25762192528867256,0.252045703929446,0.2768794338412968,0.45542103126761624,0.12379012760734705,0.4791970730522476,0.5113923856891675,0.3120986980992978,0.37227598292193176,0.22942925545648396,0.29927032739753745
0.42958559089300885,0.2915370748482168,0.4213168955660962,0.42864441985439,0.35211417123004085,0.4693352957752088,0.39868514497088026,0.3313073373922676,0.24306544593286103,0.20186734055237243,0.30447424445042315,0.36169098454270887,0.34934499626816834,0.37882921796407776,0.5763680504101087,0.30565275698170924,0.35764333763771466,0.5218964121799883,0.3000771799940367,0.2246183905644273,0.12954269544926794,0.23993477106212519,0.730615312907998,0.3986308227967904,0.1406679444160346,0.45671037898610645,0.6310930989251394,0.2798582859957583,0.3601707529958291,0.5775761939114725,0.46453561121794384,0.5054081803045242,0.47386767796232226,0.5412323822662084,0.45576694414376795,0.30580283593078483,0.3434888330404136,0.36983884701679487,0.3716767523222166,0.163554975537739,0.39507209160014867,0.5166107926055814,0.3708084075021552,0.3879916048770131,0.30236791864029433,0.34525455137724204
0.4918309995714435,0.32764517226610496,0.4624610501689967,0.4689349268690743,0.31003841116948866,0.6798327232055463,0.4233192923432076,0.3518097781043358,0.3204919706383568,0.3881459083249191,0.48677897725461267,0.6449082369859684,0.5311030122385073,0.4096541423036695,0.4669225191725699,0.3452288364567378,0.4723929079332778,0.4563165789662023,0.4608557214038533,0.35155405173039955,0.26797442032014646,0.4867218532547206,0.728186096095057,0.6232979272358138,0.2734256059490766,0.39510738607749385,0.7143346444840456,0.36664925032297496,0.4405816040943812,0.6706166674553157,0.5491074757838287,0.4089123979343699,0.722694472551251,0.68613728277409,0.5047850435959053,0.2772512810145329,0.3954669638017782,0.43869795106556164,0.45767757831331213,0.1350789552760993,0.7011843291660179,0.4943902524162187,0.4721689903610179,0.413484248620514,0.24052851418906945,0.48159987635165624
0.5016151769800694,0.4602329704663598,0.43838909703077733,0.45328816604091726,0.2971435469593083,0.737353837317539,0.5599784574571322,0.5369332636707848,0.29914510943835065,0.3984397073932285,0.6667794395025397,0.5566916640826735,0.7186380305005526,0.4763951484449278,0.5423878037896868,0.369509117531121,0.44642827431661675,0.46520581934282573,0.6575382408999589,0.48332947588417396,0.48567989206123363,0.47217586030620584,0.8528489628921616,0.7255276142532746,0.37833167774826415,0.6106007952297108,0.6364440968556482,0.360436452558203,0.4677896045550116,0.672415505677095,0.7153399404460137,0.33310293652945316,0.8983550780808557,0.7692405296723829,0.5204789688491581,0.45345981620012943,0.5335317034062377,0.6502415899527009,0.49370144563989593,0.24570891265745134,0.5738126556968378,0.5230182786740658,0.51183473553148,0.5413468253044544,0.36539329547954075,0.6298909343802351
0.5620228799875605,0.6633602645074541,0.5220388755877341,0.6497088159067417,0.3360700617366595,0.7673859739256504,0.6277095167936777,0.6063417897207526,0.38535191088507026,0.49346001971768055,0.7670810823642497,0.6786379210160212,0.7285777488386538,0.4722985580614375,0.5700839300604106,0.4837489822298812,0.5475674013580131,0.6192509545724081,0.5092706138064638,0.6152060494053797,0.412597384240834,0.4886421139404654,0.8513342088200349,0.5627846035425043,0.2698505876982206,0.8114424937300637,0.7564540202733132,0.4658895079659583,0.5267570895168651,0.8734551332046603,0.5994245455960315,0.4674833052065635,0.7214408210338035,0.5253610224198222,0.5701094954236512,0.4683085383448051,0.6280108908072937,0.7008871309378935,0.5379518637278815,0.2265988723232895,0.6810788157968705,0.5426534187715515,0.5520724463062124,0.6202957087003752,0.4358624833684176,0.6973377382774475
0.5503316458204938,0.7012297667117453,0.48309115650981294,0.6487019904375829,0.38084018557919214,0.6059676124033725,0.5840951663687424,0.44845089539300353,0.3293118927785335,0.44838487701049345,0.6973719839449817,0.5000084908916209,0.5909690808122988,0.43821084441005526,0.5899902996774937,0.5236640383535273,0.5470810179015523,0.45795076698888754,0.625435918118785,0.5422942720418686,0.5620378413123684,0.6273925681642869,0.719086839895128,0.6670651937285291,0.15561840471643873,0.8687534531012417,0.9406378369990926,0.3808354217361506,0.6607992497245824,0.7668574281480713,0.6375925786006378,0.4774466241289445,0.47247751408237043,0.40167947178676144,0.5660437844684386,0.49897490839259606,0.6628010029846758,0.6793450993532875,0.5387595205577314,0.21299557927636734,0.7472032224844808,0.478127276478429,0.6420458047431056,0.8117255840463561,0.3560322710500515,0.5590969077000296
0.4525304660184521,0.6459735516573621,0.39486254435517604,0.5522489712918142,0.3278670142726766,0.4809026370586799,0.5436122508357296,0.5124437411384388,0.3569389756022451,0.4184534553379006,0.7582220280008831,0.5458851195344536,0.5916226512074458,0.4601738136088877,0.621979790439108,0.5587042829669072,0.5363273259353609,0.5244180747420841,0.5433809897611331,0.5446789816950962,0.5193147762561822,0.5958330212718721,0.8180134487745694,0.6009789214711971,0.22825777955086407,0.6097492497750163,0.877425831500679,0.41629762332830306,0.7376641242186757,0.6577580978467571,0.7526018413567157,0.4624951632655488,0.6415209874361286,0.4696200755373867,0.49302029895224125,0.42037201717674,0.45962382707811955,0.6834711865004713,0.4191754550915976,0.20909077496469486,0.7433695034310093,0.4747946488676129,0.6708296110803049,0.7233060564289042,0.4044616842962309,0.4722664557349695
0.5492459267385194,0.8638932686818084,0.4519660775915054,0.4932726236862942,0.2904994174482338,0.5779716161135122,0.5338912714365969,0.5541329219889065,0.504428471024864,0.5411872221763869,0.8978796850078572,0.5912036045533171,0.6926270371358078,0.4431071714058699,0.8469508062187021,0.5979580219684942,0.5013767697691196,0.397957459116061,0.6549481406926158,0.510832372732808,0.5045719094638876,0.5947465588594298,0.7160721377989889,0.6369329628650129,0.3846008498624646,0.6281957555174771,0.7434551982795482,0.3639969361142316,0.7287928241384766,0.67552918762554,0.784427740388347,0.548242471440709,0.6948219863134104,0.4897659362828738,0.4544996869311027,0.4648120896213037,0.5050864950799067,0.7060237739614547,0.5085343834167338,0.19077667795320005,0.58784753658693,0.4811640975729089,0.5507870366381653,0.7197192742628686,0.4342316870845429,0.395099573990201
0.4883357360555045,0.6796184402248387,0.46704053136180357,0.5963242461542042,0.2951516139587093,0.6167124200135135,0.6087833991762612,0.5703117934287463,0.4086056829244042,0.49913362923014853,0.9999999999999999,0.6708840948143099,0.6990018977521417,0.5297127766936125,0.8308735019132942,0.6182412779590656,0.42771589084780914,0.5441093547278477,0.6705325178261501,0.5754024110198933,0.4168525975500846,0.5770259675927972,0.652118497078289,0.648072327769518,0.3010294766268855,0.7065174003474424,0.8077266333402299,0.4213668916556339,0.664012579357834,0.7284218886388699,0.6141408063188967,0.6585152924661745,0.6853501384875931,0.5909955930129612,0.4746370034773757,0.511998330426156,0.5525022075672178,0.7432526583003058,0.32708280809031515,0.2998336479557197,0.6238419892839455,0.6559491217931623,0.5422497194386301,0.8059035921879343,0.4862826894320362,0.4427391951930486
0.617036175737959,0.6237341289463145,0.6022422589578088,0.6736209440513643,0.35169535670491825,0.5107375949449233,0.5828441383870391,0.6817242965463983,0.40589959341536486,0.4489050583355199,0.8576811211329535,0.7079330265746444,0.9597203215956374,0.5542483737352506,0.8177935818163881,0.6186089047056164,0.5451262363025263,0.7575476470269902,0.4116655912272542,0.5821295696897252,0.35391195517557295,0.6404474405656264,0.7357131642551256,0.7065461015634358,0.26840520322148603,0.6641520212783367,0.5854275436182385,0.4145985726513053,0.6787770177946334,0.7284309635575315,0.7662658904812506,0.6455798991597892,0.37797187415401656,0.5433786096516626,0.5363147313968365,0.5617322193718653,0.5203299972500467,0.6663870814054563,0.6491013070077011,0.2537779049765207,0.7834759492794888,0.6846462128326726,0.5929643312213494,0.7144506772156607,0.4957091880040347,0.43141913392377707
0.6568282319846177,0.7697822973881776,0.581374113784456,0.9283658200622233,0.45640116268138214,0.5046443230657093,0.498514395493578,0.6236537390300059,0.28325004120108116,0.2944913998816342,0.7667867365890443,0.7350329822810521,0.9348250301820601,0.49912531229905255,0.7861840964917894,0.5353083291258838,0.6294469554623995,0.6937417729488338,0.4730279515445909,0.7904293741688095,0.5726417982933717,0.7992929460403754,0.7488627942268129,0.6607600999890085,0.23910475498856815,0.6094523845142239,0.5123810933474183,0.4366782624957197,0.569456147770296,0.69773675871002,0.5936503035309741,0.6254281156167667,0.3530348185211295,0.46591115954978324,0.46075084370293773,0.6252615609523356,0.6231687276841742,0.6911077490391853,0.710718466650563,0.20764799202508302,0.715510012435568,0.5826719272381173,0.6437561615545973,0.7088926429474189,0.5022802460852852,0.5299109144065138
0.7096296366409676,0.7797364136609308,0.7296826395280976,0.880709527107482,0.6300452746123261,0.5825042696222196,0.526403207816869,0.4824403839809833,0.22082999508730702,0.3215601067028178,0.9322101913397479,0.7303691420716417,0.5767034082110932,0.41239467594165896,0.6477192075478245,0.38470296962846023,0.663221266917915,0.5336637756502569,0.6325901526591273,0.6333859328897073,0.6336586116263184,0.6772770699788951,0.7676891390131109,0.7245501510561897,0.2709667078357603,0.5647371254842768,0.49410898366286693,0.5089228522160317,0.7224303141119416,0.7290269846477946,0.5323041421511068,0.7118523803903789,0.409181885033525,0.3528010437621085,0.4711357694485922,0.7423593851147932,0.7578542134713449,0.7368970084423155,0.6641230997483467,0.20174428536595163,0.6648072275082783,0.6494387236439193,0.5887388705685227,0.6106888406485099,0.5275886300168592,0.609510805654215
0.7223718937605436,0.7048133650793194,0.7235471987473623,0.842245473002738,0.7503379636119766,0.46244351819179413,0.5056995188393303,0.6070340995621145,0.30309035658828576,0.29757763550778693,0.8727495363581884,0.6059133333682605,0.570113408673061,0.4953405795703192,0.5433813678134962,0.4215115884929883,0.7828744016653143,0.7769874784689381,0.6551494176545846,0.39990357553477923,0.5855108046463345,0.8221267788725688,0.9551388101647575,0.7875405126578997,0.2589569025727496,0.6398968653633752,0.6141690715890608,0.5861349915235523,0.764458596712191,0.8887812228538172,0.6055941730032981,0.66084214273898,0.39931107043396447,0.285412486785944,0.42351282511038196,0.7468732371247172,0.7201657620872441,0.781031470000453,0.7884594421705984,0.1996558076297624,0.7995799394519818,0.7147092660129382,0.7172308414855141,0.5453326017873701,0.5105325099291115,0.46265294958340264
0.8139133971420618,0.6618565633156085,0.8209091173482312,0.6637380404482055,0.6529829209814902,0.4244948218791481,0.6115938922340708,0.48289915586939225,0.3044153423750311,0.2969616248412165,0.8347798079215818,0.49438457256719803,0.5735535063015189,0.5025875141157996,0.49220899635724,0.4292221415661392,0.6552081745153768,0.6728227411242171,0.386909797273467,0.4824773599682518,0.5614589499918472,0.6280421317012176,0.8055675624455796,0.7028194771569617,0.2247108341396885,0.6308788412588733,0.5414446880118875,0.644213080030276,0.592490671937083,0.7803949713221222,0.9565557710255403,0.7223817993021171,0.37915606636395943,0.5034126931128923,0.42870299121584965,0.6918174983487055,0.6861672681356437,0.7614392142965053,0.6487514122771383,0.2106285236906269,0.7239772830523308,0.6354035903435388,0.8415125444460515,0.5916306079026065,0.48333282845736075,0.44666941347972844
0.9999999999999999,0.6881598032986633,0.5892949496131801,0.6615558407077572,0.7781392018263978,0.4006515045382316,0.6511353576711627,0.42831791747881587,0.16502387278640665,0.23450428960441583,0.8853589138574384,0.4374497620005157,0.49175983341200236,0.4666010863536827,0.5137376510202278,0.34290189810219085,0.6092025804404957,0.46684778342078764,0.35396659896333327,0.6680076453013298,0.4041040628135326,0.460498828365397,0.7325443956802604,0.6058679759655248,0.1684622075142979,0.6100023304361404,0.4401604665711426,0.5085298433026799,0.5884238676266568,0.6516852605692547,0.9247533357629915,0.4333633452411454,0.39653070815384933,0.50081864101497,0.45737668258691205,0.6100882018554404,0.5402599667459987,0.7937558392549413,0.6875411937880437,0.23298425570497897,0.8078631322682236,0.8576518134273297,0.7604144039239717,0.40855378597817754,0.6359879586733431,0.5269934612952676
0.7864421203778724,0.6902043300310607,0.4804484489190379,0.5527854865043562,0.6699916264652588,0.2298121321812028,0.6174021407780096,0.401739267382317,0.10230181161869886,0.20313644912914414,0.7543230217341856,0.32492129337035114,0.34689127884439486,0.44842545813361906,0.4611244286102285,0.29539942736993735,0.6074999989144612,0.5343623811175815,0.3765142295960361,0.3109903034033082,0.33842874094844055,0.415897945957212,0.6826902883345436,0.43130142198971533,0.08420694820107893,0.6338510049909682,0.649291242719823,0.4331802621119681,0.4175129321930321,0.5818858915115755,0.6455286665919671,0.403462391772196,0.3242702861933626,0.5626771913707596,0.3944887107463653,0.4992826236353396,0.6264415574749858,0.6686620215674878,0.5682913309714196,0.22042701730052622,0.7428483547145724,0.8104543646481815,0.7043608925449869,0.354068849866003,0.5287919456612881,0.6856121255627143
0.685639130629935,0.4296917421868487,0.4362603280472848,0.6155479847109092,0.5562622349438477,0.20593475161170868,0.5579139237504565,0.2120707393726907,0.10789666205437494,0.1688399655944525,0.5305081766316182,0.20724634028135377,0.25110410354843826,0.2771446339612076,0.3771421799100159,0.26764400627975443,0.5718814482578162,0.30777139189492764,0.3303634564813794,0.23784733520613446,0.3770061710578069,0.3976956652264892,0.5849841393929345,0.4394021260485551,0.04409465217787533,0.4762694974773216,0.5138867652620929,0.35142969980109773,0.3230308967848207,0.6676146911594845,0.6304971421099445,0.29371233029424704,0.24974515327870606,0.26867991174616945,0.4391235029735563,0.4807613990473266,0.5320315262563323,0.553157385570355,0.6298025453161041,0.22939440961319987,0.6810173810250052,0.8587036660326319,0.5585387477690454,0.2933016299807769,0.42568522278220433,0.5402945212726663
0.4953474058496842,0.5298847557006018,0.3271449741333562,0.6180264834572824,0.3393965644813357,0.11509345143681504,0.4389901609480145,0.18093832236477023,0.02761138242639578,0.11487115442364762,0.3945156439434117,0.20143313727035758,0.16658879895110892,0.2414941894855455,0.4021135504623638,0.2583983984656082,0.45237656356011235,0.2943846587492741,0.06861979497933818,0.23089170489632552,0.2758307659225941,0.2319190584076518,0.48151337669720434,0.26961004731609195,0.02311227936341114,0.3807199997150635,0.36186400863609214,0.21854122319359037,0.3308407885201526,0.3553522691567904,0.4398981798949315,0.28253333341943515,0.1785110750328145,0.1717165311284776,0.3441000241650465,0.42101857734948556,0.4879825178907913,0.4121596464379715,0.4913868527884383,0.14624629379416,0.5882749044213528,0.8240483444772175,0.4247466083335319,0.23760789765200574,0.252457654360671,0.2140331477498457
0.3496654008002156,0.5276794074415335,0.13394418226193278,0.5240875789186056,0.23958140527414196,0.14042626393225338,0.32196002037232385,0.11522646648950252,0.013955153603720367,0.11052455778931211,0.2820630355207828,0.11934973253982745,0.11500679830577586,0.1222654943174388,0.16361122806861894,0.13553646909735073,0.301328200087826,0.19896626109662524,0.1528889466332065,0.33159967295007614,0.26693173710279733,0.23690384291585403,0.3414340202993795,0.15888527419934398,0.05298278395277848,0.2269896444625096,0.35019299693183625,0.19200339433673427,0.16081753876605231,0.3578490466886659,0.1520159432398897,0.16565521306295516,0.15818260504133774,0.20758707622951536,0.22572133425450253,0.22603065471604775,0.2573616169244379,0.3250621675085171,0.41456798974719505,0.06651539170303655,0.5764617879227133,0.6586208672949697,0.26903017689028,0.1222599332699327,0.19349655389321024,0.15680767304001264
0.24409276426486062,0.345332009615402,0.12859826251157544,0.4094143376052165,0.18937834634651135,0.028273340048543878,0.3244713066829867,0.08390752372724987,0.02652613653138047,0.13416043667885874,0.22048001348256652,0.06478405238438063,0.06332004385548214,0.07399681277144435,0.20191471805046263,0.1281184754610546,0.1259640243265432,0.10259430832982452,0.15701387842593154,0.4542907894311543,0.28090764126870077,0.13051427282110098,0.16524895576522747,0.050954707217307584,0.02954883740729313,0.16514271268736191,0.15444318058387949,0.13287997160836612,0.15981306869008122,0.1276234773398747,0.15080242732476834,0.1326797230386473,0.1017325543457566,0.17321254175947723,0.19441075420811177,0.22038590418677204,0.19350244464129018,0.3598998449195587,0.16135451101645876,0.0457017252391206,0.3298631859669911,0.28535482104593207,0.26101226893759455,0.09125441873983606,0.1648939208969006,0.0887239666665546
0.20383666485342172,0.331438521560521,0.16522033923273494,0.2850854113184979,0.16158954605742093,0.059730384446671884,0.20360863709844534,0.11195290703411437,0.04702442197679585,0.11336838723633669,0.17022337518053768,0.07897023120507934,0.09631876470266602,0.09164609702901158,0.2163171839793639,0.07095773190319826,0.1256609567903448,0.12001015675623075,0.11847756144683463,0.12197269247479614,0.2055559871225518,0.21796067546876607,0.10257644139101435,0.1178252495113909,0.04036144340124918,0.11327113090063658,0.18149747372652933,0.11120545827954142,0.13574360376079342,0.12477598313880245,0.10240875283195593,0.1374552582560852,0.06164264251854071,0.061053499043378395,0.12675720900963044,0.1793694747005477,0.14297471752960236,0.18976001248586435,0.18586881144274284,0.053400047169073636,0.3601126775086606,0.15569096360402057,0.20450302750169974,0.13778234706507797,0.11193027981013015,0.10105796223349317
0.2434870126765896,0.20721921104246846,0.1824868188303042,0.19617707377704827,0.13194613258208632,0.13881042903485433,0.157722538840422,0.055239085457833306,0.017421418084966295,0.22406964729429435,0.1158225472306847,0.03270350590560678,0.04151348917269428,0.13848383099913336,0.12119179379920703,0.04952304386144876,0.11940429809136985,0.09125699526176212,0.08773620996706707,0.15496794972520717,0.15192806323259245,0.20707311173337842,0.07967126233011171,0.1231481632457972,0.011800822439161592,0.1317033042901348,0.1963347299395914,0.1017377639371643,0.1134032983569955,0.1294499054352171,0.2026735641369692,0.11700122993245422,0.07957990486857074,0.18502781493116163,0.16572991630642703,0.14154294194960954,0.15633090361473917,0.15799389000152775,0.17917388281694915,0.03947235278962245,0.22955094563305084,0.15147219122566918,0.21083915446226045,0.07660167484880101,0.14911988093442238,0.1046858549586906
0.3142343708255421,0.2975658059100835,0.14279878070283286,0.1411699608531083,0.13106281986433688,0.0777119322138673,0.1513713483018472,0.11862752635444834,0.06363506975714357,0.06502833266168753,0.19848363871819785,0.050406299767684556,0.03739308005585758,0.17498855913542347,0.10841753389230366,0.0590036085776313,0.09873505586261092,0.08896946539229542,0.19424376892183173,0.05151102332922674,0.08882656141094675,0.23487540365047938,0.07633206830486255,0.1872284691024937,0.011026460070443042,0.09902097398528519,0.14308442189205772,0.2151018360963844,0.07800519198199439,0.16784317210065808,0.09241708882370968,0.04100746709686212,0.08956062863222376,0.2574497427644583,0.2284042090335911,0.09171012737063232,0.156880894120981,0.1302015128468556,0.1826010817108716,0.030138116158603855,0.19761216915850038,0.09176367270381607,0.15004033615905477,0.12314313890120807,0.1755213959574545,0.1782974803789166
0.3339073048565887,0.2067662840024236,0.2011942549511225,0.28419699216176003,0.19779188789556862,0.15258616243283366,0.26872704377608775,0.14398530896980655,0.13526277963485206,0.0710172106916326,0.3217075119128916,0.06921682351025575,0.08756838754232783,0.21616448915970152,0.26828026038504726,0.10958756557854078,0.15935955686137437,0.13593478586970345,0.14841406512875685,0.11565348896776545,0.1004168548895748,0.1509221092042956,0.15701523218797192,0.16360431975333728,0.0266038008630708,0.1822126921220337,0.3075521098880977,0.2587642612652752,0.09826548589306591,0.1662790837251215,0.23703801644696637,0.09991062261084431,0.11242448162390521,0.20343379701724637,0.20620760337485028,0.13180060598190477,0.16628380812539145,0.20375129316276183,0.23617562542439136,0.04962526109296472,0.2774033879833342,0.23015712156518353,0.24427591818543196,0.16358085350022247,0.2358906404157355,0.2498077763660603
0.4025385544719948,0.2374071622568246,0.29778041918076664,0.30465002427886295,0.265029703911524,0.32446255082696085,0.3695234409036134,0.2539448197036993,0.12948364153642916,0.09622938161840662,0.3581954695184875,0.14721938700788112,0.17705870402945467,0.2566815933494882,0.2544823556033789,0.3240096421762485,0.3221487604262803,0.11496404031689189,0.19869121770667697,0.1972971468220835,0.22743004972738418,0.2649183224801171,0.384175646881762,0.27844068527244653,0.10027911810818646,0.25200711084913785,0.38713400969660094,0.2925731016872939,0.27329554322349725,0.3282443823597747,0.4498821535156403,0.2001288662581043,0.24439952318782177,0.26351775123892773,0.296483698853782,0.21315461543364472,0.24086425548187873,0.2857735250563987,0.3461444180332006,0.0768907426931386,0.3042537078747436,0.4312029941461611,0.3690340632270521,0.3321300666093234,0.2716671277788649,0.19574200022044866
0.40646174363157267,0.47246087059163094,0.38140857424453534,0.3367086260409298,0.24924359903993137,0.49940804598090976,0.4013117238939243,0.3691624786755715,0.24364220423972713,0.24364806430187919,0.43344082488558827,0.2680130602672664,0.3165486582754126,0.40286016159589644,0.46781282497565313,0.31801705066464636,0.5002960401914369,0.2566342305903297,0.6423120165680647,0.26697806486989,0.18494431063288552,0.3385338575868833,0.5842201373501186,0.3374285039891252,0.0995185784753303,0.4073233454063313,0.6212194504146044,0.28894491938936323,0.4357773789175108,0.4209234149190172,0.46872928736668396,0.339283263900766,0.47003712088931265,0.6384598612404722,0.44849004262827025,0.26646313899679885,0.24835396714168972,0.44055375193954216,0.45740376771265856,0.13712475929000362,0.4250939362109906,0.4647822321282711,0.5162206118619571,0.40888416230074714,0.2458132694183272,0.6007889462887117
0.47582407949374006,0.5062823212056085,0.42870162162276876,0.44432156186382593,0.26065620883228274,0.7893167270438033,0.46987071237145356,0.4648470839435963,0.3059963887807368,0.42277734516640697,0.6001696123815684,0.5415999125257643,0.37280273663338037,0.42352099329218773,0.7653436534041508,0.4300388267617039,0.5612632160800777,0.29081767042171497,0.7871811107537655,0.31722119109475105,0.25086358456722346,0.4504012378035642,0.7294856813289503,0.545813248305997,0.2557332096504925,0.5088726780309667,0.7723288821853882,0.3318772685969804,0.5068815560397452,0.5361048415290606,0.5098978962074499,0.2849582683394056,0.684456150028291,0.5636095902131913,0.514531143917497,0.34191785757799553,0.3553099078448489,0.415721770123822,0.6000918481914927,0.2082443811095492,0.5089630201291794,0.4990763642877759,0.45084832748260695,0.521603332979486,0.4610862736254237,0.5964637383056139
0.507533582713278,0.5579684680508863,0.4630730928341362,0.6287641622739856,0.32665808097003113,0.8124100127090409,0.472600865382326,0.4349980273666062,0.3200067823986704,0.4604980912171846,0.6668226168320145,0.5080786175278496,0.5357971378718129,0.4246795217019016,0.7490303170784965,0.5594652332706235,0.4463874920286946,0.4171532622249645,0.4512881456623256,0.37808268395183087,0.4593020488655458,0.4914650264765842,0.8033360505348754,0.606748899835835,0.28144178430435507,0.5693721442841848,0.7472769581120599,0.4129030140023706,0.5402422063781689,0.5695608907082973,0.5203603185817615,0.563657892686363,0.957883339951213,0.5856783099337638,0.507810828619139,0.47299373662845157,0.552645228863284,0.49208362191372496,0.6687762340303096,0.2914355486673794,0.6791745915114985,0.6310880625693617,0.3822290459126868,0.5217243673611894,0.36783638694455595,0.4366662416482354
0.4212084126110321,0.5278764101771178,0.5257876677508447,0.6700487509530971,0.3305342192655413,0.7207612451573925,0.5254016149020602,0.5312842374212033,0.291021016773879,0.5194528729485277,0.7357666934688522,0.4551970515392397,0.6706418044540103,0.564343114569263,0.5409706340156419,0.4912410608734506,0.4730830678957375,0.5518344632523848,0.5436089054521062,0.3273497062047949,0.5257106485664149,0.642315951366758,0.9092145219681809,0.5423238579984879,0.3224729751415412,0.772149252676102,0.8080688393497854,0.49472401241996805,0.5269102179122261,0.6521900560493304,0.42262116062884936,0.496671844276856,0.7378643650343385,0.3555506415540335,0.49731560716269424,0.4949857840722304,0.6344119848164499,0.598660345459037,0.7718608870341417,0.1981979956486942,0.6277468225385976,0.5179675496858481,0.47644714050984194,0.5775563837387451,0.33746214852168865,0.5263305057835846
0.4791480709301008,0.5569344588717843,0.44942131737363167,0.6362158452280632,0.41045576705732767,0.48159435960770874,0.6166558848025433,0.49895094305120913,0.3587759110768144,0.4431220927859739,0.7148858783159814,0.5309354864235073,0.6860683839504403,0.5616379840510972,0.6220703744274724,0.489676349877937,0.6245820180265297,0.32080918314693374,0.3841260906018799,0.26044422052249083,0.3894355740762767,0.6827306811580793,0.7670851465972273,0.5032144918888443,0.20437569146151746,0.8191738665540451,0.9496670650914545,0.37286012906648425,0.7201132480562268,0.689097913428501,0.6025493897370761,0.454855018705587,0.44364761394914415,0.3722414962162326,0.5278023758097741,0.5063299545330493,0.6527636038369341,0.6594605555290797,0.7060465777060045,0.23408195442232946,0.5939932195356149,0.5968453784930419,0.5553182768098005,0.6404794875661253,0.43145908341038575,0.5311904651672326
0.5705381306581472,0.45501584422129393,0.4682971834483088,0.5756256628367786,0.33481887270661914,0.571365665002395,0.6704775600732961,0.5150955112675281,0.38435673228440237,0.48049733970872494,0.7329034453260939,0.5391393575155555,0.6589955634360145,0.5191293732657312,0.8179075523532995,0.6564554177299817,0.6601756575792203,0.36405407590592226,0.30662631973300586,0.6873269730736995,0.4355265896776083,0.6439147422086761,0.7677741238986566,0.5292198163424993,0.18093641432841728,0.8913003153323638,0.8247721817283309,0.36069803070263295,0.8779970212269778,0.6524934690829318,0.6868577642856847,0.557636456014234,0.586408805028983,0.33131779096688485,0.46212245688227693,0.5248681332732683,0.7758645081646651,0.6288117848603736,0.6351890674346506,0.2358996142172309,0.6243571764582921,0.5769023821174495,0.5307314512594837,0.5888608220028947,0.4012192686776287,0.5942855373648248
0.5524898506729846,0.5036981690211981,0.41604235212757046,0.41987249407592037,0.35909519829701336,0.6635556188725815,0.6421013346685753,0.5275346262098584,0.5158249278911479,0.5264859560111852,0.9032857058808261,0.5753612752131182,0.6225708172613433,0.5766688073576359,0.7697363321310793,0.6166422428048635,0.4597045418255416,0.5935076219967059,0.49689001462447624,0.46975686361550284,0.5599323246192336,0.6237567090531673,0.8123197134817064,0.6360695685632544,0.2158461410892061,0.9030933386058808,0.8161012582823133,0.3223084567626486,0.9405294894728872,0.6775833713672148,0.7048031542757767,0.6058327896611309,0.6886516239246682,0.4534692540490586,0.47952850243612494,0.5629911893375023,0.6753307517647275,0.6143745670815657,0.6043567020586447,0.25728499052656145,0.7172180845458822,0.5437691113413541,0.5869722112987155,0.6056966134761751,0.40013034482557,0.6855277934325348
0.5196661486162375,0.6583972052105753,0.44775767670497985,0.48354660890245577,0.4033461476600709,0.5926921274733851,0.5936232958545723,0.542573976375622,0.5270306798017007,0.4759038261266511,0.9952061816958796,0.48816550611202025,0.696137610541135,0.6333620513618743,0.8124612621231736,0.6329885575400205,0.5669235454731132,0.49902488812995277,0.3836489922835748,0.37556908895316476,0.5053446539839648,0.5962172232898517,0.6715553734122826,0.6500308710505688,0.16485533748708917,0.7647649086455015,0.6666383099744845,0.39819012301801987,0.656516179288948,0.899739928982874,0.6369499321053524,0.5956403908689062,0.6895349821020325,0.4529335319742478,0.47028094669025367,0.6615852141135412,0.4930285127830635,0.6363901339267589,0.5365569320158398,0.31434627302894963,0.812366815374276,0.5699586706341478,0.5532383250316926,0.6910493288114749,0.39620906624386515,0.5358761903889984
0.5318310790728221,0.704813492545583,0.42205645323179153,0.5190472526178221,0.4256755406150951,0.6096615185022413,0.5629390628501169,0.5472337005216701,0.3861943124992497,0.45261399287249443,0.8435237042822924,0.4476721988651965,0.6780724864185493,0.5545807368254446,0.815182254598794,0.5681171696460057,0.4568514515666361,0.46538195796980536,0.33342494419572904,0.44168713016744987,0.48256723688083647,0.674926097973617,0.8111427456958109,0.7015025290719208,0.23749607375188414,0.6899778677554338,0.5822019309187837,0.37184155198652,0.7081569826898081,0.8007181997642019,0.5606092864825262,0.6083305754608375,0.4777939771383773,0.5611229455236545,0.4293071185878318,0.7174144703057077,0.5795517285129042,0.6774770147808052,0.6701802710650028,0.3148190300848991,0.679614470121047,0.7164613619326956,0.5849164960285318,0.6678479964539805,0.4694989920659299,0.43180271850703733
0.722766872519135,0.7878541509430729,0.47019095223135543,0.6572937427234139,0.537943383051968,0.4225749401399907,0.5643958350819088,0.5408190978878328,0.28956100072618185,0.3789744078524935,0.5990795736553144,0.46699255929599026,0.6855434889675365,0.4041088346125031,0.5941163365872508,0.436781582851956,0.5409030137191746,0.5237957734242717,0.5122728608818324,0.8327043524135691,0.5175345000048704,0.5805960641451876,0.70460992305312,0.7067462951940368,0.223490794938149,0.6995545273598038,0.47088282373885937,0.39157740762607923,0.7096940686556813,0.7305069597018273,0.6080452179358437,0.4817991231663911,0.3621413954102157,0.49787872540903444,0.484012661382805,0.7562960952116363,0.7683723219749611,0.6774792324662573,0.7432834971153075,0.21862683267998329,0.6197347769358613,0.6306538693781746,0.6530819804474052,0.49755763440331263,0.6132920309393619,0.3264906139688456
0.719127421923507,0.7639815218673729,0.6690885278563532,0.6808765578948328,0.6536096888193371,0.4514679501278262,0.5513171833231282,0.5513668000372322,0.266043034239195,0.3028870498480781,0.7424885515157692,0.49889180317342263,0.5591322850987929,0.41791475193391625,0.4749154763536677,0.46048066301059726,0.5368194539502563,0.5069264423394482,0.7152364382249692,0.6247726290191183,0.4076155187329559,0.7232037672468706,0.8026208616978623,0.7049904507564629,0.14496970967858908,0.6428856620731691,0.4654133167653538,0.544707705605586,0.6621478810853765,0.7858018982857009,0.4746416693391673,0.40650089172236487,0.40132004800805815,0.3414913888559199,0.45676089729775815,0.7640922039807865,0.7257102928714367,0.73089095391764,0.9200285023618792,0.19770420886939122,0.6573109847621486,0.6795555408596403,0.8184767246611727,0.5068513495766814,0.399431930275406,0.5031163456796636
0.8389001464051302,0.6305462559824258,0.846917254181653,0.7003881201051336,0.8680390444794411,0.5282046975434642,0.589805406226958,0.5004470972316656,0.32208383579570626,0.30576857231391064,0.6820211015697148,0.5053339248821528,0.7363620323843235,0.47601865501570895,0.5379191262991528,0.4726504276150432,0.7482348177516853,0.6783663494173644,0.6315907981126624,0.5296163672093028,0.5258508191508913,0.6600290239701896,0.8560854943000573,0.7020030376357925,0.22122010054161123,0.6336976896999125,0.4792066243084492,0.5714863005530579,0.6855536790681083,0.8285807586880628,0.7629543928071815,0.41715994542612705,0.3677638202884673,0.3223400886163408,0.48174192964711754,0.7140727478519935,0.6268705067347154,0.6822369195679933,0.9489070382230811,0.3318489612011702,0.621513961387576,0.4864970861284491,0.7194945029400359,0.5850962948637144,0.6012602488804714,0.47584162900000915
0.8092053600564987,0.7288935410322757,0.7358569311574749,0.5474315576408243,0.8434618227050308,0.5172183345363872,0.826665291095788,0.5560525792238039,0.28989750300159156,0.29301694063940764,0.6207656385530109,0.3623185841347995,0.615822150611068,0.4789279867799685,0.43621574390334017,0.429853345841935,0.6203554096150046,0.8256543925195448,0.30956429785940365,0.6657309490934448,0.39403155084515357,0.6031149407710992,0.7564351030953314,0.6682592047246039,0.21764925784738887,0.5923243867243699,0.4721590747608059,0.5965152916333126,0.5724963873881554,0.5043998103729859,0.725970397878449,0.37309295426079836,0.4009544370838728,0.29441119042404773,0.3950500667682342,0.7853283820919436,0.5813179957340995,0.61419450161504,0.854294410577925,0.4206185416949659,0.7109310298505314,0.7235795754897495,0.8158275722295119,0.4197566242725676,0.6750609928053123,0.3451889550990551
0.7907319855790086,0.7292505418745712,0.6430733714653398,0.5148016955108297,0.8919850003397111,0.4873186561641932,0.705861444057184,0.5112762447256627,0.2153283276713103,0.264539152480302,0.7483981058193381,0.3910379887501185,0.40946918850070074,0.45321834307744346,0.6122298172842928,0.3825208588116628,0.6479538987610383,0.9054717689758236,0.5115264336269542,0.6884080696691828,0.3978893883425644,0.5312645999871195,0.5998035405523323,0.4819379199895926,0.14193996113065974,0.5904579995967687,0.38504900041567053,0.4014865033116676,0.5047589574903917,0.6726994087426292,0.7669384174707834,0.3430513224496762,0.3136313889380841,0.28845659246795574,0.42451976897070676,0.6432956830024943,0.5530724433152291,0.6176801806975827,0.8092657899057474,0.18129176406490258,0.78364038437597,0.8142483680549564,0.8738666334421594,0.3095647879492475,0.5643095144941631,0.3497796195601419
0.609565939733891,0.5773687568985514,0.5508053114587166,0.668504824366947,0.6749460307608701,0.2603407121448631,0.5979417124148648,0.34827715397047454,0.19281054224033137,0.2634141219266154,0.5936004279870593,0.25544902255015295,0.3126215873238505,0.41256089682591013,0.4562916189452373,0.252810881025743,0.4448260370843563,0.6768434815436628,0.32260296670511696,0.48916441245098385,0.4427875256708767,0.5345230481019726,0.5991524612003603,0.5009706548424593,0.09578970886335547,0.5393568802808684,0.3901589381866885,0.41327942754888014,0.5353553176758351,0.5993192760579995,0.5694395180104168,0.311631781886857,0.27545629519983467,0.4244972243890708,0.42998936798965554,0.5634189000752798,0.5781253710103476,0.5796637897799156,0.7539427363368041,0.20646531713033703,0.8055871701047251,1.0,0.7373438160782676,0.30240970254683996,0.3703945417436394,0.279331702733286
0.4769063607581916,0.5192494584619227,0.38399225562797634,0.48691408316655893,0.48656046084756954,0.17304187037275032,0.4876641836028939,0.24282845489724955,0.07522506383035789,0.16794810134219232,0.37348887965504174,0.16545336415275924,0.22352088950321286,0.3254894585525454,0.43956613787731846,0.20557968221929596,0.6129891938419927,0.5480910377201536,0.2390657493195267,0.239511472072268,0.32029232438387545,0.40779555577194565,0.48248593788441435,0.441032511683939,0.07765454866609714,0.4658291936077967,0.25291819577489233,0.3867171121857454,0.26902907114490865,0.6226915194421841,0.3885735841954264,0.2373376987075348,0.24923319786776332,0.35226373561273217,0.39191695988344794,0.47618235379634744,0.4117371951370716,0.7088584420961904,0.5226467566707991,0.300579163993828,0.5378128656815322,0.7008091703912304,0.44371274833652213,0.21732797780414825,0.26847036745499414,0.38569351465204316
0.39676275430609165,0.42743922453823635,0.26779971849895085,0.44753292345755175,0.3082674922346142,0.10057373975096409,0.3720330567339021,0.18622829293913348,0.06070452013189591,0.11828565293379348,0.2820683597431034,0.08199657734400875,0.18179453836965215,0.25466147691812363,0.2939336256298721,0.14766984967541835,0.31886407646139875,0.3544669492495003,0.10545195820626779,0.16379596864825915,0.1839039358723561,0.33977959562209115,0.21778118374021538,0.30914842549001414,0.03910580459667189,0.35969685808074503,0.17076208767946252,0.24942964162156925,0.17481393869182163,0.5498402491277944,0.2903669608563698,0.189200793171786,0.14515005881645254,0.17947791026938095,0.15101840869390182,0.421845566547293,0.3918033290647749,0.5413739286467849,0.4648987129796792,0.2477213646972041,0.5978623519935972,0.6401434129156299,0.38668846972733617,0.12886329285953244,0.324653503642347,0.5499023318227612
0.2911470045051549,0.20083720097430122,0.1724491101056504,0.42406169081106987,0.25826762337905174,0.09108025097914577,0.26384826446650667,0.11865139185943815,0.09691281871628346,0.06427380408524977,0.2826004867075284,0.07627498439583937,0.11041084829762389,0.11431501035932706,0.21775585958059623,0.16194420491647327,0.13491701127618647,0.24535709551642326,0.09108595278411633,0.20602327747475427,0.25127480377076494,0.3089432680291006,0.1261220912978215,0.24477450545744953,0.04012868557825249,0.32481204378522566,0.15777555823607578,0.14834801129311617,0.16072646868969173,0.3671087048298781,0.19454404349556992,0.20163029810355299,0.07389260923911395,0.22276085820313976,0.11604127738266322,0.27492216602117114,0.3520788252327338,0.4364246808740562,0.31331968273129435,0.22280608141621902,0.5636887355955776,0.3646447500002693,0.36108724872977177,0.14037106872189,0.2840052109808007,0.3276410503597086
0.23195123811723686,0.18484613901850402,0.10006614148886502,0.2593471049468268,0.19276496817582045,0.0346614889308651,0.20586120082062356,0.1795116714350166,0.029191118563803912,0.04617227606513047,0.1913940205818926,0.06844818697494598,0.07940499557457008,0.0986325808204093,0.2924025777073911,0.0708936194152424,0.06903601439710097,0.11812742708630347,0.20012826277366833,0.10897597654903382,0.24207465329491362,0.2449124470853553,0.14437180075184705,0.12367683586416764,0.0289707365452892,0.21213500591843384,0.10399078367987957,0.12077513588553193,0.15699693992713706,0.22208974272869988,0.1838174469065288,0.0780998081234641,0.06308788485034689,0.08228210458616275,0.07020568590131758,0.27165660232796884,0.24748290850656868,0.4524757619846096,0.2500340759457843,0.12193312266941943,0.49311852425655595,0.2344309202789327,0.1643792006204553,0.08439832827478197,0.18664012887139,0.21153566437115298
0.17803201890414275,0.1604098861224577,0.09441644403153551,0.2982351416519892,0.11231197619238877,0.03532396348955879,0.1933846910003437,0.10174507755611095,0.04638267504435349,0.059718369060756615,0.18884233988158355,0.04109424255919397,0.04006732898690822,0.08070383898827194,0.19799070320825823,0.04722055764074071,0.10864578083864462,0.07275559152404235,0.06039926695845164,0.15911632187998073,0.04447485126758505,0.15420008409896063,0.09498428330906677,0.1822696688521471,0.020145322026383375,0.2277016283195995,0.07520992710489063,0.13852610034756468,0.08838225770568604,0.1399550307644494,0.11452619901748774,0.029678603922993294,0.05745656575851832,0.06913856097932025,0.042714383764143146,0.20737481800122598,0.13293842727213534,0.34815631758747856,0.1561088909937226,0.11780457153601494,0.45580309473991115,0.2508174710729958,0.18942485302090564,0.07127778023186304,0.1824781315995993,0.1967226436992988
0.18896927640706526,0.1899510929064996,0.10554577904138052,0.2367176293545333,0.17796620526077017,0.03756434389676788,0.17891669434842203,0.11671782220384175,0.029846046141486487,0.04635557700908467,0.24167205239229414,0.04368365469809568,0.01984970902769366,0.10618514995019368,0.1466995678514669,0.03919956393943255,0.18221397213454502,0.11765729485953719,0.0880278694758872,0.1298323914156893,0.026385031721913497,0.11828299256413731,0.1293778213202143,0.1515012630319542,0.04838917827940751,0.16531702001273524,0.09069282726619343,0.11274337220458475,0.1289676485195905,0.21377174652911154,0.1024241287452675,0.028109935799010815,0.08677625920794325,0.09431710320347048,0.08905098138893057,0.1826290912160645,0.1852485092421166,0.3179962092782516,0.13736281941690465,0.13201945528015288,0.3571556813352751,0.14689307111496758,0.19854480638810776,0.08285379086215011,0.17415490858084623,0.27581715731023915
0.2404206495712494,0.23137339877950677,0.10089632633058415,0.23137805251223062,0.1648517627648091,0.1149326596503194,0.2826694222744443,0.11291673237602973,0.040157011468666653,0.03091245597295548,0.21038833652530975,0.030364866343709593,0.03813152503584078,0.147829378621237,0.3254755881110862,0.03179342806326972,0.08915975619605271,0.09341233494354498,0.043032375641092045,0.12271695639564159,0.02306305743989001,0.08687269691631638,0.084710791906069,0.19639305872441423,0.051267988478559616,0.11334351256641825,0.09925181205318206,0.21279162537781385,0.11921124463632177,0.16948130033696351,0.1630151649047174,0.037997411044063706,0.06379023499029601,0.06958973393413455,0.09086647178147982,0.15684590013426528,0.20773776639555608,0.2223088126139595,0.15439761436179014,0.03639263903397244,0.4135890789186045,0.1965869180708743,0.1828614497895383,0.08602553807351263,0.2316339960521263,0.21406909016849493
0.3538171464977657,0.30995022091841207,0.22552048041182143,0.28276726461583396,0.20959878486549496,0.10647747817904357,0.34715204014599454,0.20313805647192434,0.05539740530777587,0.11223287205035215,0.12953341509305688,0.1442518016777071,0.11957725571284507,0.19270971509176513,0.2857672777244437,0.19213998739894717,0.15275290150079585,0.1478851866024839,0.062243631279319166,0.13177558751966045,0.0808326591931957,0.12894141938677672,0.24930481996367893,0.20798437876940198,0.033717138148431865,0.16515773828144378,0.27373070610269107,0.23969845479483973,0.1819619495578681,0.21865472873623146,0.1572442094742223,0.12727532173343697,0.06388665457119855,0.13373015369007318,0.14401403549993758,0.18818147106848304,0.2976251743620223,0.2969639852846182,0.26199943800592146,0.06569964803350764,0.3788777241544096,0.25800704207440756,0.2391888171118852,0.19817581094679482,0.1799607955663466,0.1699208014043432
0.5825239113070186,0.28877566606243693,0.3924939482295871,0.33891089704690325,0.3122779948692525,0.34385111619651904,0.4066648779852516,0.5246423982143504,0.2240529887301579,0.18728584006917184,0.28873682671739653,0.1410411708594379,0.30933278240319406,0.36389633740513283,0.3954432042927323,0.4582606284748356,0.28013239489376796,0.44276448548797814,0.14793292224472354,0.2557848661131047,0.24508647573310577,0.34193412153517555,0.6070980682685578,0.45910957604845554,0.22120717123967354,0.3857039333888904,0.3811144319922149,0.3488600364899703,0.37203806913520715,0.3073527338692956,0.40238156720424106,0.2581650369010244,0.20942927582728538,0.36988663012217304,0.38973458652202436,0.3490423115796154,0.33030191400949477,0.39218731465246137,0.5250134940817904,0.19238025942926834,0.5866068526920584,0.21480236143726106,0.44553244622912536,0.4503494472177054,0.39362611597859826,0.27943306787612776
0.5105079841401975,0.4007786303530713,0.3893311859025111,0.3781209193096804,0.2904852782496693,0.6212761067153743,0.3693489540373058,0.5427655139776204,0.49691097253030003,0.5334878666249343,0.488339296039813,0.2372898379174273,0.3221785454622035,0.6173513544503598,0.6637985777204232,0.6778095550570765,0.4046911036067261,0.5587034844771603,0.14905060833757103,0.45415753456522634,0.5568420013178583,0.4398174039378661,0.727773188158253,0.4038018847206989,0.2723121310622216,0.48882039546302175,0.4743835499924758,0.3533211918148504,0.4613184006827517,0.4476141722377567,0.5553419746855399,0.5026367352511446,0.5538266659198038,0.5610530837191544,0.6374755655480737,0.3076030856078503,0.4456493434395483,0.47396671508353944,0.6131467401180043,0.20370730526206568,0.6199153893726991,0.31247011577968503,0.6095134571335581,0.5240665478497288,0.46869036579660794,0.3259104143597731
0.47063573383749246,0.47232136596037405,0.35751037522457524,0.42160710232871046,0.22589753194450096,0.7085299182488328,0.3573116230363849,0.4914803561476765,0.5191392621849162,0.7097138829909759,0.42177054990832386,0.2734827843396172,0.41139794672295804,0.7268895305694997,0.4789708384501844,0.5244174862980262,0.4790209490591696,0.5015358891438741,0.2233869759901204,0.3157156934133074,0.460191965999673,0.45692172297409755,0.6576557144309936,0.44994812874015566,0.07050452614822136,0.5059445447709057,0.59924004126201,0.41741610037848315,0.5635923188063445,0.4919385672929143,0.48360798351872947,0.2257955725375529,0.8158682539568862,0.5493868427634153,0.7143268361495748,0.32511946642683276,0.43810795332684777,0.43824240053494823,0.611608798634505,0.1811822894797155,0.5741099336239961,0.2073652197042377,0.69826915122335,0.5441585287424923,0.5328007907716955,0.5786265278884952
0.42140545024696147,0.7391230571014634,0.36985913866917375,0.3919901036321023,0.2829630431440884,0.7424009047047613,0.4019303086025833,0.5597470802394239,0.586140703951195,0.6465746585970089,0.541151081714545,0.29563053367234654,0.3306247485876662,0.6808578082689865,0.40018454295517514,0.6379175686462075,0.46647277420045863,0.5789601472416908,0.24093333497723926,0.3397412603537116,0.5459389459367736,0.39117297383934757,0.5916078838539283,0.42771789861874654,0.1205609956286757,0.5576451042274531,0.6702636630626143,0.4350548722389755,0.5759197887284927,0.4280980853722546,0.41196685084698703,0.2588198375623124,0.7184901234675263,0.6989404003960166,0.6155500957689852,0.3264267409625009,0.43270545021167583,0.4756307457062577,0.6657264415252035,0.1672248455523827,0.6775794461860876,0.3062430934817866,0.6784150862962982,0.5952727802932519,0.42771921676732066,0.5012268079756277
0.3820203370061063,0.6697301786752036,0.40641247231935373,0.4491019287777319,0.34288776803552945,0.7731235321933712,0.35980530290887697,0.4902416876100748,0.6274269914187252,0.7055077632652218,0.4674265764303122,0.4196809366445445,0.3661456251072704,0.5472523929151244,0.3618287473868889,0.5629642089912723,0.35743719144478764,0.5322335535109339,0.34385653906465247,0.28974698535005666,0.6463949512090377,0.4534729269174389,0.6058901492555941,0.39549619576495604,0.13283500565222475,0.6371767360074432,0.6400929778260184,0.5498632167466375,0.565971148509941,0.6560415104455263,0.434191235907731,0.3049330956848028,0.5791714328247395,0.5163662057009871,0.7274581533608773,0.34539113906531127,0.45505688726801463,0.518887335066277,0.7088680022510361,0.18654108422534463,0.6739740629079882,0.34550706593505254,0.8258719086234951,0.6041819773688877,0.4051434940385132,0.5402346407129567
0.3752153918728659,0.6897584578324478,0.40934286620245797,0.4402070549325778,0.3619720244159169,0.6507865174593378,0.4498878415951391,0.48117058374201627,0.6388479233629601,0.6240257960424582,0.4953489151415303,0.43144323717154903,0.4253406952455454,0.47730613189146187,0.5769277115271515,0.6137964666965348,0.43532353577227145,0.5846402620383342,0.18588648775608158,0.34816349987218986,0.809018174643078,0.6185950757225862,0.6527656825792132,0.43858089566370706,0.0974331918196698,0.7005144461636315,0.7087639811380195,0.402209876252537,0.5644787290470429,0.6993333589179535,0.4468018173830208,0.37204510139149405,0.47461654988199203,0.5254932743559722,0.9013962862498868,0.42771423505354544,0.6187523063324032,0.6448797166347972,0.5195742070856205,0.19484910045849,0.6956676277219842,0.3419765277939781,0.8250238082500491,0.6559984488416024,0.4726455763213315,0.6818442019331138
0.37171677825562005,0.43578948648045185,0.3848506356296152,0.5149453548295984,0.26068627216284684,0.6905767169735715,0.3631301528715667,0.5566817786407183,0.7254726073560446,0.5765446814028037,0.45643655199158956,0.3694711440001916,0.40383013752677305,0.5459860827644216,0.6106421779155466,0.6101621361006057,0.3685817940820449,0.6687713854849728,0.17567397492002956,0.31987338626471545,0.6730097178312805,0.5116819959674471,0.5500263018163662,0.4166133703723478,0.11470345703435977,0.630813907004619,0.8669931551061263,0.41634346814561934,0.6016372121318735,0.6173525974632115,0.6842566119488922,0.3601748291643175,0.47653280035820417,0.47933443052976243,0.7950611856166182,0.510289740288835,0.397981111384414,0.45285209730024706,0.6182601170688465,0.20456161311135967,0.6584766978389811,0.23681970973142824,0.6934722369355206,0.6000480378420017,0.3421951281747452,0.6379378889819977
0.38584911772779723,0.5065429280827914,0.2906965165012939,0.48179329814492555,0.27252032165791007,0.6142578434462296,0.38888197290310766,0.5669612169226615,0.5286908778238768,0.5982583055075152,0.5294380159825743,0.35806931146642484,0.37605984516710556,0.6734124931103106,0.5086577501268071,0.6562140091998184,0.38030742010303575,0.5403765217463419,0.24155334480860605,0.3025432650559471,0.6465830498422618,0.4777418816430852,0.6030570374003847,0.5092793542162596,0.10705092854674064,0.5851685861695954,0.7195240877608601,0.39136726617710776,0.7504187442388797,0.7892829497518444,0.46007409407036637,0.4053217794319191,0.4558980202321202,0.3207673879683398,0.7492001037925292,0.41508136666346873,0.3694019327967433,0.541438019801384,0.5194076395078192,0.16162367847211517,0.577402462870927,0.25257441921359053,0.6287233170529734,0.6465047413186601,0.513928341760205,0.585895321802898
0.4468501399279491,0.4870457568598094,0.3950850408944629,0.5110878191600587,0.2851991787101522,0.6453690919784346,0.47795573995601814,0.5886539516688015,0.5781719148513299,0.635388977949783,0.4808247016648805,0.39432005741736686,0.5005395666194059,0.6579571190434297,0.6256082770299923,0.7886251644428438,0.493175133299685,0.6042968238692077,0.3347535864068503,0.47317984593426043,0.7039697036447436,0.46018415807803603,0.8645603691380763,0.6036871099012894,0.44459498003819886,0.687180337418938,0.6991225835223827,0.3752854149566261,0.6240131931882646,0.8549049892536121,0.47198098377225417,0.4491026823998441,0.39813352031009686,0.623457917227792,0.7153899210270018,0.44064067349528824,0.34535651993199856,0.4543179722766978,0.4047030145851304,0.1850739193507939,0.7071699763128383,0.4198374407889948,0.6706169579518679,0.6361915208812591,0.5139204779994875,0.5498511596710792
0.6039976754989086,0.7447216492318085,0.3924718093552455,0.47471952780502397,0.33809328643429293,0.7205924606754364,0.5104738536610552,0.6446927228833612,0.6163078734010016,0.5395759427082663,0.5647776214797837,0.5009529204619261,0.49836125513226315,0.5854090135039589,0.5269802431611894,0.7889209551119208,0.5298902904447924,0.5839358444331575,0.34660399408404857,0.5365169732343901,0.7924094102478815,0.5777360572072218,0.7241961922726496,0.6160139352062463,0.3847304158380347,0.7836349610310718,0.5347024629724519,0.4501749204944789,0.7587890697593507,0.8436263164660983,0.6775109065557343,0.3664971261303199,0.4268844772276558,0.6507638165068397,0.7692337382997587,0.5201913177258602,0.37266813329534954,0.5495266950344471,0.624729152497557,0.20905635096552316,0.6799285163891569,0.46524531661437285,0.7873048817778754,0.706115651597125,0.5236576812362955,0.5700622006445184
0.6633259846394302,0.6800950257019618,0.4648118311435066,0.5700912047286403,0.44621407502993893,0.5534125669653509,0.723499620332745,0.6129175236211143,0.5023995181996852,0.5750574006412632,0.5843301968031807,0.4327355297636734,0.8081084343047427,0.5683052467132478,0.6077996494450215,0.8334305661929838,0.5799653210927851,0.8285467040267813,0.6222041176822924,0.8215943860366213,0.647802745816291,0.6783375238098263,0.7323330118450451,0.6686766908140077,0.5208020725623932,0.6904314161132359,0.5014732211178259,0.5020777867586507,0.7244636989106558,0.6404563959977277,0.6640383076168195,0.4941875210066649,0.4114160969350625,0.7652885595930814,0.7716474388528864,0.6832615951960095,0.539929009812779,0.6955724881987719,0.5005414486116846,0.28463453131444527,0.6357578834024997,0.4734702660204023,0.834224335173319,0.6658462547797629,0.5052582734827374,0.6186201183189659
0.6553066026121822,0.7486085686769319,0.596242777527645,0.6453864341190433,0.5079468593884917,0.5103757146679329,0.7722380740193598,0.5038289394031774,0.35763156057832823,0.4046323352940865,0.5722902904018748,0.47406684580625164,0.8897004942845096,0.5055523385855081,0.677214990212853,0.5667306421928053,0.7396299945373267,0.7199419296354643,0.5331660794005463,0.3333413540609808,0.5504816054678591,0.6119705184966564,0.6329275193687582,0.6297661022008849,0.12893373354509638,0.6366072499923054,0.5232132961613466,0.5253958704193253,0.6234904285334925,0.7789816171370104,0.5545986357167961,0.3838854334886375,0.3785518870455144,0.5761697927982484,0.5989766186392748,0.7562424430639364,0.7843779133031992,0.7614163647192695,0.7972872811706739,0.2852257990021919,0.6530786237799677,0.6360767615652291,0.7679488370002625,0.5451670546746226,0.5496964484612107,0.7055495283571755
0.7455883598081002,0.7685942689474927,0.6878049945745938,0.6803481778184051,0.7362662193120548,0.583369606494881,0.7447588563333792,0.527010735734329,0.32068094786285034,0.282698549494871,0.6395026192744406,0.5056127545512114,0.7952588738649485,0.64361995365817,0.6695171789570674,0.5720836816423818,0.7263508333944042,0.8265529759691035,0.5528999054558282,0.5767788181738325,0.6166277287767061,0.774100739026629,0.7939245276126998,0.8446700151930481,0.2322746711348388,0.6868058324123776,0.4262411073718165,0.6385800943831449,0.8422619645738275,0.7668310816786348,0.4786963900251844,0.3313413915746781,0.3683927187215451,0.563584310824835,0.48848638428521,0.8822333726571755,0.7089120636366247,0.8940821518756126,0.6824666278749062,0.3144467800386329,0.7612416187327469,0.7618857503257404,0.8502412693073774,0.5895110509515227,0.6077636511051209,0.742182794507574
0.8249965308902661,0.7664073531882715,0.7559137294709658,0.6113501989660453,0.9020053140807893,0.627744003633043,0.803922507677732,0.4621743383171729,0.2885504371935924,0.22845381205786935,0.5603733871216927,0.3724236838684692,0.6732473667526127,0.42743140180063566,0.6512481565618627,0.4946498749110894,0.6232889363444754,0.668853150987132,0.43728375132633673,0.6604523740219516,0.5935629157052955,0.6282418516786863,0.6605551507502918,0.6485329946123889,0.14354940471212446,0.6357990184642834,0.39647948918788806,0.5281008451705265,0.7369053927158736,0.8084233313024215,0.6693766713675567,0.31946650929143167,0.3738594397598774,0.6019647987827437,0.5168448315410061,0.8062788968732479,0.6854470876947862,0.7931256043952228,0.7592101401637656,0.5033290822846688,0.8554934777973149,0.8631051209661761,0.8500161406136805,0.48781729608158036,0.5800595004963969,0.6887641888244777
0.6674232061271044,0.7095576561664024,0.5726985800221238,0.6302726153562348,0.7252418852023398,0.4782066103619865,0.8264535820104867,0.42612045616225247,0.20889401459758117,0.17533916650203007,0.401728061035424,0.34349152012894085,0.4840263094398031,0.3979411026133089,0.5244251012291695,0.31637766501362163,0.6095062766014011,0.6051084341308792,0.34440804976313916,0.6304669008486541,0.6484402161598457,0.7147194523175031,0.7239151707055886,0.549670428868857,0.1736238826912008,0.6196869583962699,0.3756594047334074,0.42098398792574226,0.44890546955392163,0.6726267171104026,0.675046272328698,0.32728064590119693,0.4025692335144263,0.6233601966959459,0.5128534941395256,0.6851175311598413,0.6034706517068799,0.8596169312473259,0.67570564745859,0.2642551049605346,0.8232963770291168,0.8640097976132696,0.6491833454052627,0.48234773269715564,0.5280410741430999,0.6275961958420974
0.6498998695352695,0.5902154109286547,0.5277416091886813,0.5481338253729623,0.5535606282035666,0.34999363777342524,0.6551367741909171,0.3662756119569668,0.1347490042183173,0.19456779701058594,0.3566206812797317,0.2651978269083784,0.22179777201298428,0.35405334074494876,0.5634579208561685,0.260748009774206,0.6408137376420915,0.400559509628814,0.41588557106575347,0.3038878480068377,0.48098393756265545,0.47117145658853304,0.791469453245041,0.5990118242684016,0.09641198250322747,0.45574546981763486,0.41697074094654984,0.4357000019764743,0.39096124644267155,0.6927400765785929,0.7242016512569014,0.297548814324981,0.43767598778371103,0.4207559694546745,0.44135808404184523,0.5807949622929172,0.537286633848995,0.7903650046797999,0.613286670497106,0.3022466342600191,0.7394100331163664,0.8519059155145966,0.7161311187621856,0.3679658678796185,0.3797152416734413,0.6252146356322991
0.5176519755009138,0.5379479475328404,0.4020072853759732,0.48453829796223846,0.3790351802490958,0.1413817022353637,0.48568595539486503,0.354508014112801,0.06358164877159367,0.11548974578014265,0.20272700292393458,0.1709213608120553,0.1813949783082318,0.28565190607336655,0.3477838267783407,0.21881324288512383,0.451264098368631,0.3276479563896957,0.2721902059506174,0.207036927978593,0.41285979456991606,0.26905817894964845,0.48311343966269654,0.39168269961299484,0.10707560206870956,0.4013353858114737,0.4233352884024914,0.3272498940570006,0.34118496215747135,0.4872717846459136,0.6061994024379006,0.1699494166136082,0.32089548022988346,0.3034680966125396,0.3205564124046421,0.4413559198229493,0.41634514054906313,0.6337400363110451,0.587023555260899,0.18924536492333555,0.5515710627551313,0.6244696454647202,0.6573804274260657,0.2915502119656943,0.25143492900096037,0.35065743526358994
0.3927192221935607,0.38238891524149693,0.2780632273983875,0.3934840682701434,0.2801644734992434,0.10676667866314543,0.4419943916301855,0.20073702150722397,0.07623308067812903,0.1002682756313485,0.23196422212812914,0.1333500869080315,0.1340409777759019,0.25812671760674977,0.24183076660324287,0.17012252544570816,0.41361194613512015,0.17188978624066537,0.16631986628791257,0.21556172658767944,0.2942101542083837,0.25069669216160734,0.24438521553960352,0.24046857187172763,0.04476043998043896,0.3567031035576539,0.28222443402310055,0.19378160565922709,0.2698229695269495,0.27902635155130595,0.46724126067166816,0.13802658794943118,0.1497527956349432,0.18869433586638074,0.26740192001154006,0.25928998210890364,0.3494367124922307,0.5865869453583995,0.3504881313107651,0.13640147387700455,0.532681291340777,0.5921306658528275,0.40285977771380077,0.21136921819956106,0.15128966631269733,0.2862296914622119
0.22709154910789886,0.3017897383219738,0.27185330423954873,0.3168236883197956,0.205045367900145,0.06239980899292893,0.30501862634050264,0.1167320820103481,0.05344553302604009,0.055447462030938574,0.16626449079262642,0.12438948043507331,0.1073137104770027,0.1850870285027984,0.23133914816845735,0.10808401969953153,0.2800822113272825,0.1442707576263346,0.07242488770381164,0.2316470501993941,0.09262116463109235,0.28766068385190247,0.15739868536286977,0.19169742506245113,0.0406179421731551,0.2815830301423183,0.13340614058228473,0.15766496392358684,0.28619746737851776,0.220111328524813,0.31207725043766305,0.16976724205443564,0.1239679683274784,0.18215669437742646,0.13239073252467143,0.23621490784548307,0.28915912805104954,0.41927848035268067,0.24038635483049225,0.06863769617118624,0.39241336393549836,0.4907763841926487,0.3625507707721752,0.1344544035841279,0.12425517530216945,0.13320247114520817
0.19039927683143787,0.29881036714768633,0.20774332701621318,0.28180144699216575,0.19793921369666695,0.05023651293684286,0.21369157834766284,0.09965879160895297,0.05465032297383478,0.025621858257866247,0.13207341312363768,0.09803457688035153,0.07370693997926511,0.12404317670715087,0.1291214537060214,0.13388173434972467,0.14285942822302308,0.03671545351902997,0.07958132513333777,0.12991301589829343,0.05113201226132566,0.1895303631491043,0.22302814333058096,0.11956230193632655,0.03630474468131966,0.224741730009367,0.10160042264773259,0.11521871953801494,0.12966466409544258,0.09166094960975071,0.2658491778195735,0.10701429038391734,0.08168571944440128,0.07771671170430083,0.12870223828166383,0.2046640001693586,0.18788263637680125,0.30985671098460293,0.15900936143284752,0.052233184300515045,0.2618237715674465,0.23340596135692399,0.2951277216788663,0.09338580681606257,0.10953166859729818,0.25198145717699416
0.13025233191034927,0.22959333265515267,0.06835220148371586,0.2702878196627354,0.07884314253086327,0.027244638847938978,0.1795310132246116,0.1690793501296865,0.043533922881328194,0.030221613514501935,0.09950102492658837,0.10184128707353857,0.02783837156565659,0.07916355480941345,0.0575911935711238,0.0349784485214521,0.14057351205839075,0.08288020754523429,0.16562414577624301,0.2209565407739205,0.08354455260948193,0.08065278798412337,0.12887121306933338,0.0910073957678513,0.025360129674963046,0.11709777045058431,0.060480806943951866,0.17101334732062673,0.12523808980397036,0.18462416652055522,0.2053532914471996,0.08242582676959158,0.05865898178961908,0.1188668361505884,0.08478181565487519,0.17758648087276455,0.1328526902122576,0.28587472225155114,0.12275083890201077,0.042313569050665065,0.3966566771760437,0.1806176928108048,0.21120226736368614,0.09869471655812359,0.05554635542320717,0.1272489314285313
0.17119331656433306,0.1209770961763022,0.10571148823865828,0.24491163710900507,0.13261544559077426,0.05839455736925577,0.21473558068801632,0.1170227313321213,0.012219219558975907,0.0468963675722472,0.13252788871769164,0.07168352500557004,0.029509024242284743,0.09385622074262823,0.11083937519742809,0.010700232831863513,0.11634834656851886,0.04753724281722392,0.08614622347984519,0.09143243163139941,0.07587197464947758,0.12279027133541347,0.03828794919884937,0.06972931740897431,0.027253346596233248,0.10618603387244967,0.10960423381778153,0.16364385843609416,0.16475897600920691,0.2913313059283724,0.2981283050088337,0.053580129583942634,0.028300119204197498,0.19783206833650896,0.11336661143921552,0.12475897721941834,0.12129567820334242,0.24886854465367383,0.1985946850262439,0.027131399276191955,0.2077014323855099,0.128179209340973,0.20992881865468127,0.09863352887509261,0.09203776590369595,0.19110605901494793
0.15400598518759154,0.15194890135494088,0.20756371719708896,0.18918495465656968,0.13341615316816288,0.0522253783335823,0.15386561764722606,0.07975379063488071,0.036104382321437034,0.043738526510487825,0.13388716207933463,0.078371088824883,0.0650126516525793,0.10166801997116917,0.1579197596278751,0.04215772480435345,0.09878245023081406,0.10555524280777903,0.1261231837696847,0.20225454318083366,0.036980164611714515,0.071941074616516,0.04006779237577063,0.11079306808975456,0.03443638812772192,0.09935433863844981,0.07315214543803578,0.2092440894552399,0.10630698658861927,0.11803180033813773,0.23158597697483518,0.10242371725447623,0.046247986158642354,0.19984199341723474,0.09882702076319949,0.06103349746331074,0.13912821995505562,0.18854497213296326,0.07761019091383795,0.031160904778683957,0.28639450236475966,0.18513745677138382,0.18587843798412346,0.16502027566980118,0.06139461539736239,0.10361843992239911
0.2760840155396169,0.14339883374815832,0.2841953701493531,0.29413548229939207,0.20886056406746506,0.11778668038585258,0.2876609045960777,0.1673968294853205,0.12110658021133307,0.0899630979651025,0.19325897140553813,0.138497936311571,0.11029041525456426,0.17387677659173095,0.29277563387918115,0.09883327519575562,0.18642711359628525,0.15073941192926835,0.09641415079832932,0.1452847136238399,0.09578817786926913,0.12316987760023095,0.19027608329672624,0.19280933333990072,0.12324965773230906,0.18538520644384796,0.16359327281154495,0.1778170693213192,0.15646791547838845,0.17060704317652672,0.21391621758616985,0.07276594950342213,0.10420362644857407,0.25876506094008,0.19002257169015496,0.16806119866740965,0.16605880931315736,0.2933109964834419,0.27313286705409184,0.05203068635266879,0.22762815256602842,0.24229365474257442,0.16883560089529434,0.22623366471737286,0.22036566378540362,0.20351553814770304
0.5603754595091944,0.3700235575457765,0.321071846380958,0.29748078941453376,0.23456647583416124,0.3522494967553966,0.35863510693897593,0.4015469342618613,0.2027332839973058,0.18924485183328946,0.2712558999133409,0.20450416575884145,0.2801120158916937,0.33132554328013064,0.4830895211844112,0.4193417402873609,0.3102671244409231,0.4578256368558477,0.16366075373791247,0.28045454805053505,0.3207655631318455,0.31450528919831605,0.6198593502664089,0.3066545717236659,0.19633512586062063,0.37489434738182553,0.24847614336350338,0.28742579792596573,0.30854090291936137,0.30550536238678283,0.5643465789735952,0.20587472445876168,0.32999072297479626,0.43909161417226805,0.44204936572151105,0.26883366181959745,0.29809672099776385,0.4091078947706505,0.4200979424370591,0.11780398430381665,0.46964324754290027,0.28950884911332403,0.37165416128133827,0.4889531096202983,0.27116901286859235,0.2312948617107949
0.4448915385704129,0.43924767481926624,0.29053055784913334,0.34657942379262113,0.23319533120237035,0.6427676240680418,0.40001317664054636,0.45432061261156664,0.5862371211781172,0.5267896201725573,0.4711908360433856,0.21800440747237457,0.35226812217530157,0.5283800590827149,0.6361500616668774,0.5577789319392455,0.36469242916738037,0.463640776449839,0.2789305637751432,0.4145672142997427,0.3620128887463131,0.38079767423165733,0.6835081167338977,0.4073601763399712,0.1457596651813599,0.5040036858148846,0.4039400498616815,0.2808184215039342,0.4645714948398329,0.3110853754345593,0.5176327853920203,0.2744404981608825,0.5496388364974643,0.5818809182284082,0.7042963457630096,0.26828933742443317,0.31546936496197264,0.4616591722040942,0.3684569393608769,0.10682924929713941,0.5019343312349048,0.30903823772041555,0.4649916470663196,0.4956271193473141,0.42869998532857495,0.30399240075993483
0.37093054694531286,0.304425953850984,0.2808947081819808,0.34851394272314734,0.2655630033889235,0.8528812829544024,0.3608240023024674,0.5400617819134459,0.5368995467313441,0.6114279444762196,0.4888290279590926,0.21248227207375284,0.4131896478823782,0.7620049267579692,0.553458828934682,0.6183041258789841,0.34072459340894135,0.5010536423118837,0.3851362026753618,0.40721039707904044,0.4877345641728572,0.39605996979496,0.6026878744748916,0.35331393083236856,0.139553837268338,0.5916165765054417,0.6518077986621336,0.34656415620237324,0.5398027866275007,0.6023612402080101,0.5149286587505124,0.2991160830522879,0.8032283458403735,0.7120560873353279,0.6663474812048312,0.3178577669173892,0.36423406875841374,0.4566555589307753,0.37571151031004213,0.16805217946972598,0.43711693379413535,0.31922735372682276,0.4318913467709353,0.4378931572352453,0.38091424578604977,0.4433733366883248
0.46393359634208553,0.4592539082245745,0.30508743096447155,0.3978052439649054,0.23037834292073328,0.804335297797557,0.41670216215072936,0.657036965095166,0.4813433788813831,0.619085988141227,0.4617331668735835,0.2704767126334727,0.4436247223060024,0.7470408206171525,0.44483800302215915,0.6776554079585256,0.3349118578583445,0.43416597849377575,0.31453317634402095,0.1707824851958885,0.560569147791904,0.4536776417442772,0.5592953310476068,0.38928837743663347,0.12084400171410511,0.7017937045465852,0.6556519115434719,0.4552430721577723,0.5317688377114388,0.664781615425334,0.4810127512886968,0.3816126212841056,0.7951734177214641,0.6637518549364845,0.6114472738200193,0.345192054439319,0.38202144833547924,0.6408482424148643,0.3767225926021317,0.1889197074126054,0.39147605603833274,0.18357706728564954,0.5185358401118508,0.5045869958213088,0.4160091913792297,0.5813686605421052
0.47622677779499645,0.4667872220936592,0.45888303892799626,0.4719215893736621,0.25843038803920326,0.9151036167290824,0.43880948601369835,0.6931089899111698,0.4910794175719786,0.6960932103160475,0.48290393002341386,0.41492997633092343,0.48864635649674715,0.5679316968065612,0.4273851141238324,0.5858218271298293,0.48970902806223504,0.5665690454060219,0.25643153625608,0.4504142896021831,0.6483822333985596,0.39996245840832545,0.70009353304854,0.4550003324592063,0.09729765827697542,0.6727404126771399,0.6485566788774638,0.5732969252299883,0.5163650569262872,0.658024724603716,0.4590153659255535,0.45574510683981956,0.618219075009254,0.7136555605859357,0.7710776463577951,0.38355612254382143,0.4215123513218606,0.4286182350443534,0.6505421474956362,0.1852387758816346,0.5098876376553928,0.2990621986635675,0.6249607628975515,0.5857744888972447,0.3975009386277511,0.5191106044428898
0.3803168841933182,0.5553064290151961,0.3905880028668473,0.3886179228591969,0.2788020184428168,0.6707434504002464,0.45369503727772426,0.6665668810755725,0.5846402593589859,0.5339311710351644,0.5459747683739178,0.48426961203195307,0.5665615720037119,0.635156681406342,0.5197087994748653,0.6372893688225829,0.45164538321485964,0.45497294160599006,0.3192738561175923,0.4983804937309324,0.6230694693530476,0.39073554168252567,0.57732131976922,0.43424467802473193,0.11087022532556651,0.7069609454013492,0.7916656662661885,0.41287551529296823,0.5794356331667377,0.7627855696013999,0.5839623645293005,0.4308250783331385,0.5696588619758776,0.4652820886674065,0.7754201084929383,0.4734422192408718,0.6032669095274507,0.5937749034306565,0.6466449555748048,0.13516519502094784,0.584387990818577,0.32564233863400527,0.6321608824374074,0.6947210098989243,0.5097922116311973,0.6469508627852747
0.40176898437760655,0.561331753304189,0.3158334022654112,0.42364411673114655,0.23356493574570109,0.6783125799195897,0.40705596496214885,0.547614708074912,0.7117610978693487,0.614690277856963,0.4612560066998309,0.4506062692082543,0.49507189803930285,0.8363075074263152,0.43558948250499907,0.6543634532638807,0.5198794540085706,0.5178606404010819,0.2535423594603857,0.3531697870579129,0.6920805161987802,0.5456384642212763,0.6079503789898819,0.40329594523297113,0.19895954625317544,0.7030946634940054,0.7824992743325911,0.28483337097804223,0.5503514785346351,0.7927242054834276,0.5548817150244303,0.3858197014205528,0.5953421469331426,0.5675235735415606,0.7202986287942689,0.4786793176828025,0.4234431603868336,0.588799672234204,0.43881716849995384,0.16348085210442423,0.4864100201104096,0.2641590044123562,0.6457469658933682,0.5830016174729852,0.6150337310446519,0.6833565979309325
0.55494400807815,0.7139776733348745,0.330270112595997,0.413814637353788,0.21421948052912704,0.6703683745859533,0.4156662296915625,0.48009647824601376,0.6285522909649437,0.5247927284982905,0.5047898679714298,0.3007126429089737,0.36504578441847735,0.7616714911692168,0.5916517183104982,0.6128026996243265,0.510298362459602,0.4353262202591521,0.2809614915507536,0.40295559769522893,0.5862329307170349,0.5345940336354845,0.5761417695635009,0.4018774602306931,0.17537112107256134,0.5823418284710422,0.6500509682094022,0.37079438423265,0.6103732991958135,0.7159252517582442,0.5534522293974171,0.34529470313340627,0.6354064327764471,0.5825042808704385,0.7304217145749277,0.40140713411572604,0.3149737300004724,0.5810598113791161,0.37094118948471183,0.18685135364311728,0.42342884986615614,0.2614716456590737,0.7448414417757121,0.66886548536793,0.5385093637157415,0.5024357394266926
0.5808880332947267,0.7304938497733687,0.3256214243830783,0.40092822800283257,0.26941351201823105,0.5669847427824434,0.5597690646303917,0.5672854734589042,0.603774629370273,0.5412678188043196,0.5829983857013549,0.4270605027853656,0.4268358103658805,0.8350608983497827,0.5241128398248768,0.653069686101299,0.4992102822949287,0.679845556539519,0.3790244781495992,0.49607632001533153,0.7041629040972002,0.597400242893196,0.7346613280700935,0.5495993785649147,0.5417195628158562,0.7766034618572863,0.5560548523640542,0.3395240250207264,0.5318416757338669,0.758863156574211,0.7238765286764125,0.4911953809183795,0.4064640932961358,0.7985404314290666,0.7362480048000162,0.40671614449411997,0.3468742599249768,0.4540894854015163,0.49923245588024245,0.17897480180402106,0.45109331641959316,0.3070517634425408,0.6981990036717154,0.6049164692267233,0.7518297250642666,0.5490628348608185
0.6297485557296242,0.8037812499564763,0.4586233451215135,0.4436411955675654,0.32652465099315237,0.6810376825443456,0.46666662090485694,0.7185151860340873,0.5593537033635478,0.5858734039583418,0.5540832618934532,0.39132312700765065,0.5069297764301994,0.6628958342557232,0.5162791586170378,0.6984066055472861,0.49729342043634106,0.6661059156562736,0.44418417129697835,0.4572609919190197,0.7834978674145036,0.5518137902387157,0.6713937882079504,0.6851893977929427,0.5328287943619328,0.6482079805964975,0.5401623612941194,0.4078583666539804,0.6525484477137851,0.7021898383973096,0.8004289969740386,0.5688441275475955,0.39323420226783024,0.7011783599803025,0.6783107250278805,0.4915422843998446,0.4554787266257301,0.5840940345643584,0.6916320848290656,0.22370938209253924,0.4687012029178999,0.3144697297038264,0.6151195933543722,0.6046867715814132,0.6392988136403789,0.6156493517208932
0.7320502515273747,0.676158168385433,0.4680056003891448,0.5746875762882813,0.40836823494231717,0.5732927687281767,0.562655967272285,0.7193101027541787,0.4241256892170968,0.5597447506740723,0.5253419224489688,0.396679177992828,0.7607533328973071,0.6359359643114344,0.5572025469189055,0.6567180388883763,0.44852010937130177,0.7541951784836538,0.44205861299794236,0.4820523438701738,0.757734367422122,0.7521634210012309,0.6962986175125752,0.6895339105549454,0.49591464222623377,0.6418954770608012,0.38250382746407874,0.5004502409819412,0.5865034767678722,0.6705031338884602,0.5429076921757864,0.4661075188301335,0.417883545982838,0.6085252920431647,0.6634380359517639,0.6519900586805681,0.5925862829594686,0.5544254351231671,0.6638432387349921,0.1824691044416078,0.6188281300072654,0.4658151537226425,0.672521072759171,0.6118057128828329,0.505001812632781,0.6563578523442741
0.7846581522654499,0.6969275389495905,0.6866153361519807,0.6911333613271301,0.5807744313858295,0.6037857558599865,0.651460796674666,0.545116856372565,0.33708893463244016,0.4095871363796589,0.5579086353560646,0.4700287792860142,0.7057863282353994,0.45361992763105075,0.5973809531392862,0.5939488696206549,0.5519953706691545,0.7487506670743016,0.48850336395683347,0.5096579933764726,0.7119133938989353,0.676280709559003,0.880430784471326,0.6927282570814056,0.1569518830263029,0.6307052014257919,0.48305141273215324,0.46750228999736304,0.7213986181980553,0.7159613200668213,0.4618494208857956,0.4723200685818955,0.48962776427464966,0.3168117374039435,0.5554749331995932,0.7558057002592009,0.768745666005268,0.7053801366617302,0.612644260627066,0.27025625078253623,0.6197574091149672,0.4724129325611428,0.6416835536188809,0.5690943093007877,0.43598366179846676,0.4685116608280513
0.7346755471871784,0.7180915622717894,0.8041594593387273,0.5879751273687139,0.7080750997178393,0.638677021054277,0.7961887196074247,0.5414943302561374,0.3831088723470846,0.31200171952713246,0.6646572240597916,0.4022600385902797,0.8901373316772623,0.39796850806652995,0.6230423391846582,0.5440144028205118,0.6802529336722593,0.9999999999999998,0.5642788600573255,0.4479114632759922,0.7584811734969876,0.6930926189524352,0.7395985502641858,0.9504371334100038,0.20375230134091793,0.7024302251408965,0.44460980741410017,0.7096125292529016,0.7119345463102348,0.6528770964717596,0.6779210738604078,0.46432299386451753,0.39162526652923996,0.31986526004898974,0.5291580070491274,0.842389665856604,0.6627612232112544,0.7049486260359873,0.688441840818578,0.34756673290645074,0.6408225897538798,0.5096817219494256,0.7879918302665553,0.6435879619032223,0.42062183512898366,0.782774695030865
0.6918374803402604,0.6230349361998361,0.7995759171924126,0.5427244652363077,0.8240764153142107,0.5983784555770271,0.8222571505062795,0.5242105817889864,0.39140005173433146,0.31278884052611833,0.7243928370209998,0.4915399546832576,0.6227087571032981,0.4193927744208006,0.6221199140385458,0.5088704522991744,0.5949752963774654,0.7331626902831416,0.5457330864467566,0.4991473169258699,0.5473939084364388,0.5651111770919205,0.795963521360538,0.7292341309966699,0.1690795817395898,0.678268820771208,0.48341166935883695,0.7193541968872242,0.5866486926429602,0.6336969853528094,0.6213688199884221,0.4168809506870199,0.44369739833556787,0.3028493203794086,0.4573948556385258,0.8412165898248168,0.6532761303500674,0.7583749670798364,0.7133594350990798,0.4662577026418267,0.7724020996979694,0.696792092765966,0.6809830517531844,0.4861319297896562,0.43449685859456594,0.5502264142941623
0.7225310886369523,0.7469450622285184,0.7606465275132949,0.6438011185130937,0.7694018867091588,0.45072665241912563,0.8233131384141992,0.5075494943939308,0.2797869329029181,0.2134300971877683,0.6783763822748062,0.4896031562612816,0.393838384936103,0.37767414636066754,0.3128190931394435,0.3514008671053175,0.44879919356065767,0.4812687570864303,0.27337739164298874,0.3703642649709584,0.5664191284326059,0.5275880300683108,0.6860537309156882,0.5615458140555626,0.09957097830827288,0.6853960993057937,0.4777719595384732,0.461694043561895,0.49436317670325075,0.6852942997990723,0.7328648459044279,0.27217783005466,0.40977098412577506,0.4277604022426773,0.516411134326207,0.6801365396309258,0.5137959814763118,0.8431437081110401,0.6911670283336363,0.23308902959330088,0.8209454152699589,0.6749470653213763,0.661481923023812,0.43275240110384977,0.46303293386915867,0.6266583993581767
0.6925349826199021,0.7473980675696261,0.6579838768558317,0.5285947500492254,0.5725214444540451,0.4480819108818035,0.6366273874369044,0.4316958502832162,0.2018526564211753,0.16848627432698976,0.5707722987586397,0.3667364046528401,0.2987728830345834,0.38078495412003743,0.5384784503988765,0.28931470827277167,0.5789658077515253,0.4881393161471487,0.4398657839159819,0.3030003903844247,0.3094919213435873,0.3495148063895739,0.6994126826029727,0.508801104708018,0.12528165997220986,0.5829409056297534,0.3959865713184988,0.40091931483118687,0.4050073889791296,0.47123090592909633,0.6919130588020082,0.34076150336419997,0.36916543814260044,0.390624699839081,0.36022428815685537,0.6383318095746845,0.40718069283040154,0.6696470625300142,0.8971916595766238,0.2147151641285946,0.6627768851620292,0.7741351400219955,0.6318664913363271,0.21820973170283095,0.3939216122287193,0.7150194421728934
0.46404519158196245,0.6172316489208326,0.4443152716731651,0.4231497840928076,0.4009622023290703,0.25032160617539745,0.5438014798528695,0.286991890147952,0.11432328698315651,0.07232946427554417,0.5214765220586917,0.2911957115160194,0.18505389723503038,0.3246468634154906,0.5043675943464719,0.33569340109903884,0.5169396088815894,0.40561382193417794,0.4115073635720262,0.2922262426706201,0.29611494948631484,0.2700521195548662,0.37392206056094757,0.3821691547366547,0.10743865596096694,0.4103691487957465,0.3881642136276125,0.3275419538442037,0.2791326441265376,0.44888754416556453,0.6365796276624273,0.2886295368643436,0.3350475686735965,0.3473220494020438,0.3359701687958598,0.6006483621433472,0.30346359220262925,0.5933888027956743,0.5055036202812107,0.14864861648693375,0.668842697722707,0.540614281867529,0.5024313854647037,0.21483412534435276,0.34118164882596136,0.39668518699307087
0.3648638486446813,0.5940665518482113,0.3281740591728688,0.3847088902523304,0.2971727179613519,0.16573621163293178,0.43444051844142173,0.16048790629373372,0.05989405231236128,0.09364608159794575,0.35068808447292343,0.17263683198425064,0.1373796602642775,0.21242613093247342,0.3070226742857077,0.28170809914584577,0.2906243041315299,0.29065451248026164,0.3805793320977613,0.20112476023177825,0.32678117491638137,0.3349743509190077,0.1798343162218655,0.24723884928440307,0.04172739013579877,0.31400193133967463,0.16367651456124635,0.22706390874866458,0.2494484644682845,0.325487432325659,0.42215643928181235,0.2215415994437273,0.22190836059130348,0.3675440009338896,0.3056215796129628,0.3686541975830713,0.2803774520142535,0.6319968953095344,0.22380856887449496,0.058139669236604824,0.613277460620261,0.4568762787100189,0.46359195170933676,0.1556642172148908,0.18404742397569507,0.31402076982858873
0.23632062938901047,0.402672464007316,0.2655275700203746,0.3695165777165982,0.2323955032774212,0.1826424001429324,0.37301583682894446,0.09366332677858677,0.057764639015641286,0.03846120484143469,0.2971345212402044,0.11816935848910529,0.12848940998641206,0.16247828464289651,0.09402836315863056,0.28669648390482855,0.30695571426048546,0.16238648614917894,0.27741713627710735,0.2515033464149125,0.23386517779597998,0.24433823457680548,0.16363924872248242,0.21868198709419964,0.02298046639412179,0.23738457470097654,0.13010260862109865,0.19346238327729082,0.21848906105126734,0.3054594657758828,0.3287882573722977,0.14655589773062708,0.17260217748866596,0.22580215239352433,0.24586848157491137,0.29597492316122276,0.21076905378097804,0.4752379008593885,0.21643878889677776,0.05201957177746798,0.3498740710763503,0.31876345831707176,0.36742740710433275,0.08441944428437054,0.15258270825197173,0.2519810399417066
0.15622776876343175,0.2225494607012721,0.19989579855756745,0.22658307761610516,0.3023666846954438,0.056891942020449345,0.26885076400921415,0.10041734088554824,0.0,0.07497222755951288,0.1708655447802867,0.059026131448188676,0.0544392610253024,0.13461860084640762,0.13027533640834085,0.21932019615471365,0.19508032728961036,0.14014673893665452,0.1786062585505108,0.08215655819612841,0.19352108525980005,0.2056055704550572,0.07846578292924028,0.0977299873275099,0.0066033803117186915,0.19919335029484683,0.09723267236630073,0.17825909062066334,0.07947830972872212,0.18940022401231882,0.12527486947863437,0.1077679468041708,0.1377632245988587,0.12931299415166578,0.16285693649167338,0.23675455930995518,0.199566292939064,0.32164876095260997,0.19176990794503626,0.0375323363206707,0.5141613279782271,0.2841975231448397,0.24333915562218847,0.08147059281100871,0.1082656428362333,0.10045250864539307
0.14729598485077772,0.21358733634595428,0.1257357555179046,0.18265200751642757,0.16342803008985046,0.0626758857937306,0.17865146808145355,0.10835155009765854,0.01301628242456471,0.04230941667636185,0.17224188362399148,0.014288570559806438,0.029348415958804115,0.03810705679172654,0.09357597589272273,0.0642707583528416,0.15200661409295468,0.10186118118239318,0.06770425669029323,0.10420810120376894,0.18786997117370924,0.16837931741134743,0.033816930271275095,0.0717975363615384,0.05130726140724127,0.19689324010341613,0.07494853873401425,0.1401517149621296,0.09126731690090668,0.12146385404447496,0.07612508813874745,0.04594939185430752,0.0850936263528271,0.12165174792796704,0.09833991564166203,0.18909434918703638,0.1822485136854621,0.21090931422023532,0.14546542727836348,0.01975816782451875,0.36818443909777143,0.22730206412117976,0.1315036981796335,0.14597361484613505,0.12313398758332034,0.10144665910538336
0.11457135008886613,0.16560727341907813,0.1449358891472044,0.2473143827190221,0.16004871073017743,0.02318818651674162,0.20251819145906882,0.04594218673920396,0.06440415787628376,0.03722705172537297,0.21626783247298637,0.028554599628431994,0.029340825514614297,0.10150921338646657,0.0832439883040032,0.017878750292657335,0.1333663388241298,0.12778957263576002,0.08423997432806116,0.11505536259409782,0.18343977057610344,0.0995327822240338,0.050774057307644505,0.09109288052764772,0.03133591962806343,0.26467491928143994,0.11302543355528133,0.14955481217915975,0.07176625326102333,0.08663907330853578,0.09645034463180953,0.051262374594319274,0.043720770698551986,0.03717012294317655,0.145496781951301,0.19820847965500268,0.12817408868489819,0.31998613642904916,0.2196352828776607,0.019863741637751935,0.37302839504638724,0.2266246859092595,0.10848021881965819,0.1741306181294937,0.10854036534939787,0.05243746119605347
0.15858125450507907,0.14231549247573771,0.131902242627506,0.1467950709815367,0.13836858056824522,0.018889716968464927,0.18488921767465566,0.13785851919242242,0.028917348956546535,0.04883437279997303,0.229714223581537,0.04527824727777836,0.030900754048991647,0.15143777238128853,0.26083376779560263,0.044128321517667435,0.13731767845314805,0.12501671284987384,0.06242736119679266,0.10501403046681618,0.10963053312541564,0.10349838950930886,0.1172582913869098,0.12888991074330192,0.05323798901775225,0.11901439110546966,0.06943549658540574,0.2550007091986835,0.14214695084094567,0.14058485104344384,0.09770954929922303,0.018245669033070257,0.07628931365119307,0.023995766665763224,0.1513575463313499,0.16941990928970013,0.15004769126864903,0.2340321349745331,0.25555915818725106,0.031335484432718955,0.43614325630002376,0.1475483706293097,0.08824455804029013,0.21074225880643496,0.12013006133511298,0.04910107028293065
0.2838918217149046,0.27316989567133465,0.31766149149842593,0.22440021645826594,0.20278138615055363,0.13510796012178358,0.37662071590001106,0.21396143298666623,0.0961651551075067,0.07446090411410478,0.2838580242992117,0.09345944261592048,0.14927693457077273,0.3254144388978448,0.2394663962671713,0.278148195498629,0.1970729039770279,0.14033267241191158,0.0513667484033774,0.18423104437779528,0.0909647991536847,0.14046748100657683,0.20925739646510266,0.1910947515272242,0.03412674154523348,0.19335202846594252,0.23091003696561002,0.22432540293147812,0.2001016034155798,0.23817993558543546,0.17801575095084793,0.0639095135863941,0.15570600792054706,0.19860343123705868,0.21088813029994502,0.21270897271950098,0.15975210207872356,0.2826377728678937,0.4289997242931054,0.07934288863911988,0.2923627761176782,0.31843017529010326,0.18956614106494074,0.31542531586708167,0.1280870862895562,0.10797871196466943
0.5473500523262966,0.31961637648434493,0.3538130512455381,0.3621945247831574,0.24171618001815587,0.37864233490380445,0.4670697850629869,0.448929942135179,0.19998191196266327,0.2342601555604289,0.3278424438772998,0.1705356307787878,0.26473549206792957,0.4239829700024404,0.33464536568059905,0.3956874326296486,0.3061655215944011,0.38997502845078785,0.1953285044020673,0.3171340684174212,0.299128615698718,0.35889660738396983,0.5221700044072555,0.3002770028975779,0.1378801687901341,0.3511696231669972,0.23907894163177634,0.2720949267710349,0.3755572788475341,0.25542060276847334,0.5312952583384931,0.27027240735000985,0.3004425745898686,0.4245562443329697,0.3598673566711676,0.3386141064033451,0.31683691000231273,0.369260924925249,0.3924822915381296,0.14838652310998063,0.4693372977113209,0.3131157786788247,0.3587449765686594,0.47109576172249407,0.30276825121389145,0.19436876731828026
0.3462710477385789,0.504267550030216,0.32195137803607554,0.3277248120725654,0.27836318700497004,0.585273497758775,0.513803526740527,0.5793317442827466,0.5166396279860054,0.509108859196377,0.47836254295963876,0.25173297387714194,0.330235724200244,0.6034658908084561,0.41147090957600174,0.6364814713135315,0.47597326439498666,0.6578981725274817,0.13601303829662212,0.2781877398332431,0.40561687176699596,0.3318757585843725,0.657834459198068,0.3183096106592199,0.11711025804820097,0.5262065956867579,0.3683843786112834,0.31095130619622474,0.3948957406449238,0.27935109625211263,0.42547144923327423,0.24072864194765714,0.5233569790202652,0.6742181211964128,0.6419053001167808,0.31508640874776006,0.35754077078533725,0.4978560651013966,0.48256789124716226,0.15190564910943863,0.4502558080453907,0.3023325722407243,0.4993225846503732,0.4790065660561808,0.4463721792315318,0.3756011268892878
0.31274632604509484,0.5451787028447057,0.3974585632271031,0.3329045594366707,0.2780168409292494,0.6189827191811675,0.3570573785897532,0.49908413927634554,0.6455850488789325,0.7617847358163228,0.46810811705304806,0.2300715387038752,0.33604916895737214,0.8485071813664959,0.44194115934303846,0.6523696701076,0.36554018283966594,0.4840177042666968,0.13699348745258055,0.24160232623220204,0.3607456190860651,0.36825754499718777,0.5828319390604144,0.32889518913162574,0.11939353954621212,0.5709558370611889,0.4744859514277888,0.2876831022499721,0.4850549082090832,0.3796386708051468,0.5190579484968537,0.3286130326755795,0.6408248138387852,0.6651202383532298,0.6457526061576372,0.31324134841917195,0.3649199390765088,0.5317100559813608,0.44547993322585117,0.14649582590832308,0.5275093050595485,0.23868362192928672,0.41378848151991154,0.41215784677777706,0.23360042970378148,0.6333609564533569
0.33181732187260876,0.4367392992079671,0.385292111500149,0.43583073325385374,0.22498388903237987,0.7302303718590339,0.3632120581285658,0.5909459242454477,0.6211300229406045,0.7272999722407891,0.5065810548542546,0.3197470593242844,0.405988904375884,0.6836234308800864,0.48484906284520435,0.5366662331407889,0.4010488278040051,0.6841851253642222,0.1837804013488441,0.3706345456205893,0.5104532573118793,0.3610023533016873,0.714697079516253,0.4172006115594984,0.12105387943550064,0.6146815048708778,0.5670671589553915,0.3888925649630309,0.5444105646035042,0.5856924618578692,0.4352620244095047,0.25991998301306846,0.6329006196702939,0.8075748164922691,0.5774667489765607,0.37723346678054814,0.39017581083646863,0.533589313111745,0.559957899024891,0.1584204961714327,0.4174521182732987,0.2790493613459734,0.3876267062264321,0.4578496665116684,0.3160119813390364,0.4886399963590231
0.3421711588336831,0.6173515610568637,0.47314495998977824,0.4111759561436933,0.2650277128346585,0.7199319256312853,0.43648785806682555,0.5756193098533063,0.49803905684171834,0.776352434398514,0.46078336500982775,0.41877654578104917,0.42165439492670126,0.6157795486722305,0.4611365023098203,0.5422304276831799,0.3940297691302824,0.787267645768509,0.2948331603957388,0.3585455377135831,0.5992038937715582,0.42933073036975244,0.6310857441898019,0.4448356329714369,0.1361570768688858,0.7135297664348488,0.680148013947138,0.5624723015023991,0.5967903948646794,0.7576063877075273,0.573397263011488,0.21820576849058193,0.514200943844983,0.4940948343672038,0.7324461173690535,0.40585783515710605,0.4660085969367561,0.7029862336045319,0.8005345459793802,0.2037790365163828,0.5335077353468329,0.274696369881174,0.6278851970368019,0.47953148568684795,0.36406786745437886,0.5060047090687378
0.33287068066203046,0.5412175980920387,0.3883896467218618,0.459013433304913,0.2441154914476859,0.606858326758888,0.4127467838938018,0.6023090044816322,0.5868269289188461,0.6373708042284965,0.44606336825673387,0.453012288127186,0.44178410391846085,0.6136155949801376,0.5741001053897761,0.5705695297759036,0.3161958274676432,0.5728932769988515,0.2821077534814834,0.5704501272515812,0.7583158542841439,0.45804474098235737,0.5874330897397548,0.509531712276362,0.11472379760706883,0.7120459340460974,0.810339612021217,0.34847686577515125,0.6943628593679408,0.7432013249204816,0.6268486767559829,0.3184337215299755,0.45777810931711194,0.6056647794721243,0.7284683335106557,0.42888333485891994,0.49645099582049423,0.6178479896057044,0.5841211043380589,0.21139373118728907,0.7260019605615842,0.35806793432788125,0.5632172530546123,0.48222433507700174,0.5510981173774099,0.6547936089705442
0.42564384179578013,0.5374750355150705,0.33273604985389815,0.41681920268615774,0.22380167203558232,0.7217072970883486,0.4407046441858165,0.5451479138232139,0.554822094708247,0.6254160284262889,0.5078020308157739,0.3181538137055935,0.44421301565628535,0.7646173504892988,0.5702776285785416,0.6140217329864466,0.3614465619692222,0.415674352155952,0.22293551594137576,0.29107249508916555,0.5759023644385171,0.3946699016372245,0.6173654046182742,0.41943961978826483,0.11710455660028957,0.64970038704969,1.0,0.38709658063985586,0.7534696802865493,0.7921920619558569,0.5681857250232057,0.33231296215156203,0.46752594659160457,0.4644334037073834,0.5820759745058166,0.4613910094559064,0.46071545451163537,0.6656735239347474,0.5124102118629529,0.192337282872139,0.6854772356679576,0.25294970267899325,0.5287978900291151,0.43756095029720277,0.49263323186930846,0.5396813079319048
0.41575255067199707,0.7427846211202497,0.3589859283823459,0.43482667518738394,0.23155963084893222,0.7100056057696439,0.4047806399191378,0.6132931035367636,0.6081770838197068,0.6302295113871947,0.5634137050711517,0.3882907889965518,0.4089810509575815,0.7933610528379883,0.6588884605351275,0.6249093896715492,0.5043885702733665,0.5422003143698046,0.2819333787426211,0.2925086048147071,0.5302281860706808,0.4872817037773206,0.5181885451135995,0.6232291485264344,0.14114701723006298,0.6187727176753008,0.7285684693760264,0.3688886682399039,0.6638120027150556,0.6517482685608554,0.7383214222543859,0.33203217929789813,0.44057934730461246,0.6508678722006693,0.647950318244887,0.4408369513414241,0.41099122474389005,0.6033081150748396,0.5129072158068613,0.1912858756693934,0.7623429903019496,0.34787667541349204,0.4412975363162118,0.44705905588303596,0.4430203365723628,0.5469543118909155
0.41208934931645674,0.5853235741294656,0.36486372979090625,0.44153188480529754,0.25121618743079155,0.6918223521570829,0.48311953971903576,0.5817289607291234,0.6319353686077761,0.6694804254200317,0.6449140705534648,0.39276202359163886,0.43397583197434514,0.761513519627508,0.5115795079003715,0.6202087705759285,0.5113160174334759,0.6393314619227364,0.21874965235316354,0.35580840444117817,0.7539176584195241,0.5674322876898017,0.8309161359586601,0.6041201458430021,0.4192245236793239,0.6834905468260084,0.8357349025966125,0.406019220051213,0.6972851197219685,0.9943810219399948,0.7441929101947917,0.27252920629501304,0.4812812574576841,0.6486500724757284,0.7395747987681445,0.43412182331420057,0.37956499489384216,0.6243623528324058,0.5945755357235042,0.18393015317103842,0.6088973586566362,0.3722370725570698,0.4186149752093443,0.46764515558747705,0.7141104101569392,0.5424016977694125
0.594139959443088,0.6180637901267617,0.400058865634816,0.46044628523524295,0.28823963878952763,0.6129040546870501,0.4236229267853733,0.738529844372048,0.49756507331639777,0.676660412037537,0.6472361245862649,0.4553966935272084,0.5504023433885399,0.8876143986081768,0.6409657706622354,0.7126629591660262,0.4736909054133672,0.6782242132639873,0.23119758533925436,0.5748523930844317,0.6323486826478582,0.5812315262596061,0.8176162348310629,0.5397891753375933,0.38230860113539433,0.6620190418309164,0.6934500112878381,0.45978235357108416,0.6948098249686933,1.0,0.7703588230279432,0.3129239414180332,0.4249820499924441,0.5882911604416555,0.8084048271813387,0.536972409350493,0.44616069331327624,0.6330147512577872,0.5110603878229452,0.1799185288813411,0.6473998692164247,0.4490274978871882,0.5357862296180211,0.565964097677446,0.7778473876798054,0.6499162022998868
0.6619845878140479,0.5881571091492849,0.4305835221498456,0.6149236217715692,0.4676540361810574,0.5885876771353894,0.5266912530183387,0.6588180428104358,0.46817652173184005,0.5087849210097086,0.6414841605553424,0.40259871371228373,0.681310983713894,0.6942089530578587,0.6223460658613786,0.7119439165331743,0.6374969964755973,0.6400915085469723,0.3613758030858598,0.7547339799100902,0.6169931819090716,0.7240595505105196,0.8173073828037192,0.839844112336266,0.5842239895741295,0.6205024922308253,0.4159072053945234,0.5158236991984172,0.6456482975021951,0.7987712178608412,0.5328243889024012,0.45717603788729916,0.3669229527707356,0.552500541530064,0.7764935257944132,0.6374531323332404,0.6947913009046897,0.8059123496427616,0.6299561097341592,0.26025021383801517,0.6360121707851548,0.47365549761379033,0.6360057366109976,0.6349860728772878,0.5931196003754585,0.630901459901246
0.6382101300953454,0.6158286655387426,0.5388221759665826,0.6257863798775211,0.6199680498219188,0.45806165020037043,0.5800258920471449,0.5383332632202803,0.386224352696388,0.3983134661339195,0.5682018066137806,0.5234934308153841,0.655036671083259,0.46179699372824706,0.5886462812386519,0.5190049022048033,0.7391525967434149,0.6480731985530714,0.6723814203937657,0.5131666225296363,0.5372049064362986,0.7335178539788049,0.7118383988013373,0.9385291231725527,0.1555046123930895,0.6414241220653571,0.45550319236291537,0.6608016840262015,0.6079243305416605,0.717297771464854,0.5773722350329005,0.4075329463551182,0.44409328105495627,0.6005315204175574,0.5066889678967014,0.7734140074728435,0.6950926992198705,0.9565582222602433,0.6441255480347946,0.2653961700003361,0.6706757672995731,0.5545803827932702,0.7745674529341288,0.49122520814183784,0.4616628471500846,0.5271882131238294
0.6284510781562758,0.7406837962530549,0.8035476671311325,0.6187957270833537,0.7913148251649698,0.5782162959049981,0.6813792632507304,0.5680508370611129,0.4552332328953178,0.3860986183274083,0.6899836107669636,0.46293224201851263,0.7233898606531068,0.47197038213337517,0.5097595446616284,0.5031971994233374,0.7012968760305861,0.6387556284132778,0.737071353985757,0.5091914402885098,0.7761093276449404,0.80013124892508,0.7605816333910997,0.9109200512197698,0.2524663209961236,0.5743697820006388,0.52369905880365,0.7177790113414747,0.5999787154232429,0.7007741686605594,0.5786945244536492,0.33775266075095295,0.4179575178162833,0.6933406433912045,0.48662690423759297,0.8701234646816697,0.6021055590526383,0.983391202341515,0.768952253166747,0.35916280055748684,0.9629488558096959,0.6072087707839956,0.7008556934155005,0.5919163928704083,0.4592660905131519,0.6172695977096596
0.768161385686528,0.6443690593228684,0.654121684667122,0.6007222197844315,0.8934026491395476,0.5556780814639527,0.9831820106616858,0.5193383318540618,0.501264789026041,0.2799108035934247,0.5144585435242248,0.41541597987662365,0.8019193522301128,0.40397047162239613,0.5737577916645795,0.5164080540422683,0.555945045988217,0.6089709276070376,0.5821115077609612,0.6639266536633229,0.6315131828264824,0.6813777296769071,0.7760829337739774,0.6110794771196677,0.13184844861930914,0.6971301473188412,0.46043758616244956,0.6282497320689296,0.6093133473048856,0.75056534866623,0.6664955413812108,0.31393376521289557,0.37284676189288307,0.4838535211975329,0.5086596569137609,0.8641207498646303,0.6714114583213134,0.8062044046699367,0.7615496857765063,0.48081924859427866,0.8263870090165208,0.631708535235282,0.8200150743285665,0.44527585601987607,0.4815912622233807,0.6506309265800103
0.8403394851277363,0.42044325089008805,0.6747657035726996,0.576840206162325,0.8226345733148115,0.4416568964453253,0.7432421040163506,0.47765697396520557,0.2639665589912037,0.14805652482411635,0.4657531663453066,0.4023981853328032,0.5044202188372826,0.46617941374970046,0.4543457011070624,0.3362921755979403,0.5852125337983611,0.5937758571343241,0.31393434293761296,0.4570436914893158,0.6030868341398653,0.4881016235628898,0.6372464825863802,0.5104721936825869,0.12023122611077858,0.5902389576865394,0.45782736112697564,0.4771032021591957,0.6204712061558669,0.6546981494125494,0.6511714747056655,0.35826940373108923,0.3820009570091235,0.667386757235073,0.44491356494809026,0.6156743699897548,0.7254023027985109,0.8847611185860832,0.8344253240236972,0.24033741323733995,0.8169983660866528,0.7285338919860375,0.6153197547099005,0.37784982524321403,0.35362041881992134,0.6787194488431337
0.7901617119406279,0.5011509558570497,0.5830609810520709,0.40985020327206784,0.6573004767538372,0.34002995494775007,0.6609332835158926,0.3214468784938729,0.15990375109439095,0.1648096217837303,0.397665387172805,0.34972584327206274,0.2852522977278808,0.3711392835698417,0.5617391821804787,0.26554108957113803,0.42357935409581043,0.35938280208360146,0.34074815377196704,0.2978008152441927,0.2670443773675467,0.4991885288336735,0.6821153666300639,0.5164611455586768,0.08122168279271691,0.587869369870236,0.4740575495863102,0.31175124860432407,0.5306452590613313,0.5730369170550984,0.49847591284023385,0.3396277978064157,0.32465316264388594,0.5880686846008071,0.48555101095907965,0.5269973292959332,0.530454646292856,0.8200229649423268,0.7784457845078643,0.3434053431617758,0.9003378396364382,0.6373239343087075,0.5609322894341835,0.3208372167829965,0.38389642477102215,0.6657703216504416
0.6585311699561444,0.39713776124149563,0.4436837851750224,0.378958903164295,0.48008285105523196,0.2630657785369687,0.5624017202649374,0.20898750806788252,0.12664131034299994,0.17133576028497285,0.3378405246708088,0.29196414263630843,0.24748677147424278,0.3754719100754231,0.5032088850990698,0.24842564526803046,0.37004215706092564,0.21191138748417349,0.24517892769415742,0.5188314256858149,0.3611647768622532,0.3182425475492566,0.48288834416627685,0.19561570302991368,0.05670509392209668,0.5204822905793796,0.2714699348646432,0.3546371040384149,0.5139549125216047,0.34116989602975556,0.47078736515359143,0.1694119500767043,0.2852291574693438,0.25641063466189273,0.45597202893469,0.4560678771470711,0.4305060876636732,0.6146437371545633,0.5816301746255674,0.23643920627012974,0.6975349298951905,0.5633241646825168,0.5502715477764469,0.17708061425616684,0.2515292468422182,0.32306715966480404
0.48951221026908576,0.331300487139732,0.30954185150108277,0.3916039173159599,0.3421170157800943,0.13672136678453622,0.4242752503068322,0.11968471764329594,0.05371363827107414,0.073637907001996,0.2423394198163504,0.15949035804846912,0.20198482958071753,0.27782786467318227,0.356081469611905,0.13523275684629987,0.3891520320210209,0.23996919981372278,0.17408985194064278,0.23066674304148913,0.2538800847909985,0.331403941330323,0.19951549295995732,0.07588239825544532,0.015520991644716181,0.39498148573655356,0.18652282228455833,0.2740936780159217,0.2602594553424585,0.407650085521445,0.27850933684933915,0.12203526305568534,0.12140498456672151,0.23590409701446394,0.29041039338020475,0.3133151789883001,0.31766472589892636,0.4392433045220656,0.3821567630845556,0.1787267731315102,0.5221011762565311,0.34367003569736887,0.4034040697920756,0.11940106150088195,0.19800666509189896,0.191395029177701
0.3101265557123413,0.2783002849973459,0.22200560880977643,0.24244294173588046,0.26303006626189956,0.09910655506936356,0.34473125111791414,0.10477655273868902,0.02908204105342706,0.06477590381221222,0.15559406542025683,0.09612794042287157,0.12085558734973588,0.22618964397453437,0.10661994678064657,0.12722055471538268,0.26008610832212936,0.16473915446641688,0.09810722000203223,0.10569716811894167,0.119813265483273,0.26523538144494313,0.23508737123921286,0.13070342765444223,0.04075401006024538,0.2116138230256461,0.10168083365504577,0.14736053741338634,0.16746246428094214,0.408674073089357,0.2490685599738231,0.10510840464628547,0.1353976160499154,0.27357423046679386,0.1974514165194779,0.23305215724344405,0.29283283627674556,0.4351459605480092,0.2722428554298195,0.09146875346173731,0.5083109248232849,0.3264506143753318,0.3679113099381981,0.09514151784383704,0.15014390281511633,0.16808031773640428
0.24650897630010052,0.13182735493218026,0.12327261021947788,0.20338466127969812,0.1924399455986929,0.06278722511674062,0.26263889617088976,0.09529667090403632,0.034990211126535706,0.03798945729871389,0.16110092836949863,0.053900585985002136,0.06664978395248305,0.1407099629736331,0.05870385858656166,0.043650501210896295,0.06115148042327156,0.21525637472918963,0.18075308673520232,0.11392183534275635,0.097100926738053,0.20372072739255556,0.1253724441513218,0.07451978116900765,0.019549959192398464,0.14803533904169777,0.049190268124551746,0.15121642156917672,0.13704220914361076,0.24522461467822468,0.23577084076586613,0.06702636591470926,0.09354075803005439,0.18898453004714447,0.13429926390680347,0.17561193853021276,0.2700886764562977,0.31844408869247154,0.22847966234379036,0.036514797580175604,0.4678302893493212,0.30889326970458364,0.10915204552192867,0.14275638564292237,0.1529517719075082,0.1376081693278813
0.1617793763574567,0.1701663126166687,0.12156527159906003,0.19188053177093653,0.14712431366300854,0.04778100525512909,0.2035364336067944,0.15577090010664527,0.04412721101141252,0.04520432828514883,0.11732985146440637,0.06093942932444871,0.03278360788194595,0.06107313218741963,0.19612233079380736,0.03008691685702726,0.1460325434685414,0.13791087031980084,0.06674816054666988,0.18370145319977668,0.0811494978625775,0.16242192751400805,0.14420310610101233,0.08626894613098865,0.03743320912441187,0.20697955368298648,0.014058848342657367,0.13267375578927504,0.1405932749093456,0.11250580466743892,0.13986204140317177,0.05567329245164994,0.05813579637002525,0.11939156100974935,0.06112853170537107,0.13746188918571675,0.16002175252664608,0.3038333713633993,0.18083055737593823,0.04113410353197314,0.37810666421217837,0.21007494345529698,0.19932076187436348,0.11007320388100017,0.07532436557607944,0.12157724661522884
0.1838705696467705,0.11815759699555506,0.21008105643284394,0.19420153895572778,0.19997445497988986,0.10702125156928663,0.1886546283841863,0.10556382350842158,0.05251417481861759,0.04853921917865438,0.11324678016980307,0.06284738916845378,0.023795723376588654,0.08289834520516454,0.07606695435335564,0.08735887086760258,0.23308201802082873,0.14574501034978615,0.0,0.08571258366588747,0.04595397139779281,0.1474352985293963,0.055461825193714426,0.03485812630774477,0.04078406920166209,0.10794248502854112,0.036392491146162755,0.13459441317482335,0.08909473393564792,0.10948931310615637,0.16234243190933045,0.0780247163515958,0.040663703245838456,0.17598366584033684,0.09578604907977142,0.11950575544946554,0.19405008682498384,0.3918208397650076,0.28267469372261644,0.034209303558126236,0.3348876148342336,0.268724619325354,0.09873848057363288,0.1204807185003686,0.1305394045277111,0.2209566559299592
0.21450850407210947,0.12827489013791302,0.18411269652120654,0.26665431773480164,0.14657358992068742,0.11621277622896928,0.17408155970408098,0.15950712327333547,0.0216709886014128,0.0846087775660516,0.15337132958746375,0.03753283089770736,0.05904398824033835,0.11636183445393505,0.08933330148811966,0.08531748089363116,0.1761496802667797,0.0960367924056943,0.117272878462617,0.12404398066048175,0.01899307644612598,0.06340689498939486,0.11316057216090941,0.15607349766702827,0.044509076886159814,0.1176494216976677,0.09496327740092994,0.3018079259977524,0.053026368739613076,0.09929053240265198,0.09127637004044799,0.028614152344176986,0.09646590235877454,0.20954200894557998,0.16547516801415452,0.12684372470192218,0.19205425884738847,0.22512806744852973,0.244380077631278,0.04086508416248427,0.31891777832918977,0.22859434441245363,0.16104634221185565,0.09612753129542939,0.17935287937581573,0.14097535872866096
0.37171701324439055,0.28766345910461727,0.25801359776839344,0.21142708279362044,0.2372485643664068,0.13983590358191966,0.21961808587557,0.2585086230185868,0.07466122289024232,0.08210006490868842,0.23959457029843448,0.08975443692601116,0.1399539562509255,0.19576472171458834,0.22893276130641188,0.14231024372966045,0.2883674213153546,0.10298461396530148,0.14780582899022435,0.1264243439928657,0.05315024812531487,0.11852161990729058,0.31909927523001463,0.18501325004129848,0.07038472354567071,0.1657443130430465,0.17579227640233638,0.23300094576217703,0.22235393314290858,0.125079319813368,0.13201126505046534,0.13862154101224577,0.14340515596840836,0.2931402312569976,0.27284688225006204,0.20154385928488222,0.28785501001816277,0.30236536194921404,0.2926552185981819,0.05358017862510088,0.397625513292312,0.3362035461478782,0.1544248112201991,0.2590754042463638,0.3183290291976305,0.1397243163106826
0.5403447989454149,0.3261784850269326,0.26398729752364875,0.34712621627082596,0.24566876028899293,0.3464546658786053,0.39090664647964823,0.40909544968935574,0.17243872703101804,0.2729809910609519,0.3122500405827673,0.2017986646402582,0.29500374497711684,0.3699975530314405,0.4355599302262235,0.5034468246270277,0.2600904648617484,0.3421657726304465,0.11345068031344954,0.367028249689768,0.2669818708463185,0.35536084872083584,0.6514538178811826,0.2996227064591548,0.1915931827427615,0.4258441468377246,0.26567832361788957,0.31948719859227126,0.3344177548063895,0.2467282668435211,0.38369764746443225,0.19777308158941637,0.24934251084926579,0.445434251359659,0.4354533378981168,0.28357557250308085,0.3889123693605903,0.341757445131504,0.5134134972763932,0.15028932177036256,0.5591004196907124,0.37174604734432065,0.37349701299280624,0.43477522283323095,0.3349823629359238,0.3259880557996422
0.45394529970749453,0.606412001272039,0.33124323874195516,0.3008038561731218,0.26372294580910405,0.5517626294990212,0.4038864893773334,0.510600820782592,0.5072914160824006,0.4844820031966001,0.5073519914474865,0.2798225940144461,0.30813717699644316,0.5690124420931093,0.38293359772841723,0.6240065366491016,0.5261252121424813,0.3986098194343164,0.19528401036772366,0.30612108994475423,0.35566953086958697,0.34328008307513463,0.8263755160543049,0.3625459640489286,0.10893728678488776,0.48443201979754635,0.4033501636101813,0.3475657487084002,0.41935168277519297,0.4572087970188806,0.4607231858086117,0.26492686978174695,0.5426292088246026,0.566070369935412,0.6086731127290343,0.3321159777972571,0.43503432344314885,0.45318781628698535,0.5308722387585377,0.15025619542691196,0.47325536520118755,0.38557119610215035,0.48441136748905705,0.43218781623842784,0.4496865742677128,0.40109170256366944
0.3764592056327634,0.6056070505658503,0.3477271995991858,0.35267142867107476,0.25886012044915957,0.6074900718468603,0.3729878052411386,0.6515656914355532,0.5579713122753284,0.59769315383568,0.48091206278907395,0.19022446590263523,0.3180825926165372,0.651616411500272,0.47041766864080425,0.6009389793900488,0.5409012855115819,0.5649527175795865,0.22470355388554733,0.17709898452170758,0.3386430584509442,0.30215869243037463,0.6429106800154216,0.3750716575352895,0.12871803646185037,0.4771730837236351,0.5471786429117343,0.42009789682094856,0.5538496770830453,0.5369330038584499,0.39042553274163944,0.24198857893306386,0.7310242591810794,0.7576024964975585,0.6730648972513502,0.33415963209292376,0.3677978622637829,0.5521812609453348,0.45310487034930375,0.11354857211453347,0.48100693047640725,0.2700748623420808,0.5004472004186654,0.4935198449748915,0.354565990794445,0.4260594498366763
0.4050414676460965,0.572772088302402,0.32130167674023474,0.43394132647911693,0.24468579644512933,0.7881692472891472,0.41553830338653286,0.672672901759274,0.5840340794603859,0.6008118276917509,0.6077230676626133,0.3451485399103115,0.34467238061313704,0.6553683210133286,0.34638640511458546,0.4916581572860535,0.6864798071778742,0.6291175605339074,0.3005425132629694,0.20694611745091576,0.46674472011297524,0.3395460480242012,0.5817047890427578,0.44959621932164234,0.1289193799178791,0.5684955674005638,0.684416697001347,0.4558770112449015,0.5501085295868223,0.656483881556825,0.3989740759884237,0.320884548597146,0.5964724270527338,0.6457594181255405,0.705863674858262,0.3649758370858658,0.37903264790822766,0.47410442264414393,0.48756674784472287,0.14187749545250133,0.410140864471446,0.3018844374723293,0.5575467569547603,0.4288438726585245,0.4037206668815203,0.6384633850271221
0.4339953502938003,0.6557495613663269,0.3899248805709482,0.4187008414131828,0.35470776740554727,0.8675783925675316,0.45995825274418467,0.6377822670851809,0.5394504793646132,0.5820158357559029,0.5340615320574674,0.5083359745133103,0.2925296418636692,0.6859016054337229,0.47836780306858273,0.5589900412061297,0.5715846115519216,0.5620025598124663,0.4162673695183867,0.5237681478549218,0.5880018339371029,0.3383668392117981,0.5992034430484874,0.5912910321730516,0.13255484864606826,0.6348103507581448,0.8034688502089227,0.5980964934657972,0.5979186901710241,0.6927616665968551,0.516316189725261,0.2841762887917453,0.43382007504610703,0.46963011221664797,0.6702086268232031,0.39893076168043007,0.43392637521123306,0.5935163117498131,0.681200803062174,0.19383486519100335,0.35811790562995444,0.2407598018415173,0.7004810191098781,0.5393019786917427,0.43765639534339607,0.5188748497295961
0.48750177194628874,0.5065937555954625,0.3185615245014228,0.42961060225357545,0.392966491054656,0.6503404040981624,0.45779057782705407,0.6388928295007587,0.562955807723806,0.4684602407271967,0.4734652183723435,0.575812919964527,0.28731843127954665,0.7170026989891771,0.4460759259073458,0.6052919865796162,0.5582230357720005,0.44075893363787905,0.3455426264874105,0.29027946950249006,0.5883911479777028,0.47430315367406195,0.5854399662835794,0.47879406169077204,0.19013383597840097,0.6368772840047618,0.6884876229118212,0.41596632331810385,0.5499868129449053,0.69844695193974,0.665902629446844,0.4115175189408439,0.4796626193682963,0.5836819825559253,0.7363197972923223,0.44329234487243563,0.42711292107775195,0.6066617899635919,0.5992886778317061,0.19444207373425607,0.41066116544212333,0.28442053122597727,0.7518337104485329,0.5792212458526381,0.6029202509578074,0.556272711931973
0.4533352523876006,0.6322458002352875,0.42175792707127213,0.40452127171498453,0.317832298470953,0.5896489558750457,0.5114791789796594,0.5074039278203497,0.6171033054214625,0.5053491159722718,0.5341219043445949,0.4587785379517105,0.29455879230866444,0.7009637721740954,0.5256496204034781,0.6204436609649527,0.5562985390614804,0.5099298356915256,0.3116822761744637,0.46049829531956743,0.411908350494852,0.4420028192258093,0.5891649816085174,0.4240609372080571,0.20538098242527697,0.6134161580466391,0.6112822946509868,0.4136329507873006,0.6720909158381752,0.6357471626482466,0.5205450454182289,0.4622467895404812,0.47154074605767465,0.6304849471882826,0.6461994937672266,0.4434336521890001,0.40430089721593004,0.5587170295182802,0.5304029744302781,0.1615653220423418,0.4739240184591716,0.23805333875903734,0.7162585993031385,0.5238671167868699,0.5774239283221493,0.4859191463520789
0.4787803125085412,0.5391009008524099,0.3637821752733371,0.40173999747758016,0.2708581300589498,0.6921142192623202,0.4980717880480452,0.5676486770646908,0.6395739898366233,0.5347914401166949,0.512168184879945,0.3470186960704245,0.30669905358554217,0.6103524771855998,0.5534553021248888,0.5618314693513828,0.5553730415153928,0.52848269317799,0.303811090864316,0.6355974596798013,0.4080081887731991,0.4304999706376358,0.4777261483141965,0.5351937532898469,0.2022928082943564,0.599067633716446,0.7122158594846523,0.43424952961657337,0.562792284179098,0.6379271088662681,0.4783040379374136,0.33366910707193553,0.40135888416837695,0.6029643320668507,0.7015010365494854,0.4275033637397814,0.3689606925810977,0.6105131118387415,0.5518159360625431,0.12996987842928248,0.6123233260855698,0.35258569878568974,0.48519736931024876,0.5712805271806499,0.45718222470288605,0.41886002748490037
0.47056007932272664,0.5675974069092692,0.31407485562138243,0.39910701521716163,0.3005074990750296,0.5780314268057472,0.552641657668808,0.6209087111801429,0.6333784924729645,0.5135572240656892,0.5366465789905993,0.3375127162759742,0.3026019902474191,0.7058220273959821,0.4957947058413693,0.6030157897599985,0.600886164602023,0.7685559444116661,0.3350038694477058,0.6955377351171882,0.5311056931706385,0.5008401333247791,0.8066391312129952,0.5406266519780032,0.41355476088172677,0.5918473148493217,0.6340010566249618,0.41000029376761726,0.5874111575744921,0.6034252003595256,0.49500405866983366,0.2901940263818756,0.39464404036704165,0.8123387629860481,0.7003395355890362,0.49123167092725717,0.3631332669863525,0.696767886283827,0.5729479928783667,0.1773897688823949,0.5935294658184372,0.4620969889437827,0.506684748445307,0.6275243618534386,0.7971141723060041,0.5753697892336399
0.7350608965546275,0.6893227895566578,0.3594317322309977,0.4408622906051278,0.3609178418627526,0.5722963804708314,0.47886164422599187,0.621479301831091,0.6467201334854344,0.5201854214389339,0.5611184390555893,0.41323266231942574,0.34054241607986485,0.7587741278590198,0.5538743864040816,0.6534638917271692,0.609809257433007,0.771577345129214,0.3815318880973199,0.6244317786574385,0.7401711044133279,0.49421620515655706,0.7582472057130489,0.6711862965479946,0.44275907509691154,0.6152044677925008,0.5823065936948973,0.41499927807831566,0.626284595970617,0.5748500509151995,0.48223934135937585,0.3716047318688252,0.40357050381461296,0.6650779146199336,0.8446170971612068,0.48358258683447974,0.5380357283435091,0.6977715963902092,0.5017638782398948,0.16315125674467415,0.6546989445580008,0.5602329658399677,0.6260149206198503,0.7306619689484467,0.5985295404507899,0.6162601982592556
0.806531425935948,0.7407757027417183,0.3816694179129534,0.5841692728789784,0.5028332656895589,0.5029626055843003,0.696669816541011,0.6025988261984974,0.4819764230597352,0.457569719240039,0.5342597352561853,0.5429152909618176,0.49289736169302534,0.659251957032423,0.5118081726352707,0.7105476980847004,0.49823712468323167,0.7723677146743655,0.34813946628510545,0.5365682787228162,0.5134214427127852,0.7026569163206792,0.8770291222296178,0.7041326676372944,0.5900191514300144,0.6878402325640742,0.4967355338478622,0.47478489086142955,0.6363101953066072,0.5992331868335052,0.6868761389877109,0.5643478692508405,0.3688307438878762,0.6453812376583233,0.6869640459232907,0.5705618732601017,0.6990784102745897,0.8037062997628494,0.6230748479991214,0.218437159458165,0.7390017219040163,0.46921683443441464,0.7428583850659728,0.650602857424067,0.4118005549848087,0.607575585608961
0.7563697774969897,0.6435239522207408,0.5865443988445381,0.5586079486014391,0.6690560399151686,0.46003598313227007,0.7461650130374553,0.5751094073179103,0.24292897753646206,0.3299979162204398,0.521215761268986,0.6202600263038687,0.5498841111049654,0.6213118307189549,0.4695587373195176,0.5193112505423461,0.912458596833332,0.4712570754151408,0.47157030728855587,0.3442047222738744,0.4915280786334597,0.6809916408439041,0.696424690812903,0.7451843187062135,0.3008694315728471,0.6130229584413249,0.46142631923846633,0.4834670030442905,0.6172945140532595,0.6884356361259111,0.7276453786033192,0.3537298725709827,0.35151641642316267,0.30781670636763314,0.4857739357127166,0.8086796278653093,0.6962891781566931,0.8569741553836787,0.6519500457820897,0.260737297554717,0.8068533199336427,0.6506492917875603,0.76382286930158,0.5694595619402486,0.5147564350000167,0.5920289409892918
0.7663973869986042,0.7056922342963751,0.694251084184765,0.6327605967987899,0.8169995185077399,0.521819705885006,0.904313482918717,0.44104233895030687,0.3774391308368779,0.3577237226566705,0.7008428331864478,0.6767301245179261,0.7538783479536819,0.5352742694491386,0.5958316806408139,0.5081577136050104,0.8514299113039071,0.6890911753371505,0.5863932496305306,0.5341329128086248,0.640411785582722,0.7027222400976216,0.8766016378611405,0.8273031938940465,0.330033571783722,0.5689396262003681,0.46406441050200353,0.5683681244521287,0.6186519338237079,0.8049551643266049,0.6585707894439184,0.3291697090354335,0.33186589050093906,0.5236187420246727,0.4532275447861598,0.8307423189152734,0.7529514514062841,0.6710070180631613,0.7778808812905532,0.2955352449660637,0.8334814981354227,0.7688293401269154,0.6103677945859917,0.6145779020245542,0.3890782645095631,0.5270189533513038
0.7843493844371539,0.6932684624257611,0.7199546861555914,0.6000936924794036,0.9314790258986432,0.5114937618994002,0.8635493042226617,0.41272711553406816,0.40892368215915703,0.26679918936529695,0.5769416995724226,0.43415014531242846,0.5068905960760167,0.47731360408236434,0.5705206879497031,0.4535295384718461,0.6320460610802737,0.7538606542789905,0.39951676789376955,0.6013219373917748,0.5933829435359484,0.6426174588983897,0.7535074600890317,0.7574572364057197,0.1341173830217312,0.6057867720972652,0.5497880825709218,0.5551124783674596,0.695986371261348,0.6178577729892322,0.7846393495342676,0.47730333589960355,0.4004104591781358,0.3347447221267442,0.4137740308499993,0.8620122624578599,0.6782947558541048,0.6669938403870566,0.718938487300559,0.49832474091581314,0.7393745635653374,0.6587240701529263,0.755028136336391,0.47089979073381016,0.44256584721623454,0.7466553994395387
0.6715410751225585,0.5013800247279698,0.5629155242567653,0.6235322890496358,0.9820947144345609,0.38884245759318714,0.9487390965283634,0.4688278947221466,0.2383905585204831,0.18259062526873593,0.4873941434454691,0.472526665382366,0.4046021482090049,0.4618091381349051,0.5142971936367423,0.36207362457309006,0.44743007348464825,0.5549600684769416,0.2785089940877371,0.8280487320730493,0.4969558206318052,0.6196179155785789,0.7123354032783555,0.5354953696713927,0.09179508517784496,0.5516910404618545,0.4756979110014745,0.48631650065213944,0.499746091174698,0.652834489293852,0.7474340523624579,0.43656632895022046,0.4552057052172026,0.41786925281513787,0.4262354587395049,0.6721731625823031,0.7641135938768349,0.7304553530790763,0.6527061341095619,0.3048784804607429,0.86241904720301,0.8233392527063329,0.8110755548666725,0.35579779083077656,0.4319927948388743,0.7762756122776951
0.6314731927454651,0.5729718699263905,0.5042816886074764,0.6031871073833788,0.7796676296735484,0.31689147440911136,0.7426900912442531,0.3634760781827664,0.2091246118740161,0.11653927349192048,0.35937123051897074,0.3700527779334712,0.23123407229075157,0.3913533922768489,0.4541290870175748,0.3939814204959525,0.6731356304396993,0.4185741916852466,0.29056751229718136,0.49698252106401464,0.23152917350791125,0.40652555590668255,0.6905961918198951,0.5022855515840987,0.09648061883576814,0.5695490096952067,0.5046111096033058,0.4560890334786824,0.42649206841450155,0.4449133969767268,0.7024251902076817,0.1867454720090526,0.37285322334699667,0.31069445180760624,0.4568535674254132,0.6078425076256033,0.6848660334292359,0.6632731405299732,0.5876238581089765,0.347920892408992,0.8090651865366317,0.7787531888048999,0.6558373660182462,0.3557162102119945,0.2922232330832059,0.677907781740996
0.4955741691640213,0.39904347355875885,0.42245365423469866,0.6035722838050532,0.4580912755892158,0.14279278555086652,0.5733962101887651,0.16460092606987156,0.13476362615737972,0.13503428628114403,0.2595628744586043,0.27273455763729554,0.2239248294570645,0.295304853450058,0.43866266210568217,0.2998479238371664,0.41821273052191926,0.25466886963281354,0.3952210430734127,0.268032960083135,0.22484440659392357,0.3844558438513851,0.4236816967881487,0.3937244052553918,0.15881901971126725,0.6098022680627166,0.38854261693614006,0.3673085351765905,0.36080859908145935,0.5082816975717688,0.4387726587919334,0.2095861156949495,0.24240663149032793,0.3663179620284739,0.43438940495537426,0.494934029247437,0.438839670720073,0.47783818202240996,0.3114369477268128,0.21105186271312473,0.6589749728031746,0.7128577879719973,0.4506981890223068,0.2307249909725989,0.30067080844802696,0.37206908030004415
0.39621628828303684,0.3672703224626812,0.3395414256072553,0.5235736642228898,0.35962477815649946,0.18382810594195878,0.4418477139026227,0.17422542472246755,0.07953517666564236,0.08903080173117153,0.1861438316832148,0.15825661245444375,0.15181802070816458,0.27071658097888013,0.23367904053140803,0.27749620135688163,0.37998353059625595,0.11693381658712415,0.2422700732295278,0.1732490218269366,0.19818998289031442,0.3620711866167587,0.32879394982549176,0.26543990064260875,0.06350378756521535,0.4282391024534046,0.3122260581156038,0.28088023856051514,0.2509426940928331,0.27686923987081047,0.26823560223901166,0.17185977214328485,0.1294298387905657,0.13176655219414374,0.3211915289896482,0.40318226916844213,0.3073290458628141,0.43569035248890725,0.2675146260109079,0.13976081779669086,0.4611519727531168,0.39379183256664385,0.4248081896564692,0.16397480508924597,0.3159721780422698,0.24758295888011075
0.3040900250559987,0.2647184715873395,0.3092353073465353,0.34297445756063893,0.25948247063896185,0.09410826962556751,0.36433088308834616,0.17939870175468833,0.05352680967112533,0.08602210164139623,0.18498225226263368,0.0758365562946859,0.06641644259403054,0.16360869829396907,0.1368691054982889,0.1481003411405754,0.18592286075670608,0.11262941414939742,0.19480113713464486,0.24787324089270005,0.14132533087821858,0.2141088994980676,0.23038292233711122,0.1819509088659646,0.029584351459850985,0.36581892208457484,0.1874061175499056,0.14929487930938462,0.16060470535639657,0.3031232979284383,0.23419219795760243,0.17321466697478644,0.11634805505593286,0.22119804541784668,0.1414441498427667,0.2727492383724476,0.2909056326086588,0.35672707507216733,0.17219948125605544,0.07990531850919463,0.42685564308183765,0.13968411805402875,0.3643341670474559,0.08944623063494558,0.2511713694221382,0.21374967960920818
0.21482362097744592,0.07329304507203123,0.19915034844013416,0.31394298280064137,0.23325048117807828,0.10074835055574047,0.26244129901864804,0.10938850925767091,0.02977772766516119,0.0519359300291051,0.14204070697049803,0.07129028939374986,0.04116734651845864,0.10427040153528694,0.1730135682039594,0.12896635343293827,0.1410470940079041,0.115447813994693,0.15928334019081095,0.14036404693663349,0.030730870488196872,0.14292323109016186,0.24771445252187824,0.1521247627477636,0.020441816943319098,0.27956410237741103,0.04392791873387609,0.12131420404041929,0.1238723111927657,0.18080043809926175,0.1731981931176479,0.12810307595838985,0.06585792517793171,0.08630900075907033,0.10141287525100039,0.19327340204385288,0.26870760931242377,0.29146976659819646,0.19212075503424111,0.04275237159104721,0.3760924699415747,0.11324163715416453,0.2308186750100162,0.08858413998134504,0.15953908203287534,0.18933542234712697
0.14020083189087296,0.06803033653689104,0.11728995150664076,0.24165096747120232,0.14778990889273336,0.031114446660043905,0.23063822944937343,0.051634743566676175,0.0212411791137006,0.047758206669422196,0.15523604959409118,0.020950331780792864,0.038676233082765306,0.04886201534352102,0.06526487366086497,0.047895804677933015,0.0723394229339698,0.04013053191032387,0.08163586591804442,0.15452854599175028,0.15105571458371475,0.09383369804799752,0.15500638922138982,0.09357504847953585,0.020463614174192853,0.20297860813550422,0.04492817775494872,0.10451857163626777,0.10029329143818491,0.20634531693801406,0.16978803806070158,0.060492662731065405,0.04715599064015798,0.042638767196072805,0.1044774643333198,0.12598161158056675,0.1760090458287105,0.2289410727837278,0.20339728507905666,0.033979063545674176,0.34666553271949513,0.19821928326479538,0.1622905085168987,0.07743468176925519,0.15168790197740292,0.06221875735379398
0.12860306911885372,0.03591062686324087,0.12235696439122667,0.20688257254541706,0.19878295831985038,0.02417873087742852,0.14146890281962057,0.06499074292339634,0.02834091523682854,0.04350261845673722,0.15237373134258483,0.053710481742361704,0.0400561409905248,0.0998608972967008,0.08466956323029798,0.06254972831007313,0.05900452482943603,0.06388510274077219,0.02942186535270174,0.1085813770702923,0.02232155835926019,0.11273265112234061,0.05973591221271367,0.08453541956257762,0.02245043832237644,0.21650547243609794,0.05020079669550436,0.09617168299170964,0.08469364058757488,0.22433052358466535,0.07186577781670798,0.056998638290886736,0.08582755096620624,0.04031844947306583,0.1019452570684345,0.14965447623439052,0.13615743892217708,0.21946484586248363,0.13978912662514922,0.020179511602482204,0.26151065241511595,0.19183408485519393,0.16129329490234587,0.046771750741805625,0.2148464827816506,0.04858803620897814
0.16084333444581708,0.07586346073074424,0.11244147511382283,0.18647095754895088,0.15616998261050236,0.05281210966640238,0.15142076246999175,0.12506995538955967,0.024647491520199443,0.07324950835613732,0.1608290917170797,0.023750542496538206,0.05322469177922039,0.11337631663714498,0.11354570954548421,0.12272831348441195,0.03487632735789822,0.10322214991593193,0.06315979522199638,0.01111569862754614,0.022390293738953182,0.1063893831435241,0.1900186940842011,0.08798796256508182,0.03178248376190287,0.19844019317473494,0.07126364379113023,0.19726052724834064,0.09041888474751812,0.29527300713428595,0.10649561356556574,0.06280245543145006,0.07428344502183065,0.0820882439588706,0.12208749678461552,0.14915252042682298,0.12954281614356758,0.1129196358903509,0.21891201125045834,0.034631363711683,0.24126558410980564,0.18437150855007028,0.16963394460180578,0.10361893043603607,0.16993073233288647,0.1448229854045691
0.3047694403055129,0.2215790487152266,0.2823979310560697,0.2456321425235735,0.25084647655859516,0.1704792997148479,0.2735431089480358,0.1541193458607444,0.0751644911265136,0.11531520062753481,0.16501477280384944,0.11403500201503491,0.08990209481613325,0.19236248997552546,0.2857556235533082,0.2108904448533349,0.11741407466772918,0.09438583861972924,0.10485623725667859,0.1534974363854276,0.14010032586504267,0.17892481030591775,0.37944741188265874,0.17007917553825455,0.04614449483047662,0.3393917316053749,0.15082973870707478,0.1998040060147118,0.2701877355257918,0.24565258884554744,0.2174669404483614,0.08750675812018441,0.13241577443529162,0.13938122788123203,0.1537280761230611,0.2046558657595121,0.2202487425631249,0.2434559371422176,0.3999118291648302,0.06432393785824299,0.42733516355043083,0.3815705454699494,0.2812291573098178,0.18803952218519807,0.1916464556889917,0.15126678628141002
0.49498154931102023,0.2733794133843375,0.37541824038284705,0.35879334227956594,0.24593664621466088,0.39820492372333544,0.40682138544118085,0.47740790990294346,0.18696313280125337,0.3456768801103936,0.3640541989459568,0.22437779947991088,0.22551364065900778,0.33364464814126316,0.4574502442828362,0.4951587595167312,0.32021906693449953,0.40883216345818435,0.19313571590577153,0.3108053577357832,0.27430330754186355,0.33708231145184514,0.615296060163995,0.41145600657989373,0.1721027321687481,0.5261063286396848,0.28753185734297376,0.28377105479935694,0.33738827382353026,0.31572881432371835,0.34702591727529486,0.22048415604549132,0.28792413653609056,0.5038711183443743,0.3975474022634351,0.32548586844890404,0.3295839471629911,0.3682703695704392,0.4290783530036566,0.14002149497950378,0.41239182858612783,0.33853804814555316,0.4113142848305996,0.39872726917809365,0.2490770146682616,0.22561043188492305
0.3456432799053217,0.4323030900122514,0.3854296780399512,0.4550479102640628,0.23842292406398247,0.7234172090637382,0.47426994031960296,0.48756502576525806,0.552696677864759,0.47829489824931903,0.46144075658406414,0.28553869158304457,0.23826089602540393,0.49953418900686897,0.6531768441848671,0.5576257767743938,0.2802634575197971,0.42511332359716886,0.19332465612697938,0.3215444614276243,0.5582997941054783,0.3526894616940312,0.7137926622864035,0.408128176298487,0.22343505975110334,0.5775286036060725,0.40600326172153095,0.281283980434939,0.48855898288037974,0.39863140754226534,0.34178851057793735,0.3121860339769384,0.48156280208977614,0.7373090067427029,0.6837438661905655,0.321044957281172,0.3914396029717122,0.4079411414857661,0.5093577318024731,0.16396660856975648,0.45681310285275395,0.30962456657391163,0.5764652633285923,0.46910381416387514,0.3624154970512649,0.338933989301087
0.3310185682036329,0.522492909048998,0.3404426217056986,0.3677925139226416,0.24301861109966955,0.7993935019421506,0.4057285999932903,0.4914098784335247,0.7184914891342933,0.7207943574775966,0.5703417312695828,0.29642631053831875,0.2656543369047965,0.6864988169339231,0.32490163058937593,0.5990128388714038,0.37201819255297996,0.47340906824710766,0.2579170120127215,0.2673505120680587,0.4877015150707644,0.30687910511666433,0.5359756746976365,0.48237012221515047,0.12117582487245379,0.6650093630873153,0.7009218851409148,0.3297058773984583,0.6368074285219333,0.483099358134347,0.3158991824880156,0.2851777676289436,0.6108097910004264,1.0,0.6506687104653429,0.2995859096505563,0.35510946243287866,0.41285788318005323,0.4560231886682282,0.19970481385851335,0.49619680732350885,0.3261098230977002,0.6208856208704739,0.43316535578609794,0.3599545330169496,0.5300047318885889
0.34926562697736213,0.6058229671967432,0.33641171409956083,0.4058113926087687,0.3253639052518603,0.7141917676484384,0.34189280285451057,0.5649750908420468,0.6590058757461909,0.7352778834450713,0.5837623614582411,0.3039227821031784,0.30842997654743737,0.6362481587667086,0.44136317528668034,0.5928308038321851,0.3926981709240379,0.5779108051323365,0.2660306282364125,0.283625923571813,0.573620217911353,0.43535069030073004,0.5127118591358304,0.49994621261400546,0.0939655228746211,0.6490253956092051,0.66869077031931,0.42645915433565657,0.5157802367820455,0.571765698729986,0.4666475202707534,0.260565208528519,0.5745239053063814,0.8504964870327177,0.5928192886842453,0.34277610120282787,0.3772085582532529,0.43846285169778587,0.4626442407825889,0.19469736926396167,0.4944988518469908,0.3954582282775448,0.5694676932127936,0.5606024532011105,0.44783766778634876,0.4019811565867888
0.35765280232299684,0.6486481450360865,0.4363426270015157,0.4742375581767614,0.2698894417814253,0.7862333228257942,0.4179987412901148,0.6793566523066183,0.5347419088027776,0.7055607634570773,0.5500363479301627,0.5906601055902907,0.3178791025899249,0.6105121072206258,0.4729661423599596,0.5391589011576153,0.4982503057267115,0.512365871795692,0.2238728453854771,0.36885022956417124,0.49553123402311094,0.4775187109004094,0.5579011828189306,0.5503611476490836,0.18266477933679168,0.7173548537848433,0.7896846430496416,0.5880785745836591,0.5693668513644015,0.6453146689572359,0.4503336200397854,0.3905028021538014,0.499166582764029,0.4127262067844535,0.7389528863190529,0.3790718457307274,0.37713023119022787,0.4998434888807913,0.6610119583252242,0.14290182756138262,0.6007550440876328,0.3218178045149812,0.6565993656183502,0.5809984632684777,0.46950513201052296,0.4330592815829395
0.3672625599732414,0.5138751851183289,0.46879091399393463,0.39804820577616357,0.29593676094550686,0.6569871707977448,0.43104331342288016,0.6146670891475865,0.5754145542053225,0.5819091018616511,0.5618462982646181,0.4691307333887931,0.33639895542658443,0.5691562853451119,0.5330504094881471,0.5989022515915128,0.38789967711402606,0.6583669661471652,0.2852912426079356,0.35810604895819104,0.6584906392969977,0.5153815168282097,0.6142675005443228,0.46503325741382767,0.1159917396830479,0.6968333611175159,0.7294209384309874,0.36963859125357534,0.6322233681985813,0.7179991587405912,0.5644185800273593,0.28342669536707926,0.478454151064801,0.6028682444457488,0.841244600016713,0.5255735063944259,0.5605062775265877,0.6210743603279637,0.6340572083907865,0.13812714016860272,0.5518725181819386,0.3700926766629105,0.7418137373651875,0.6231689121056008,0.684200922260418,0.6734603067792547
0.3654822699555213,0.6882049055211619,0.32371681682760994,0.4326599072736183,0.258465105627398,0.6473513184865625,0.42820700047717586,0.5257557106655468,0.5980270651796297,0.5709632645234743,0.6411671377489977,0.35348875744999275,0.40649720477902607,0.6306775545741333,0.5179017602210011,0.6125754938265954,0.44377693753106434,0.5627478093284204,0.28446505140088635,0.5370034302007048,0.6844380591409471,0.46307244465019565,0.5486987303386073,0.5658387713965327,0.17340250495740164,0.7184853624483913,0.8420630669983712,0.3627651528657997,0.6071263780658401,0.7405233202672835,0.41653913010985627,0.3427133559985199,0.6816454012881991,0.47665392096612236,0.6525518667185984,0.4745091932407556,0.4233675918796205,0.5745629856893041,0.4344388150922381,0.15320975066557707,0.500197348221898,0.3688313618570465,0.6528813794964802,0.6251597286043655,0.501219589795507,0.6748904021372337
0.4329246239898859,0.7050172204198897,0.36795060281159797,0.4363351792517672,0.29004758843996803,0.6649616343842354,0.5442919934374925,0.6053007259642414,0.7338698460116132,0.5755596544399251,0.7196420770227969,0.43508410585379537,0.4044860089181973,0.6203601637895706,0.46752222869385984,0.5798183090625947,0.45398146509087256,0.8380634373934204,0.2273910026384486,0.41586092077769915,0.6821500019047405,0.44064447305236965,0.7451832507653577,0.5533657546515979,0.2721714547049098,0.70137904464706,0.6325814539402987,0.384788653724963,0.7271407328578011,0.5790557794661476,0.4648715197971591,0.3916067527880305,0.5805726964131304,0.6302867737405355,0.701203658456809,0.3991985899782279,0.42988424202006664,0.63917647510915,0.39880657799989927,0.24755961020763942,0.46437456968072727,0.27062794230846404,0.5754143533824468,0.6363998108500227,0.8443245144787447,0.6435969115618011
0.49428070905810584,0.5866452723863267,0.34616226795619365,0.39929098688564235,0.32149583172834734,0.703844066519844,0.5299142859339168,0.6807878608295432,0.7356878634258224,0.5934581423692509,0.6771675366895259,0.5754184381525065,0.4905060015764118,0.7830000887792016,0.5503247253427478,0.6133696326090564,0.5961204335114376,0.7868166194526769,0.3790891350692927,0.3768928827550926,0.7855190718440452,0.46509530848372266,0.7648583698818376,0.5477035680788357,0.5117526951339264,0.7073951225334689,0.6578478488961002,0.4372712017942533,0.6830900166218015,0.6461721479197843,0.8139718711971307,0.42551529725272125,0.3977157303886237,0.6184983612328703,0.7337513315639663,0.5634128109362567,0.45393304847414545,0.553968206968714,0.4537434994718026,0.7658376477378518,0.45307807442745546,0.30108957632051725,0.7088350920430342,0.641761007586304,0.7079565297217649,0.4946157689356614
0.5720544938534524,0.7051452541886173,0.35125835628356844,0.4618687543986143,0.3382679359620942,0.5998754499957655,0.5311720406684804,0.7337804439863393,0.5304666289362168,0.6378438255958732,0.6035067975995103,0.6360885749939409,0.48899591447263224,0.807695804768577,0.49221948993332565,0.6882210991316908,0.5304988781537773,0.7002611517226913,0.4629862123560508,0.48370042158264737,0.7053660265386047,0.6044300346389048,0.731162176531331,0.537660262816917,0.5686882426573446,0.8208128838896356,0.4964792612589143,0.4582228785943414,0.7593041123189641,0.9436521777336352,0.7388035238133417,0.42632897269200043,0.40682400774955185,0.6446708772510927,0.6729539401305265,0.5358716316132004,0.552758560724852,0.5738329655981472,0.5205578429086039,0.48229812292233354,0.5216782761981729,0.5009399082005473,0.7472158669683714,0.8209952694308121,0.45132301138185416,0.48199490738263817
0.6515650513430499,0.714802159027782,0.48741940382141424,0.7085234587620712,0.5579453678245488,0.5998216691170261,0.5865136238751096,0.7828568594878809,0.44121767126405154,0.48325911007298544,0.6101432308777355,0.7227211506690907,0.6668961828112168,0.5669169389695545,0.5161589672455066,0.9161537325485192,0.4762168344798485,0.8230610894176447,0.541880006403627,0.5797701450686851,0.7477536832965116,0.7607539409204254,0.757693543522513,0.6476809008314464,0.7494486812145498,0.7414063789379508,0.48333909816065557,0.523558965286981,0.6854615337716743,0.7221105221911363,0.661560229040242,0.6425083093794542,0.43316310985110934,0.5744797400631036,0.6263243657569401,0.7269881633627246,0.630278749415604,0.7179465797697635,0.6747024974077986,0.256609053121806,0.6613413041776318,0.526434098708667,0.9309427111923843,0.6394567389388089,0.4241120577513682,0.6274540799523304
0.6784309955194207,0.7600411543296848,0.6427844285919708,0.7447949635727081,0.7870176856356246,0.4541699417855267,0.6787872434590932,0.5751362396885634,0.2983997507212541,0.29050219703334595,0.5937868061344747,0.7742299537423025,0.6557661088306308,0.5403281347514407,0.6184336968383872,0.5551511427919343,0.6551538135672634,0.6230914375897898,0.6267424560198113,0.49543835918671286,0.7180020588580313,0.6680288276037042,0.8486654540436231,0.8462323798485016,0.25280738472588576,0.7025767322893695,0.5723817670057763,0.6126067510076751,0.6854579191474711,0.7824049197862741,0.5821231697976137,0.5219334012287868,0.4041589687925607,0.37664294715637747,0.478727919003009,0.9909723158437714,0.8195156005420996,0.8576217969513709,0.6741419532171897,0.2272593026974206,0.7688565004981078,0.6693568972343494,0.8476966471883804,0.6516411790850981,0.4672599166063878,0.6587575646636501
0.6850641105755705,0.8812924639688348,0.7623260215501021,0.756834515081574,0.8689185341422554,0.38683708541136436,0.8101270909980653,0.540792582579307,0.3353066446456039,0.37999797865443974,0.7614739590170367,0.913849623643499,0.6895501720417447,0.54155846045286,0.7438001508506412,0.6136247596840182,0.7364485777049985,0.7265461833255735,0.740584213707654,0.41540081555504116,0.7612768936997389,0.7087355931630805,0.9769133235657022,0.9560901910167724,0.29672342169420374,0.7806808778979759,0.5737777240915148,0.6498427334306093,0.6975277916719327,0.88544169583007,0.6685813185370186,0.31049743383136685,0.43018667685559525,0.2514467274733023,0.46227887863803346,1.0000000000000002,0.8856615184135771,1.0,0.6019434018609555,0.3114297797173002,0.829660386963862,0.8013086003761979,0.8495413034102574,0.7711157075423286,0.5419348245331814,0.8250275265048186
0.8518156726390159,0.6934261375014221,0.810663770167535,0.7315348949498648,0.9159543598004284,0.45042742865845214,0.7477249679833022,0.5987117006401547,0.33400072515116985,0.2773946651742449,0.7314422658644092,0.5812514999746704,0.6896246895278392,0.45732944345998844,0.6398414452005863,0.5828372905343008,0.7737934835205114,0.5869187345046734,0.5884645205737603,0.6182140828428221,0.6904131074727029,0.5963030755186253,0.9043991985163522,0.8880890895284932,0.22966398076858308,0.604315224189252,0.5272672751783217,0.6933117181144195,0.7345595119594531,0.6523505678452249,0.7062810028308798,0.44340733128482934,0.4150329367777164,0.40895044546966774,0.4225464661183928,0.9359007016302014,1.0000000000000002,0.9020535939606019,0.5989964245538365,0.43411574784988005,0.6848195774842596,0.6905501707131905,0.7596783941931573,0.6795581317212535,0.4250712266375379,0.7837176755265993
0.919366221293827,0.7788526477999054,0.6935998822003107,0.6775849970161453,0.8623674892601109,0.523815986297808,0.8188311444323976,0.4117643686649676,0.19047298514918656,0.19167561150459644,0.6080003688299909,0.4153206045023329,0.4578727401355658,0.5398332291540887,0.6052080189774055,0.34707398103277654,0.5819637988876515,0.7053742076263452,0.5336462674510204,0.42345709324571756,0.4929862516192849,0.4667874356003163,0.7991315981077811,0.6233994146326506,0.1082122738524077,0.5947734866731014,0.5011264990369231,0.5153746450049218,0.602986746156732,0.6238923561393885,0.515577859961054,0.2871531950387315,0.4018935845086886,0.25205737716281285,0.382882112853873,0.57635130835832,0.6957354878797158,0.7026119307146539,0.6993076265588372,0.23701380242988787,0.7057550165925418,0.8347697721977805,0.726749087350581,0.41945967722924943,0.37319240168722057,0.8622243667502536
0.8961136189774326,0.5818418509578853,0.5455774139103394,0.5886859329954112,0.7120114083584989,0.3879717164842021,0.8197855482163982,0.3683210790893221,0.11893068643519407,0.15690098218495707,0.44586440216333934,0.4144446903151034,0.2774930216068455,0.48067395011027514,0.5462695124686349,0.33828904061611625,0.5120111242934128,0.4145440181057314,0.2930412498184604,0.619175062801716,0.40601911326991835,0.36503799092185335,0.580798001377586,0.48903388405675835,0.06606975493978953,0.6003677751393701,0.5295491727550495,0.3668729711513178,0.3950899230998156,0.4389094126975014,0.5752897383706307,0.26447438087029823,0.44364087874651076,0.30172161089621297,0.3387934379427932,0.5898561556712886,0.6499611187763872,0.6849359887796226,0.6868957142660211,0.18346905881757036,0.6886015252625844,0.7474153386919322,0.5868989583770964,0.2905060502866196,0.47492633770792064,0.6148965626775147
0.5648587837211302,0.39515266846168884,0.39134090730117993,0.4933863943049146,0.5405312687244174,0.24520125211131158,0.5892790989312119,0.2714305678467517,0.12547665790309023,0.1286634614163833,0.3418683817102401,0.2728752316562006,0.23787072054626238,0.3540460191522913,0.3352973362972686,0.2861918429427518,0.4465362915053952,0.4225551175969247,0.26852322544601925,0.38615609398024947,0.36740940963885205,0.34533757250987845,0.46464583428567413,0.32231009799200633,0.10759649787021741,0.4597149464436694,0.37596958003500014,0.3343462660240969,0.4010714222111929,0.5055318647054976,0.47957458702660516,0.16599023214591854,0.215899538931402,0.24066930092555358,0.2873209169873644,0.48104149989369016,0.5115442900236817,0.6643187939111459,0.5639783724103472,0.19882666182530453,0.5627611743891137,0.7585980478614104,0.6321488428651102,0.23219972188958105,0.36446903171962086,0.5241504022973495
0.45716631284582726,0.4401998952845957,0.29281234078229906,0.507322747271553,0.4593785813348492,0.10609073046545936,0.45280818761456526,0.1694184861828658,0.0670648033659904,0.08380418168600809,0.263031216800554,0.1891361344931607,0.15837345985478757,0.2502451106329967,0.29629745515965455,0.17088146320952652,0.324789796751485,0.3781959513510233,0.145877952929253,0.32517512100980706,0.24124579375526334,0.3074726587335867,0.27453659526059493,0.21246326266064872,0.1080674616234078,0.26760689167896495,0.372869737618617,0.2494503654448629,0.2582701777615743,0.6052677004662762,0.5281101839577419,0.14704171447656633,0.17427389831352924,0.20606925124416528,0.25120493686926126,0.3527969036004408,0.35541603362559887,0.4281568094189749,0.4097153504401544,0.14258521179628617,0.41540332066997077,0.4774196926901503,0.5543759056883838,0.21744560832179138,0.3795158106543677,0.3613179108341801
0.3596051574750371,0.32763658233680437,0.2337050196312122,0.32456119216534873,0.36241672005164743,0.05775017421408824,0.3506797606236483,0.07557182483447748,0.04160885364695223,0.08381191225001713,0.15443381234915357,0.12642260998042806,0.0855036119375176,0.14709009539943288,0.23559723123257642,0.13911237742093058,0.25285030832985617,0.1760625292188296,0.20306823692500175,0.1956451673236622,0.10394469259002372,0.13822188484647563,0.18486280121847531,0.16750447603939742,0.07282088240355228,0.18742522633896816,0.28597956355594756,0.11823553739836759,0.24402296743064,0.40349028101613105,0.20739093380680879,0.16917615712737852,0.05189299719859225,0.15984678274004796,0.12650534197766605,0.2643433715831761,0.28068907153073425,0.37492127381789464,0.23641192366871794,0.061985121947777735,0.28370441136491203,0.28321995523900395,0.2594396770830049,0.09656987624854274,0.17366256287330242,0.17968397161526112
0.21933867191699627,0.13552728610301507,0.21268400848275815,0.20393001514470716,0.2942337375696811,0.04770683548421315,0.22233933154605956,0.13972535174405704,0.051132684808499015,0.03139818828319937,0.1199821485717824,0.07435981277120672,0.04891574070539878,0.1093412126997273,0.11691655430694176,0.09239392000403866,0.11711667382102856,0.06499474492442495,0.09991990714126314,0.2960679933204311,0.0,0.1946259899785753,0.08025887545004984,0.10362406846961222,0.02371926551659586,0.1274822137931395,0.08498225652274705,0.10926193681689633,0.17134863157226837,0.25955152750476096,0.14967374256573862,0.1497682433926663,0.06289251873293197,0.054620026722655535,0.1389446038067979,0.15885940882834013,0.23317123764306674,0.26709551790289665,0.16605284709006912,0.02623567723505549,0.3915620707096926,0.21677584596865979,0.16152494230303097,0.10895277819208957,0.16615629448825234,0.1563924410533821
0.19170039063973454,0.09297176680604195,0.1696395807970732,0.15445922565078274,0.18293206249714722,0.026794653331471442,0.1864474091745535,0.10243779499852881,0.024595646000448407,0.04524191131340998,0.06537601400541568,0.05180217866002161,0.03663064422102942,0.11355327318610503,0.17307596624652094,0.03319691179457139,0.09000444343866812,0.061496840567489774,0.06253335208123373,0.07126005925375234,0.05060247513835063,0.1327465613028281,0.11541821731098262,0.11119980327186405,0.04078551845409222,0.088018234244285,0.08535936742622885,0.07025457171746621,0.09075665799903881,0.1210189603023174,0.08152390571066077,0.059374764770606506,0.0392935069472377,0.08598450293011886,0.10632682702112335,0.1006764429746651,0.18208230061082617,0.24763226490915,0.09541629402215204,0.019951643962312988,0.34669352924410524,0.23776544646153036,0.24558926277998702,0.08608110975962457,0.13277194096817246,0.08728629255340492
0.20958701320151638,0.06377112449281205,0.13288765710635275,0.16698740502855014,0.1471077158311766,0.026367221687598058,0.1677004979706559,0.03128398576840499,0.052962700006445,0.05814723883754143,0.059485177950612644,0.06418626146410238,0.02318261192208157,0.10520484710906977,0.09510147480168574,0.07046112160985354,0.11079591109203937,0.07588385905284456,0.02521844479199286,0.050084750053775294,0.017858555146879895,0.16220329999254016,0.07892561436606979,0.09371383081974335,0.0012813291896180481,0.07974386174218735,0.11145356198102654,0.11680807621436767,0.10823557859820535,0.17133948460543966,0.10285144017930427,0.028040909166677248,0.054265165068670546,0.11601945123980778,0.08219539651426168,0.14130172756999482,0.19648176634058723,0.25790347310688355,0.21382443668323448,0.02536841978663602,0.21956209826217915,0.21922846924734762,0.18459390985262064,0.03362594290345225,0.1581015647301077,0.05185157603304916
0.29169480812319276,0.058337733374015405,0.12899151666768904,0.19618276742184587,0.1731358742727975,0.037820785657530796,0.24098690906185102,0.10206278142317338,0.02477885634212029,0.025450033165380213,0.10014531124570475,0.10769362426328796,0.03272631595144884,0.039632872861870054,0.2145023610920171,0.09377461566644683,0.10070505268631258,0.0748714346137008,0.0735083299961638,0.10670039781775986,0.04543217645514262,0.09804003267227325,0.07085683943075141,0.12974084854891188,0.03944412817368997,0.12192789151388339,0.06608395741342779,0.18974199798706737,0.12685722608578734,0.09656440921186601,0.03572195388215359,0.035866886009363774,0.06692634262978904,0.06999908531182837,0.06959036242982058,0.0969354345816387,0.3093608102495134,0.19772300013060481,0.2264742738315591,0.020358591075972144,0.17345977480929836,0.13603361457814495,0.19988450781861802,0.029799768061402963,0.08766420385672224,0.045727875119068645
0.3329118825330234,0.15490107780374116,0.22464863731875293,0.1794341471604903,0.2464377304083954,0.08294984859180923,0.26062022984890626,0.14658614834318417,0.0557304003102721,0.11320428030993848,0.1296916323733725,0.06428917939016497,0.07047761172527477,0.11328284489667553,0.1278161406566989,0.11866874582997515,0.10268464004585065,0.10226221843386249,0.12099693436710207,0.07237406715179917,0.08679777247221551,0.12452825828139776,0.17840519704693136,0.12447096107222988,0.04370092736580975,0.18398379351787172,0.09812260967975861,0.12490248053093131,0.1107658969968181,0.14950451822147723,0.16326170697346087,0.04908781084442829,0.11936278841864224,0.15049903595886502,0.14617591587459428,0.11031605900418576,0.2503771630964423,0.21825244163180238,0.25640072157661586,0.026487116116376695,0.2621231168925665,0.17963165834911338,0.2771643962705879,0.13958657001952407,0.18572630396191017,0.1166801810027015
0.3868069249412835,0.26377532977282214,0.32085086553892134,0.3121655633703797,0.2505897029907938,0.26308783935415847,0.3894956228453451,0.23546820257038945,0.10904086475445228,0.09121652355780124,0.2502184099803078,0.11896461566246469,0.15179368517487507,0.20804048454005214,0.2768772412833717,0.18489420616040325,0.20850770392029883,0.20713455336121778,0.1104740132317471,0.2222413004077202,0.09476139716156529,0.19659430548281082,0.34359153504545376,0.3047491348798293,0.07030259661681926,0.365141794279025,0.2334886830222644,0.21390481283823332,0.24842726511103047,0.2601599175306316,0.1923110119226944,0.059305614022497635,0.2889695128219333,0.24547604937491083,0.26345815611857615,0.1670663242363732,0.24315761020500182,0.35498536713181883,0.3608678956786952,0.07176858806727823,0.3526511225661861,0.28870153373949153,0.35421430919623687,0.33423267644806576,0.22964105331432572,0.17200699263208138
0.4075068278948963,0.36684586154788856,0.34478748552029137,0.2845665429999581,0.26556707146186925,0.4369073407871933,0.4385078663186728,0.26503215410976466,0.1582960801551257,0.24192219390389808,0.35220801257051987,0.31338567804262607,0.21555827646945583,0.2283166457492196,0.3845552775306092,0.3386136530669316,0.35869941743776346,0.30838823182015296,0.16654484276996473,0.270225721857022,0.22121387108969365,0.2820654985066471,0.5279539480107893,0.2933325633949253,0.1280213728743173,0.38331877860317476,0.37255040638402076,0.2737599585868917,0.38236839254532984,0.32797292077122875,0.31425741234358956,0.21119499378169582,0.5666115560777477,0.3546317110518298,0.3968127997430156,0.2646458886558333,0.30771052361897666,0.43196271175538087,0.368031115827013,0.09563313643968764,0.5726109673180356,0.40074572885596305,0.41153224096240115,0.5468237601752495,0.3331169823567508,0.30303044210598173
0.3228117844970315,0.36450228103641097,0.3539586938194521,0.33458236995745,0.2566936424810152,0.6823185455467896,0.5544904734453079,0.3376381712148483,0.2947146075955741,0.2563862715479567,0.36940512126673974,0.4010844411535405,0.3244838994919306,0.4493117668195488,0.40962871458229866,0.3328224533395052,0.5584740254007445,0.3496408948101208,0.2128947047282591,0.2909222735595443,0.1980472077294792,0.29698537142329245,0.6306776070385416,0.32255800300818743,0.162947994571162,0.441475727017379,0.533143791256651,0.2928793419051547,0.4290879416099064,0.4758822349889026,0.3273046722272657,0.28493452345109876,0.8294828100605897,0.3456973252464157,0.3827664553776395,0.33522888801216144,0.3099122867805416,0.4803043292651496,0.2984190312090776,0.15894068508714804,0.4086817635191112,0.377743554085356,0.5740745456841126,0.5520311530724203,0.36127907290954114,0.4209827080563825
0.42481545497236156,0.4083986823973722,0.3699679814093309,0.39033590191522505,0.2779678599467384,0.6830632095179888,0.6065700981182794,0.48109679314811116,0.30425671077581934,0.33590592544188846,0.46970054679661694,0.773821908412699,0.42634496002483,0.4672003970886621,0.49678948542274604,0.4009507647587472,0.5445940767738946,0.40696769336184363,0.2510789287347862,0.31382491796179796,0.3749282142209096,0.3970611468407624,0.974995122367837,0.3990421190748218,0.20024880877253667,0.6535456762797567,0.6273803328996838,0.4813874082067732,0.437133405115539,0.5080335375760754,0.41205463932204134,0.3207835280471793,0.9239684345343627,0.35319080175522255,0.5054513769854821,0.3847231843302208,0.4096225121798723,0.47493730267297024,0.34490017849643007,0.2384193723608686,0.5908114723260158,0.47240626435916,0.6265136760085515,0.6703653745023099,0.4409819429712219,0.43076873589020526
0.6422535692068618,0.49725437286066804,0.5197921147452588,0.49509740796802637,0.29346727701561587,0.814010265911332,0.670110362591363,0.48720339646476973,0.24599579909059113,0.362406453257254,0.5392631781847583,0.7699337439786175,0.5113815720934003,0.5865518099149258,0.39598017391336443,0.34446984855827434,0.43764166058285114,0.4724734477779147,0.3189625572819232,0.4888247899513991,0.300985205788391,0.40155542981708703,0.7658965855975777,0.4519605438296241,0.23663810074225367,0.657943387017949,0.8050583402229733,0.6393063965376594,0.5203737817011654,0.6516727830072842,0.4097266155075639,0.28402493353983604,0.6892204379656407,0.39058640267502565,0.4990620096333575,0.3793433682571794,0.4450936019583118,0.6057527158245227,0.648142844865193,0.18276470323752497,0.43323779632630094,0.4758762766879042,0.7126316953510241,0.7737465555176463,0.5511434987090488,0.378023223068926
0.5318543613777824,0.4520733902664237,0.42870132487199075,0.6513828213824476,0.3062468715779432,0.560381263033712,0.5183535388197175,0.4408210039171673,0.35932181862260437,0.31123169729898753,0.5542632839971512,0.5926648153930714,0.5734986051622479,0.5144961395724579,0.3686487307578367,0.3704718096419091,0.3152560605405929,0.3621342641225004,0.3497783831065269,0.2520121686986517,0.3444589539155857,0.39961510898009084,0.61790665226428,0.5418608060456772,0.11775002541105259,0.7778910623810078,0.6257979376121562,0.3620172515031794,0.5729153082324203,0.6400434718551203,0.534322453197655,0.3235041279216938,0.6975139671470968,0.3910517867351819,0.5792273353104829,0.41162545041854515,0.5653719873531996,0.5659264183015204,0.37685531626352103,0.1622172066551275,0.4500459596395368,0.3618496686533739,0.6668800469445375,0.8198093916654556,0.618618379034605,0.26609291438803206
0.5243145899295105,0.5466579079511603,0.41808874399358625,0.49835424541999473,0.3412297824357673,0.5277212660064248,0.6485107219190072,0.3612602235540394,0.30642168436337686,0.38762972227227394,0.653821647114507,0.8015734774100407,0.5226522744922816,0.5307087709892009,0.3949638446937503,0.38037016891451836,0.45131497896532,0.43103857520967975,0.31964339046185697,0.36812319437235835,0.2553570448001305,0.3524664536541442,0.5770822086245342,0.6690450227355612,0.13125203539777922,0.7910125287856176,0.6897289398424848,0.43860285696657875,0.6220988287920705,0.565557425240158,0.5103820024122181,0.3400221007589241,0.6489790072304495,0.4599582835909012,0.4263395854718709,0.3533951864682777,0.4708500056705751,0.6061400167667855,0.39450633351053027,0.21776726191182558,0.45851000850002216,0.3695759510870862,0.7436846787198992,0.6768740217742948,0.49766648804653696,0.3982670706140886
0.5361809320108821,0.3182637833827056,0.37969950947489606,0.4237511127280401,0.2991734483425895,0.5358822629365251,0.6411536150930139,0.51024446702816,0.3883135562629369,0.3772759507441597,0.7078968105796919,1.0,0.723242758750804,0.5926303999831207,0.5245022919765407,0.4813021662585711,0.4952294059597372,0.45922933053403964,0.3622253652170623,0.45254643677349615,0.28220271963673005,0.416237956622318,0.7729521735556732,0.49885960601066254,0.2646960700247636,0.7195823161101342,0.8293088913984767,0.42255011354563404,0.6337714946455166,0.46870955569471207,0.44505470400982994,0.41222619315892084,0.6144281853380668,0.325387595165907,0.4614128530038208,0.42881687370784816,0.4533598966049005,0.60481611800591,0.38929229352058786,0.17143552164763576,0.4539483417103241,0.35710431575689194,0.5762993205743255,0.8617200202993568,0.6071992202831475,0.3279525992540826
0.5510101806977853,0.5270271075534781,0.3490828050793802,0.47767440508550857,0.3580484156975907,0.500951841433112,0.6900891730857107,0.49277293565324776,0.5095505514226084,0.3375059920744435,0.7739951240336878,0.8296971176449884,0.6352377538601831,0.49700439839942623,0.5752438782246477,0.49614514391808523,0.4795082900859411,0.5148906037182759,0.4632828289793136,0.42253656697921305,0.30318136182152866,0.46204834346983104,0.6482642128234819,0.4641521784449298,0.2084781695514136,0.7202461844971648,0.7303808816324767,0.4138920751834693,0.6199726764714156,0.8225084263084576,0.4748554000762619,0.4033585476547919,0.6554313570304079,0.4602407553580389,0.5170682841424774,0.5363387199380044,0.5169913757743815,0.6331261758240037,0.4011252194783672,0.15426337309136756,0.35778569889135275,0.39352446375114275,0.6744322217447118,0.8239669238390274,0.4998656399752012,0.39012704277846566
0.6526452401175525,0.6780218827645079,0.4097678444391677,0.5181543900653959,0.38947643908437374,0.5037347163575063,0.6071952734750475,0.521657279357242,0.536133167469232,0.31774994217363334,0.6659420643208152,0.7549030992748041,0.6142551637397805,0.4630614345545849,0.6796854846736227,0.5049368447542154,0.45044712579825374,0.5840360080139329,0.3667988531441789,0.4037283347638605,0.531821368606218,0.4737608855671703,0.6956833787587551,0.5922187086901453,0.21355518740829257,0.7415183144232962,0.6255930490510935,0.44118510626413515,0.6288246666027699,0.605761872594973,0.5176693704851815,0.5194881807875147,0.6338544513458987,0.4140391660603535,0.5847946820011739,0.6591737090990631,0.4705767376416745,0.6566365125607578,0.47474715595248673,0.16864544293953235,0.5586154310875227,0.4498318182396685,0.6905558527655281,0.7585934204088488,0.5484323992836576,0.504587572812696
0.6813418816818217,0.6339690119529987,0.461138001795942,0.6971873836268,0.3828392770963297,0.35035421907657627,0.6039544045960118,0.5702868864970365,0.2771513220606851,0.20659290131326938,0.8428496440876416,0.5756115830933801,0.5470982505959215,0.3773640802100318,0.4684594758536087,0.6332452620184839,0.39913041273605054,0.5672400728199283,0.4655707039384891,0.44514472668127186,0.5632017080767849,0.6602466433395497,0.6232470460667467,0.6571086380640923,0.13789379391894452,0.6411389742775608,0.3982477668169505,0.41292997712539603,0.6002519075246471,0.6058989406567415,0.4591922356162611,0.4575722407592031,0.440787378014061,0.3812024521514774,0.52284170209821,0.7577627948296872,0.5881160552294326,0.6296625648766896,0.7577433075577114,0.10985678125295041,0.7082581756247099,0.4384227998908547,0.9175361553538959,0.8626167020392893,0.5828156230235274,0.585828761855943
0.7890894553659674,0.6799211930996394,0.7042194368768203,0.8215142896376296,0.5984538384636359,0.3204691941285825,0.5787996652376141,0.5427502120050726,0.19120247683416267,0.18543774679624464,0.7045819618590123,0.5666329500759364,0.47577507508325584,0.4412185986979771,0.376969954882474,0.40181494973841986,0.3855442283204465,0.45542921229232086,0.5779732172682229,0.41928093605149347,0.6216029505562858,0.6699253523437373,0.5943269973022325,0.7544306769339433,0.1877041367342414,0.7459450819771891,0.37691344669037347,0.5197602448850149,0.6190359503275282,0.6064141732387787,0.45652638606948814,0.4031078472935734,0.342032494655712,0.29776893747228117,0.38258955879217754,0.7190124291580738,0.5804056223797325,0.6219551374267464,0.7792162068995225,0.1580876170544616,0.7219275471462121,0.5734198591164554,0.8211005903482299,0.7017319315037942,0.5243695314221531,0.5068661650483212
0.6979572398628341,0.8853562284502245,0.9309311142461096,0.869827013555553,0.7806885568011876,0.4077193399060955,0.5951598791884493,0.5458003720711666,0.2361676451669554,0.17738546474582803,0.8120115627121525,0.6816130315076541,0.5996660763754769,0.5874260719138723,0.473665950474219,0.4910327035158287,0.5548952568119588,0.519878913742301,0.43649881195757395,0.3529347678202908,0.8630098417166225,0.6756021555947296,0.7854156445640466,0.9999999999999999,0.24510619282721546,0.8336199258395836,0.6050711871648895,0.6627721637429143,0.7602727333160393,0.5468037428009307,0.6288680457375939,0.45015177242945126,0.3627357323249142,0.3078585954224782,0.42470332109335224,0.9154781019751884,0.5722738496590372,0.6965187247584643,0.7175088243918035,0.23152298777082794,0.7859769367428607,0.5919921265268943,0.7810859059649657,0.7864090029541406,0.7388587399851483,0.6595971095639624
0.8058063951034975,0.649560558880746,0.8462254572463157,0.6970279846174973,0.9199729194947444,0.383645953098583,0.6553146834683475,0.5071936567185958,0.2596241961504099,0.2425393065281245,0.745426566569828,0.5127605320244786,0.6104728742355664,0.5239266762836526,0.5834891665038769,0.5653654240814062,0.5171899628812402,0.42550064926309855,0.37338191435976287,0.7008157084400604,0.4181166816535697,0.5233800801774321,0.825861304072899,0.9665973618818801,0.345885644270603,0.9749897392817979,0.4913071454539861,0.7260022328627503,0.6804552193886076,0.6174077477196785,0.5573003841185794,0.3299239984559751,0.25877418469383345,0.4712567175269986,0.4123966853553357,0.9418876523688985,0.5194991762460124,0.535237973391072,0.5897900420196767,0.27109686557131246,0.7271657692711258,0.6587897239013683,0.8364912080636225,0.5969272650833355,0.772207378964373,0.4349677509908473
0.8936373384889181,0.6232971210297736,0.7866892259668431,0.5674393908364965,0.8109445529692599,0.20823386947757244,0.7973775857373072,0.445556565101334,0.18293180354448915,0.16323546495350716,0.482506812216785,0.36376385105208936,0.45924993252964863,0.481733494845323,0.4276050175022751,0.39856081053920694,0.5035563193926518,0.3975382771151068,0.22835140777419463,0.40893472289700394,0.2837499048743687,0.28574969832917657,0.6028054219975543,0.5867705794272841,0.1611722169584645,0.736682889563667,0.329906621096818,0.4983787538212113,0.5709065456236895,0.6618641189028349,0.7741933960271208,0.3008431090874841,0.2606582707267089,0.38610727441053483,0.35778100658963824,0.694962853171206,0.5663083570715863,0.6340908350435197,0.7176748901892865,0.2471812439889777,0.6644625678978143,0.6772390258954929,0.9208088551379058,0.5420199926164112,0.5367864499345237,0.4708930151634305
0.7274352792849353,0.4564782160424458,0.6468302226318984,0.5574317688682585,0.7014885997920551,0.18997302540540287,0.698993540151355,0.28809104018905296,0.12639015261386508,0.09943368475320806,0.2996559464684414,0.34030670823148107,0.2694415758338228,0.3885225335631674,0.4041718062630802,0.526800354614634,0.4155507521584828,0.4260292573386349,0.21772947736958256,0.6452067698702418,0.26153392907913675,0.2679271716018491,0.4731770179930726,0.37201150850224046,0.1382909576038819,0.5530222889299199,0.35234707739580273,0.3389157375059674,0.4445249566827734,0.5769559710202284,0.6255047808832361,0.33044950450723337,0.20270447169288658,0.3860409606255387,0.3274836756586234,0.6243703518737864,0.5879840333506497,0.6160061119032308,0.766549418253957,0.17796375744838216,0.7454354055506657,0.685893506591431,0.7518574615002953,0.34943886373214283,0.38730091936880906,0.43176154322541893
0.6003800900991221,0.48557823604983325,0.4525975390146313,0.460951527415752,0.5316045611615874,0.12181340275496783,0.5798239334177969,0.19373039924257127,0.08168593702781302,0.16417008260728952,0.3510502610281447,0.17376021333273592,0.14830915073822118,0.36841708441874765,0.3771923341162874,0.3122744218973872,0.34010539807832063,0.27431433985293535,0.2263963858116558,0.320977083075866,0.2396887078878655,0.28978537990894204,0.2932435616867871,0.4000800956651354,0.018330384904821667,0.37520443677231147,0.27988174914355135,0.2515065516179979,0.3580905017436918,0.4032027938620575,0.4777023457806824,0.18588933735613578,0.26657642393818437,0.23770580122957038,0.2962236843682836,0.5402792482375177,0.4700013243157269,0.6182983919063166,0.5035126564185056,0.18040283404119584,0.6456138988046208,0.5487160170888284,0.6509543907176993,0.25827479607141646,0.4092707722999554,0.3088555655136702
0.4984878103030729,0.37537740017895355,0.33679832459582104,0.5272350392156269,0.4397811679854367,0.05968143458498524,0.36610668245766065,0.1693216007871764,0.048400324976640374,0.08604186557290798,0.2965305211270844,0.1472502890086132,0.11953818244601284,0.3059233511961752,0.41407325644616855,0.1688302407842786,0.42346669006285304,0.3093340501011389,0.24435899526387808,0.1960847694545045,0.15255676413879649,0.29383852020764023,0.21895350391980595,0.3601566299839224,0.03428980728272086,0.3898163162521393,0.2458802529707136,0.19330436007035004,0.3042947906617126,0.5016538340264468,0.35693812729361324,0.1297767136685797,0.11321663501860522,0.1869255211195264,0.16430929748901696,0.3924760465923839,0.3439796371498832,0.5727302884680179,0.49151316371807696,0.0947627501162517,0.6577639511813219,0.33077045215098627,0.516335508852257,0.17861579331202068,0.25418386030699314,0.18317323536735824
0.33990763014737896,0.40669201439574326,0.24260945277720414,0.40618573906844035,0.2894978431338525,0.07583570261693545,0.3433479705682894,0.14128960581459038,0.035477450679841885,0.10944456729070332,0.26296556721110664,0.053987830915589646,0.08656090496287766,0.23432979510037807,0.31726969726688387,0.2019473804586388,0.3694706567953716,0.3439118711388355,0.19848052465498092,0.22310284347862894,0.2241728010546677,0.2360687824272723,0.24765303343394202,0.3357418437661843,0.029599884245799984,0.38961800279046693,0.3002614162234869,0.18073442887785413,0.2958211090297384,0.3137840235196522,0.23631550499362175,0.13512814340796042,0.08536739698071216,0.2985771471532438,0.14680832494275237,0.2895688663001178,0.2771727975095219,0.44476372492020194,0.3468520214880548,0.09733230999593771,0.5058246569735658,0.23583595532779578,0.39202470683948265,0.2544960986793811,0.2605098056653754,0.2859706768266993
0.2724732011798524,0.20659135071007567,0.18683728498076785,0.34933276289432386,0.26384402361523374,0.04579289567101679,0.23360487234078195,0.09704598384253885,0.08651428455174426,0.0700263708324956,0.17449765915975507,0.045264546247907614,0.07399142063814498,0.11457881831674857,0.2994387247678604,0.12714447186570565,0.21920300668493597,0.24024856498614916,0.13930895793024375,0.23821440647912953,0.19560418482062963,0.20745856156494813,0.17452811525049033,0.1856223417037128,0.03128119708777111,0.28022195717523857,0.2010396568463314,0.23342759440238478,0.16795199301300504,0.1458239760185283,0.1595724284888146,0.17911061063134168,0.08212469897116242,0.248695071768847,0.1342297698729324,0.1729122504560085,0.217882565130793,0.35461863757375256,0.21827511931041643,0.04729087783352283,0.5510594923857829,0.14271274511219306,0.2530818080550978,0.1218241392555694,0.16544562085726547,0.17363617886682142
0.18042354256739765,0.21944677569598361,0.162079028764139,0.20589005774913782,0.13710407550742928,0.05311469224979103,0.1921833870150715,0.15230807421496095,0.0719327360510077,0.03911584960393655,0.13506424785419782,0.0893580228479027,0.04495097154770528,0.07128875622140865,0.1266809848296658,0.10161927379709067,0.195235324797234,0.14817973810695456,0.08248191686089809,0.13368700329543817,0.16685654338050349,0.14998387004928748,0.07442851522367284,0.12737463494328288,0.0390917657926055,0.15562575319734004,0.08922594243037332,0.16419643402723416,0.13708980151549408,0.24823013253593398,0.1578468013732916,0.10660414091675831,0.04323222199288816,0.0948098617540078,0.09516924603461553,0.15495645667342367,0.17954359309726337,0.2610584704869566,0.1673131614366352,0.010958720051547983,0.42681365246596253,0.13370285615636163,0.14948239226117743,0.16686619456981291,0.19558874090390377,0.19008967097650978
0.17559576509952868,0.1489254316666133,0.1952701219098984,0.20015609703957882,0.1825356315549818,0.05624510728549537,0.17211242992429043,0.13122236529393297,0.0613994059504511,0.022823412108917383,0.14218705772469736,0.045717203705921486,0.038659457447771786,0.07474106477162906,0.06610492400571288,0.011493437706432429,0.26549351405082544,0.061280429883552645,0.09654215480984135,0.14464245146900798,0.19160230249590854,0.11001194327929488,0.12567491906593442,0.2200968020058374,0.02095490592788784,0.0788865947702783,0.11068595159898284,0.11374471317388835,0.10116127151612177,0.2898474409578362,0.19080390007597064,0.08650754469547604,0.04376438588114455,0.08289914747143004,0.15855114587019215,0.14963293340953776,0.24421635038548395,0.2048569531214939,0.17495406893771367,0.022640058157287837,0.5010631312096513,0.27151942634989645,0.22667025027026128,0.18988372853025465,0.13887594799208852,0.2849634890242462
0.14401435782753044,0.1920048899364395,0.2428585956632639,0.19338821731894607,0.210376422776838,0.1401731374151725,0.20581111597448787,0.1342297352952298,0.030821056834753422,0.04004616868072718,0.11548719069940426,0.04221522649791179,0.07458263038603226,0.0902158210634754,0.13465279328449783,0.03717843383786061,0.12509182209604727,0.04007525664631406,0.05608631622494021,0.12129757003493549,0.11503063127175016,0.1701057391097345,0.1125856620804464,0.16733267350137135,0.013382509746455676,0.1406990986376616,0.18469594357328784,0.21074236447966072,0.08625218305710353,0.2288077416748813,0.2056583829064072,0.04760862524839665,0.033670278046415036,0.14272782410805424,0.07455995742866908,0.1482928849499791,0.21297331536309777,0.2834477840134314,0.17048692424265946,0.05846205542308301,0.4314380146660874,0.2214657603240225,0.17839017953604597,0.1608058425180283,0.2245967358898769,0.3276126072624592
0.3012416494886631,0.16670576735130382,0.3016481893489315,0.2765063167242457,0.25927832273587753,0.20303601589271345,0.18814726737679366,0.1997104018565123,0.046927261999302375,0.048831465583503056,0.22352800415577748,0.08665194319731341,0.04978614525280639,0.15468331374786656,0.17246515893737957,0.1702680500217617,0.25529563723540794,0.11339938616267428,0.08624638356017655,0.15724872133167447,0.13478761984321586,0.2005086509614643,0.1765524457813716,0.21373029750368208,0.06033400516325783,0.188640205710547,0.25804263065801475,0.16799978184278677,0.12554267177010517,0.2331112750027257,0.16508431368191945,0.13737087314119892,0.11405276518617001,0.2427553268310135,0.1541982137134964,0.1708186958993017,0.21205965550846537,0.2107995586683902,0.32909661470104257,0.05029752582332733,0.44832907160624264,0.37578099782492264,0.21799039709472987,0.29611640749690205,0.13172503752069048,0.16476433933703716
0.3799547706323589,0.33373409006355825,0.2491817281633088,0.3596223100427245,0.29158787441880757,0.3911604626427907,0.3171170994060076,0.2839288881450469,0.0934992333154247,0.18467481247707657,0.3172151416268016,0.19390312333705237,0.14452892332002754,0.2683961067388364,0.4188500251604961,0.37915366185187305,0.2693498891564661,0.23911758299396307,0.11722057975012362,0.15687368233177626,0.15183593164923365,0.20981841353295405,0.39723316116233104,0.2459149300152769,0.05391995533476592,0.31463074324770784,0.34128379147626187,0.3083394786201704,0.30361821466901534,0.3531393120948366,0.24774490287391165,0.1762403978218605,0.30327694140645367,0.4728054507616214,0.28319868871853177,0.25052489967617486,0.2964166934626845,0.34464872906870603,0.28555414973622656,0.05445005515202539,0.5808470309832763,0.37298929885641224,0.33156353287105117,0.34852064680711814,0.2716005472839995,0.20937183664721756
0.413093305486339,0.46687163202711124,0.43935854242963823,0.4620087118796135,0.2821821776313458,0.5672530802185585,0.3898530356848591,0.3694198103851446,0.241995256059823,0.31625938286124883,0.41515923609386096,0.34081844334252787,0.23065283255483543,0.28742510182507114,0.4642167184781858,0.3438961889991111,0.4173994886428263,0.3232201212437281,0.12268979602884664,0.16867915231787411,0.16613731689576933,0.29218384370943734,0.7770438819032806,0.47427484416662985,0.14922661479633723,0.4080943964359936,0.6346536773814484,0.35302805377372054,0.43523306013295454,0.4423634729768515,0.44361521620232536,0.3020119971197472,0.6533272924489557,0.5948919971823832,0.4825860831044159,0.29590222121655396,0.36213094184046696,0.4611116416095146,0.4217955124414563,0.11407707241520364,0.6830517542929483,0.5227854268424292,0.46779743084291375,0.4744944509376539,0.5717245042357892,0.3026862711162943
0.4359431024531563,0.5124351055694119,0.4381338676497163,0.45736378477118017,0.2747059039475302,0.6821475598530767,0.43020321991068794,0.49124674944848135,0.2795505074567901,0.36584294439597587,0.4764376955691301,0.4548982252160961,0.32285890924897287,0.3742176253683738,0.5735807344154861,0.3560348055690221,0.509454785943451,0.425903986731849,0.16688778374716595,0.2398501520735523,0.25567794835088614,0.43730768090072103,0.7494435096991208,0.5583103594686974,0.23769917877655022,0.5416679681666028,0.6322004323053544,0.4016392472111387,0.5220352600289536,0.49585092890952953,0.49172472044016124,0.4162994479229838,0.921603635473104,0.4454514255532561,0.475949231946771,0.33822224965610037,0.38736898889482907,0.535545515207004,0.5624027651553404,0.1581298129591631,0.8020339469011993,0.4613746765446506,0.4800164133141231,0.5959798713783898,0.5225919108336505,0.455657054167352
0.45915727179175997,0.4920694908150027,0.4672351837333104,0.47377659995455845,0.31475730507861405,0.8602405770125098,0.5620601079546521,0.5683548481803413,0.25978101950740784,0.44000563164665135,0.5711203359904714,0.45058582239384737,0.4330237308829308,0.44872358383471156,0.6214816663713169,0.35256430533498345,0.5273169155413272,0.4209587486469307,0.2336437075485904,0.25017450295704463,0.35424629352707077,0.49844247249715923,0.9329353257851007,0.5628602849496194,0.281453470399663,0.6471317289955574,0.7623431309938629,0.4420072864018934,0.6466984187204265,0.5005073427504435,0.4998360880805528,0.46764388097506393,1.0,0.623774439234171,0.4456451867123998,0.43516933509896993,0.5051818852365961,0.5762374695985547,0.5896861027988676,0.22237143317240282,0.6756295426111585,0.504149119935827,0.4759697825615662,0.6250175833209906,0.5632391231936716,0.56779324712818
0.4397434155029121,0.7549043984169355,0.5319605695413088,0.6102805703851139,0.3281179138878192,0.8706027531137372,0.6678141932204008,0.5487870726462051,0.24528225755471603,0.35122587030142904,0.49710001624901995,0.6632674755386695,0.47846986487988324,0.5051375579876479,0.6371243256286342,0.3040826580664691,0.5237577299904427,0.4956049197202876,0.3954203579150382,0.3965470436701077,0.3749644262753232,0.6022001891690802,0.9488696617118346,0.6087208767643235,0.22529288472374165,0.7706170443366347,0.9205907203221281,0.6268226314126353,0.7454301738206157,0.569327788571971,0.6002843613613574,0.4716983505549706,0.7060424175332878,0.5492792173593439,0.4811098571223475,0.47195064179718116,0.44533779797100903,0.6484504299525623,0.719367263308304,0.20702513982620863,0.7300161747466888,0.5582258102652861,0.7324875023722045,0.6810648141021789,0.5271467732936161,0.5325201184706836
0.46249097717363313,0.7072604226112438,0.5408204298442688,0.4897936664322967,0.4359766948771604,0.5526067629168563,0.6208161710136608,0.491189722536274,0.2619443621449175,0.4295341908040821,0.5061793845104574,0.5190293109892902,0.5288712804259186,0.41453653408513247,0.7000230270950649,0.4028198074867453,0.4923857460876171,0.4537430016068639,0.42543693385281445,0.3659471262304818,0.44306576362434086,0.6162304028655757,0.7478597557914144,0.624163084470681,0.21269290937579322,0.72848971518456,0.9073235467205402,0.41342489032936675,0.6973334506158683,0.5400483071668167,0.6206399099039099,0.5153783537027475,0.5178657434270907,0.4427620331477973,0.49422883150734437,0.46701756691984875,0.5717917271662978,0.5480643281211716,0.6070725729912052,0.27122504223743993,0.7960652253287833,0.46389057654337507,0.8463863902909056,0.813960000250578,0.7688415699302406,0.48581949460232865
0.5105452042870294,0.7163358442916081,0.45954767295840004,0.5179249536981633,0.36980069460018705,0.528525926255152,0.5948576842848513,0.5972612374225501,0.3361846697095302,0.3890792413908761,0.6373118155906926,0.7174126609042928,0.5259858923487035,0.503294036081761,0.6397517168701518,0.4037336723944357,0.5414823911297082,0.47383030718129177,0.392954474758757,0.621063318798288,0.3584649773297527,0.5762571848976236,0.7307476183951491,0.652303412593429,0.23808497107175586,0.6989980016980619,0.8596331419981454,0.48927992224498357,0.7401049280914656,0.6220410629809868,0.873843427607263,0.5516710389659054,0.6557827141449105,0.6407242566108238,0.4171052881335423,0.5280387049690267,0.5082458067527861,0.5151544074289053,0.5972678744551835,0.2779210610193216,0.7263970567906816,0.5226988965760445,0.6112095968927648,0.7792130417957884,0.7305949777295175,0.4569017291401233
0.5327660753929887,0.6511495864769788,0.45327821331403223,0.5135843226373364,0.38148748018776674,0.6141441761444467,0.6730868641190886,0.5877034424131795,0.36959157360631323,0.37869680575048664,0.6545483699764989,0.6131082612131943,0.5383024136401994,0.48533581845152163,0.5297338431352285,0.41785682266216323,0.7656149278296749,0.7792931724625616,0.34761703951846723,0.741416666452853,0.5097288522823498,0.6768008650142507,0.7816601883849474,0.796432752952598,0.33952661619559493,0.6653494279455952,0.7454878491932152,0.5608262192325237,0.675123987054025,0.5853120574064284,1.0,0.4363735310913786,0.7185524718654744,0.5426199697578361,0.4693097374568542,0.5317229949174788,0.5788850461555977,0.6297901317486962,0.5605626215594939,0.2594490958794203,0.6499845642545098,0.6467481132112781,0.563077673859647,0.6399034822820623,0.7521308038531752,0.4159928124910487
0.6264786852370003,0.7855803303409681,0.5016210175911228,0.5471131667830204,0.3400706506124779,0.6197386391635008,0.6028860944113783,0.6961869994669682,0.5604003310949119,0.39565270171208694,0.5517043865551382,0.7027024732045795,0.5330403253981083,0.5674920453625315,0.5470323130817726,0.43411725926282824,0.6012008917732243,0.6964215177205004,0.6001440697744013,0.7377949334384919,0.44018136801205204,0.5452839334675699,0.6251707808316878,0.8186595207742298,0.26255113018870446,0.6840141202864254,0.7665909805747392,0.49834080276437337,0.7143359292756415,0.6646612474874806,0.6983617414883875,0.5670660192997609,0.6942777428520235,0.43615022668530123,0.3638389961508247,0.5413260945044746,0.5250050230138094,0.7927098934970118,0.5910790890889258,0.2923551837281764,0.7551281607742871,0.6454274072505082,0.47883030462392745,0.7194701548226483,0.6880762815409239,0.5760227233749865
0.5539655220832623,0.7583290464906524,0.4689834776516896,0.5374551569741667,0.4802486372896583,0.5793431083704405,0.5677873986571108,0.6066380821805991,0.2967581310305196,0.4491453024419839,0.5672640683266482,0.6823673631265527,0.5680877101332779,0.4682443766943143,0.5012985294782857,0.569142550608187,0.5540042481142464,0.47379951804557746,0.44122930897880774,0.5744025641679941,0.4405587224602764,0.5472520109590333,0.7392328859266875,0.6995071333994777,0.23752277842474173,0.6954646785217131,0.7217058632811578,0.4453263052731527,0.7662229856941981,0.6647347347997479,0.7049032000322589,0.6013219383436087,0.4969010746096804,0.3863105223984964,0.4602351318738495,0.591462559117642,0.5551824087231204,0.7259302336659197,0.7154312725413629,0.2493832943169513,0.7184488384089712,0.5838205122580471,0.5714923720160302,0.6809042918669849,0.6770706513291206,0.8241906681642784
0.4867366461618541,0.7573248657533532,0.4785115878660957,0.7731143697876706,0.543226194195153,0.4171271513831727,0.47465138767815296,0.5597102098241875,0.17107907506289055,0.27662054959982696,0.511333891978245,0.49413009786137563,0.53384263931559,0.40237910578950387,0.45205927532173584,0.4915051666560017,0.48437992929078366,0.7383763361208433,0.4927666055254104,0.6330994675420224,0.622829502730695,0.6152597760392752,0.7214273346782667,0.6398469559096683,0.17792689019482064,0.6372461097389999,0.6133711225131436,0.5175977069703516,0.5982766797399448,0.6475559393816794,0.6092844407865554,0.5193697305242169,0.40620687038815956,0.2995664196176092,0.3522424243394024,0.6729682426110215,0.6462287447748416,0.7088974669956879,0.7678928373183356,0.24056441603817183,0.8060568281513452,0.6467768070226493,0.5337076662498909,0.7195401318779475,0.700713194863351,0.7021641936641393
0.601488586706729,0.8700783928570395,0.6862358369908136,0.7812998143965622,0.6445853507864234,0.3662127861222488,0.6014485437993111,0.5786839693840187,0.2006121415876256,0.3023787417551876,0.49602869559503343,0.5745507893541945,0.5608208718471205,0.5111743589814218,0.5545574854659134,0.36979437954293504,0.5415961959468318,0.5552708719441561,0.48161150334523617,0.3669247596561451,0.5582099088153287,0.6204649248490203,0.6591834246824115,0.6653863540239352,0.1714721791559561,0.6170549580836391,0.4301036471825574,0.7345276941756074,0.5690247215670707,0.8034613919339937,0.5240116041524073,0.6144138993403369,0.4046610753142118,0.32803852088285546,0.4086791323455936,0.677981126459865,0.6729925648440863,0.7286968075949614,0.7808639875342556,0.2461507040293209,0.695816270541836,0.5533161452482622,0.744597041283026,0.5981035701840037,0.6070077841437501,0.7552653359150872
0.7733187138043848,0.8123441147073038,0.7564325126343353,0.7845823405441585,0.7783659267378805,0.3793509514627545,0.7048505024199939,0.6134085619371912,0.3481234249192207,0.22341501625116525,0.6025781191180802,0.6618261707135968,0.7129341203363314,0.567910597481618,0.5019016220323473,0.4199362703356395,0.5929080881821646,0.702924076417321,0.6636373103327301,0.46903330250552466,0.7449318339204375,0.7379907016333042,0.7735215838947418,0.6552119820007206,0.21338723340694576,0.6638623011040297,0.5956675153733338,0.7729765222580407,0.6234434874687759,0.6305559857386575,0.5705960401947489,0.4953288277377102,0.4193397794753845,0.31962513110368496,0.43215594327692214,0.8873050830989778,0.7188247448865979,0.703821767332347,0.7869602898312128,0.3757522864746318,0.7036141813146289,0.6076584044233884,0.728697010877219,0.7079390605918601,0.743176909759659,0.6020824023410398
0.7225607121525632,0.6604283745667006,0.7913252024325668,0.752855608881345,0.8670943988883004,0.2903387978806373,0.7540586975475345,0.5569384480689817,0.23261714079225768,0.23763349016984536,0.5456850796091276,0.5773391299567272,0.4462571312644919,0.4451709258124933,0.3472538086252052,0.3295496384501172,0.5984763178479822,0.7933878278241373,0.6994242958985029,0.5312605580904288,0.49880030618241245,0.6172950880012166,0.7202589990217578,0.6591722104752393,0.1894666250580834,0.6625352676370466,0.4415128173158907,0.5746835002118372,0.6052644857254783,0.6705715319714632,0.49720062255446984,0.504464117307205,0.466003647177428,0.4605813855831882,0.3739422775702037,0.9476237394322244,0.6259799333029218,0.5995240733926882,0.6893917118637547,0.48614271785959406,0.8734577816882484,0.7266888344856839,0.6826249785159837,0.5141850726871378,0.7321926727884633,0.5869147046040689
0.6449907295940794,0.7383418514244914,0.7274045263929281,0.5056108094991713,0.8682779141298484,0.26880663153336387,0.7375430098488962,0.5124561737868361,0.12218482742482621,0.1430243117528714,0.4502287426612799,0.30110782923094565,0.33659189831452396,0.6605546938507257,0.399826821307332,0.2710333572756858,0.4725911684684504,0.8383578971341965,0.36129060331070595,0.36905676799853826,0.5524640472514065,0.512351651246823,0.6551420557618435,0.6288939265458234,0.13807818217452988,0.6268467157885214,0.4111563266567827,0.5101064903622651,0.49548162177172933,0.5999503185379308,0.6396887707582062,0.29728197838549775,0.40520369259430394,0.535033541941904,0.38009959769870305,0.6359974162513725,0.5837783430879204,0.6351315444075313,0.7342133651095683,0.29589542772129074,0.7854644120753956,0.7858483564741107,0.7335338172047613,0.44434717987051636,0.5624771052085037,0.37685792162365295
0.6644077700373585,0.6126410613483069,0.5275985957300035,0.522329349932306,0.7446013403162764,0.14748057653741836,0.5950198343880229,0.4512231224644986,0.13847608018185673,0.15692901923326505,0.41076243194538387,0.29969559261525874,0.2209278418630112,0.5486524587031327,0.48301323953360886,0.22041174120587842,0.46878947031182006,0.46204862525325113,0.422758382438529,0.3235643236251845,0.4102085139579664,0.5826252000597156,0.5783795635335618,0.585614267339931,0.10287531845817083,0.5579264191397479,0.35051513445241456,0.5377948845652487,0.4751237468877079,0.5724853515912796,0.5067831042561112,0.22743015413723094,0.35745916526374477,0.37436243626640864,0.36217398291086994,0.5169724291478873,0.5296369543115208,0.5341313647892378,0.8251282983436841,0.3473322644015675,0.7127726343449935,0.7929964343412514,0.6420511634276634,0.3278951209232916,0.4800833902327413,0.5862094143332969
0.4715599030851804,0.32950796052681347,0.38188723642462685,0.45162461794400266,0.591878697939361,0.10492353984822486,0.4334123435041308,0.2957180683386692,0.10578227083080098,0.1541825035190377,0.3714275548696933,0.17500103584850696,0.13342912754704914,0.31794652674316554,0.39011312579676666,0.18965334406355006,0.4774455343213929,0.43493275583715135,0.22032437754472653,0.3262015670766764,0.1981537447479345,0.4392493021433038,0.4142458886390339,0.36567478192647446,0.04237700603098197,0.5106090331237458,0.2997373816370863,0.3958577278313703,0.42614368575719264,0.4057227489364742,0.4635983348920649,0.24513330814411732,0.3341566316355057,0.30954657505233274,0.28955479384554333,0.40304345948949705,0.41377681753817896,0.5206191886331774,0.46383170135468843,0.20850888139049792,0.6675672560028285,0.5579133101910382,0.4948597651246576,0.4096022246545997,0.4704898759122949,0.4259080123329907
0.36465949290290106,0.3549713064127736,0.3036026231984174,0.49510669147800446,0.48847372220600227,0.13419876131894581,0.3304607495629085,0.20628795700122876,0.06716991628046758,0.11072151632301666,0.2153404131084709,0.11384087876977259,0.1265477610183483,0.2865063158384939,0.45410138222192187,0.19754039922302236,0.35985412661220556,0.3066410980597216,0.2454406206729888,0.21240875341444507,0.21379118917265266,0.3094311016074347,0.33256973731738143,0.2486396050455795,0.032189217228230156,0.36487957109886243,0.2178948374930137,0.2757144800686904,0.346724548763245,0.3251275749122772,0.3447500785367057,0.17123738322506665,0.15366289739179007,0.2587148609578538,0.22884851609015544,0.3464521197751165,0.4480369050667296,0.5180612820563442,0.40878154288078955,0.18890888342857826,0.5197590065248514,0.5203804103049451,0.49723968439345306,0.2357482703506944,0.28613200743779565,0.4715651045893867
0.20135053820093438,0.2489467158766496,0.22378571593852825,0.4281961512495691,0.3709697464533704,0.08596566692909025,0.2858152746726979,0.15728877623439128,0.0465536137607659,0.10093666922212179,0.11950769713412905,0.10348773218540738,0.1080466064198585,0.20107070926877363,0.26376055790744946,0.1785659313124217,0.29690578327423606,0.17576527786538287,0.11184956047878622,0.1361230860549323,0.1289061163393485,0.21085272451975348,0.15784899507075598,0.11582467498877216,0.020723673386188024,0.2710116436001409,0.1526253470757997,0.20286504295415267,0.26305471586379403,0.2697950067386159,0.30415045476136165,0.06116185686205328,0.12369751372471045,0.2779351085891746,0.11366128073555169,0.3153196556369068,0.3578113374506337,0.459735258894601,0.34329553142391755,0.07598479449992321,0.42415525487523237,0.6324953860203577,0.32800416345755407,0.176660264028189,0.26763386363493186,0.29170446593510857
0.16452259995121926,0.2084692716238043,0.20426754603156116,0.24316954509501956,0.28850025390367273,0.09407868034876946,0.2334013233276017,0.16362213327742808,0.08005376792974692,0.051866508421653065,0.0754859099138629,0.09871778912560482,0.03904773978899209,0.11802240140459513,0.1932895868823229,0.03638826649763277,0.10982299614668037,0.21011819377468227,0.0639862499614745,0.28828129651885004,0.07280274135858329,0.09572076574649895,0.12368125500449725,0.10479843812463238,0.04389680820127941,0.17764017603495724,0.12765956791338884,0.1688640150972881,0.18237630923554254,0.14954732257083858,0.10563116677658209,0.0614013027475543,0.08239380624631634,0.18764700164965542,0.1389661128834631,0.16693556191453413,0.2715980702461961,0.30469455103854737,0.2926001933947712,0.03146252581598519,0.4106491465251424,0.3462395350240008,0.2870651730594504,0.12106774986161539,0.17050645536842315,0.1654657907958093
0.13529876932903603,0.1663555372182098,0.18424633228494022,0.21193179456833827,0.17342073678727682,0.06656311675404408,0.18206962654821543,0.1610124870327256,0.08702174295899938,0.049916654202898064,0.07026755197356307,0.03543435584575625,0.055328111478146785,0.11565827517074875,0.19716844524206067,0.0324016902007693,0.15700773852371944,0.1780559840184484,0.06646394487381829,0.10440563245120807,0.13852893730810922,0.10948903072141751,0.09616835101083657,0.08181080070941318,0.031043297778751068,0.1817091867516909,0.10856368640500708,0.11119612308547852,0.11416865057529185,0.10719082728744031,0.151735212278366,0.0878036214954309,0.06595711598392381,0.143492744370836,0.10616609683032681,0.11416895298511065,0.1311510592375229,0.25306667916855863,0.22439269599072814,0.03676907665432755,0.31436597738749156,0.24994206660263568,0.20425928006550503,0.11393135272398508,0.16848677771540016,0.16893394338864876
0.16500127347478977,0.08589444579072182,0.23696586693440885,0.13234345461940575,0.17821184280955318,0.04344536187145699,0.17157212915522127,0.12130017699275791,0.0588740448185191,0.041346276757707884,0.07004772048413871,0.08489575392771022,0.018303752638952918,0.10199638179404982,0.09641522548895981,0.07291860851966121,0.12959269023801323,0.10847338134274512,0.07420208583461821,0.11089041468267652,0.060662210113657425,0.15329015903103596,0.10431535066985029,0.08705085670973275,0.02641788046425931,0.11596278602095075,0.046025407885990806,0.07721530795973042,0.09802705453556537,0.11442357225756492,0.19418601160212523,0.0680743821316046,0.03122330191220858,0.14652678203523356,0.1408230639161448,0.09764206277128112,0.17485672920448359,0.28613860365283805,0.21865121987068992,0.019142158180121802,0.37101339351870194,0.20213246224132508,0.19986402894727862,0.12809937987079922,0.09016488930242024,0.22772652054292078
0.2191705953292354,0.12964075204218553,0.25995151699843255,0.15126560422835908,0.20088557516295605,0.031141466503690193,0.17278450949313862,0.17068555934391466,0.03219697806437641,0.04724384866749021,0.08250570860075755,0.08643967802099939,0.04245924286365867,0.13864490740350996,0.14219686626012606,0.05592571139229183,0.12108510646768758,0.07097722337984486,0.05190070600002487,0.12407022624997027,0.019583616758062777,0.12865087217840837,0.15502880312667017,0.10409996885401152,0.022813632675164106,0.11450331111875282,0.06532647997524182,0.2233873552652542,0.12930727817063106,0.19066407467957128,0.18210673778236947,0.08557296265251187,0.02992413791046776,0.07041586890250795,0.059702541288651434,0.12834186161836,0.1008599640299867,0.16046625176297902,0.2737957320868745,0.013623197582320602,0.23722897811978505,0.14579873813607774,0.15740266531632913,0.14386682024426278,0.1750077957502161,0.17057370932714058
0.35308996512817037,0.25840852687577154,0.32151080967876544,0.26635270579975423,0.2230421599429628,0.1484840482991157,0.2251952326827764,0.2515839969354312,0.05020212901274998,0.07762281469504966,0.13193676017428496,0.13850702063847792,0.11139607287487323,0.2697141354919676,0.27803098972936613,0.06543117814548184,0.1910411480500194,0.15124523781836002,0.207175119446016,0.1530560488768372,0.08828432187286937,0.08737017872545648,0.2636287479852331,0.17553746445840057,0.019591179906023576,0.19183365701007046,0.07123739736198301,0.2573649692958495,0.18798887689898022,0.13237189625032295,0.23089856984281798,0.09784025241933512,0.1170997406666865,0.23169054976572714,0.17700282182010313,0.1914071754888363,0.18753429234414548,0.22747163472270807,0.31663972426707215,0.05543387239445685,0.26002810794913905,0.29326293318413016,0.18989770471305498,0.2639895792421798,0.2525049270548093,0.1543122012601997
0.5096001355404717,0.36502447669070653,0.42762616092244116,0.3970420864357395,0.296680690766351,0.3279529266490298,0.43584796023922867,0.48500807248424416,0.17015537668463232,0.2722276113742981,0.3278957536991842,0.19640776449495434,0.28312644836044076,0.35595576946161356,0.2751571688045379,0.4606741944542462,0.40176991820171387,0.35717557600678773,0.2112930290164036,0.3301597628872241,0.2307479022647878,0.3329593979030847,0.6134586701622273,0.29530744450980223,0.2122276290621083,0.44086063689311306,0.2960504501404739,0.3301518707154064,0.43136271935145404,0.29954741207504665,0.41823508449111757,0.23401595073925435,0.3168753082485702,0.2827392732048356,0.42526232890054294,0.2860485722743322,0.3238453212526004,0.36025732003797084,0.4099434806350343,0.11965204624831975,0.355852305521705,0.3143676827065671,0.33096436355826436,0.5615348592042899,0.3921422605457219,0.23535162508646204
0.4035134610356633,0.4615932344309732,0.39918535947387884,0.4164944415421917,0.3025480716636458,0.564244207112366,0.4034774781112963,0.4865522660409404,0.5041414152135094,0.46956785291025455,0.43456706103845627,0.26261131206380867,0.23981317049675735,0.5154508523194212,0.48712010462572664,0.5455491990967719,0.5050654296340354,0.5260301561692975,0.19187668975839864,0.2489858889316751,0.38770003139678444,0.3633592674751353,0.6999411721484639,0.3922533875513686,0.17226672322779385,0.5347423665951543,0.4227834335857507,0.413754794687402,0.5430001250739022,0.4611424916599589,0.6211442872639367,0.2325491265219251,0.5062749149730859,0.6849376703593423,0.7066836300602697,0.2544794183896616,0.34387963400184374,0.4025255209324771,0.5299737766082175,0.09455708823209498,0.4748320164062451,0.3736024040425752,0.45049278827852685,0.6735556136706182,0.6096187853450106,0.4230946812936234
0.29926447760271213,0.5303706027608326,0.31514124710875724,0.3971317652299246,0.3101574486803669,0.8338350636693992,0.37079610627991993,0.5109791415153299,0.5680756837780222,0.43686287541961655,0.4624263758947477,0.2584593433468349,0.22616551609775665,0.6496726396361595,0.4288226886355132,0.566708817696591,0.4141455065423706,0.6180492438882499,0.21918124115357415,0.1548851143918815,0.5678631606951117,0.24612398046673756,0.5776333733307459,0.36836105078250053,0.0857848880149612,0.6078827135496045,0.5947747517267437,0.3799047339198321,0.4767794863079432,0.5285959254610082,0.7429556272323942,0.4139514986172677,0.6669055840541672,0.7323023100631764,0.7977023425986308,0.3230752586122372,0.39039093448332357,0.45323833572606753,0.4950183412309215,0.1817045001356033,0.4934094588677876,0.40831579665854484,0.46154944924146973,0.5904293999724758,0.7210427731239794,0.6684605284111825
0.3603703066939147,0.5226230826246369,0.4349407963805958,0.4633912593192767,0.3301568306146984,0.6721099493792763,0.3698144440614517,0.5477134248030155,0.5340064496648281,0.5816082380398322,0.4165958952199792,0.3427362123727223,0.2618252084233968,0.7582067778966058,0.4130065917937814,0.5459869564727021,0.4462511828128412,0.43315423187567254,0.22335620475764442,0.20664017867811876,0.5497980880008692,0.3349449719514989,0.5284875010342738,0.43250322501812616,0.06589404106102456,0.57609748485916,0.6429831801314362,0.5178160273027997,0.585022369099413,0.6461200073990767,0.5704146044846052,0.3368356592561695,0.6422300784302158,0.6426252308995204,0.7285326392369366,0.32241687214025727,0.3235829623807409,0.49153959711979106,0.548464895856906,0.17609095787240905,0.4445654253953043,0.34317567500467583,0.4807779449326062,0.5992563370480776,0.6448555615483648,0.5509555533258399
0.3905728398175674,0.6263781150221961,0.4495772500348153,0.4138419449093008,0.3778744992866376,0.7420285363446466,0.4374992350622238,0.5967877579329116,0.5287457888115078,0.6886668125217037,0.45909245470964477,0.45807512686875435,0.27243093511655225,0.693213479278512,0.5532846320231898,0.5713114288001049,0.460278301792259,0.5255967026248896,0.21468551531122862,0.2800660191377818,0.6816251767728488,0.43832974673718045,0.5115985027893029,0.4130948001887384,0.10767612424378717,0.6518491261698172,0.6952633473777318,0.6631053518480889,0.5747076086230646,0.738469158452791,0.5528124425864577,0.3715559351945902,0.6045026479631171,0.5653494422145511,0.900538849265401,0.36613519456128263,0.4442687914205021,0.5107361596120642,0.7526390069920208,0.1637123376310255,0.596554270492152,0.27544218042203766,0.6047425725356037,0.678307114007256,0.6097242077052213,0.6632206911980764
0.33387644690840773,0.5558700503102463,0.39485436331126783,0.3684043834241383,0.30018190875214323,0.5955555542665893,0.4541547733817563,0.6156167839540111,0.6920431120247325,0.7505467847477236,0.5677317866680518,0.4876113532128271,0.2749811950831666,0.6525227111544644,0.589427934203299,0.6249476410772766,0.46031873386035843,0.43007126559030245,0.26399776134191166,0.36332859268176726,0.7102967050252473,0.43021518447029117,0.5501946694778632,0.4663540758186662,0.06804170330535214,0.6690171989179894,0.6103914211944301,0.46648388278248726,0.5711405038833648,0.7250645766767922,0.4609297739974215,0.28452148900796853,0.5190178747249182,0.6136135969229306,0.9041912097217375,0.43932414328382297,0.46113373776338623,0.6301836669510014,0.722282894146333,0.17723150255739697,0.6931579479022077,0.4152223392360928,0.6620019301691279,0.7532450557003338,0.8623506371163576,0.7463815932986371
0.34901692452710276,0.37655239571527177,0.39811937581783835,0.32290692497711826,0.3116616712713138,0.6770363557334971,0.40410022019409114,0.6369483846847879,0.591260234865622,0.5874550587743439,0.5638533857967143,0.488811290534895,0.24803375696757954,0.6577112344340534,0.5130086189279781,0.6745415859569102,0.4299006774339345,0.5316746548746518,0.38871752344902916,0.41798473582361806,0.5922178606667773,0.405580709913422,0.5244077373394476,0.34267279661836864,0.0851658444197804,0.6311054143584884,0.45335482691687734,0.40708957479166036,0.603072527957535,0.5543798928478717,0.5077581241344874,0.3027308696657158,0.5797555113434376,0.556946393856031,0.8145553612619029,0.35670271352431815,0.41046444085783557,0.5794079059197291,0.5966265616015577,0.13813644781075216,0.7155629477238747,0.35348939579185173,0.6827551305472774,0.7017872580644109,0.803086227504532,0.9006936533102874
0.3424229486895226,0.5048080993074683,0.445823172905951,0.37266220290780405,0.3136142925411442,0.6407521664562309,0.3997470109504571,0.6903314292643709,0.6033417345171403,0.6101254603497985,0.5842168108031601,0.4427415003980651,0.2499383091287539,0.7182471025466526,0.47047052411476475,0.6194411456675329,0.4779784305786213,0.5978236799600565,0.29245269961859166,0.5950326998434946,0.5266443188385687,0.4392356000374331,0.5112886206220331,0.376979535679126,0.07360931392037762,0.6563280549008688,0.4842791841170212,0.37532359891901884,0.729796217654602,0.5983925404917653,0.4657895075934766,0.2750160121484869,0.47813384948903576,0.5148115860095983,0.6901034032118757,0.3938408871785748,0.3400365708213007,0.5358770832601192,0.6981215939150067,0.1645077179239659,0.4264110587149023,0.2606736703398072,0.7134425816405994,0.7303002377396387,0.73854199653656,0.6516635001093359
0.4671154368182183,0.5842437421828335,0.433946121402389,0.33422288632073377,0.3020241105140506,0.6930106466475422,0.4044233003246481,0.5844919820691692,0.5522414150462273,0.5897594172748688,0.5645438637521966,0.33891450919305216,0.26582163445680795,0.6318297080755526,0.47003886668983286,0.5927411928001188,0.5209356758954059,0.49183105171698754,0.23172882351067284,0.3010508447182592,0.5701420784937892,0.3853830077452725,0.7873570519378597,0.6070351321136023,0.3872583679440847,0.6731983400465362,0.5179338221069975,0.5109053977515712,0.6184066529242371,0.5881161459643072,0.4199034452759837,0.40374544651009275,0.4850735813376363,0.603098874139329,0.6291958675736916,0.36644901258815565,0.39329193052580724,0.45759074074701384,0.6502135394220658,0.16570071984126503,0.6303963060888332,0.3903576312467087,0.5372122358538911,0.6127891080942791,0.8039879227944177,0.6072146194311188
0.6374172415380192,0.7559787246390159,0.46479582476251274,0.4005350867346388,0.41630602977995956,0.6553521423251473,0.4519016575547428,0.7115325969694832,0.5561489889788441,0.6120867238818961,0.5507778278802129,0.4801452704707445,0.3744246632924042,0.695450475465193,0.4339071478504639,0.6175090596894101,0.5448366395187041,0.6007159515065625,0.2002844863535115,0.4888843849363643,0.8850180101018814,0.4778221659730124,0.6701563447851231,0.6103335860251136,0.41593211997597446,0.7514665852772628,0.4387459045566271,0.5239878205613421,0.6094762282055486,0.7818634717767066,0.7262182732352591,0.4376147085095799,0.3944690703219512,0.7101763159530221,0.7863537609595623,0.44267212023216507,0.38906868128063815,0.5317207639806921,0.644558017550032,0.12018608339900509,0.6002614268314037,0.3945333551928301,0.6056497471376536,0.6715713340523161,0.7574551633356061,0.529728948199298
0.6427498967775509,0.6564095821355009,0.39993689735631444,0.5129819248709345,0.5501020331355672,0.44593622898140933,0.5398221767857033,0.6174599852857531,0.4625006440657548,0.48742280229365526,0.6435967250089089,0.473411963618236,0.4779389299209055,0.6619200693322839,0.6617118837565026,0.8590527288442261,0.5292508120001813,0.758475483802455,0.37056782318666126,0.5313799907482333,0.6569904564184172,0.5772535844790907,0.8513772741933063,0.7219270676755775,0.5644731271824531,0.6170420531177618,0.3311861507088848,0.5565055788120495,0.6868200734324457,0.5478142291927037,0.7915569763646061,0.5473753690952902,0.36762675085973656,0.5290597800929532,0.7097356381007408,0.6412088126721894,0.4624292555351611,0.5456896978262087,0.6273843872223341,0.14813425403594685,0.6935311536340719,0.5778487549076563,0.7068545021852555,0.7192540110604642,0.6059482084269806,0.6355150204163614
0.6278499093480806,0.6780829967465614,0.7347807581084624,0.6099787917080822,0.800629061598419,0.3925017494163984,0.6114388569248884,0.5251860229019758,0.27655632883908604,0.341835223133253,0.49121053405696474,0.5319089431119968,0.42980993277151436,0.4913335325529856,0.6359159176182915,0.5095468136885849,0.5839400233526042,0.6736840802221302,0.294454673182059,0.4751673266452876,0.7811256354624059,0.5208627117246963,0.690152133416521,0.7815763500348882,0.13467869366395388,0.6358597487530446,0.5502564569433096,0.6643226734588118,0.6377767812444353,0.5448819848060471,0.6657202230845862,0.48844230726701526,0.33229647795589695,0.28700808399566446,0.48193825843820554,0.6746484958026071,0.7313613048824631,0.6207843380069787,0.6124008826468833,0.208426707514123,0.6435792743568056,0.6403008580962807,0.7042915036779289,0.5666101645171948,0.40392014077260835,0.6534162525774784
0.7919206582331093,0.7418338371399277,0.9304270907045359,0.6372741909712054,0.968939674078797,0.4172546009205923,0.7786457331667276,0.5145361300732828,0.2790768074620287,0.2603625455600886,0.5100625356024246,0.5644115394502318,0.4976401987857858,0.41709456559488656,0.5120527314575697,0.4286071119464899,0.5853853117435853,0.5824958144872727,0.3744761514837507,0.4908845847265261,0.6958494143650972,0.4229163748511077,0.7774241068301941,0.6478359994948995,0.08476517521361057,0.6831840312081343,0.4821718272991101,0.7560854377379689,0.6267417826291897,0.6976653871608277,0.5117386920343132,0.3189371862464574,0.36466609444901443,0.2953766938885649,0.47641926132620105,0.8332556868284747,0.7344072285224511,0.6804791214989061,0.926779138799792,0.3242798724054749,0.6930509277556782,0.6990039243279561,0.7923918233066496,0.523531385694518,0.6692673087248361,0.4382342698711622
0.757115369488171,0.67958802433025,0.7656268458732224,0.6330118225794755,0.933364033764625,0.4232801150734688,0.6698911968744254,0.5135616808608608,0.32796531842433363,0.20085077421320127,0.5768789844910022,0.42836239756121375,0.36588577173533415,0.5847479625190134,0.5583020662151276,0.3378533579088243,0.5134367160031769,0.6428095232964395,0.41505480415984325,0.3606306218764594,0.5342365718853173,0.42642101471308347,0.7555606325787123,0.5223525829889851,0.08163154271994152,0.6076090692871823,0.4001891107715524,0.6623952217944247,0.6142320082122534,0.5909163076027699,0.7003498183396275,0.375290644376179,0.3419234218955058,0.43565567920735115,0.47631050636393074,0.7784894265917398,0.5988220810742221,0.6378338583900716,0.850918938952364,0.4858597447822087,0.6591603188932834,0.8281907479560614,0.6358059818897585,0.5383282952857061,0.7429829369759017,0.525225977793243
0.7167739472685348,0.6950941610470832,0.6174550324113425,0.6674094980913784,0.8487863878722758,0.3803325526073855,0.6336666925016299,0.46302188499671637,0.20037260940341156,0.17648959687764632,0.40891373646602913,0.40041799819737256,0.255380164335846,0.5415227161526169,0.4844322874228114,0.26010132991966733,0.3774762021188042,0.5132532310958702,0.31967586475633847,0.26034455649386035,0.41277793664856316,0.5008101345115624,0.8072160481942412,0.42796753713941477,0.0882971934572073,0.5997974361520284,0.3574193379185411,0.6032951657439,0.4792900256417228,0.5849259388795862,0.805657944918574,0.3672474972181627,0.4428592268485512,0.35279420544241513,0.37749709164557127,0.6366052680224992,0.6441664845868442,0.6413659996498632,0.9999999999999999,0.2455645720877744,0.9160424974573544,0.8106999328279676,0.6795509914995714,0.48311898475721377,0.7946408574663505,0.7770103932222848
0.6810595963916621,0.6107077367531363,0.5231179381755046,0.5462582470875552,0.7197358664714787,0.21766171290721742,0.5736187077422528,0.41806877268688813,0.1252275416673785,0.18002240461704241,0.4033978216152794,0.3375501010334589,0.2623134357389473,0.4595034594606734,0.48281419757277755,0.23108293439122962,0.46988393848281107,0.5245541946412797,0.44803071435500696,0.2501721939972834,0.23598274973923727,0.23884625410301774,0.7935495690761947,0.426740985356837,0.051315315027263005,0.4755430132066108,0.3010369596589502,0.46116288033977776,0.3618105987521116,0.4883678952389733,0.8679798310543347,0.5079525069278426,0.4117021550439325,0.43237283809134763,0.4512880105235214,0.5778133737823635,0.5192265105859165,0.691892128016047,0.7859093750772108,0.25177510277215304,0.7562506512845977,0.8546159326907453,0.6460158834624219,0.33003998374121124,0.7546252773468145,0.5406156558888969
0.5198915079778931,0.5162665144602384,0.41531657185277576,0.5222577497468289,0.5076876647184535,0.157441253478126,0.5598849096204443,0.3065310709044421,0.08415452753616996,0.16002086455652928,0.30480436656769794,0.29227646256325424,0.22146996323265342,0.4234494798780972,0.3730779186656825,0.23979365624587168,0.5688586534475635,0.43942008017460915,0.3565228655198808,0.29704651964131346,0.30224277399484734,0.2733858018570127,0.5045310030883909,0.29754282655080044,0.048282490342150146,0.4982073990098062,0.2537089007511516,0.3937925032237453,0.2846486626904254,0.5005102936730685,0.47286627263690617,0.2986033131900182,0.28237263291195164,0.3646108485166578,0.2588654190254154,0.6094043830666218,0.5832400294230411,0.48366769319019304,0.6933999080622559,0.11995854552960449,0.6524139340155898,0.6697118919889322,0.6413219930609139,0.3316544725964805,0.6431155334630272,0.3441012181411851
0.3557359709911834,0.4666558701168869,0.26656299206216216,0.403908366679908,0.33174145178357306,0.1014437363040259,0.46624235183820495,0.19699671038843938,0.019091911190837255,0.12400732190482797,0.20584835792682654,0.2565068394390644,0.20715979699937773,0.2343099834585041,0.32178375383608127,0.18524895986486428,0.4429988983356278,0.17841670660207637,0.22902322160299313,0.13612016817771347,0.20583177910501604,0.2632237018576363,0.3082626483078772,0.3432297540923875,0.050543844614444174,0.46676155733727975,0.2540485240052185,0.3532402007651165,0.2605930142470105,0.3360796788109063,0.5152346748181323,0.11669502758583224,0.17189678034411665,0.3232369968347816,0.13258842922913333,0.3684849415159187,0.37052940562342207,0.5381749602658015,0.36188521688556835,0.09565630470370513,0.38545823673202745,0.33808272050415905,0.48146662769226284,0.23662277219256833,0.4718454402375852,0.3606501878253101
0.2717275091180547,0.29662728097286534,0.2335337838078979,0.42801769731056283,0.26818313095319285,0.13715951487074327,0.37516822055607973,0.19060579650228449,0.04944297050847063,0.12785309717428014,0.1897543233811422,0.12169190394665286,0.18527851646620802,0.22891758298498585,0.19403018729312765,0.13039156623206888,0.2718176808037543,0.12272792912413999,0.15308303445464536,0.11371267584276587,0.19128661686048526,0.16335954594822158,0.17937064387397172,0.17916497316439886,0.049567729322584235,0.37080486501525295,0.1485797094780927,0.2503503010801969,0.11354538910373072,0.3206566564240315,0.43359294914053226,0.09206418076836703,0.12796621900831806,0.17534422981091632,0.2277901964261232,0.29003306179370314,0.2608985144956903,0.4350576892669337,0.3031435366652318,0.08185909391292114,0.39112079703095143,0.28796431651554283,0.3637573140382886,0.16993198224388265,0.35395104021679896,0.2321865664368716
0.21198224312476668,0.1861099338495705,0.19019839272711825,0.18549071989629345,0.2583959156804944,0.0,0.2759609105053388,0.10237857276117637,0.04793322869670419,0.03311789245656851,0.1485156075420845,0.12454292970774875,0.11283747937142381,0.11896829732669498,0.18685508940129503,0.10895866252930377,0.16134603543751092,0.08741445974155401,0.053657357657617206,0.08149689338865346,0.1955827023613788,0.08876524489132863,0.17972512800328713,0.10984884500979455,0.04314691565144741,0.20095217355359143,0.0851461773269108,0.1870550477483269,0.13858656774105899,0.09336356649769267,0.1688549910452763,0.15230626384564822,0.1333672365587339,0.10980948123081546,0.16709527498583365,0.22004881994217654,0.24117419190101286,0.36219261180443396,0.23058023657275423,0.04071324163291597,0.3765263350402886,0.21223288623428727,0.20186536676109995,0.09306892914017634,0.1958081170775796,0.22405749670670114
0.19258547453741287,0.09453948442922529,0.21982614238268985,0.1456695225279329,0.20447788614540097,0.04564150822805283,0.2272054404435153,0.13023004298792706,0.05031096534190965,0.030832132298638647,0.1185683583295762,0.0941113717167232,0.05354925744890206,0.07473370101226598,0.14553594225052469,0.11025392156634366,0.12410468579913309,0.057053840687109336,0.0798906536057673,0.2097659251271228,0.14447955191909168,0.10274149681470522,0.17355430575258027,0.11071951930115798,0.046352199428675515,0.20107108530486634,0.07096430074747778,0.19322109082890282,0.05878355097496198,0.1279684149266512,0.12624437994594262,0.08495957620411536,0.0872213162965382,0.04825141237896054,0.0854249966451798,0.16043530567051537,0.200393280565371,0.28909325767790134,0.18897784770415146,0.023151804669538128,0.41704530196109285,0.2773071849763557,0.21032081779235895,0.06459551773801103,0.1383474987610097,0.15081811140031948
0.17515999316429526,0.04383688297841756,0.30789963225775885,0.1332486906933851,0.1558536628716145,0.03143359720031905,0.15180010315422646,0.1249219382598227,0.047491454302707015,0.08575658786832378,0.12930330985416288,0.09079902697828784,0.048296160636822474,0.06188556613753984,0.09702237012701939,0.05528491213852976,0.08133191382707097,0.09261324243685393,0.04951984508884431,0.06339658576140325,0.05483620992784467,0.07268120064011357,0.19489404823530654,0.10604201278385755,0.0433627023043878,0.19079381551294136,0.0840662921417186,0.15325368354178043,0.08003113951835825,0.10428859362967316,0.1110507171596254,0.08270471811459983,0.06318822467343478,0.07831744532609847,0.11169210018319985,0.1806851929454879,0.21786672645491317,0.22888887732958704,0.30442934176928277,0.009053560092502334,0.3717964358204271,0.21228783197360712,0.26596721724822636,0.09629275219088415,0.14358094593434312,0.14382102551602827
0.18839658387848882,0.11457513082989668,0.3289296037506209,0.10729802836235769,0.15542177452251504,0.08314779777339848,0.1600590307680826,0.10684280277517005,0.08483923032899793,0.03388884314891856,0.09199832862650156,0.12970142237368254,0.05361232331667448,0.10076340567530936,0.08504257168030302,0.05458832622304065,0.12013084720615952,0.06891233620922033,0.11092930906788401,0.0692700258741343,0.012722796891771651,0.12967161223873655,0.16933729314054724,0.07174884084467942,0.06104540187645808,0.18235278884602987,0.0699172418068148,0.24189331113905535,0.07005386894994084,0.1680645786592387,0.1652804119323576,0.08521296378511704,0.1354257078804863,0.1641912814487467,0.10469605541249223,0.2046720846841934,0.24279848087532002,0.22479080043706565,0.31815868489456933,0.01698768983674592,0.3323015343475398,0.25104341375045636,0.1804876732479057,0.13263220531653747,0.09906313021534413,0.19166354477537068
0.27056576236342283,0.27587510899019296,0.40095264648445056,0.25277580608724365,0.2640287295187462,0.12843107071922094,0.26972248072900995,0.18418561730055164,0.06137033697434692,0.06298063897211188,0.1485802998750432,0.11688195244280286,0.07154542568517808,0.18903073372389667,0.2982585924082066,0.12710581420223244,0.1864312596503552,0.11811132519282844,0.09154916390778045,0.12627579202483355,0.14963665390666936,0.20146451142576374,0.28451529005573856,0.24043251861650242,0.05254487402999828,0.19067697682314672,0.1296649467796071,0.24978543823162194,0.10695196889330093,0.1754389723553168,0.24998200712561147,0.1394344458022555,0.22020388925604534,0.19668831395744807,0.21759114532910506,0.20424022348939622,0.23159877650422755,0.27054313607877994,0.35229943954548454,0.06368766828402005,0.37967480073332666,0.3150095431804234,0.19767473738736013,0.2445991791061451,0.1929676147409904,0.21441352202283784
0.49593217433267356,0.2895509195708303,0.3375727921035683,0.37962020019258647,0.2851689592019758,0.3224040709212661,0.3674805682390551,0.43512898732968275,0.23148884536991624,0.2513968066356679,0.37933295480595686,0.28420422901720827,0.21021812335832113,0.3928312286258502,0.34386241138689244,0.4295966033562538,0.3225668365423163,0.32238502589344264,0.1348183455106819,0.3118364280494387,0.31177131036287625,0.339533305017444,0.650111344433655,0.3356850042818998,0.1621685614347149,0.38918626853681676,0.21159360564630575,0.3412457164286358,0.3013047574114805,0.3072223626300288,0.37750976719570506,0.21515468843835187,0.3526398102257411,0.2551329059632188,0.36128662084918495,0.36516367134412,0.39144374113342456,0.3455547837970526,0.7105400206349758,0.11890764747468173,0.41246799238967213,0.31983911989581015,0.3524328881497674,0.5120181937159576,0.432622416092021,0.27294486363274295
0.3954452462593676,0.40951467543110776,0.3948468245377802,0.3215906468495722,0.1965265840499982,0.6089581981871153,0.38493757072625884,0.5286089144564348,0.5665084724815853,0.5124557020965936,0.453854077308606,0.28084787411557754,0.2648769897813594,0.6382240716191104,0.5832069818758918,0.5876628956192773,0.3711611293978203,0.4419191948352755,0.13440953770939465,0.39763265145599963,0.38379302637881374,0.3251554139844223,0.6864809429420771,0.3617961844528895,0.16870008569470052,0.5512778356640777,0.5515059365466681,0.29092454054874173,0.4559906702604768,0.3488813966656449,0.4828178628646922,0.2562006784778258,0.5462909556296781,0.5868669390429604,0.5973987607538886,0.325045303312958,0.3253069181923261,0.47185248397748797,0.47687994915052623,0.1510716213491701,0.43918766763190376,0.31695053419735303,0.515668617083426,0.5754034860163703,0.757713419773701,0.28996296378811537
0.32252780219194027,0.4367037067887814,0.4069243419648169,0.3907571942732368,0.2274296816175047,0.7913997607188831,0.36761110109938716,0.5954002862156459,0.5615746315195539,0.6508993406031776,0.46826714785373413,0.22234493065128766,0.24000277231476544,0.6772652647135526,0.37984064704570264,0.6083080657651225,0.36700220557251556,0.44462327171160815,0.19157897925097517,0.3258819956301783,0.4175268287644869,0.29963523261301267,0.5850448016360235,0.3836975057817918,0.10674895095507805,0.6124724863205397,0.6802336973485289,0.4500998622308708,0.43154435786974105,0.34990810667357486,0.41476500603092015,0.24806083932640877,0.6165215902363579,0.6821762849330633,0.6797517972679327,0.3047170605897397,0.3913241970587686,0.4945231702649468,0.35517653260905124,0.18687399160044602,0.3542291361847824,0.3426804559074356,0.49283533483676095,0.5975115320708017,0.7333589629278111,0.5685705941059723
0.3388887810047413,0.5469226987815595,0.3914099043569744,0.3890135693086664,0.23606145726333866,0.804367555291016,0.4177867533688917,0.6104273741493819,0.6052928171065587,0.6778388098048593,0.5317115530910073,0.3313819119887986,0.28612762562770044,0.6638817066821807,0.3787454212038141,0.5009438277376048,0.4366169815054145,0.4072148277829349,0.21915199216574974,0.39866618390847464,0.4583730592575557,0.30125058475250677,0.5395212989477989,0.43712244700469904,0.15287426995359618,0.5960245882055417,0.5719534261301941,0.4536802279164686,0.558673660973927,0.5317652990443883,0.508246300533275,0.2729002334539958,0.5770269694373366,0.7278115345496352,0.5098265970904521,0.4345113901885581,0.3904661670724287,0.461957645825151,0.5000940916300054,0.22213075852069908,0.43567575765532784,0.3454612562454556,0.4761599447897107,0.605574132033538,0.5227760654024054,0.78054875553248
0.3893143748738367,0.5523931053058515,0.46649722685683553,0.4486503544021447,0.29333848085587827,0.8352834521491194,0.4750984289811188,0.6430884215042441,0.5348111429916762,0.7467036457317753,0.5303257609511279,0.4733094670689121,0.27860013946761464,0.6380827497210104,0.49383275673805904,0.5840954425970428,0.5121325400878836,0.5888069622607737,0.2763828722297281,0.4717840645156355,0.7452840838276982,0.3897478804700316,0.6357647400483801,0.41539124404452893,0.10309309329788777,0.7603699141454276,0.8525921717732462,0.6149084475792908,0.559684338599304,0.5686877983271832,0.48345110882202913,0.274147218828881,0.5246903623606799,0.5692194989357671,0.7573561938269343,0.3985292146000723,0.3383760709287555,0.5295264345184422,0.7199703277793147,0.20197097209591947,0.5185996697196754,0.4339283319427622,0.5595360791565923,0.6712109421172084,0.6716324151881685,0.5911324597754057
0.33977796613091926,0.617362393501504,0.3592863685575135,0.38450142739697163,0.25600261409182984,0.6043306834767932,0.5142484291511413,0.6196527526626281,0.5270238075587631,0.672661833320398,0.5932837495471508,0.44923930592096484,0.3352956621412845,0.6114474915640069,0.5690697253056247,0.6229172621409798,0.4904768284049197,0.5450402422227913,0.31018977854732316,0.2771639527566294,0.8148274573092191,0.4291106330858853,0.5449453308135759,0.5915557366523994,0.08365687091854224,0.8474595392646416,0.7060362760572795,0.45349465128534383,0.7055790123217303,0.5580050005860898,0.6372107578542904,0.29975360834751624,0.44331142132623913,0.5851986020932596,0.8355456279684067,0.4115916840150794,0.4106716767634578,0.583681568365919,0.5284075150532095,0.3018672656939974,0.5214546284103149,0.3314812650971446,0.5481861552012862,0.7810243448660505,0.8554155561174881,0.7269284996394347
0.3760177047037835,0.7022183011359812,0.37572205181621937,0.49444857600052927,0.265106369381338,0.6077439170436777,0.4554052918247528,0.559842592022232,0.626073143853587,0.5743491063389101,0.6118897457456726,0.44356536523014656,0.288627965696115,0.7412246386496346,0.631664669416944,0.5839827133796498,0.42110794863015455,0.498132006467002,0.26950761441683957,0.38043832707096814,0.6563339767769075,0.3987945988596334,0.4538563394055803,0.48528790545460493,0.11732399975423849,0.7927751471348663,0.8771038358455349,0.43693787150694396,0.5633031244111778,0.5960768159168752,0.5035420583194363,0.22686912517227642,0.5829650438076848,0.45831538045307785,0.6904528435436617,0.41700220481065564,0.3476201863595041,0.5377741481381848,0.4807069583047563,0.21012582735707527,0.540897459161642,0.28855511838796755,0.5211232024184167,0.7627422746158227,0.7306366271640954,0.6092326008701107
0.37501172967722524,0.6824697206806515,0.3546098419381467,0.4206830807269357,0.2742508113382643,0.6717601270005106,0.46674095931167325,0.7705226094570905,0.6281509211256485,0.5913216475111873,0.5724770123496079,0.3986089529499204,0.26946144999773664,0.5589632689773585,0.6845443111682586,0.6206330935976103,0.3451420986083223,0.4771854884913455,0.2921419329072007,0.33666698692858005,0.39468053511060136,0.38101130237594355,0.4599490577263024,0.4267411916114111,0.14527741235513741,0.7267684704719706,0.6167080476345548,0.37598039795023497,0.5402885535613688,0.703701791445338,0.4981758275249224,0.2708279291275227,0.5695816166868922,0.5636428620386283,0.6241316074216535,0.43952822720141915,0.3751008743084276,0.530484289995759,0.5290085816472303,0.15216237490884404,0.420512236463701,0.27529493410074524,0.5424246083368948,0.7102169324509492,0.7391712087548872,0.5750171143773887
0.3957791908919861,0.4897568140244884,0.31481223637254735,0.3930506060225853,0.31753850294205965,0.7393051999076047,0.44320047624165526,0.9822798446762697,0.7039372814556987,0.653470897597491,0.4635455591936947,0.3453675002294272,0.26485637196651424,0.6816474021302509,0.5726749015624899,0.5954970322952626,0.37078990415509633,0.6265282255386297,0.32144478343051336,0.4933714745917911,0.7232704775748343,0.507601184604977,0.6214598197959971,0.6044593390101922,0.3549008592492696,0.7874478019233069,0.5287985595064831,0.4365745609680445,0.7125383993860637,0.739449501425966,0.5766226453892911,0.3094377849477194,0.48716360322924585,0.7613056220563833,0.5884869968906021,0.39222858191000565,0.3448063753806577,0.44776339921586344,0.47033661172797825,0.18960876489611184,0.33690576918541737,0.4084317224819845,0.562825975759379,0.6916351674034104,0.9522448564326419,0.5144427255283963
0.5615393855631782,0.669783714183188,0.30538689206712855,0.42464546415124316,0.3412489089809655,0.602539476271467,0.5155422180027592,0.8340546275665768,0.6863839704533907,0.7441536258714967,0.49926026308298216,0.4397825175759464,0.34471702388460634,0.5993134495633962,0.562833887574968,0.7438568984865105,0.46455543283426715,0.7295303147512437,0.28977696447674883,0.3935565930282721,0.82046726686298,0.5936016430051761,0.6262884371346249,0.7005979835441444,0.39994519035178105,0.7807318174400821,0.6038987651079639,0.40829149992606406,0.6878579501076891,0.8399632283299908,0.6951618545012767,0.33628539875001834,0.4745866429452185,0.874809365318222,0.7221957794641668,0.5203317452935293,0.39635706045542757,0.5521245923663539,0.5925205387441685,0.22491856029923202,0.434396523011146,0.40367063277833215,0.5382204171129527,0.7798365046933032,0.8657982329011051,0.7257015179792844
0.6029147284529947,0.5851088844650507,0.47836223245231796,0.5707117717324673,0.48563466052247717,0.4833829146740863,0.5889513022121711,0.6370594033980067,0.40231556197424406,0.5509915837061212,0.529199077931657,0.5487079159680089,0.5262877027852181,0.7107512305829073,0.6950975201931744,0.7648143536875066,0.5506942218783379,0.6923776039512448,0.5025217603092467,0.6938195648706942,0.816924597731672,0.7045385662859551,0.7397444211867445,0.7033289095218733,0.5158083743161015,0.7081936674023577,0.47215013935034966,0.4629115319433085,0.6597363032391254,0.5396726814169122,0.6931077423488426,0.41920293246101487,0.35510046107533766,0.6147942255167824,0.6623968385847478,0.6513371451358412,0.5719481957104858,0.6230260915145115,0.6382987371151795,0.28967858999968543,0.6325091131882308,0.4330229322565078,0.7711056060177244,0.6878699763656514,0.7714299579614761,0.6162189435781208
0.636248301751036,0.6657618715359899,0.6431595167733962,0.6609878149077987,0.5511309097845316,0.47485657628942113,0.6041128729829482,0.5697911975269266,0.3878027105103708,0.42676076160081805,0.4671259817901376,0.5690528632803862,0.5147021231925583,0.3855460349499435,0.6282089465290532,0.6512246254366498,0.4972248463366239,0.601594131096125,0.39025035214006937,0.32947192301794814,0.6229070222077572,0.624794237924439,0.7200672882049375,0.6102533398135379,0.24498923513707221,0.6401693558047814,0.4912558183666622,0.5534909394105084,0.6347114871989163,0.6887448897350793,0.6614528161450078,0.26942836992426733,0.46716956714808794,0.388398924149871,0.5260467442527864,0.7853865136487673,0.5453700714589186,0.6585372772405471,0.6989220995977342,0.2630307732287444,0.67877511186396,0.4608559147086335,0.764836908938231,0.6444766198356621,0.6529897696433825,0.6348564364265611
0.6843170173250099,0.700047827559433,0.8190146716411445,0.6325798918861933,0.8386591289518315,0.5411291882376008,0.6667467381312336,0.5913527573124588,0.37180090196563603,0.40589067599992457,0.6551031416676546,0.5128594911169557,0.5812299525303755,0.43791013326543055,0.6758948601981659,0.6623291142627096,0.6634352019004177,0.7111706004732321,0.6565176929775853,0.44936818114423227,0.5613499369325657,0.5743748218902146,0.805394834768806,0.8499537582497805,0.23214348662831924,0.6718335993747249,0.4296587892565265,0.8272712065884993,0.6447028011717658,0.8180927418629426,0.6725197000383597,0.2928739051827865,0.4056447560347596,0.35208359857659444,0.578530263894711,0.8048395462068823,0.5009654875234559,0.6245721144883799,0.71922013016618,0.33686376866951273,0.7353619274918358,0.6738613734395212,0.6633400936495875,0.7542802657794848,0.7002233711726691,0.4439327527104414
0.7090287041802168,0.685727624596394,0.8708466207833627,0.6327575442341007,0.9725516289516011,0.5820114570344096,0.7951934834225728,0.6132364809220273,0.37896641880866316,0.2870620482008417,0.4886115480767265,0.5259644431700004,0.5376846465640732,0.4571386032085107,0.6512986968724578,0.4913050247783371,0.6441415024104054,0.6528791580356976,0.4128700238021125,0.5054706850117325,0.48506049480855074,0.4546540840168627,0.737941197183364,0.5268076854948258,0.13924482533677052,0.581086675966402,0.4968902858286247,0.7605050776046096,0.5755486488853753,0.7879519826995645,0.800403512489097,0.3252576280536396,0.40683698107509864,0.4326851323145232,0.4960624466450387,0.7176592829740778,0.5567889795244274,0.7006134744045867,0.8321886525084048,0.4135491932267784,0.7152180084331135,0.6418204372755971,0.8016931204796252,0.5823090767382302,0.6481976991332713,0.4836016703355177
0.7989841610952635,0.5335114463127627,0.7772165483661624,0.5431134843699612,0.8828056766180746,0.32193929950538047,0.6525790994020132,0.46856801847732443,0.25506911287585066,0.18660324685024635,0.39526724798872476,0.4249542246300316,0.3383153898076325,0.4613077973465107,0.6614602555327765,0.4202748765204078,0.4463821359832929,0.5221990437951103,0.3386192069412874,0.30769593400082446,0.33773734529626703,0.35360571446331707,0.6950346545074828,0.49364818523822424,0.11153334054669425,0.637424312950734,0.4423326902667678,0.6131066289745758,0.470952418426759,0.5523977866105655,0.9029922362697955,0.3265717469010828,0.3871576387235513,0.4482347391094429,0.4134908767845164,0.5747832091275822,0.49846889986673704,0.5689413441438814,0.9444975213183144,0.24402053039546348,0.7902085513520428,0.6569940740027188,0.7123191732073285,0.42402249127377645,0.5831651009873571,0.5759638289893526
0.5954762491677461,0.4480588611765869,0.6202538651824367,0.5091469591756249,0.8375388731997584,0.17641327081975605,0.5139656252655377,0.3333595019717719,0.16575619717200563,0.19309104628802176,0.3884536749051646,0.3940774120459476,0.20549952671270008,0.44050486434225333,0.7287972373015329,0.3502538269709159,0.4096102731809587,0.40797022916711506,0.27812654543981197,0.4633159329308062,0.47142867527714805,0.35780872034676836,0.6940449862034592,0.37402561033102977,0.07478345323977076,0.6333940450474556,0.45584050661309217,0.36081876654854844,0.5035757806830062,0.5269971650697655,0.704793642324877,0.3189649409873847,0.3630421054723513,0.3509612286203102,0.42859959537675685,0.5938311465066514,0.4187948369716329,0.5381059753249771,0.9323502579117465,0.31775709542545455,0.864023166772933,0.7136484496919016,0.6787527434468819,0.3752957810340145,0.5444393425515024,0.48012055400952147
0.4556769397922572,0.39105348818983854,0.34509387934085944,0.4744433396330328,0.5021835453157438,0.1507089747301494,0.38599716997860545,0.2915363079945339,0.15041351172207235,0.10295090312366163,0.2599979959408834,0.23801475775567887,0.1748461631658281,0.40821127993365697,0.48047388262921154,0.2836803818388897,0.3910445576061584,0.395168917332163,0.23159692217652997,0.39837997308034684,0.4068509866512395,0.36593580082304183,0.46025989303230813,0.3657950101190357,0.07123776341901261,0.5562228010621237,0.3165604915853802,0.38097982286241344,0.3044247481404394,0.605573692369086,0.5659876609368905,0.2712867738849259,0.2529686251331662,0.19077765388263743,0.35093413230014103,0.4918057373122011,0.45746090836217,0.5037124433628832,0.6664269370698024,0.17181422080433947,0.8041053825067392,0.617203076795572,0.4784064442116764,0.3192698274435476,0.4406318693512118,0.19644682839858754
0.4405273205703483,0.2675552138969118,0.335421574226669,0.42580341646240794,0.36311518915134416,0.10682034995791748,0.42581295628214905,0.12564446107894037,0.08708995630630968,0.09810520342801983,0.19646757861878045,0.1547181098089388,0.10943551160200916,0.22073774281079508,0.324969234552365,0.17345377841078313,0.4237358455260811,0.29283796170446974,0.22633390919729487,0.2634330219134092,0.20197094996769577,0.2076499728521918,0.2982885794044692,0.20316892287110985,0.05036087291842197,0.37745772853691106,0.1850267426925767,0.2770105749104179,0.24018981136162798,0.49525713956959794,0.33013625254856727,0.16259896819156358,0.12939888103130814,0.21595833540562662,0.24861026676266673,0.30903033398297564,0.3614939815478549,0.4248056480947081,0.5364199942583041,0.1351260570262639,0.5261620967739342,0.3924208016592277,0.40253971878411937,0.18370627989142066,0.24408843321922052,0.3207153096770906
0.3191976806400823,0.10553563238162156,0.30272411516382197,0.38999020454059596,0.21526250171250938,0.16461720263840457,0.30587174796745,0.11180868290731419,0.05220747020612071,0.0759501942963578,0.08377287326894925,0.06278837567464436,0.05729543867742139,0.18471080940605433,0.24490813620303237,0.1997278921918747,0.19933522832330028,0.16070834702481887,0.2104560714136924,0.18635669080566913,0.1920748297419011,0.21955686602028518,0.21794903670052013,0.11082333411998241,0.1108210872106036,0.3443647228048877,0.15638822811237738,0.20576372992659758,0.16963887394625277,0.2627534565789582,0.26587784126869185,0.11431556363094984,0.10497290769467739,0.24532592362848646,0.14628956699624168,0.22005265187394754,0.40262394003555524,0.4661445112352461,0.3269075858974804,0.05846756189557313,0.3756741266154862,0.23539577164461395,0.24566566314038799,0.1796770823306534,0.17714031067089228,0.24355845348824898
0.22287647503412084,0.09450178523162099,0.22240326995504067,0.27116919977080806,0.1996770557345719,0.04937311696618483,0.26439107188493877,0.08138514612035522,0.030554198523608102,0.04975990734115879,0.0427294419553184,0.07084037589124115,0.054143019372722215,0.09777421496344549,0.12043036417636038,0.17705242571615148,0.13414713025500047,0.17459266434041615,0.14488508675212283,0.18572267032451495,0.24410059072212792,0.22528074858475117,0.12996164693343468,0.12708471467368962,0.04011650562817224,0.18510578004995512,0.07733979251378281,0.16009354408998322,0.0591368197291065,0.1627193421740085,0.12738022093444534,0.07446488786371776,0.12424380611011228,0.12006346753981864,0.08992375626878421,0.1876171394023976,0.2096969878576977,0.3511997716071849,0.24496099424524093,0.026032995252449873,0.3995197386281246,0.16506231378201247,0.2476303646142742,0.10397143097778799,0.11709928976146361,0.15906356371810249
0.19109131000593038,0.050521476314606115,0.1596110310420625,0.1986965836509418,0.1585796506104874,0.054218502464958136,0.1623202114642796,0.12894242016227203,0.02535615149423662,0.0430406069062465,0.07406303371313985,0.044540032041401736,0.050793087300210205,0.12464530983429506,0.13563494024630593,0.08762076334405809,0.10384876159012835,0.11153621703742528,0.09975816305277418,0.15353152972984796,0.11807992316606959,0.13911679527170376,0.05112841765822944,0.06612427466792814,0.03891163488420112,0.15356076677762115,0.07176942643031373,0.09432640143520518,0.0999010589005599,0.17743559252220203,0.08777227760646157,0.07337001641941401,0.0810791823722104,0.05494530487326689,0.03202419586284614,0.12269523987464728,0.13165263548688996,0.2512310122383643,0.21633798469667703,0.023887180419890127,0.2916512198918692,0.19055070037703287,0.22967513710582063,0.07759315255636112,0.14496521620083813,0.0529677693062407
0.19360739247014944,0.15935216003151903,0.20668807307624132,0.18083443480407135,0.1824539923335466,0.060498626683924535,0.26171625264100534,0.0785104481921658,0.02098315356327073,0.0536517288663807,0.08168083352124217,0.052554887967833,0.01781283812101212,0.12544322189823126,0.16611059431278158,0.013533726315508136,0.09558090897724189,0.09249170657927977,0.15089379624494995,0.11531918993771065,0.13146485788653794,0.09791687757328403,0.08041135282928252,0.10219412483162293,0.0266666090702811,0.13033674324557346,0.07753511863754939,0.09663729161505241,0.13430797042542544,0.13729277943201376,0.1461746030574546,0.05902194256539435,0.08242353608389216,0.1433628243952686,0.07328651191052522,0.11586063151606041,0.17097476965082706,0.23303230454667814,0.14572405610593242,0.03010564153031235,0.24713875428019894,0.15966737965072325,0.1945742072753443,0.10441959120373473,0.174799057895335,0.054327161820722836
0.23401488490164477,0.18872207239839087,0.23954768834095275,0.25593195446626815,0.20104717643309203,0.06866869126018788,0.20351040054273303,0.15394638448035441,0.02849245270361023,0.04915628863199585,0.13073240013706758,0.06952083931537363,0.05417954840914174,0.1488683286668485,0.18994096537915584,0.0,0.13631930656645644,0.08203944518492404,0.18887913674341514,0.13885449327632976,0.08834669961559437,0.14694179048196562,0.09683861794001825,0.12267856698379218,0.025238143153797167,0.16887406240440167,0.09112979002206908,0.19639088461022328,0.09346598909719926,0.08243658925878546,0.17020927876988728,0.02701279841471736,0.06535814193922818,0.19940518541173166,0.13510082573384558,0.13039115775702348,0.12877260514754846,0.27878843834200123,0.22040288348779957,0.018286552204598138,0.32684196759695017,0.21107398682003142,0.11647466577789284,0.14522146166507566,0.2086493316836199,0.06045545377680568
0.32897667099292055,0.3820016464340934,0.3094211770076459,0.1980556390760837,0.18509108354254908,0.21650129080740538,0.3254643826247103,0.22058297754510472,0.04833550366247305,0.08421411162429268,0.18419389059885424,0.14462625822635422,0.09289332964738505,0.14354198594770023,0.21095041850096746,0.09834214909993395,0.21331668160559364,0.14111639766434522,0.21302327080218705,0.18076787270177616,0.10103981943600396,0.16622508771738587,0.23132852842404955,0.2215214295005358,0.03207663846101314,0.2579293017982329,0.23501448085167848,0.21300191240939745,0.12828839883091078,0.20544156301108626,0.20850295957848775,0.08586440643170587,0.14539912759648999,0.20837690604814116,0.2529376690667114,0.18112449259257418,0.19757423569250995,0.26207359472572067,0.3884441256764704,0.05534704660936669,0.35192627021511913,0.31228802963203806,0.19287368161948992,0.23423122653151462,0.24316236605391972,0.08970314990452263
0.5157559086578498,0.299065769527033,0.37430269316451864,0.4017764700561975,0.18864404154754952,0.3842655621989395,0.3487046970309271,0.5208874585987283,0.17767962987102448,0.2451020042876642,0.26556280978772956,0.25314384325628625,0.24493866990435728,0.31655890147224025,0.4036637382612425,0.4485699197214868,0.3104298164443011,0.35460362475747814,0.15349222889058967,0.33936334584508226,0.2533751526686595,0.3389468190071084,0.5525673515903655,0.44069603041627115,0.12578330939588037,0.3795020220226015,0.29399404155376785,0.3356844426448511,0.41899155923591835,0.3078239980584213,0.4744926583304139,0.20808951911917759,0.3577709185691099,0.44786299668734764,0.42626508047547457,0.28077565987295194,0.27670632577453763,0.29033969398592047,0.49262726825117364,0.14192130222985605,0.3626099658142483,0.34455150181862837,0.39071944423527966,0.5054206971217963,0.4185941410183871,0.20844172298558192
0.3980010773302443,0.3482460432121213,0.35674175121935836,0.3667112847336706,0.240376242769128,0.5733039572635888,0.42901864098305137,0.6325399661176727,0.6010359894079358,0.5985989342883005,0.45031388319255,0.35072784141585645,0.26681031493772184,0.5555619045534517,0.4349878663206792,0.6214967675546611,0.3716137542264063,0.5528165342354936,0.15239311760795365,0.3101047238156356,0.3323998009041428,0.3598613325492079,0.6849574835072982,0.4878089704891084,0.12667411812275625,0.5770781837035273,0.45674431775583735,0.39839672634112583,0.4542032821919932,0.41104779165962824,0.5796241639328431,0.26145742493235485,0.47700784393987167,0.5768187516294915,0.7146342665021115,0.28503111453768304,0.27873492161069496,0.3058970586274551,0.36464914415231,0.17322621163803525,0.39649913806247583,0.2945575051499107,0.4819318160048382,0.6110055947839015,0.5633628355797943,0.2808171340858472
0.35734678942576176,0.3163209773836697,0.3083507478739665,0.3654163907885405,0.265199199708183,0.613261613034632,0.3537963192019904,0.56346817682867,0.6004673778968586,0.6543622365764692,0.48576716534222214,0.27302888063001285,0.2361112407154955,0.6426130165854476,0.473903351610912,0.5451217011572543,0.36254454044243617,0.533901300698959,0.1953407723318017,0.29590122723276485,0.4751214601519388,0.3327588701369198,0.5925162086340108,0.472070467745133,0.10836157538684216,0.636494163393942,0.4840398312917129,0.3788954478330665,0.5572874734455895,0.45990492974425357,0.496049808894907,0.18021793922770726,0.6740331331906155,0.522429205871352,0.7579032928807505,0.3229672136592564,0.33215080312522866,0.33760130104459374,0.3868679162236969,0.14308052271301228,0.3504724474319132,0.34000103085339656,0.5945788171319085,0.6003809138388677,0.6273899844043733,0.5974589255411312
0.33670137049365306,0.418493418695706,0.29894790333134447,0.4287634248492593,0.2699712268309997,0.6034417333558644,0.4479239546481611,0.6095032578988735,0.6487745803404452,0.6710087783247323,0.5753483596430067,0.3463806591633821,0.2729879528042019,0.49925496928917223,0.46405238641335267,0.4848671690996123,0.37271149301044015,0.6786853833045026,0.11220507788351725,0.26700605352024465,0.42807961708498876,0.39497093167999525,0.5509392206358035,0.47983402661487556,0.0766829773699543,0.6415759665450047,0.5557950536797165,0.4344253922248181,0.6164624133575015,0.6941739647966227,0.602275169149186,0.18447769967629032,0.717090903483607,0.5780445992157817,0.7754506078313321,0.3607944528116993,0.38198832563755425,0.3712428721331882,0.5101224984443123,0.13992397616369082,0.3944347910872926,0.1815918054080029,0.4335207343838902,0.6077421270465737,0.6554909693220062,0.5277362396225393
0.3917867408944926,0.5756251425697644,0.45460563784562136,0.4639598362648894,0.27755672699070694,0.7521233645826026,0.4661398911795636,0.6346158181827198,0.5673191127750488,0.7352787205839604,0.4820284237678704,0.37633788032675475,0.26887099770027156,0.4871635097278245,0.6459407850469875,0.5686713501789814,0.3449157584344055,0.7960761587535001,0.2745804840134993,0.3339285371168432,0.7687214033966606,0.3810613660323647,0.5744470958174581,0.6152794452139682,0.18606549167873415,0.7679265052136239,0.6488014522286765,0.6920201112211205,0.5371608248187257,0.5606072333603186,0.5023402740189414,0.23963857296715096,0.539747752777894,0.5158702088356397,0.7923945827140396,0.4031355646598641,0.3884188746720661,0.4142658438143494,0.8957567573933111,0.14200645671672507,0.4501646811644365,0.19059102633231562,0.5579104043575567,0.6683937222657633,0.5749303453640258,0.40020400350675533
0.35066170563687893,0.5757918697100248,0.3811683632832949,0.43828066310410696,0.2919444758417497,0.616756346928798,0.5280120534280891,0.6313858899496989,0.5466794997434145,0.6311605139122116,0.5533719058762719,0.4588197274923281,0.34621612935329676,0.5836611333843553,0.6498570275906602,0.6916273386293824,0.3074267974476346,0.6645914808374944,0.31481285360109124,0.3201206456513785,0.7705209571487971,0.4293520885677515,0.6209290770639164,0.4949364330038985,0.1326445032424022,0.6690263994755363,0.7927795184539406,0.3852572670571364,0.5542951437337723,0.8421049482947573,0.6919598721995778,0.2684188964574407,0.5168740794146927,0.430712205572118,0.8026583403480678,0.44569502232012714,0.5241945945033931,0.5054730209241883,0.6940971305994718,0.20261205968430993,0.565771946393961,0.24683580466748906,0.5792860745514516,0.6766095339175867,0.7865512562112439,0.6282531960831798
0.3191776793589933,0.5844110023605685,0.4017964227436781,0.4075896223094819,0.21912627811255264,0.6407543189609552,0.4011860616854483,0.5615593447958476,0.6354503894183395,0.6007876251530564,0.43697168085218185,0.39475804299320233,0.31591421295186156,0.5614358629973794,0.6208065584591378,0.6849656858651115,0.2740905212824937,0.5182445632369683,0.2368445861920482,0.3129481498208405,0.47994232250966706,0.43658056299926257,0.5036424760715525,0.43624249225038797,0.13275179216366936,0.613426382697589,0.9046916939929223,0.3821417765065956,0.6211579319168403,0.6716691755602158,0.7329096531228579,0.3521546939022954,0.49334810860599415,0.5191776251691941,0.7406076592256526,0.4461759501773648,0.4260879668153505,0.47549845044577616,0.469557341173073,0.17434452726377278,0.6052806821950497,0.28974519673627264,0.5072232746543367,0.5637803499851175,0.7043032809719593,0.48371563754931834
0.35698146540972564,0.6727172064346103,0.47293906160909066,0.4142028922286321,0.2816693852031936,0.7053830512501396,0.3984486893606276,0.7195294017449668,0.6310629326417,0.5916531077200442,0.5683459172391109,0.3372857380806382,0.30784908694315805,0.5330444350456728,0.564359522809193,0.6946964337017408,0.42941229363690286,0.5517055062430218,0.3035213841410086,0.33901586179940824,0.4627425013294701,0.40085998531216044,0.5267909353378928,0.509616879677283,0.15856127570550613,0.6660983390800626,0.8529088273221319,0.4002470518804009,0.6279759635744747,0.81744894605016,0.7110902939793549,0.30787976849031623,0.4608596618754111,0.5164452752907203,0.6731943910970577,0.4001425614842361,0.3107118161609915,0.5207963808910552,0.456209418224358,0.14842325040084994,0.4823739817102897,0.26037021397962967,0.5533640953961968,0.6676156848651564,0.5942917601056599,0.7249987077502629
0.3743456725427696,0.6009540580595892,0.4060851062956454,0.33884642024733075,0.3082865377720156,0.5896607982207344,0.5642107937480663,0.6771100108403553,0.6608843656164114,0.6733467912718079,0.5070700415625304,0.4276977464791669,0.3846410570505432,0.6478837740031557,0.5425436684557379,0.7436045465731298,0.45685799966018903,0.5878564229458694,0.4672385464168912,0.3895631757192007,0.7799163311336406,0.4664044724397796,0.8060830289023833,0.47803495795503165,0.42906599821915664,0.7811510734117877,0.7066486470766079,0.4549169321038893,0.6849743840059013,0.7312707160923981,0.5855833635674043,0.30350816500470124,0.48139092807743905,0.571615816075403,0.6137106518782788,0.4812027996027215,0.3512451001281559,0.412085261075082,0.4189058548189303,0.21153361281897376,0.5826789132647395,0.4203008235193903,0.6061066541337462,0.7577817629891802,0.9640700651452209,0.5905196042582603
0.5689626489929428,0.7267543817699892,0.4018056544886308,0.41692647052349785,0.44891585305783144,0.6619656379462098,0.4679462161055401,0.7167226920909378,0.5648552728965931,0.5900969968436138,0.506764758923352,0.4907392571782798,0.4163601763619056,0.7065318508034255,0.4908585952196688,0.73530317094477,0.42921027066180056,0.5157667671928228,0.23233687975550402,0.6722202257007035,0.7980347112935449,0.5708624350843209,0.6446462017157235,0.710144195104318,0.45734515977807016,0.7598590266212613,0.5568956592867124,0.49060648345907526,0.6231399773470678,0.6701081466708312,0.6383700440988006,0.2651235376317365,0.4055305574112261,0.6612159860464765,0.7161576224577954,0.5408001858240634,0.3290869724076893,0.5625239592923876,0.3687639964109523,0.21995757566140317,0.6012259215121418,0.39226170089095275,0.6134452949433156,0.7616844299777402,0.9574449234907211,0.5315791125221473
0.5577651526162112,0.6784256564832433,0.5432532358118547,0.5507045615146664,0.48978361188937347,0.4463296170529414,0.5796067256837013,0.6600629613012751,0.4928225352524813,0.49712481542119497,0.4936197057228476,0.5418607666069026,0.5307014744476842,0.6690372422273032,0.678080331997122,0.933092476931251,0.56124641404794,0.7603370436217372,0.4049979485420678,0.5928197037390363,0.6700020051520237,0.7560849084669427,0.6620808143275987,0.6241695078100319,0.4796508358123264,0.7088269302418286,0.5458255555773631,0.5258365342895188,0.6049194977165561,0.6618749807979917,0.7813390093332574,0.42198200011316117,0.40712508732358466,0.5730658597080796,0.7959996877737378,0.6005897878752062,0.4900461451064265,0.5322586620103016,0.5585118661085295,0.18686244528653081,0.7338870970336207,0.40247202474338656,0.6053259520763657,0.815159737677789,0.6866255197076365,0.4917591287856268
0.6798458868050627,0.6971917339019608,0.8399168538523692,0.7235429069518691,0.7284532264445079,0.5147413866349582,0.5747550332654784,0.5261295764696873,0.398169596220206,0.415115640767148,0.5481462888646084,0.6914336625355948,0.5269727687069578,0.4688941172238438,0.7443782155422797,0.5676563400360884,0.5945622359709541,0.7260883760546604,0.5209558668173709,0.4314644123454199,0.6351028907049193,0.6312000349646865,0.663514862539696,0.6933795033884865,0.2848450681280135,0.8623806591595022,0.6053115788078625,0.5657025489345834,0.6913339976676025,0.7877781739897391,0.5517200583632583,0.3841247687717589,0.45804441511895394,0.4908008910730398,0.5484428924271417,0.7737122204247245,0.5240748346132411,0.6694707218120665,0.64577778294264,0.2200000132056851,0.9116643251778271,0.5726874319323493,0.6448210964003138,0.6896462035940617,0.6913025967767963,0.48931730004829466
0.7826661957439719,0.6469273769303051,0.9253018408039465,0.6460595233881299,0.8773927210262078,0.5924393918279653,0.6798466178332339,0.6338952585361822,0.38254112704147664,0.3621593637200946,0.7088440036669054,0.5663142588911567,0.6015182414760452,0.505979741888048,0.6260695815227503,0.5490816731115638,0.8800510115883614,0.8977998155374669,0.7655051331066529,0.7147440005555714,0.630537763025382,0.7554255016181964,0.6539367857260836,0.6938987690507088,0.25299375741134655,0.7294066195529043,0.4876006971061613,0.7412517120965819,0.7696680235604108,0.6888839237076495,0.47179174112701205,0.324115862727933,0.5130059373064924,0.47237148096499015,0.5576032611984917,0.7926913613630362,0.47345732678290015,0.8198349125266982,0.6973678478233182,0.3434533972430538,0.7754723110308668,0.5921534251761423,0.7491156366448665,0.6620669634531446,0.7441106258357845,0.5441498652729777
0.8290908567358577,0.6724508091887754,0.8066968822478289,0.6375330962144147,0.9313079143526202,0.5355329260381093,0.6269990299957765,0.6338397672940841,0.2978359539576679,0.2808234456877694,0.5526188184205063,0.55014090131386,0.49434063388369676,0.6013871854517919,0.42590993670904453,0.5707955693771585,0.6357016508432102,0.5812510281446448,0.6341920964432652,0.48410524372097885,0.47132206938043564,0.4550481149580107,0.7246588945429369,0.6002576946829331,0.1487921107453033,0.5394040758997203,0.4667569545670677,0.7719098446731436,0.6494787966998611,0.48875199856515017,0.47000465149088677,0.388155823813092,0.4799124394227678,0.29819861766624634,0.5839328923472072,0.8637630401879961,0.573729454037665,0.7165871322415844,0.7366526767124327,0.5380313069754109,0.8500261589544983,0.7233560369767956,0.7910796232518035,0.6736743185981027,0.6826576898998025,0.48972782338949883
0.7870193370478776,0.5588783554904352,0.6422466406730869,0.61206759014457,0.915614287685379,0.4142360838344512,0.7137287201964173,0.5655403104954265,0.1852496212086892,0.197430903688032,0.4485612305585153,0.4341025678012793,0.27386348510937997,0.44830027415270696,0.46463618087694036,0.37770649299221953,0.5113210724983951,0.5659035585347849,0.37965269283924863,0.4062898674159835,0.28155428811353306,0.39440875450082663,0.6903982442655998,0.5135846634062903,0.18325701663685132,0.6421981283055864,0.4378960703547988,0.6490822111789885,0.4599706540308495,0.6283120201627919,0.6836921313990092,0.30261793341124665,0.480851416825633,0.4906095544908251,0.4875478600083531,0.6033889813305975,0.5296039464456259,0.6076501937434364,0.7834842649768662,0.21861058415402287,0.9543206465904844,0.7254338160430488,0.6254355474427519,0.4735870100292075,0.6398428054394085,0.5717316606684211
0.5841285571334796,0.40512169522268315,0.4569437320691942,0.5315631736382086,0.7896145272598746,0.30399225195423035,0.6123754152155064,0.41040777660762984,0.15061165812633223,0.21427782619025373,0.4294463744767023,0.37182229805819306,0.19488682325306472,0.44249598916322014,0.5898797474987598,0.3703355151597679,0.564404209537214,0.4220104397569937,0.4483960874580919,0.24181446419629435,0.1600111253868166,0.48714872775900386,0.756542107551772,0.5282635667725304,0.1364492917416956,0.5941535806449127,0.3988806670901935,0.5571921809835428,0.3783330335948022,0.44467592404415635,0.6391481513345417,0.29073124421198226,0.38327127690793006,0.5185825502670669,0.33774598868185024,0.6102324646681736,0.42858339459095024,0.6346869364443812,0.6585495185134913,0.27380458111948336,0.7565510586737823,0.8663970587028913,0.5514701148758997,0.38388003529036085,0.7134228728726508,0.5415664679007065
0.48372031138184135,0.41684783902530353,0.3295695586854086,0.4185455124496714,0.48945457731498043,0.21310282518445767,0.4569333553116558,0.3283941793638444,0.10230696507883415,0.18605504965759956,0.2844321387700002,0.19661519829544882,0.15767580471112838,0.3686826602741477,0.6452207378050383,0.2608435953454741,0.3403970936324932,0.2550727498772854,0.33146660516004245,0.2532683954549343,0.14048976036579625,0.32838264054869765,0.5279668234911776,0.3969863361859332,0.03925344118858536,0.4264311243812815,0.2931262696159569,0.38216197030988996,0.44331839864772316,0.49646906283067327,0.43212120428191136,0.17869543315955225,0.2680200490093701,0.44172736917733213,0.34674371199743315,0.4791054873588043,0.3399160595096196,0.6684301426302635,0.6373199586329079,0.20988485475250127,0.7735176222842799,0.6358098032140145,0.48514976253929415,0.31003394558473046,0.4407583049126103,0.49863350283745767
0.35917860219000786,0.4796795680260007,0.2469816690613929,0.3473651279476339,0.40211853643255424,0.110958025304454,0.4246726049794367,0.2292196643379444,0.058010123149556184,0.13494269988786348,0.18817681062351424,0.21781320103836407,0.14502353747824923,0.251642652724031,0.15151072169039448,0.13999826882536243,0.258295152113212,0.24523970029583725,0.13704541200249348,0.22232380956506545,0.18236333536634503,0.3402509667074271,0.39792342818797555,0.25468885760000476,0.0055602195857029565,0.4531342609164154,0.1543837174982778,0.3259345757497048,0.2880185009623914,0.3525151839659004,0.22409662049977902,0.12984928645436639,0.2018515649106527,0.26798627343382053,0.2977602027898287,0.39164282592698574,0.3341251743288127,0.4883214621124287,0.47369745592872037,0.15092894954408023,0.6825509143784312,0.5035129467503415,0.42514224581565246,0.1835172945145513,0.2929066800598979,0.448124561671711
0.3414607142049276,0.29382717482665366,0.2834477740939711,0.41158206510592327,0.27163645952358934,0.12694691887162846,0.2542558264966988,0.16311738612497403,0.03287908422136315,0.0902170242270381,0.09633642456143075,0.10633581859145069,0.0968747276972277,0.2458661307633561,0.2566075650784833,0.1255396773687919,0.16582218258276085,0.16114235004775712,0.11696770956826136,0.10735321611687768,0.15093287634281105,0.21824559909077537,0.2882799506846707,0.19082237768293084,0.05875147558231921,0.3753102355703338,0.15844771482745099,0.18979687855581684,0.25287278526954393,0.23343114319557282,0.22811018060432053,0.09530955916434113,0.17435671953921572,0.2961412525092033,0.18552181856027816,0.26249528352934737,0.3191326513098099,0.5329343427711289,0.30205888565312977,0.06461916947002748,0.5270765355549276,0.3099395391423664,0.3597932080011989,0.19462648003039262,0.1730516739291954,0.29603315633324523
0.25184659703423035,0.07033019523276324,0.18761099455181154,0.28445401859295916,0.23687720357363368,0.07406778918754581,0.2720874594723041,0.13251697443252697,0.03532858759998392,0.046398217241471224,0.09818608671401616,0.05183763849585059,0.058222072944185355,0.10020436774512395,0.18981933968659764,0.06219961775815136,0.1125666446067449,0.12950249359723714,0.1840223995135951,0.16048897682294652,0.13325293055930953,0.15488979176307996,0.19156596895758277,0.07037279462589555,0.07511772273006992,0.1772165081881697,0.061970868267526825,0.1862397601122161,0.15861358330056083,0.1395480316611933,0.08068530809882905,0.15740121654316602,0.10292182704820742,0.1427998159462166,0.11907389178341875,0.21218990241982807,0.27151659786326865,0.3507517373842097,0.22322229447219283,0.03778345810499999,0.43989487994865245,0.24611575076195596,0.2249402362802089,0.1209849675041032,0.14728749633997487,0.27906292640623764
0.21747296952179063,0.05591265367531331,0.17738008126115884,0.2634016754422117,0.135658491792862,0.058774936792562425,0.1476508517346188,0.08319382517250905,0.04948294790184425,0.06399829554638703,0.10526106925923175,0.04546615122464254,0.03444848175746195,0.10554150933727027,0.17210733393043842,0.095050274182943,0.10221787510480887,0.10256239692269423,0.13516870803870532,0.1578191911699202,0.031254937424414576,0.12272530443284431,0.11523632677194456,0.09771751542190293,0.03289855746238791,0.15224935369998194,0.02647709745304331,0.14377372887081008,0.11556319279030286,0.0967818773484139,0.1337670919735212,0.08257475109630479,0.04005769235751136,0.19291188445303936,0.07287815272293117,0.1597850602361239,0.1865507566428813,0.2968723482426723,0.17930424123419678,0.022429312932287556,0.39376941092322837,0.19600677351313073,0.18754157584096134,0.16537782791988728,0.14808177334464284,0.09435789339185541
0.2074951169533557,0.06109155446255485,0.18857678234223457,0.2403130235317191,0.13835696793583555,0.03358552354649136,0.19150017584103812,0.1373735333161295,0.036529025269264215,0.06934358088522753,0.07531673161686495,0.05984377256237432,0.02974916001775036,0.1289834801306942,0.14591836226692656,0.10171183412469208,0.09604265735474318,0.09657211952546588,0.16528880362396542,0.15690093068125516,0.028108284415601877,0.09978973954130903,0.13228364447796587,0.10076065566435674,0.056140064604885916,0.09054025563905269,0.08541973999957664,0.12641927041497486,0.10481274015835511,0.0686061894461809,0.12485046863111403,0.1352004699796571,0.021799961034075874,0.21698271138423256,0.09001424647365043,0.16020151206110306,0.18208946640406212,0.18757642533067212,0.15513027444041763,0.0023447058369025567,0.26663964256512823,0.28112220008038763,0.2465303912955927,0.13748757797073305,0.24007858728508674,0.06014359982635503
0.21164705810416373,0.13059851844476839,0.1695274344959821,0.24807869571963578,0.16315066072585793,0.051057610896131915,0.2437041525923607,0.15588158575053893,0.04076931924192563,0.11977544786877983,0.06888229922767045,0.05492484371490888,0.07430352058878849,0.0590878997108902,0.2474315338743005,0.12104957150416977,0.13004086241736054,0.17987207906933378,0.16376974099100036,0.17821991114994848,0.0362702663030186,0.11957040552619667,0.1291884063218858,0.09901431077063252,0.030885898168094665,0.10970365329422171,0.05984612920976116,0.2163251234704593,0.08876334914743955,0.16361505282206115,0.18010515995827692,0.08674287045126575,0.019104295902043912,0.17722599581307696,0.11156282974788818,0.149740345537941,0.15445490079109034,0.21181980358240232,0.2061249299019966,0.038754888490728084,0.27830342412059494,0.303385849715187,0.19949883776540778,0.16496656490124537,0.14047672762215846,0.0799535907303423
0.3854196970413869,0.2251191924892854,0.32006526031676874,0.3532198282827198,0.27245947115775426,0.14414857438495507,0.2940912923483621,0.249546410612442,0.05145622847700562,0.09017409935217956,0.14135459984416815,0.0886888705137772,0.10772807241685045,0.2382664608726726,0.3300517495509786,0.18571923972779664,0.2019841612983487,0.11523364915120118,0.13742063879988603,0.2948755821912675,0.09283697537738592,0.15011818147432754,0.2588598465695693,0.15320097356780712,0.08349985566671128,0.21589812784362603,0.13262408808612017,0.24018021054154245,0.1811552333948871,0.34553870246551976,0.23062171792594072,0.11214161669112661,0.12248521178476114,0.2790849188947423,0.23374504650108824,0.1974039853609792,0.2056024676321331,0.2547588441385061,0.3000974656574832,0.06543145381719752,0.37221425239317774,0.2834580737264185,0.22469715878493607,0.3084839536356899,0.3032142401618418,0.19129259520119546
0.5672191508522262,0.2987217860187202,0.40376978835368355,0.45228881761630596,0.26105637787963043,0.3054837294321096,0.37680726004222603,0.4259704015986737,0.19480493275363622,0.23119053147738863,0.2577205325580079,0.20026068191738852,0.24007243683911825,0.4400534537830607,0.430177735932307,0.42086832042700933,0.3482519107929463,0.39529807613935025,0.27471802420290004,0.44336301841381337,0.27674461498046876,0.3768932449590382,0.5960870375653828,0.3283277584738839,0.16874070457344903,0.4317264409031588,0.24540336993419448,0.22904720154508731,0.3605641535806587,0.3530045521030859,0.45959714145975683,0.1822732408004212,0.2882265134224488,0.4705450155632144,0.5075412725190666,0.31410818145477915,0.29386085969031667,0.31125762368550997,0.41276742674538375,0.1334634547787346,0.517882883855759,0.44429831773352785,0.4444376202993324,0.5439506104151624,0.39337141109482865,0.2559922445832199
0.35533101132836586,0.484795140901995,0.4530283937689531,0.4194509893376309,0.2628650559484229,0.583134240653762,0.4663732395685468,0.588939171415168,0.4822490405687895,0.5887588707579345,0.4188180765480168,0.3100254707859688,0.27797325541123635,0.5564802104217718,0.5788910097050881,0.636471566335806,0.3645588435318198,0.47807658526583047,0.3550534331838916,0.36410243314276824,0.442539833859271,0.3989826935574523,0.6829202057543917,0.4245237625070428,0.151347811886137,0.5151306459746616,0.5806902051122562,0.3144121514048116,0.4917304995135618,0.4124085195664886,0.4167894699218807,0.2604841513468775,0.5201931572411108,0.5655499271151526,0.7642297703527764,0.2904146292596911,0.3544771681529984,0.38256057510146135,0.417972069006791,0.11486820382175876,0.3619629207222097,0.3115459238806471,0.5032809600162726,0.6170031502192118,0.6250690893408236,0.34746969046355125
0.36066875976985163,0.4367767578717387,0.285269293586017,0.40819068441609707,0.29068325510036025,0.7611987381657794,0.35005743913851634,0.4593973569279316,0.5496396338298002,0.7643366425281231,0.45574192821733706,0.32773612941824587,0.26051046317854787,0.6011015816362872,0.5555491719635629,0.5953210469896963,0.3167003324666204,0.5140383969137696,0.28903280876887794,0.4797047023891633,0.6067505073156774,0.5440677806273115,0.6977595378804944,0.39389443399142765,0.1502699641940745,0.45202105771681367,0.6058062553068785,0.35853669610710065,0.5038732289817052,0.4580699208155029,0.5941328452723801,0.29116611088206495,0.5897878594077931,0.7036017903413867,0.6367520110019432,0.3071466551425731,0.288315360846458,0.4736294360885028,0.4104047701475826,0.1525653461538687,0.5521298528399821,0.33748571153831486,0.551607009201295,0.5604466522959752,0.6489923740984036,0.4900329200354693
0.3373001113620397,0.5361824130176661,0.3327686301305452,0.38968111638551706,0.27435355887084906,0.8559878660044081,0.39344298865598853,0.5813573900033218,0.5949214022737798,0.8247389787340271,0.5791016720078382,0.33345165693632356,0.30121095099415535,0.6288111195207119,0.4706659644060024,0.6458481046906929,0.2813035697358607,0.5108684615892223,0.28629266078118165,0.2836430978930454,0.7828695263896064,0.7232533569687946,0.544185980182974,0.42560258772409015,0.1157839096945868,0.49695176670887925,0.6205720433398715,0.46377462884395176,0.6127912631200072,0.5406002288156788,0.4975773222564823,0.21960642057157578,0.5975953877780821,0.6772272155997976,0.5769530698193314,0.3936572913345182,0.3049159416275314,0.5174939812173783,0.3918186832887522,0.1635226071820503,0.49794763414179116,0.2643001524874259,0.538433108220628,0.664195330748134,0.5748041230732258,0.36125010917646583
0.3516156499216161,0.5962880306921083,0.44586361650902295,0.4163271720030397,0.2908155149551676,0.8670274857451118,0.49359936713894925,0.6701998506621727,0.8016260985074514,0.8377515140152154,0.5362692936257145,0.4989043695927162,0.3592826521347964,0.5504104514615483,0.45036877280700915,0.5229152657066987,0.4964552770364312,0.8018559916849317,0.4863418100811634,0.3218791217539447,0.5868728909488236,0.6691922501249936,0.611936485931579,0.46252903735153833,0.08899173401900343,0.7109969550708113,0.7623444975371351,0.6526719543462096,0.5915328269745802,0.6461459582357922,0.44836088550165176,0.2926825391009628,0.5223307108519762,0.48330986563998624,0.8189135245005917,0.3844059833881691,0.29884547619497154,0.4831587928603444,0.6453098344986649,0.14201366022930845,0.4260636160166754,0.34297774060430414,0.5843916462068197,0.6506035285807985,0.5821842420276114,0.43304185414199114
0.41126198392066626,0.5583424586321444,0.387996450633346,0.396776564397608,0.24996961115498362,0.8400825379037768,0.4170390381794027,0.547930050333605,0.5981574329047445,0.632407767928804,0.5426071275347705,0.4743604309716319,0.32923786453377707,0.6052816966189705,0.5386023027505974,0.7158083969791134,0.3882495955428299,0.6790594127984926,0.312361044463669,0.3074497313335978,0.7393984415943358,0.5828825085811598,0.44926903808000634,0.4844536498044227,0.08581414763864934,0.7299471992428068,0.7292080938872629,0.43199223958912086,0.6197784991303995,0.6286316303431182,0.5575505566649149,0.3868867301200719,0.41692888001274464,0.5053152331826899,0.8635056135499705,0.4462136753340116,0.40855638556067464,0.5783439090469814,0.6006178596131093,0.17037871545832678,0.3921251910843396,0.34506437534457074,0.679718510658199,0.7633574430904867,0.8663728746301955,0.43975997427901914
0.4264475566438389,0.6111179370108561,0.35154162601098715,0.37746035359389846,0.22140191175063734,0.7653829407313194,0.3517792655742011,0.6514802559655376,0.55118811059584,0.6233629579036044,0.5416100683749068,0.36709099305254883,0.3080267218359194,0.5416844480940436,0.6910315384842544,0.6194500384914423,0.3508342286313577,0.4821685976183336,0.2624757396990778,0.4173540230994883,0.6074879171346087,0.5514877847708824,0.4342638445698717,0.43816380041820563,0.08027987373449733,0.7089798177550171,0.6980900370883942,0.421315502045693,0.6262292742932081,0.6165101389769025,0.5572020351614609,0.36455209879092826,0.49273706560109193,0.5190153942392888,0.6622941322309392,0.4518199982107015,0.29882264229490857,0.40644805214608315,0.46601100285459507,0.1944930521914507,0.36559017515146774,0.18011983479965482,0.56103565312014,0.8131200962518446,0.8341908428152224,0.468639398415563
0.37255945074271346,0.6764419540306202,0.3120478650167867,0.3594073471809802,0.26460650222823445,0.7557162263849247,0.3673329466832618,0.6060556953681971,0.7132046558417812,0.7136908397451205,0.6575897734078502,0.426818454846977,0.3262427925221372,0.6026810424452788,0.653621694422898,0.6710721322934439,0.4529023795666077,0.5198381934036382,0.21284705662753778,0.31856597477646703,0.6418772783456338,0.5628571819307032,0.539498323173764,0.44105070423725173,0.15368076749135576,0.6256115858154927,0.571172415701734,0.4924686999898557,0.5680491073353634,0.7642395728753405,0.6874081676847807,0.2630585042795882,0.5445846292826272,0.6483929343082337,0.6651685158191725,0.3763020867430833,0.2786955766933838,0.46072547359720967,0.5599847959928655,0.15483560230119034,0.507182530959666,0.2966578199655831,0.6054080567832633,0.7529765436048085,0.7109551452145159,0.48422313501240255
0.4476358276841419,0.5147239357636959,0.40760159724334843,0.33714826258038144,0.2748742878746289,0.6456413969693234,0.4577923836464021,0.808763545198493,0.8452292819963043,0.6608846561099329,0.6133650632283925,0.4248841647216777,0.33959850351683757,0.7352157372476131,0.6126901738296943,0.6388800810611213,0.4734236566023826,0.7066075017694842,0.18283128455392403,0.44315581690640693,0.5651117649865448,0.5040997560619389,0.6674559568505398,0.5361431711369676,0.501927738015059,0.611087972134204,0.5382162406944533,0.4836169696422991,0.5490301883656151,0.804494021291914,0.6319524379072864,0.32302175484388523,0.3715976321045523,0.634993607758221,0.5637709882247621,0.40915164524916914,0.28518180865112486,0.413479186910151,0.6331149940873108,0.18646832627104834,0.6011667826585763,0.35940041031229647,0.6182592288567714,0.7556419081664995,0.9999999999999999,0.4546345637458694
0.5467886283476885,0.5989696782653745,0.3518476070086591,0.4289711966800711,0.3306392496446164,0.6882721085255616,0.5247611834438791,0.7532104696673134,0.6721366898888441,0.7743143405025996,0.5983713460214497,0.4815084850573911,0.39476261289534076,0.7731561130555806,0.6589564740817537,0.7188084593097872,0.4971126554614448,0.6181628925330906,0.313951968995867,0.40599529725861544,0.6878272283405307,0.6384299586181676,0.724591365629979,0.5746744746971258,0.38826481075565294,0.7285592777921304,0.5852174097979771,0.5370458558439563,0.6278523900652425,0.8357979351579943,0.5612046532871229,0.35021070457685394,0.4267107441399098,0.7521073876472057,0.5867229764984883,0.5500314080836088,0.3552765702119957,0.6540139711603361,0.5517566651532204,0.19075755760222574,0.5535913810382209,0.42532653001254206,0.5248260017815689,0.8872111966402215,0.8853530355569512,0.3702951838711468
0.6826882608638019,0.6577027869672012,0.43944000206982914,0.6454628476531585,0.4927738802527869,0.5382248065891969,0.6862962806214111,0.6690940909083759,0.5356485836268964,0.5736515083218168,0.6278196326677424,0.4226306489619784,0.6161182394015641,0.5683153941964727,0.5642236807379375,0.8311331872874943,0.5091343916118585,0.6799344948499044,0.4599405224836046,0.43082851109827264,0.5946067844682854,0.6980683843449589,0.833282409968003,0.5919796271955375,0.5762404076657592,0.6941643549138206,0.402549667015235,0.5597578293487977,0.5975550209598758,0.6784260653858227,0.6302152788479171,0.4986909424583548,0.3777212002594226,0.5589795875235333,0.6457258157595407,0.684951654805108,0.540039866472961,0.604518091484677,0.6279945921291822,0.18918721094870894,0.6466436110771332,0.43731922993029454,0.6341258474940409,0.9173765009191747,0.6498306608062391,0.5546594649239583
0.5621371810137792,0.8329712879495713,0.634994841686758,0.586167490841835,0.6232588955608399,0.6023342726499815,0.7048603821180996,0.563083735474625,0.40297690422187393,0.37849545375472937,0.5308185726538154,0.5713348283757758,0.5545918218520168,0.5441906678204922,0.4760510984931773,0.6046303753266725,0.6094237523602332,0.8310889488608579,0.5562285043508993,0.38201737791009993,0.5040799111270934,0.5483749481718821,0.7025003558180998,0.7781605220098339,0.18610616364191263,0.6892209661769784,0.393599103135603,0.5070768338499704,0.6681121563100492,0.7434250885811419,0.5926479169230888,0.47601881540440333,0.38644269276269966,0.39847190336474236,0.5539224464532214,0.7895506624958646,0.5922964915166941,0.8240953727313467,0.6268424626984517,0.27357988082514756,0.683159073160743,0.6962315651518505,0.864417875556833,0.7788561103584951,0.7583263682592519,0.7043580633241963
0.7060087285682007,0.8986986186860402,0.8253830980476204,0.5541519635581389,0.8328451531457693,0.5089165736823744,0.778464650896625,0.6397317492404061,0.3181671760183078,0.36679750916472115,0.6038641366221541,0.6053618938724677,0.6762324677452204,0.5047635848330135,0.6845853762365339,0.5354127299907491,0.798505051862289,0.8201067001238462,0.7124798778435608,0.6729957477904437,0.4520014856638003,0.6600812105346263,0.847379541972348,0.7811717176156434,0.42407618795180596,0.7595384341536131,0.46109064056872406,0.6780552765340406,0.650264504868527,0.8690421704409402,0.6436821585549148,0.4682811171914979,0.34415729131678124,0.3593572857315429,0.5161205780207966,0.9373373167765986,0.653857750019689,0.6667514303477816,0.6332177276769806,0.38377191048769044,0.7194334050042211,0.6371410380926171,0.7931536722162559,0.8144700426674784,0.7656034903506089,0.5179258046233157
0.7272517869814547,0.6454052188666869,0.7933809760725848,0.5364396838170457,0.7851454672386661,0.4803286642871262,0.7764409841806535,0.7215124888969118,0.28758034706847224,0.2696210892369607,0.5514906082028851,0.43420670413323914,0.5684209222395264,0.4514263883884512,0.5359776527018385,0.5833062504253077,0.58970862443559,0.7794961106603411,0.36431075103228455,0.7846133180501131,0.43142816988195554,0.5622628634081719,0.7994379323970742,0.652217768519106,0.17795193624170666,0.7211108810383722,0.40082101375262447,0.9423155776727486,0.7285846120420105,0.8226072497203059,0.596889275481263,0.41486940491901086,0.5204737216617048,0.4120030994109817,0.5035685109245055,0.919136759537394,0.5481678937213451,0.6249393048071108,0.5640690268923544,0.558594208826591,0.814524841220233,0.7797661995599258,0.7389340216331012,0.7748589615329474,0.7940788509380748,0.5979646283567769
0.6771069141515832,0.6411227987429483,0.7446893310456447,0.6258267730775507,0.926119436626862,0.4234588482392456,0.7619993255823889,0.5630478487361673,0.1879145195996216,0.14939283787421126,0.4554085094754185,0.4692700056767561,0.4683882987759597,0.416642567481945,0.495143790933959,0.37685739522587286,0.5407015202241112,0.7040251575514049,0.3925549497471103,0.3762807565902141,0.3287420515318803,0.4356511344786682,0.8518360365710074,0.42260628728828353,0.18507306703422402,0.6714273747115027,0.4489984378704601,0.7495726175147395,0.5553684243494624,0.7288297191335296,0.5592614875345274,0.3942048793675351,0.5113775263117488,0.4113494832545205,0.4575238599524253,0.7023380887348419,0.6488857698114765,0.6654599768148776,0.7574809300075346,0.2994187108980237,0.7398631248527184,0.7070441117122988,0.7016356186515055,0.4750881241484445,0.7471571040343349,0.6573174255274528
0.7132098418998905,0.5754970975559754,0.5272917000910688,0.5584087126565189,0.7607495832616028,0.323675020355106,0.6177283366064269,0.4988097913885384,0.16241456005065877,0.15747827677127768,0.48070866520563144,0.30488013000090786,0.26991512761306696,0.37547708411257597,0.4615613576079496,0.3553202712397194,0.671788096761,0.5139365599174615,0.4580152849101203,0.28811964233099757,0.3388767775447666,0.38912589685588517,0.7182875229441563,0.5088324709734787,0.11406481585165851,0.5698015903356055,0.48233647227777254,0.5236497492418482,0.4848135275164154,0.5865978205266329,0.5929995092090233,0.36567054667133575,0.3465276657759775,0.3676397274395581,0.49226218008086203,0.6707332224398532,0.5730147727774387,0.5187301837331619,0.8122737853438227,0.34059288575922153,0.7499751305136736,0.7500774978003352,0.5137807626165003,0.4313413631079832,0.7301581059507818,0.671771499760553
0.5199333535437343,0.3456945341106926,0.3925597641315737,0.4283326610804075,0.4331505981326133,0.23417316577519134,0.49657926000537533,0.34641541821140576,0.07312025441225378,0.1384352311070255,0.2869271686902882,0.24188970144675626,0.15626066647667883,0.31976587804136863,0.3795113976319917,0.21493044114578097,0.47715279782310505,0.4640574810046491,0.3589231832232856,0.20570163839685404,0.21701230491030105,0.3422355606149815,0.498988735578972,0.4378626866366121,0.05290891079294669,0.466838575130189,0.348345665851264,0.42536182059060557,0.3661161869618069,0.46953593097632396,0.5779564450544725,0.17222951821812227,0.20624970112036284,0.41088668772639325,0.3599820280694382,0.4738848777788707,0.5811076745728444,0.48412829402293683,0.5541495549693187,0.2507849296180987,0.7774434880671741,0.5304422768002648,0.4955370310303317,0.31933169301998826,0.5719386435987528,0.38794971636920983
0.40708435163417256,0.22363960354824391,0.36578474841708414,0.38437843020067597,0.3130620967235472,0.16241085516850937,0.4249246793826651,0.29261754165394294,0.055219979958985754,0.09789359948528598,0.21214111577872638,0.07607836688640136,0.14464670350987205,0.2518036231700512,0.30487776366789904,0.18012320459079523,0.2918699784609869,0.4056551120241016,0.3730939058890585,0.1972801698256956,0.15073728978304407,0.3400736797078428,0.30504609129998594,0.23108185768150027,0.03509524469284087,0.3767886449543919,0.15694378242796755,0.30658005616894285,0.33086585836470667,0.4465537230950697,0.3199259778083037,0.21671924470901635,0.13738735157226778,0.24341314702914704,0.2549029589909173,0.3900696680518231,0.4915077909713782,0.40463223013298577,0.36768263466337964,0.18800668000025741,0.6032533212372854,0.442991154967386,0.38280873997531967,0.20300308624040203,0.245080698992949,0.2742636519021667
0.3575896638518955,0.29179297495957546,0.2912546625352889,0.3133212397429976,0.23095891446462358,0.09909808351400382,0.2900107553528578,0.27423051910890817,0.032287630286810684,0.07539837950874964,0.1314995202001314,0.059261207472638966,0.08942220678855699,0.10284468207831196,0.17954375462854882,0.19654764784276252,0.17905758860683496,0.24279005311834878,0.23422460650227098,0.17010672369054938,0.16072206346482892,0.32210533888718956,0.23127661304429642,0.15206753542534107,0.03174374138389798,0.3409892881927548,0.1662510272216793,0.1948949998459147,0.21723267004094265,0.3507981508878827,0.26306728303596777,0.14814185997612753,0.07377376809185668,0.16613522839001216,0.2699369016846406,0.24893001471326623,0.348675966217105,0.42438181915935436,0.2401396479260242,0.056483522009273715,0.4474838232049974,0.3612383335965802,0.29993622650595125,0.1315493167261057,0.14044130097925447,0.2281682873148105
0.24162794573415866,0.21387195902505962,0.1758468252964566,0.2440561700375338,0.22764794510274683,0.050059148810504474,0.2390882585922747,0.1486049051312444,0.023641579847331385,0.05140387578624783,0.06589653392717723,0.06943084574480193,0.07682523301721719,0.10063170972386942,0.19145954773716883,0.05730529502754515,0.10966036279224584,0.17901437699532924,0.05468476865889196,0.08031413347668173,0.09471657878054253,0.14651925983563036,0.13570516310162326,0.16675855744560128,0.0233383336585406,0.24670142786474086,0.0671481354419792,0.19154956071994061,0.16972445779881226,0.17440190256556315,0.18738680599165708,0.07586435578688704,0.07119055469595158,0.11159181665308826,0.18517605901938144,0.15783567410097718,0.3103375927786778,0.34958495421462094,0.18711923846589426,0.034358259148710726,0.3157091577109972,0.21418078669170587,0.22816050393913268,0.050314002254788597,0.12442896340600432,0.08171415030157606
0.19147299318801905,0.21999328872691562,0.14888062851680642,0.19166541441380064,0.15725116172905002,0.07212898469852527,0.19677389327340614,0.09896532732494914,0.025806475847483693,0.033503595065214525,0.0957632222194392,0.06300022264311216,0.0340092108873715,0.05019674104250824,0.058015331336154635,0.05501794214625376,0.10894523510530094,0.175274572486956,0.05762090399510223,0.025871422453577743,0.10569314529409589,0.11917445580153897,0.07908081004688738,0.11101200395372371,0.03715778217698123,0.1589524389337789,0.07094681166518824,0.12526532341147278,0.1271998255589083,0.14477449268561424,0.10717056752280311,0.020369142876885047,0.07580077640135376,0.038170821701516144,0.08751790346055098,0.15738692086650388,0.2207920248668859,0.26446089981474014,0.16152705255872982,0.030417892291453762,0.2886551504666769,0.15545427907806686,0.18928109457129813,0.09576837861271306,0.0775062321383016,0.11375844400130264
0.18233250789858618,0.19495702530724396,0.1591084129895032,0.1465111087279238,0.20329350969561744,0.08110149839265282,0.15198418108042858,0.10406683723309501,0.006356522850569663,0.06445336954396655,0.09493087435971084,0.08422593820973982,0.036507050864383085,0.0910741324575064,0.12273536452671194,0.025627966656282995,0.15291192208282875,0.15780955176662145,0.08693639415139934,0.105841506146749,0.11078100280914523,0.09226526827708932,0.07969394557355589,0.07444846729483923,0.017873858487671916,0.09639441024363676,0.09816107760042081,0.15234072242572463,0.1393691110500737,0.13521204066515977,0.060479426476471934,0.044860920352282035,0.06972864325289539,0.0654148413498943,0.08841145494617576,0.1602380625928624,0.179645483872824,0.20002733609557388,0.17021046780610272,0.020018646502816043,0.26772123008656284,0.17553010303647526,0.17686186821988345,0.047090424284280515,0.07678678454028812,0.12043422332495732
0.22974368427280337,0.10130874126103682,0.19390481955014668,0.1470902479094681,0.19173953184948134,0.11242360929824421,0.1851939834724201,0.14177260642428344,0.041973043494555495,0.042492847757325834,0.07578673046115504,0.05023004345831303,0.074343894951355,0.12907242622988713,0.16294237483923985,0.03913493490349254,0.14560244085013252,0.3079976834891663,0.06331062469172202,0.1400475189460119,0.10674064177212049,0.08367380565206141,0.1347680374983237,0.09977940731935747,0.023914281154326415,0.14197871563153988,0.09664135104401092,0.22651424007241408,0.14323543944311548,0.11426263317733432,0.07329071083212972,0.029799178489141893,0.03809875721936318,0.05491400889457926,0.14788088991784099,0.21203972190895706,0.2262631985697673,0.10928597428903628,0.16578685552191633,0.03626167299654351,0.31179461647872025,0.1466405251443978,0.18841180335298996,0.14569045949322892,0.13290023787839453,0.21941933369191283
0.3653051638987136,0.17015813910262506,0.3610452912188138,0.19675366716843645,0.33736250026700365,0.1363301522010649,0.3283722035297332,0.28330272812381163,0.07706083665994042,0.07731954769136984,0.1548506295548172,0.09989782836983883,0.09881199791211703,0.20464770760843237,0.18442374631533204,0.23907908672163158,0.18787716535339447,0.20537955081243986,0.24697040584877847,0.17706632190853583,0.1655550596500655,0.18561305041935494,0.2878837955751604,0.16381394271037525,0.06548074465829135,0.26723010011593396,0.2473475392900738,0.3027672209742951,0.2166743448396116,0.3152019964567596,0.2030397539176298,0.07933566407042397,0.1639091041152328,0.20531992412107605,0.2621315969615919,0.2078773858900613,0.24487034212719938,0.2289590335780007,0.20131034925433805,0.06457123220641829,0.38327595875437437,0.26515606998637403,0.18353117107742892,0.3093729148335909,0.15984292171737838,0.1262596641208702
0.5715352350200165,0.26514174297400145,0.35946313802928886,0.3433547987472042,0.2764427954959922,0.43916896497432356,0.4119242381847595,0.5621020703965742,0.19429268850355533,0.21949848888021675,0.33575404234265177,0.21477685600907695,0.24231506808741396,0.298651925556021,0.40199691978587765,0.5257731256712819,0.26704412971764957,0.48915092158394907,0.24500589478540277,0.31540325089594967,0.29599833158805605,0.41430545994066564,0.5312798203256233,0.3701947370892299,0.2544389050443888,0.4465193519941879,0.35425735435113437,0.43170025272896384,0.38797844499398143,0.36060892888903984,0.4801969945467015,0.21337724757061802,0.3122675875842225,0.32462599934302205,0.461039301120911,0.352604337700712,0.3244196042711366,0.3033142787566937,0.31283050935548323,0.1462051569417394,0.5207188807774145,0.3789523793047085,0.4156456221857102,0.5638574953025629,0.24496647830044854,0.2367645831341013
0.4386505543332094,0.5251267098914808,0.37133595865953545,0.42745969916666116,0.3129762575950659,0.7696810230434209,0.39018279778696807,0.5979184749352181,0.6064242311744974,0.5437171027733958,0.5653461172594065,0.3005920362949618,0.2586077455616096,0.5968662736526492,0.4584773924725861,0.6748931835547686,0.3575557130596154,0.6377324593172715,0.14459832769239006,0.4719521343722962,0.4488797835234558,0.43811093170146304,0.6094271351879199,0.46652135577813797,0.16526528251243838,0.5585455776319819,0.4130720188645231,0.45986254160113055,0.44534826203575234,0.5315558380982499,0.49941292337547005,0.2641819237239484,0.5643982958423565,0.6784808326584125,0.7447252383850768,0.3718234186661761,0.35862884014087865,0.48270486232577786,0.5412369325383757,0.1656764804714674,0.5038485765537466,0.3105859018116388,0.6376226060311337,0.6945711191357551,0.22912407505814186,0.3440260355427476
0.3290367546843254,0.4876544307462483,0.3842744836095274,0.3672383819817779,0.2832785906858304,0.7809207408770221,0.3878814683254481,0.692787078756664,0.6022156384406576,0.6579150629962691,0.48404354094111673,0.3436939590529225,0.2786307249162789,0.6379997104587226,0.4360259295193032,0.6289299119425614,0.44423569420099784,0.4994972358067044,0.17179821593605984,0.21775104929283637,0.5775347953987753,0.4305972335284701,0.513722667630641,0.4582156614759941,0.16065245639878142,0.5519632777311174,0.49012707343059403,0.5577334811790842,0.6280902982019929,0.5759044527740509,0.4319075037510677,0.28288778069269144,0.6604983526780768,0.6026332138660574,0.794226909538526,0.3544511591537577,0.38594706943430457,0.539462572979286,0.45829186169883795,0.14551680338071699,0.528570619445077,0.32128590600705215,0.5349204254739053,0.6145669507286705,0.3002557738791854,0.4968157338405581
0.36071697361855354,0.5526319425938172,0.3063153612240622,0.42809352043973475,0.281801795588558,0.7872898054215053,0.4074814871800321,0.6177460456991889,0.5966219429081182,0.7522189499153755,0.5295663645067337,0.36912129132740873,0.2899649558904029,0.7269702900371232,0.47734624982954477,0.6229666425892951,0.4856072049652833,0.7193021522577057,0.2727220230295059,0.3235778221230219,0.4771160317916082,0.44116246519487773,0.5284828211034645,0.5485904034176493,0.18133316039263603,0.6103866669808993,0.7190272144316557,0.4751032362138405,0.5954457685640959,0.7187874094722174,0.4333535352638007,0.22649244368590604,0.5845954742432715,0.6368058072357557,0.6564899729048711,0.38347323696253743,0.3657805144646921,0.5991134752889908,0.5089423589815628,0.21056016840614292,0.5574025857404915,0.2906544022050607,0.45898371380938646,0.782753882775578,0.33486508385400043,0.5274774379148403
0.39292065641048873,0.6480001703920691,0.3737814585945862,0.42548701078509427,0.3485455310258461,0.8803963157070639,0.39806267846550225,0.606665391505863,0.5020734052502179,0.9085005537935125,0.5612945829514134,0.6572073657282789,0.3373263079718189,0.6778259304165416,0.5146118202982841,0.5915565968971196,0.4322656433525542,0.6823623595375043,0.31760199244579085,0.36885557440839867,0.6780429659614688,0.5641741919425508,0.5826378239262875,0.5175911215841694,0.1597715435166639,0.8701093608603923,0.5851318621525072,0.7988737208959318,0.6178546640269476,0.7212624593234299,0.47719381539471695,0.29934081323775236,0.49062885857591304,0.43471249544569956,0.694120380662095,0.3928556784887567,0.3611544600020286,0.6404723693484471,0.7045831752886984,0.2522217738325732,0.7391936039593329,0.36538685083340594,0.5687605981825139,0.9014934609490438,0.343682539582323,0.5427269361808352
0.3828954955390113,0.6512037290210012,0.3576351300887199,0.4532393022249037,0.3286246980920635,0.675204785127077,0.546053955841939,0.647719345728905,0.560689330800085,0.6145940524405906,0.5643542302685647,0.4801423318029706,0.39493695740186885,0.5032965675743515,0.4816191897233003,0.6502385429770445,0.36855182171494977,0.6610573396305623,0.3454473525339412,0.3054912101711172,0.6441794135662914,0.4131361434592592,0.4803150436129277,0.46363527501986096,0.18079783459550897,0.7067735983199586,0.5846829218969118,0.5237595725521167,0.7098361216842521,0.6539247369507271,0.6352889227522505,0.3228597258408963,0.5974262351918472,0.6016219738265361,0.843416376012011,0.45591033065141773,0.46299543932433285,0.7551340440232295,0.5770642741982748,0.23323514478252758,0.5921952991565081,0.3545910836041721,0.7083416821818466,0.915528914427953,0.4511998452108879,0.5114623819695713
0.3683511514323076,0.5515014824706302,0.3674428530197044,0.44105500098536093,0.2266921439221552,0.718716049439973,0.47986308256340304,0.6942139093399364,0.6632179042849005,0.5719513692596772,0.5337998435080872,0.36856379148519447,0.3633715894398682,0.5068842941089503,0.6039025137439911,0.672289543097681,0.39608155557831703,0.5873469616706635,0.25538588202041496,0.5754890297278679,0.6434002073519558,0.5129925483943526,0.5614141812956315,0.5231674279577834,0.15129512862737463,0.7703116850812928,0.5099611082129996,0.3775607034526168,0.7631474382197454,0.6118475621901097,0.6391912291990648,0.27997623376550274,0.5315707796698175,0.7209987595153738,0.6728224656702131,0.39707625083770737,0.5006058489614276,0.5288093123304484,0.5417881840366491,0.17061129115288529,0.5046394331612326,0.23836312638696272,0.6233800123568563,0.7057299144642504,0.29302548814331797,0.7171887590417444
0.37534244177573395,0.5397636568091434,0.37646227157200735,0.43609569012600047,0.01429073462899098,0.6926578236732018,0.5975174851624153,0.6706405860148857,0.6760991188417342,0.6010805657786382,0.5319101029423327,0.4764780689527057,0.4011977423457498,0.7481634436642027,0.6365946059179617,0.6329740054252673,0.393739906574756,0.43680814322786893,0.24086458958955423,0.3329937400401527,0.5525130657352026,0.4660194738669743,0.5537226167307161,0.4791225360272819,0.21544532372300892,0.7205557213050311,0.68315689325703,0.37236967355749695,0.6989295785181672,0.6673749045082416,0.53051677173371,0.29991963496637447,0.4303347318015594,0.8866141096133392,0.7411967913754117,0.3776370419476619,0.3093770888072971,0.4669495966594543,0.43753339519047985,0.21967241408115165,0.450715696789416,0.2909889688098784,0.6532930737595098,0.770143776260813,0.2932790084770955,0.4186623698342824
0.4095293115269443,0.6646946600644841,0.31916663649705845,0.42225558296750976,0.27897483881365936,0.7235472261125208,0.8711314987257867,0.6530048618122598,0.7365183521210287,0.6569157047512599,0.5866631863843298,0.5275061904477416,0.5807248775160638,0.9999999999999999,0.6642987015382364,0.6723277303664416,0.4854807265311568,0.6140828898388104,0.3158634917286769,0.30992823444384676,0.6203055412886672,0.559999343849076,0.6126160128928642,0.5123273008400364,0.39562889626467285,0.8837000703550904,0.6988698000803196,0.394701958770762,0.6614011336287297,0.7826300739110186,0.6096026710989878,0.4087161954631064,0.4735378550957486,0.6411966569476748,0.7515491157000929,0.5354845131624009,0.3761452546220045,0.5916767000062371,0.6116559749056645,0.7768901007512814,0.5510900197514361,0.28271433030568993,0.6854135998900878,0.8204526664596574,0.3224772455060905,0.5181256409954904
0.5700053357635904,0.6701756700304402,0.33356608072530125,0.45022114480279174,0.33046935128306015,0.663437592073948,0.6175270745362555,0.8606939184817811,0.7396364258136375,0.6805532953305313,0.6274114836750145,0.5640032682339532,0.5115313579023482,0.8056247661475103,0.5822822579329885,0.6397950911386082,0.5798258512315454,0.5246612950446985,0.2442023224022072,0.5261905864007301,0.6775246321885252,0.6324947634276351,0.6454589969818705,0.5757619012379078,0.5825639498441229,0.7439951153849202,0.507772268433181,0.5036781662981192,0.8029921693076768,0.6852321270474973,0.6739362727359353,0.3614211962786055,0.4193532219635969,0.8645000166555042,0.8142567263902859,0.5565743190299516,0.4855480366604443,0.7051620048282652,0.6803336914187027,0.525517909223512,0.49213254332601214,0.4732318643120582,0.6158661011883062,0.9395945162297801,0.4663039387479759,0.686425276452417
0.5946664619772285,0.6547488757921006,0.5489768391232389,0.6601476346094857,0.4981853447059351,0.5901036949075362,0.5922246726281853,0.7331221181226538,0.5716967823299259,0.7184398961930483,0.6259030536751872,0.606143506246585,0.6535128931238015,0.699620104497553,0.6721787192152244,0.7963867041450876,0.6586524136084986,0.7396327601668742,0.4991726004805648,0.6059767937232666,0.4720015389702151,0.7695276046859172,0.7547291236250977,0.6965334962570069,0.6358451472873147,0.6405640759870106,0.5055461642239523,0.6442819659759093,0.7494846654551938,0.720565328605961,0.6636554041132653,0.4837675279564448,0.44000063828755975,0.6151157416497186,0.7687772430010992,0.6982395521277667,0.6561294583236327,0.7212415162420196,0.7028639168496973,0.3317545149802669,0.6528357181052444,0.6811617029143492,0.6924606008538806,0.8940186111685253,0.5486159182680367,0.6364985115850884
0.6034701860226894,0.7009970146949726,0.6913765477086162,0.732294858082284,0.6922158114386818,0.44513600127039854,0.6216189107632191,0.6832449032118348,0.29597258422549216,0.3619016148127081,0.5682810404557761,0.8826166299542656,0.6187281510177988,0.5494923736202824,0.7423835859962884,0.614198307323036,0.6858947090530706,0.657752242847816,0.8364850117294163,0.4226742483947295,0.46194156026342276,0.66276649782253,0.8583696709125104,0.7332640734750691,0.2952293725787794,0.7631131449155959,0.48411114651317744,0.7824994467145759,0.7441071123585066,0.7700222141627051,0.4642876627496546,0.42776155922047043,0.34176359275076457,0.2621211219509416,0.5748816129535861,0.8096664534222517,0.6770801400077804,0.6560933540098188,0.8027866356118065,0.2564778443096192,0.7688881996850109,0.6468395184247508,0.7114236984569549,0.9188481987980656,0.48423592455841674,0.6130424310173741
0.7461600209952612,0.8565723308891705,0.7614266551264559,0.7038803089239584,0.9598749086549825,0.5081654273920065,0.7161204005674325,0.8044713506721773,0.403771401259832,0.347434320141648,0.7422576225256075,0.8621877606284183,0.6689423392896149,0.6222914243632052,0.7496896399491136,0.6319807447503756,0.9466061560421146,0.8920913560192418,0.73846246819655,0.6468047644762721,0.6618581030956711,0.6525039141576672,0.9363793658602093,0.8752413204887376,0.24105574147094344,0.7842545205695552,0.49232194805299756,0.9525948323508556,0.7716907736186872,0.924869241604436,0.5732855526386985,0.44585290390012156,0.3136326243362312,0.35428120587746337,0.4715105600824933,0.8492622651555698,0.7961495153866599,0.9082173857068575,0.7941396223421778,0.3110245016082761,0.6891008400027967,0.6304220852148997,0.6743810911127874,0.8218404168211816,0.5012833454911166,0.7555000442882275
0.8040202847694439,0.7070054902035576,0.7868934971809532,0.5922871735182196,0.9447022237706503,0.5120427513178442,0.8219198455910742,0.7935858663070737,0.40211548172655803,0.3239575053825615,0.7172189786605868,0.7278999200284597,0.7489926969375577,0.6332005961538719,0.7018548465981501,0.5315803542413368,0.8451492363888156,0.7603609262963011,0.583395442616656,0.7642711764386233,0.5832401208765947,0.5880877680646125,0.7433880849255947,0.8478859830715678,0.19880706363652698,0.7016813396042707,0.4418183704017214,0.9264045258084066,0.7924628216053409,0.6986031736753454,0.7877147653501049,0.3946183393767612,0.3505839073170441,0.35697649455205926,0.5842961548826603,0.9645161486096445,0.6516827080361579,0.7073116669037168,0.7185232675451589,0.4484527813729556,0.8153307682749149,0.6395915846614256,0.6801586458450626,0.8704349983192169,0.400990944169714,0.6315887773719115
0.757754762061042,0.5575733691263726,0.6906048580719583,0.6815099989187514,0.7935770604073638,0.42115048053991566,0.8618047100040173,0.623541105822742,0.24836077723249475,0.20703782653874322,0.5317804830562926,0.5163905543736833,0.5583889522678197,0.48361042171226376,0.7023975649811285,0.41605863720333186,0.6939523702684743,0.5582402186805142,0.492695254537026,0.38997963044789025,0.3767722727579497,0.5806514757488448,0.6512007335822165,0.7122243763908876,0.11154798106561498,0.6291107346716303,0.44753320662940294,0.6003720816994856,0.45490890775711323,0.7406990422501627,0.7046206792031131,0.4166113976704528,0.3830128825843952,0.3629445425547876,0.4629492473302883,0.6223705862240331,0.6971891073367792,0.6415472207406885,0.7439922709216465,0.28305007941673344,0.789603519051304,0.6893845683581236,0.751475225937574,0.7188504819506488,0.4322696179384772,0.6528229748834068
0.6223575360461626,0.6175060136675439,0.5457822368910926,0.6810925573398929,0.7450648299493935,0.34356796148599467,0.7121097575366534,0.627598070984255,0.15935917921339912,0.11871093542915431,0.46246482727343435,0.3246825027838103,0.3355035524760508,0.37930615994458466,0.6216634992838563,0.41265106905258087,0.6586740115029392,0.5067040616842549,0.5907382887509677,0.5023430923391463,0.2101463934493843,0.4914243666061422,0.5637365767639815,0.5215047152611982,0.1381541890065541,0.5646629566982326,0.3554946937269413,0.4477621615695815,0.4732509786185115,0.6839392986944753,0.8230147644710804,0.28067042091797745,0.40444466063966844,0.44716420257741807,0.4120256583559208,0.6657359207256104,0.5947442815316493,0.6100001339227733,0.741460698391962,0.2738705294159634,0.7818494546843365,0.7588555178712638,0.6463166918321367,0.3843989242554939,0.43933750506582714,0.5538701289530289
0.5129302414343824,0.6498645940857349,0.44376081019656516,0.6099140889013812,0.5711540975344598,0.1781658257352809,0.5147779634015612,0.31615123419757385,0.08406690329428809,0.11254291258729104,0.3983091468847647,0.2152514949281493,0.20287260575065022,0.40097445134276044,0.6617132620538577,0.2643667006442557,0.49170463223546024,0.4389202787861182,0.3584515714208857,0.35702106381282905,0.22281890074631505,0.3820419148509119,0.5406922489203312,0.478036253352562,0.15347116016813833,0.5578862298636722,0.3922477509617374,0.40841959599822225,0.4115323744789321,0.4092943835635817,0.7612883632103438,0.24120138172668532,0.2802019827106478,0.36450347567855657,0.3849496715106553,0.5205040933462877,0.4963688259735536,0.6582831541168048,0.4827702395462151,0.20179020220331617,0.7282149082128693,0.5808774322268012,0.4396098901375756,0.27129646992776696,0.33645171133035034,0.7557593185809084
0.3925906749638382,0.49352776796796743,0.24815215934473162,0.42730229309368434,0.3122010973548833,0.07980158556166417,0.3472897739891997,0.1843812839207388,0.08422383827096475,0.11051507904390506,0.23680953691086418,0.15711996474222914,0.17544134905749753,0.2179172300191801,0.2433148400926644,0.29891726413115477,0.39414861040205995,0.30112919731940474,0.39855136315359246,0.2328778925738886,0.19244081463374174,0.3586490289731836,0.35719929257755734,0.3193352793707187,0.05093680163672618,0.6488322043106292,0.23983749007489935,0.24762259185544103,0.20928037392083865,0.4960138298253295,0.4238464743423099,0.21632164428098707,0.19242421198999832,0.16124777779453972,0.2614105581999773,0.36127174067701073,0.43879652179809464,0.40447250240482097,0.33889836656426386,0.1443418644386242,0.7185263424415997,0.5159414497039428,0.39292203364726935,0.1828022115307555,0.2216581553908134,0.4964880713475426
0.35803513224126676,0.3520559632491124,0.17780804584902227,0.42027736232770824,0.2753076112272574,0.08135438220007485,0.33010145012780145,0.2766513452443792,0.09546780087781734,0.1485321424742944,0.1281393715700059,0.11698368258155784,0.12102543260724925,0.20417130261457933,0.3470614603138899,0.28229709637751,0.317691899911313,0.20010651753734637,0.20541165171588685,0.23618986321655686,0.15535076691407274,0.24689232437884384,0.2678971556896068,0.14887537761627537,0.05013698113730065,0.3769777593034375,0.18151541478297503,0.2179715245499704,0.15586058078612053,0.24576865826999192,0.24116320103576716,0.14166717967896056,0.15224389306756209,0.09759271141764392,0.2629581773397278,0.27287641999054035,0.33967212460480656,0.34449905171323686,0.2652381462642567,0.05912819076926554,0.6295880466841066,0.45488913269748354,0.31371536344521445,0.13528785856286046,0.22596987855039652,0.3400465164713551
0.2535115328842993,0.17487753886969382,0.16418733516664782,0.2375033366696744,0.2750189847472293,0.047930972836295944,0.2812190494331345,0.26067443352835307,0.03198353466176472,0.0894786927623693,0.08883140975570088,0.12021017367557424,0.05403229191713138,0.1165346671921865,0.1987359869894384,0.14207705164551465,0.14235742993061754,0.13982837959745373,0.09446536203328093,0.43174143219033684,0.06770705486839645,0.255071756895302,0.14872902482404693,0.08759676738385061,0.05352730930912095,0.23576487042783537,0.1742607347085345,0.18411728732081692,0.15405039861421363,0.24252358818871386,0.20738380982420085,0.10299858442144781,0.06976974378777333,0.09721596468903218,0.1647358468865331,0.17827542196212326,0.22647576354674953,0.25278535233891913,0.2435574736302366,0.04286382136915366,0.39248315443228726,0.24771283166346858,0.20323833940122565,0.07905348550115218,0.17698783169810378,0.15275253064721808
0.17046811025993996,0.1771173195040234,0.15187845815660736,0.18005943186366305,0.1925224898219052,0.041550511308933814,0.27832391874706847,0.21788757905755926,0.06147993502069664,0.05993751946695869,0.08267930527261799,0.051302813920274706,0.035162062425757784,0.05077809941737974,0.17653857668528183,0.10247994758351918,0.17865830633337945,0.04619384149913115,0.07782354780001255,0.37965960662200243,0.14964993917214403,0.12789081830928264,0.08722277585311469,0.059672359246190194,0.034199173015585525,0.1384880585777425,0.13729514584518207,0.14179427059711688,0.102472645269201,0.17594678720682344,0.13018784729335514,0.11023453043688193,0.049273217851135434,0.09056763023124534,0.10992282016296177,0.12931998936628358,0.19302040681533789,0.18982570418675201,0.213028623758599,0.04156042493023804,0.3510503536840613,0.20306274177649974,0.21207516432059206,0.11433726685171466,0.16701718561591303,0.10261193966897608
0.1828258179570753,0.21405243677882568,0.14902524380976243,0.21087673774519153,0.19367871741400808,0.07981257451599458,0.2376302705718161,0.10964623405110457,0.06159005867625757,0.05342961091229803,0.06253860885612833,0.04903103930952421,0.044356640365803744,0.10053458072113228,0.23837908286582282,0.09584480856104045,0.2125280098020063,0.17893323515468618,0.032744780216180956,0.047577674053341686,0.17543023750464704,0.1807802750707555,0.176861695909804,0.062004416318665996,0.02062931635688152,0.09886148281243154,0.04697703783767076,0.13913642487147948,0.10797307526281676,0.16103287908034317,0.16179170098846307,0.09569547983894021,0.059490662115776846,0.09019048298690946,0.12710067770722877,0.13345250185934435,0.2243262758369295,0.20829912967886027,0.1847969942733044,0.01754410411051029,0.27907491857517164,0.15896309594102898,0.18541304565774536,0.15297954225878257,0.18656219775308489,0.07928828465145041
0.20880366796278638,0.2569890864380352,0.2534954039371982,0.1434946683245008,0.2151315887492053,0.06742902125318095,0.2278662521669688,0.16835031500479541,0.01700101165295848,0.06559229255376847,0.08005851830725677,0.03890959467252042,0.048911316198392736,0.10977499283306752,0.16947879832629975,0.08522681713662202,0.12585169571099739,0.15235831769905786,0.0554793898360175,0.09097047458384333,0.04071669845636644,0.19461772197400326,0.12242034067558427,0.09331789273543903,0.0300230846885473,0.08988154348241179,0.08856721773257634,0.23099782432747304,0.1132612138814022,0.15495644609597814,0.25163364488376366,0.03910570539608242,0.08095330642803304,0.11366700745208133,0.0925111231338521,0.15233612218794207,0.20447934217882927,0.18336119695617117,0.22569393701374058,0.021501417554488634,0.22268886649639125,0.11306576403420383,0.1387415635013729,0.17395769125867266,0.23030929947992396,0.030803770517692453
0.2918320234494162,0.42365390186825336,0.34456361764411336,0.21217076465629006,0.23878620298399322,0.21254382409802058,0.3063344553530575,0.17555636734335808,0.07966590259613866,0.06397258638367916,0.12436616630592202,0.14112474189838572,0.09249088474595803,0.2059656795869166,0.2844004237994673,0.1334031948309432,0.14377514788008125,0.15227190481377934,0.1713887988104411,0.18887926005788383,0.03517199963443371,0.1256228981909409,0.3531558505962614,0.19595129057632393,0.07501069812376554,0.24095488922714575,0.17589988083824842,0.21844189317004095,0.1720937279062763,0.33370963708937684,0.2506671639148065,0.1145532933787408,0.1953078650287423,0.2725139177763778,0.20466053051144406,0.1665969688592565,0.1829313634356703,0.2124025728987486,0.3649088188789649,0.05928907947763866,0.39107600798943015,0.204867928652272,0.1736216807523406,0.22328119576242977,0.3015601851393349,0.04556581865994329
0.40724696372900576,0.4436951919573138,0.4225522962160638,0.25873396479090965,0.27759747498831366,0.3366302118118675,0.4276690731858217,0.29255820841324376,0.18670722555967975,0.10402902158050277,0.2645301217120204,0.18815450561349897,0.17986058177128567,0.3081268708488709,0.5882015828969381,0.22721843927683322,0.3615209112687775,0.276914645858491,0.3751375659558258,0.21831437604443074,0.11284759774659202,0.2158229544963678,0.4808164364419128,0.4194044116626026,0.12013161994251548,0.4069478729258938,0.3937221173821597,0.27858608450621347,0.33401386140683603,0.48459463203680153,0.36245152995299307,0.15847529973723032,0.432606545697161,0.37239139564861834,0.34403844773860953,0.29274602603961175,0.2611871981385556,0.3424004795186764,0.48874118266767963,0.09802094307976664,0.5589447898681066,0.4100813091384183,0.2633508724117709,0.4058673448914908,0.1851382483532723,0.2215502613614226
0.46677894427203337,0.38379438439626773,0.39972672018054184,0.33439322333352367,0.2705324826882489,0.5474752353109936,0.4570525096991566,0.5360796806739963,0.27065556165083904,0.21201667723137385,0.34605442434072803,0.3546564545937492,0.3269522594646666,0.34741929816024825,0.5353443108949197,0.3908302209615518,0.4700162081793743,0.5819466924135137,0.29681161151281077,0.30994829980961697,0.19564838207024637,0.31798563464594626,0.6831310034007407,0.5178594109590419,0.1896781768626559,0.5007362137299904,0.5027924485973075,0.31586492886458867,0.3577723070852089,0.3896375534204485,0.5062790029636252,0.2766901697164132,0.6160987438042878,0.5476973774341082,0.48498293768257966,0.29568265134097427,0.325729837241795,0.4129064071530507,0.6191607482561075,0.12714097970253646,0.5576882807363781,0.48455822840479645,0.435444961052553,0.5656852359575446,0.24613306881143338,0.4489701348037566
0.5093449347065686,0.4661350057890886,0.4591272432460749,0.3260954940554313,0.2548623946482667,0.727028000564583,0.5229292479049432,0.542212164333141,0.3079018350411265,0.3157756489155696,0.5159344082071121,0.4559096650297308,0.36823972200220806,0.4437934935230665,0.7721984682658081,0.42706892099566146,0.49253627138251754,0.3380922385035547,0.26038815017314837,0.20596416426826533,0.18740991800166157,0.39854636015638956,0.7777089783509181,0.5862910840592471,0.2101878588118362,0.6546703377050493,0.6051647949848606,0.3729144919866061,0.5545480694619005,0.46363338490792594,0.5075327928591346,0.3088134930870387,0.7969658101342115,0.6784090798491316,0.5262147879408566,0.3795272177931249,0.4112699149098763,0.46686818486411424,0.6701672735651227,0.19924838360760916,0.6282688119230643,0.4192760900316818,0.4924810626928831,0.636921644517607,0.3570506404566667,0.6308878268611301
0.5119433941927568,0.6610306304288595,0.5382629819343423,0.41656897093363854,0.25869085045715556,0.7327908575059793,0.5389320301468372,0.6836480118220315,0.2968143246609235,0.4035387943213769,0.49462699043272834,0.6773562494396431,0.46053780033189096,0.6518145295592027,0.5510217316208146,0.40197320336320924,0.6282853292628072,0.6831871869620865,0.5490875275153545,0.3616759724976463,0.38159502298117703,0.4077704218168413,0.8848021402803057,0.6712062587618617,0.2519077225413992,0.6416315026976207,0.7013744212505122,0.4009668728101803,0.6136576475506352,0.5984064985686469,0.6807605341991917,0.3589488444152369,0.8800750348185861,0.6540499499209019,0.5331967388174336,0.4302525999294158,0.5353879365861668,0.5031126748695179,0.6382123557444412,0.176023420317029,0.5780642736351337,0.4919502645273286,0.57060552751219,0.722564917034406,0.38153831666398236,0.6472322136170743
0.4858843472280847,0.7494413387557439,0.5213884790720917,0.50042106524834,0.3428760998011007,0.6666538124124622,0.6480492048559938,0.5500226155091038,0.34175650597885493,0.47162488340650827,0.5105947400103178,0.8282860737162872,0.5767937594368431,0.551853186098365,0.6194494027503683,0.4312336754412733,0.6193157062402503,0.7019875647290603,0.4958696314004519,0.3864160803153744,0.41917961242140156,0.5361776475425619,0.7104215500875677,0.6955679167088239,0.2914302350751687,0.8081687842380281,0.6482740288595881,0.6474593094449089,0.673821486811514,0.6112879924630904,0.5960176335154582,0.3940863993222628,0.9026547583022828,0.6256808941079577,0.6122967263930126,0.6234363088778203,0.6940691282325179,0.5609584547210694,0.6499616881065212,0.27071903985736384,0.5680269817249997,0.6555065361433865,0.5784064991965799,0.8288218044347597,0.3339148774625107,0.6359944233793352
0.4646220796193244,0.5007170302499359,0.5399188317576712,0.6393982619521612,0.34739617684279867,0.5941531635352632,0.7052593502593277,0.46813593844079615,0.4205323746876091,0.4110033563147932,0.5388375469356168,0.6260363350175326,0.667134751371407,0.4647716467420047,0.5852888208090701,0.4833373180023572,0.4941043977874461,0.6116570737873057,0.6078577171658783,0.3628806294408549,0.5276044706408606,0.45588800926753276,0.6657564974467436,0.5723171431616797,0.24153577306869223,0.7569980328337076,0.7443807165503611,0.5094676537454269,0.6655434969878725,0.8546868127773077,0.6692558155376894,0.3391740943092152,0.7021856944277148,0.5225922058843541,0.6128961183511676,0.562770908905397,0.6929780913644864,0.606149544620508,0.6165735952547814,0.26995949597956564,0.6515049069935694,0.3880224954758303,0.6646051859765104,0.9624367264249214,0.5580208674901834,0.569446103075891
0.5285960207151876,0.6557675918912521,0.5245927634819079,0.5626252447897776,0.3110157759328911,0.5601484131853544,0.7693653960824791,0.6070489517495619,0.3734879154754631,0.3812276215071615,0.533074772315232,0.772088546797813,0.5938956379336021,0.446043668354364,0.5609493719688875,0.4689709777229734,0.642751145330278,0.5424459766064229,0.2360374404798383,0.5257019374575275,0.5165375766167694,0.5360867060309861,0.6886062690467316,0.6666763807837778,0.25634432126241447,0.6838782909501346,0.6571647255288637,0.3689705257153413,0.7486744086924554,0.9055575921975071,0.6173238618360426,0.42192781799404644,0.5359638084963776,0.6644526928064908,0.5296181602190964,0.6807651060999768,0.5484202712474897,0.5974077331277959,0.5282079313030938,0.2866364185309489,0.6005411165520107,0.4481651599626632,0.6017271018808834,0.989584789134231,0.49529065953355494,0.4834928154142982
0.5701921614634874,0.7449587001914676,0.47652496566200114,0.5559219922076023,0.2685269012244504,0.5630149283815642,0.7363812090084497,0.5394746568244804,0.4432050963279813,0.27659316872187106,0.6138545993354655,0.7750140184786153,0.6791204703699604,0.497843254562765,0.6484613628516008,0.5398161545702389,0.567818139775094,0.5565873750214463,0.36329080153209414,0.434384491718554,0.4063615567850025,0.6802133985955625,0.6397784643571047,0.715282280199279,0.2538672327414792,0.6947344175287447,0.7524798647433742,0.39290348039319833,0.7397446664088667,0.8091710128289095,0.6024361318951172,0.4613050037405371,0.6509509247223897,0.7681537215343851,0.4900683930269954,0.6287009897420971,0.5499775279560813,0.6608484129259252,0.5476379553310975,0.30014687620856917,0.5452338614023204,0.457962893017241,0.6556504908387144,0.9652899316096275,0.626315988750376,0.6813775940727697
0.4660221444293804,0.755144227855191,0.46064062438663694,0.5523157444186111,0.2824217423531594,0.5912555613940431,0.7168156966939543,0.5752093083642724,0.43187268712198273,0.3833967104113487,0.6357504498561265,0.8233889726326934,0.7160796292599709,0.6528688327024036,0.49934161826815293,0.5188038471697953,0.49920035736789603,0.5446960298597097,0.4418823576798905,0.3728331328942895,0.6166807769226433,0.610757772081807,0.6724565118312269,0.7239094905640897,0.24224722861402126,0.6486672423421209,0.6367671565500824,0.42311282794067223,0.7204939398880048,0.8437133507471049,0.7552210515451732,0.3901072225574172,0.6040451686204693,0.726529428455749,0.518380284499028,0.612822861637851,0.5758022662567162,0.6340387033185126,0.6028928447981257,0.28878840146989143,0.7879480564617556,0.5747030625736129,0.6916779666472248,0.9999999999999999,0.5513045663849122,0.4967180165732853
0.5046621881934581,0.6773281602521327,0.49435910074466094,0.6336298008239878,0.3513791590352531,0.5529369733274087,0.5886884306438187,0.583935283391999,0.3520193126874075,0.3305696123390875,0.5582296149075502,0.9205587437028764,0.791130357645507,0.6555693355135676,0.5278678422197088,0.6163167002741942,0.707401809894161,0.5858381385048905,0.5604591164436215,0.4304829181737259,0.575240814197821,0.5520543144019444,0.7245869941684631,0.7073135700824572,0.2811643311189042,0.6766494221120336,0.6616625568662031,0.4572770669100905,0.7447690372713748,0.7564790981465099,0.5556214986779713,0.49155529290914773,0.461694040342438,0.5076707415323729,0.4733763678566577,0.6300611556710395,0.5713122878699335,0.645527224374011,0.5806870684085261,0.26022750455151467,0.5897036029529893,0.5427005671461791,0.626467508159495,0.7939860697425851,0.5941383895404415,0.5305113762664952
0.5453364602745434,0.7183255022586913,0.53457962421671,0.691081625404617,0.47961649083097013,0.567403188523867,0.5772478330778524,0.5018569812723923,0.23688617451664298,0.21041469636830143,0.524518553814419,0.6409434692957824,0.6547112200466454,0.5264879640766225,0.5367773017362732,0.5891484679391878,0.545933714259151,0.6754117981930257,0.6319473246266114,0.5932972902126741,0.7149071302206146,0.6751108317457544,0.7456005137396606,0.7271719020320642,0.2041718603112434,0.7724074972152692,0.36805408634742826,0.5620995473708544,0.6890645313890429,0.6032414399328815,0.5321496426461283,0.5188813507874697,0.3577067782547748,0.4295469934978634,0.5080399581221635,0.676643645403959,0.6642018779165453,0.6513286954536223,0.6556835510892759,0.23580773644866262,0.8071997964270766,0.5652215612203827,0.6503678487535975,0.8507076114575324,0.586153173051535,0.5846126438448597
0.6002090865363036,0.7283989407197392,0.772497606465244,0.8559531483496544,0.7081095214357421,0.5029037957857537,0.5812243279608107,0.6469657951762057,0.24843206363166329,0.2299297766656739,0.6407767814742154,0.6367826660148053,0.5527667615639464,0.5275835285812019,0.5835279469711491,0.4497386626374221,0.6913118237122385,0.505665679933474,0.7411508206999744,0.37818580065705054,0.7664794765805341,0.8419123798227274,0.7362993831352209,0.8406598916773541,0.2507382352871858,0.6640601328766154,0.4233983586592077,0.7637800953395826,0.7459153272355536,0.712104942591302,0.6495218707810709,0.4430500366305415,0.3206685598522953,0.49001861648536515,0.5152528299757699,0.8514828888598364,0.6784975969872384,0.700820618027379,0.8007447191984435,0.30903037326309113,0.808031364085431,0.5817451773655008,0.7066716004798146,0.7732477909324362,0.44644447833889367,0.6546688432265245
0.6649552849086011,0.7463479754309102,1.0,0.6999495287521463,0.8000066897895021,0.5252702575128724,0.5383334350459829,0.724366697865429,0.38532420146256446,0.3087409780369176,0.8730707396139237,0.5896026528669324,0.5674879978673527,0.4943005862756189,0.639528826797317,0.6466108750736108,0.7604677853490479,0.6099532511249677,0.7930948064458951,0.6018746205227014,0.6632171499498873,0.7196189148005582,0.855083148270469,0.838184797395703,0.34095300992887095,0.7622273428087765,0.46266311899175694,0.9234435428287985,0.8038855773764119,0.7748877801634726,0.5820570291988225,0.36804936678200995,0.3679438295250024,0.6256727248647889,0.4770731148466349,0.8758057426939971,0.719788384324737,0.7246555815921573,0.8756360243404478,0.29748527409086106,0.7778067518993372,0.6007652618826791,0.7180474880436795,0.8472301214329323,0.7388166960128248,0.7003805603997256
0.6983850441897065,0.6832429762522493,0.9683057465735746,0.660330941205882,0.8839415127560117,0.5161134622457608,0.7568572098912703,0.6905778117110088,0.289414031587817,0.22827340349744413,0.708358115623626,0.5268964842659866,0.5948500373569373,0.5713473483121339,0.5726206957573265,0.5625532545995839,0.5135854516648543,0.7742510136976344,0.6253179279600057,0.6875479627330947,0.6653839507487215,0.5110590681199413,0.66320718100919,0.7670205212962233,0.26567307149352803,0.6517810275997569,0.4755404462903362,0.8740656545582376,0.7082807895108038,0.7776279315200412,0.6561929036588321,0.5036704378860928,0.3830746522337395,0.3910744407523592,0.4126620595360091,0.7915704363129137,0.6957435521215166,0.6739196658910381,0.796682004673249,0.30106326056921884,0.7152371488644744,0.5875394414356756,0.7151632503529906,0.7180558526623617,0.4712126507777637,0.4788290510995852
0.6890017986450785,0.6407172501526844,0.7666745509289655,0.5682033328031566,0.8906045100551825,0.3396548533569591,0.7670758156901605,0.48302667099412977,0.16226954568819213,0.13817145371478737,0.3664447273339427,0.4213350023841688,0.389882826884359,0.4657646982822163,0.45122032228002207,0.453568398333449,0.6695093665976786,0.7584749624433544,0.6210345047264827,0.6578192083190284,0.4313117301464949,0.5610215682988031,0.6614489876852199,0.6009785430584659,0.08308874182313633,0.6061862361709893,0.5561127108870673,0.6774312317880704,0.6654603016566096,0.6782938875196044,0.6599476830645455,0.6242875272091604,0.3302417348844872,0.32251428437820095,0.472764358848311,0.5436933840813689,0.6092161995882335,0.617703255085649,0.851066876298838,0.2096967680817578,0.7640417564999358,0.7947654899527873,0.7068066716587138,0.5728327289025908,0.5850867718308873,0.4739026971513436
0.7333862268418937,0.458687331834358,0.5425130099589569,0.4722988711913967,0.7045254120497478,0.27719231703795427,0.6417238402343048,0.3564582584762199,0.19193682714501342,0.15617693923344192,0.36928064168899283,0.31558462973840673,0.26409439216610536,0.3630762865445408,0.5241793839729747,0.39709076556384343,0.47948920060621925,0.6885686427921498,0.4398829788429402,0.6560781368355805,0.34576875522708894,0.552812600030821,0.7125698683216932,0.428147962494632,0.06864988947967232,0.5768960961098868,0.38564942467104335,0.42131507603044144,0.4080591286231749,0.572687596647132,0.7001679432570785,0.38850400983556516,0.34672839397094374,0.40411701855056803,0.5354453095558366,0.5996635865030695,0.500881794683819,0.7493595437233316,0.6606603925239948,0.1712487825621489,0.9134450837074046,0.8236330113675935,0.70602939455942,0.4362780462127923,0.5014469874995351,0.5112144507396867
0.4885171392595684,0.5637814510032036,0.44169689238128657,0.5206592458375064,0.5306396091944322,0.19409390445310787,0.5270668186964422,0.34394303218133715,0.10697053698462035,0.08681447438217535,0.27858247731641334,0.23732185123244387,0.21302821740627795,0.3078969976790992,0.3383624558198935,0.3001943324192571,0.4370382957524928,0.5843846518271727,0.2896311094985837,0.25275073177390334,0.4286306156573735,0.34632533899723,0.5008013277100534,0.4279458420869425,0.039897370556813534,0.44710406032365224,0.3789694046635209,0.3534142505455476,0.4079567450651121,0.4988953764152707,0.6134187338466215,0.28479182976349204,0.28735275631093143,0.3741081962830006,0.41511516523240244,0.5143187880814057,0.5511402463373408,0.5669882620083965,0.6330951136819299,0.203320695921413,0.7366506022908152,0.7817713301338971,0.49445910481844585,0.365222739892285,0.3669119651034141,0.2277141824552498
0.3725098432432375,0.5169985780718435,0.29543451720629194,0.6308679057472468,0.39180630570146513,0.10663458748432891,0.3204101224254372,0.28453087391222376,0.1415968067744276,0.07626556028465392,0.21482648115129369,0.15025704972481807,0.15174577561819894,0.3369074835542506,0.2939758140997088,0.19913235877700136,0.2604024728298072,0.40571327908672356,0.2730090061349156,0.16233904752556708,0.24198031061622544,0.2135879800450338,0.37167665497506147,0.21182015032818127,0.03725354746855233,0.49637620311516345,0.2941198784037081,0.2622866000893488,0.24845520596731607,0.497180296241723,0.49475442036307515,0.16701374410418837,0.10302245153944738,0.36927079532372975,0.36767942898621375,0.3417012003144776,0.34898635273371026,0.5071651302711734,0.42649800985347464,0.18930618730580176,0.820252215789549,0.5461629131683644,0.44386138986336615,0.3349227562062795,0.29976765716083364,0.31148302525508964
0.3615772809952492,0.45040311521414933,0.18817290946878804,0.4479211234511355,0.21667112324318383,0.17379913621167883,0.27309437356403465,0.1591706957550365,0.054468383458443695,0.07881846907921881,0.18713536394869593,0.05653961439085489,0.0755303633150343,0.19273579897094428,0.29286880829647893,0.1300490887131741,0.12808237582164886,0.26555597861400826,0.203444108668641,0.13345883991118815,0.1651519190745872,0.2390294698647139,0.13085829402870222,0.16552854503679157,0.04315100071684768,0.31141502664526804,0.2892161562382033,0.24193190516099974,0.14981422244627773,0.4178182324524058,0.3507238708294028,0.07653923816284273,0.0829283053608887,0.3189135512140866,0.208869718791722,0.28871751419394864,0.3280581630758044,0.5463220753275794,0.3523499715036509,0.13673955931224238,0.6886693989173778,0.3849249075200685,0.35831610837102623,0.2746561644281895,0.17734062087753152,0.434153934021703
0.25189434990515275,0.23635007723019716,0.16142211871969037,0.33910670769656553,0.19245721929897708,0.09740672754806301,0.22213599266617534,0.14859775734112415,0.030393888947101686,0.042583405265671684,0.10585761639734263,0.028296123926144674,0.08190035383664417,0.17250516214446376,0.2727417395156023,0.17534698485820333,0.09912640454275917,0.22125243128419342,0.1436312089616024,0.13182113367896478,0.19163004618739354,0.1750139929411753,0.09224108477967335,0.1823811260188496,0.04726073772311389,0.21288965876605714,0.12064982303107838,0.25510782283746053,0.1458869317349351,0.20547813840215984,0.3173390902963327,0.18595542535541168,0.09309138755886308,0.28163177379161564,0.17243525085450156,0.17980958907331052,0.2450953943491544,0.44532829376721633,0.4494806423266035,0.036913143080692046,0.4210349847332214,0.20809642964853114,0.2975009934294691,0.1752425656097721,0.24888882789745154,0.1527616969893269
0.1999085236169271,0.15423194486099545,0.12985194934716945,0.24697919849281771,0.12676243253553657,0.03380827392291776,0.2217979684938186,0.16101365101757123,0.04430664943079046,0.06658610065428985,0.1212465297322574,0.06282431682106306,0.06384606814394364,0.08646693743034717,0.27642690433648476,0.07998954119531239,0.10895409907889061,0.2330571770890082,0.0835934497744936,0.10887904206458643,0.04005323400626459,0.1694116823793245,0.0633905854864864,0.06236300040857704,0.04377128724854925,0.3507873354448892,0.11969895611855358,0.1779308199120691,0.16207701520878995,0.07224638878955114,0.19476869731884938,0.10304292373147052,0.06631312797558135,0.221573866929503,0.0848879002727041,0.1359819682300282,0.18298545721319476,0.2583036506983031,0.16662361675863394,0.04861907361240542,0.36098055502183707,0.14590116260653574,0.20910153018650832,0.1775281957831584,0.1102669943207607,0.15603783503120536
0.22351553317979184,0.0717439362186523,0.22009690576351115,0.32661578665718904,0.19144375081838055,0.09551827591796569,0.19520810310686945,0.15770597470627135,0.004677385442074737,0.045383164030823576,0.09591255523588298,0.022089744715345895,0.03345624039180857,0.08631861867622587,0.11947749698913232,0.05975844558555765,0.0770607490472068,0.13120354676411894,0.10981958353881002,0.09147673984761812,0.02928588352617699,0.13123691658665762,0.0784486118767446,0.060819677784957275,0.021709174752335435,0.17152256732819443,0.06785582100419818,0.1964127034280926,0.12420055535043528,0.2024216860284142,0.10101756733844174,0.0740425223200503,0.03327690321071536,0.1347679686254629,0.14049541339604493,0.10572199378674318,0.1863680571199421,0.24354048305443562,0.18064703325279693,0.026369757310800403,0.25480314893517797,0.19685399324760117,0.14206472180495006,0.15712235455848986,0.10597267235992813,0.0680991172506646
0.2037711668864578,0.13175877839877326,0.24071218677216744,0.2527385058373437,0.20947967423231537,0.06650582624330051,0.20276562632756195,0.2045321450937027,0.050491237393778865,0.05148661177592369,0.09003251018376085,0.04714430132936577,0.057277011182669146,0.1385066111728635,0.29838147884360305,0.09208817408607385,0.0740123977141596,0.15808311241200987,0.11366423853902116,0.05464558370410464,0.02181848680383445,0.10726631057497861,0.08920326106985457,0.06864262658893555,0.030634033872268894,0.13602965812439557,0.05151090367452949,0.24474160679958437,0.08529038913395667,0.11531236125854818,0.11248439504991002,0.07604085856233218,0.06333131235028351,0.21057315492782938,0.10805031359088145,0.14788839085752162,0.10130154178031231,0.2631295750587278,0.3584771739407763,0.046174551000750186,0.1701506625761756,0.14864252800620176,0.18525870844524067,0.2420525428492798,0.13946947906920307,0.05213212920688852
0.28406970258395847,0.17634312570089472,0.29732986230283925,0.25135230963170935,0.25964868687629816,0.15162030501325666,0.3948382017879423,0.20390220646515597,0.04845205152925221,0.03620723260726668,0.15269920011890264,0.10296834919009851,0.10736025435262052,0.17773315301633058,0.30028686460148546,0.10993536829263105,0.18780657831775283,0.20474443698305778,0.16267893521862647,0.07123871614150831,0.10667424190402287,0.1372013637918275,0.15661801999808173,0.18456653312457605,0.04756511243186346,0.2528825157802655,0.24496421264863516,0.19983433942857243,0.14237394581864898,0.17407327397594824,0.1986191802677963,0.11690298857729646,0.12971581128465876,0.19318014014468826,0.2175339943850383,0.21476657374268346,0.20872249203941626,0.2973822462302181,0.32615944910186606,0.06723352987510492,0.22016820357525063,0.2797989500925749,0.16106748392417064,0.37567597702470323,0.2313834698666427,0.11624683877762615
0.30680565393404813,0.306156956111666,0.4460583570781016,0.32756819984874447,0.21880696697745716,0.30360872885432916,0.444532307407702,0.3363188970192018,0.13872029323645937,0.09466769544626574,0.3085402038042414,0.15189558889460347,0.15724112089399078,0.28552693076124164,0.3634590058484025,0.1334707209563638,0.4353278384112641,0.2944330920230417,0.09128702715886339,0.25554562801026687,0.23661459258999085,0.26859935975639726,0.37470014317464767,0.34406165529394817,0.08723435849122807,0.4302704427374535,0.2924366108713672,0.27599643515683747,0.3344542510296508,0.25255176522076184,0.33132543642581047,0.18256216782602555,0.32786954368473253,0.3222931569250519,0.306886080310676,0.27958935562979703,0.26297460417633495,0.4051026433287802,0.42439414018056765,0.10448901903037051,0.5161185439254563,0.34830193544483173,0.28340041002472555,0.40932803248571686,0.3164925677017196,0.2724076475413596
0.45999891405408294,0.43420349649363665,0.4967600325540318,0.3288655201974947,0.23879342056078123,0.621817639053449,0.46218233398821684,0.42453786174105823,0.222457480832317,0.17878714140226332,0.3835162023567397,0.2744791830029398,0.26420826789184576,0.34444246680446816,0.5781555346031776,0.32212914077119154,0.4650753504708157,0.3228964310899245,0.19622470140777007,0.30780736526085223,0.13543072374068765,0.3107170707297202,0.7592129859024892,0.4267594334692067,0.11761582898949643,0.4822231121131893,0.5870903426792681,0.2869543003757128,0.3907431266057418,0.3687571164686706,0.43044385432054755,0.33324991255166697,0.6402859986294149,0.4359403170393158,0.3934556694295574,0.40892730860185944,0.3869491574353095,0.5366509479815981,0.518997686528375,0.20872157400593433,0.4107729471711836,0.5465975547437512,0.4340968362209715,0.4547925196446921,0.37889523442778,0.28665161210695356
0.4822564940281495,0.550772402062703,0.5445652207590193,0.4099000946422947,0.26711393210826595,0.6542080617541927,0.4945266240002183,0.5885075030514927,0.2798819204163481,0.2880358892440714,0.4225806721714743,0.5302159420600541,0.3335488440624756,0.4311481348470365,0.7394227497806394,0.4525411213120737,0.4041418025423506,0.42932645836156474,0.2954135225166361,0.4244761910251741,0.2528069155934068,0.32493211440851943,0.7396261126552983,0.6196970800435935,0.23522992684661115,0.6869467290273459,0.5945941771519415,0.4070077976108685,0.6272266129971517,0.5017708271453339,0.4245760927294134,0.4521018270421986,0.8428188955622712,0.6632569213738974,0.5881165692827567,0.39019582934233565,0.427843979955432,0.5700809023963292,0.5062016714105364,0.23595993026136872,0.5089495063131929,0.6154901914408899,0.46492693319403067,0.5495508037665773,0.4232112002957634,0.3771844481208291
0.4745484397564766,0.6223686708337656,0.4702905445913976,0.4553940287525046,0.37344309816998855,0.6523211161291959,0.5406848223899686,0.6891732042787115,0.2259258172667108,0.40934294244905567,0.5447914471556864,0.43883339851103415,0.37518351748073286,0.39494354937884757,0.6392221546097974,0.4978139807008222,0.4260631880937591,0.4627859727980445,0.21973539660735422,0.2935799457646709,0.345671451987558,0.4859706724003712,0.7299973654286582,0.5900578348389439,0.19939691714728444,0.7132556660356191,0.6888371543785622,0.4572871773667953,0.6721542602141556,0.5871140415500724,0.4190320931697015,0.46365434916310166,0.8761448477515335,0.6478963471754494,0.5555836604886841,0.5066295063474854,0.5116370945038576,0.7386177210801629,0.5543246176098443,0.2902747043277427,0.5327618420485265,0.6268892153528934,0.33733210188546314,0.6955072082223918,0.31400173843579954,0.3109588115733498
0.48786771136493257,0.6060691184397912,0.4394536683830999,0.47986639059568753,0.39243712992293417,0.6201151851750802,0.611919342952947,0.5977086373591916,0.2607096430847207,0.37374214896914115,0.5285775639101216,0.44439530390931387,0.3938393200885609,0.41542135529073765,0.6185176526872762,0.43277486962358874,0.37492595816373525,0.5508751586766647,0.3184031567916036,0.37354145325990795,0.35321802664765833,0.5392799957573203,0.6873103592023122,0.5994353285531928,0.26887821051172883,0.8903894216826254,0.6998427897413743,0.6345917278661445,0.6678903097318829,0.6931776026125487,0.5759500640560974,0.39500817901385443,0.6855261002402354,0.5653341470976448,0.5379615422111504,0.4856746072511785,0.7292189261213523,0.6131276191263094,0.7992458747030002,0.21762390335523524,0.6060161871187908,0.5084808872018785,0.5826227119914601,0.8486178641710114,0.3863868413657738,0.45467317807923946
0.4880425391600436,0.6710608890824986,0.45597242036873276,0.4963437198791568,0.2598806037620642,0.4983744722186933,0.6678317219964575,0.497564559086456,0.35239300729978923,0.3583547212577555,0.5044133905191105,0.46176669361904665,0.48578621086852797,0.40369098510696544,0.4831696805139193,0.5055280066330624,0.44326072681461803,0.4422365561482708,0.38728255310048354,0.39888467056876337,0.37911262307105964,0.5597363439662889,0.7109173830108375,0.6130314867151029,0.315673839635044,0.9463309543138783,0.7491110155685659,0.39217614056466044,0.7338313907484803,0.8363569617447407,0.5787309208426707,0.49938785532596025,0.4836631955393685,0.6177253430385169,0.5070213552106936,0.4739494050595835,0.6218615586936342,0.6062839140891301,0.5975341971999808,0.2198407695328366,0.7336907771123325,0.5438059292548593,0.6290927853412948,0.8736102282593672,0.5097987323602925,0.6243301560482121
0.4345344273154065,0.6108792970147061,0.4383799667866742,0.5231464195827908,0.26127777198268776,0.579677666445391,0.6296921666996178,0.6336402593249579,0.3964708975514247,0.3288302809732652,0.6728388591041977,0.5306792291365269,0.48841871064482767,0.3584707853557091,0.6097416562479351,0.5116068994302275,0.4572288446142245,0.5067751321868506,0.39381442788146653,0.3074870865752588,0.28837781586462313,0.5472026921709293,0.6810027320357499,0.6266177947892363,0.26222543963828226,1.0,0.8734872860697125,0.46755574834486785,0.7956012664616068,0.6877238506317556,0.5771556672405361,0.46850774259785244,0.6494111467746989,0.5124449718595838,0.5204644503469387,0.4400324206718379,0.5263333336930603,0.6782482211238137,0.44605824420720197,0.3153959632001283,0.5637663316796271,0.5660552556543543,0.6498878923915378,0.8557168765980772,0.4934356938845969,0.5879767718880371
0.4624180155034264,0.5505320918632177,0.40421478737307315,0.4268428192964749,0.37129878230862734,0.6050695025056773,0.5798553996729836,0.571625766847141,0.34133824019563463,0.3762330409554792,0.6864701001668735,0.4474766252852826,0.546823889680574,0.43898110061106815,0.6296515138592457,0.4134032622525371,0.43385518060523826,0.4145525124061048,0.2764653550244656,0.5647663555916749,0.3276915118178071,0.4846299300375796,0.7419917503560429,0.599798281661158,0.24997732010469537,0.823550242960013,0.7748768553107271,0.3753765415587391,0.6416244361096534,0.6072389685751236,0.6420082488765371,0.4186426700857974,0.7100676476244302,0.45092208435576864,0.5037752332798408,0.6113274628183878,0.5965048794304159,0.6463286058517584,0.4618784084599714,0.25780320980322935,0.6907606132373009,0.5602757400548781,0.5842400162095667,0.8712275265873392,0.4274847878334261,0.5269520831987353
0.4866197528505294,0.6130388373838801,0.39064889485553517,0.3987297298817552,0.38721241196476774,0.6068263949512509,0.632273825666123,0.6151613478412613,0.3649374971577768,0.4338494002438123,0.589050957982897,0.45758527630702855,0.5485467067140694,0.4216621830330706,0.6391151669940486,0.5558404495460572,0.5479447424182784,0.5701274999408386,0.20801427034960507,0.3608610865732534,0.3944079851184279,0.5056725796768,0.6671017913546109,0.6100675581506695,0.33421355282377097,0.7803242917283291,0.697780442299595,0.44818045019537067,0.6323753675805268,0.6352300616602403,0.44553196807539486,0.5230605616239765,0.5397493681214189,0.577579540123213,0.45969720701614897,0.559635520540021,0.637163991008824,0.5620465175880864,0.6242993102112205,0.2814022344588046,0.5716029200516325,0.5182252190834206,0.4813484857055848,0.8055867304743577,0.38051186524697284,0.6142700035076923
0.5105437719986397,0.6832247252997546,0.3708792859463718,0.4996866179733649,0.4311766239826627,0.5782796880321928,0.46990093795241344,0.5382707330202601,0.3777960997381499,0.39172215719521036,0.5692629483175848,0.585432427871264,0.5090512633491191,0.5002096502563915,0.6178783408402966,0.5767361694420579,0.6348849841599093,0.4433331959598423,0.3614642772685351,0.3695607337477164,0.3883169556153384,0.4972501970784864,0.7082568602369936,0.6309662877033033,0.291595335629115,0.735403692699411,0.662824896583328,0.5351784458933647,0.7784092163090299,0.6066306431848886,0.6081558974896472,0.5653302006734319,0.3234089818690442,0.40990649208924834,0.4803346371761061,0.6841668586044687,0.6075870886825243,0.6758752629840014,0.5613040858742817,0.25780115089196104,0.8001860049568149,0.551770569506733,0.48457648289195426,0.671297674132933,0.44518872643052376,0.5638149934404839
0.5914464287647886,0.6066468853542119,0.45252797625187824,0.578196328876703,0.4767816323293659,0.47433985010291524,0.5771401416057726,0.5762173159203308,0.22993635118453357,0.26772169771636334,0.6083142367294496,0.5584086073678596,0.5405751453092256,0.3930041958881542,0.5852408456448677,0.470588280940839,0.5998758954696862,0.4448790004570839,0.410323579006114,0.2969336023070165,0.575392492957494,0.6516709956181197,0.5453755612485716,0.747270718244323,0.23115971715320172,0.6572438812607231,0.5030755229444368,0.5039563627481104,0.7328389396283219,0.6466463487713568,0.5608851384353358,0.6132079794053045,0.2611560385369147,0.41273638733568174,0.39961504455112085,0.6566760157157802,0.7213894608766886,0.6134541129797062,0.8001332000959153,0.24992568160669484,0.7142430556816626,0.6772936688881938,0.6071353801595225,0.7086955366297729,0.4548967595067082,0.5644339523979823
0.6090277109082898,0.6858969072321401,0.5808315130896579,0.7731077731143496,0.616059518840163,0.38062069013813693,0.6730110679995381,0.5480411224651651,0.2667126529757828,0.2932565473005735,0.6586627856207298,0.6112878261273408,0.5177193944423926,0.4022778276643471,0.690628836843151,0.641635607870158,0.3975355602705946,0.6444463193208243,0.49603837372784154,0.3380480423498571,0.5929219656855229,0.6564800286044509,0.7480682003733623,0.808896666504896,0.31486198345685373,0.6382426540779744,0.5332927591219556,0.7388254397386969,0.7095257522940189,0.647866146101921,0.3735156048470631,0.47610519322339323,0.30697506533107394,0.5125833323092583,0.46669108570634077,0.7454672571538772,0.6942198207499187,0.8026074324356496,0.8408718606896914,0.26037732322063595,0.7585449064154338,0.6998059843867149,0.666462769827218,0.7254341414629802,0.4294502881965693,0.6556060014640984
0.671416667844415,0.758689655937532,0.7992207029491188,0.73930835683732,0.6996436018013357,0.33447686524727194,0.6583221515047335,0.6394685612307617,0.33796816973032745,0.3303745352220176,0.6762919124784477,0.6807135869614833,0.6719336955935546,0.4736912821463036,0.812570573802801,0.6403885707560228,0.5827221450490375,0.7125036608293187,0.6739904464494098,0.4871939244562158,0.664642622684343,0.6125952110309469,0.6714668302674993,0.8045265594163529,0.3643409607818147,0.7682131277529012,0.5939136716016563,0.7794412661374914,0.844366686385581,0.835762634445281,0.5746458562282086,0.5872417540877557,0.3478708235703098,0.5443802746605438,0.4626130108811067,0.6418501734566341,0.748535382199071,0.6971653841691713,0.8373472383049058,0.30456998969415755,0.8295555320810777,0.6558528838995965,0.7528123666783241,0.7605358459089271,0.42293865558631116,0.7613479251704397
0.6529405006991431,0.6396318456459916,0.8871902121174093,0.716858556037444,0.8998384914573734,0.4244896110896763,0.6586354267161004,0.8055771118272638,0.3291802925514995,0.2623980451206038,0.5219014452810572,0.507548688490521,0.512250045357655,0.4423695249616459,0.6821396622443552,0.46117055828143466,0.6441046856831928,0.830966009977824,0.5711993786003653,0.6438485571588137,0.473002319052012,0.5123192444920364,0.7067830830237105,0.7108674830640682,0.24053279836901365,0.751491130747399,0.3711908197370322,0.8051185987901035,0.6304083180921207,0.7372429768719838,0.6508129573041778,0.5915491144826176,0.3310173983138835,0.6158597962780681,0.43980284378947754,0.7631692041875642,0.5924533376713883,0.6617077090566278,0.8808750913411376,0.3952059893578455,0.8780209285050851,0.7390642453727804,0.7209029689060387,0.6276231565311963,0.43564883185321096,0.7748951231457066
0.7299254367008332,0.5393201009365364,0.7652460292776571,0.6216252442120631,0.8790301343541246,0.3356958535235349,0.7588417090999618,0.5696850898500945,0.168852580032088,0.2054292031199211,0.35105172790297906,0.3721499245047799,0.3824663150317689,0.4282806067367133,0.5730607661920011,0.38841561803897945,0.43658531087505825,0.7478131226361431,0.7192986444855829,0.5425480836762179,0.28303511707511936,0.43322891519311013,0.7359790082098707,0.6587810077279078,0.20781568114697588,0.6840812447042282,0.2969976904937497,0.6656837070329177,0.5489712423647591,0.8082786417639132,0.9061550799585977,0.5209639395058207,0.3798763969008882,0.3826837149275111,0.33913929102931406,0.571790569637884,0.6091325440337488,0.6789349403977976,0.8429064022772085,0.2583558524271644,0.813899145725766,0.850594655919456,0.7572868777906288,0.49067994909000573,0.5116772383318775,0.6789512951270807
0.5430997387652083,0.45483813815838076,0.6409398803479215,0.5698632259087448,0.7637120067872397,0.2227770158660675,0.7472521904079847,0.4620589695304458,0.12833155740614507,0.12783235743918317,0.3479665871165555,0.35730379420337754,0.26190284565395433,0.39597307972693047,0.3516421929977463,0.3398908741667464,0.5527130079726397,0.6509580025132582,0.5054369561520227,0.41371611803514774,0.2832864542280123,0.4269096930968974,0.7448175088816924,0.47385960893925,0.05891948567246443,0.5422558651940759,0.281477037244265,0.5038220009038162,0.45531256651723506,0.6142931952717958,0.5916620735774213,0.31332840763105485,0.3145565478740101,0.4058194933818834,0.3906331437526254,0.5995408009408278,0.532957833632801,0.7725757176848077,0.7648663400446343,0.2545002207754935,0.8446895187874686,0.8683142461584531,0.6354407287096483,0.41962338786892356,0.4803688746747567,0.7332908545006043
0.4919543958368864,0.4476378952176113,0.37770442180882635,0.4922732105047287,0.6166959377030834,0.31702038420095907,0.5236730227440605,0.35862246495322836,0.10308674793954307,0.08633021676754632,0.3265248509763953,0.2117379158905103,0.17449076626240148,0.3528290214534234,0.44034016318439073,0.24290477229991952,0.5734119607620984,0.4409829335939541,0.2505531080272427,0.3364013066581193,0.19617970720199973,0.34592568447124067,0.55682945215819,0.3092100404831188,0.0598709176526122,0.5310236686679124,0.34647251585821837,0.46827827250328635,0.3372908166069616,0.49471069292913405,0.4718841305809187,0.25094646144427557,0.2152494329536816,0.304073601560489,0.38182842645534737,0.4691917111366435,0.4992198773647779,0.551995413862879,0.6136727838424982,0.1984329487718122,0.6877497904618676,0.6646809629765327,0.41931124115072,0.37928971973332026,0.5418707185379512,0.4268359473789929
0.35796329295836665,0.29176180990937306,0.2826280779332487,0.3641020992810176,0.46124278105318245,0.1508922582290185,0.4294397292621484,0.22607713570412755,0.08219534196128635,0.09439925781236608,0.2592651088633987,0.1646171887464198,0.15309008069258634,0.2745137530787458,0.5532360733120697,0.16348001301051202,0.2946685950138915,0.1619352668588763,0.1991221281854414,0.36668211606614703,0.12620235082626863,0.20234954921054313,0.300265371853219,0.2362582497103917,0.05109934733537334,0.4242278737224968,0.20887682103670419,0.3121163787212641,0.32946071371059965,0.38253460477552315,0.3624182599164002,0.17492596897988058,0.17952963792976973,0.2761052385943418,0.18649149409663568,0.39936102236481696,0.4585945813564572,0.49367663629251796,0.3517297309422898,0.10205539788755263,0.5623111183316397,0.490094738293972,0.45011269307129126,0.18959046691919387,0.30863603179955135,0.47094739815659037
0.3045316014351393,0.16607332098448677,0.19013858606617698,0.3479468355860863,0.3136719176234327,0.14647107625004205,0.24909780899900866,0.2622634182340384,0.056848145260049276,0.07610551327574618,0.1668316227547448,0.041485416056322125,0.06948785092982192,0.20119776117500593,0.3137902797192531,0.13440200157518167,0.2035573807015951,0.09834162605742924,0.13836093288215476,0.1725563977438528,0.193252839870525,0.18445973273307106,0.20620153813181885,0.12826580804885096,0.049867472287625746,0.2688824738335582,0.1324508467504356,0.1692135529001359,0.18063464564165196,0.30559827463464895,0.2293509121770798,0.09370562038936613,0.11499602602903981,0.1868987839307445,0.17019228996321467,0.3206552319277758,0.3454267019113259,0.4513461104083678,0.2393323583866815,0.06474283963326612,0.3394814799981442,0.3322701058722777,0.33325297330965653,0.13778968588472154,0.20732087605718852,0.2839095631594285
0.23862429727103437,0.11807168096309462,0.14864005010573456,0.26237424213793764,0.245502257790021,0.1193576500630742,0.19385214925594982,0.13854097322132072,0.029295221345559588,0.05260504599053209,0.08373475593985656,0.04669128747005198,0.049465687840066844,0.12947137065822098,0.1599317845223245,0.12017880715809666,0.13595085014468478,0.06656156723068041,0.1683923116905222,0.4779550368663995,0.15097523476274405,0.1398646933040347,0.08727138747778684,0.10999667285885495,0.02479338342622435,0.2527278259459216,0.09699502687710373,0.22784521651009074,0.13741671987707757,0.13294372678152463,0.24059732050703642,0.05907466432374747,0.03330050042213899,0.11394622123791845,0.11840796837790331,0.22570961002566012,0.26221996762169436,0.3232713101535752,0.19989497716546561,0.045726497194999965,0.386059139117419,0.2715009039281909,0.17843500295079634,0.1876927142861276,0.1639695332753868,0.17209899952983596
0.18546630587821533,0.11176947984683047,0.148310890006484,0.15927776520034626,0.152358246986291,0.044206587847588096,0.18050280170792882,0.08526955147802492,0.037152480420855574,0.07597473569796562,0.04129509884772152,0.028414933697854083,0.06422218189929006,0.10543308569203727,0.060897445959786245,0.058737218834147856,0.1029043162226593,0.07685258241225085,0.07259943458325877,0.3531120532035529,0.20074394773894189,0.1564091890584135,0.06528351018717223,0.08910512942142901,0.020433257784845317,0.16835435189147055,0.06083542668741602,0.15889111627894276,0.15448236120932102,0.20428996872297292,0.1402049847399514,0.07985448985506478,0.032369686237675305,0.1309169160805817,0.10332976837684203,0.13142675270510912,0.18284625893037296,0.21486932823507146,0.09546606036392613,0.03454431425331371,0.362240107406259,0.27148668808075804,0.16320884512508746,0.1810188798612841,0.14619544291675654,0.1379681358009059
0.23334131339954253,0.10778856809397147,0.2091824185812896,0.1443749006903319,0.17648174723562166,0.09140673087920811,0.20361162754950193,0.17107458536666625,0.048546978814314135,0.05206032708441585,0.0666366158758921,0.0889756567006233,0.011174393623929793,0.07494529131338121,0.006244264212343767,0.09725150191943398,0.12136117763726434,0.049119614820350654,0.023999327378655427,0.19486117545666148,0.15203614545427896,0.25215656097870137,0.07064699232940937,0.0731393509595697,0.02267130133514879,0.1017757576097181,0.06964220610287139,0.13446271103531152,0.14421360823685112,0.1605131946031769,0.1454988778007859,0.042435431308614255,0.007782817977502243,0.06943064489368259,0.12380198273979039,0.11506726836067638,0.1867075757293753,0.18835006022251005,0.16359382294584832,0.0425756977357738,0.28692326289550835,0.19865006612763242,0.1268181508711906,0.15351219577786399,0.2029588093250515,0.09977395025717672
0.19962037217840278,0.14642360466567494,0.19758826237062097,0.11451850157185205,0.1988545785188218,0.059830964963053644,0.17583354438825796,0.2274897738571798,0.06813473869451875,0.07026545059447707,0.08884945123032419,0.04176281090409002,0.025347293681393886,0.09380409598744668,0.07574822244690596,0.1777642021356512,0.15001024600599536,0.04984204093779315,0.10322630486819245,0.04480278944922549,0.03249672365287349,0.20192261820585014,0.17117637004426528,0.0678912548041142,0.06683652539342314,0.11418950512971425,0.11641191427517714,0.3193473191020352,0.1099652348635283,0.12661548892124175,0.09221061299370746,0.0467948279238196,0.05095712591981873,0.0929196144696815,0.1374363832149722,0.1274602310952581,0.19315079476991354,0.1584606930159488,0.1475413880816422,0.053071955812371965,0.3694617563715607,0.2162232282467219,0.14667545336407742,0.19893525520390276,0.25271629582358013,0.11046411953977595
0.33725593143382615,0.24151087231527077,0.3747924572304801,0.22716247453629462,0.27977466096900955,0.17245484326031266,0.28142349332029354,0.2768186865999491,0.07238322751452668,0.12908351203619903,0.1361368469551011,0.14622914441780993,0.09554494888046455,0.239258809704447,0.2557031059514083,0.15913131942559094,0.3765271031059574,0.14878657450183766,0.09653507026326627,0.14540980750837998,0.18279716090372983,0.2319385244095457,0.26364182141187825,0.21902980004623204,0.051089456008392604,0.15340182920357834,0.16711806373136198,0.23845557829039707,0.12445989052348011,0.23764165089429864,0.21381753859236402,0.13245245819110638,0.1516710322639805,0.18186405019944915,0.224220517854118,0.2036171935279106,0.18828067005375343,0.3787623969678633,0.47869262587365935,0.08836136678658035,0.39937879891204486,0.2506495414492091,0.1957656802865626,0.30816364735930235,0.18806243351653532,0.1535424637307956
0.5317711699795801,0.31523396549138116,0.40965269120607545,0.353699274075343,0.31900050332526786,0.4043159286462481,0.4247730155987052,0.6816621526082576,0.1632793176315409,0.3203445297468515,0.26765226473440795,0.22204097496632105,0.2578417553789672,0.3801920155533107,0.4630251848183796,0.48755873934101607,0.3459090184905742,0.22982393761493525,0.27070063069080175,0.5084773103814818,0.45130601849096363,0.38489975488588224,0.6309102592077305,0.38736680964572695,0.18323964884972316,0.4864956143416899,0.24784176096815214,0.4533051738691703,0.30020784702692876,0.3408596242268265,0.4715637614210606,0.25904274004727296,0.3464989310465727,0.35092261241633527,0.41277861709362856,0.3517615390704192,0.34296628515872946,0.3366224938083856,0.5370214658655188,0.3087212552198088,0.5797271151396826,0.3247253052024389,0.3463920372086414,0.596837776985661,0.32509224213936266,0.30863520827020474
0.43699438399150775,0.5236599461890235,0.3792613550082119,0.34787809080024146,0.23524397711823902,0.7420105612629035,0.4268998735688128,0.5631115160821109,0.4554467919031004,0.5666732852156027,0.44888699920119574,0.3143730135322203,0.25893408780045923,0.5392974901377711,0.610211803096858,0.6463740182463141,0.4204511678889138,0.3958801035389896,0.21316252446731915,0.41859643476737496,0.48207591502526914,0.4327438537372635,0.7521225173548416,0.43999759280295814,0.13095694439197667,0.534008950266136,0.3736773305428166,0.46708531795378616,0.5829921159416421,0.36690290323869335,0.45803818546296526,0.3105244734591821,0.47972507415828997,0.5958563039707235,0.6531640645912983,0.3121146546932574,0.3520070100309473,0.472160119216047,0.44241374702638475,0.31630027360805046,0.5163649707531701,0.40115904407472863,0.45481437580340284,0.7307064047847865,0.3529139352654913,0.45672190121033274
0.32185341170438586,0.45312595836139846,0.3619716216560246,0.3039911269167505,0.19863951180672273,0.7355987917037285,0.39731563845463536,0.6785301467068554,0.6041330625135278,0.6505590259789562,0.4488337047102624,0.31699027022335713,0.2672375410522742,0.5873374433024975,0.5233242315123913,0.6112451300477535,0.5132466069909402,0.4553505564582771,0.18238716028870833,0.34162587725032306,0.5059944471662035,0.37284767613821773,0.6351593238921915,0.4367398944076932,0.15942745131549516,0.6543160726115613,0.4013542937902888,0.43292153456369514,0.5712157544714459,0.4933917833234337,0.5867233934798941,0.269514972255773,0.5722012640298794,0.7141124769539228,0.7026389159861763,0.32510836193492143,0.40033340106037507,0.44511625559388496,0.6382896913679789,0.1885950322886676,0.44849295023737595,0.32626035761101974,0.43592641420608114,0.7461433859009765,0.3858535910876631,0.7333240912241872
0.3707817526189704,0.6625594842116206,0.4300712285822947,0.29700101931356004,0.23056232080399797,0.6850199241375519,0.36797835645813,0.6916908138317638,0.5602219556349062,0.6623381062834444,0.5085173902474427,0.4582125247813373,0.30001017676230035,0.6147079629059992,0.4200853884983501,0.5313476333765141,0.3922120294607847,0.422731021116002,0.29618661866657425,0.5081130353183975,0.47953825397451777,0.42962919655025783,0.5708199697251062,0.44591676962419297,0.08565435123119311,0.6695866619198934,0.4501443021342407,0.5156479830768373,0.5137425886090066,0.7053574269523845,0.4611912411117358,0.3250660735216161,0.5474764958031452,0.7998352511095591,0.6673484004134351,0.3497289320137348,0.36347744346252214,0.6149917886063324,0.5321598270691431,0.19351879790282936,0.4835420216775496,0.45835555518162663,0.4879162113038105,0.7132641971828226,0.4462096636896609,0.6294514425179388
0.3957207110021218,0.6052696574277338,0.44618976078441897,0.4896795045980533,0.24694203912330592,0.7034657326127222,0.38372488592508247,0.5965084554934105,0.6138269264053113,0.7282097661369449,0.5292917541355163,0.45568893539746097,0.32550972207898116,0.5804365277481833,0.4666992254031691,0.5376385129079821,0.39715176762427395,0.5793393555436368,0.2740123548162311,0.3197921541578929,0.6141293267123332,0.507040248204353,0.48249001175025136,0.387877756118192,0.11336243422907069,0.6849017467328153,0.6014319493316209,0.7079388323380693,0.6664332343853405,0.8398213346288134,0.46865896568392296,0.3110084389690886,0.4532792771111769,0.6496713949683711,0.8122704975222897,0.3602755066773744,0.4439110869402919,0.5827600252978061,0.7394635801806593,0.17644554428539763,0.5543307906187743,0.35701178391414345,0.5657449993620841,0.6665075650031904,0.43023546869163704,0.6681820856459313
0.34877734659502047,0.518477150013467,0.4160950588743049,0.42095635734869385,0.2686700160736198,0.59924099074124,0.4357720572483798,0.586717567874467,0.6177145532376268,0.6306193140003042,0.545431457647113,0.49204314349140055,0.32312123512332397,0.5408920106477789,0.361538419355287,0.6160316421704165,0.43406023450702086,0.5409951466254226,0.27685290178255706,0.501915033060705,0.6970886305226569,0.5032139153673658,0.5502992661820909,0.46220360079055195,0.10446124401034923,0.7707628438449705,0.7294260628341561,0.41219354832388755,0.6361407968493372,0.7296761379125141,0.5077300743920081,0.3555716171662404,0.5844850792454588,0.5484196221376363,0.9871387323835119,0.42163838843541634,0.5328930872956519,0.5671443115458711,0.7770943154092244,0.22087993018904453,0.6100100505025736,0.2995751446035732,0.7287168384260754,0.8612168119027755,0.6412858957500324,0.48217492857363464
0.3417428817973997,0.44586717743466164,0.3667624589620948,0.44157260900499706,0.2522384041198702,0.6924076418358205,0.42799559657042685,0.5971758623018603,0.6052650379674046,0.6072902813053267,0.5678347811010555,0.37392879405134566,0.2903240458177783,0.5583082176705491,0.5293616450727825,0.5905224068864411,0.33471596314059276,0.5630685148649384,0.2074038552014793,0.3772420543416537,0.47208908946755396,0.46546108746765946,0.468892574470745,0.47359858533597726,0.11748830024639018,0.7253945089249241,0.6335479241166915,0.4375500806672508,0.6194953488752027,0.7204426020233675,0.4766438912379416,0.37405703362276715,0.5643293190761902,0.48762397184702166,0.7269725418845006,0.3837226020573187,0.41839620582386317,0.39345243281107245,0.6975635196611831,0.12722517464489216,0.48210716925323077,0.2739261579203939,0.6961839968476052,0.7773799632719948,0.38072274603996914,0.6397924271067249
0.35492631151215764,0.6208035208056407,0.33082989159801474,0.38912082886119526,0.25802549006753966,0.6746880133549586,0.3789972500392128,0.6846707421147699,0.7703401338199845,0.6453805284324481,0.5052388431791345,0.4034142101895517,0.30620555236095715,0.5562631042142413,0.5938334799822751,0.7264755655725164,0.3049776388628217,0.4787574160216746,0.31968232270337515,0.42256893533642753,0.4360720666923025,0.48027203135305374,0.5592423476866604,0.43395319603242855,0.1708802676039535,0.6515807767269182,0.663508296476566,0.46792799682153796,0.6248026734372879,0.7358503187764444,0.5404622608796616,0.3727986574116054,0.5073589430301065,0.6106520949616961,0.6800646308046475,0.3402906801274841,0.4157640648904459,0.4848884118096323,0.5178147693278743,0.17030155973555666,0.5497183177290819,0.30686528090913234,0.49558434188834405,0.7492977872283152,0.6379790840092092,0.5272526075454357
0.44812866355250053,0.679293829682635,0.30371488659319257,0.5230572466297536,0.2913853170370661,0.6730648929956129,0.40105794854173615,0.5928016641748104,0.556919055121123,0.6057188175579793,0.4502622141522385,0.3723179496627204,0.28442741211420863,0.6096493820449206,0.47415937919556395,0.6600891195747747,0.4183543533306696,0.4674557850120235,0.3074734268404067,0.3523999376803746,0.6033922279399113,0.487371867539236,0.8410284205548124,0.43936140405454965,0.3284549776636782,0.6936453717995235,0.5900023551919282,0.46451150281597997,0.7527863902096631,0.526324402809462,0.5886843516915218,0.42993935973832836,0.4204305641222857,0.6174500553247583,0.6661838237513812,0.4412790789154166,0.3803277412289396,0.5288740204289719,0.7231108932064152,0.2497199844102663,0.6421198129287589,0.2830078527162039,0.47656177403769384,0.689578668683037,0.6790309392564576,0.7330944183164981
0.5236640589235542,0.864029631677769,0.2970411825581775,0.5692566262467235,0.4316416078856757,0.6338997827963766,0.5110377348405669,0.8691838773960742,0.6099608858002191,0.6027834674318544,0.4801145309162313,0.46911486140660613,0.34268866931990316,0.6671137375490421,0.4234438936948268,0.7101044711390556,0.3489720471297312,0.48012436860183455,0.4582084183567292,0.3147800202669697,0.6772674857097263,0.5543140018805847,0.7426266698730077,0.5433228762940113,0.3217267729088469,0.7093781751393664,0.523274343959047,0.6425478755893589,0.6679560103115365,0.6638135395798379,0.7950616453506513,0.5547205892292534,0.3934822065228909,0.5830737847510333,0.8353065566841734,0.5367496445365444,0.4793926072468193,0.5555965631123281,0.7342912769932695,0.23582841298589877,0.5458530974253599,0.33988429996554875,0.5115280673207896,0.6922751493527408,0.667000636006161,0.7206358737007602
0.5985422197125456,0.6972142512318235,0.5406208580307537,0.6887529285663505,0.5820297283935357,0.5077312297179271,0.5637149995986637,0.861935219511923,0.4838238782454659,0.483322789540174,0.458445232780538,0.5109110557803965,0.5170926023907256,0.5839033096082509,0.5976991657626862,0.8273504877518492,0.4113998106483399,0.6179233689899253,0.65949859134133,0.6511787762339641,0.6282534136679946,0.6763106484616485,0.7928269767647864,0.6690777380532033,0.47761974013105307,0.567610546331837,0.45179533417566875,0.7806008239367641,0.6957253348046795,0.609688231035195,0.6633453279828683,0.7154563113862004,0.4103346823685854,0.4750017957800826,0.8475376341659825,0.5866001765369813,0.5594854225341078,0.5581435076582478,0.6733743008715306,0.19153365260778474,0.6779012217373265,0.5533083768632339,0.6228929311806324,0.7506862974132181,0.5794926250266355,0.4824038503414749
0.6994232210149995,0.7980215236985837,0.7491275072559351,0.629660794900554,0.6956313223209635,0.41939376960046376,0.6031327398946182,0.6646734473141632,0.282004239335951,0.3249796267400087,0.5751221097666052,0.5274251715520516,0.46109663005815754,0.4217505319342524,0.624403944881062,0.6092458916312938,0.6343210347031809,0.7055874107837978,0.527990266982112,0.37029010909613425,0.5531228356879634,0.5720865688758096,0.7666353036253248,0.9052485860699823,0.4343090153915361,0.49214507777598154,0.43155542459385027,0.9440798642622954,0.6623370669352008,0.5541691451310623,0.5771533301713785,0.5043550861429145,0.3475413661995749,0.5156837767043648,0.6773248600177171,0.7056337049156721,0.5742096709653585,0.5930495003180678,0.7679148595025855,0.21551927027165485,0.8548197474681649,0.7379157655256317,0.646006555807459,0.6375394443170987,0.45370560018293127,0.5547796464506901
0.7337443817427888,0.7380666706198749,0.7791407766071119,0.5936512764548059,0.8636624220327687,0.47462726066811695,0.8049011121893563,0.7423631021328756,0.3380809214638047,0.32001054292191083,0.6779414126626759,0.6147635192053834,0.5344419611716059,0.49260206337790235,0.7366292552060013,0.469932834690257,0.7533262766686063,0.6853148180441699,0.7717606694117738,0.2203794691837643,0.5049320816835666,0.5369547905147699,0.8511687314228622,0.624249564176814,0.187886375015348,0.6191579313546212,0.48561769791610454,1.0,0.598256945851191,0.6006270533465539,0.5221911435583731,0.3934495337606644,0.38844219110479067,0.4215046075514367,0.5316836424330795,0.7279054013439847,0.557301044120184,0.8311203810993466,0.8161060486158588,0.3089827661000496,0.7891959317243088,0.6528894563820428,0.7118907328308218,0.6905131810248202,0.47100787238468816,0.5809499064080725
0.7325807640249007,0.8056614881292234,0.6566406188219426,0.5884652394913011,0.8822845452880246,0.3943977957520948,0.7709206802221359,0.6917994369201229,0.2838945613697922,0.231988576593278,0.47073034529852087,0.4675458519936574,0.399858219008159,0.4313436126334544,0.6345670720093394,0.516001988355411,0.567082999936401,0.6860237873709312,0.37175369784518647,0.35006735071489686,0.3384340212817122,0.7666292838181259,0.6853394082109694,0.6219121946861847,0.12457162905848493,0.5251148579666056,0.34696952216430244,0.731514833869088,0.583651765756028,0.8788609652079581,0.5748718126238207,0.28912481426670894,0.3482905553099328,0.4193724613639568,0.4236852739175336,0.7981488715453681,0.5196371921441534,0.6301823266892034,0.7649231076369695,0.5100368893065562,0.8129278244471099,0.6594736248438403,0.7799747609336447,0.489659038990976,0.5345230102636982,0.547485588964109
0.6230368766863579,0.6484398618667422,0.6858332822043056,0.5773665566668925,0.7217955980527877,0.3782588862342176,0.6803961950546888,0.5199071479906534,0.15830485276152334,0.20245065752864122,0.4391317319321488,0.40629416033798044,0.33806813010389947,0.438139425335785,0.5328184783540234,0.5664363108000109,0.6050374871753734,0.6114724193757939,0.4164542264062082,0.22873513830744138,0.33214191502905505,0.47128627905480924,0.7603213976794934,0.5730511284963,0.12063286961984948,0.5873939683260982,0.22696866864991266,0.5006930678149857,0.47736235841881636,0.5838514558403661,0.4498727845958128,0.3234430204903608,0.30346054506864334,0.4108178217157087,0.4557197909803924,0.6072142625449022,0.5897432550444978,0.5931642030491449,0.6829885909822484,0.28229990464910437,0.7923678190387975,0.790293984965463,0.7293264446613669,0.4393925018938782,0.49852095976175864,0.9665211153187052
0.5365532526358836,0.45628450780475777,0.560897089623214,0.6730494163053404,0.6139023507358259,0.20203111988690167,0.7353165642095686,0.4246838100059279,0.11896674731233127,0.1355768559741219,0.3452140802222638,0.34899104916070717,0.24560741416042778,0.3941828305986419,0.47180699503660595,0.43301628933231945,0.5053179945239089,0.45606595640377195,0.5796301921337979,0.2908998876957436,0.3471484499112295,0.35470570176584704,0.698823010469491,0.3788632908642184,0.16850015295843376,0.6212554209152958,0.2174634234726907,0.3720735157769708,0.39006874337133385,0.45370691342886704,0.43632762720981455,0.2995558318912935,0.33577486362307674,0.3838773234077326,0.4908623251526005,0.5611532079219181,0.4610302994482079,0.4765644462762399,0.6610037766597907,0.24592091001039382,0.79151780693027,0.8713848635637892,0.5972746879618996,0.4055589593831718,0.4770669343332948,0.6791372041991133
0.511672657304875,0.38323019411174203,0.4246497343608972,0.49433700164402083,0.48197732480827615,0.12830939353013834,0.4483752781521594,0.3125354070929718,0.07214444053923807,0.09638140710682923,0.2264112970095073,0.2015920493205409,0.179638093191041,0.2809559892496925,0.5873071474897437,0.26618736354257877,0.4049144267079912,0.40491456129257414,0.34507237087017967,0.23321716684749597,0.18659330339416197,0.2630995257190223,0.6152126900264123,0.3051269378771794,0.05480552482219591,0.5064439102399629,0.15898579634493862,0.36392180962121917,0.33431163520900964,0.41971501610970496,0.3892747014057765,0.19543112016004208,0.22953713038290818,0.14587667550992725,0.39039446817684353,0.5199872025582515,0.4791241578711748,0.4804993810594233,0.4799673285994399,0.20625170798216594,0.7447986025879764,0.6934547878948125,0.5254733189590839,0.32272227817673904,0.2829415782219245,0.7007798637504891
0.4222473819702146,0.3251170628214905,0.17606029039580648,0.4457177284809354,0.18223668341954158,0.05414167683086631,0.3435990917306338,0.22233729360371748,0.031548136293285345,0.13987231596930932,0.2568924885302825,0.15920082959961762,0.11288939930835236,0.1095911009146692,0.14920746733750415,0.1247213100410552,0.26752977613453494,0.352143980690667,0.13512355555888483,0.2556623594252223,0.24653889418634084,0.2625779802694169,0.38557140922893124,0.2217384523872196,0.060889629214864203,0.314128568456307,0.35164225082238626,0.3610738796312584,0.20095363931312887,0.24430963860565605,0.1377726137252241,0.07527205288376947,0.1553916894913004,0.21274647097901586,0.20860628266681447,0.4256079211874718,0.37620462042684677,0.4396748520558647,0.5268496201133777,0.15518891301522653,0.5108959093185785,0.5211806997627076,0.3097398386054792,0.19263846571721494,0.2280484246748598,0.47941903184425405
0.28888488545782054,0.2067770785596283,0.23899057525915668,0.3533650336236634,0.2489399214853708,0.04666043745016118,0.2895183673571023,0.14422647332687882,0.06611243179654712,0.11192106735807086,0.15582736974562117,0.04634935743333361,0.0852559719303672,0.1288309963177856,0.17709382765880294,0.14139272610890186,0.20108975107690882,0.24958705985238955,0.20935698544583137,0.19905177618268258,0.1597685283985979,0.1499474435992823,0.1471503932156103,0.21894201280834094,0.036730357241192356,0.3236809962360583,0.26691867294962063,0.34816856417291536,0.12115904513789114,0.21432577415933682,0.08797165530451333,0.1535856043596297,0.08990620816859937,0.12747537310658608,0.1786914744467618,0.3027057864343813,0.31872158861399696,0.323779843828999,0.34826595033820823,0.04632910889294689,0.34388823217804954,0.2933644343874382,0.33534048840177744,0.15873270895909042,0.13776505594887767,0.31722603930381355
0.22717951807339182,0.1459654520913365,0.22238368730143548,0.34334516207872806,0.18222313204626525,0.04555548998556306,0.2527391265846572,0.2108975916206246,0.06844015392087917,0.06833505118926565,0.144721755602865,0.06905919760163805,0.05758651267922915,0.10062807735444596,0.1948599494714191,0.11976303296036393,0.11747256723718857,0.2777314699673282,0.10589628108003385,0.18898674235755128,0.26935975585534827,0.17185360893772283,0.08870966641491987,0.14323286173278726,0.023716849707822285,0.2230446368347386,0.04045515854958718,0.2838444450182092,0.07720203737591237,0.1633662576830504,0.0777100884643269,0.11198378891943216,0.0846137549686457,0.1101076202793912,0.18067058957363963,0.22360716945547404,0.29172008995749565,0.2515005918597061,0.2220785814495187,0.04118025745933947,0.28843399530089925,0.27400992072076025,0.23653639271717505,0.12655457186826438,0.06616872480007635,0.15641285780170505
0.21341667834788924,0.11168548787478913,0.19578218947661485,0.23179714676945215,0.15450179771815076,0.03629985306637771,0.20477071378592687,0.16070770837356596,0.057639386860585326,0.04808988235245465,0.1089515817200158,0.05023662037999911,0.039815824185332874,0.09789695611284749,0.09375131737507736,0.06496247476982205,0.09696927318871229,0.16268448539349983,0.06288262125799055,0.0914194570631908,0.1346085651179892,0.1673634658886097,0.11367185023186421,0.09386572459751016,0.0202655370264246,0.17361029347702853,0.06194536222084917,0.2002498623364224,0.08511673523279312,0.10074926631622008,0.06832581513122814,0.04092218435210357,0.0008836855112163422,0.064107948565577,0.12555736699654124,0.1474306520993927,0.12432229291276814,0.3172918673205344,0.21517242486359972,0.03489664126656353,0.2720401203838237,0.25675319153481563,0.24316217034433643,0.07453689893018497,0.08413761073249955,0.19307202785115418
0.24128085387439738,0.14584373255885297,0.23199516417766808,0.21491590878593,0.14734821198979992,0.048207529140805415,0.20406643928631726,0.11996182717556997,0.04559164851571053,0.030376127602020714,0.07283505871044889,0.07772502235033595,0.03849457230341489,0.1075835018531871,0.04657289577168819,0.09662750799065432,0.08357471095861699,0.12582067282701806,0.14093853063077322,0.12091397652871547,0.12050440807551267,0.22707936636100726,0.17964791863790067,0.12288966543035462,0.0017627452662278692,0.08313850468297984,0.039744461956451406,0.1871357427365075,0.0428431593998239,0.12769352785088067,0.09362900660853683,0.044060430516734236,0.06999712288417219,0.1861067765688449,0.15092691711441042,0.11793122187247276,0.14528949686885698,0.22241252465605252,0.24929752925293513,0.012002801022107563,0.21965194143364725,0.14536274927670934,0.18746231961560905,0.06836005907658702,0.06528835447968687,0.13728928513986666
0.2063753336772341,0.24894180685827025,0.24175596687659207,0.21471572965588656,0.2191804811631304,0.06486529446132297,0.2113169762859359,0.15460052259938356,0.04644927599687798,0.07480410359316841,0.06894814566497448,0.05081956705304984,0.04916392141610311,0.12269599405539494,0.19798699910727735,0.1583404307196764,0.09903049201662747,0.1533685642509267,0.10596921038047927,0.16170840115214655,0.004272341399651238,0.1975141672493788,0.1254088365650224,0.12484200940254991,0.018287905048432467,0.10808251481598419,0.047970926544570754,0.24209952963569178,0.08619253187901656,0.13194468561206127,0.10803848053015148,0.02998172046137314,0.09299235711503677,0.1613433494297248,0.13873492071994953,0.17093135004425844,0.13322178102785642,0.24423395431840725,0.2824361686023229,0.024662176529496604,0.28724500151359217,0.27889839006477823,0.22576726483484058,0.10696196787548612,0.09424893523243921,0.11014687249009164
0.3100651859923205,0.3535205700623937,0.3031996113459776,0.2845855640233997,0.27988193894508007,0.17176334826380785,0.32643738290010554,0.26023056554670543,0.07600166828673285,0.11762295389616495,0.12319424573173283,0.11237854943111616,0.09108177257783483,0.3342418493557676,0.3786140583105542,0.19514315559501627,0.21225954842362116,0.21038495482259345,0.06814742347398034,0.2340797504691143,0.06693655132303895,0.2006010170998183,0.33063634587275076,0.2067999851486306,0.033155602591206805,0.20042562439904277,0.1808716975274256,0.18656734317929644,0.19676821527595842,0.19558914818068754,0.2210218279060729,0.062446599818102064,0.17160647756367647,0.2782206305041327,0.29967817306679984,0.23750278483335416,0.17611176059760064,0.2840830264902873,0.3513418954178086,0.05872738164768028,0.3161153003796881,0.3365580160669041,0.2343680191298095,0.2490504662335561,0.11691949558661441,0.12949393421358282
0.5042128490581967,0.38131418675614787,0.419647325774436,0.44299416101608013,0.24047509327051264,0.3843658400178235,0.39628505096040895,0.4381957599019779,0.16192670650011118,0.2555166131990124,0.26049413950505595,0.23080080326961427,0.2514706050500013,0.4148548698032632,0.4899118878710479,0.4623582865451346,0.31353891090203845,0.2939050737781578,0.10068987371007271,0.2946234854726071,0.24841712532412807,0.3477058377631272,0.5749627710179539,0.48425624935957495,0.16812941435562653,0.39518357070629184,0.258125087913419,0.2296073181934369,0.3190110600663808,0.2769554237902069,0.40043237438142587,0.22086739189703408,0.3206446140485043,0.3688998137667089,0.46540597153081786,0.3092765669281652,0.30118867271488436,0.39943256323942516,0.4223227947280097,0.11773901913240663,0.536658382321324,0.3694916370392035,0.40656984173058386,0.5445370242936517,0.1983656281866125,0.32229058365239593
0.3781742876035955,0.47887800056999114,0.3504227154219186,0.4489421294326564,0.24321703133957873,0.6558382689684661,0.38498722409489416,0.5831314716671964,0.5426300798141898,0.611041978911991,0.4956623131688899,0.29583406834244375,0.29973853012434676,0.5713590949906814,0.6006140075784338,0.6363390042750183,0.2956610054715758,0.5511979941388385,0.1910351361511098,0.37829950138087043,0.30007410894722997,0.40047917028730123,0.6825419815239901,0.43382104801892635,0.16739433834317874,0.4960364694862552,0.37993805611046255,0.3260224134113734,0.4341753760695969,0.34889499233406807,0.41670226123953685,0.2714730825098318,0.5711183714462897,0.5586870483944418,0.8168281354780302,0.38189845013658685,0.30638690318840245,0.552750874099392,0.37465391638309864,0.1419376675862398,0.5688247799886279,0.35610686233211686,0.5300953882324789,0.6269217208608138,0.3330873536637476,0.48853099294831825
0.3375120765861877,0.5357325670818668,0.3319167272663658,0.37855448159993627,0.29093871747801503,0.7883253794923131,0.40187173823033556,0.6782128273533365,0.5659984151011885,0.6832510331129766,0.5065789461399746,0.28953519097707653,0.3253250511691831,0.5962413389268079,0.3984768864318139,0.6628986257276679,0.30990805016035555,0.5067832364948033,0.23323491910811087,0.425159148896466,0.39115950357394524,0.4258659810136135,0.6718840730483557,0.39419981467790693,0.1962738949251088,0.5546034866588732,0.4386632828804586,0.329608118047985,0.4741188283821463,0.4341667722656344,0.45024771775537886,0.32969044006480763,0.7767767913502932,0.5404156560882064,0.7295196476697221,0.3395453287824687,0.3413358535389446,0.5549133609854929,0.6588628895761319,0.13264262387834844,0.537279589232381,0.28970092615612697,0.5445509075280337,0.6710181169153627,0.3433427471314182,0.5483258989845559
0.3373402990248649,0.587238180614973,0.39211535831065425,0.3918585864522786,0.26815509939182675,0.8429470447151115,0.37699193622025473,0.7415685123817718,0.5250037511366021,0.6780250876538232,0.532876193048788,0.37472248212507764,0.2721182158537278,0.6302350666841282,0.4019560130403327,0.620276543346528,0.3541331137060107,0.5007623422149281,0.24848605522667053,0.419111967843195,0.5824412816026562,0.434198335802877,0.5343588118906459,0.42660723687207974,0.11843729118801277,0.6150198750511349,0.44294703819672887,0.4958131912500065,0.480739406074378,0.6820121434665949,0.5401416447897494,0.35642762361017016,0.565979631909116,0.552120964116943,0.5822560892114355,0.3844382537257155,0.3506452028620408,0.516487978200523,0.6250943826815172,0.15589133390589693,0.4902058329658064,0.20515609271041785,0.47758982031212893,0.6860912146712433,0.4815597255041227,0.5602885308385516
0.3564849222153,0.5429629990259982,0.4821694543231674,0.4285778803890745,0.29425199222961856,0.774052345493644,0.4764718958816465,0.6628065372903994,0.5283973140120157,0.7628220725467498,0.4764768195185948,0.5891312561533029,0.33152116667771697,0.5873330846536593,0.46236835150880906,0.5800399046201986,0.41118816441747513,0.6761566311666933,0.31635187916738666,0.34529913309327787,0.6757015102314657,0.5785422744165069,0.4827983005538305,0.5089974463085524,0.19091708796345805,0.7385289007443099,0.5913355340930937,0.6285718884637775,0.4905963454822198,0.6841472070959387,0.6100466036763705,0.34381287556949375,0.4446159015850464,0.5043035652913708,0.7725938644763275,0.4137496192641932,0.485282352390077,0.6378715258120893,0.6665582983875871,0.20389398339164713,0.4155697864255073,0.2486423333315334,0.5607442403919644,0.6818671942823218,0.42531559584824075,0.36255019127868127
0.33799037934382314,0.4895571989704581,0.3882674981325862,0.4613230112686617,0.224176043401362,0.654768418537564,0.455968664574947,0.5881622603408992,0.6158752723450397,0.6484285614577772,0.5263771480517305,0.5142831887331293,0.33907533121619365,0.547545789133174,0.5182411309954735,0.5699717506634857,0.5009648657332106,0.5666562667945176,0.4053459669719384,0.5092021428635913,0.7537444918530785,0.502260272211654,0.6035933521129369,0.4088886930484488,0.2308557086887867,0.7003329171618722,0.9584289129076267,0.3468131829078004,0.6369999607157881,0.8468970509519813,0.5413118075581358,0.34047816604393355,0.41520617543256355,0.5731097646241082,0.8006257121926106,0.45773706373173484,0.4895571756786946,0.5670353906924296,0.526821736591936,0.2027837646245923,0.48843798990124615,0.2928811409896366,0.6960130716855307,0.8568106633184059,0.6479755021445089,0.519970114035859
0.4035964121109588,0.47645753587368384,0.33502211785256697,0.453301910788245,0.2515959373127342,0.7027755771181473,0.42241497395580363,0.6259485739351245,0.598737126927572,0.5796950853675278,0.5173136995077122,0.3547956879035853,0.27717535341483845,0.5313298197364621,0.6439078881374458,0.6258000175331212,0.4756389201834642,0.5207985459029851,0.3107057982655578,0.39179654834226024,0.6257092006688013,0.5184686527440927,0.7238182554486805,0.4013755835909745,0.13739740315026916,0.6958149683505876,0.6598821659553397,0.36791556826733846,0.7958984746003682,0.7241977589691835,0.5516107623236084,0.292054856689343,0.44851076199111967,0.39984565064751165,0.6311442241785608,0.3864544122312136,0.4164941223220796,0.5037202666409522,0.37083840626021425,0.21272448343874964,0.4421206735014145,0.2570709625441119,0.5968086051034647,0.7682716981677117,0.5076596496215533,0.5609813395274419
0.35391515672514456,0.483992916647257,0.35795435823511135,0.5063538972100154,0.274354345189209,0.6930604400660221,0.42164856677088025,0.6053136896186863,0.6498888078693812,0.671385443800453,0.4949280387420612,0.3645906370950614,0.2688559905679381,0.7139403665117088,0.5909697840727306,0.5346412947293713,0.5013456362190315,0.5505947724560125,0.3513114477838701,0.2518824371393668,0.4359094310732333,0.3805858671315957,0.6894198523385844,0.42075744068838306,0.1949528902229203,0.7087139036617769,0.709802550664391,0.3904554162019651,0.6742281206731646,0.6613171725053788,0.4415283381534104,0.25915304645925624,0.44038438511301087,0.4879546551202799,0.6609023011788656,0.32636030410817174,0.3158947414038219,0.511581045672776,0.35995300727440316,0.17583445050614888,0.43754046849397654,0.22813220744608265,0.5152874715085182,0.7388786763003338,0.42123904433410536,0.5866953535810847
0.4199245732508982,0.5493809549407509,0.4355678511107538,0.49829035625996576,0.2871980678809732,0.6064098255311381,0.504017315127842,0.70866481480522,0.6146555292211664,0.7015176784516928,0.519677320582863,0.4309639836871119,0.36702267813601547,0.6321893147424847,0.6028706870920821,0.5523629245182221,0.47749630896834205,0.6207564233301535,0.36125984950304973,0.25328181277953926,0.7913705049042841,0.5292459652825524,0.7831664647033934,0.6669791850054223,0.4552817427120001,0.6259168833924209,0.5987754024427476,0.3884392043681853,0.6206744380966442,0.7299870706145081,0.5767263355713287,0.3721011013434507,0.4237737075887677,0.5883814047133049,0.578571186892806,0.3624767226788208,0.3982560740895117,0.5550547472841899,0.6035542445058177,0.1906480185218479,0.5399584849467728,0.24356102675678426,0.4736551642705781,0.7625874483197886,0.6834069641606015,0.6518502241465474
0.538780714657368,0.6658546750653602,0.4343067184916789,0.47503185100980844,0.3642839911555396,0.6683503077982547,0.46481004925760416,0.683882831897048,0.640470711695751,0.690473873510163,0.5414015068034255,0.47061912414143403,0.37574851186262037,0.7180160630596305,0.45698036365581574,0.719026190618633,0.47744872228556035,0.5693752560513645,0.30086798663357994,0.5171337517049641,0.6606893125157548,0.6517338026003346,0.6643630451287685,0.5767059611804889,0.43680039947022975,0.6680662822103955,0.5061009465687253,0.41017651297332886,0.7021770248642224,0.5795317931242309,0.5688808923059826,0.41231587436205897,0.4153374228120384,0.5010592885905031,0.7037577364263191,0.4435029166479394,0.43958205159421776,0.7111802153394935,0.5497100062692832,0.2397210100286329,0.6265996081295266,0.2556426918165904,0.5223711328077022,0.8503868188907973,0.6623200145990868,0.5031109090604522
0.6480494550689778,0.635267548841687,0.4669676192683105,0.571630902255519,0.46814295921554844,0.4869316630099488,0.548011385247128,0.6233609421987356,0.47498582840352044,0.5351923147599278,0.5356419616034129,0.4589563780613702,0.6762791696426859,0.5997774022344422,0.5998462407783993,0.6815029104059526,0.49472514252244526,0.7193435988786356,0.5909059669190779,0.8341899576790478,0.7239118772633831,0.9999999999999999,0.6966126676450921,0.6088902405326901,0.5627881340205854,0.7180178586084924,0.38429239122001424,0.5112147355573003,0.7472252048247054,0.6764765129204504,0.5562115881301594,0.6118790458614809,0.3724852221357829,0.46111105684594755,0.740279307497342,0.6138923742568843,0.5530177028399408,0.7027812379665966,0.6977947745142203,0.2137530955590128,0.6928542813774503,0.3845350290818346,0.7011946689394406,0.7432642694228767,0.5779169027197153,0.5657260957661663
0.6549236922911892,0.6952903233064813,0.6426395136603144,0.6541470956104604,0.6397075239932166,0.4480306808594191,0.6420289185447068,0.5603263478825069,0.31151697922368526,0.35534442885387235,0.5129895146957608,0.4925884597008896,0.5908970083111296,0.5440942782605696,0.6607066910591931,0.5572487049445135,0.39062928387121343,0.6252220940249669,0.43528105783301424,0.3530447432288975,0.506046183881463,0.757571836043989,0.7032638362742893,0.7782040777255699,0.23948027454915988,0.677020684585296,0.5660624158618283,0.533486406719042,0.7410379415371507,0.7818959735200146,0.692164681662258,0.41884985530556373,0.3353554587806839,0.3761039007990469,0.4941808418233264,0.7216952038540883,0.705888310282558,0.7881334851119919,0.6856568531485097,0.2671956948965745,0.7994339600179328,0.6220863517176031,0.6028545602346621,0.769537603585588,0.39082706919247595,0.7850988393921045
0.6738664441721299,0.9999999999999999,0.9174713333467391,0.6689303349540987,0.7534776319128582,0.4851107074217808,0.6832058040815228,0.4708096430880986,0.4003310643416587,0.3427952667699559,0.7607840148695877,0.581593190074783,0.6452563182020804,0.5843797739644093,0.7719032166793404,0.6064033480705799,0.6345387276204145,0.6813118491679964,0.7004943562333644,0.4612649319696066,0.6690951553815998,0.7193870354756784,0.9074119897939372,0.7963328833557477,0.2737379528093285,0.600251310246231,0.5650856504317228,0.7057686664472104,0.7692183748734204,0.7817967917896731,0.6260156226626797,0.4130206831968888,0.35837408925047554,0.6182408279467536,0.5206655428107861,0.9392560800523743,0.831461709586064,0.8102871064391228,0.7117235728941369,0.2648602257783321,0.7244093117909579,0.5982747340405133,0.7837242525985207,0.8298624761527834,0.4316307959898314,0.7641926214301908
0.7519399905447647,0.7224075121017073,0.8887132603661251,0.5381284296333027,0.9175657103439243,0.3542497460967318,0.6848819572653797,0.5290110428293048,0.3217869597411576,0.3049062160771997,0.5999923113864898,0.5199941141799906,0.4243354205215576,0.5174399652779804,0.4791596344209177,0.48340538692747753,0.3880481655190984,0.5990196171818292,0.4107528267741272,0.848530761429395,0.5729916549061745,0.6182529851874482,0.7662892583556908,0.7160515373996948,0.18070476134165078,0.5329577391870053,0.4972021602694304,0.7146070125062864,0.603702073943134,0.772491340251406,0.582501020740608,0.3000808861488657,0.34203594163644896,0.39499691005679205,0.3890754716155045,0.8570768242931863,0.6478046822628931,0.6984769411850014,0.7523799957988035,0.44823324683286125,0.8505796788472881,0.7786324253488033,0.7313568874980216,0.5039983090427418,0.2999955071405787,0.4593843284307694
0.7795826306880307,0.7306413887879294,0.560926624811518,0.49991608818059896,0.8751541404481895,0.3444024982871113,0.7527882446719104,0.44567155983680506,0.22584720995894975,0.23698025494252334,0.4378675862248841,0.48215883146991345,0.4352505845760692,0.451392737061858,0.4298731622265457,0.3641127610226438,0.5618283629295473,0.36145840408982055,0.42534056761900657,0.6652456670917644,0.48415481686943684,0.5008495410007596,0.8488983347624715,0.5737570231789135,0.18167879369386494,0.6448695654929697,0.3784260158822132,0.4461328398293374,0.5814107652554387,0.7266904170883467,0.592514828011809,0.2856135768602365,0.36274437032913764,0.33308546566684827,0.43980066401225293,0.6360437614502344,0.574349996806135,0.6980899204066784,0.7680599074940129,0.2907932439863057,0.7842095699628652,0.8221089525978351,0.726845151081127,0.4837402524390258,0.32889456012610196,0.3759741372557175
0.5582754067941771,0.6399340374507655,0.4799899186935664,0.44171555929561174,0.646949683282115,0.28060116359109566,0.7951825466255071,0.3422587259972564,0.07054396054078785,0.2006053013918898,0.3993722179014581,0.3096465608943416,0.25756112225583927,0.36836308552961805,0.5120941711965047,0.3315642957777469,0.6520845691581658,0.5187790719047953,0.32638216973207557,0.40995916134216925,0.2705806358950537,0.42268621602167006,0.689295734284014,0.4418535838414778,0.1600100470872222,0.5168622306912498,0.35139618545913387,0.405057622243603,0.547774136134486,0.6802423011844558,0.6332145741325522,0.2810783281538668,0.32989031287799875,0.4673571624539741,0.44078893267699876,0.5205381542425654,0.5074317924710745,0.5866302768031515,0.6599245611282203,0.27434440132274196,0.7519538152042957,0.8309177735606716,0.701887142082244,0.36892262489545424,0.21885294731139077,0.4913481428638067
0.5521937650829668,0.3937172676058019,0.404171817375478,0.4198314041514822,0.5119857872663391,0.21017064468553784,0.5078068586621648,0.4048438075987706,0.07529185971872696,0.11889411401833747,0.318813375293198,0.20454958224946593,0.21746878044924522,0.29544605056513024,0.28631859034129953,0.24074563048461228,0.320826840748355,0.35428767816716533,0.20718453563294795,0.36842124767182893,0.21393149679233592,0.3261842872009022,0.6230202349517182,0.2395422716218211,0.05722051839521835,0.5019430397463089,0.31233686038468245,0.3033238311110376,0.4639812750909071,0.7291153816583603,0.31984368400406776,0.29079367554755636,0.19110945272928792,0.35559767947892473,0.3265657819179041,0.45398356127751605,0.46041335942042205,0.5794493344720489,0.45987764820585675,0.18484254324259272,0.593215750822164,0.5448823354350415,0.4034216786784769,0.34488390576122513,0.16088266791857703,0.5063477617779962
0.39219363547907915,0.2749397773775876,0.31140152997139403,0.3653916428094783,0.35292567476809167,0.08834839011669379,0.34422528354939197,0.41673492403523393,0.02832711751548637,0.10179535760061255,0.2571204460529336,0.11343841405943147,0.16113276535681245,0.1654784095089647,0.2169096968769707,0.1778271875455396,0.19814189058998363,0.17953593062670764,0.21700554327851843,0.18380934684775996,0.12505373554577343,0.2736393967720569,0.4340326257065342,0.19874694963594483,0.05788100880593846,0.4700637493131174,0.2073317146435208,0.20444806577978125,0.5461076493839984,0.4482818074981856,0.35275552099107965,0.12910661641041207,0.23049964463293093,0.301966293261252,0.21812301206491264,0.35608617756346594,0.4056602390660043,0.5312762587662607,0.39723926830601997,0.07614175317320741,0.4832703140129005,0.339952120932426,0.30279111898134675,0.20989217574652205,0.0877472552610418,0.3185751498949847
0.28129423188649993,0.21264919719700964,0.19530504643638852,0.25393178993479976,0.30604849077766905,0.06294454706448221,0.3022413799179523,0.2196012161021201,0.029640632590329823,0.058691520710109635,0.1782521561275659,0.11880013987580867,0.11494104891200131,0.12048969294901488,0.17542644891349918,0.11730751866834209,0.15465027989456415,0.1347984986778307,0.12227698625532321,0.1788061513233692,0.1647296734780876,0.1914330847180607,0.1974932539210246,0.15337947195678991,0.02871993934789136,0.23401137386415377,0.09499661649727939,0.1837290184880306,0.2767356103290592,0.3871000496906779,0.2871897484769688,0.14986224487073652,0.0790755565744735,0.21310564703197873,0.14991568139496625,0.2378034406859443,0.38059521706800625,0.4282324838155369,0.29863434944922085,0.048542459279293515,0.31486150683073433,0.21066357297841642,0.22066733296377844,0.19828056688402115,0.11346138697131616,0.20696378897376358
0.20523187739046414,0.16105604637108525,0.14391768460288848,0.2242608439007521,0.20818733871695352,0.022205606837503743,0.245844252999569,0.1408633316715229,0.06273884028190516,0.013007500125568817,0.19587296774676322,0.06603037578541532,0.0654377911685171,0.09831437831288245,0.12142301728987243,0.11922382048577936,0.10504876035680344,0.2051799533038634,0.11224947131841942,0.10204163803166,0.1739692381257807,0.18715974025723198,0.1376121347369331,0.0999383050432304,0.014343130397498675,0.24256525149972014,0.06689421039099355,0.160512924830966,0.1585567671884923,0.1387398252562261,0.23522407651965554,0.14568123295523996,0.04035810886869938,0.1178037826893952,0.15953103398631407,0.16866111827086896,0.2550357976993956,0.293291966249846,0.20758080146206903,0.01737828253376102,0.38191387895825907,0.10561293817094457,0.2210848651546673,0.15545211375556098,0.11546237859174652,0.27293244033402864
0.18883576272387906,0.16512630104550888,0.1634840432716513,0.1816292615952389,0.138233584491176,0.023358202192620296,0.20467785051156442,0.11725926032792305,0.06860874691011533,0.05756768314299607,0.12743960695630244,0.06926447950897505,0.04809781635052625,0.06257119929756019,0.09778106493703626,0.15414644348321482,0.07572598100619954,0.11265374479430826,0.11820996590800323,0.12755920364101378,0.14366885110808053,0.13812979837532863,0.12300375746931216,0.08034072037493667,0.024111322259902195,0.1272117337321836,0.0523573363152949,0.14838017933491268,0.16493119584627705,0.13745811607940062,0.19525225575298055,0.06734648103022285,0.04822632325610712,0.1230265972806453,0.07988506950224429,0.14891872726314814,0.24740689477896094,0.2476687621645294,0.21554861370149014,0.022414519712966433,0.4253789764602732,0.11284849894063458,0.15809604895312598,0.13811992740845536,0.10653526939237115,0.2398480168649987
0.22726037080078848,0.15666142430034258,0.20872606915552652,0.19324368023840505,0.14267649935363133,0.053786988640353854,0.175745974997074,0.13418236511342518,0.030946059721072557,0.02803228535052303,0.10925747218631744,0.04311029961012765,0.021236086235262158,0.12610784131921404,0.20955843990752754,0.05643301312704328,0.11172125599766572,0.0999579181255468,0.08549372256176377,0.09573580510548341,0.12291684788360625,0.07606370461107277,0.07423048960147466,0.05141258071221846,0.028327458944922043,0.0558366216965801,0.041499268022280024,0.12258904867816711,0.08702635837942342,0.18478674872537496,0.29343705095892575,0.030147338008650302,0.029503387243070972,0.10093686608301172,0.09553514150749957,0.14242522653425102,0.15483484527919222,0.2389507055621962,0.23130423142531004,0.02281210152735089,0.2363786021924586,0.14198691841248362,0.15012530107083397,0.15241304912034984,0.07265820987580643,0.1755657597100093
0.18321566557956387,0.30491955018986905,0.2580633417986403,0.14500867107809143,0.2115792554313869,0.06632751613476143,0.19523533205287605,0.13474853904635503,0.041813161104568744,0.046342941772727006,0.1003977652779941,0.08389752410144782,0.05469894339065791,0.11721909075340814,0.155963728399707,0.03431458909037252,0.12720225776381575,0.09607925024022876,0.08156595961524565,0.10823631301536343,0.02592896388010374,0.10911055513757591,0.16650485547011645,0.11667505048999671,0.01792702161348709,0.08702480602956944,0.06671764190144966,0.24833162090597735,0.06863776999415279,0.15987407918852142,0.16897706463032075,0.012212167282209318,0.043391836836065845,0.12365609110519127,0.11992108936015415,0.13478733524508882,0.1550427827708707,0.21065315845483806,0.24539995386463143,0.03542779815858217,0.17317494487800766,0.22642875728240103,0.15208116384256956,0.08557381056548549,0.11956198416142119,0.23708257520356238
0.28515351887174645,0.2797122246420325,0.3972137178659389,0.22559956302877027,0.2816379563990522,0.14043124660061562,0.2914978356031361,0.27080687070815557,0.08839850894422759,0.07304197465168644,0.19423951395467645,0.09191773495913026,0.10313779965322112,0.2806469755421903,0.21408524418022373,0.15057364738254952,0.28874492647065897,0.12698754334066809,0.1283407502679486,0.13988496093967387,0.10179814978680013,0.1521468287354903,0.30194974607131625,0.23653842570831865,0.011774147775757512,0.1844433751061044,0.12582719164600747,0.2810371645604802,0.16529020428497498,0.19815823409553293,0.29029148878322825,0.1357440513115599,0.12085556411079722,0.24676445159761287,0.18805549535192717,0.23643385169244632,0.21233932453107504,0.33537880803233117,0.3722246989213681,0.10149009800700143,0.252575983971138,0.33571499618487244,0.17603900677012527,0.3024994718226605,0.2251488094131061,0.23390199364084777
0.45984852192237224,0.27902981230357304,0.46850455696302395,0.2750037939183101,0.2539576982020963,0.3609564300064183,0.3598667319224181,0.40669020407835943,0.21122719048647126,0.29806211897483237,0.30681606036824316,0.24219869479390677,0.24260822852210326,0.3747090884590057,0.5071874367570565,0.5106658677584629,0.3250233408560614,0.3548570392593793,0.19654199724321209,0.3350050148708342,0.31085838521370585,0.33158000218941985,0.5957508831944787,0.5461876010007254,0.18563456882050103,0.4076332405658441,0.3108664037762891,0.34613505628658475,0.3739070727667804,0.3383276387606299,0.4668568371158247,0.2520753171514723,0.3299451071601507,0.4272987231564106,0.40738504692575855,0.30719156196851805,0.2936048649865306,0.41871282380508584,0.47627287189406564,0.1412760631311264,0.4536764806098653,0.3546309062967459,0.4029452357364661,0.5201668937359737,0.2486848877160735,0.3569809106555939
0.403785415231553,0.4764425702511249,0.43337195493124936,0.3780006238753966,0.18305501540727925,0.6707858906369145,0.37845042300553905,0.5296167240884716,0.5966831203659805,0.572006854190459,0.49059889360415204,0.28509252990993544,0.2515024444735236,0.4760924955039929,0.5615401921055863,0.6431036770814119,0.4169664501093918,0.5771924257211811,0.1911426952244081,0.3264670923418447,0.401264901822694,0.35387418681042887,0.7243389991603384,0.666990132512016,0.12848670209480126,0.5051850944687544,0.41136689579860525,0.3593620096286251,0.38869919842588685,0.3469705762052373,0.6016281135791656,0.2915524953761499,0.5449686401076677,0.6371500475437926,0.6981275331625783,0.2949098600516652,0.28447401206335166,0.486028522421788,0.4084329912595608,0.12591708676312682,0.5397362824471466,0.33038222230572484,0.573427062733544,0.6547327850669546,0.4181936153836137,0.35952665760777736
0.32179548953422354,0.504166002463241,0.4026103089256988,0.3955134795329665,0.2063629673559272,0.7285064919895382,0.3340083766243434,0.6338605562391307,0.7106856962416773,0.6543032644856344,0.5209915036169079,0.31424547699468247,0.28341421406381045,0.6884938764885371,0.4678092170993732,0.6284074620402889,0.2785525564105698,0.5611354715794197,0.14955426917578296,0.3387861557619871,0.5592504000648565,0.34130794669549835,0.7539621294247643,0.5477359444068256,0.12037072172793559,0.5296644392099217,0.4842928213068046,0.44512093407776004,0.3987700868617462,0.5023522339203182,0.5325974850718446,0.25685312463593524,0.6895026685081658,0.6107034793266233,0.7459198664378324,0.37388774385920154,0.3546745234217104,0.5514312189414904,0.554848995486803,0.22272314813156396,0.5790861876795945,0.3305084842008904,0.4661226596295107,0.6018145836485691,0.3478530873959292,0.5453688149265828
0.35284113104531944,0.5687393266459552,0.4162471387905022,0.330870137534716,0.24106989512596289,0.6246781998141051,0.4007553317481373,0.6987240041603688,0.5747977102848265,0.5298392646157088,0.5787555747672495,0.37593805127832486,0.2954968268047607,0.7132223097023458,0.46791063666767263,0.6553188162182048,0.3321665155204981,0.5757895114220706,0.16098750946230495,0.29258797437419043,0.7515428400376208,0.46978661263255816,0.6543433703922366,0.5296864660926656,0.07429615385928887,0.5737872160240247,0.6606465994787245,0.4103496815252785,0.5556317849449464,0.5481689843764879,0.368762611483565,0.20769326102397767,0.5521202970764595,0.5045723601114878,0.8085052882297816,0.4056969204331502,0.32855750742543444,0.5205863095479935,0.5018446478819132,0.20434839075898198,0.46955883167780404,0.2732209151966845,0.5257606712001088,0.6895193320255711,0.33323142870997113,0.5375543301617927
0.3979880993826982,0.6389138602705724,0.41224667202051046,0.43786045057210254,0.2710810347487009,0.6856165955008493,0.4412904341997209,0.6301852032207372,0.5951309117241295,0.5415141248232156,0.5016171490080165,0.4282431950189561,0.32702912226194514,0.6004850743873322,0.5417179846473107,0.527020353359411,0.3847865218856846,0.7278325356513731,0.32289857401876626,0.3371579217781469,0.8157977010393196,0.5213720020715833,0.5674583126793453,0.4866883959617961,0.18990391628486492,0.6347862228902112,0.6460365834197603,0.742883711920551,0.6364774658262816,0.6625004705869193,0.4476630658698455,0.2675457639590035,0.4737036468610451,0.39863626298040555,0.8235478938901449,0.43009299909869203,0.46760093722555945,0.4934501555147364,0.5839220049781509,0.172402682538068,0.48260833886365456,0.2777264556630373,0.5000095082523351,0.6618234286734379,0.3426775401302107,0.7149939930455698
0.37780841169679735,0.5896121298904818,0.3792338363179192,0.459496536279172,0.27500808450154496,0.622392266399018,0.45050105320068523,0.5036591638984171,0.5995025056959798,0.461157771008578,0.5466320117841247,0.5180437923374895,0.3375013784772578,0.5515456414465056,0.5288765153686541,0.6111591777621971,0.26049113928536893,0.7203321192008834,0.2885052449465722,0.38743915282494584,0.8183918864337155,0.5297990300042247,0.5999830321011854,0.445520249252886,0.1280935039223426,0.6262046156519492,0.6676665782999149,0.38813159304824535,0.6420803357435398,0.6270319203118402,0.7087772374369355,0.2642647845149423,0.4011401502495414,0.4225495973372644,0.8524098811670543,0.4308434403026882,0.572801019620179,0.508691980513225,0.48943279643683657,0.21806441832885828,0.4567206795867038,0.24428038756566672,0.5910281603681491,0.6787409608670344,0.5173893423467534,0.6447849901075579
0.36037074254135437,0.4589696859660629,0.30099137188662284,0.42194557420820256,0.2919306460015631,0.5184903495941681,0.45876165515654554,0.5981095221677941,0.5286039326047031,0.5470177952000252,0.5759028149603528,0.3913170007065472,0.3019790774826296,0.5318637759713186,0.49597225072778695,0.645926778507054,0.32247034599302715,0.6459379662364619,0.18709274781002894,0.4989270323019287,0.5414003697077454,0.49662943256620595,0.6379562528261549,0.41752904081688724,0.1185808985995386,0.6073091341750703,0.6500355453959102,0.3102640865315339,0.7080993958661409,0.5765149662720384,0.623263668786064,0.3143137926025931,0.4741576766166657,0.39141656475688236,0.6866197168929029,0.3810317069767406,0.3503160393303025,0.514858064216048,0.5337191639025937,0.19394454228216984,0.44254759354053513,0.2708573057188064,0.5712333681942237,0.656891354589707,0.3603561662948071,0.6873536784096878
0.38177454669911753,0.5031011645937911,0.35775697599953,0.4739868007751247,0.31604754987401373,0.6922437392479577,0.39400966646228164,0.4765565817188472,0.6002802762138677,0.5345235944724962,0.6179958266208824,0.40421461420154503,0.3060773949465031,0.5208989446156064,0.42981833581368345,0.7545837600667191,0.38645667566135217,0.6689289987258178,0.1473477665234787,0.47602000319622384,0.5551992457671215,0.3810466556617706,0.5103904270489503,0.5663433982834146,0.14304760051639762,0.6306372600478365,0.6574724595874972,0.358798271657378,0.720893758388777,0.6933227876654203,0.5505067297148604,0.381727837391329,0.43396950937092854,0.5175789123269207,0.6572454911572831,0.3954741807098999,0.44642220298453966,0.43351516448772537,0.5387303746995374,0.22962757820040003,0.4377894025459281,0.28822227027613484,0.6053032364092938,0.6293168598338729,0.40551981457458297,0.6257738385017334
0.43498566302627145,0.5978022142749283,0.3780479533214539,0.4453082112085409,0.3007136422598383,0.6946188684020909,0.5247568597748629,0.717514539393853,0.6461876621457127,0.5715228051355596,0.6253633418948427,0.3522232361449567,0.34471644578779387,0.5301142367990243,0.47012938759133915,0.7029315283850287,0.3737589942533774,0.6376224349422712,0.25227024822181876,0.34932377202268466,0.6326522513666988,0.4302764584851819,0.6954385306126154,0.5449971345623797,0.33918981855603697,0.6060028225212106,0.7427491724705968,0.4224050737890794,0.6558673592123677,0.8472965819934611,0.5894929848227152,0.3736025140082854,0.4535279383072084,0.8372811840068525,0.6325941579577113,0.4571531942911611,0.32621603751089046,0.5975564031024716,0.5287229662602195,0.20332126749520935,0.6340053141968487,0.3916254203836496,0.5647992697606178,0.7195416746551142,0.5765537747363291,0.4842340343773417
0.5012821612027458,0.6721425471019924,0.43082841092571245,0.5254353934497508,0.36751763564889867,0.6642083378345562,0.4645905101948016,0.7203179529303583,0.5693083200098698,0.5644035317557874,0.5887522398377638,0.5016547510840454,0.3736120203361527,0.6071090636818525,0.6262150826513764,0.7514525521881332,0.37444333524025486,0.6827431295200523,0.28484601412578475,0.4844236651217698,0.6203003192360732,0.6235576668407686,0.7156482221406038,0.6118758280927912,0.47224032371579233,0.7253465370566252,0.638142753605674,0.41514633485104463,0.7432065687122261,0.8753779766126368,0.63438753482254,0.39913731426284066,0.4096669174092254,0.79532790168723,0.6967515015808083,0.5411851115512433,0.4438731092405523,0.6139923578131387,0.7248320539982526,0.23290015682846527,0.745303914748878,0.533950901602901,0.6813688921086453,0.862929089488632,0.5695215137020332,0.5541247001643732
0.5817734183976342,0.5935285335576126,0.45080303578352954,0.641094428175458,0.49180715765163363,0.49140733708271916,0.6863277469540263,0.6917764162695327,0.44704130757068505,0.5160660410244882,0.7274318280444105,0.5223649461834105,0.623857594500248,0.6133041678120227,0.6752356041038187,0.7714144850501184,0.39355999425420496,0.7531349743692226,0.38039684450294986,0.7891884918000256,0.5559114246554089,0.8124666380986988,0.809626753278982,0.6192411057771129,0.6143438612728646,0.5960278811318429,0.45147985639664223,0.5133042247949786,0.7743488151362009,0.6277866844624659,0.7906056123458732,0.5060827326957507,0.3955945734667314,0.5407244949196232,0.7901991922982005,0.7507354988116636,0.5928525683371719,0.6239497981314307,0.5504511367085055,0.23791908793028085,0.6516030709354924,0.49263395589478376,0.74981957384302,0.8564564046737292,0.4172694601105556,0.7859420344213444
0.629962059136306,0.7574946595924247,0.69825716194011,0.6520851530294856,0.6893527215991655,0.473013708320139,0.64933774644202,0.5385107913855653,0.38673995934981403,0.44729641240932017,0.6448025018544039,0.5751035732915648,0.6394691025029989,0.4405552450663021,0.6263119148376947,0.5312616540337314,0.5697528209878737,0.6141032706052305,0.6500580984950602,0.3942388904368425,0.5390081025885674,0.7270400885511614,0.6418989914705098,0.763226452466618,0.21910581712349714,0.5449762462377363,0.5938613241644557,0.7302472995213363,0.7130264733861622,0.7771984438311837,0.5167139611001168,0.3945899812008909,0.2882637206246096,0.45608000300802953,0.5935967391781996,0.7310703252568252,0.6940878118119747,0.7125438434986221,0.7352425407028577,0.24282492957088972,0.6262408240203472,0.6475670022321509,0.8570834778158761,0.7096622568835347,0.5425219903480456,0.632072945161033
0.7858327294009485,0.9103737552090762,0.8840331740477607,0.6138930980941403,0.9067560161200202,0.5209887282006472,0.7788588567635889,0.6809230854965872,0.40529126001499804,0.33840156385549064,0.7760976877085511,0.663655314147522,0.7459936547331655,0.567218202897395,0.695052286500791,0.5658608405175921,0.7727054096629314,0.6049535820351026,0.8736182730988163,0.47714513929395796,0.6912400424845693,0.7529887422746997,0.8226412470074296,0.8414215798532528,0.28342398405884267,0.6067718764307724,0.5879323745809155,0.836041830834018,0.7179943008612287,0.7933656414932851,0.6791097219285395,0.5118158321168532,0.34194457145394075,0.5276052062817036,0.5551717756175005,0.7516407446900784,0.8401314264931756,0.8968126359986447,0.8685658315459304,0.36417749036967684,0.8824249951138076,0.6407037768029623,0.672096215328547,0.7294692148429914,0.37647228546110173,0.666803619119576
0.8134260651765375,0.6938394844485093,0.7847413743491645,0.5160435929162117,1.0,0.5276059323812916,0.75337829814957,0.5327388283176842,0.32676838277118486,0.23751755244999095,0.5528721937951399,0.4411544476020827,0.4704126037054843,0.45385862795433646,0.4844449361819422,0.6445265862137067,0.5446572164985559,0.5644242297163826,0.7933783491165436,0.3748354615596205,0.6118850432276589,0.624941318234063,0.751945732912715,0.7837779368213222,0.22329425135803416,0.6293363585320897,0.5780868600603888,0.6730467493574662,0.6531401749938858,0.7054517602077526,0.6342973253391997,0.3615431878242397,0.3697555041104924,0.5564533240138338,0.4357028205306418,0.713531401465163,0.6160630321662016,0.7907119657132519,0.7633713905624093,0.47930646020626727,0.7832943569947515,0.580641204166073,0.7592907580477194,0.7332434309257743,0.43625453228196925,0.6567417872670961
0.678001294216504,0.6581600221893972,0.670469027138656,0.6423232183503232,0.8582272098125211,0.39339792299837323,0.8347883045078516,0.5212456262157023,0.15336727157034433,0.13454491985286912,0.394149580166606,0.45850079093950286,0.3330906454614728,0.4921991367595432,0.3753654442242683,0.4768561999510404,0.5241360136667166,0.5314472707580513,0.5736152862905752,0.5921298008340673,0.27258224378493306,0.5130344129026639,0.6976507581193285,0.633602613246302,0.12951508713246682,0.6531400126646625,0.5056585135254046,0.663918127851273,0.5272577073242523,0.6198645244945897,0.6667933864044421,0.3586081997622182,0.36346939067461015,0.41839785320515654,0.3927295723833744,0.5603267102445801,0.6016432608191944,0.7823100026401579,0.773019136017017,0.30249168883576044,0.8141226146342071,0.7094306916375949,0.9306601591970287,0.5779350433743821,0.3278091314852414,1.0
0.5327465931434907,0.4656812197511102,0.639080124337181,0.5854691654245532,0.6637992393461014,0.18435267350321993,0.7473795167731954,0.36839969134686346,0.0797219685448813,0.13429673525574565,0.36925448078642426,0.40158835862113407,0.28140730892812804,0.30644114493659735,0.4183222380144406,0.3956187213093656,0.42027057067229034,0.4954149518029381,0.5078628866332192,0.43401685924322964,0.3703496198234715,0.5313982251357788,0.8945563171934192,0.5193437010889141,0.08751661659593749,0.7031771217408527,0.42837445088619325,0.45562177221927846,0.3971622166519988,0.5772633098873425,0.4611520330029868,0.2528925061641187,0.2653945615901708,0.4243683822389316,0.4341862586525051,0.47489207056200544,0.5066010087727031,0.6364660019048837,0.7973859610009688,0.3477638550786949,0.7047557139101339,0.8169859221710014,0.6521509808260361,0.4144098763986189,0.323284935240208,0.8864903669901562
0.4719022539423079,0.4949845702084075,0.49527973135948045,0.4914091642457554,0.3960398155331044,0.14024424685818904,0.5230565991479009,0.2628213247834731,0.059442666107653794,0.2459469689268105,0.41958316904131315,0.21919096517664896,0.18285856521317187,0.28085475526929315,0.2689329005902456,0.29969814619040697,0.3596449847538829,0.5011180316937867,0.3472827245579804,0.1622197498206767,0.30248643293888783,0.43967694238582933,0.5673608409518363,0.3056266883817998,0.051111707904949726,0.4947476197534278,0.2949998488130109,0.3637253535520621,0.36627952857242074,0.45761087872314754,0.35948287020969855,0.13392013035134864,0.2603413099419665,0.38114443227216366,0.357438564341794,0.46234745067439287,0.3878173589925496,0.5469712929528012,0.5500803403513249,0.1688419885305517,0.6282746011982527,0.6073146077239449,0.6676922268275591,0.3199138399498137,0.13927000191437097,0.6723905625642771
