M1,M2,M3,M4,M5,M6,M7,C1,C2,C3,C4,C5,C6,C7,C9,C10,C11,C12,C14,C15,C16,C17,C18,C20,C21,C22,C23,C24,C25,C26,C27,C28,C29,C30,C31,C32,C34,C35,C37,C38,C39,C40,C41,C42,C43,C45
0.02318597029949803,0.008881124678006277,0.0148705043998489,0.0,0.02019822768994365,0.0,0.016153710563098583,0.0,0.0,0.012305011489344417,0.011057168040928402,0.0008397615953338426,0.030091152846008495,0.03648057606051047,0.0679819068630971,0.008312576466158746,0.047068036810894665,0.024866970944669685,0.0,0.013081010055426515,0.03438890332933119,0.010060725228935138,0.07953103939518115,0.006505989894250275,0.0007417988448070977,0.0,8.812694121685533e-05,0.04172665200593806,0.018109734772406363,0.0,0.0,0.013549329775417937,0.012215204705779522,0.04431787604900822,0.015867662973291383,0.02222566036359628,0.0,0.0,0.018736019738430656,0.008865865027227818,0.0421994909315984,0.004570920778360497,0.02695272943403312,0.018755567866904473,0.015871800327110885,0.039227869424811594
0.012484999820099943,0.0,0.0,0.0041796041937905044,0.004599171584335097,0.00043689504916752386,0.009684193812311621,0.03102570704902129,0.0010035240882921553,0.0,0.0,0.015660105128883443,0.0,0.05134951953854461,0.0,0.016866438708042532,0.02531207561763375,0.0,0.019061199665756257,0.004001613212436583,0.0392246691580977,0.009676673767244116,0.04279177478945198,0.010086676439832756,0.017586286696579398,0.014629124679790037,0.004766831697192782,0.0,0.007475482919130156,0.06910982587575687,0.027770861294370168,0.0,0.008644820630013806,0.012613738058116448,0.0,0.0,0.019580229737309773,0.046642460164766655,0.0,0.004780215465060841,0.09433544622113187,0.0,0.01359326575468087,0.01934436496980614,0.018244059315324662,0.0
0.0,0.013737666143444297,0.013622400482642873,0.0050948061121269365,0.007902710324372675,0.0012928365198576208,0.0024391513028848705,0.004496585201811655,0.010852738861494042,0.006956325505982713,0.03645156043804708,0.02381492821817967,0.019812991315386705,0.011770537260808789,0.006304928737760965,0.003045610486865649,0.0052360313560076074,0.03298564203262743,0.002718560013036067,0.0,0.013156122726756404,0.0,0.08019649661265525,0.034198698876505514,0.008358520998808919,0.014761634121350758,0.0008445737342527918,0.01105378475897556,0.01079950414187008,0.09671817633910917,0.02393174633808534,0.004930485797211406,0.02462114209850536,0.0,0.0011713452374394265,0.03125656879281537,0.006700363119927048,0.07040947225237454,0.030271443180897473,0.015901495273262428,0.08777879775497958,0.01672602338707662,0.0349113628570209,0.0,0.009524225068855044,0.01744065505951147
0.29750941588285684,0.20094412947789986,0.13494619060450455,0.18385246624084423,0.2574520348177597,0.035387530806277136,0.26393921605071785,0.26877556707507566,0.1386200131843968,0.13287901913635708,0.10644238341853338,0.07633833150689681,0.12412020832555751,0.0614752555699824,0.08272411558471479,0.263201927576686,0.04384374826800928,0.1509400645586722,0.24676534126659183,0.07094165496896229,0.04066223408382686,0.07868362282388255,0.14822126338810998,0.17542701083358803,0.02696199430097368,0.24898310245290303,0.15941514946610702,0.10398743692737927,0.07124110239088617,0.3313907033353588,0.04213845299253507,0.06732938197823816,0.03268692982883134,0.37267489996494574,0.18799875463050614,0.06130259290704162,0.22359858374651514,0.16491608716013567,0.22243003609923417,0.22209558876954597,0.391809933295626,0.10535378537602809,0.09983242792473379,0.08087352725624447,0.22934209962933005,0.13741747416146327
0.27282789813058583,0.14090766772709754,0.14329704754531705,0.16013764478604275,0.23491430853348447,0.05456094646422578,0.31128693234115323,0.31095554714595613,0.1551130601288558,0.12273791874947598,0.12354593269036795,0.06922862094568236,0.12487502203976691,0.10969691192301859,0.08268982166743796,0.23865704303253293,0.013846517881926753,0.15627979339050374,0.2143359514721782,0.04427898519276496,0.04130664947753252,0.11167664831444016,0.033813306804131374,0.17120478907420958,0.033482206452705304,0.3480874893550072,0.1420152653176255,0.0905127154138953,0.0740282477373177,0.4862084788266048,0.025667277485440468,0.0979378960106925,0.03528285571123485,0.3078349522342297,0.18182170482320936,0.09251774512838778,0.28898339478684476,0.20983383973722974,0.20434961673844165,0.17280750883078927,0.3512746700145131,0.08400793578756907,0.13564158053904382,0.10843405660269934,0.1452995242790398,0.1545955771709459
0.3020783202247948,0.18555040637806328,0.15425138509263303,0.17153636067662198,0.21143250618510226,0.0662604882271182,0.3158334408919995,0.3109042836254902,0.13915166404228452,0.13276728762850984,0.13922066292010263,0.07051946774597813,0.10638519483467004,0.022344653125123903,0.09133149197266938,0.22633143053389596,0.026309524996776298,0.1440889860913983,0.20544097652918158,0.07515846140912502,0.046065930246094074,0.11515752888435818,0.1859727847742883,0.12302830486958682,0.027024029159918056,0.45037550566084694,0.16426186634898304,0.13993096168283037,0.09497544170025628,0.4927659126373164,0.05347649899217032,0.0947836337814002,0.017638683136906228,0.2844238683968304,0.17053609174990433,0.09310140045037052,0.1734595914549722,0.22587871385221797,0.21412958341735466,0.21541394287995844,0.3743830421482658,0.08431744136721116,0.1495554836156505,0.060034403915648175,0.20601255340334362,0.14158864132372986
0.34784514205736133,0.16699943527289032,0.16772576016805366,0.1900160025664022,0.2471952093737859,0.12722624882339806,0.340534889609576,0.3422438620558703,0.08559569078997781,0.15049111595410009,0.2135573753671863,0.08233883628020244,0.11962621519360772,0.05959394627602088,0.09468311426053061,0.2526878103541647,0.07927444239644138,0.14933908222933281,0.3025057337092779,0.0578159042077488,0.044650679786776164,0.1429017687859438,0.23215456797645245,0.20227635818182513,0.04898795760660726,0.4428044802052764,0.18457617217418776,0.13514522897119097,0.10149494805285687,0.46902359909547686,0.031863653797374956,0.1563630078523313,0.10762260182275608,0.4459369740682761,0.15324762802888484,0.11925736158780884,0.24347247047983978,0.24470383968260756,0.2717028793674279,0.19407724625843345,0.23616828199909917,0.07280143563803478,0.1930713202904542,0.14009187900070005,0.19603491848764792,0.19376741131634814
0.47828618080402735,0.23982577539849703,0.2546992839940046,0.2822774450243706,0.3011572453341538,0.3144184743375303,0.4520652771953053,0.41730400712426247,0.19092474382989535,0.22757583498264503,0.22265705055245413,0.12074009603495954,0.24714718535278082,0.2504081960060849,0.21198525776127616,0.37319625970609055,0.1237861568470845,0.2831701479656288,0.3645976104446838,0.1085645188986947,0.27714636094547523,0.2120905693040814,0.3046270435703699,0.27260341688033146,0.11585347771701501,0.5366365597852065,0.23944857173560155,0.26310568396167305,0.16355109402631562,0.5121870025172626,0.06707500047231532,0.4665674724835923,0.19104951067109066,0.600960481176149,0.358742687031475,0.18466376278474367,0.35401018062668305,0.34497433772763947,0.5002228615127852,0.3409181030304512,0.3424731572772579,0.16302446045369795,0.22646721779289583,0.3193674715328269,0.20766146094717808,0.20861602575139146
0.5245450146486252,0.38622875403675927,0.32561411660107104,0.30221482058646076,0.29311656682737797,0.5697419763360754,0.4944189465078712,0.5313608302533835,0.3314924484892924,0.5067087069412837,0.34059884213413305,0.1341315892401074,0.2364798431490098,0.3640106590331537,0.46471718856135735,0.49039023006891164,0.2687046685725959,0.368837591848902,0.37131165534538224,0.1334764361533348,0.41713135358968384,0.3426371163494961,0.4220417311261326,0.27597153026045246,0.3896045418186513,0.4960905285461453,0.2919893136562143,0.38137033234108103,0.4885487536105656,0.4154970205971276,0.1653730156093179,0.49222866471947035,0.27187458122108293,0.5086875956300695,0.4487559190384021,0.24377073188117818,0.4511844235989539,0.49332823723436736,0.4988752321780974,0.4819693402237953,0.36254135105817853,0.1817303296312271,0.4378442367785102,0.2907844063259569,0.22659399974424255,0.15579531605258368
0.5283843551608909,0.44442321322367057,0.34845976183763744,0.28883692108561004,0.32730466198853725,0.759920947908361,0.48665193803823736,0.5050626988117446,0.3185910073528328,0.6321325861602961,0.4113348194682104,0.1656323177952328,0.3035495160775377,0.2744024511955772,0.5963746341192128,0.5203575216240945,0.2662434430074688,0.42977757825288093,0.3738796061685202,0.09735108922007493,0.39039757924734836,0.40445188319853714,0.49640629776588213,0.32139969585854256,0.5855000579193669,0.5487535549279684,0.26804478483135363,0.3507441020481826,0.5472559727216392,0.35656671102799253,0.20200791035525723,0.3777125120305288,0.30353112425264256,0.4714877870469068,0.3916796150550044,0.2062041736023289,0.4445107874514413,0.5511865091130461,0.5522472968845372,0.5402177928701465,0.5508734644206846,0.2621095937679892,0.5999690535645912,0.26173442202342617,0.2991886373006472,0.2309595022407822
0.52726490236214,0.5424845774133675,0.3685651123706817,0.3846138622960927,0.3716518901594549,0.637346612674411,0.5797528667292408,0.5628461231084594,0.32579961685185715,0.6284728968086513,0.504206230807967,0.1733409825022893,0.29637066329728895,0.4333725586252665,0.6427282005561943,0.47909854438174587,0.4009371488791053,0.4680759213449477,0.4610326865062277,0.15944573175788845,0.44119447305004195,0.4152606053348108,0.5995805154746653,0.39300954370960844,0.6583136798644894,0.6522800012301806,0.3136613462889904,0.3844941885504338,0.5045685240904727,0.29756236791524937,0.2268853081671721,0.37080196901640483,0.34280762483702165,0.5552369076118554,0.43596201751427727,0.2445825382021499,0.47213334431121107,0.6019282872997852,0.6149652432205539,0.5373440322250291,0.4986748241288603,0.2735696275245316,0.640444041059644,0.3029084504107762,0.22930551820052608,0.2300972372557435
0.5893631594965142,0.5531144566660169,0.3868938090022233,0.4466145517144203,0.3562964058324416,0.44022764569625605,0.572223041224451,0.6051585055898173,0.4017048836527591,0.6221816100442613,0.5822969184230461,0.13071754143226036,0.3443736564550699,0.29489763824247367,0.5652868911118336,0.5743688259789367,0.49366215787131323,0.3530219268403917,0.47453690232598206,0.16471675300539046,0.41756442000414834,0.45903127567447866,0.6502607422257847,0.4418236155261943,0.5771159400294362,0.5503770850657753,0.4032462714097935,0.3866411493243507,0.6556463307179334,0.4793015860368881,0.32324619758525264,0.3846044964247465,0.38550400229162823,0.6255122443111758,0.6134591876837883,0.2585705014848552,0.48499102935705823,0.5564325480443933,0.4867690072355963,0.5955738904623145,0.4819393332947744,0.19862484149611387,0.5261547855528459,0.3805158982254907,0.36302314432190497,0.2501350903330056
0.6291246367776664,0.619863886616676,0.44776966916985755,0.48518657462827247,0.29350754758762065,0.38026534609869805,0.6074875218141575,0.5510852836337886,0.5117670215160994,0.7122639674563204,0.6500488294579044,0.16060389206187406,0.5527692739168963,0.4702854577818681,0.5385781948772648,0.6432476034403846,0.3403538799147162,0.5877801238591108,0.4676344698662847,0.16471977207299984,0.38655466511756154,0.5545206658864108,0.6550288368883685,0.45264995160722293,0.3758958101174647,0.620782220166522,0.40640498970503686,0.4649852178133055,0.43231693038773655,0.47455892836500846,0.364512750167704,0.44064826991152994,0.4401056951102515,0.5933489587053299,0.4761177062894153,0.3124250653911826,0.5746578489975613,0.6417692856438303,0.5463124946998934,0.6930363875479051,0.6016495627536718,0.20151781061969692,0.4869766124991081,0.45174893337843297,0.3496959082606768,0.29080286458553645
0.6249200759190338,0.6273290661221792,0.3667396820838918,0.4677132956368193,0.26532148450695214,0.4433761919576735,0.6385751093116833,0.6093342804239081,0.4883273003326309,0.7728941536539956,0.589133474621222,0.1945619564812531,0.5820930159932125,0.46481098439053475,0.6656573641225034,0.625936756055924,0.3295145505287783,0.6099223813712211,0.5371037852613886,0.18158979966074082,0.4572689511996458,0.6177661685044645,0.6536694793555334,0.44646670789438647,0.46615073844396454,0.5838930547426184,0.3722874635126153,0.37268652886329406,0.40014075637363566,0.4890997558721245,0.2799323774268186,0.4143085666545142,0.37860661823898395,0.5292295274162205,0.5063947482906902,0.2648107938312528,0.5284807855650036,0.6321678530281386,0.5506916256360338,0.6339565087819572,0.4923027868143614,0.3177070011624515,0.5299218922354969,0.3431182351404015,0.4539656817585764,0.2730576807153909
0.6299044510011595,0.6812185030283849,0.3714548500115218,0.33029899363606025,0.3253913600761352,0.49791654190859874,0.60241837166469,0.6788569448363782,0.4182381714779638,0.7470975378898664,0.6776321633857124,0.20214967468805578,0.5757202279520096,0.716718310038237,0.7042667905999374,0.5783288498430726,0.28830701956035476,0.6355102185701184,0.6613851138543521,0.13155554462709038,0.4611134516102076,0.5834755790805847,0.6867175437578138,0.44820617768904275,0.5912955645511146,0.7329846177314001,0.3957932791468364,0.37211132721089174,0.4990337243635927,0.4361575487393721,0.29750427463407075,0.43128727781250187,0.3913974375309937,0.4726617392979386,0.45838967573240297,0.25029606919108005,0.5677841880050676,0.8053724484252466,0.4914047431727326,0.6334918795262559,0.3950999033974409,0.32346899296884074,0.6397933841573399,0.350930913030778,0.5078945849714274,0.28000619867443816
0.6718847589125921,0.7287657078439826,0.40848752379261144,0.39318617323714794,0.32778259197994064,0.47866291336989186,0.6544699122226804,0.6603321179049619,0.4085669829881148,0.7183997056532403,0.5293782002931164,0.22783998506956596,0.5968895571552041,0.45256198428851907,0.7396212460641173,0.5808119847924155,0.35124147729946875,0.5834207408912586,0.6422062839910371,0.11812183874235169,0.4827755639332426,0.43931124722538945,0.5483730045111651,0.4120350652318786,0.49860941599473385,0.6544204342678064,0.4605064826783749,0.4017964302069048,0.5181883146524926,0.6098403235261687,0.31100781118850057,0.4276556944614237,0.4150606812165289,0.5685025716380069,0.46319477834971057,0.2505713852194513,0.540663741774538,0.6746404398548592,0.5194777731489635,0.7201488673310993,0.5745228845835016,0.22948098388376093,0.739935637590274,0.34864794999599674,0.4812101833561739,0.2969813052971403
0.7801613335754259,0.8059250142116817,0.4490331969238615,0.4062919950839709,0.3576139400838323,0.3708751792147225,0.6863400559916539,0.6363584980736229,0.4314552839248682,0.6532154286219848,0.5507180591817276,0.22915612961714843,0.560992289431822,0.5030258032249932,0.8161232419381726,0.6512019458386118,0.3734917896690323,0.632300444389146,0.5956812590259662,0.16335344479329966,0.5392284369490936,0.4318859908640493,0.4995546402708188,0.4096467376956759,0.4610901638198085,0.6390966172959655,0.4921583016743812,0.32014795447573424,0.48148609253480845,0.6968571377767514,0.3854760965955233,0.6573552531466772,0.38567940800722944,0.6588590216639262,0.4856988524942989,0.3700775023732046,0.5720167631146595,0.8706359428186816,0.5508559097359891,0.7476081738042716,0.5625944679834578,0.2636967592433767,0.5755655325694589,0.5162686756174608,0.29058243539726736,0.31801798510555557
0.8080611394547043,0.6586615788212817,0.5750767085719141,0.5444491432571321,0.44915108120802927,0.3018504130912488,0.7523395121777255,0.7231819994581812,0.6465511099752805,0.46408724867623546,0.453166347544034,0.2194726707420196,0.6976047029040928,0.4795215077395005,0.5947174361318757,0.6942112619043511,0.4906216211714319,0.6576164894051386,0.5862582568693004,0.1846598082302035,0.5220771482489374,0.42806491695421894,0.5001567024787856,0.5833536161757472,0.30226575666979577,0.6905517742748165,0.5613839635113749,0.4811799607073065,0.3985172061714676,0.770354201703937,0.5381783203938848,0.6753969735202787,0.3784458978876933,0.7033741061907868,0.6250752426840482,0.3951031184256396,0.7389826028087585,0.9091069329961031,0.6808004986802951,0.6439174396112728,0.5586760726144715,0.18986275323588458,0.4520722400411536,0.6536181501095613,0.5427370477780336,0.40838562413018564
0.8138117128299386,0.7367925245838127,0.6299106455950609,0.6203265089544364,0.4823998463375775,0.34803770822570546,0.6712156192013746,0.7464800619639469,0.6427407029213237,0.41105447465690537,0.4793081214355479,0.1999844330755911,0.8609972103811535,0.29834512562384913,0.407820683237466,0.7155735602566868,0.5172094757573956,0.5374620457691921,0.6366469643432573,0.16798357187846477,0.3184703167848275,0.44430384705417986,0.3024791292910234,0.6185054571009017,0.23463105750588747,0.7110980736546846,0.5754629067623613,0.29345903832238496,0.23766781316954683,0.8194067777655428,0.4871910646948308,0.4685482398334415,0.23577988705195602,0.8790911621114769,0.6379010398529739,0.4314768913643848,0.7193994284911762,0.6824337484556504,0.6085666576606295,0.5410157479547847,0.70597156233309,0.2774907955291636,0.31489768940872975,0.5000782871223902,0.4438640251057245,0.3751395586453657
0.7686413213302828,0.8006538723185977,0.4124655833501257,0.626764647423281,0.5518954306563572,0.2779248923406637,0.5884308623664554,0.6823757555790356,0.5758080944632495,0.38499926651225436,0.502920524197344,0.17833579407048553,0.798534998928467,0.41028416287105146,0.4627773768349326,0.6914575439693195,0.4236485942531013,0.5562330289804058,0.7386052354467986,0.20151539822681758,0.34545883208532824,0.5091969247113849,0.29795263589228926,0.5457281270316082,0.30881625127313217,0.7891002106215865,0.4879467295836947,0.304734014170362,0.22665274850713035,0.6489172512009195,0.310122033789943,0.48555241975416075,0.24535036693967194,0.831854853795644,0.6887957201637795,0.359234398816877,0.6876202989017904,0.7222143756478027,0.630753600205159,0.574220129313885,0.617908039318307,0.19735574874086959,0.3728145735351305,0.49814178476290766,0.3510808170097006,0.43122409897357555
0.7843915737630787,0.7851078944231707,0.44714688995877483,0.5558768548516899,0.5602456527980972,0.21752575017397796,0.64636986191226,0.6365504109985515,0.447170213722873,0.32313384057556277,0.44607371622308717,0.20375816050769952,0.7017985264109741,0.28245526559355,0.4143372032496143,0.5800772164121887,0.2253147544552843,0.7288164233971078,0.7010794497186429,0.17023478638174885,0.22597140635685314,0.4066087058924783,0.26798025626907035,0.46466680898951174,0.32448806677679626,0.6253052768430838,0.4697521555073066,0.3198843217791611,0.1822340737061698,0.46647998515807354,0.25627512669837726,0.38327246664583003,0.2184573611710473,0.769742919229942,0.8367537830600215,0.4132405876202644,0.6130146012693111,0.7220916942498021,0.6953391022965836,0.4431678421156768,0.5585518030521495,0.208722439686642,0.4095310119287777,0.43104316821444566,0.5278395019738249,0.4290470762751422
0.7610882429718918,0.6630523584510835,0.4797249899597499,0.512128208344601,0.5763451349338611,0.20517570017922532,0.6334727273788389,0.5541128182773423,0.37727651498194326,0.2811161478176092,0.38065809709852433,0.16582314828293238,0.5917099640847454,0.24474311961072237,0.29039249392141864,0.5795851946354529,0.19181039414562293,0.6771514460823129,0.786418442315746,0.09826109694579246,0.18374059587762315,0.3627328286216187,0.25723445973798575,0.44147827683540214,0.24151941234751084,0.558019959431418,0.4236684106085641,0.22655609420127465,0.1901032932612443,0.6154811573244772,0.23146145358869966,0.3027189693330401,0.18945042357307523,0.7911362243429916,0.7038419849713967,0.2851002495942809,0.5532175984204557,0.5327918294647462,0.6315205898589208,0.36646430905539756,0.4813044300758608,0.1699924946571213,0.48863939079560875,0.38762006569243623,0.4179182135045268,0.3297900480306867
0.775356638037659,0.6732161817855576,0.4007684876202244,0.4448557174642896,0.5615342920235497,0.19026679328111606,0.5923526090450077,0.503371927041105,0.3637701386272658,0.282264372450784,0.33076878595099024,0.18184453571569117,0.6306582579587332,0.29884829113304867,0.3355992800849167,0.6719029209115235,0.213968415408876,0.5753850935317342,0.7418495998057775,0.0881850036370933,0.19127843583543497,0.3185879299362093,0.21037815183680708,0.5607839529812578,0.12581178470809007,0.5473065812902562,0.43798392914420137,0.2614320587780123,0.12058439731240803,0.7962735475879938,0.15290567949475503,0.28385866085516465,0.14093420236842785,0.7548044192731359,0.7501784300668201,0.2862189083409699,0.5375884139692504,0.5055312608040019,0.4905136971932776,0.3208935235834734,0.5908821892523578,0.12301338407985583,0.42815944651666993,0.4698233699693695,0.34695097542933195,0.29853519752163277
0.6329078169724297,0.5600499927550694,0.27184209996158004,0.411743151876336,0.5392021009304833,0.17495533274910302,0.5155131402389358,0.5172250689414322,0.3453373244134068,0.22855745579142103,0.30437066000242363,0.13591559889078808,0.48379775130479497,0.1642959146286534,0.3002122972711603,0.4972000811800478,0.1610465121047445,0.6111798475417813,0.6312770603905915,0.09408664222846111,0.1175910154000745,0.27164822211113343,0.22860994770076554,0.5787249387324294,0.0992002329273752,0.46282418063564856,0.38243934485180164,0.24881834773459643,0.11029976335403335,0.6807307455398817,0.12447678807481066,0.24078147722396456,0.14416268736331128,0.6108506894326078,0.6939389065151753,0.22579632468432018,0.4517596679110322,0.4382203381761911,0.4826742946141594,0.24104855537497846,0.5714437200144697,0.12427278381695918,0.3702934585460635,0.32067912863871856,0.22370069305790397,0.23743575649155463
0.5225044454922935,0.3779174235210006,0.2926015875223619,0.3673379209104965,0.4260870362651151,0.12356235769413555,0.42828355007315,0.5461140448853151,0.2846147948702403,0.2130315694218412,0.21782241102302966,0.11473304742255104,0.3644640304650951,0.16907077034564372,0.1722213880224321,0.3534677628147774,0.1757343044237158,0.42145610901764574,0.5026857708953413,0.07411247795243403,0.13006920576485648,0.24287753637385479,0.14105455189301136,0.48258461524898544,0.06628071588947083,0.24154107943574446,0.24504197996693952,0.11639774830846172,0.05753185793508235,0.6049601063296087,0.10175280127471809,0.1854295886194249,0.15190968658486734,0.5637312200836669,0.6296139569978775,0.18375552352805363,0.4719911075689112,0.3616754115829378,0.4521680527063002,0.16075351389727519,0.5592867947261352,0.16938371539564528,0.27076168640194365,0.261644332571754,0.270416857477823,0.19415122187548084
0.38033790294048864,0.23514310672971067,0.25714894988067577,0.28389257225558007,0.31802908400701857,0.0850767123255175,0.2908425301902814,0.36838697162872225,0.19112532246842043,0.14743759774237827,0.1669613405079391,0.08246272487371378,0.1924045731973567,0.18094381711178548,0.10131988156847749,0.34664255261206045,0.1241743182605117,0.277203888991733,0.4445629810276491,0.06540804901207842,0.07436301068648313,0.1830447511679415,0.17842556277283284,0.41152290042835826,0.030254082490209958,0.24363287060392727,0.17402540915238615,0.12957519449577778,0.04808770548726021,0.6025401132268514,0.03860165938435426,0.1140983544271397,0.08634578787488549,0.42386408359668487,0.4968838214796184,0.16099936163359496,0.38661948376327393,0.2754219643032653,0.31169119853664456,0.21455107042657393,0.40871129606668205,0.09183902845441314,0.2006303550612729,0.17634083307497633,0.1681781185209203,0.20871718793546853
0.26059301272496205,0.1572173621870549,0.24838792226042655,0.2037352999787668,0.23778720045240218,0.05725719007434285,0.2615372262890588,0.42756083438186837,0.14209747976000545,0.12689661829356932,0.1701218951949149,0.07929945636396807,0.12190121099490195,0.08431343086166626,0.08980229731754491,0.276856903902438,0.10716403256153043,0.18318068948215793,0.34488665608512525,0.03918139219469401,0.06904823239239002,0.11938651906738607,0.16840657320497837,0.32326229211465723,0.04494662324407045,0.18525898221434609,0.15243590188990372,0.17082518142089448,0.0513222198844034,0.5708688947203022,0.050253390304991326,0.09919652596191511,0.09137339730569081,0.3561780301028046,0.28933853245239893,0.1369133131691826,0.26306815571812087,0.18791440797076148,0.2812624880774853,0.14137509532627335,0.2685536549358168,0.08624939283632176,0.148436050537978,0.14100879715175632,0.19118945618813776,0.1758923643165888
0.2624961309925907,0.2030443757867519,0.18807285523259115,0.14367903762965825,0.20225177548960677,0.07005339479513543,0.255979885804839,0.32181107959238137,0.12206719135257692,0.09906520124753287,0.12974252298117736,0.05372595685954487,0.10869251709534403,0.13201806756546342,0.09191575596882814,0.26265441337138973,0.10665906496490532,0.14602076030054054,0.2598339512713012,0.028864897676708377,0.058120970661186676,0.1106375217265424,0.14392920502160605,0.3236906982139496,0.051604527181049895,0.10992840886371721,0.13529277837992798,0.10631256618967316,0.03604623435588113,0.4876246190939385,0.03148051557093667,0.07507510586461076,0.07756862894719078,0.3519801325163247,0.2909947587150025,0.08251013987902131,0.16586736722296114,0.09011948129576007,0.21736547382524868,0.1175836233287873,0.2831264789639244,0.09464345671547095,0.13036269292960098,0.15528198942808416,0.21042336434741699,0.15732706447211406
0.27804409117570006,0.16518169737995259,0.22134392485527257,0.14737359580029594,0.1963469979575349,0.05989195808431881,0.2551232378291539,0.3120123728474963,0.14440803345521805,0.09652319436187051,0.15720359083667265,0.06400248813410184,0.14415978366482557,0.06732242184893406,0.1294214258063135,0.2515272381437017,0.09789252186772597,0.13897426892356346,0.3523968649790356,0.045739970457720235,0.054017817176340306,0.09257207417901617,0.18048915340967042,0.2613670268816956,0.04062982760787741,0.1590693110344059,0.16809419908410553,0.08725480402670785,0.034797730594643035,0.4693023442948334,0.02148454680223643,0.06134369085309804,0.08047905226670396,0.41496879294911626,0.1697221381100871,0.071646925461375,0.2404304668435513,0.15402172177496154,0.20362095313071726,0.11950261410919194,0.30326840009293765,0.09419811936064142,0.1432276073582276,0.15609893890148885,0.12084167329125703,0.14207847211069374
0.27257874896367706,0.23606182726728092,0.19098569438118113,0.15429014667348143,0.2337671004137775,0.08130978907281719,0.29841995279647426,0.24882809074381634,0.08121919221953947,0.09354941250344326,0.12046276620166285,0.05800186392535042,0.21821014686100895,0.028358980241954768,0.15490545601882083,0.22535827663199687,0.08177283438805662,0.22226491664156028,0.29481848714616327,0.043244173445265495,0.042220013521700135,0.11395902701311952,0.23416947436122593,0.25206966263000313,0.05416565990973993,0.17359782697081055,0.17487278009983187,0.18790624908280712,0.03472317501673284,0.5529175891664229,0.028592157337522475,0.048236849308193885,0.054843578852735955,0.2997990710120775,0.1654440564494765,0.10650298016933171,0.20106128193650497,0.19499298846749308,0.20696067486058467,0.1636533687388253,0.3248207715484178,0.09678602594870216,0.1667761936602611,0.12725546093177031,0.14055833283255526,0.13853969994829152
0.3673388284762359,0.29546764436592515,0.20976912470245807,0.20755263168826954,0.236256773726313,0.0942137888236589,0.28298939827743247,0.31678700679223787,0.1345191361723862,0.1653895305708393,0.17871768315273076,0.060494398679158595,0.15459888269024516,0.043860609332729394,0.16568734262125595,0.29068100839831434,0.11207288303333415,0.22792693627422705,0.36009299471219225,0.10915199786988822,0.07437197325428277,0.15444697333077675,0.18777223130928467,0.33630472441144454,0.038430215552165,0.1803302596401629,0.197807002929131,0.12344613554160389,0.062411660243374134,0.4882529601491076,0.03495946073266768,0.1291740286112319,0.12207361443333252,0.35106637525072815,0.17822055141266466,0.12497835104833552,0.23241144592757929,0.17110556373412428,0.27883979605349407,0.162247390846753,0.20640919072578073,0.09052245886763015,0.19402758839797007,0.23356557369356482,0.19128980131781448,0.1443954864306482
0.4835836746935364,0.3921667266755658,0.2821363326908778,0.2953224983330518,0.27942788603213764,0.24714501532280592,0.4483396184192219,0.3547021011524894,0.2463249854522001,0.21856207616865267,0.24484845685056927,0.07258349106279889,0.23531147708216418,0.26989282368960416,0.22153270812856737,0.3668824388358277,0.13814857189986146,0.34904646839265857,0.5431234369419248,0.12525849714852952,0.23348427389847043,0.24592082285746764,0.3793891265144645,0.3808571427979754,0.10161355950355092,0.2986878913393395,0.25493841707588255,0.258997573516383,0.1657830236053786,0.5016646963176655,0.07811971683850477,0.48763520872320854,0.1649179183553491,0.4458338216558771,0.4409605423176511,0.21475824476155456,0.3431296460824655,0.2966203083746647,0.49303420229985323,0.29853142794925935,0.27367104562176436,0.2123200100540233,0.2644423000429072,0.34883009769586865,0.2794134625955161,0.17433389709123698
0.5909653720898703,0.5021477631414705,0.34046516860409265,0.30157410368550597,0.2593770340906678,0.4641161177010019,0.4456765937191358,0.3486272097146744,0.27305235699169084,0.5207072958194194,0.44606457260765353,0.14200442321322476,0.2714207231532679,0.39204126586617744,0.5045840172817534,0.47504465164335474,0.44026386444428467,0.417001123482365,0.5009013639207794,0.20452689865227422,0.4226802819506089,0.32519899108844214,0.4828432627140115,0.40634298751714376,0.33668480622571795,0.4954998581054427,0.29458706648378497,0.39646680904103115,0.4398835587672838,0.3091788768478014,0.19574681949616288,0.5156068247240703,0.3756013536517195,0.3364508403715708,0.49105648827007475,0.2545855199934927,0.40047192885083593,0.6002656055930815,0.5296347229087681,0.4567256744666351,0.31937885298204555,0.24757089623614165,0.39529816420165503,0.2911316350812059,0.28924636227370903,0.22059345103995084
0.5181395743206105,0.48387958037553247,0.3602328886160256,0.3177139741502263,0.2974107079616265,0.6399862045091059,0.42869808483265304,0.45025744179735216,0.28461687769500976,0.6840598090007479,0.586188132480408,0.17074371801964183,0.28600196237741704,0.38046969346443965,0.589834199162121,0.5009058757526154,0.514503212834673,0.5016669251402358,0.462102936938994,0.20072921866273497,0.39898487586699083,0.387019298537972,0.5810470908932656,0.3750655419455862,0.5130149644160534,0.5387006118884394,0.29780173615295186,0.4298444227346545,0.6604244888335578,0.4839500157555269,0.18080860252174977,0.42736682538335913,0.36079797105169514,0.4110205098093119,0.4925116455001268,0.3310924199099264,0.4233249594497691,0.5587903517300642,0.590665084681416,0.45845915589918834,0.34552389529986444,0.212185748101696,0.5473145455775612,0.32497976067264567,0.30355862153900265,0.24319249907615786
0.5814918914638533,0.575588442349435,0.3215585332803418,0.3135474473350563,0.2702136605472474,0.5659847044296493,0.5622390855574755,0.47107339449401736,0.35074181387967757,0.6869532856610042,0.691036217775319,0.23062556792261238,0.22769648233086157,0.44328984814582534,0.6647016982447793,0.5380600414567163,0.5545718890320633,0.4569068336076203,0.3860681669148408,0.3088400950015781,0.453551237202235,0.4796284708387988,0.6890164778465193,0.38788845311828285,0.5821910654619918,0.6501374531841048,0.31949333045791795,0.5064786078601691,0.6900467734492848,0.36678627149387794,0.20729069002082687,0.4060569160730517,0.3376015674555672,0.4948284177146282,0.5341037840098686,0.35263120869894293,0.4479031945944487,0.5621164179742004,0.5645378559166246,0.4987654611049827,0.4500179546716853,0.264539083064576,0.5733574845691236,0.3785594865265783,0.3341404624204954,0.23927142195414997
0.6245918499516622,0.5456421815096908,0.35736293219591825,0.40756740521526,0.3172004121711449,0.5276399327022578,0.5550610460792054,0.5133361268375473,0.4326994603472942,0.6576387059296945,0.6526912464302422,0.20877560884468555,0.3462569453905367,0.3369037421265037,0.723354294853231,0.6728005867500702,0.6424026935836683,0.5258151614536176,0.4338415301582597,0.2364695051187161,0.43894210480273527,0.551284879483751,0.6541777199625548,0.33717267531912976,0.5380569343847369,0.7511356112034013,0.41302127302165426,0.5239084496124389,0.7733659027158293,0.40566235438104475,0.3085979152946722,0.4063679834656566,0.3391241083730777,0.5053310822997507,0.5114348745042316,0.27982468126182325,0.4867166404384216,0.5591785055676833,0.5516145144735116,0.5725825955135703,0.4194249693911563,0.3020925279534517,0.47271630649711877,0.4300650996177532,0.42280713289615685,0.21728912217834126
0.6809405869467852,0.5259823926164864,0.3930257279730555,0.48674872327535085,0.28138432137193126,0.3903862990781967,0.5635535800247219,0.5618565400385308,0.42499790923173464,0.7613214730212817,0.7415934486332731,0.20712482893275716,0.4195869110020587,0.668631722591343,0.6838567751614244,0.607791017476259,0.5434347728003914,0.5978161816321889,0.4343368325714077,0.1859356216893159,0.49952814342692087,0.5722982610744844,0.6378514742056046,0.3905801378798046,0.3962563433974078,0.7158078243285791,0.45041430306849717,0.5623783517776194,0.5637544271114234,0.6061845715922616,0.3349395955846532,0.4663720605331245,0.3348625405627609,0.42900004693288574,0.5330069830733055,0.2936706489104556,0.6177930078060709,0.6888196436745162,0.6434824937095367,0.6033291217558571,0.55369942399307,0.3167232905001397,0.5054559947645392,0.40577114576761664,0.4214505240897703,0.2648311904854901
0.6480624494691081,0.6618497203388388,0.42933846297748385,0.4643206387044884,0.3063044019548812,0.4449339774172522,0.5573427796510461,0.5684247443877293,0.3911952833655209,0.7894916476877197,0.8109840093841776,0.3008804608078175,0.40286986461484636,0.5537229177998086,0.6321253188172837,0.6826107952675932,0.5581574571224742,0.6603249446721193,0.5202729634488439,0.22529181245101024,0.4776845147370401,0.5671800305096686,0.6371043174197171,0.45924719541936454,0.4719458784926339,0.8130135147903348,0.41882314913462787,0.46326097285574863,0.4507159433170207,0.5495900061403608,0.34077776773057505,0.461078623978195,0.3492685539030349,0.4972174504243008,0.4511783842133243,0.35504473351538096,0.5609416119549272,0.6417269707042667,0.5701245343403066,0.5582714827369274,0.5545870128635902,0.3080741560582946,0.6274032094696105,0.36656668842630075,0.424367018568448,0.31940033171742116
0.623680641387037,0.7417735326984313,0.3795704821940315,0.45511932874309585,0.3162599878248783,0.4706215013429764,0.6769395360342317,0.5588099836006402,0.4361099067392569,0.757211880631916,0.8166865345144569,0.306343183756,0.43335431298538385,0.6475399130551511,0.7128965248107033,0.6050595065571078,0.5876510529845882,0.6098091733996598,0.570556644032459,0.2368997546412452,0.5789153206843289,0.551495370237895,0.7658500138203571,0.4069467454839568,0.6142904865766494,0.7497559746579379,0.44372126419929997,0.3035506229761384,0.7275406106445289,0.520861635430435,0.3308273028014438,0.46246346980205666,0.3975727615780079,0.5318638997045434,0.46756883143133043,0.4317223041687809,0.5569196341627909,0.740855989197292,0.5748391617005406,0.636102585028462,0.4232309931400416,0.2837640305135526,0.6705100381850764,0.3488093226854951,0.3812863289616602,0.2810293432141334
0.6916063276047459,0.7648653073859865,0.3764851499877593,0.45240966371035835,0.3400201503504542,0.48002225063821025,0.8564347972968375,0.6564027892028116,0.46973958748064737,0.7386316098826351,0.6301054713406514,0.2531694216627236,0.40844048391227383,0.6199314300854015,0.7224004931932319,0.5894618135404237,0.5270018900454045,0.5810227684070917,0.5640961320103965,0.2749164979394543,0.5072478495228552,0.4837904993292025,0.5661312685554389,0.4697579779785164,0.47058048289037346,0.7542425513740248,0.4373407911473868,0.4404815269919323,0.9249860590684901,0.6546010720430544,0.2606903470728645,0.5085453812979165,0.35780807235288126,0.5947550047384318,0.5089646577586098,0.360629476107674,0.5652694593322355,0.7494197978373501,0.5570868325188653,0.6874420389356352,0.5105763161702775,0.3032600478324197,0.6156847670894616,0.4250988347618935,0.3699885386430158,0.3217186801399151
0.8051371166411261,0.8195159339464044,0.4201948732265051,0.4879947447342376,0.3925549555593151,0.4018898832063839,0.6686659163105485,0.7037717445156675,0.5191775975895909,0.704858763683832,0.5228136792336107,0.24989878132543072,0.5153281763849548,0.6206855048633799,0.8625697323910502,0.6198476029298872,0.6553552536889345,0.5269066663489782,0.6050590082908838,0.24388666885852436,0.6031752453899287,0.4581473320564775,0.5279721906622876,0.5920372826142027,0.4387156256884206,0.7303032157032335,0.5040030178163964,0.40409370905901887,0.7467572549511614,0.8577382705499095,0.3910306510722485,0.7363383569287932,0.45913805174291866,0.6400745541101538,0.5268890981455011,0.3330654115084182,0.5956306592641591,0.675723201740061,0.6186278912411654,0.6890266077240692,0.5333647625930856,0.2682801168151226,0.5760038180824981,0.479055853501368,0.40336856693603446,0.3544502972092918
0.8153239787690116,0.8446191300565605,0.5354719575731669,0.6056267847696202,0.4605534660372086,0.33306449767051455,0.7284776090725754,0.8104550880276753,0.858091159918493,0.5511967843783973,0.4676007834483114,0.2427099604702703,0.7646637028196497,0.8693655921527961,0.5977178827769456,0.7702945105809219,0.7447709150602071,0.5682681564330434,0.627649657700667,0.19171559686580367,0.6722871939351749,0.5025052504770101,0.4452357475516942,0.6277141533968967,0.33490055554376447,0.7927449456649712,0.6145990298473845,0.36537239816661543,0.4295940974346702,0.7718215018465714,0.5153227430621021,0.7036274219263208,0.42493328386377566,0.6731358340226823,0.6241035032612975,0.37379854241778787,0.6480085107357746,0.7897944604180666,0.6539603610862075,0.608253695416089,0.572584113758883,0.2469440854981111,0.4175592838755671,0.4949952695685496,0.3884740654471838,0.3732667205135584
0.7432853297391429,0.7987717606251201,0.6021866550007247,0.6663313063898962,0.5532002492409283,0.28445463931842996,0.676401422775863,0.8778441948787514,0.8333318372329876,0.435575958339012,0.47497897710322523,0.22295152827316153,0.9176343499030403,0.4970322437224251,0.5302919915479456,0.7348016048139479,0.7101158538663466,0.41869616556409356,0.7500402940326304,0.1760104199887969,0.3124531646712911,0.4735479155285279,0.43869720799392237,0.5332348999374088,0.25968491656745774,0.9362257913879809,0.5839423386485061,0.4275128029252755,0.3855284723306926,0.749644771726279,0.5341948997375249,0.5323514304279895,0.247545746181365,0.6503693210468984,0.6759705370682048,0.35961831769429264,0.7071625916518471,0.77074856640436,0.6652987958522856,0.47916354096486263,0.7100076480815712,0.20530617392118927,0.3571553113988635,0.2919316696033791,0.6256171255682903,0.42130644787690597
0.7819178068763314,0.886043723129318,0.5910563552726702,0.5633816325566605,0.5306635466491006,0.3225645264222595,0.6594044757728093,0.797062240028849,0.8546130195408399,0.3495868934253067,0.3205694205878476,0.22550876493287503,0.6908522110086054,0.6134101448759997,0.47590954400374696,0.6771160764815446,0.6422980743115422,0.4890867053331015,0.7118544308745335,0.1605489637955069,0.29238535769631585,0.5768665620380335,0.39699130390036297,0.6033216082388483,0.27607778517590637,0.816062357381302,0.5135241525061635,0.3625523567574733,0.3514263137492709,0.6275951675492206,0.48203491527637127,0.4234114453517194,0.23275087844567083,0.7803672482004775,0.7215045717642632,0.4201320586380084,0.773601482963439,0.8488805551860997,0.6958578503495154,0.4561949360408117,0.5580527678874802,0.20608653036714192,0.43231948465846864,0.34468847235866473,0.6130317322841885,0.3686541532233903
0.7708741366866722,0.870128021001747,0.5088997830859897,0.5072191018038372,0.5504777911930512,0.3407305437159521,0.6423968485835337,0.7337479609670918,0.6555853867245393,0.39082486342607664,0.39239925038571455,0.19239317818666274,0.5096864586770666,0.643889990277023,0.3612768381994189,0.5772071994967352,0.32688268850761504,0.5447567716842497,0.8842253536701375,0.1300709041393289,0.30854344848916926,0.5104469045118858,0.330311424100955,0.5710998503298518,0.23391359104626464,0.5586376554903446,0.5499822686551215,0.3924737580165931,0.23168806735692615,0.5383928916771837,0.2810236725455466,0.3819446706807511,0.19228473332280227,0.777456662899972,0.6821823565310926,0.34489659642667114,0.737908508570777,0.6400780543922461,0.6731217412818381,0.444908505311449,0.5023379453013694,0.16421495426944455,0.4712375472364664,0.41699933608394957,0.5595283092049754,0.386488316413741
0.7672987742900691,0.7303662884430181,0.4523204468463375,0.4692949476128975,0.542556365416084,0.289103072255575,0.532636077082874,0.6170423942436372,0.5356387381531772,0.3460976107027483,0.4077096191254017,0.20634298791977831,0.5339021046002927,0.7022325897103847,0.3171774453973346,0.6052629220021276,0.3432587962265061,0.587917711214473,0.883295560580438,0.11017282953427171,0.3522307226972286,0.41466047825440694,0.4001372195412201,0.5687370388648049,0.2028552493708114,0.6461297951664826,0.4756198440452383,0.29358552483792355,0.1446755905259018,0.5801499440065132,0.2531986823943727,0.3173424258642149,0.19102478887999758,0.7778193749825509,0.7086042935200599,0.3056335350984609,0.6803083364309337,0.5719669748834062,0.5634773264660389,0.35824994142334327,0.628249493172096,0.18942608991920495,0.510762517145873,0.39956570179376283,0.6934195445372067,0.33823713255235166
0.7465105851889824,0.694490117429875,0.42698557505678253,0.4093929248122336,0.4990530151014597,0.20334241157503724,0.535748038581669,0.6516461333131094,0.4703969705565357,0.30387529775330613,0.3619238375598456,0.19045393320294543,0.5083247591150589,0.5346979853377403,0.28721510696139196,0.5806056318998528,0.3205346153148737,0.49282978483360984,0.7861510969466333,0.12849078510158385,0.22357678911812678,0.3216903266258813,0.29273169068523214,0.5926840808418281,0.14881247536884012,0.6547015583170166,0.44712817654739584,0.2616033459757703,0.12005314888221419,0.7014456358865153,0.20020095377337452,0.24619350408858168,0.16703743189583356,0.8395204268827583,0.7797292584902229,0.2986474679855453,0.6063405288337479,0.46987112109411755,0.5801318690014637,0.3350129578717159,0.6385354982408917,0.1487734740891421,0.4008196086057853,0.36628172109428553,0.49760107031650885,0.3381087475511696
0.6799606734596769,0.6612887687409599,0.3702004461796335,0.3570532291511039,0.4299487633172323,0.12792757361292284,0.44852264281433335,0.5875311317044085,0.4193477837546121,0.22798537916313386,0.3275967637485901,0.15351985833229004,0.39232187630350923,0.40667982231015837,0.22915066211260185,0.48229965023924576,0.239460630205743,0.43888351308943363,0.7137110686945128,0.06772962114530232,0.1560585046497305,0.2453835722594777,0.2542811481118637,0.4763814986250666,0.057682159286662926,0.49156781252881443,0.3787883109113591,0.40640000874936355,0.12207905493724999,0.603158922416091,0.1578700224311228,0.21500739578573758,0.140441344974736,0.7536293298874115,0.7112230392998955,0.2729538750986719,0.5296258305615673,0.44839142767007056,0.46115405179011365,0.28647373484981326,0.4937252474134069,0.10152797608171078,0.3345752244105204,0.28444515194632525,0.4290015605866743,0.23174463525188715
0.5847610483928865,0.4651764555246517,0.32661726380090805,0.3524799286077848,0.3269678793952341,0.11702585655765498,0.4011904918638827,0.5602574380152191,0.34195936632650453,0.18745261831711507,0.1953807733067734,0.15657233561057127,0.3185137246751796,0.24846908865283296,0.2370504568587327,0.38390617558759466,0.10820532010833886,0.35778257427051197,0.6177669540252462,0.12185970466153376,0.14151458146365337,0.2390512020302869,0.22291511829926297,0.3943740335400318,0.04221614087777806,0.4152757503315867,0.33307925361231144,0.24503185313757936,0.09448520529229369,0.45429753621701674,0.11274922687288969,0.2025989028783251,0.1251771363611582,0.5850146782063472,0.5262868683932537,0.20677155724404975,0.4354703377594561,0.32864599293117164,0.41252529622575174,0.26519985069460483,0.5044186081356443,0.09984574549505482,0.26528781463952755,0.2844685444320369,0.2455932815780636,0.22078073409873195
0.4539180017004225,0.33415654158256747,0.27174995371120836,0.26476447227265204,0.2801035701495964,0.09965411695446472,0.31156014937098303,0.4931882019113229,0.2801262715338702,0.18839162184121036,0.18544494552732868,0.11533274772263057,0.18535121658106868,0.28267635115774986,0.1938368379539062,0.2776859032436686,0.15778974965351641,0.35423448716519934,0.41507624219963735,0.062776670941597,0.07506487794508432,0.17567418873137786,0.20582130119344894,0.30720749631995276,0.035102511765340405,0.33215781024546076,0.2502070032964166,0.21581919616160727,0.0671637960774422,0.5753894864463693,0.10713063474543352,0.13185167021382696,0.06236173522560859,0.38740553815707346,0.4293418875657602,0.14889450174448896,0.4007306565015892,0.25050985706831863,0.33056896769166005,0.22325796811371854,0.5836902706913873,0.07138275305651837,0.16975565026552034,0.2626107953534522,0.26431108425954464,0.15208896200999314
0.3595129786726089,0.23535178030637255,0.19705770486333735,0.18496548046056852,0.244112334615004,0.09886975640172871,0.29425271386357593,0.4015993012885687,0.20928999493431621,0.1730340015353836,0.1017471443432322,0.11001699772858749,0.14683464475446548,0.22984541343534226,0.12091463572092054,0.24835617386288944,0.175888370234619,0.2149239663144627,0.3875820051576608,0.11078916775329054,0.08383600570109878,0.12229166161397129,0.3124367806637211,0.21819679116476226,0.06537400250474927,0.32453138701978657,0.20705189412866754,0.1657408756317169,0.05333917197640796,0.43319942918588816,0.06709722720615999,0.08144105949225873,0.05633812300340568,0.35189508861358304,0.2533954695040055,0.149092790954574,0.2910008320015161,0.21567127665180713,0.30806553759970556,0.20472532070959887,0.4103070549417705,0.06910762698561987,0.14212143237001323,0.1282726565037221,0.18945529640313052,0.14198622058299354
0.3083689379263236,0.24871201276238553,0.1670543264678912,0.18870907309297053,0.22042966417640888,0.05356389580617946,0.20495835651847077,0.24826845614658177,0.1883217966741795,0.12349948214992434,0.09878667291562372,0.07991852884567674,0.10536842306837702,0.12507930538050355,0.11007865990769439,0.25524112103877433,0.16304310654399187,0.1843064813364314,0.3433716519943623,0.06235868539884242,0.039499680924769166,0.09935758816642884,0.2239642963005447,0.26765858494152,0.028933619298065295,0.3233058801811066,0.1284273102753253,0.08642053895032961,0.05676810526672561,0.39975916331410155,0.0602260364597668,0.10417521695679857,0.061326721580633056,0.3332075023967435,0.19301405968925575,0.10387736441147888,0.18607214955748524,0.18177027286834968,0.22011429655348796,0.15867352349476668,0.31815622754928435,0.075843460142728,0.11643968564338324,0.176281325283914,0.16109460643485046,0.11891846956709337
0.29397508589619653,0.19247744103758033,0.16163433823378173,0.1798888186205314,0.2300811548893502,0.03753162064906332,0.2116543852280704,0.32963979923892395,0.17580751571179074,0.10624492046522221,0.08784887080117723,0.07106427351331131,0.1412747238261122,0.06448476944515927,0.0816956723206326,0.24844432832948127,0.14168637579125648,0.19607535199510795,0.3696534394226189,0.05850478435901573,0.05983709493790595,0.09628721992656734,0.09909150855853945,0.1856997793152493,0.025243799975554974,0.3521728312888952,0.17364071214636936,0.06819173771901668,0.06443818313051185,0.40348767725263507,0.035138791595110984,0.04506043648973378,0.05377096740524917,0.3613046295726628,0.19159258247766187,0.12190678943251182,0.18517805500019746,0.14469763050735618,0.24259817921871385,0.11019522492079065,0.2168071198452191,0.056874260047743735,0.17254048214429474,0.10051720225184352,0.09236222997727705,0.16610112333951987
0.30244230731620253,0.21501425106854957,0.1743279911399993,0.14693606721467672,0.21752197560650602,0.036422923838525176,0.23181585662500787,0.3094791074365479,0.1867036705477747,0.09233211345551265,0.09574637374350259,0.07007208135330215,0.14629346285175854,0.19975283344330064,0.09637582863892777,0.29853076668009654,0.07379454047656989,0.21437391105961295,0.32290119023318103,0.03254469795344218,0.06762698074411366,0.10451359445532704,0.16528130296194476,0.22043398652542873,0.0842424019832095,0.3849546238047036,0.1483668929980499,0.07375293591672533,0.06123554278121186,0.38046421972335187,0.029545320695562864,0.02268308762505209,0.09610650485431849,0.35316187402195487,0.2027685061624055,0.09191167467000261,0.22286582387217746,0.2085457789613387,0.22315018805711861,0.11821071502899441,0.27035503277529294,0.09473157100423837,0.1383175804168486,0.17139392136777581,0.08589508848426614,0.15489280694045668
0.39513675813373367,0.2506082837233266,0.20967919845940244,0.17289030246670772,0.26434175730013154,0.07491273145988868,0.27865419485761583,0.24131242050978402,0.17095117615598213,0.14311917961609535,0.18996868801941583,0.08069820919227078,0.12299622415104897,0.12979344512035362,0.13282452241709258,0.22140801572688784,0.09821317088842728,0.187296929843621,0.3505276507341775,0.061568724888216374,0.045958102718608625,0.1387692573089118,0.19842584537395225,0.21557188767081725,0.05294927720106114,0.4632716382720612,0.1719767137465551,0.10578550597412875,0.08329447406785007,0.33906482486161954,0.05344475910581633,0.1254872032180643,0.0752933301216169,0.40206422667636904,0.2338410625676311,0.11423063166086495,0.21733348021424054,0.22315826511755155,0.2483033061391537,0.16022726659214118,0.28941901596791036,0.09949380006658205,0.21148980243495785,0.20652347151169897,0.21745775071385082,0.17445717488114726
0.4787845831869501,0.4034638952316381,0.2877539892924372,0.23243468459226918,0.3063362607882133,0.17715493975928126,0.41030370996469656,0.33790205322986644,0.25796928319558715,0.19405485082069374,0.26906666155038217,0.11291695413746018,0.18357674448048653,0.12317319910730984,0.13371066395212947,0.3176052976020078,0.1314190022681693,0.2974782751289055,0.40641223169325963,0.08991160900538608,0.1582762654856672,0.20933446121990348,0.22412733991623163,0.27684815580576877,0.12068559523409605,0.28899402661699747,0.2432751408950746,0.2512731358248202,0.11489745200463067,0.5045912965607005,0.08424407755873153,0.3160365543437934,0.13816070940153025,0.3989752095482423,0.3082208630778987,0.18894451600515566,0.33310913959527544,0.2920087831367132,0.40544170695275955,0.2590774097107177,0.32475377346053313,0.14855540057997602,0.2640707798550733,0.2687432964441946,0.21121018856949042,0.18390820636113012
0.5958291808760805,0.4995524887432983,0.3793562927242417,0.2776863906265947,0.3727479035269685,0.3267217712605356,0.5097216193347972,0.38522999753854914,0.29541269501938694,0.32494312029386146,0.3398641121552444,0.16666255229903304,0.23038969858008,0.2868549150658369,0.287366383275927,0.41749215663284334,0.13892318512386803,0.3510184146272988,0.584648203990152,0.20027785805621887,0.23139991290420986,0.29407430924144906,0.32291872659239096,0.4943263559805521,0.32475374618358477,0.5126054768951134,0.23117591581836308,0.2919087482292629,0.12746695031192246,0.4291168151648622,0.11027531204864757,0.3979405381812392,0.21229517407628434,0.4279505472086739,0.3879912287471439,0.29300777761542895,0.4159968949052102,0.45242462114241844,0.5060738806152795,0.3450804137818095,0.3895115896738129,0.19920333675412322,0.33926561834992414,0.29031387739961384,0.2979995058617997,0.19791174586612678
0.6353322253419312,0.5487491418024284,0.3785202354653591,0.3328288359135715,0.32210625971369977,0.4415019316975091,0.5727766624569599,0.49190202214078643,0.34559049880805426,0.36954848405764795,0.5419549467395866,0.36034037590546814,0.28729296924102493,0.23388598271699418,0.3310335271953547,0.48306863240909553,0.19611427242774523,0.39250111079681155,0.5855831824831079,0.3364830508471099,0.26676324242527716,0.4019980057337864,0.5297091776919425,0.41478824871841047,0.5373634134061188,0.4801029126448022,0.26859107131458326,0.4376709405286139,0.23133326668142085,0.3306633896213717,0.1603145288484461,0.44456156905928434,0.20700583007643172,0.4720548250248589,0.5119977026843588,0.2959293787069254,0.480602171662532,0.4391202300626972,0.6001684350585941,0.4342397994963621,0.505064933258145,0.2207299215461358,0.3895885926995431,0.3513469922056503,0.3827533215841136,0.24527403489695832
0.6797473052680543,0.5984240765532978,0.3780663759575842,0.3944135129884778,0.327302354004934,0.4853201296583662,0.6440223127213964,0.57857002536884,0.39753091195993956,0.3800158637113051,0.6799775892323774,0.41463902662961033,0.2816977893778202,0.5451074672850891,0.3975137048922849,0.5506647218906562,0.2665454429525599,0.38048944651020156,0.5653336493188259,0.2868576750748518,0.2841415675303617,0.40958441221017405,0.5628859330800208,0.45606079309421094,0.7920456673817046,0.6620055234889626,0.3103880918074482,0.4811917222497579,0.2701415210733357,0.47780277789931014,0.19241020609199336,0.459858044454579,0.24160289340834318,0.5360323667685203,0.49359811395030806,0.3371293998729539,0.5113403289067684,0.5694669571775776,0.6406713608309672,0.4740296647360858,0.4593046298796181,0.2830420707061761,0.4566736639042685,0.3621508871511899,0.38430283110560315,0.2066706260504449
0.7176368118151455,0.5363056581632206,0.4482377428952804,0.3737916310755179,0.35008872118749845,0.4236257964429155,0.6614315787970246,0.6274076133102713,0.43303420266330794,0.4289594256307866,0.6247699413092698,0.31341311193361676,0.3960582484127983,0.44107161954079216,0.37265863228875895,0.6195290805257277,0.3123570578107429,0.4084033542894825,0.5020734079682939,0.2096760122264645,0.2701894904891319,0.4635047722122497,0.6343964317782181,0.45053037903921045,0.7811305757441263,0.49043140736111634,0.3549615771010696,0.4732000872490314,0.25003759694158045,0.4919018023639039,0.3455543876059535,0.48851070869986213,0.2543057920453593,0.6242257141249806,0.5702513384277962,0.3246611814720081,0.5963025307416429,0.4690048846146435,0.6297888654564293,0.485813464252619,0.3888862154463934,0.24013548456295142,0.4267491164244975,0.31233156074810536,0.3941609286003647,0.2872640813342672
0.7080287194671181,0.5394208881510036,0.43363834018930963,0.46035726485626766,0.34592040643519495,0.38692682578185716,0.6507229117765874,0.7369576212920961,0.4584458363086289,0.5086881090171951,0.7866367327055633,0.26356239519617536,0.4362214211900858,0.4864715460607268,0.3884046820777024,0.6444716756507546,0.2411459983388509,0.4925983496632609,0.6551249429887066,0.21676561610050768,0.3212993502271904,0.6176192461131093,0.5104945873509955,0.4448613140063519,0.4251118181979049,0.4259326427505439,0.4085942844629125,0.4028058986353047,0.22326236212154688,0.5228816643904114,0.3752913217525158,0.5545428087068889,0.21675585146455498,0.7016904060827613,0.7125916975743323,0.327852847046002,0.6368468689567176,0.47561847133605284,0.6201811863152955,0.553450238238065,0.558622315654167,0.2512268641745487,0.4754685139832433,0.4049279979883126,0.36727733294465015,0.3624033476215775
0.7132184878705804,0.5752975879151554,0.4140266570315359,0.5151317729506413,0.3076555067177541,0.4314684664678257,0.689785018101609,0.7124814922170926,0.5622481909507919,0.5635261211190417,0.8185365381482648,0.3010359658501325,0.36259476469151897,0.5438355084151227,0.4686587004513302,0.592845807603463,0.25418454711727817,0.662148867377553,0.7633226210333837,0.2581800139989916,0.35130615988291514,0.6552358861243046,0.6338951218655818,0.49310337975494345,0.5004706999748076,0.4817785810968481,0.42862329661091353,0.3171923384913737,0.2380951166097413,0.5048514024458381,0.34185454442255564,0.5582933103292002,0.23186780393272882,0.6702660454808177,0.6895438617257291,0.3163754417615111,0.5771448594360152,0.6165215592956854,0.6156986494277739,0.5236178709614481,0.5647453863217263,0.2678347404604502,0.578094013619497,0.40921759499302685,0.2932764984325732,0.35847851769078254
0.7319807249126996,0.6320506654271862,0.3974169981426764,0.44565882621379305,0.32934792305313043,0.4910205045922558,0.8046394399180641,0.679044264218582,0.5352949755753059,0.5983212751028348,0.7390768543515944,0.3099358580474534,0.46184947825883277,0.46724142802817975,0.42956353524529167,0.5220028873445762,0.23444306888154906,0.5928636149737748,0.683523797474819,0.20632095870132355,0.3753035865900591,0.6233034615620796,0.5138624363379876,0.4297300652013426,0.5409730495706419,0.6634882616948974,0.45353241214019896,0.5701138101073967,0.2378914403510382,0.4393763214925902,0.2801096099606445,0.5462689581630779,0.2566609183933217,0.6682241018734008,0.48191463102289256,0.36552859061436366,0.6645119520366424,0.6855894764137366,0.6882594361138811,0.5408882520233382,0.5554342662567799,0.23629379281417462,0.6390357684081228,0.4194596308865177,0.3085958775999209,0.34648238034441176
0.7808318286736834,0.6720178475934271,0.40557851638518266,0.5066012402612282,0.364197731555421,0.42755277571664463,0.7580150767412804,0.6731352647895481,0.569712240985185,0.4243624316228651,0.5747848903910301,0.2523036998499154,0.48979056783327457,0.43561213602268395,0.40836981141136564,0.5205482164725999,0.2953878853096035,0.5708842771741155,0.8031219194226867,0.19602652132441586,0.4175955227967686,0.5823611749493472,0.4970055627769053,0.41099717024881843,0.3882971113022966,0.6602501262816296,0.4466510773113144,0.4712825731294289,0.23525891279901506,0.49577883272566736,0.2551743794298973,0.62594779040876,0.28658159416874845,0.7741932208735424,0.4744610465642288,0.4212887732454143,0.5628437902583779,0.6947118168236835,0.7129813462732424,0.5512128288872801,0.5229290511030122,0.2160730959883166,0.541826693209913,0.4506098329742475,0.3590056997524567,0.30699341073369585
0.858210551274392,0.6863216563411274,0.47109018040810663,0.5231280499280421,0.4078797647404907,0.4255207927659778,0.7457659326173085,0.6808134263721395,0.6200486284959057,0.4521881897990026,0.5032909308073441,0.24313679750855108,0.4632111508480667,0.5231081060420728,0.4854394346027735,0.6464127393623047,0.3536700152891066,0.5919570073744176,0.6598556085203487,0.25654184648325856,0.4676868546938142,0.5563978111989233,0.4208525497521452,0.49696065662610867,0.3196400998090174,0.6697401994886897,0.49806387732272034,0.4678129981679833,0.19258817422208593,0.5321240330005549,0.35286078003297777,0.7562373338129638,0.33494808032652956,0.672895272932995,0.5418934008392732,0.4383869291102607,0.6936947007316696,0.7186754466640589,0.7114137403445089,0.6199092562171992,0.6020001849180979,0.25365596904771454,0.4285722575914131,0.5265872550925649,0.526205286986047,0.33959191782514186
0.7798660238153001,0.6805305349458165,0.5133706941275129,0.5766595224472292,0.4211838137068109,0.2594313412182209,0.6576884879675617,0.6941339644975049,0.8327897511641216,0.43832000231180557,0.3810620930041751,0.18121476618084925,0.5898767700888018,0.564397484424515,0.3359454955610134,0.7821742347211976,0.7989772825166466,0.4422941482940888,0.6125116355516109,0.14771698882421772,0.33626717988654464,0.4626084678984558,0.3755898497113563,0.44896689062852263,0.19751951500188197,0.6820524830143709,0.46033884489904947,0.3556642321569417,0.16332700846936773,0.40502558125131494,0.5424509688897516,0.5362259353474743,0.29729489575405493,0.6805110684584864,0.4081063877351622,0.3876295610489366,0.7353975678714252,0.6734301156091052,0.6372408418368932,0.49062464380690857,0.6792727187653497,0.13368540246426575,0.30336282724871644,0.5304339738402042,0.4971467791628486,0.3095691371756589
0.7941962372321077,0.7105697018649465,0.5835453999881033,0.6371453925781919,0.48438202146409737,0.25785250730090176,0.7391619731279944,0.67517691275765,0.8212634238511455,0.4231155853021506,0.3336467153503776,0.17644202117038046,0.7147813638630021,0.41861621325121806,0.4021735883853771,0.8107884326020703,0.9999999999999999,0.3493642716369323,0.7081877350616709,0.1383077388996198,0.3015876617688437,0.5379160572223057,0.3696215004199123,0.409530046194728,0.17932396229020373,0.6341280991524832,0.47469256481441974,0.40366474851648426,0.12053046644900586,0.4815476678538536,0.5360467826562898,0.4573753834485452,0.29727842483282896,0.6974452596394525,0.524262573655613,0.42181785012942435,0.8255761872197084,0.5910771469865054,0.5828793777920156,0.4965982957307275,0.8000570367669136,0.14414799408546985,0.3261220107701604,0.5527942089665665,0.6721053610538239,0.38748435440077766
0.8570135693620441,0.7351395725983179,0.5737652161617702,0.5661858746815769,0.47616759493256655,0.27175074399595667,0.6852138060685979,0.6817789504245452,0.779859927755293,0.40574796921309414,0.36852873505410444,0.21379920201877295,0.6830496006571781,0.5011174371565168,0.3763285843452059,0.7713870143360932,0.8206925391253528,0.5391062395602886,0.7786785218566635,0.1480944853111056,0.41332240815450677,0.5533953518707907,0.33535692744088064,0.5055175438967019,0.24316379734441096,0.571780191585771,0.5061725889467944,0.5209871970607673,0.17460993533926314,0.5217764264635975,0.36778649743179753,0.5411381153649263,0.2631538414836496,0.8637438310179297,0.6535608574588546,0.4346164487260291,0.8448115157340431,0.7159431506326931,0.7011954366829778,0.6102701818910536,0.6055577465890474,0.2020700612242946,0.4351939420962012,0.473962171248454,0.5581541706163986,0.4101231558522481
0.8504236008092851,0.7361777676696838,0.585984427084201,0.49597993251181177,0.496791397264444,0.2600850120571087,0.645919834599791,0.6847988447937878,0.4843509438869694,0.3573867235261176,0.346745422203859,0.1995348262067834,0.5877005623423479,0.5940410445533262,0.41991277771547175,0.6540787558805848,0.2807238758640425,0.5649350398213924,0.8112230918291563,0.15911411978339254,0.35068612174199953,0.4603643282591003,0.3588760447238612,0.5306011334367852,0.1989844346507254,0.5989452875715033,0.4657714830000146,0.3368657495412632,0.16539194833554924,0.5412262808696271,0.30262584944185855,0.47356564364381304,0.21612520715271522,0.8267118864361602,0.7112569361715468,0.3924016962353418,0.6853289228620328,0.7151733570552703,0.6450898375399692,0.50897614059282,0.7629632993545711,0.20188491440354644,0.5486994534326484,0.47194410815418414,0.5171533017676708,0.38058590573014983
0.7461954435126817,0.6429069273718417,0.4481128864220963,0.4478550094221789,0.5357767798790083,0.1887899981982618,0.5051005268129253,0.5512645852091085,0.3806374546854798,0.35091305947571105,0.3576511892882366,0.18510004119994683,0.6110211582012852,0.44114227927719213,0.30356152746663,0.5632758118919469,0.21842713049950566,0.5959243717844943,0.8529838172192242,0.1956725350777145,0.2318313969414268,0.3935373762576239,0.32690823222464066,0.6133895349034542,0.13873183156663704,0.46403918448295334,0.416757119174342,0.3275293059768563,0.145894095490654,0.6238033244417127,0.2568244942691121,0.3050085383690342,0.19101320580075867,0.9113843464828796,0.767954054592426,0.29141963609216515,0.6253865481373933,0.6335742853371252,0.5835967550042205,0.3812933918703008,0.7420328681886865,0.19920842399765393,0.4867259577978748,0.46886873775057764,0.529501860970969,0.3662101359413568
0.7454093695858954,0.5544542275629024,0.42620945248279085,0.44989960065990453,0.5329143961365855,0.15623971087540478,0.46530203448863966,0.5026533341508772,0.3224668537314779,0.27663074118118625,0.33018980167789524,0.1558299638466357,0.4995796488765618,0.47227809495742895,0.31047700033897807,0.532765699314731,0.19184371533950734,0.5793210889466035,0.7163877505781682,0.10200573826473375,0.1269612803257806,0.29760342234315657,0.2480792026141624,0.5794019439949498,0.08696654931119571,0.496247292695592,0.40976336779828026,0.272358184800076,0.13412393646956153,0.702043731135073,0.20703819032918844,0.23824551041037303,0.1582894623991994,0.9018458939904561,0.943355584959174,0.27703683667527124,0.609512444516948,0.46379853664229664,0.5026241820726219,0.29868671247115736,0.7114416183128769,0.146193531426406,0.41568132782427236,0.44487989738956346,0.5784263346070091,0.3213635803523959
0.6705125148597927,0.49743671166289416,0.3545717696004485,0.3754805609644163,0.4338934581704914,0.110348995132997,0.5018713336135304,0.4849866035936125,0.2889269218336976,0.2488083199626405,0.2862532808923626,0.13673088046548715,0.5196905867700732,0.38984324436077306,0.3452254024852458,0.4852341643599753,0.19422587094658894,0.5415016497793265,0.6389345135926243,0.06704348185204118,0.1491046741098421,0.2648236012002478,0.1839553158422566,0.49039331532576647,0.08040249826483582,0.36149670665518474,0.3481322277585299,0.21857769880528305,0.0966880224961264,0.4845013658256354,0.17662995213928032,0.18190783864527085,0.1430792298759383,0.7275341083329826,0.738060828083387,0.2558412849993128,0.5603631466697203,0.3513427001269417,0.4840184739660461,0.2535349407372891,0.6481144492804621,0.08558205623594713,0.3209134593786369,0.3958570639400378,0.5883364901608537,0.2890501543265549
0.5470351115606367,0.41451439174427457,0.2870986759450539,0.3492896517526694,0.37404734092281045,0.08734017298924361,0.4235103207313541,0.4883297105622056,0.25891769679885196,0.16108472078739394,0.24322356430997055,0.10170286374935696,0.4037318849343958,0.1099776283946988,0.2138565427369565,0.3807283781045021,0.11859034852139852,0.40719790216250973,0.5155691541807693,0.09747360841848188,0.15694711345579426,0.1996949603124738,0.16937774491297625,0.4614723962533115,0.05455892788279715,0.2917286207079651,0.3637495626373144,0.1289144178328465,0.10831577730783884,0.5656395960248445,0.11750723386451001,0.1448990288763773,0.1709401509432942,0.6497155954843665,0.5218389901017297,0.19286898774634134,0.5081293503489577,0.28105434707076626,0.4137900152667347,0.19254758061297303,0.579565280573122,0.09637822397564519,0.2417824188434605,0.3039011991154574,0.33735990567052543,0.30047678694516144
0.4181233106170482,0.3233031839029505,0.2317025609226686,0.2942881017185178,0.3325796049976175,0.08832780425712763,0.38080082647372104,0.3939844453278045,0.21923902502454645,0.171956173621946,0.1782983925923454,0.10053211959918522,0.3192886842656346,0.12383027886765113,0.19241504345693755,0.316347137143218,0.0994859865738019,0.33188653399993806,0.37422822111100756,0.09114038111243161,0.17089818726247705,0.15567374703162154,0.25440232175319305,0.33677801251081235,0.03774636876029451,0.24912596120479116,0.24977259645982727,0.14546234949936815,0.08528603500596464,0.44728468548798783,0.09275179619327042,0.13765534353297967,0.12973678810353137,0.5890114809596955,0.40903475195420064,0.11461286453654981,0.4489706046981382,0.2577103451937498,0.3666416822235859,0.18821938519374254,0.3985497485196395,0.06290252480218159,0.2324451056693738,0.257928207237192,0.2317029935542047,0.19602723020248994
0.3012963374990312,0.2142222933147283,0.18770897441925893,0.23929358439031834,0.262525142657269,0.07035552495220097,0.26479578490816164,0.3339599785940936,0.20346854037282636,0.12740169855204714,0.17406584161148428,0.10034437487249243,0.22596895509816176,0.21764014076736116,0.16258320019963246,0.2636179714699213,0.01051750061060754,0.21286759137783157,0.38636854500954987,0.0690277362522764,0.15323674977071985,0.12896437912557332,0.20485181395201868,0.1966091418323026,0.03994476239226334,0.20529848149765836,0.20273663209915987,0.18046268516379965,0.06368829991070293,0.26110765764290794,0.05344745222556304,0.07326717617105587,0.07230981738885986,0.46263553759000803,0.24109177070825416,0.11574341717140293,0.39030760575142814,0.20626632804117134,0.27410615958492207,0.14551018032330837,0.43648211038856927,0.07689297979898432,0.20547847697408056,0.25843652382292537,0.18400129622499878,0.12172047395502861
0.29067736437582836,0.1859220558000753,0.16674635713219854,0.16508927080159236,0.17593725226027665,0.039895839971297455,0.2479200280367742,0.24808721644419296,0.12654206842741833,0.0822661116356683,0.10770918230773105,0.09457231836290851,0.14650730188837086,0.16028786594122713,0.09814789326138221,0.20864358151588613,0.09664461644042233,0.14458583346742587,0.3504826455983827,0.09105355915742533,0.02699412368237792,0.12862084819475544,0.23890065739702832,0.2650578387409832,0.04249894267003185,0.16055868858833533,0.16164765044056176,0.10763125683893898,0.060560300781982046,0.3256974830969082,0.032711897008165104,0.07178093768581667,0.0,0.35491890945309673,0.13662660543617464,0.11161257023540189,0.23842840344188493,0.18925127077865922,0.19291083458697522,0.16575923450553257,0.3100955181610764,0.06229324593808666,0.1352532663175349,0.156171314185139,0.21270720321237346,0.14646123225784388
0.3198960513663784,0.14439632732108199,0.1945331767364469,0.15745436842950947,0.19527731493272696,0.06704686779164509,0.27385678210856496,0.2988498186461109,0.09876818873511047,0.11784186774305236,0.15953980245367225,0.060064441007019784,0.15436019278401863,0.19910399930604172,0.10944893034066161,0.19306382327388627,0.07788735887139438,0.1530886092453337,0.28836601123324856,0.024822261801102925,0.06862410265205279,0.06921726145710139,0.09608603990757937,0.2222707877589824,0.02121213207528485,0.1853936805714281,0.15769055777531513,0.08613834757889885,0.061370861471988225,0.2673271545230189,0.03414842012214347,0.04414513505962965,0.013660226285155185,0.3528907620272985,0.1912568387328659,0.08649253290126,0.29432247006404677,0.17810566418418722,0.25160214530756625,0.15403151346746669,0.5488570819894111,0.051192977631473915,0.21009009761872838,0.16680091187833687,0.18109848344328255,0.15173907136916967
0.30044177159476015,0.16503143473812365,0.20068405495048802,0.13673838344939285,0.2031299465757654,0.05704820113338917,0.2548894984563156,0.3001185027387269,0.1430807154737916,0.12378292532155102,0.12055529136826451,0.06362774949951777,0.15738164925831688,0.14420420853817834,0.09316779728103841,0.22025769658664646,0.012895176975117727,0.1603891314738292,0.3685929901760627,0.04926835281213724,0.050383056346099804,0.1081852919230922,0.18949852849658744,0.24085989546417913,0.027755093777918287,0.23901429336546468,0.14901102417820164,0.12538226252145512,0.060973786445138,0.34936215214801697,0.04424875319551722,0.08404483425157326,0.01892107876748946,0.39732182730729104,0.15690715947959608,0.07962843632482394,0.23889927127828092,0.20673987865997995,0.2470038542779493,0.17885146624667178,0.4119140860649469,0.061234225906995704,0.1810574263549158,0.18864170283178647,0.1431674485914541,0.13729752794026065
0.3558646284767551,0.21288582095802674,0.2685575349621556,0.20372943069639488,0.29220817825782075,0.08653516327675638,0.302688371175831,0.3258919013864652,0.14871294142793462,0.13411897179746574,0.1176963168538849,0.07877482638187211,0.187755966235622,0.16367106835010314,0.15226034851310155,0.19686964064516765,0.0650455089054448,0.17010491275817768,0.32196310015318863,0.04861159061246722,0.09616704196318115,0.10642896643539684,0.1265811577146772,0.24765199703897672,0.030068491086421997,0.39389180926745626,0.1998518961363051,0.19422317334408312,0.08266751956307322,0.3416335679961927,0.07508810778269512,0.14434230848666943,0.07842793230821221,0.49276652991894127,0.26780525945990397,0.15355876118776965,0.27963405841534866,0.2734168436794812,0.32882318515108144,0.20562864978361664,0.511199125165592,0.10854761327625534,0.21897184272746062,0.2281094307574684,0.25243045674761455,0.1471280147133133
0.5959366434379284,0.35059803018965513,0.3280166837784366,0.2691552455329774,0.2839537453045595,0.20715180365123587,0.47532555964383627,0.4160388140720405,0.262925248655499,0.28998060518304886,0.23436812384010075,0.14603644016357986,0.21859392291806778,0.2746404351092189,0.25279709710282694,0.34706843296891726,0.15122740736411389,0.2576044892393232,0.513758725288476,0.15729261868863514,0.15671386568802492,0.21479572640720535,0.30598880451596294,0.2682800754620738,0.0946199585731045,0.262011662254789,0.2614505915023271,0.2541725121281194,0.0852995730885986,0.5544414396511412,0.09942541642635075,0.4432155180306575,0.14973370810759998,0.5487223980677804,0.3833228616733738,0.2970663307369812,0.3623945581385567,0.3259671516907104,0.49305741214381166,0.28434155650691334,0.3786898221757798,0.1530033811362908,0.33515653598319617,0.30946989442876316,0.2868439415234485,0.2254492062740937
0.715747873194153,0.4247448101396892,0.44884980409991176,0.31386422344826714,0.3282753842771876,0.3643546193565234,0.591544472453645,0.4978152795335455,0.31653972817992176,0.4098599418712496,0.41993142015196266,0.23768469668696576,0.3002709799113985,0.24573310594029585,0.2920828920497599,0.4875230512007091,0.373365163821954,0.4018041692146081,0.6174421993079909,0.3425748961703655,0.2641128416004679,0.34867588349236794,0.5787418688067049,0.4457978287987617,0.3227936521449844,0.42553171163713865,0.33195063645948036,0.4582220367064954,0.20379864870987793,0.6351542235861496,0.1684301773040655,0.6604789214194974,0.2690874597926121,0.5640174017111184,0.4998037689983601,0.5239184235038381,0.46650449121239307,0.4266760660619743,0.7801972234842033,0.4244450369716772,0.5376647947766872,0.21411143808560845,0.3138643295233017,0.5314428026989343,0.2774909100609101,0.19423221263756868
0.7053255302220485,0.5060567097611645,0.40906091185744,0.3765592834848191,0.29275071169606903,0.4782634115811105,0.5823843911061896,0.5011241627385262,0.40100412092552157,0.5029051086837637,0.6834975693382183,0.3204540096051101,0.364673840827553,0.2951211737484232,0.34564079662450853,0.5021548928759578,0.3328115991605545,0.401884527222857,0.5461865067741813,0.4894818251351382,0.2884853567003431,0.4569814328163009,0.8009599441082949,0.4986434854006586,0.6886241559696485,0.5045458313128462,0.3557699669628204,0.43666305851160137,0.27539805427980596,0.5823893233437502,0.19910843546318685,0.6009990747415119,0.3456849357297327,0.649208669527405,0.4832351357849588,0.6845872109583979,0.5537251361525655,0.41655283519453773,0.8156584420198217,0.5130959182763872,0.5531744332040542,0.29103585192293757,0.32429366631604306,0.5547463360480938,0.4207583780326107,0.29900801807324523
0.7579790645962667,0.5538182222332964,0.3949730628635551,0.39953334176510685,0.3048118303478691,0.609934727929508,0.576586025145176,0.5986508019394988,0.409443876700365,0.6211330369868849,0.7869772956021238,0.2948945158937242,0.42051988516766026,0.37541704881679994,0.45302401941329085,0.49832580003458743,0.432739492272142,0.48836833237669286,0.53576652530233,0.42302198397955576,0.32140091068691906,0.5258737675713582,0.5826381300805872,0.43502089651153364,0.7895565366747885,0.5251405431094783,0.38344396265689484,0.5084538260622367,0.3067159844385595,0.6017621423799216,0.23614686135729182,0.5289217104471253,0.4358605642264594,0.5681653765741521,0.5753044157529884,0.5845925616129664,0.6196340197120201,0.4398133659091086,1.0,0.4736221834385586,0.5865567621194102,0.2968845420151703,0.34693535743338255,0.653275884785768,0.255610618648668,0.26836010841856045
0.7361168817181326,0.5604190720923097,0.46535705475860084,0.4554324449645058,0.38226285958906825,0.408927908640589,0.6574820522662593,0.6843710935733597,0.42708713722300595,0.6247341514674861,0.7457246680913767,0.2920660460119408,0.523039878661824,0.46054112129640706,0.39663293177342696,0.5614084227076863,0.39079202221296416,0.4093069666790755,0.6359606951666961,0.29770643071544095,0.28986520232240964,0.5395959611520902,0.7046846554969901,0.4242124333943346,0.7627297818424722,0.637672805759,0.44668924282932515,0.4471137520310208,0.24463528852745187,0.554264345588984,0.36773386377620404,0.5040028758856809,0.28821913854575665,0.5861480370871476,0.6199878714542136,0.40274598950327845,0.6832802957064844,0.45638972439612413,0.7313560973338922,0.5303666173802453,0.5573440466820017,0.2865816303979275,0.3480465585461844,0.5149925345515641,0.38146620940142656,0.324178954012667
0.7696919597517983,0.5886579758576183,0.4236959808152074,0.542169305804786,0.37811287897241963,0.36954083943629745,0.6244881874680557,0.6410227171799727,0.4700406839843569,0.5393379759400255,0.8521847515428536,0.2763120305008167,0.5381927257252079,0.5280847678436957,0.46326185220176186,0.5419884605641139,0.40191467785619633,0.4914606865065436,0.6355968072222236,0.3163107034985536,0.33548587063058244,0.705285099902189,0.742555625745833,0.5094225032934937,0.4554564023506122,0.6158872935283192,0.48622529429153766,0.4418934352247018,0.20563949025244452,0.502807054931562,0.37723455634133435,0.5676598542004131,0.260914134895971,0.6650597078537505,0.5114408430022775,0.38495673064789154,0.6289252298347334,0.5198688480870808,0.696685517270447,0.6592707432639352,0.6776469347285904,0.2550406804632201,0.3991848039482405,0.5319452939450173,0.39648669404377496,0.35267348407877513
0.7422389781597064,0.6093076496876668,0.44855826493664774,0.5047888898411765,0.38018627744864275,0.48762232859658444,0.7141145007314416,0.6144111582921947,0.4450631044015311,0.6280296424832406,0.894232217138693,0.3606455950891043,0.579105364084922,0.5194301668188901,0.5203874199405047,0.5452975656650985,0.4125293781966688,0.5569812706673043,0.6631093475995109,0.48566954099595444,0.28906146202164085,0.6995662794380942,0.7335441645117823,0.4884868417219519,0.5306570713146072,0.6139264297210568,0.4522365148312961,0.4220345311303374,0.25596648397301813,0.5980418008679752,0.3192997821015459,0.5610427372321489,0.3100753842560108,0.6156694001388923,0.5688479603595042,0.39750451162652084,0.6193527677848708,0.4537369798746531,0.6633081020372587,0.6641900033312026,0.6438643744373462,0.26968960548607834,0.4434065394865696,0.7422772570985426,0.3447392736362758,0.33486546802890743
0.7071559360070075,0.6379776771637041,0.44507237559181495,0.5123256775836147,0.3609935620735296,0.5621437257757766,0.7154564943590357,0.665962462629721,0.47295772856022,0.6407663829001881,0.9219908449121209,0.3144508028034479,0.6022559419293753,0.6464137752434187,0.4496403689369656,0.51937357424386,0.4209464944360872,0.6295330962525951,0.6941200863688863,0.24797824331198456,0.29945751266623544,0.7416005373199339,0.6116987249102542,0.4831552618834333,0.6658889722972091,0.5099099867677539,0.4390159117705025,0.4869869314919133,0.3041211631612346,0.4846715481263345,0.2875166170309333,0.5465640408917972,0.28018676358874045,0.596233141365256,0.5714797525191936,0.41298133713049867,0.6010342329792296,0.4150603836661199,0.6815544734576489,0.5567289302661329,0.5853741066900848,0.2617259674205258,0.46324821131962485,0.6585178383640583,0.30606285510344877,0.3487153199303494
0.694279183967715,0.6961903513745895,0.4742107416882789,0.5069540234889282,0.3923154893283718,0.4168743780906207,0.6677119815382205,0.6556152614086199,0.4937663972542545,0.6317595256037796,0.7070284937693243,0.2942995340905943,0.6086661277078621,0.5025560501629431,0.43398765347514,0.525016241277029,0.40991400507728504,0.531445851595462,0.6837260370218546,0.3242248554224277,0.37424106626243586,0.6127246484238179,0.5589830800887357,0.37864625769812504,0.4786897595305746,0.5073147574699456,0.40898510719293396,0.4707124222881578,0.2997699671333166,0.36134481915625133,0.29184003973928674,0.5109349210870924,0.34500360462211943,0.6742260807093887,0.6185314102761679,0.40758371761967954,0.6436127173589585,0.6280136971397554,0.6219628770439559,0.5939616707523169,0.4723098741001414,0.21047071189103805,0.5909271637376314,0.8776088338885979,0.3501183737783683,0.3606364572830729
0.7817194616437564,0.8094621317089463,0.4925339582169557,0.5534607351531334,0.4553721205795973,0.39709127434928193,0.687687167992659,0.7706384199653723,0.5543144560207822,0.56174967016261,0.5870545010967505,0.34554218205123405,0.5961619052902541,0.5763760736109242,0.4312095911117292,0.6580347572247777,0.449815847076963,0.6067059665316596,0.6315950290588473,0.39773144993332155,0.47438001489712067,0.5465551036662382,0.5274171678133578,0.40118797769449815,0.5336582162464727,0.5088758841165276,0.519756428168014,0.5702696231960235,0.2440273739319595,0.4414206679432404,0.337814512145819,0.6943455766547397,0.3485162407304012,0.6770559970405979,0.4585970408021379,0.4532046312251095,0.655760978470785,0.5835895790618146,0.6555647490625225,0.6577854096813851,0.5505179514241696,0.24242422012855014,0.5474843698955963,0.8675952552084105,0.34784544366977155,0.40131649253356083
0.7274639958716359,0.7705702669580017,0.5042721084755785,0.5660489703663055,0.46051501059724353,0.3061117836564563,0.6628773871052215,0.7018663168027846,0.7575324962844808,0.4647612081143291,0.39122845681227925,0.3127127321675664,0.5384977836272175,0.44652925437039764,0.4281194587959104,0.7073960457788092,0.6387406361615136,0.5399918618059962,0.5931747246899169,0.26235544608920325,0.39057215655362587,0.38513418959952256,0.42663856443827697,0.41972308462757124,0.29301854069715993,0.5766149895779659,0.5610041885797339,0.3561949928376225,0.17736810597663494,0.5746641028930459,0.5378883888559521,0.5598138116428353,0.33497959135105226,0.7331922427666414,0.594245088560564,0.34498882520070956,0.6817060053547566,0.6168389358882971,0.6394372273463413,0.47258253200291805,0.6813829538085452,0.23393322141650807,0.43696685398537477,0.526871530974022,0.5399353190836831,0.4515219826446185
0.7361334459400556,0.8077913045219305,0.5976987845791459,0.5695904137656985,0.465646150166931,0.2754426169341196,0.6515868952602428,0.6251065077076267,0.8105756866838622,0.44406695050855005,0.3434190487655858,0.2940643006010835,0.43378852677197965,0.5539475072651758,0.405892947970555,0.7024926151739423,0.6465842153014947,0.4485360546824429,0.6733931499786999,0.2629661971789001,0.2928337681953599,0.5018654120566365,0.3035800516879792,0.4299449454609619,0.27088521309714186,0.6666233515239848,0.6067624387982687,0.4265911456978586,0.18806409354728668,0.585754369948936,0.46564854225757135,0.4910997929404307,0.20702959985480004,0.7633133599585095,0.5957281742753,0.3630934464129996,0.7392987801732045,0.5419111855920679,0.546371533882481,0.40889233222516463,0.8705720271892574,0.20633770987094713,0.39648384318647745,0.491566607939181,0.6893246939016722,0.4352881402599215
0.7680070608933282,0.7918461554092813,0.5550930880582096,0.5567853707194502,0.5494808361259913,0.25865495259967114,0.629995766141547,0.6390749954200509,0.819159690711991,0.4072179340887591,0.34234064969653977,0.3240983323040966,0.5749082126047632,0.5826003087841689,0.46848122548337323,0.6658777649454862,0.5166624725078675,0.49926996448458016,0.7319772120912142,0.31637432267864113,0.3846365457948662,0.6543945878352931,0.2884733113301961,0.3949771801414917,0.29357899512931207,0.4323229623625857,0.5479845769239335,0.42498442770732314,0.1661120298532662,0.6114084200477722,0.38217505462979084,0.5649475215679498,0.259412379216061,0.7375568321550795,0.7186799219374144,0.5013499365886946,0.7834771157422308,0.5910552557906141,0.577509951054179,0.43501324828115634,0.5013835252090049,0.2341566449444184,0.40634033610410886,0.518869681896855,0.5465210134048468,0.4561118638385806
0.8240010302091655,0.6835253279955824,0.5404880505852002,0.49387521184905975,0.5375680031425458,0.24116659892004544,0.6328047099025649,0.6542536943249105,0.7212680105071706,0.3929015906425858,0.3157268637268815,0.4629774650861416,0.46750880471008255,0.6747112356498859,0.348052083155834,0.6138101996236964,0.4101845093154438,0.6470289208906226,0.8575974546485265,0.17566577318905743,0.2451291157321907,0.5070321286657199,0.2753773183738085,0.5239019049410394,0.32002898156851045,0.5369421986243537,0.5224779813895625,0.4004312908847719,0.1770544345745159,0.7351123549489343,0.2854354337144517,0.40772488818799113,0.2021208891780003,0.8039707722334433,0.7850606038892426,0.73675115770782,0.7287062834010694,0.5781036606731204,0.6171041939665658,0.4379627304227348,0.5095951894527143,0.20694061465457764,0.4543184992294894,0.4682826826353878,0.5656743009574414,0.40513180080493005
0.7785779000201419,0.6452139515731857,0.48887455068493263,0.4487331307822074,0.5783343273011292,0.1946939766933225,0.5835969705060338,0.619440757053162,0.49879332848664565,0.33096707667214065,0.32032534608294155,0.22213835071666768,0.5267938930401933,0.4451925755299924,0.3659963080919397,0.5700605287023154,0.30417110648776247,0.7446555021092606,0.898073173815184,0.13989503524636707,0.2528814270358553,0.41354372741284134,0.2986870946602466,0.5437976015767748,0.3607480379574931,0.37476793942395037,0.5097329761301389,0.36835306731027656,0.14017356042903512,0.7279113543060659,0.19562281351894897,0.31846146622069116,0.20573575978312783,0.8010447925563239,0.7969083251582384,0.3072899543114473,0.5988418090551183,0.617506611820166,0.5083274533087966,0.3510211329509385,0.7930131902186134,0.18846656403173834,0.3847659559095743,0.3710305241557233,0.3979266249251791,0.3681768406743191
0.7276212456578626,0.5911878197636257,0.44384260692690447,0.42784122875505304,0.5291533153125267,0.1713783847904657,0.5940469522768405,0.5252527934656418,0.3747428460463719,0.2879920713762075,0.3154936277533398,0.2111603063552091,0.4854416861601475,0.5008944081253399,0.36746050966484833,0.5793976695770804,0.19421234410275456,0.6248828422201711,0.8117729980738669,0.09259405886576383,0.15597958898802836,0.29403169726499856,0.30439933162114574,0.5685436529648669,0.1592854155582639,0.46121052058185397,0.48134029225246605,0.21561821792083197,0.09676323843481122,0.9464681628311081,0.17316544191492647,0.26528423619256425,0.2241841601850686,0.803485252095929,0.7299298919443624,0.20175648025317558,0.5860238917889691,0.5510665033539874,0.47592717159210357,0.35195208749624374,0.6654669537112955,0.17047581178683596,0.383015044502946,0.3750421161533553,0.36894934620250786,0.3313853471908931
0.6254672041794465,0.495455810816802,0.3916096123747994,0.42990984612214184,0.455834969376016,0.0978326127867351,0.4663388374520274,0.45829895200742726,0.3530814571383224,0.22526411079267292,0.26388415985970864,0.22277146594138952,0.386571846002187,0.3534743980038537,0.18627366436584605,0.49270307653991635,0.10207462665799662,0.49243318684243054,0.6012993380348766,0.08789795914843859,0.18117091496702026,0.2290545178087977,0.21224656801455283,0.5539719491401414,0.0566746165274043,0.3611353524185721,0.3924461057296495,0.23278770766664048,0.0854297956704642,0.722871297935344,0.10528902730941495,0.23973120312158722,0.17889557528876054,0.6782709276755093,0.7235112549072734,0.19576963175095594,0.5158783116959121,0.3376870346271674,0.3848538914953297,0.30278659191682583,0.6090523859534923,0.1381622216398954,0.316798741630362,0.3553180641964553,0.2607235614450751,0.28174046497763916
0.5151259509195644,0.3320186090336062,0.2887941867257396,0.3818908166644607,0.372278884637132,0.07918792141219136,0.385068851714596,0.46598740563197816,0.2750618295905445,0.21742138940707653,0.21594402615974356,0.15480818146006461,0.2849934471313923,0.07738245302948843,0.2109227862327793,0.4335140932139105,0.12184358353619829,0.4180752212111419,0.4991910354566545,0.07639155839679648,0.08014689094100058,0.18433191429322587,0.22821188879483578,0.47593052797076363,0.05037756832664267,0.2895681666043647,0.2980725188794148,0.25079986195848086,0.06278843327774569,0.6063149485504643,0.08455872887080779,0.1867114375506845,0.10188755217229846,0.4837717021897649,0.5563639184521013,0.15537242256468745,0.4745303361109578,0.42104740809963076,0.2830146072196725,0.30094921008148834,0.47761455577878037,0.11242256309944647,0.2845478556970486,0.31619021235843076,0.2343857352565385,0.21989877710090777
0.4046866732523903,0.25197598372848656,0.21906959191950273,0.24520616920324523,0.32149262913686805,0.08050094278670754,0.2796772110443718,0.3610416903159297,0.18778431373959126,0.1905244698589833,0.154980595311048,0.11968612828042093,0.14765311431131506,0.014491543782455346,0.1344278203879164,0.30486251863308905,0.098381442289039,0.29856161075437315,0.36638516863164194,0.0669921288142232,0.14118955225112376,0.14908765843726204,0.19406531449119957,0.39505840199797015,0.03897569018904426,0.2765323853834384,0.1979280259457018,0.22256956375315606,0.059329947523237725,0.5236757803338011,0.03773683686823812,0.12017447045017951,0.12646783776821988,0.4840913852359358,0.32216530355751677,0.11981843859659591,0.32639161467146566,0.2137889291283449,0.2531229753879537,0.29480956964592314,0.405651927338276,0.1157262724241626,0.19848520097165862,0.320071331804622,0.20651204834462672,0.19706476897735464
0.30732994505743966,0.206613873802,0.1713994534532494,0.22229921284594434,0.3528957827267559,0.03571254494461392,0.2851149920135399,0.2711439934535677,0.18686240941960716,0.11706186349458306,0.14428484107421388,0.11043664562474657,0.17191898344685982,0.11901823866175815,0.1271387356760282,0.25236278077846014,0.10638208937473084,0.26217549199296825,0.23537767766903578,0.09653851926079329,0.13527754824298058,0.12377882695643885,0.1964671363589658,0.2873930971289765,0.02903000765534773,0.2280718280442489,0.14893285910190437,0.20232395696484423,0.03751033356578999,0.503111953536212,0.026851037395608415,0.07363467493362205,0.07190265295623274,0.35802154899570116,0.19497535827276427,0.09261047608318879,0.328621328994114,0.16255382974135235,0.2390107978348155,0.16071075261872958,0.4277717871340297,0.09113643626773676,0.1696114666416889,0.2199957166192281,0.16733800512209135,0.17359652022243688
0.28213642683473295,0.22418544942811944,0.14547603659741679,0.15552581120672337,0.2351101379198494,0.03173402747968832,0.20424809635772762,0.2591733733381104,0.15333696177746356,0.11754169491608962,0.08621829275868438,0.09056731761884103,0.16588013499319318,0.1041946278790224,0.09050643994912003,0.2127251599108792,0.02617708332880001,0.11460070388782415,0.2409840062641866,0.025396136737577645,0.08126626163217412,0.09190829259107393,0.16005210761410749,0.3107470215977972,0.02000398528318765,0.1614531271789887,0.13559117952313268,0.13883666719965676,0.02484149646142638,0.4170124679488204,0.044021035260973916,0.06452668922923122,0.07226312935276685,0.3401469187632565,0.20836830759079816,0.1273192366064212,0.2030115960480109,0.16743482491220968,0.1651035101680906,0.15901316522068987,0.3259103262651357,0.10055348082698677,0.11421593174543716,0.13717699258655172,0.12267871123029736,0.18640223299391492
0.2945468791548114,0.18118598123735155,0.1308885732417941,0.15529632741442145,0.26804075733706745,0.04966173196895654,0.20893116683278645,0.3266250161836048,0.14887512256917732,0.14416843915284308,0.10463167807014426,0.09285505377196573,0.11932505276847272,0.02952134334178691,0.09926797731728343,0.18372739297049678,0.025933936825750622,0.1773019901431366,0.32158452408401056,0.08240013276559716,0.04064641641544511,0.09065635226602468,0.15363257929537893,0.25763948875358955,0.03034033689747674,0.17781248720465553,0.14642563011295143,0.09640213084446334,0.051488599760593654,0.4968009812623092,0.08354513910586109,0.07223553629573196,0.08918549280599528,0.36488903910518106,0.15822763573566687,0.10744742923714548,0.20197254708147327,0.2194840582494093,0.21455421063025726,0.135658253449367,0.27175180653645004,0.07432352770188191,0.1259733915331596,0.22750774860224207,0.08811757085801802,0.12467176234400204
0.28616012179256634,0.2256840233344246,0.1462846129790705,0.13973713679694041,0.25769483873485854,0.052804927070679214,0.2289486256461108,0.2965916204778576,0.1040893536682187,0.12058480616697179,0.08313005474494621,0.09214624270282237,0.10091374323318658,0.030707968400835034,0.09916065549420747,0.16911242919037378,0.06595139464940462,0.15071565633556983,0.3130056952351857,0.03989707984124043,0.03367682406230026,0.10648764387836185,0.15462083455392606,0.2251340420367774,0.025294455087659574,0.15926436574947042,0.14842811503971462,0.14559309606155646,0.04993745410067309,0.42940267101463797,0.05248674341162402,0.08535931145382736,0.1135208147388513,0.3932611621838897,0.13749903117322101,0.0806284622621474,0.22651026517853973,0.3047330993713034,0.19362258452523118,0.21864694409042804,0.28865045574606885,0.0716422201280037,0.1807113430537871,0.14252016603710618,0.13001725786025306,0.1628183520167032
0.4234938504895867,0.19183131121067767,0.2435055720278641,0.20644108325069735,0.2718355511303263,0.10342770837419407,0.31393734569879184,0.2894316860081878,0.17342940326985548,0.1630654833545954,0.1767894220656063,0.10500810468418449,0.10476324282615501,0.07022653662280753,0.13653792627078304,0.2179893734818781,0.10506036422028442,0.19358184837443787,0.34574714090519243,0.12597596833242442,0.12684427055827782,0.14662399827025596,0.263615688643073,0.2629093860776205,0.024511360206335618,0.2744911816852199,0.18376305803633772,0.22640231040561742,0.0820421983528805,0.2247096435284283,0.06643330288121035,0.21314600043082463,0.13516732373203408,0.36623058102445244,0.22356596281336721,0.23925121881724584,0.27139941585364336,0.29913016422923655,0.3103479008311175,0.265159208934856,0.42972362972446637,0.09363428710548992,0.24898228250352686,0.22797668440545013,0.3390846153640089,0.21440439332056044
0.7349637663349444,0.32586419612755796,0.34969218503309596,0.35980814923547083,0.3059907281305796,0.2621970495629264,0.47329261053218896,0.4250778736051358,0.30056551860318753,0.27741119124344105,0.2914388156998961,0.21427212179908908,0.23274529767247612,0.4158993200633713,0.33256640947232496,0.3830841730094528,0.27513693343009166,0.3894938232607478,0.43835163623649326,0.25796134203482,0.3560072643323631,0.2609730954457557,0.4460727938160775,0.35823200074501993,0.10670838209490058,0.39010467077586874,0.3155940435514102,0.37467682819271364,0.22818813221935708,0.24249311535334403,0.13130205823455307,0.6521184467457779,0.33978416560805824,0.5058285898587173,0.4303583481051647,0.28390218040968657,0.3833411935657785,0.44745779789842455,0.5587546788602672,0.3788151533605762,0.3166707962130063,0.2267098442001405,0.300311666261196,0.468068177259013,0.23083340777114736,0.2489297811621775
0.6729521813000238,0.4429496252290164,0.38677422727691435,0.37064052842964107,0.28730432107355697,0.5328275983214298,0.4837125685001711,0.477035807213354,0.3354167855936826,0.6233937777876614,0.3788828529794237,0.19563512081109663,0.2710509926968665,0.39133263707759575,0.546485194280047,0.5593431710180948,0.4201925743955285,0.41657437553227267,0.4888062867829564,0.2799445132878554,0.4314849160766731,0.4511276289127036,0.6208924395650155,0.39945661140099764,0.46527304727028135,0.4432223778359322,0.2699350835578237,0.47399556517921015,0.5106644540845025,0.2932895601808172,0.19073932377636824,0.6120065868093161,0.43717062428953996,0.47024925821908486,0.4381661234103171,0.3676360437758936,0.3950040430117918,0.5067712078256575,0.6981888772338974,0.5233087495117696,0.40409433366219555,0.2774072248738507,0.4956161244564295,0.39083577042076445,0.20829592076247389,0.23556277645287144
0.5666693639858981,0.4944260134832318,0.2813698819330428,0.3984909508156509,0.28343080650651165,0.7056406332925121,0.4558918729157827,0.5621074617626811,0.34284010819496125,0.7137068938036097,0.5470810704878362,0.2486070558104758,0.23920811290623792,0.3579718547315045,0.7057773930617772,0.5241127501873911,0.3981979846884289,0.47350816876224977,0.4633282079961381,0.24759454888653323,0.48666180803761194,0.4268692431404104,0.6738150886538334,0.3063267706635129,0.6125565051320224,0.38692856320026214,0.30392867934729173,0.530470835272301,0.5057454644978367,0.3713068701110561,0.188648455657494,0.4174636254371932,0.3821068024658234,0.4827821183692141,0.4392768252662916,0.3279450425237104,0.48072291990620225,0.610016769247377,0.539163024468867,0.567697694611983,0.5567335473515215,0.34346594974373845,0.666472655185878,0.41082998311206476,0.2192893758413399,0.22412316461337958
0.5760385912150908,0.5961719990263142,0.3454798657235786,0.38577901750156246,0.294219709468612,0.6690263392653828,0.5142669604840588,0.5797261649726816,0.387353999036353,0.6980341721115457,0.6338892907658468,0.20953742560731453,0.23811769875787123,0.33768723425885827,0.5991636220038884,0.5154596500590996,0.5130425231262552,0.4996039120955499,0.40394913694160706,0.29808160810390827,0.49320718042599976,0.510006354002949,0.7737023769903064,0.3861092880406469,0.7249275398853661,0.6339160749970806,0.3327267725003618,0.366829885301375,0.5673240763599424,0.3121582435216853,0.25755383622745043,0.40181288589389996,0.4301770696377028,0.5204345432178223,0.40968119062164177,0.32124893158529727,0.45472921443237785,0.6796708309676767,0.6273218744966181,0.6316911452136599,0.5583622877739088,0.3858555258750092,0.6218871788543262,0.4133034453959146,0.28359254015152446,0.33028879986476495
0.6020220814216262,0.5775176628444855,0.3670315663867422,0.4230074161750236,0.2951079129533022,0.5753127914592351,0.545685692351519,0.6626981707362912,0.4204596516437613,0.6545196254084433,0.6329380447796783,0.24102730294145583,0.3558372365207868,0.2534855612583235,0.6778725025471314,0.6630460194830324,0.5973530947386276,0.4723694714491712,0.512174496896002,0.29819889673937816,0.41559063228440235,0.5497195686359729,0.8176888469295331,0.4152340315441128,0.5640865856128772,0.6253291365297083,0.42668552496462364,0.49389867738779647,0.7124450658068945,0.27154856766621954,0.317002765924465,0.4103771977019255,0.41631921235542546,0.5294816872855542,0.3893670679470451,0.228719609570076,0.5216501692249902,0.5996878675790924,0.488859962293352,0.5926112636030143,0.46869834317714604,0.3739832001311876,0.6260270105747454,0.3917753738493483,0.36664306333950736,0.24555125858569127
0.617558021970373,0.6548277674098874,0.34221613803884127,0.462896099622019,0.29387697254078804,0.49733523737329316,0.5638616112298963,0.6633342107786357,0.4542727898811828,0.7575576585846214,0.7355174522842544,0.23048954538386604,0.4486167279463501,0.36487303735903076,0.6859907232999524,0.6346512886635768,0.5285509835958777,0.5506263573874541,0.4459542334371747,0.2630932974955449,0.45559922438633343,0.6289107150343732,0.8168938355945252,0.4718200837871498,0.44989736757643584,0.6157819278034035,0.4613239314257225,0.49435462863893875,0.5072897821138204,0.37103966082740203,0.32597299928354156,0.40138703549145793,0.43552418251362573,0.476601482007663,0.47634728301496854,0.30477806622794407,0.5495746625455755,0.6977700056937491,0.5226236782710425,0.6120615569592093,0.5883496922702989,0.3306908942515943,0.5839201076502037,0.49789862664914913,0.2739005379515729,0.29014395411374894
0.6227842560411536,0.656999066103071,0.3605588119373165,0.4853136070324851,0.30401417751503856,0.5052265292954538,0.6075894489093736,0.7049190768296792,0.3989727647340905,0.8329885144218875,0.8800650019689896,0.26555874496513104,0.4169416134455064,0.4198758737010437,0.6485199526744666,0.6374652792113612,0.5468353361005969,0.5739312565906461,0.5247497611843435,0.2762315611719694,0.5460745657739198,0.6484645217742969,0.8225900601657317,0.4210267931799819,0.5785077435566419,0.7236100244572997,0.40188836888716917,0.39794843073990116,0.5409184046976342,0.27033966219315086,0.2520450980608073,0.39391210506096164,0.37183291652309003,0.40094749743920965,0.5644684441417882,0.34390516932321463,0.5327484463493146,0.732269520990394,0.5023170340867789,0.5791987733704131,0.537772981827765,0.3195952007788593,0.6675458461551923,0.40840930046646096,0.26445336473436254,0.27699906350306247
0.5568845637941137,0.7162680457394952,0.37160725703648306,0.4109954132189235,0.3295452141330041,0.5828662914962294,0.5422960425122438,0.6442719931800338,0.45316623408341594,0.8700213873806193,0.7546047163164719,0.2453880540323102,0.3693042842431344,0.572535273047164,0.6813551539383942,0.6828483832009818,0.5069483880205099,0.5896553404813005,0.4301025009721718,0.24491061809021983,0.544807060413296,0.5655280413934365,0.7524763720434786,0.5160440614425741,0.5640381238002562,0.8202557419591877,0.3825408190974785,0.4624628235032312,0.7662192968550489,0.25434511718883157,0.24058867805013276,0.3907265387728468,0.43272835058140013,0.3840540583826913,0.5968411439063789,0.337973038709377,0.5397200515747291,0.7684982058997177,0.5001527400272613,0.5911245682761345,0.495125178044788,0.38062674926698786,0.7775650521320857,0.4494305431313179,0.28286291189422946,0.29649587663664545
0.6317358091353694,0.727149266333928,0.34148084844201093,0.4200124018840583,0.33545824001745606,0.5229389001561695,0.6887912503753274,0.5879402126713843,0.4832048154498406,0.867384315460868,0.5887311045808848,0.2498037442174885,0.40223655985708906,0.5075517346790404,0.7040019867867638,0.5695054601220475,0.5569570742748784,0.6822690639037974,0.586211795665929,0.36367642878069295,0.5228604029775156,0.5454009389056979,0.7803223756973522,0.40185454408994176,0.5230552456010361,0.7684349670634997,0.33127059078910603,0.5989075806707713,0.8699178357479999,0.3456532539514285,0.257094740115679,0.4688675855074339,0.5247587078976969,0.4844480476690651,0.5323599299904361,0.6724569985899692,0.5240841074627787,0.7736401463775656,0.7083758856813795,0.5771892035350286,0.4616754035918819,0.3497547565805429,0.7498740400116399,0.5058792148240877,0.25911628638461887,0.32337601043094105
0.7811022419602109,0.6876765434424943,0.3578220882343083,0.5047830857681226,0.4050777990045279,0.46390630208276795,0.6851323176303175,0.666464742861345,0.6038673938548264,0.7644036186108634,0.5452585514930679,0.2414562139404969,0.420880414039286,0.637608311004676,0.7892711331912983,0.6695710843663101,0.7332224492927326,0.6818682330880409,0.7290723043847112,0.4010663608004098,0.6219763215019355,0.5498430820636124,0.6051190259051411,0.4447365928353797,0.46178804347699287,0.8557043787342283,0.4218995629857401,0.5260551351741382,0.6805122331899213,0.5492528329990758,0.2573578461217971,0.6544063531300455,0.5488927014034787,0.6047696982415143,0.679190150892651,0.4637374834601113,0.6479316195070983,0.7492523922997091,0.718106762795262,0.6910247155518142,0.6117608267163515,0.3670623551575119,0.7368402919380282,0.581950183069801,0.42442537486778315,0.3395948398276457
0.7731969735615009,0.7113213694689039,0.49384330774972757,0.577948844256779,0.47871549535163527,0.3855829359291798,0.6918996806397844,0.7243574838862825,0.6802845654416122,0.5546782307057109,0.37886687475336317,0.29890484357309477,0.4849065826490978,0.6459214382380194,0.6211377588790795,0.8388814370818682,0.7021381968888483,0.6844313681705125,0.7006902442211782,0.29963019667646634,0.642428981839996,0.5272922438106884,0.5594598097579067,0.529835174096093,0.4026228503858269,0.8501608102167916,0.5118775019670683,0.47498194359925205,0.5411534865158673,0.5007965685826994,0.4873953654072843,0.6598630015645119,0.4774651186230595,0.7808873709943635,0.6826248431816183,0.4079161114277374,0.7011605093759559,0.7381177532419629,0.6361859984357473,0.5987995856979283,0.598444362879651,0.3020179595607839,0.5817641633830495,0.6193634356229181,0.5129438029753546,0.4362514386041368
0.762983257571377,0.6782854711403941,0.6367641557543827,0.582551857790175,0.5552395992522035,0.3841069011795128,0.6961998943724362,0.7277476864595809,0.7079843364420076,0.4372641064029812,0.4062776554121992,0.29504300083499574,0.5582640931299068,0.4256107412202826,0.4237192224325217,0.69620047873458,0.6444231097210884,0.5471919558545567,0.7742497476299844,0.26299599533950785,0.35527544930089744,0.6311487095082705,0.432597360777102,0.47661669505643867,0.4421763325558175,0.7572307680239256,0.5870744106460581,0.43197353453489806,0.29210506096232325,0.5683499743161734,0.4744382458063366,0.428859013196245,0.3190731309076372,0.7990525448498655,0.6365696866155741,0.3945309057498776,0.7666586593186425,0.6499721579577777,0.6109293925852404,0.43500052350836727,0.6292051812616821,0.26892718896563256,0.4138742601559141,0.4084056712573931,0.5926222760917554,0.4393001885562451
0.7848483171683049,0.7754858315929739,0.5961552651081433,0.541781904484909,0.569732537474192,0.4292840140296482,0.6721183725553743,0.688898683187325,0.7014767147598263,0.4261997786390937,0.3974722953613599,0.33568141777134125,0.5903167258031442,0.5648656296372867,0.43604562664676594,0.6564757327442431,0.6411653258341157,0.6024143114467165,0.8230022464472727,0.26186365218210944,0.3043098436234239,0.6103566757051267,0.40910396001943633,0.5196967576004433,0.4342822494822609,0.6534201065546139,0.5826360521972926,0.3470634175303486,0.23394926276394284,0.55861389364863,0.4625500107799183,0.3476926853577741,0.319306751050994,0.8078920893367625,0.7243197187712591,0.48985484268428864,0.6890884549993928,0.6927056886696523,0.6332124562697499,0.4899890363522002,0.6712413608216863,0.2879740451022077,0.4495386410048783,0.6249049147402912,0.5359937959706091,0.51207785953023
0.8759664169165371,0.6825168207371539,0.48313530853083947,0.4924697070936302,0.5814273720414093,0.3980839573647486,0.7083756642159084,0.6887384825118454,0.5561192428423125,0.3604139307281783,0.37954379523136433,0.4441772404219754,0.6088673164128154,0.41264011273711293,0.4418825945642425,0.6155569279250547,0.4479718552902837,0.5722319705163036,0.8024656251321686,0.22307287914746773,0.3505878640644138,0.5243378827133143,0.33723629199622784,0.5522300124001364,0.3334659016716472,0.5859171581644861,0.5808739431430611,0.3499792089812158,0.1755327645223962,0.7487556788582138,0.3052840449366791,0.35566729154109245,0.2659476748465164,0.7847972062446902,0.7895625667603234,0.74800409137283,0.6486679951443276,0.7257984062064602,0.6260092961757169,0.41892725427373734,0.5161056588930987,0.25478040016340897,0.46045254064040586,0.834364365064305,0.6291164436585273,0.4694038516062994
0.8203265566752433,0.5948031673898136,0.5103633745228426,0.4870446972288682,0.5430122836119804,0.3127653375340453,0.6011581768529114,0.6060842195028352,0.48413718835457187,0.29661211718099895,0.34112310578033883,0.18190917695103187,0.600199142558385,0.3569283351095358,0.36283565340053325,0.5772396129879002,0.2658723003182455,0.6924189958588134,0.7305595135149011,0.15834674291417378,0.27430469090398674,0.3965925843876841,0.30537386278689893,0.4766998124875589,0.3261967212857388,0.5717159073974243,0.5437856143244033,0.3335387694502846,0.14548284478251503,0.6996302839583212,0.22324168865166036,0.2885030990330527,0.24455315634311764,0.9445657317748494,0.827435914897759,0.30812238006158166,0.619344066347546,0.5737240960791306,0.54211062759946,0.29384605378649453,0.6389917596770585,0.24098968058075432,0.43392019641627005,0.45310526283847163,0.5657443648698746,0.422415212801918
0.7642066297225635,0.6185321796113727,0.46293174509033297,0.47206504307062697,0.5158214387357616,0.21414437854772794,0.5852045874831351,0.5988191161756365,0.40547150150487943,0.26685900311789723,0.3054219174201674,0.15901768285862916,0.5075044988057356,0.3385830937436342,0.3290114145539005,0.5485658234835404,0.1587696872629394,0.5717491024741979,0.7850592986135424,0.09337447811544397,0.2179445161187356,0.31350806258558855,0.3233978733911312,0.4024633929288627,0.20686594342009149,0.5712231956620584,0.4485740649363433,0.3656252238970856,0.12526731447958214,0.7575011948883429,0.12868154668127782,0.24804375736169712,0.2162107856426155,0.8415740610900188,0.6274518921749792,0.2858302111613448,0.6425221994832702,0.4589990408935637,0.4770130316776629,0.2955431029309846,0.43807326739617475,0.23073070600024276,0.29170255167118947,0.3933036791832206,0.4864249782606794,0.3666498820017966
0.6394378653353687,0.49625100063192684,0.3590833015806274,0.3640555001231116,0.4630302033730591,0.1255395860613533,0.5005220199225471,0.5180666623127297,0.3089750292606021,0.16061565274623102,0.27004608343259706,0.14831808469553825,0.32855402731680755,0.3694759212485005,0.228445101743203,0.5073353283143686,0.1610325551856314,0.5407581595658145,0.5446047169919633,0.09617237176046961,0.15165047585963076,0.24464979194423347,0.23049736886691963,0.38499575026667754,0.11704948316462466,0.43199459463269574,0.3559968167959776,0.3200986858969875,0.10125537849564026,0.6555473467231714,0.14084798867181628,0.2306973175902556,0.16401036666615304,0.7893258246197631,0.5744126368123803,0.17964888993018294,0.5456780054121018,0.3769375539799644,0.42406412045612996,0.2896165787095345,0.4814458106631116,0.18905814443996638,0.27457993059901487,0.35228373539626123,0.40698240308518735,0.31822311419345334
0.48026851053933345,0.38686989311482706,0.289296209806434,0.3670691046250535,0.3977907857267595,0.09993203534516523,0.43200820234644594,0.46636566644424554,0.2787668897492813,0.15043985884570135,0.16423639485734579,0.12288065557763718,0.27952426247637563,0.14978406123629617,0.20398370223145987,0.4327908237460867,0.1299353159910006,0.4611581077187803,0.5293697119480956,0.06123397957178831,0.10027569086986388,0.20072103466025754,0.20715954344036858,0.44636488214629433,0.07930305366322629,0.36222274268719346,0.3056959332706073,0.2335343217991549,0.09849405283998162,0.680345074380781,0.11272891216550116,0.18599929402287832,0.12294487781222622,0.5499125700915929,0.5155400779958106,0.16745770418300673,0.4226977693867265,0.30621785188133693,0.261615177575911,0.27764167481266316,0.4357629121128271,0.18173458950595328,0.2529561465619687,0.2815773669333218,0.30440132138734033,0.26001894052123675
0.3941481047377424,0.2607806102844178,0.22536860753724,0.2908671974729807,0.31206840347287723,0.088400805201827,0.3256295173709131,0.374290159280266,0.2416953317441385,0.11877006685562921,0.1634122832627074,0.10695247495712726,0.2847210171872867,0.15010159769916886,0.17485836024849907,0.31768147751852693,0.11803665756956136,0.29313044083336975,0.41249088175729387,0.06954915945240309,0.10110630669703144,0.17364683401550227,0.14110794238608299,0.2835448749440375,0.04412814325610215,0.21609969633386542,0.16315712368460328,0.20938551402498196,0.0735717621580094,0.6197197885984408,0.0362581018316134,0.13676956924163486,0.15224049788061775,0.4669351980589876,0.3599873977482833,0.1630393705277169,0.3167761849959927,0.22511165708755293,0.2203374791443392,0.2429543809329132,0.4011714354714389,0.1739883792018021,0.19494618534464173,0.17012782117803454,0.16176922288403967,0.221307299268837
0.34378238321873433,0.22229293667906935,0.15688106167997232,0.23750215609617525,0.3168205528723157,0.09905556222271229,0.27703361547168914,0.38357216945529304,0.19251088656443457,0.09952281629963253,0.12926223920955557,0.10053638146588911,0.21984356072840425,0.04276767887236241,0.12225749575153502,0.252303006131934,0.0694481325789107,0.22545411201271998,0.3016040461219429,0.09703091849512038,0.08695920681280064,0.14604520717190686,0.19942320898986365,0.19718479570383748,0.01667769497675685,0.2918011677459612,0.1585808884295849,0.14601934067092165,0.04821383510829558,0.43343895018868966,0.033475626360291284,0.11193483229408985,0.10932739547507213,0.39004315507871845,0.26763208946082656,0.11676778104618107,0.25430460918732867,0.20529395909303566,0.1671745377726791,0.1816287513198377,0.3103755568928845,0.15042979530993944,0.18263386575990337,0.19704165276646135,0.23127931650590206,0.15704147881361466
0.31280556268714615,0.16546382810835025,0.16211827647797158,0.21046777413815326,0.2677880589128879,0.06896530434901027,0.20072374933571968,0.37928720719207526,0.15255386791731151,0.11368253051914476,0.12124318267477721,0.08417700726172368,0.14736683649433382,0.1051585797446169,0.08898222630091018,0.2018953318406989,0.0837877150307272,0.2539894216153777,0.3203007817508295,0.0727731223650305,0.080250529446805,0.10794566816933421,0.1828173008186092,0.24186443740581004,0.03453402142995565,0.24823083915832514,0.09487018321289334,0.176286630518729,0.07145389324314609,0.31347664825950244,0.046844848387254535,0.13448507705235288,0.10013209468463592,0.3757445203613561,0.19511950288955807,0.09959678790117354,0.25327699897184885,0.12145504758360702,0.16410802555968362,0.1711540587201132,0.274386682506415,0.12734499889353335,0.12032089846219425,0.16214358257897604,0.15923434664466873,0.1397186944593272
0.32396989547148924,0.1460829819861243,0.17992100871582015,0.19117145713363265,0.23139809468037872,0.05878560325276305,0.22895853813040723,0.3062136305882179,0.11757671438020757,0.08289120278376491,0.05931526138434033,0.0768238641417009,0.163186916061143,0.09013348449588215,0.11094593510215614,0.25340484878028,0.10879096909577857,0.2247170423708495,0.34000616305466214,0.08018558860898681,0.0548327500437109,0.09041894693999426,0.17532980213817462,0.1547220858312199,0.020709668613832194,0.3519498058228461,0.10060038601939433,0.12887415901201066,0.04963558587932676,0.3721338273016926,0.04448215586560005,0.09098184814351276,0.07932814748430336,0.38176085495171597,0.12952165503165117,0.08635822187376244,0.28135120817409187,0.08708380304053402,0.1832084776621148,0.17606733295101762,0.34477579898248445,0.0959282921807259,0.1957507720662476,0.16831881102787302,0.21769969198618105,0.15146879787317924
0.29401784396531905,0.15306402298140354,0.18103086890983883,0.17378546483228055,0.2560431875704624,0.07523270280407253,0.2844345267622785,0.290889303590873,0.12360178579435975,0.07852775811739154,0.14036264297887519,0.06990764793793873,0.21307785387540193,0.04231896177075847,0.0825725222720024,0.24987546666913152,0.009845605643720324,0.21562298081697867,0.34764265891019885,0.046165455157637016,0.06610388845537862,0.09451069204817443,0.16524407437147498,0.1847345210696824,0.019362059103183747,0.4082691900665316,0.10448683286462415,0.13319627895174935,0.06361230769122311,0.4101119363232155,0.051775987752173604,0.13421955137226585,0.11813032175917233,0.3205756535281941,0.23013509625512002,0.09922760586629709,0.19833261134578206,0.12947768617982708,0.13719665205487375,0.16965808432897492,0.250603638016278,0.1509616173561822,0.19967382768141975,0.20156444854325217,0.1805945363358854,0.16195644679510196
0.4676233019530741,0.24365824812624876,0.22916996883658042,0.2001784785488371,0.30521560478371723,0.10356855879302361,0.35294854890593624,0.3689870781012272,0.16762979093747515,0.13775160233726147,0.2109937779843158,0.09920217706650071,0.13770375365207957,0.13938693398938817,0.12783022557863993,0.271915434482873,0.12001156247934006,0.2739932755354598,0.3567857914728985,0.1042042502468297,0.11999202307701354,0.17020591982153674,0.2816028101132406,0.2366987008616785,0.04930042303259617,0.42209729029315957,0.18787053159853973,0.17844193404444553,0.09372418263187923,0.2793678525941656,0.057842858370464746,0.21731735641330965,0.1511676650908759,0.43821897356162076,0.2857532162924817,0.16296971111757835,0.2610457647340592,0.13297833273706539,0.21079590067816822,0.22096749759022058,0.34415808048595825,0.1499408007428948,0.23085766825392054,0.22496060609107768,0.3589464819660361,0.17777772520088783
0.7340533331784276,0.34343372351498985,0.3654717753350601,0.3194349087158187,0.33145837836428715,0.3103456983429149,0.5289588139760203,0.4193383818540238,0.2932098238018406,0.30749435823872584,0.2536675656479819,0.18623029777021963,0.24416969396947982,0.34135763708162653,0.29571648722335786,0.46309738246892795,0.3046540410900486,0.42653588133789894,0.482418241085194,0.2388045715646729,0.3477215411373132,0.27150669803724464,0.47273501912373456,0.2580426702122352,0.13567140243901382,0.4136191276007508,0.29553523963677314,0.2923114373570297,0.2560626168807431,0.3665446581635616,0.15744873876375656,0.7009821936886167,0.38253724459775046,0.4819425929083418,0.5085020365943665,0.3768655243658493,0.3190889767407247,0.4272000674205372,0.477265929721666,0.4262508857273932,0.28349575625154083,0.2449665963531939,0.34117404868513623,0.42734037654847085,0.34962264341590316,0.2655267880182139
0.6660610644470274,0.4958186513109005,0.3412843965173601,0.34438648899462965,0.3163143035208942,0.5348132134654946,0.5247147253569188,0.4314668851583355,0.3188933955061518,0.5490588832711459,0.3996776345769265,0.17955958990313894,0.2092853547533517,0.42842560477159625,0.5774437752586687,0.5309633702887846,0.42849001338295145,0.5464515246321886,0.3975335167170789,0.26761885936483126,0.5431263934649521,0.4403462803039573,0.6658399237366475,0.31145559434034026,0.44100384701469064,0.40903112830430366,0.2816729140774196,0.4882209480959694,0.6306560880427927,0.4482779460797729,0.217014926919001,0.8039627109404841,0.38850091275823107,0.44700518310226944,0.5521301622153201,0.43703938417148885,0.4327263909577445,0.7037853644546532,0.6916860825471809,0.6358667021206875,0.34311121451251453,0.376074983151389,0.5090150741420697,0.4664931113535387,0.31588425217299554,0.20384882982188063
0.5790701957894113,0.43731481414965484,0.36735759331335766,0.42047867254583915,0.3013449792299059,0.7693480285832641,0.4928895705123624,0.5475417480159154,0.3766620492643576,0.6422685169860867,0.5977371321029802,0.24820250102815142,0.2227506850249554,0.6532053826185249,0.6582526820966701,0.5357915052673771,0.5170871902414428,0.5413819213831655,0.42620125714785223,0.2949224937700719,0.5560843205448571,0.4789888463977666,0.6621461628402371,0.3225140983010593,0.6983466282860283,0.47317163649121896,0.30789082172752824,0.46946332622848974,0.753027535699769,0.31349081062152817,0.2395104516420982,0.4538038557095406,0.42786337867738766,0.4870612274462605,0.46126729350775386,0.37565369701179635,0.49816720014521804,0.6875117939006324,0.5888194573202701,0.5596455629385584,0.4094144923517506,0.3965662961396045,0.6038154952539628,0.47220646331761734,0.3498607566069087,0.21827553846182723
0.556703348369716,0.4870886046076567,0.389753222376858,0.4615314565216972,0.3163482100052073,0.9090142725651271,0.48372265045628293,0.5989148856514369,0.44812576182479535,0.7708518108514341,0.7697051359780559,0.25427407755060777,0.32548558745891215,0.2990105678416482,0.7062008098622434,0.5731360362566381,0.4956763737147732,0.5843502524543427,0.4372335064086988,0.3440503904845024,0.6168548757649622,0.5333923615223048,0.8132563295422072,0.34530566626579384,0.6531901861246445,0.40339679210256985,0.3246325184581543,0.3991789258234366,0.777705706851424,0.438311134012998,0.2536362475824837,0.4556167708293267,0.4276951220087122,0.48622312647292926,0.44696553005853096,0.33751061844031793,0.48588023123222296,0.6713002146194111,0.5357829682057825,0.6252571618714556,0.501913407732494,0.44349358378951464,0.5889024947183417,0.4382811437965975,0.4281532377104775,0.2738839405646887
0.5774309377430054,0.6564515877749756,0.3699976627548135,0.4882463371576106,0.35231240142081166,0.6598653357670599,0.5130190681885577,0.5612390900155351,0.5231965984463633,0.720120103656007,0.5764906520833893,0.2785422388823224,0.3549592675228293,0.2895754382380074,0.568141525370546,0.6584859182929584,0.6116989664618698,0.5728559278543632,0.4049209166764252,0.30638101217355623,0.5490336696695318,0.6065780739583666,0.9409624760980645,0.34607307196356063,0.5530072226042009,0.4626848802182315,0.3958290639889708,0.4601793499948398,0.8896897053962668,0.3808449565441938,0.35043478376518505,0.45314009496243046,0.48397877469419703,0.5253048951073781,0.5267267123888832,0.33982235911411884,0.5409891550726037,0.6517614803681805,0.4896793854405543,0.660503416679526,0.3536386075928399,0.45877549356055713,0.5878165348128489,0.4142533214355756,0.3909556449494915,0.2500522497598513
0.6443384214408934,0.671839948619024,0.4439779914402557,0.4848210139616083,0.34574828522756096,0.5338123263124469,0.5618651774740258,0.5491314691829707,0.5568730220544172,0.7557499631328718,0.6213008194405567,0.30834995386441544,0.3498064671591627,0.46602677990895885,0.622679051051461,0.6003599618810539,0.5447632828268318,0.6662155630025358,0.485037360225472,0.25724292401274723,0.5597346755555559,0.7507260310383232,0.7578858261542059,0.38743610118963423,0.4049980127772766,0.47068383753756327,0.413278506493551,0.513625569315678,0.5610506374770492,0.41572305202876836,0.3710117620451453,0.4603293652080723,0.4990742295941617,0.533258154037433,0.5239991718854605,0.3466806148535412,0.5867667998763451,0.7586056552893045,0.4665665131322016,0.6920123455591966,0.49137387627930756,0.492029722630336,0.5424763632478732,0.4325586427534426,0.4276870464554687,0.3119272793725546
0.6193736200452501,0.5842056406476961,0.40891002353813377,0.44380157283406824,0.3038290063385207,0.6523059124228652,0.5711291143313115,0.5657607363595549,0.5121915121129262,0.8673968275524995,0.8564359382489594,0.3633854407050841,0.47721675397199914,0.5672650053297783,0.6899612221041891,0.686447659011111,0.48641667174983333,0.6410627471982346,0.46640989109589487,0.2598027297450291,0.544463503135792,0.808535066991334,0.6509467637048822,0.3752172981954482,0.39832667572172104,0.736162607231904,0.410449959372555,0.45126559393945587,0.47711294663579323,0.3251424616529764,0.2767811905392463,0.4682228299937139,0.4728634989535721,0.5023970492438143,0.5384914564906528,0.3892884512748981,0.4937984745630191,0.7092497896228289,0.50234105966878,0.6498072278479089,0.38897208001311107,0.4730715272480311,0.5175568745333471,0.48682998604491595,0.38597414488191223,0.2587429917313972
0.5858914884393893,0.6699773205869904,0.40623669846109983,0.4630614554069942,0.32033161202182114,0.5916558972820579,0.6125747294276268,0.5427889539910726,0.6200697229945279,0.9131178053352781,0.9108579009961659,0.33051681595453625,0.3813382656517351,0.5647934095147573,0.8229850020488878,0.6199283530161667,0.48974508919203136,0.6367320631098926,0.534645405892041,0.35597741101917324,0.5706731232550508,0.661219490036975,0.7335945339963034,0.5161001992524253,0.5067252351696635,0.7638753826459351,0.36082033646505857,0.5080332340123254,0.5121776738173264,0.36531472959803585,0.3113514645405904,0.40746143545606084,0.4552700402109529,0.4919701443591122,0.5478862726633212,0.38798499351547533,0.5333910577116249,0.8359667206270015,0.5395045960751121,0.5770611500363216,0.40325776219349224,0.49512932495215395,0.7730091456779165,0.38195570737765333,0.41479459974796723,0.2985743612163761
0.6411119751168909,0.6612456432223515,0.3751866026660728,0.4309143793028664,0.36269818357945416,0.6282737787349513,0.7249731830391785,0.612939286747676,0.6188250780127226,0.8072755219578005,0.6747724530026943,0.3157011034993615,0.4109891891563536,0.5265147575811135,0.912610227992652,0.6425312065573864,0.6002521417402039,0.62835360517567,0.5848591135933553,0.2628068843791382,0.5492121408482373,0.6028101555284585,0.6865907694455758,0.4621393663269171,0.5386720995232912,0.7355760157038194,0.3451922087993519,0.45510911402577614,0.5353615896818915,0.562777221351324,0.2923403649199268,0.4951969336099995,0.4909013418647642,0.5058178160821128,0.5642173337813153,0.7571089523556382,0.5959585754662162,0.8378933024512897,0.6931585606858717,0.6347789973439186,0.5681759397012238,0.3833281932209351,0.6928860202602418,0.4144525692676864,0.3777144578649523,0.32771110288375177
0.7616943705860101,0.7359275771291218,0.334504597641831,0.4772544988813968,0.40280448231130916,0.5260486637158033,0.6964803054065904,0.60018678469975,0.656554105323056,0.7481414977663241,0.5414057531926517,0.35200180434702505,0.43255822906410674,0.6385535191214455,0.9413433461264947,0.6856968190713786,0.5645136663304668,0.6763713343872924,0.7546004318941145,0.36526832512008933,0.6711877015502464,0.6165772161733079,0.6019074762953199,0.43502805979883574,0.4264536376008071,0.6274781948805751,0.5051040634352565,0.5228915649284931,0.5855835622358125,0.49620446720257216,0.3580142980096036,0.6739519683141004,0.6046465626555713,0.5928433798267734,0.6727712579574258,0.49759023789044116,0.7104750669115428,0.8051860769367273,0.7564389433819428,0.7079693227613585,0.6037381694969275,0.3581846722825722,0.5829972606214663,0.5808804464746351,0.4964227154244761,0.33622337921340456
0.8049423012276103,0.7830323677253193,0.5030827629790645,0.6545550459902542,0.5172615139720671,0.3606308811294481,0.6885721509930197,0.8008632845986702,0.7275957563364881,0.5612424119620688,0.44533132791971924,0.3263836642297256,0.5794350829789121,0.4767154945747168,0.6520372995029425,0.7837288497457179,0.5838976009969076,0.5923723724848066,0.6662615228989998,0.2903477585992506,0.7261002467696801,0.5488921401851736,0.6082560960825136,0.5104769270355003,0.37821733954775505,0.591150720189846,0.5961278649502959,0.6120718588414775,0.48849588470865735,0.5527996380792238,0.524953612165396,0.6761105246260933,0.4780920029157224,0.7186905222842025,0.656408514781106,0.44758554053549104,0.7486165529483053,0.8019011761943805,0.6147940720213273,0.6480338432364796,0.5621848438424661,0.31920121124769923,0.5087967797331563,0.5162907420953219,0.5635827349745646,0.5380674577291155
0.7769104287473421,0.8412908629986644,0.6640643678956523,0.7027413052187997,0.5787327759452761,0.31567220539592283,0.7195268339957019,0.7993837146906323,0.728263712918728,0.5148431779154722,0.4188248381256702,0.32745292071971327,0.6536098974414764,0.43806313108804645,0.4718979578490877,0.7495647226728172,0.49198389112144686,0.5030785498805841,0.7976938653963267,0.2939009312789194,0.4653585778764664,0.5713464840049094,0.35174138729302146,0.574253358493037,0.39320169241635045,0.6294847826154664,0.5896518422583901,0.5468225754092978,0.3954633694022331,0.666927963168334,0.4782669709663698,0.5255814602851203,0.2989143501380017,0.7778938838821077,0.7189070101123393,0.39740071202057187,0.7382841364575641,0.7849218817415287,0.620649342244598,0.5326081603808089,0.7010007734370209,0.4129425635455176,0.4668613772882683,0.4333265918980431,0.5804397222949877,0.6035129381056636
0.8825373526963974,0.8390869875625466,0.6750497355721835,0.6672753829307788,0.5672201108265534,0.3674969381812111,0.7089592375614954,0.7835538312902346,0.744436237738766,0.49470802661747,0.43711176379731803,0.41561134830283425,0.5580856859214833,0.3411309627279152,0.4406958603015474,0.7259442100900594,0.5653759287250144,0.511969601478659,0.7321725195576748,0.38216236752598637,0.43590329364788843,0.635952391780732,0.3482987736579996,0.5203514075458309,0.452524392903495,0.5861438681912903,0.6457263710208243,0.5220169761171748,0.3339863424610578,0.7088670132892021,0.3667246969207099,0.3904172396035286,0.3221553910838566,0.8380433920891435,0.7658051534406326,0.5266077149483794,0.7816663925239941,0.7577688612104728,0.6410967469664587,0.5355809113511985,0.7909274903970459,0.37910001646156083,0.45848413912906644,0.685551572544814,0.41724466421455025,0.5410171581005956
0.9228942163227378,0.7301546719882379,0.5455371816136949,0.6075450574378549,0.6190330257468832,0.3208319850127473,0.6994207654487405,0.6770465046975037,0.5478865146304349,0.41873517937587984,0.42242938482669146,0.4966365553194911,0.5289110543416342,0.4806309890354001,0.5271849094541213,0.6688744775809976,0.3985061967937883,0.6684512892812835,0.7529450038528013,0.23383253022635717,0.3934291762804911,0.5069479403921818,0.34644449070852334,0.5593855350230111,0.4116118116190747,0.5653735529865657,0.5456356822225388,0.43684266326192633,0.2209213017025456,0.833201801967821,0.2563778279724386,0.42657567483677983,0.2887670150448499,0.7828339305268025,0.6916341074675862,0.7522710091353353,0.6359022692251592,0.6952874556602772,0.5826744172581612,0.4234620688939049,0.6761331068924973,0.35758572559434554,0.5127215601109458,0.8471000054634217,0.5093624035099187,0.5048584285285773
0.8810315064778071,0.5973705180526591,0.5143774530692136,0.5123955495885767,0.6130200348128498,0.2586588049323366,0.6443889838669417,0.659807066795102,0.3851898242761686,0.3597839970155863,0.3916251921625275,0.2625607948249373,0.47579732210144854,0.3756985275914222,0.39828226629975727,0.5991068429868032,0.2579462902981978,0.5961286114055331,0.7353507415964491,0.1304914670929455,0.2740102672037549,0.40684124955137574,0.316783058511434,0.5581718422672983,0.3637463552970669,0.5163292059967869,0.47939299053165646,0.4049185060127196,0.1967360293802296,0.840665523298369,0.2131853654101073,0.3039040152973783,0.2200692472275139,0.7633666468713385,0.6945149458941295,0.3963732509097726,0.6042100602161878,0.5746744985796354,0.5807814621937134,0.3501218253650188,0.7131118247926904,0.36716110437132604,0.40067759365506694,0.45048880426325355,0.5439379261728181,0.46463150850782964
0.8431048660776785,0.5828708372178404,0.4804188138346864,0.42144446945243985,0.5796740067443955,0.19900713259357672,0.5545252921437079,0.5441550544152691,0.2818308752140136,0.34702862757341296,0.38426754197697116,0.23038428954379678,0.47834197600085726,0.2643601686237237,0.22803274826488037,0.4720278617098256,0.17947395508620917,0.6383425474318128,0.6631730136530172,0.08891593282935517,0.27578288978536625,0.3373759620199566,0.2629771918346746,0.516301272604554,0.2401664787295168,0.552635541058199,0.39858003628358135,0.25916576528252594,0.11719385871303775,0.8902038783113104,0.15446591276305935,0.23152796177942084,0.2607318182621555,0.7488332801113702,0.7410691455397064,0.3327080338013528,0.5669749885027355,0.4227574790183966,0.5226852629114643,0.295727125662893,0.6138767313564791,0.31032780205518634,0.3479270531518882,0.3158273491806026,0.5711020527828001,0.42438127645425083
0.6771670722365069,0.45106037557462314,0.4107563759785309,0.37034615021384976,0.45471288646316055,0.12590975553644512,0.5340416641057881,0.544664774030106,0.22776182396039116,0.3184009672983311,0.28308247329638864,0.1917334853647394,0.37490127759026354,0.3395164043990953,0.1987480923098718,0.45656050437961504,0.12778151792073514,0.6659668902564031,0.4750397496248719,0.07619638033666534,0.11924927173000924,0.2552404717442745,0.26168297355528974,0.7405735740091025,0.150161318896782,0.4206222496663543,0.36122196653688093,0.21483168209813408,0.09632460385944848,0.6535379413930468,0.08985282439619471,0.18924410389681118,0.22686543862666747,0.5643800219774044,0.681505773972205,0.27698565871335534,0.5185979941963504,0.4001849350082909,0.3365369110029653,0.3191373945847857,0.40532201765494064,0.266721274271576,0.3222248570206733,0.30540322816496424,0.4779809533005795,0.31169714762632467
0.5144472101524498,0.39194248014339117,0.30834664208407286,0.29483372068871216,0.3797959903727085,0.11007210156240323,0.4080740241243842,0.6141823849093627,0.18162091015825868,0.20256065504279383,0.19165671270494844,0.1778310427730945,0.2533099660082658,0.15514532073371007,0.16125802739426373,0.35943180879097386,0.15768341884844966,0.5804992053993238,0.3618668204067037,0.0843051834564296,0.15900115940461182,0.19963988763667964,0.19255531801244374,0.5625380893406847,0.051505278091609555,0.38986146106412933,0.29058899766067076,0.28979602020806305,0.10592282086321314,0.6400696984709525,0.09452336915144527,0.17868787018059665,0.1279699858784653,0.5624833028206443,0.6094312795037591,0.19525865019530111,0.4663130201211562,0.3595138175827447,0.2664001482023377,0.27848685011711616,0.42620359517955114,0.2559875031636518,0.2762367017260922,0.2259194601594037,0.21205570744429475,0.3007642781928595
0.3573003264233589,0.3414370405419072,0.23205610213502642,0.24659668513020938,0.3301256796703429,0.0759123631480995,0.3668384957039257,0.4825421114595679,0.1410930243000011,0.1515556051854645,0.1380000583283198,0.14940061608942692,0.15654139122356409,0.05074624203717212,0.13632261546981445,0.30477702322997724,0.1380779719524149,0.4032334771197337,0.3039744845623242,0.053053776406388746,0.0658289304613287,0.21665179600771733,0.2216354008184931,0.3722479859749433,0.03703965863800186,0.2124178691019443,0.24355720794148097,0.16854554892868678,0.07674297029165617,0.503473811353189,0.03361658019455072,0.14381772109080693,0.07037600258028665,0.40113475401255655,0.44011373488726474,0.12262789571246449,0.4050419716457038,0.2887791706176165,0.2446652077047251,0.28889735354290574,0.3796321598961268,0.2066748178546946,0.23667011486505132,0.2111140363663855,0.2301272301955294,0.2338957346509859
0.3203602588334313,0.21862252936576895,0.1871085394557271,0.20660991726299566,0.2850010014055335,0.08119510454212407,0.30058861267369685,0.32630404781183464,0.15800215101957382,0.15973354058084632,0.11057756700284985,0.0892372476468931,0.1380416483605819,0.05849738271583488,0.10083641188865825,0.25729554217934225,0.11564350895767636,0.2233494839237296,0.3316448816491775,0.04449708348335673,0.0873429156337226,0.14181695894840843,0.16191140702187917,0.25186166827113643,0.07370592852270365,0.15627773160482503,0.17309362011142318,0.17786604523872257,0.05298051618363313,0.41629752844218104,0.018436890873346497,0.07182625241532259,0.09655829254867021,0.3271764391116857,0.40954685916028555,0.113264277440526,0.3467960708000611,0.2760104388677266,0.1879295534022664,0.20823420279932262,0.3578977751734495,0.1530778378724149,0.15245410460887968,0.18923916446848393,0.21391981935550353,0.22971585884365892
0.29199536125471626,0.24476301500905873,0.17034850967490806,0.15764315625162917,0.19466679425173544,0.07784663864115252,0.24991686102890492,0.2467932130968789,0.16290051633875793,0.1165575093835039,0.1369970373342525,0.08438310707387145,0.10662735650881752,0.13425945538901357,0.021254139400659025,0.2523712416325996,0.04536057782361318,0.20714560673037946,0.277253748468829,0.07810313171561864,0.0699158529136023,0.10556693021274097,0.11953699585680354,0.31019452892563887,0.06739675131233584,0.1211446781405291,0.15209497550591827,0.09073250239916145,0.04759606908679688,0.2893942046619597,0.055019367298487325,0.0846035994583065,0.09159801040891134,0.31362674287222086,0.3157095909027405,0.08332025405078258,0.23400102844032422,0.18924198672281356,0.14083344636176193,0.23267374270331023,0.29021724699019374,0.15042617190612378,0.11761869028975007,0.1291439184000175,0.30440360199088684,0.23283567613874784
0.300687431087193,0.15433200292184848,0.18494463586580126,0.17399178662011883,0.24246464167155815,0.05320483886629336,0.26354672911333793,0.2966297873381451,0.1626336247243723,0.15018561876248457,0.1137229389282674,0.06501684097231297,0.07419433892392407,0.01172897495569064,0.13628993447218563,0.2509046898252004,0.009762323690081839,0.21538097903636783,0.34658405507380297,0.06729092530233305,0.06738699100906195,0.11288936449786394,0.07931108047917541,0.2744627976751714,0.00748721333645512,0.1655712155623234,0.1516403429637437,0.1686514421654013,0.06682945984336668,0.4008774792993307,0.03439206980730867,0.08065539540470192,0.15131700034076395,0.37622581775244385,0.2554142797755475,0.09292898808370884,0.2705297024257466,0.17685880610156385,0.15654038244033264,0.2309842152799594,0.31074773523335547,0.10181532480836254,0.17159339103324653,0.14085303900065121,0.09078591880498374,0.19638760232262545
0.3091358994180293,0.18964778513933256,0.193334953957598,0.16089774557508632,0.24113503714463283,0.06911326133585816,0.25070858018551323,0.3035565293133624,0.13479231597081018,0.12989548895194078,0.1294624360523145,0.04745849787457816,0.10121035870114625,0.04337509190276545,0.06904804873353734,0.1941964371711037,0.018099805202872046,0.1711809074865776,0.2817982871464438,0.11955166684668248,0.051271707481005256,0.1393153730660129,0.18256917136649087,0.2579325499951313,0.05415686562438156,0.16076423374724433,0.13515508927727496,0.13945177748800075,0.08196380923189524,0.28186488719893327,0.028589607903393127,0.07516751553530633,0.17146828170797265,0.3372596559312152,0.2888875815146053,0.12476477186808785,0.2464572709098372,0.23327205312684718,0.16821301222454949,0.30813081030382866,0.413208199888575,0.13100589155573683,0.15388820848235832,0.18311110596183167,0.19417205902139262,0.19053788533073193
0.46250756815025007,0.2435559851889751,0.2699317014679037,0.22318251799384467,0.27958460555461107,0.09245685225092375,0.3408368507222884,0.36061996185447925,0.15753612823658739,0.17647461538622658,0.1643722002765474,0.0816160546324226,0.16969738984848187,0.08688950895584849,0.10786400778101385,0.19826852237259296,0.113497719059871,0.23002060514254347,0.36724684944096936,0.13785559446693357,0.1265838324822842,0.15837382290277935,0.28001665365963097,0.2977655821462022,0.07350914940592213,0.29757240700263365,0.2071802933474923,0.19025066798245494,0.11868107441938056,0.4156075029043171,0.04758017368215011,0.2049899332685485,0.20106884350704077,0.4171865987069038,0.3599370051419835,0.22561732774059415,0.25804867614951127,0.22082925359771277,0.21012720176374244,0.3628101627594772,0.3021506760036744,0.20599544452460733,0.19028963889529252,0.3098138345092337,0.2554047236598326,0.194747855108271
0.7552259243855106,0.35936716424894377,0.3442390912598402,0.32861373086608064,0.32954414330127224,0.22274069244034678,0.5715347000995058,0.39849538794506545,0.2910659796332306,0.30879962460280597,0.2718558928542996,0.2543264808000824,0.2676240031970329,0.23473438457480006,0.3015509902593476,0.3600234188898584,0.23331510310387357,0.39525509877748366,0.4868516013351955,0.32473219074443727,0.33858259631812043,0.26850709339000167,0.4186543645993928,0.3487696404097282,0.07343972412007001,0.2927713425905011,0.25880699031779325,0.3426950810445271,0.2524402487779545,0.5458065011143992,0.16835585171117307,0.6501727200550709,0.39714446806076886,0.4791243632488486,0.5879587687764258,0.39416614380047293,0.44655261512303196,0.40577743123672677,0.5288613256928162,0.5182877748708972,0.3198593130966067,0.2880494565161596,0.33701580610567755,0.4011793450558095,0.25653485232945733,0.2291655357189598
0.7153788106842828,0.4049405598853134,0.42102941908077623,0.3645731283058397,0.362943113178985,0.5234719528273073,0.6321699481860396,0.5066080334691364,0.3292530989673275,0.5602623834151326,0.3810589440494575,0.17411434935758893,0.2891687693316153,0.4221166777765098,0.5129567484842815,0.5399193087366568,0.36458600194687607,0.4822643736188541,0.5421127522397138,0.3111331397692626,0.5560797882934907,0.43517217157464955,0.6123960781414957,0.4184151214196085,0.3491432188403952,0.39156161420204094,0.2775134002464491,0.35073581587223573,0.46566114660551255,0.572857508521204,0.21710559478053823,0.5804079002516485,0.5129469543998706,0.4219497132650833,0.6053916049412468,0.5008022568714549,0.47822099743243446,0.5933754993222248,0.6464937791103846,0.6046295376498894,0.2934617843223641,0.394675606512229,0.46220212949908485,0.3956025872706849,0.32352658205104107,0.2385357615221923
0.5868174428690863,0.4058826493134758,0.43640866374831394,0.3364798001876476,0.3263306380717229,0.730611655042005,0.5191040922048963,0.5456587352787906,0.2886403633679094,0.6059352834861205,0.5002709333396939,0.18349272158771612,0.35746859046941776,0.31965927069510913,0.6591737962604315,0.5675532689949001,0.3092244576876414,0.4128621303626317,0.48109474694187854,0.2838684884247937,0.4417757153334079,0.43917429744457953,0.569372494346896,0.34761013451019307,0.6167085566213947,0.483142606469412,0.2731521933556558,0.38224681002723065,0.46582225205929567,0.40641972621672134,0.21582526588677486,0.4421970887077261,0.4783016749629435,0.42748043801212504,0.4327290845661506,0.39809105234170367,0.4371815556310053,0.6458327945217888,0.5271237388333622,0.5864649804952403,0.3415516828325172,0.4211628792362131,0.6365163065507948,0.3529929272253252,0.3725916532651376,0.2925753535148493
0.6021355628274521,0.441887711193775,0.43598288234790156,0.3936986010660205,0.34466398942839005,0.6551905162201459,0.5296821470157996,0.6192018997003819,0.2893369298515811,0.6490773129226136,0.5825952245950718,0.21516832408014436,0.34895623039007123,0.279698197779797,0.6607187838741747,0.5282420671733264,0.40184438415944373,0.4542912937503698,0.419991043271246,0.3196425504173357,0.422909176604995,0.48392058048887887,0.6072687125283825,0.18192270980697905,0.7344596078567079,0.6318589570643935,0.2956081365617963,0.3164270715626685,0.6023879260064038,0.5298339455962294,0.2492520495305838,0.4132575120180836,0.5768572561618782,0.43872410271026363,0.4380510536120995,0.3718933752999998,0.4859994175473325,0.6631521537799694,0.4801307826358498,0.5907776214777719,0.4519842061995984,0.4531339082060309,0.5814519383985037,0.39640608490682233,0.31254865669179493,0.2835344840921361
0.5977619973460883,0.46733686022360055,0.4441936236278643,0.44853409707990116,0.40170399492327047,0.6311765251435854,0.5487514421367659,0.6610960502155943,0.3854952133191579,0.6412319568923198,0.586510421442764,0.24244227645290176,0.33660283095184507,0.19437644900287615,0.5765459752970616,0.5517887685688634,0.5303334372769508,0.46071377331489605,0.42723431942116136,0.2967136332137176,0.3657242971784955,0.5043750372163492,0.6314974193652906,0.26803430197065947,0.6495314543332912,0.643179161280185,0.3535368363465734,0.3348773287055283,0.7967811072523237,0.45063295240899004,0.31699783915254104,0.378757839909751,0.4867188396675136,0.501204711017222,0.4567699229815376,0.338134866291598,0.5179391663255566,0.6519045494443271,0.4625996655391466,0.5764110261301361,0.46846982341086346,0.4927906886801378,0.5024557944441765,0.2535485497967648,0.30618806338357873,0.35773847752340504
0.5874674730066359,0.5539758053650151,0.3849783011440519,0.45938979213619474,0.3385914822279622,0.4256727693889912,0.5462615787295964,0.6357014348471121,0.46261882222741624,0.5890150964267392,0.5727563875929973,0.2856899725975016,0.4871629528040541,0.20576221847396547,0.656655067247188,0.6183635707632469,0.5125336186437371,0.5559134375011769,0.430298841058994,0.31083142240936,0.39557287474688707,0.5745421847363779,0.6886137789955787,0.4414011516094449,0.5139668493131979,0.6340593856597906,0.42318862952804315,0.2829361481507778,0.5366688942176882,0.475236217424833,0.30304154017909424,0.41108059410123265,0.4340941062006004,0.533529659253593,0.5715066630353234,0.37112173151633976,0.5425762262064879,0.7943086043080237,0.4058631059438213,0.6443831178284111,0.3792268069930898,0.45693702212368703,0.6014885134043738,0.41356883430841096,0.45756310420283514,0.37077322560158327
0.555463672333129,0.5815196195947163,0.3291438466576225,0.4050539580792926,0.34042617166911926,0.5012662750306625,0.566330799618682,0.6406330798499357,0.42752107804908457,0.6761271807572521,0.7341718782364782,0.26093526163458824,0.4256449040414055,0.3036498657511189,0.6416185556537735,0.6321438984008011,0.5183056892871342,0.5631641333199103,0.4334525167167072,0.2167967288251579,0.44793445907036805,0.5568893866930034,0.6501106811474131,0.371853243922652,0.49829192013567236,0.744193167816701,0.3885634650707611,0.306546769356502,0.5068481557573092,0.3912058394194094,0.2616866470199046,0.45367633518994854,0.45016886495384395,0.45982223873751904,0.4612234189790828,0.34636034234494,0.5077482721632973,0.7580178169832174,0.47022980721426405,0.5149788714914878,0.39876712037750445,0.4748149208412976,0.6643440904877929,0.38828130953648693,0.24688201846727387,0.35817911742562475
0.5192826392873997,0.6005455401871761,0.355435105768089,0.37844275609298106,0.36789089224678395,0.4826937198114443,0.5720614433052897,0.6707856336355775,0.45834835468490925,0.7193616848592655,0.6391564565477539,0.2584022964546559,0.3667644116661738,0.33807205778779165,0.7487963653700012,0.6796837338505812,0.48313217657669955,0.4996691397936215,0.5041439245320072,0.29380764057351283,0.4330699340004224,0.5370085404763524,0.6385230159891133,0.41407264796555326,0.5016458789763674,0.7832443532732475,0.4004228699191433,0.33124301597895506,0.658869086149267,0.36965648028366827,0.2800117378615507,0.40521009576406974,0.49196803638176945,0.48486301102893,0.3344251601626019,0.3955401983209034,0.5278400485814726,0.7165684211448778,0.5338141017882273,0.5204259051296445,0.47885562015877275,0.4336623802665767,0.7072863588295465,0.4650175307002809,0.3487446479438459,0.3532814556555506
0.6370855392045607,0.5614490237059553,0.3495112143279393,0.4343759796651089,0.38746422721376717,0.4815903926069341,0.6762528846420269,0.6063999002903022,0.42984753455823077,0.7669336415659165,0.640110354925201,0.2694455898115498,0.44140110720511333,0.48085688428452583,0.6765505717027597,0.6556235338954314,0.42231897260259177,0.4927164590065234,0.5035950418116004,0.28859041001010677,0.5262074501429652,0.4769744819633275,0.5871011378663031,0.40776334238547257,0.4271285054765234,0.596873045247764,0.37839717441473514,0.3963046771150561,0.720381406540214,0.3676468510882784,0.3064943227990275,0.5022203927344117,0.5674727776359665,0.5036888943120492,0.4774892144666347,0.7713302762471711,0.5264932903655445,0.7588416980764068,0.6688993284591179,0.5314733016546385,0.4328516050732217,0.40405121405838956,0.7198017437511223,0.4524129411457946,0.27972353418532786,0.3414902009229534
0.8771354555126497,0.7407726259502011,0.409251571560798,0.4705911720766958,0.4780794802916799,0.4101456670473219,0.7334352625746875,0.646836984859487,0.5262581564140033,0.7102217747235248,0.555396470880276,0.23322842053715734,0.4659301167484626,0.5489096944490579,0.6982317406563533,0.6921290865525015,0.4719189422247073,0.4876571052221419,0.6277161405037572,0.34326461396602237,0.6340716199195094,0.5781212473231429,0.5837340641348302,0.4657109728649005,0.372987691592316,0.6027232645312149,0.4787782503559526,0.45383863886057285,0.6858967671824301,0.46119142320908013,0.3361864146727721,0.6096601550657177,0.6242053571155786,0.5399870394003704,0.5773529194079857,0.5096904894144175,0.6601105164130594,0.8674886243715805,0.6906023878583776,0.6532454973012942,0.4209913966030318,0.43225720175720295,0.7409681383069343,0.5339315888774853,0.447763639338053,0.3817690123642791
0.8113979586134572,0.7315661550692769,0.45390704077646393,0.5956120135878545,0.5185586623501848,0.38896814850234446,0.7355941628283419,0.7287773918854917,0.727019712717207,0.5273360348593643,0.41792678406397216,0.2887221489216721,0.6872725964704207,0.6864453940162278,0.6561607928165052,0.7665708059827278,0.6766224255740221,0.5974558214803453,0.6254018866685561,0.3065478487710813,0.7140912202792209,0.5226582356419506,0.5291232870925655,0.49049398138701095,0.31779361434288306,0.6902909843624414,0.6162108624169195,0.4841943782473572,0.5081941647782899,0.48608949863546813,0.5456890793023945,0.6744142999712845,0.5003097678830203,0.760040575799795,0.6124667684616683,0.444331518137538,0.7739105750106805,0.8616682788776383,0.6563822911152571,0.5222697197401811,0.6527501151990392,0.35366917719395513,0.5177944408581813,0.6412880208199326,0.8989888164044653,0.4397891784025559
0.786702309959572,0.7343086678340642,0.567925416855323,0.5930743386634416,0.575053652250404,0.3235679759875571,0.754097019367454,0.7498248198271511,0.6424430297158651,0.38255765264931774,0.4466360604171544,0.2952041040192366,0.6297259158503861,0.34849236441223763,0.4095955035403208,0.7879617828637442,0.5639806260012308,0.5620694860492922,0.8074487081529397,0.26181625606419107,0.3194516229299251,0.5463054379352965,0.2956557952272408,0.5334958716318946,0.3506093391953626,0.7268967145977362,0.5971586095633263,0.3967615664771783,0.3174779202545021,0.5672214885145708,0.4687946153836801,0.40107025548473996,0.3625081710918383,0.7516937958069901,0.6796129793007345,0.3965605702273477,0.7314901011723478,0.6760489069307003,0.6492582378104186,0.4660631139029279,0.5400846148269756,0.33453232627458745,0.4682997074960833,0.4971185671571314,0.9360582030644642,0.5156464796934981
0.8164659654787654,0.8575833611178999,0.5120560252490884,0.5111731848429127,0.6153253200461746,0.3575029674144928,0.6580249093274111,0.7856671310034415,0.6607328132266304,0.42274064254031907,0.4455618843022605,0.37095301870794767,0.6554491130016151,0.37916020318915294,0.464437686544663,0.7585286598196479,0.5720397883498827,0.6820130160051988,0.6677642383511474,0.3278140342342534,0.329554174685332,0.5139177866903964,0.3343638991452277,0.48294982277916265,0.42025999624284816,0.649284807831657,0.6471709071200472,0.48986036166696756,0.22490235382959312,0.5085900636576195,0.35394801234674017,0.37575788328362236,0.3514558275002861,0.7595626668490352,0.7442544014628311,0.6216573002281012,0.8396145779380286,0.6660107108811578,0.6257430658885393,0.489823535111028,0.6577155965714488,0.37244320865191344,0.5994460944239914,0.7313993133534678,0.6017224899528841,0.5080717935607726
0.7849207206758779,0.7230646627994054,0.5624964883327218,0.4801155194169178,0.659122214372234,0.30081258918336684,0.6566594215882555,0.7027772677111839,0.6002668445546067,0.3453777399671931,0.4133007844876678,0.5247945556514563,0.5704062719664186,0.49963468083377355,0.46636715972815823,0.6807500328873318,0.45980660523623906,0.762189296163837,0.6830037626967288,0.25141815071669793,0.30709576707051417,0.45430970695470174,0.35414616929211357,0.5926859795065356,0.3234477441098539,0.6192249988548287,0.5688082180233269,0.3386134029862329,0.20565651739810664,0.5660448264917106,0.2605566724860147,0.374497780757156,0.34425521449091356,0.84951884742969,0.7620437591176504,0.8287069029860468,0.8107404592301425,0.7134545370685471,0.5760900324984504,0.45880013941810144,0.7497616940138259,0.38201249620894817,0.5871464632938826,1.0,0.4714795432924514,0.5595511383937611
0.8572752615333548,0.6546827553874021,0.5426758170770125,0.4596678893292906,0.6160475833942158,0.26096480173413383,0.6752893117532043,0.6438586955476893,0.46251468994044803,0.30282832089127965,0.33531056001447174,0.23051183194615932,0.49588215202314756,0.47193970136611446,0.36568486847804915,0.6795070927544392,0.23407238470748,0.786786177012881,0.705399722923242,0.13983103669367591,0.206656727238543,0.38446384905106046,0.37860996489043086,0.6227431628947375,0.32326627236451855,0.5358121636518023,0.4807333400670845,0.30248759488071436,0.19508033823455176,0.7170841453686901,0.20207121959392482,0.30045240535215345,0.2515575858826098,0.7347893386952038,0.8150753950572694,0.37065485985404373,0.6804648471945897,0.5361632350727735,0.5842770898579176,0.40831610693262044,0.7548748758147776,0.3872918938061913,0.43976689470107966,0.4085771820906761,0.6085400960654326,0.4741328251118812
0.8285455079603735,0.5870955834170104,0.5136222237113479,0.43407612456504063,0.6202792992897513,0.19018075112910798,0.6408127916394247,0.5596796849830038,0.34934988398743416,0.27120099105419637,0.30721946839072284,0.22933424567393876,0.40804724407388554,0.40699515325553587,0.31133176066266643,0.5465497895313994,0.20970657804865608,0.7265021709407634,0.6314984265141259,0.1299352067461127,0.20319549490728453,0.3059300668823009,0.2908926202372296,0.5660232310160925,0.19566978884293765,0.5566605793387664,0.4427483385200937,0.25551326961042525,0.12375416524473062,0.6801773113045366,0.15448620718625192,0.19104318185226254,0.22304811111506168,0.7449325044609166,0.90699532610134,0.31497235414562,0.6219276406247467,0.4904397625603729,0.5097790747473657,0.3266710083279663,0.6083453873268753,0.33860121706238605,0.38061506311814913,0.4312416047727447,0.5686886322043976,0.4106721956909768
0.006237836089274758,0.011191316887710787,0.009263609265335728,0.015474560317501659,0.0,0.010253763537778595,0.0,0.04007219180826194,0.013235864932468677,0.02302780799619842,0.007534509839590541,0.0,0.038362824788198295,0.04923836233515616,0.022930153463780634,0.011908710558100014,0.015787638928020483,0.016032056809639463,0.00681068103059225,0.015740693671354125,0.015024386042649628,0.01125763914853697,0.0,0.0,0.009591678201874676,0.043109264517200235,0.0,0.013874096134643021,0.0,0.08660357322926265,0.017186105997318055,0.028634509256398308,0.023340528353200756,0.027238741518746612,0.011222233325155116,0.023149834464927486,0.01173781125839049,0.01892435863997434,0.012471534766131234,0.0,0.0,0.02558296433409952,0.03190977545264678,0.016689659030142502,0.0,0.012098328483999408
0.5268407984603178,0.31841328239493577,0.3150597470418056,0.3403341036270142,0.4380995673825582,0.08753369236731895,0.44866419284719683,0.41972226349077674,0.23929635913753827,0.19779611703729028,0.18767577859408557,0.16599441156752975,0.3285407371851335,0.13641733900563924,0.15069913277131702,0.45705262923847934,0.14515474544739265,0.543306225039791,0.5234478719571208,0.0794878051349677,0.11400421776718589,0.20468410494375883,0.24238425904653693,0.30319331779821307,0.05884459138610826,0.28510604173605714,0.25048694304021346,0.12604400440680005,0.08309378715359342,0.5402626901024505,0.07713219740594249,0.11982481429647826,0.16178917639526877,0.443502183458813,0.40349422523863465,0.2334112016010431,0.5376766777410839,0.31636147074316057,0.23724445395941546,0.2552554540362408,0.47203830991261014,0.2188105891150357,0.20130438495055183,0.3045951642177096,0.1704813584266398,0.28453871479954435
0.3996242652677825,0.2747305802833623,0.24770153422074132,0.2521108975096522,0.38090502658532865,0.051845577183101926,0.3596299968675152,0.3600140504247709,0.21784977123394025,0.137371662273931,0.17724657132285432,0.11416706686566745,0.21272225577670284,0.11872204005159559,0.13054007879196547,0.35864618734630405,0.09935300016236423,0.31860535314303345,0.43988292695032477,0.019336959942292807,0.11450410441870476,0.18166114320949858,0.2679709606232696,0.24881984318728623,0.03802826986116434,0.24245026693997165,0.20259001524769651,0.1921532859017685,0.07320333076803047,0.5899294514274263,0.052316834152200946,0.11851520806574348,0.1185473870276781,0.41841019458316064,0.3586509336994331,0.15530803980915564,0.4908749427288876,0.2077464850546094,0.21777396813332767,0.2382000958201713,0.3354302695781294,0.23539502659089745,0.20143650597271665,0.25289090524367075,0.17650124663942762,0.24788811015400808
0.3112199770400346,0.19874719436368773,0.22861070464744226,0.2045435141475622,0.31452452654219243,0.06496118597751929,0.30539067466274955,0.2730229790318801,0.1649158383957921,0.1329364368063749,0.12160218433665085,0.09622836928176448,0.20031547150618464,0.12925521825314484,0.07617499662224517,0.2968031373634629,0.0838622835396038,0.23720200206116354,0.3963003687972366,0.05634628801371313,0.09431578160794032,0.11903625191212627,0.17066284151421018,0.1817683227068612,0.03192891109258724,0.293948995761272,0.14597144144509347,0.23803149462669315,0.05436954214517471,0.4727261466588363,0.041292632389720356,0.07594204186331752,0.0959680977124342,0.35665766542510635,0.2730866007696164,0.1167614971842697,0.3922833807291477,0.1749926658441846,0.16581957349797577,0.1653674312605234,0.26135653835911493,0.20332763766051237,0.14109361238297452,0.13870638226645982,0.21951666303153,0.2525577224587066
0.27702122298188286,0.170522921836223,0.2003329537624343,0.17015111986237694,0.24768881937256107,0.04413667320359914,0.2576944254797683,0.2514185126321417,0.15320411649610957,0.1017385389422632,0.10825750720976113,0.09414871174504748,0.18097351722997235,0.08660536213713058,0.03768049355975875,0.2697126188037843,0.016202636056768572,0.19928408101977382,0.287918006593112,0.04418888544995817,0.08794135245496557,0.11923798825910042,0.13621977338636831,0.18803923943686832,0.03909993521563866,0.28700207693449364,0.09965003416769491,0.19864621311152475,0.042321670004933296,0.3947892016284606,0.04131958968818537,0.07465150553445556,0.10504984478434752,0.3552053416190127,0.1840551389675751,0.11851335924099193,0.23463148294890962,0.1668158087492959,0.1462810268763169,0.1492397212047648,0.3241420645811734,0.22571867455972955,0.1332270462774926,0.10688318480094403,0.2377504071143544,0.19614690394362158
0.25665786651017686,0.13122407833966548,0.22403652235869526,0.19727589488849645,0.25924660240503683,0.05809860924254663,0.26198441205945217,0.30932531692995324,0.15064002634329574,0.11888258275468208,0.08400914140098044,0.0838078738327856,0.14919598225731193,0.16382489729505312,0.09060012630969505,0.2404540655096742,0.019115763008381036,0.2318241717884738,0.24578280844635214,0.026520890987609853,0.040414912890297104,0.13911693841071132,0.11945475559618753,0.17230014143755346,0.02619672346227471,0.3343536067700731,0.14318192386336098,0.18267945106922362,0.047104543798069554,0.6259162825819682,0.05968537531573217,0.0828533137458494,0.11012456950357481,0.38572470217240257,0.18982852578178416,0.12043339811570147,0.3328575315420168,0.25976327326012344,0.11655548831181446,0.16229062174345985,0.3985861544877271,0.1566658008909927,0.16281162715226913,0.17090307630637977,0.16213341274747017,0.19889137190122863
0.2979623223693059,0.17646782432470395,0.2025441025863733,0.1727406656341571,0.2758752093929103,0.08069730880586533,0.29321199353672445,0.2952834710003525,0.1613190002374129,0.1069833888306104,0.11951208039867178,0.09118630395488626,0.15662579071193675,0.1446287030932467,0.026116667933515456,0.28683725071919114,0.017937270018550718,0.15831892052793747,0.20993442595780532,0.03097397442952752,0.07194228900829522,0.10822140829207219,0.17542853356062316,0.23484796163420846,0.026533539850302913,0.22075025361942438,0.1362342141251563,0.09788479769160913,0.05220250536244289,0.6082640890626426,0.053945297349909806,0.08864404280401848,0.13482263796416535,0.265515649974732,0.20062638703912694,0.13263334834146268,0.2525677466652394,0.21312982994027446,0.14571028818512288,0.15991088751394825,0.29004034796424344,0.20441218393760657,0.16947142133238635,0.19044549251273055,0.28423434480410675,0.2168183114480744
0.4232917995985615,0.29224296764712493,0.30651137517726323,0.22760783093548448,0.3332121680010167,0.083410850391321,0.3427498161473591,0.32558768316403763,0.16718075325866266,0.12637300806211335,0.14829963222225742,0.12299215538536824,0.16791772131836655,0.021178684599986758,0.0497391912889162,0.3138857315649914,0.05871725187418608,0.22321106313498357,0.3869724632985708,0.11300492576262833,0.1060525086472727,0.14592111248749,0.24480302333046344,0.26492293523997573,0.062194192260576917,0.24320339603264154,0.18016805517504575,0.14150073747218395,0.1038850494262536,0.3651782092574653,0.09191725377781843,0.22937664360586094,0.23656214539260872,0.3910309316281588,0.314473747247046,0.26558802374492213,0.2606440136860588,0.23820531207519707,0.23025485219023484,0.2086810887916674,0.2818103178698601,0.24760095953581734,0.23360517733140476,0.24491849775292304,0.37616396280720393,0.2781216308020232
0.7735463824893183,0.3690770275313116,0.39246371343668884,0.3312307971175847,0.3879807698997223,0.24284954197552322,0.5464897214716213,0.44755614613957534,0.3484551946138251,0.278043490371584,0.2166133963981189,0.24887132737196951,0.27072620014857407,0.4211521034154873,0.23751655897915117,0.45766119371594277,0.21076580249215995,0.39212418756450723,0.3557107266537331,0.2927863961052438,0.3127005075732811,0.2521232998618316,0.39434568030151296,0.25942541621495513,0.10764385299862167,0.35503243530987905,0.2561030385199824,0.27393492693864213,0.2621430154884219,0.44141293313619523,0.16848107095637013,0.6421962354828245,0.431882106361713,0.40720922647737867,0.553140468912563,0.44661463493180253,0.4269761603925446,0.36397952940816486,0.4995741672512039,0.35706435680457793,0.3597105568073266,0.31347651056085185,0.35324941307661495,0.35611052235476415,0.21338689514530507,0.3480822991067858
0.7414790499922265,0.4571934970346936,0.399914732526913,0.3703106889144407,0.407366451889862,0.5426853530554828,0.5923741342119612,0.49688317550060473,0.37602889702003306,0.530475211324566,0.3183149218925159,0.19204101341130617,0.22327499123482789,0.46574845213966115,0.543419827639465,0.5859835547707758,0.38779890467938416,0.44289310203845655,0.38193044824776684,0.26486127304835144,0.43481866167700106,0.43044678546353315,0.5700729695636814,0.2783653462354083,0.3859186460047349,0.385111593329283,0.2708702791801931,0.4134204298369457,0.5484701344064584,0.4699930985515254,0.23917704368580786,0.5874655513516053,0.5322295196224043,0.3556879627170414,0.5906506826478366,0.4533731372826729,0.4194924755102468,0.5816826135393725,0.5979075926014897,0.5009188204083169,0.41964259139785137,0.4678373436823449,0.5331775336715681,0.3597958472745298,0.3079847093479833,0.30898918002252895
0.615259493800829,0.4593095488918332,0.3399433797110976,0.3875623945892036,0.3288291329471701,0.8375977339614364,0.5261682996909983,0.576269102667851,0.3908429166943777,0.573708498033984,0.5234723163152654,0.20719086351264704,0.28754350123821576,0.40770227780647045,0.5426555831799807,0.5863625030363113,0.3215054888910023,0.4145766983041082,0.42383875469224314,0.29828271823655633,0.4162905644923799,0.42956106056718574,0.5668815836522725,0.3243116514868852,0.6650433113547684,0.5265676335102031,0.2473474093302934,0.29850258995448536,0.5916457589934175,0.33376471957759374,0.18798033394321323,0.43095058515033224,0.488266167702593,0.42852740951824586,0.410246579988161,0.43383624973215,0.45342852907631187,0.5988570576631518,0.5442511792198169,0.5257225098903185,0.4248572365450169,0.4823540828695848,0.6879945023223205,0.3129602890134999,0.2851856047559221,0.3513749282910048
0.6789716144745539,0.5530173334232166,0.3987455040018632,0.4332371029563281,0.3691529151485181,0.7910149123452604,0.5071836439180112,0.5797177423083104,0.3743607187126891,0.6483560433770548,0.5895378476553912,0.24012473129241638,0.25305286389655013,0.30868411588604217,0.6423886378743081,0.5776204014316507,0.46709264942435097,0.4711377722347846,0.38920269477391345,0.26533172968502655,0.4211783568137054,0.4901117474950969,0.6498744941974839,0.29372772928002333,0.7521959108362591,0.8245560360577917,0.31924455885185105,0.3265280359336426,0.6624252609118731,0.37276741066486396,0.24462745489776236,0.35694603842477624,0.5198616240448759,0.42325039462957204,0.4867344298009435,0.4259143885305851,0.490362481229256,0.6224922213099167,0.5138550835450656,0.5615248113234212,0.4151991126535966,0.4604990343067967,0.6103997243710613,0.26452523921755533,0.26949027332907965,0.387986600727776
0.6738122925414186,0.47943522830575086,0.448607918281077,0.44410566514991706,0.32350283684133285,0.5426597585023039,0.5050506583317389,0.5953484219281122,0.38850679879702854,0.6095702189970595,0.5104553386123657,0.24894895022102095,0.37334171198149274,0.26857056792702466,0.5951733778001785,0.6696996875372956,0.6041240599632746,0.4282675764019197,0.48444491738141976,0.3046496500853558,0.42811809974925025,0.4845556913375524,0.7390496151656755,0.38802851582280323,0.5758863982278569,0.779816606159726,0.42579465530818583,0.3035197712843291,0.7506297054034164,0.3193555553982503,0.426848674661314,0.3864342393841802,0.5358907329177947,0.5012811093789301,0.513728992982403,0.40385566317471927,0.5628736220466162,0.676303493958166,0.5240882342646318,0.635093316796259,0.4437243400081667,0.4769798227633523,0.5866833781451639,0.3528009187569291,0.2735352673450833,0.3976390526334507
0.643789319725925,0.5206127582989855,0.4191777924303236,0.4667762323661233,0.3525772300666594,0.48000010215337274,0.5995698108000592,0.6528932848133425,0.5650348130100092,0.7021266246274626,0.614810127162195,0.28888622446373324,0.4437396890146484,0.3594124996447401,0.6664133511199221,0.6622063476854935,0.5810323705913081,0.4974793699505753,0.4354782236419314,0.2881975180851647,0.446127472346987,0.646469824630135,0.7460408731633231,0.40173430608281857,0.3646773310224002,0.767316079055239,0.43223195868303016,0.3591145506518199,0.497828412033968,0.41033503646285563,0.44718888972979,0.3915378024962506,0.543403924074803,0.5355904862397207,0.5237907594398749,0.38577607465135716,0.6642709943859418,0.6322886097468727,0.4629662847943265,0.6043445833249218,0.4702760924440303,0.44864313198020966,0.6422337743929221,0.3588321974086422,0.3009342696953616,0.36225181175791815
0.7059859965618839,0.5465521638474603,0.42552969168055627,0.45357789817586225,0.3531799549695189,0.5034559437998513,0.5724742509237771,0.6249979655519566,0.4885813826114442,0.7495373622726206,0.8832474821491365,0.25156202431386765,0.4823612681327637,0.4044108047955505,0.824241302670412,0.6481628442963355,0.48327141815888847,0.5799794606762015,0.374106252378173,0.21181716702091646,0.5024224070123641,0.729246416526446,0.7499065019717651,0.39341621968111284,0.3909846505264496,0.8548284155660959,0.38789270348925325,0.46774329161694106,0.47400415264533885,0.30624790990379547,0.3991432414437917,0.4365006508551974,0.49135115233207804,0.49775122775204234,0.5249926450254883,0.47453985594411413,0.5518387341070216,0.7703717079536517,0.4480405709198594,0.5522599768066251,0.35629996877751385,0.3979202733370943,0.7270028604247655,0.34284071299317925,0.23436264072272306,0.3081515167765088
0.6198584692258958,0.6408680550759794,0.4245528204055834,0.45107844712017514,0.4099561557420517,0.5652478809443978,0.6320403602261347,0.7201534406942034,0.5590758380763051,0.7634925474662272,0.9926033724125584,0.2813622363641724,0.4719599082113558,0.3891884296703005,0.8465562845258747,0.657090871871049,0.45946767127275584,0.5343562013908718,0.557884937331733,0.3183961472091853,0.44610940290007944,0.6489243398734412,0.7640301493687204,0.3957712791318769,0.4038613356252595,0.9089971173199916,0.4252773838923638,0.4577158454474557,0.5370103436313076,0.40247504550211904,0.3685581352835153,0.41762209871466716,0.7237643244503171,0.5214779033653417,0.44310158037801145,0.44468894568206185,0.5156245702767178,0.8145434925133869,0.45206166010081555,0.5534661345526021,0.4652240853711313,0.4280024871719505,0.7926791994582122,0.33456166965960216,0.3083083586859621,0.3484371218355411
0.6778822442376212,0.6929989883097935,0.36580004983688325,0.46944643280740933,0.3904454139736241,0.4849977353264097,0.7474719247400423,0.6525207450902809,0.4361327240546773,0.778836326490507,0.7611826068697849,0.2717485060798795,0.4445113776570441,0.5820983915294611,0.8372093740887805,0.6942882017169338,0.5931114688132559,0.632714082343987,0.5295823567218695,0.46302109838794786,0.5246254971680014,0.5185371411400632,0.6464272549027458,0.35425661433586564,0.41852740822453016,0.7672590563526028,0.4272133029319378,0.4887827047000042,0.7086650382323328,0.3253042221329821,0.3390788212032348,0.4631603229295398,0.8662672119698949,0.5624400865831908,0.45750773125250344,0.8948875839287905,0.5718025276581968,0.8159327680981101,0.7222549627190252,0.5332408525737209,0.468805004955233,0.4006479553350932,0.7999497917308963,0.43976312587191,0.3740799961339223,0.419969039560045
0.8354185612861794,0.7377877000798533,0.4160463205227481,0.5240902581915993,0.49478891373023626,0.40855230488964084,0.7259995947017907,0.649905766412661,0.49388604286731635,0.7274903777945378,0.5485671278280944,0.26561455780417276,0.48514703862684005,0.5849235631349017,0.8496388602553692,0.654816283603174,0.5040563752995189,0.6983339690232443,0.7783639123941747,0.4037460995812845,0.6973084289833191,0.5287340015098708,0.7121764261744076,0.5518720771433318,0.3938314130956845,0.6520190221684037,0.4813582129060677,0.4818194240024972,0.6587161827718386,0.33238048914818175,0.3914045469032945,0.6584073297838824,0.6956431275125504,0.6498613085763394,0.4972877856166771,0.4847645154162083,0.7120825094162675,0.8618622676404154,0.6401022208987978,0.6457053180007217,0.5990164030084776,0.4210065782278866,0.7489843967886449,0.5015264331152963,0.4779925313448257,0.42320082557704675
0.8252101727606111,0.7253809816684414,0.56744262781258,0.5752418140941996,0.5604883792937497,0.32333174473136717,0.7680607543559121,0.7567007036803332,0.7518476593085882,0.5460633514773096,0.47794245220009157,0.2971891654416028,0.5708014338054611,0.7009051799395383,0.7245136774113289,0.7703880269770175,0.5559162792349783,0.7244598857136982,0.5332413512483724,0.3334305423665553,0.6919081742249145,0.5644951646852633,0.5772633225699189,0.4636111727928355,0.24432534218903856,0.6143450315871734,0.5994657157508378,0.551799932271968,0.507619047434937,0.5906675786252817,0.5308896795305983,0.7495332843441693,0.5273266301841147,0.6689577656171786,0.5201588566997357,0.42784485647318854,0.9071253987834285,0.776527706574738,0.5610882198094144,0.5988437074982446,0.7139811572717581,0.3650413949540074,0.5694795986847581,0.49589264581033016,0.571296172887624,0.544748929743316
0.8071837063258978,0.7000856457005957,0.6920254068025384,0.5806707834784074,0.6264313038236918,0.30230059829318495,0.7633425315715777,0.7559433139225633,0.6060867337753806,0.5054882203044205,0.5042251699938776,0.276695556003207,0.8363977902583104,0.4770459707439854,0.5615783353087074,0.8336786122212838,0.5026050314664514,0.5651936238824903,0.716113458979536,0.2777535165849994,0.4589971060281109,0.6264876253432424,0.33598975693101646,0.4968282515671657,0.36821759084643796,0.6214895698498294,0.6278284587217415,0.6066674636094929,0.4865528020876948,0.7693917594049415,0.5806263522690098,0.49716434448421076,0.39837918754255625,0.8312095184575153,0.6249991213785395,0.42072381059832187,0.8908260653384711,0.7144848862718536,0.6800915516501708,0.48949224822008736,0.6731484578861529,0.38325714252206,0.4097348219197466,0.37845834793921634,0.6626613911689045,0.614950054625692
0.8512917504615278,0.703265909920647,0.6211702005451574,0.5195090315937534,0.7594629954287881,0.3237839157948561,0.6865244900485888,0.7171874025397932,0.6686566342421848,0.49292044532859597,0.45897131073476316,0.3232293617975573,0.7783899087722841,0.4544205331291808,0.5285684191545847,0.8027445130014675,0.4633501966298366,0.5110120206927071,0.7239585712836836,0.30000938517991327,0.39556364389901205,0.6913170211293125,0.4741451844332561,0.6549162529986295,0.3846096984597786,0.6086303544895462,0.6344364749426155,0.4617018042159259,0.4182055237029165,0.6889922754909831,0.4822873227669206,0.4646504195818172,0.38000460031902183,0.8611262279516126,0.6791138949853065,0.5629778680874259,0.8593432122823713,0.7824111859352585,0.6557810013815331,0.5550851248563365,0.7310621762298879,0.4108675383872814,0.45480735679493295,0.6300830427882717,0.590795542526487,0.7348899568664414
0.9015915206747457,0.6714597485887874,0.5878944843370661,0.5327166167394329,0.8065443805281801,0.25821088213235055,0.7139595371194012,0.6198778315374657,0.5428720861833184,0.42437504179181895,0.4447348846401162,0.4762825348870475,0.7161422109894116,0.5277582116585404,0.46162929032917643,0.7265709554279342,0.39019645710122397,0.6627155042800281,0.728044632655185,0.24847716135681977,0.42301426946862275,0.5702427860891418,0.4098898797385194,0.726862671419355,0.2880237740803124,0.541881917604004,0.5963351392259887,0.3731629381490206,0.3368113430304378,0.7961414521430267,0.39823948040308527,0.4339861620124178,0.33635633033063406,0.9407729359731941,0.6310740721886472,0.749725135096041,0.7616010003764483,0.7872250601795991,0.5665852512763121,0.4119877317327625,0.6328114822990806,0.4103746633766705,0.45445039041610547,0.8940590078668447,0.61756804126138,0.660494862270164
0.8346821918848262,0.6182544209158957,0.5746492347629181,0.5356708287510312,0.8013622803809834,0.1808985392131664,0.7119755761190898,0.6031298432200873,0.46310991005644764,0.37940880289313145,0.374087527491329,0.24855993931745332,0.7011672606348064,0.5736188369767836,0.3808941848088243,0.6822466978909124,0.3016584840381279,0.6877595084063114,0.7105990684748231,0.14895157917491902,0.2670529341551135,0.42486699557947705,0.3269984824757067,0.7046883496295128,0.2974468246051596,0.560404669105066,0.5241153646351925,0.28253495878388346,0.17997564475864913,0.7097860714697328,0.23824843310675484,0.3454420775595144,0.30532101104333914,0.8438474472566113,0.7739239986903774,0.35519326881473795,0.7387405136794594,0.5094676894756172,0.5009697632151394,0.45656745028735,0.48990484452503263,0.4384008506238484,0.3942987199958965,0.4600922792270003,0.608763645167212,0.5676623139852298
0.8280250372320239,0.6332319000740668,0.5135387065563508,0.5046465523400716,0.7075803213626207,0.13718670431047397,0.6906620384133221,0.5745055710053494,0.3282135753687499,0.3554696019363753,0.4416087046869416,0.26956655571144655,0.49788517718076886,0.38239460903776984,0.26523994829700437,0.735898238596406,0.3244486816437192,0.5881958115770497,0.5988135881541592,0.1695818918109383,0.23663743123224623,0.37984770899774395,0.2887195715058726,0.5841048757814782,0.14772662307668732,0.5647795163992113,0.4493196306604904,0.2593952973884874,0.09445189367464053,0.7431529008890766,0.22010773800160957,0.24649231168163835,0.26773907362919236,0.6777352461196602,0.6185905276068777,0.2839173676235113,0.6400669485161671,0.44225038223356794,0.4302347486274996,0.29916391864132863,0.6236757151176959,0.40754196184127045,0.3448914470459478,0.36747220104428024,0.48484183438352174,0.5210933501263174
0.6653079018207241,0.49954597116159694,0.3982037346596355,0.43033302820104735,0.5763800929831508,0.09970323142443722,0.5927121125880216,0.6050442962273677,0.3005442235943897,0.25176603018519667,0.27351871303903685,0.2196123378170934,0.37721618573526794,0.2930120390998605,0.2564679379681061,0.5674116253882482,0.23752759510939978,0.5115749037598438,0.5678901160601845,0.10378032525838782,0.21953629910246147,0.29614614426704905,0.29318789667526873,0.5311957758625985,0.09414944489060614,0.5691525756780513,0.3723854403074031,0.1874843680638522,0.09323267725657125,0.6502405845564225,0.15152622245608188,0.24133427369068441,0.24202755109723734,0.6834129333854481,0.5952974765724648,0.2531516655515559,0.5998750800374253,0.4461161063478814,0.303624778980487,0.29441278920144714,0.46623483772913504,0.350407254236447,0.37651040357829835,0.31783459971133765,0.28446209208869044,0.4301913044870585
0.4978582791915079,0.3590691540062297,0.35383373097000365,0.38100955860666125,0.4952217034240779,0.0815095732384009,0.4235076225025765,0.4492547367274175,0.25799923076328957,0.20837055417087372,0.18304203681254422,0.17847636378195406,0.28966848254496036,0.2251192670473655,0.18031250449220093,0.4504901100086187,0.20932537955448946,0.38984059743117216,0.3602914345775749,0.09923974177385078,0.10652993268210006,0.20393485433442593,0.33682807560373956,0.4535574327560681,0.03508417168361881,0.6013672958085372,0.27642834480837997,0.3225221193605378,0.08243644654131957,0.6795670270895425,0.08442933824831289,0.16304740935993978,0.20349597694087096,0.49585615980738545,0.5611488796074704,0.24256683200091275,0.5600356550656905,0.3245251638322986,0.24047117779662602,0.21045855531895502,0.5490592867529595,0.3020048851224724,0.2640297424227678,0.2402133750727589,0.21842752136729482,0.3342251257955399
0.3474103244522918,0.3265124333961721,0.28776205311502867,0.31916760097198205,0.4569896601854756,0.045178311835252546,0.41891428905245837,0.467820801693512,0.24012898773505748,0.16785067723684224,0.20038304250546204,0.13232262843859413,0.26660647749651656,0.2276771645171491,0.10147116583498095,0.4015255297342586,0.17767627285310233,0.22708564906591017,0.26273313533425763,0.057303800753553756,0.1179830861645896,0.17370078589648658,0.25985111887089024,0.32482764359497224,0.037770050597051505,0.3601551534384362,0.23211472458429475,0.29363271209436587,0.05359133089056249,0.488305250744131,0.04833151225418942,0.1607634918458832,0.17232588137220448,0.4035837151299303,0.4723273862069802,0.12137670515906179,0.46038310079170014,0.3233576952810434,0.19158521996642947,0.18227439841397905,0.3244687641690075,0.220216535143474,0.240049778504169,0.20428901799944368,0.19638112551346615,0.28225960255360577
0.2891973556665187,0.23546710682983713,0.24070866004300667,0.26038094007912466,0.39104427335996106,0.0470916671799055,0.39278335349840493,0.35346407948479847,0.21758988721258257,0.11880185620673028,0.1165137544837026,0.12018155829087675,0.17054082634862527,0.0,0.12930731090705877,0.33116762559031265,0.12511963106607202,0.19642698477593087,0.3006627877345264,0.04452388873840241,0.12643419721325136,0.12334565007427678,0.17052910582099096,0.2821969860383213,0.04263550486942072,0.23260294709642396,0.18007194541758956,0.15883433359806065,0.06990482590395435,0.30249486699653666,0.04500044728837214,0.11824480350730424,0.1401820045685273,0.38769229155657536,0.3645575696158383,0.12186918927879392,0.3605466686381584,0.21107666053972612,0.14959248208802822,0.16623540854090044,0.21412320042648264,0.2259533985829984,0.16937711784004258,0.19521193852635668,0.15743151362335256,0.25332161982900236
0.29357016310887196,0.23702448418355754,0.2230477611947983,0.22787111795837134,0.38253720434097005,0.05213707473651283,0.4112282152030299,0.36314114775810996,0.21261250767974413,0.0873508548831416,0.14677806862534315,0.10015186439462354,0.21454575812515536,0.05821178906555999,0.14255458943312216,0.2253885515757761,0.019953793401216443,0.25472412062339744,0.24302758074189668,0.0285860156094151,0.11632364000859535,0.12994029587240197,0.19310630163289777,0.22130057617970422,0.027744606207702895,0.2665593137961063,0.16539572446311648,0.13996757775629048,0.04591876574094787,0.3493607125621859,0.056722423746835164,0.10292271240602549,0.10378539775411759,0.38827659358719807,0.31082268226390414,0.07356447126662499,0.24203304060776165,0.19713722122103772,0.16471094810974013,0.14326420670886328,0.2619928903180374,0.21623773521919898,0.19029368771299823,0.19051740567291656,0.19909958316514892,0.27535853462367044
0.2629353838406285,0.22139374378697096,0.24670031760493882,0.2515117914884489,0.372791802413876,0.06267277298216813,0.3244324128383044,0.3388581217168805,0.19891755032943806,0.09466111091221435,0.12019833118522821,0.10184537174476974,0.1449965445141613,0.09295634209908316,0.06739062732746197,0.2892233733689721,0.017713340325027766,0.22280588555708442,0.26053651581247433,0.0369160827025161,0.08094082714744949,0.1728436981667413,0.09666205186809117,0.24479405648559138,0.039037384626411764,0.23928931355054958,0.13224840743308972,0.12770601997712863,0.0418976986453211,0.3768622228169626,0.05275932102928143,0.0759115947482783,0.17749550997788338,0.36102041831346043,0.19762538326976103,0.08551863538911683,0.24192495336716352,0.22641465570921043,0.08495641564995522,0.12557716632453453,0.23855383327856,0.2024502553894632,0.16028578454627632,0.17150568661187632,0.16913301884906407,0.23822851999692551
0.30614544071814276,0.24977800252121946,0.23581146261200442,0.22582281152946054,0.33346548199858994,0.05177767934038337,0.29643374355950997,0.33061054631751485,0.16724513985305223,0.1569308537672909,0.12621836294153074,0.08801853854294846,0.08891690074790912,0.005815183780501942,0.13485883927502104,0.2542280677767597,0.03289200173685121,0.17734908323130022,0.2526483353417127,0.061329276654643446,0.0945433199172861,0.19620763291731597,0.23785090098404038,0.21250631809279202,0.0508484405757097,0.3108180277085466,0.15825046307446536,0.13377715505201776,0.0510028762092361,0.4054166572440922,0.041006091159879555,0.1268116251411951,0.16163210850733892,0.3497056951362884,0.2095141841135994,0.09860360097920165,0.25024278492081087,0.17074007726605123,0.15381785340877718,0.1778436688909887,0.25439698448288384,0.21891424859039477,0.16993689131188722,0.16631738038520977,0.24883329668482562,0.29839313922449007
0.43417355978365135,0.30018777300053623,0.2875272347233749,0.25599603841255375,0.3838858244252873,0.09412656034235402,0.40865621752934783,0.37295037732906594,0.2262930145463051,0.14614008957571983,0.1706824055963542,0.12125302027132283,0.11442721173882156,0.09960224321659819,0.13265637354070411,0.25207984999028765,0.08808625207584961,0.2754173321532712,0.29375375688563005,0.06868310225175298,0.12815369739971194,0.18634102611717884,0.27519435913047624,0.32560045900676005,0.04819790136204631,0.2645170451868447,0.1846489096416577,0.25953073339666005,0.06637926266196167,0.5667238404237551,0.10688356331440255,0.2747693491102755,0.21610152283245204,0.33300568455719975,0.2748589478013919,0.24235612413159965,0.257362962696508,0.21459909385221376,0.1926788110612323,0.18864166976431596,0.2715036867999555,0.2582963001022933,0.35082675716619605,0.23255650537205716,0.3002527516009182,0.26871623736188255
0.7405225760451866,0.37361455684015615,0.35535447237453105,0.3149866836595871,0.42889558364885627,0.25212940759418423,0.5096671040025689,0.4798555387164923,0.3250812048852071,0.28855923059807453,0.28785293325789085,0.20497491147968436,0.20006589711624495,0.3155218406940739,0.30874251380143414,0.37476658306231103,0.2730563924003277,0.42813803175791,0.4020082798304682,0.24728018767223428,0.3930501700510503,0.2582682095571665,0.414775835562552,0.3782499212722176,0.14343083794258013,0.36253710429895336,0.28528427730398215,0.3355495803601226,0.21436264497377028,0.6556386826267537,0.17492335982267262,0.6260387754026688,0.4408043962032313,0.4596252677035262,0.5873475967897442,0.4607663925879555,0.4736860509534288,0.3420694473617653,0.5102387329115137,0.36549481704238507,0.29465173428737024,0.3292249677192102,0.3992590827770822,0.4459100840864991,0.3233672921926899,0.29978621249673465
0.7042402060384987,0.4380065521069595,0.34404949745657293,0.3821034563557625,0.4071500636833818,0.48990026351521115,0.5166521777251518,0.5482188710541823,0.36684870738408676,0.6286423606802335,0.4604373326688794,0.20554970980677523,0.2119808463278616,0.38563884366584317,0.5892107472029955,0.5517601534919122,0.4082597520304982,0.4981128428893469,0.4605411179528022,0.33210181154049645,0.4768603426917608,0.4327354521521333,0.6869486588138712,0.42079932021879984,0.43291444898703835,0.49256554271039454,0.301330016662699,0.4299902070909556,0.5002008384531511,0.49375924204501587,0.1804807275840561,0.5961881191294254,0.556330964575716,0.478565099479405,0.6300183004221312,0.5233225159211201,0.45215606889619037,0.6444977185623301,0.5290290452923403,0.5101273427138088,0.2932046474347518,0.46484312540625145,0.6048162552040004,0.32104329966365963,0.2498418370613229,0.29185036050116686
0.569124304284707,0.43643239437487696,0.305654494897048,0.3929209228048463,0.31602467510331,0.6505961012395586,0.48628400040195685,0.5775084817777926,0.39176902134814606,0.8216163921824349,0.6028092530024695,0.24678687686043335,0.2240974116958169,0.37232013342929254,0.6222387539981756,0.612227169530114,0.43208217482593547,0.5798388194140548,0.3619323567868337,0.3670977506155992,0.4455328448732246,0.4618076168759638,0.6648344241701605,0.40375420112100985,0.6969309095523838,0.6612206317146276,0.26209778682016566,0.33550285459995743,0.5302972967353193,0.29708377329505525,0.20541776419701654,0.45915386321570817,0.5428951732324231,0.3904261245108634,0.502510848948672,0.39853381846503344,0.4679049567702734,0.5825461052852198,0.5338165708636308,0.6053220419496778,0.3581777492553908,0.5473030349089034,0.690798142481286,0.4036724780154867,0.22727614871692003,0.3469289381807196
0.5832645832270217,0.5307043318139231,0.35755425034000926,0.4453939484099277,0.37529074582551625,0.6252409224104036,0.5012535995314877,0.5822997363613922,0.4326256396632599,0.8643740225365832,0.6241795150410981,0.2591839095446816,0.1779726545159253,0.3684900253091198,0.7044899462970234,0.5290461464840257,0.5268364492943937,0.4651875305497878,0.3115624258075368,0.27548687104694203,0.47916095140714454,0.5116108996074554,0.7728024456505302,0.44674832890004035,0.6819004836750775,0.7453324585638362,0.3420371027802836,0.4270085803490592,0.5759522260408404,0.5269996484706085,0.2925415674880769,0.43644572029225315,0.543068327614424,0.4602697896592253,0.47181741086797413,0.4024966788806416,0.5451161297115676,0.5696988808808543,0.5179442877863498,0.610227405269087,0.45807687026896277,0.517466400701665,0.715473294972105,0.3565783395989599,0.21103005911379447,0.3415865954511265
0.5838508789251449,0.5557021147948825,0.45940890675323076,0.5285524980105467,0.3502803292629303,0.6169186976129599,0.5024801683203795,0.5386492407641873,0.519286573067723,0.6885744610265097,0.6372271425912811,0.2747109929922519,0.29271652685373967,0.38464576649561294,0.6255213521550584,0.6550549403016548,0.586222996596839,0.504359181646714,0.41669401446901533,0.2606109480949756,0.47913362019572436,0.5051164094178023,0.5959963365914794,0.5493712071054886,0.5013796582305359,0.7303831206643936,0.339557754753634,0.541241685173677,0.7046025000734993,0.4866438027806341,0.3663987122554278,0.4193707702939713,0.5570505984708439,0.5374595753213239,0.5475209133200213,0.3424027956002957,0.5322805674777128,0.5011812793161852,0.5106474630057599,0.5381391228333877,0.4619674746176385,0.5106166042519217,0.5668539012279119,0.4581912888708842,0.3074354191410361,0.33762385846357695
0.5919765004887545,0.5628999897371484,0.36093766888004974,0.5518299202442366,0.4274144836781587,0.48268979469635837,0.6687621012416436,0.6380161857697252,0.5656414955547348,0.6894526668129848,0.7075258264021557,0.3041926839056218,0.434555727115455,0.45770341793456054,0.6114417946703105,0.6974065973928194,0.6708670056042914,0.6007130643474868,0.46054163436021095,0.28839535557748036,0.4802219305425893,0.6771010302086626,0.831506584213064,0.5617578541318645,0.345588746596533,0.8751563136189289,0.4284247709193065,0.4263900231325166,0.5100416907462835,0.4266536841641412,0.4082573986631766,0.46370213797593374,0.4618252170206391,0.48076895665703107,0.516301336568016,0.38410053427551766,0.6107112277509344,0.5595242487607348,0.4914121179648799,0.6127763995485841,0.6058466594319148,0.5042397102866373,0.6273413876417875,0.5425654193580134,0.3825939764843599,0.33853218484296155
0.5559165572155255,0.5219209046620731,0.3648789975364998,0.5474972342043686,0.4396902542571465,0.5283031721380651,0.5917809843509649,0.6492974692464328,0.5478756930616882,0.7786304369081142,0.8970692210569362,0.3131541180230438,0.4872128294689383,0.391288109284385,0.6709494177039775,0.6444980369655517,0.577668846616726,0.7419150246519793,0.46002981745227495,0.27072014835355235,0.4733086121308704,0.7845499616327755,0.725633335907751,0.4957580658922077,0.45832280516520213,0.8815777279733878,0.40166819191831155,0.3888563439967837,0.5014516964342544,0.32156698867608596,0.40095388593235826,0.48648484594193764,0.44652448531442174,0.5288713208357326,0.5388635371066361,0.40288595015367407,0.5973923684402648,0.7040352521938226,0.4685512056749133,0.5130480926944987,0.5493636657018495,0.4687041836639438,0.7474515438787007,0.500109624105457,0.35204731079979473,0.4130523690753609
0.6455621752726762,0.6178654216979642,0.4393213305058708,0.5445262562719686,0.47953647494173235,0.5645443742795848,0.7251461058115825,0.6107340687500048,0.5941920492629849,0.8310120032390237,0.7364427145891828,0.3474827226112332,0.4741572920424474,0.5413557705322616,0.8072822978542603,0.595630082478556,0.5518604425238771,0.7177766481981783,0.5085062523632378,0.5154216290487329,0.5870504605585876,0.6705299873381239,0.8058463282809297,0.4990881233008414,0.6088132215813049,0.9096798804722962,0.42753453340512776,0.4156972171228578,0.6775212566454298,0.3594027321745402,0.343633808775094,0.5236853312792367,0.5661117702800926,0.49302527701404714,0.5064029871087525,0.677991829605396,0.646425074343979,0.7191951480981538,0.6287228753292698,0.6120644487509379,0.5233611884165764,0.49632327665738424,0.7844860057227864,0.5971606595361392,0.2764702537890279,0.4441884945995419
0.7320930942503759,0.6719414452855814,0.4060481022108267,0.5647820594756492,0.4530612904908674,0.46828103459916415,0.6656943457432697,0.6761633416475691,0.6519483498964425,0.8786766030257658,0.6389761722636677,0.9294753225431779,0.5303022234664178,0.5318844557350253,0.7797958183835036,0.6390659609075323,0.4886725926256135,0.7581278383340323,0.5630400543490112,0.936230145394152,0.635827585221047,0.5596323065284028,0.7895626660248654,0.5548255673782447,0.4936072531374911,0.8229295285922964,0.40080137923834763,0.5288228909859297,0.8141498080374302,0.3978768684412407,0.38045059422746647,0.650300104632066,0.5853147729066489,0.6192242797838908,0.7370850482981036,0.5808087857163353,0.6579662007110171,0.7339479766572359,0.6120589546835107,0.7371965338624223,0.3952513192750549,0.46378973027221443,0.7784114985323645,0.48249649999693983,0.3909330621674316,0.4371433158709919
0.774949704884471,0.6929990071435879,0.43150998809317476,0.5905937997014122,0.535606508603124,0.4712054380281424,0.6733368632123714,0.7255661925275853,0.7631364672074797,0.7187281862207272,0.6203304085141723,0.7659565450041854,0.4977777743697681,0.6928142372891732,0.7935633308719714,0.7033256895452874,0.6247583280322988,0.6975474928075109,0.7514979712801002,0.5586863575178317,0.7315261549350653,0.5284275030108831,0.6808850124148147,0.5271097061420915,0.3519049204176857,0.8747666320544311,0.5034657782100332,0.4437002146175705,0.7451431002720279,0.4560089740874078,0.4707590289137457,0.7352952703788113,0.6517651677104981,0.661407309253994,0.7990424964483667,0.6351383972118267,0.7201879070136984,0.8391900954497862,0.6575695801191864,0.794703497224888,0.4924195806691765,0.43029163167709256,0.7635518186370597,0.5363003926682767,0.4406734268380043,0.3899145066568074
0.7826969080075801,0.8103932304307104,0.5682100178033532,0.75267325305923,0.6006809605180293,0.3502117898900076,0.6062309470971374,0.8385218484205547,0.9203162119724301,0.546492450282018,0.528534157407825,0.33044346520234186,0.6661139950131714,0.8451899990068041,0.587487613386533,0.783483865053576,0.594828882420395,0.7848868407137577,0.6744794222846798,0.3025772617847885,0.7858450019307285,0.5452315787561396,0.5751194966300422,0.6557011117445711,0.26653483067401146,0.7979771195663006,0.6631451635522847,0.4665278200128866,0.4034573888366523,0.5325605650301418,0.6008640274772413,0.7683556004652902,0.5793468498833854,0.8102859382527587,0.7333534327072859,0.505118715834179,0.9401159397401805,0.8094683589951377,0.702205542844325,0.7074819725470233,0.6994351325930247,0.38837081626100284,0.5929190151812875,0.6408093587906414,0.5294836362395954,0.5645873272350845
0.812033081593783,0.795178600218149,0.6581286928419883,0.7358616597685296,0.7088327138524533,0.331265038850413,0.6261075074808484,0.804728274594625,0.7871479375464205,0.48991384329631954,0.5124187444464426,0.2654366974497526,0.7294299122262901,0.583348201206245,0.4786957769772193,0.8207845807868634,0.6071126374381729,0.48730545331550346,0.8414604460695436,0.2872507612106753,0.38442736458627874,0.5885486705927956,0.3881969504029398,0.6251881341136758,0.29738560003283165,0.8101546979330784,0.666272753167045,0.5494098051145946,0.2908876568766825,0.6214068646353151,0.5813937831391062,0.5317388905022986,0.43273734261195784,0.9029548113823821,0.7364232616258749,0.47877603706170363,0.882257079115831,0.6810260698919158,0.6671435920633999,0.5959428398091617,0.7254407483800713,0.4577986291644085,0.49621218672480366,0.47347525508044047,0.7037583632815954,0.7028234044758962
0.7825630171294863,0.7873861303977069,0.698233352595964,0.7012486725972529,0.6856459618144475,0.3538435315012856,0.651124549762018,0.8245648710454969,0.6400461153039013,0.49566972671654425,0.46785369763241763,0.29572941216291043,0.8363490483039353,0.5254220902633342,0.4424029924335996,0.7588872676046603,0.5628206704815244,0.5524221494592925,0.8699126044401619,0.26269721292314907,0.4249658583550893,0.632689885428047,0.33155176250116,0.5526842433954698,0.34983587033747365,0.7490344137090559,0.6670996713638498,0.4857332236716879,0.2093066976619214,0.7083651846988464,0.5594842303690291,0.41828534751041013,0.3362005963321188,0.8281563093314805,0.7861129121176341,0.5342748973167099,0.7705164561986331,0.7730871496544518,0.6378266148534951,0.7005973982270195,0.6721903630560453,0.5225848959051651,0.5576213408383608,0.638546729088284,0.6700879591805708,0.7939245563089775
0.9629657507735822,0.7418432920283126,0.6081433934026412,0.6620658245981464,0.7289550146015429,0.3206239784545044,0.7155482009662272,0.7895526065336465,0.5896725255662912,0.4646127269659839,0.41164834174379067,0.24967055594964385,0.7904807053324582,0.6520012596740592,0.45888459894150635,0.6814281674095785,0.4462479884576858,0.7314138347147944,0.8157528185563235,0.244728813789287,0.3528195235435982,0.5578421289259051,0.3925652528478372,0.6902600773862765,0.2906228961761604,0.682490268347334,0.6302896359793037,0.3649172412228179,0.19745097500979122,0.6590624644450244,0.435309757810673,0.446670494273377,0.3847387350755918,0.8578277923129767,0.7744620597196193,0.5327930833558109,0.7498393604465454,0.8672564569760285,0.6393074856344588,0.5775951821805104,0.7464415245763101,0.46640923927960265,0.6134359719000663,0.9426912213236216,0.5716420297202109,0.7660686637840634
0.8414576325583335,0.6736602570474145,0.575732150623584,0.6304667074624458,0.747948456205668,0.24777741446613533,0.730473190357871,0.6349677879470232,0.45920847196402564,0.35908731404708144,0.42372469337860963,0.28146371099671397,0.7580982248098982,0.41895501473556657,0.3542750918575118,0.6602808386608666,0.3883322755866062,0.7479497601075629,0.8547948178186157,0.12886019849485664,0.3175616680626993,0.4211261523447324,0.30471383104823674,0.4959926156374814,0.319632865829019,0.6475829949441347,0.5167365362202948,0.32878379382793926,0.19241585466521136,0.6677553595553425,0.32593127666232785,0.3528618001718812,0.31842079327191103,0.839669996072034,0.7872655724280844,0.37930897031853045,0.6904424912686669,0.6462816676070282,0.5444194901317622,0.3822698729098589,0.6962970593197879,0.41150605074987356,0.5560828735965422,0.5434699009107818,0.5023233687147413,0.655363901275775
0.7526544436475385,0.6555113597460176,0.5586385988505427,0.5430874606503154,0.6954248559419538,0.1884246149137423,0.6642499228255943,0.553000111800204,0.3899144787792253,0.2547968585404417,0.38567049885843613,0.24700993640341282,0.5634849641435217,0.2851011692329879,0.41836634200660083,0.6862834926306354,0.2634475714446996,0.7276117372386603,0.729328237184648,0.1172301682644766,0.235672811831238,0.353427706717126,0.3170466940112403,0.6068819422779766,0.2045829369358756,0.5811873984141741,0.3979710766146052,0.3283878443197644,0.1772700749295072,0.6897242352923724,0.2445853818210806,0.2678689861809721,0.28037118235707786,0.8159174124205746,0.6993804502831066,0.29042668001769395,0.6322080458623754,0.5249805817587736,0.4324670611510533,0.3509797264826404,0.7250530379647665,0.39870143976085526,0.41094182785688543,0.4124063036961774,0.3630145969221231,0.6208411460213493
0.6599128041304819,0.5551179406480469,0.4380961859574117,0.43905604886439115,0.584720879974865,0.16907443770263336,0.5950525046502156,0.55240293680716,0.3737995106444185,0.2317677741406127,0.37690516693196885,0.1791024209636006,0.5161082782601144,0.32550081749330667,0.28942931669993244,0.5063093805620549,0.22461169852482804,0.7040833387761244,0.6993192051332829,0.09388947584751636,0.20516458183098746,0.30101320550124505,0.2849302862631084,0.6010301584254586,0.1100173057764075,0.48361289200668933,0.34210119070379885,0.22807008491163422,0.11386869016512763,0.630518392972003,0.14935849809563853,0.23885346714802494,0.2538698577484741,0.7812813321610508,0.7354956663653553,0.27653209229434306,0.5989611474583827,0.3666626444976602,0.3283325836546496,0.3455733650141771,0.5187386862126826,0.35662106462532,0.34352458077206177,0.3796236179207011,0.3119085728634473,0.47140096897669964
0.5929284496716942,0.4716459668825591,0.3617163302577457,0.4345944248063237,0.48874128365721314,0.10439516025958935,0.4737036467771951,0.492813548838896,0.28179322974962184,0.16249141731099204,0.29160826382436883,0.1530978985561894,0.47152573456225233,0.10875513945933285,0.2786125822985668,0.014090249920777086,0.20810726625354195,0.554743669901366,0.6274036158299233,0.11627651080532617,0.20823773050050978,0.2131165308518984,0.24498380660916302,0.4568779305447577,0.06651992722663966,0.34729796467250795,0.26157072052602,0.1930999744946033,0.08520912341745977,0.6304686423896224,0.13211083466347734,0.16275144720496817,0.2203109162960961,0.5995587775076497,0.5400284383823891,0.1716932990589307,0.48917259058437984,0.29738554454457855,0.24592840644490827,0.27308753126497715,0.5195440818387487,0.31189819905481675,0.20287573624582173,0.25411426082638316,0.25097324328981757,0.3445271566713942
0.44132344412066465,0.44061362306988433,0.32076453471280697,0.35126004532487665,0.41077597736710736,0.06074663964104264,0.4584752500005094,0.5068320660607302,0.29977961079590587,0.13145510240040387,0.23508952238774478,0.10525871115354199,0.3024393809091688,0.21747532747472614,0.1561619655263895,0.004526150126257615,0.127279483941586,0.3086026890240297,0.39195292304139806,0.02808642021242424,0.09776048200346213,0.12288802730233389,0.24978410104718124,0.32286230037367547,0.07100335428938866,0.3051579764105259,0.2141922636133649,0.2075860662285331,0.08499428627164514,0.5952402469130617,0.07871591354313065,0.10822301237191945,0.14037674826857952,0.5083067434015437,0.46164995625570127,0.10461116716202501,0.4692399386256472,0.21456765804133432,0.19301027570959395,0.19922087531495844,0.5676782702476151,0.22964607909570955,0.14032556945879326,0.16651468546875184,0.16734081070250606,0.33305811098488136
0.3828408422607853,0.32485542238303183,0.27717962748669955,0.26643134645387856,0.32120681139605844,0.06093611229564014,0.344881827966418,0.3825207597737054,0.33824375010154556,0.09653325905646795,0.17678065541017143,0.06291715884851987,0.23109308885872307,0.13519354154944474,0.11134706393260499,0.011804852061646068,0.07619836439954443,0.3524487420317281,0.32969040871417815,0.09733668130229958,0.07047054424848254,0.13057299571194278,0.10834671037336983,0.3642059113075353,0.06140005773078927,0.25704135562540265,0.1538232444284115,0.10938799602199853,0.05546188752445565,0.416373866883903,0.04053393097455691,0.13117771595348532,0.1434716295183505,0.477116337327436,0.3706787129106806,0.09729004504811206,0.367561900067101,0.2254307642363098,0.17825233666558504,0.2097819564425908,0.31443576492693076,0.19900159727602867,0.16368229848988056,0.15479013619022408,0.1486970199584653,0.29797339484600255
0.3249253903670393,0.2828326455738085,0.25257597496737094,0.2343961721835855,0.26456847374674586,0.05497946545685477,0.28946615516572655,0.25632897451549386,0.21270289683068333,0.10635996436588477,0.1308144053142333,0.055956223746888384,0.15516464090142223,0.09255058548237316,0.10612113514826513,0.021528201803103955,0.04990360018096768,0.19026472738719233,0.3703645423758009,0.05823168433741093,0.08108292591094399,0.1254210101046956,0.16083391245871548,0.3798782645147311,0.029690430198633412,0.19109904415806908,0.1357158506021402,0.1185771592470718,0.03680517404515042,0.36012047984499546,0.03555419647941905,0.10576295499054911,0.18802522836065985,0.44721474748581963,0.28511166005197464,0.10918278163755846,0.234785937699719,0.18793601801660775,0.14487076822553502,0.21277447705169375,0.3777239706169848,0.19318313410596955,0.14924472744382358,0.12070901431585271,0.08721966285746502,0.25043844992151393
0.3315613060614142,0.22619827347737453,0.24718623732352746,0.21889037362318806,0.3196332621514417,0.02448577617856633,0.32160008884211577,0.3078203959451602,0.2321188124729487,0.08492520228430794,0.15417311359282773,0.04365914249740961,0.24779204940159963,0.12411451007290555,0.09560806474545358,0.01876386461053571,0.006263213875669967,0.22922731281937486,0.34636509579984487,0.04006252153496239,0.0303504781325823,0.11198415114535795,0.14907107907348888,0.28535962261594766,0.045176077020921745,0.3458596442449786,0.11372918639614157,0.14708903688540775,0.041633855941660844,0.46563502595675665,0.040365490224328913,0.0633690759757508,0.16033248485680882,0.49644068966438853,0.1953816086179793,0.11610437755896832,0.29183232407569515,0.13208747291450862,0.12652733665723087,0.19185418249638872,0.3144283229958524,0.14299481216274157,0.13143414154067226,0.1740075243821051,0.16590356675728352,0.25204987234742715
0.31768451633237094,0.2158203567173377,0.26067121366825924,0.24026853472978316,0.2992495159941855,0.04901468149951364,0.32539669398089904,0.27963711536617863,0.21733602285866221,0.09618321185852555,0.15790963308585296,0.050989289300716514,0.24766725852969781,0.06110435030134592,0.07573579685580328,0.024596296645662215,0.02542839507216742,0.25678864740918966,0.24914232508025946,0.08091595690694009,0.03184909862435888,0.14981990125885514,0.22079911020100818,0.34360674698951876,0.021261847451747827,0.20693008565685547,0.1168200500097725,0.2218115479640681,0.04523455555801098,0.40633196616821016,0.028820372153900063,0.08111984453588353,0.10808049808651173,0.4325446066887535,0.25744004093735645,0.10909773149935081,0.24786665164163396,0.156705861270857,0.11986175222568966,0.163672359984308,0.34782963399950007,0.2444052224162762,0.15435633803293697,0.1351751821100111,0.18944879925735125,0.28552622111744075
0.4043939428209369,0.26881392793253567,0.32413744371709596,0.2738181164320708,0.3380087686781985,0.09609846889048844,0.3585020428805619,0.30929372287972534,0.22176481849273674,0.12647381633533342,0.22050981693232882,0.07101606458665524,0.2528354644233113,0.15276169882275853,0.11742428533647753,0.012014815155081876,0.06393788689688072,0.2742298237056142,0.35339856463940506,0.09849209498119693,0.10970052277813547,0.1509683157843139,0.3318154605856113,0.3910969499746739,0.0549013555181853,0.28281346484764314,0.16136954593899247,0.18861216115843643,0.047074933280525574,0.32180418409660355,0.057068620723512785,0.2154199039726982,0.2151554175761196,0.5513635020485059,0.31653898474983094,0.21264431612814322,0.32850895789540924,0.21889284082578386,0.17530310236545416,0.1949974859806539,0.3243911447674305,0.22148993870940448,0.27313289405387803,0.1999090942116499,0.17934606934776437,0.2581176335917613
0.5443744223348296,0.3479530953499162,0.3753725133034993,0.37063516883791187,0.37534216659043396,0.21947879615365518,0.49627330056175134,0.4007650300273674,0.28736211872642403,0.23170062844382946,0.37253617348968165,0.12243351904098944,0.2614063061233654,0.1674346189450273,0.19732005256350318,0.016814859103315385,0.13184538358199083,0.31881941665380176,0.4903071473470681,0.16888614107663394,0.20084509407232498,0.2422744915437588,0.38013515649778074,0.4274491475442587,0.08094047784700638,0.3533072096538288,0.24053784912774798,0.29736746303993067,0.13306572880743867,0.518485199729591,0.13013628472920818,0.38886647407759134,0.27862652955116785,0.5967340518459723,0.49928758846216736,0.3603482519477567,0.40290018710026987,0.35135041839475795,0.3376389359877187,0.35370036688001066,0.35659937340771386,0.2571546167942303,0.41327796635608405,0.2946142635538032,0.2185655381741975,0.24310000687285538
0.6096159371859273,0.4052669995692492,0.39176752739720344,0.42166605972619303,0.42100471572889,0.39874494301648766,0.5645430202892816,0.48684212615204675,0.3650973546654703,0.31092082050800174,0.5050388240219598,0.18467629008732084,0.38740462644181317,0.342013870588629,0.3283465427979009,0.0,0.1640193109004045,0.5359795935401105,0.47448569867428186,0.21986405272503132,0.23752114247536005,0.3414599715674285,0.4922159326421666,0.46343053325370986,0.2720291514124977,0.3632179561746587,0.267226424105287,0.42787270564832436,0.20689064612819835,0.5118049272192587,0.17297310476796404,0.49624278814814127,0.36890884849831485,0.6401172269242159,0.5598441210205124,0.46153751993797093,0.48736417741479493,0.545329534548301,0.5701501247826846,0.4422520183825292,0.3936264447519185,0.3913157833963645,0.469085756667717,0.30367423787108766,0.2864536655544476,0.23588274518869112
0.6604477838896052,0.52108678318914,0.37815651823648133,0.48804690711762094,0.4507929231944229,0.59128715718107,0.5888998195197834,0.5802624915714049,0.4942785246817271,0.42571220169306523,0.6990855510316107,0.22977981650702003,0.44637029031951736,0.6154739931010975,0.40748608480692816,0.01412992430230562,0.2524194894303832,0.5242260666534303,0.6637772663896989,0.26396244654127204,0.35988806920166594,0.49923158676706547,0.7143079313140498,0.4161986299879863,0.481887391718936,0.4854827935622753,0.3835465333995757,0.5997697287047724,0.2922965766236105,0.521753731115819,0.24248615760845785,0.5255476715570696,0.520435505699448,0.6250679582111337,0.5573288398241167,0.5570949114930497,0.5835332474372348,0.5926413726335787,0.6656419432371157,0.5526662938522464,0.6516911961314357,0.438867651048174,0.6209965684680228,0.37603701860300986,0.3147084819558617,0.3318693289068515
0.637480401601814,0.5439404338346252,0.4365607163464155,0.5143777813371042,0.4516367555999905,0.6056149177316085,0.5883218396569133,0.6624064569329318,0.619868386657424,0.45597897513023833,0.8092248161010349,0.28430918489229595,0.5941282992608329,0.6139513101502805,0.353758152974737,0.015116426164253162,0.33494024397502226,0.5861496303279372,0.6722731487342906,0.24270892418388004,0.4149143151484126,0.5360571746631385,0.8092287371343261,0.46066737244075295,0.5501425382750487,0.6949669460434853,0.444085832445003,0.5263528544301905,0.34987442643519984,0.43605047696930277,0.28076968471594654,0.5463705403171961,0.5172924989537037,0.7825902383768163,0.47124301440698635,0.5052302152972985,0.6939988745268797,0.6690802721687584,0.6925358562978486,0.7478998411284232,0.5406577898424394,0.4957347663621074,0.702699891456392,0.32528660813560717,0.3704768426602355,0.406343920226611
0.6967363400920863,0.571466883488159,0.46048060435946814,0.5889900918446318,0.527748483324467,0.5471354855487709,0.5522592286361587,0.6979171426595165,0.6887878293813061,0.49772165527119333,0.6808297515192835,0.26126492405993595,0.6780949452484241,0.6084592519384331,0.39149071951807124,0.011973893213074988,0.3560803491585493,0.5664730585190156,0.5839310175460612,0.30977210304233355,0.4050406393019196,0.5341876661149888,0.8166643221487605,0.6230954272839225,0.692016592931007,0.6956129332899006,0.5875909159793995,0.5608244071222298,0.2832793161688927,0.4062580279161468,0.4368784703094149,0.5824624630556241,0.5744656248658045,0.7334175310046249,0.5471006110920097,0.49586075341179153,0.7383595358997064,0.5950483232093842,0.6428919601680108,0.783253431344309,0.6126042391763078,0.5834652545877321,0.5767286381732586,0.3890641191255271,0.42788147291946105,0.4237988157328828
0.7478350929387262,0.6328775946816587,0.5310658035581313,0.7033356121211082,0.472891583904387,0.4770163361468458,0.5202249366196124,0.6659602882466698,0.687170830450264,0.5795605007185555,0.7362222689416009,0.2677272231320758,0.7503063142364905,0.8092877149841657,0.5701445559027772,0.00846550706008306,0.3950909163717345,0.7077404234839701,0.5964733438135404,0.3123286137607967,0.4353934029864626,0.6284789160257622,0.9642115221881719,0.7129273877375119,0.6361113137242221,0.8356305200238447,0.6428320861555772,0.6473744208411892,0.3048454539118088,0.6468077547415638,0.5760741157297029,0.6576793281872326,0.48641292433468675,0.7119030127183836,0.5700190343277378,0.6081393756083157,0.9389381159674262,0.6050786638859788,0.6336693800509935,0.8828715237091631,0.8861960081274971,0.5185315958721568,0.7851415275914743,0.357337481861214,0.5382084568626657,0.5157539009817746
0.7110690397452544,0.6374129428917769,0.5090833414483923,0.6851995129831702,0.42114488942110573,0.4942794168388313,0.5687020707028191,0.8107915943343432,0.6239519705625864,0.6187743988717987,0.8496428420768461,0.3172674892530646,0.600828626633708,0.7295460247285965,0.566305770490278,0.012110171453370684,0.36491806360830176,0.8210142508240449,0.57981341810462,0.32050955780854207,0.46512679978168037,0.6121862408808019,0.8207374419135713,0.5746530046465045,0.5250823028850106,0.8577610741027764,0.5983423132967387,0.7069442018035045,0.32929415784312943,0.729881529055375,0.4420469858057533,0.5636074050220283,0.5789000638221952,0.7339523997971894,0.574680974695268,0.5374077945205409,0.7824877493656816,0.6755958175672225,0.6539091050261084,0.8354409690995962,0.6548794268291075,0.46226183596506354,0.7395872008656312,0.3361127317414532,0.5097252249576434,0.4541851023160568
0.7203336588671841,0.6812464502610365,0.5078250664676436,0.6469615277039406,0.4249387143883949,0.5567748697469581,0.5723504929516321,0.8280013449751623,0.6875249760449915,0.641971435722607,0.8706809043580094,0.3530493554180868,0.7292000747698405,0.831121813828817,0.7036139325004023,0.0051612811326387335,0.3871165811701711,0.818260396660057,0.7578352386221234,0.31167401336183426,0.5188653544039787,0.6313229135110223,0.8940434047986913,0.555841490369157,0.5720242562435545,0.7772698388303015,0.6378856559719494,0.7128358258418004,0.37697081947644934,0.5877773342816809,0.43656709473952193,0.5983982522365624,0.6642831900804048,0.8638622322958024,0.6819691520083402,0.5651483193392846,0.804823890890429,0.8402855012092024,0.5974002952276783,0.8869861555154067,0.6506853603300642,0.522818451431164,0.7971196372166226,0.3047704567877294,0.5919501993623897,0.4798668721042055
0.8063663540367997,0.7445973069788792,0.5802308054140614,0.6786420323336013,0.43392663970838197,0.47764778527079116,0.5719300174941048,0.7794865064752909,0.7610336624739203,0.6313124925420591,0.9614114786442663,0.33827203287405677,0.7548956705230889,0.8213044819837609,0.5662664397306336,0.006037279581147196,0.442337975913206,0.950839485957803,0.7573562900948848,0.303874748277142,0.4801279644234354,0.6008200470413546,0.7465932845668969,0.728660275049146,0.5470689769014359,0.7888084186399347,0.5111745275241996,0.7563494772944693,0.3379603695813939,0.6500778454946914,0.46408256270419235,0.5991062388325658,0.6298421090494978,0.9073736740621586,0.7065965921340734,0.5842073531997642,0.8062420343250062,0.8929734137095265,0.6082454363028457,0.999486475967866,0.6357375013779629,0.5117366313956172,0.8610755272744925,0.5186820628616831,0.5514825887381918,0.5471297529264274
0.8575101882822508,0.7895535926584347,0.5913830153874874,0.7170081050410598,0.5328640648490897,0.45805507536240364,0.591581702335296,0.6866947095930502,0.7687152176253325,0.5747879447225281,0.7588906422916675,0.34869148246326626,0.7952879325033313,1.0,0.5092612689129717,0.004314857938998384,0.4822517990961149,0.8105289731955976,0.7277774859606375,0.34110436941431066,0.5592340388163126,0.600419801973694,0.7383402776835106,0.6505580310244758,0.5047541040946207,0.7306147286475354,0.619215796392462,0.6656130614750813,0.2405982374869557,0.6087456246918304,0.48876365403971395,0.7053008233236016,0.6478918999178476,0.8615371341971583,0.6982025992344376,0.5299667637530737,0.8298497950860274,0.8454148065098044,0.7002687571406939,0.8775447441667443,0.7539742396745279,0.5022653208721733,0.7119286382923868,0.5420759417265086,0.5722789013590792,0.523796166066819
0.8399690931383438,0.8074977928825269,0.732466706744253,0.7130444699594931,0.6136074110738191,0.4129819131927941,0.603766300029823,0.7296687425517628,0.9602185296579425,0.4448910320653002,0.5240320049345204,0.23629900782802912,0.7481914033442372,0.7468991110181638,0.5362344428451383,0.020080339007975366,0.7020669564168516,0.5541900544360331,0.7899766960202094,0.271861306721489,0.5194656319864892,0.6100764642905415,0.646521187186392,0.7342223923124717,0.33286304738177463,1.0,0.7397588214662021,0.5164044391841383,0.22691474371717804,0.635216716868808,0.7395895361407095,0.6748425320252288,0.593978917173805,0.8618752945548097,0.8006833477375361,0.5732288040469123,0.9183432545068901,0.8396891950825252,0.7651528464561557,0.8323731033568402,0.7868153184833625,0.4871627211509835,0.5547165511539933,0.5756910724344151,0.7821109325028446,0.6551662323645243
0.8427522650732208,0.874529700302278,0.9200032787341125,0.8184139964425683,0.6361780701794338,0.3320986653649104,0.6481887822019674,0.6885351110381865,0.9481248153736266,0.4222748078899894,0.4463669509004046,0.2641334149117586,0.8153575428776182,0.3972600978776732,0.5334344317580592,0.031644882022657604,0.7072071955013841,0.44413647722647553,0.764541494232323,0.25659352905651184,0.40446684233264363,0.5719810950151727,0.5373818676265768,0.7497125945338726,0.38428313612865567,0.819817809876268,0.7108846696203986,0.5276609243961206,0.18308311953551745,0.6181342042711195,0.615620296081468,0.5422591784319297,0.39294188252886536,0.9337375800298489,0.7503404588847864,0.40513935724217554,0.9202925622425748,0.5748721124887438,0.5572581704671856,0.643330241569269,0.8057409995598829,0.44340964372526837,0.401797670745473,0.39537523987533957,0.6705876046775208,0.675985475092646
0.8898146411200456,0.8573849973488527,0.842611920911884,0.782029459992793,0.6756104191600159,0.28940494460245464,0.6061699764957857,0.751691049015637,0.9606365077282395,0.4865025686408346,0.45664121294668897,0.2747923276080913,0.8838440194713144,0.5938540526101186,0.5557418370317151,0.02142082653454528,0.5496317472571789,0.5906052844277327,0.8934478880358314,0.2645558104661255,0.4108442206132181,0.7852152450744335,0.4829715657582027,0.7389982890079045,0.30468926927232476,0.7042020438125213,0.7217799556784301,0.505250867821632,0.18318363736220875,0.6740762139336113,0.5345177927614381,0.5187024734938013,0.4395010908485846,0.9407365147528752,0.8435202117840214,0.42344426205049207,0.9181380875233854,0.6340746817524447,0.7332000141573959,0.6370053405561339,0.7758154225168853,0.4262536847474365,0.48278940711496204,0.48098809280224925,0.5352942585080769,0.8005272285069583
0.9271441483025541,0.8441755508628271,0.7524155808108558,0.6825394803061299,0.8202030079906958,0.2988357552633134,0.7388280838424696,0.6545039220372533,0.8030459009220418,0.4649635598044003,0.49359188679670174,0.21825145560838677,0.7214409626431514,0.7369889148925621,0.4292879805681167,0.0068328409660082905,0.4526327390726609,0.602312449578282,0.8961284256818555,0.20235798373942432,0.351192640311151,0.6273194195370709,0.39805766473089654,0.6084640145585178,0.20919678695817084,0.5121726095809833,0.690655492304444,0.3951723027233751,0.17594319379667758,0.6435897721250116,0.38222293165254223,0.44156159337884515,0.4063108703466846,0.9491800008503556,0.7268120440840008,0.3808635405636929,0.7419151133021636,0.7062907031964363,0.659900554493624,0.5667085689402688,0.7798584365738692,0.47741488045541225,0.5211469322711778,0.4828345546777761,0.43394447575739953,0.7278748857994255
0.9132288083329747,0.746140197551715,0.620760806134217,0.5959639947520748,0.8012980607873741,0.2565134143219677,0.8403384789562688,0.6273896677861113,0.6557537030888476,0.3312321126328383,0.4459259549417523,0.2082207358448119,0.5815603917747323,0.3989890812701749,0.40357975328041173,0.0390815692271815,0.3835751650524151,0.6669015501054371,0.8904731082273053,0.15167120998745062,0.30895806840013806,0.4778587112857694,0.3356258686428112,0.6402261864535288,0.2617291364305938,0.4787455231848211,0.5708575842738703,0.4599686331435857,0.10740008472453591,0.6061328912820947,0.29584564632693106,0.33744538058605633,0.41767487782516804,0.9077312117234347,0.7753832007396816,0.37870334517086285,0.6869746685589956,0.664179593175705,0.5203489208994895,0.39516347454435724,0.5822523291114616,0.41149725683772664,0.414236669528019,0.39603606329927427,0.5014846280248038,0.600432386285095
0.8449259302693514,0.6856463745789596,0.5186428116313742,0.5384342756853066,0.7596378012205379,0.13573849742536082,0.7930359678770461,0.5550162122916209,0.4707341828589899,0.3318503225570792,0.39557827367528264,0.15783178114572907,0.5724904963801929,0.3686169675671889,0.3125995766925085,0.012430004858674279,0.2386915088903291,0.6755089020559553,0.7888501161768703,0.11650044756533523,0.2710884254604727,0.39122794166974617,0.2703690322807118,0.6000641025873608,0.11442539727636736,0.4706356755379939,0.4912455563523391,0.25232426230280347,0.10726184022501095,0.5340452619996728,0.18016585590976045,0.2782237109672073,0.2994329900232954,0.8632215176211004,0.8169304039007355,0.3607574353894373,0.6655377513309688,0.5563618094312985,0.4855608342128845,0.33169825003614894,0.6223937954183806,0.426166910693086,0.3309435114452191,0.48285603352485634,0.4333353423008159,0.5805890465626105
0.7485439962900692,0.5506655315766094,0.40003998341044494,0.5295883457655883,0.6901461824738856,0.09145869612940319,0.7247563063322551,0.6070958806575256,0.4065480374965015,0.2688517700309036,0.30810871925391586,0.15533398261836853,0.6105922456779603,0.41088398553480293,0.28431582382150145,0.05841571715466435,0.2185768292468266,0.5244384652590517,0.6286333912964888,0.09675899518369024,0.23212083992422838,0.3480528017828178,0.34335197785557847,0.6746932810450519,0.04375225464921369,0.5306039807516086,0.44652334456703535,0.23098331399435085,0.11145157399879799,0.5169633980358418,0.13695358424794124,0.18970789682659944,0.269836859035955,0.8291376467800581,0.8056340264018199,0.25380694856227964,0.656920472883044,0.4421759722931759,0.4273088818066935,0.358471031074886,0.5049959228942523,0.37843852452192706,0.30398403243355016,0.34953563137721966,0.4413619534677056,0.449484695209653
0.6336277291906025,0.548859613033503,0.335266576758772,0.49567821565966724,0.5384482259202178,0.09202544827699949,0.5567351889338654,0.5512738770512431,0.29841542801365917,0.14554084466032075,0.2559490520549266,0.12699976049520575,0.37924474173511585,0.23860612607213733,0.25767337287286185,0.472293929330914,0.1359602196182016,0.5713776663159091,0.6104677990911126,0.08042103235492451,0.15847336300552947,0.2161298910501433,0.37859340213630094,0.5699963198371278,0.0658181156514577,0.41830392409210415,0.3387516068908095,0.22729344286800324,0.10406179990061226,0.6931970792888472,0.15741745211267097,0.18789938419948377,0.2161272233397722,0.6346060340973882,0.5533355106352236,0.19279080946308344,0.5238073202780841,0.34436743582574825,0.40438792747809965,0.27769755267700036,0.5537462795934861,0.32902537599986936,0.2874178506711568,0.197046562000371,0.27323943442068166,0.3883381946634718
0.4761699546246743,0.46334363965384895,0.27239964318519,0.38594889667299376,0.44135809631504297,0.05737455840686398,0.44225082384093295,0.45023476221374914,0.24016642494527812,0.13895761137902554,0.1439439391797712,0.07446334830143109,0.29383138527952474,0.07111860244282378,0.16868034868489928,0.4472756384390074,0.13445952180578633,0.403291506620246,0.3425989701831336,0.08331168343063022,0.17709914551001185,0.1813994097461484,0.29702966978298945,0.4492106263319672,0.06294819435174936,0.36238830876385775,0.22730688992748918,0.2617572337173521,0.07056057585773191,0.5953338618482634,0.07146561649536107,0.12693389260942997,0.22384842542869787,0.5358160349194246,0.4116283536225965,0.16363042548356652,0.4849566917703542,0.29924471452732515,0.3438634509414282,0.1926693473571162,0.48244898557317656,0.2658824805725895,0.25104156359985424,0.09284807620942667,0.14589475493670656,0.3568784882920591
0.338081249935668,0.34448517267820633,0.2265136095640408,0.27984892869314165,0.39693572999568083,0.050830057485447624,0.3423807712234226,0.3983080188147309,0.197915449928217,0.10146505077034626,0.17193839438592046,0.060797434159306926,0.22531538538642013,0.11325822421005358,0.15181630794371384,0.3477057701324115,0.10235494224173368,0.2673377161391751,0.2834582654628093,0.11091306742846652,0.09332135131963118,0.15487425886899467,0.26170851848738785,0.2217241270053219,0.05174200073816694,0.24133778765957345,0.16773782456452127,0.1308093636814602,0.05579951329068304,0.47381063355270614,0.07705460129701933,0.10659657814191884,0.14426052054936897,0.4205284138527871,0.23463182949216932,0.13459161224949995,0.43996588545594667,0.21172812495287124,0.2278239515189317,0.18451504277681444,0.3431054649235728,0.24532219326213528,0.18587656855191495,0.14136711095895538,0.23008632233531873,0.30689603013939837
0.31345397390667695,0.23561595003657881,0.19495427970300033,0.19831647063003188,0.2976132484920896,0.026708375175961918,0.3321573704451858,0.31910126444436254,0.14259614929334394,0.09027252210865519,0.15369456912052096,0.053618120180293535,0.15836511348906387,0.0831315955024737,0.11212434616017919,0.3245889125137115,0.11623402635506533,0.14781361621650507,0.2595772748950055,0.0536677970430131,0.04928314108876999,0.12975204622074274,0.14994409357611116,0.24869072035735051,0.059530505807519465,0.15305110259419327,0.12812739703339737,0.12187311692371461,0.05077244096160033,0.30261337279967565,0.09543441207792602,0.07383742734410471,0.17953264306339722,0.4186092962214529,0.20917559847644024,0.09385009658120028,0.3294539358268538,0.19758460988797744,0.18635270282370453,0.18834339569147304,0.24576519433452904,0.21823844068690557,0.09655793461975586,0.11538929883484245,0.19667802550621194,0.3122032056583946
0.299441284735025,0.19550956554183926,0.18737059183613786,0.22250842873136756,0.3192162636174126,0.020250908022374177,0.3657991230707895,0.3411632581350529,0.17437411857849333,0.10839437980250244,0.1447649693265249,0.040618213415036894,0.18328399325615474,0.14705327772453575,0.16040340979059148,0.2831611292398046,0.1631070394539348,0.19561575450697125,0.30915188573587576,0.04870527977024589,0.07602760950111642,0.12962386762789457,0.1562278685001034,0.27463474335207855,0.027724892250096424,0.1865443921013836,0.13753104746569905,0.12142771255530854,0.0636736644823154,0.299255049949358,0.0721678257077221,0.053364779913270766,0.22679331714259793,0.4731508337347509,0.1314298088855219,0.08532229771387062,0.35856527037597247,0.22495101143602297,0.21462848097990977,0.12825161318889844,0.3422663850085042,0.17394595724026662,0.15651033380849302,0.07799846163673663,0.272665582376365,0.3759664085623013
0.3142083359206477,0.22744395961615602,0.23577840199674288,0.20147134225745317,0.2604259846477033,0.05947507463929676,0.3730313003700971,0.3241341156183056,0.17350745429850667,0.11796973636750216,0.20916081561580338,0.02832456668488861,0.19057851267208417,0.20898011474662204,0.1432875573025577,0.3090732178913808,0.13317323011734444,0.1939687454830903,0.23178214020748755,0.05497881146508087,0.051000305643648915,0.10683371350051266,0.23192953535831878,0.3193744582271319,0.07229302244331283,0.15778876052643742,0.11084732695666952,0.18627756923866673,0.05355712952904566,0.35307397070574714,0.04914523226546417,0.07425367072831572,0.22256207676239037,0.3580382488275124,0.15268072474351488,0.09050247660638147,0.32228023398913075,0.11107253595975576,0.21943634404113338,0.18200439818690095,0.23543972866877294,0.24435394644088743,0.1667961541607101,0.11062153119919638,0.18925728448722212,0.3271257277479943
0.36080558961138226,0.23072646539956804,0.31353972916116885,0.22735441408277535,0.32607463361816746,0.09754803593764484,0.3684526865338364,0.3366039909133019,0.1469312671730415,0.1387815250553606,0.2608887739297044,0.08104345894554757,0.20675339333008166,0.1175151839531858,0.1027540446406632,0.2844183443779136,0.11962887494284954,0.22764141560316586,0.3424631986616603,0.05440398213161463,0.11936361242831361,0.15074304118712697,0.21873531387293194,0.34643728949301356,0.05629415596638011,0.23824604390554618,0.18448386069120362,0.17530780602445467,0.08603191225515094,0.3876951934953465,0.09875972530130686,0.13092154964707486,0.196418633829266,0.48481546320509034,0.23793874349783278,0.1903947400432863,0.3927077704422725,0.16944491442406168,0.24096695461101147,0.2373559644660507,0.3988017248770141,0.22724649714343792,0.24818711477838265,0.12511888482275663,0.2728065397820925,0.26917727886549203
0.5573906231310922,0.34957726927444366,0.4034989282576818,0.29807706114858556,0.36081077529866534,0.18222099125604213,0.5518552321447561,0.3880262112166014,0.23280054426255917,0.2606159692672154,0.4384152494230971,0.1251538174078832,0.22508835642361144,0.06630508952984551,0.20491948537195612,0.42248827362453883,0.1514290783912658,0.2783044292030257,0.4338640742351088,0.09640083238791958,0.1791975783406739,0.2336332570222468,0.3086910998788638,0.4354408729289172,0.06987534179795471,0.33572571325653244,0.24805757642857099,0.3323484762026659,0.14570279217400559,0.4518336984675694,0.14479467903513263,0.37816315540961454,0.2520046659910571,0.6124825337968154,0.36433613811275445,0.2974535790810284,0.47453350255865606,0.2905473043568992,0.42764616872108135,0.34439322935347183,0.42148609459774516,0.23952584532834692,0.4112039119832107,0.1867704398240388,0.30801349878272755,0.21071551053004692
0.6994198343296097,0.4824244113236744,0.4386788604230054,0.4303845141901232,0.34775317345871337,0.34947890078416843,0.6607392424584814,0.49871481791199285,0.31393306456971337,0.30944856662349035,0.5680325711631783,0.17608432521609266,0.2940705228508541,0.2619948185618572,0.32412748265342883,0.4719480085246555,0.16377151697855333,0.39442001284860007,0.47234181180754814,0.20666823124720668,0.30998638856203964,0.3813954807794719,0.6097238188050856,0.3881361683680801,0.3263858665343342,0.473135367079907,0.29304883176044627,0.48711016650401784,0.24481214324551848,0.5921535112428099,0.23324219330450938,0.4936005480769917,0.3492949335502978,0.6961135464834896,0.5541530052782873,0.4292069635986716,0.5714145926856643,0.37422030524849276,0.5650857248245595,0.5017054398349267,0.32407485414067244,0.31040159831924596,0.49441099287815476,0.3352901562947015,0.2506259644201656,0.2623369806305785
0.6862980992666581,0.45733464457546397,0.4681932713281979,0.4736282487143145,0.4008968998626865,0.571930215629796,0.6295241760281721,0.6047137675420519,0.4792271489842324,0.38285429332537685,0.7213953060947685,0.22740197812496826,0.3999641603646362,0.3095462044048756,0.4157453476282226,0.5397551876618281,0.26223408535639436,0.6066119999962212,0.5282142623033577,0.22641683120210068,0.35729235843574514,0.4713045729244087,0.7155585293233117,0.44401504819491305,0.656911921359682,0.4179837574007178,0.32799036223733646,0.4565176304566476,0.29130536627894826,0.5304315609951185,0.2540459723092342,0.5662104094600569,0.4369885338469693,0.7412292238767628,0.6075994319678651,0.5795225237867679,0.6796742750895047,0.5616357114446742,0.6833206192770991,0.5888540575348268,0.5571701792945217,0.35776138621080744,0.5731885162100104,0.36278597734317586,0.36572512255234646,0.34575277255761294
0.7295070152915704,0.5598175483294526,0.5311460346364423,0.568083412383864,0.4440076880540521,0.6938448215975838,0.7311516976129139,0.6831329059610824,0.4507097761867244,0.46459947580948713,0.6810749596536378,0.24862025426769443,0.4218824263257022,0.39757175874332634,0.4295462322492627,0.5437914605011305,0.3297923596379371,0.6444181636799173,0.5573481031517823,0.2016489423895731,0.356866439294703,0.5540506107590275,0.6902073458191564,0.38054423054282366,0.7688650409125211,0.571828983936858,0.4389905003921726,0.5999340498438346,0.3513309346774564,0.43120294511601304,0.27338150599969074,0.5427703102588664,0.5448488839588621,0.8955561846677499,0.43780898917034605,0.5514439909574993,0.7121873695114844,0.5202220163988279,0.8438549338237096,0.6566941905848894,0.5557226304547287,0.4491540091647761,0.6201838531578339,0.39123428876385596,0.4554670947729886,0.36813214043817927
0.7553536288778893,0.4912863132263856,0.5746881621805353,0.6018252098768607,0.5221227845322587,0.5901695960750343,0.7360092989342747,0.5839038322903433,0.5470027500434966,0.5145922448115897,0.767723217071131,0.2192819368602694,0.46593019563916976,0.33187152469492276,0.4974309331866059,0.6141618415608261,0.37492976074829076,0.57897820295441,0.5740940667882071,0.2533415343627903,0.3425452301160638,0.6529948540240853,0.7619349190071594,0.5203742136799483,0.5929835978299695,0.5075087327891923,0.5450335152905028,0.5412894089856091,0.32048282547003387,0.5612902245187551,0.45421843782377114,0.472658595216946,0.5323022802940273,0.8577714634958453,0.5083743508612727,0.5220248350468244,0.7088079119353937,0.48791809295058153,0.7317560755050527,0.702977886114769,0.6252026646749874,0.5100743201218506,0.6683604362094052,0.3758928792900265,0.4893635845646905,0.4163697911875283
0.7725195304763872,0.5352059567370805,0.622245032280285,0.6104379997229554,0.46839116341377984,0.41691949791202443,0.8230207192141703,0.679097502706477,0.5678169941094643,0.5932810916737044,0.8080548689406928,0.2728156604896904,0.6304788812428066,0.39990540321373585,0.546747322319695,0.6489785647318873,0.40623604414804165,0.5541195608935241,0.5732685604387026,0.2875874321723776,0.5041973235730847,0.8508999115625834,0.8114726209073797,0.5643622253066493,0.5674150010601453,0.5802764400510098,0.6204351873604675,0.660858934944966,0.29918998101433064,0.4805501521197031,0.5376346996976212,0.6041373420893497,0.4284941860603335,0.7622817096506196,0.5839609261756011,0.5601446232386394,0.7637155160122512,0.49566626182602125,0.6650583342412474,0.654187907150636,0.47333223873489766,0.353186530899839,0.6518419957373501,0.30952503504513423,0.6702623442493689,0.4351290232416503
0.8015233251115957,0.5563664240336094,0.6368097419771329,0.6399390018285771,0.4471601703893555,0.48958380525696726,0.7430366048880456,0.6547593508150885,0.5821215168803957,0.6112263184457524,0.9326498299017187,0.31451276815766865,0.5598049046714741,0.4532077759983684,0.574841952354843,0.6138748333067311,0.42711923377795774,0.7201793112719928,0.6338307152563095,0.26108736233429075,0.5871292032301131,1.0,0.7152941896866409,0.5631577715636878,0.562508172882831,0.45954042173312626,0.5496318762092466,0.7703721754223254,0.40533681352288053,0.43581353948446083,0.43709756341896805,0.5678861906277353,0.4973132508872893,0.7230483488749657,0.5769956838412915,0.5183224434006742,0.7676567257494467,0.5274690928798134,0.6917523138019137,0.6543529950649107,0.5316906812925238,0.43605460942907165,0.6149510019434864,0.4495771550262363,0.3844158743487725,0.42273717518981013
0.8114118871667992,0.6855563319418196,0.567051055293048,0.5982586696347294,0.4888607306402287,0.5053778576565551,0.6770312351966464,0.7214832659790403,0.6550036741070051,0.6194893849415378,0.9457697509684012,0.31572814618758094,0.4902010283709036,0.5783801964973703,0.6278310023731569,0.5725348919523998,0.36914231010617876,0.7708481990793856,0.6639448082863842,0.3322458031021643,0.5219706132500559,0.990214378998657,0.7499571598378769,0.5241574949573833,0.6758325002700232,0.5690671328914877,0.5279019305715367,0.9477825562321279,0.4714021828516488,0.4480950041767354,0.4617438879188027,0.5717264861555615,0.584077452654685,0.646058028761322,0.6114328498817456,0.5597711103426234,0.783553219220097,0.6025136426007952,0.6142610807444217,0.6808018308640766,0.45823515090406636,0.4516200323755422,0.6938530868797685,0.5822591686752311,0.48777568082887107,0.48860744184699817
0.8053022589018264,0.6699673018713433,0.631816953595505,0.57474173195437,0.5420783814137002,0.5574856217376187,0.757701573293444,0.7504559343665657,0.6938010224872828,0.6068137835817063,0.8152803134066552,0.3004429157426812,0.5242683896382259,0.579936251487104,0.5225708183549407,0.5783365001306934,0.4020973640732347,0.7214412643800554,0.6754227376251914,0.3137577056991125,0.6074451764534965,0.8783903966993082,0.6940834562465039,0.5515600931828719,0.5888205715867775,0.5239800053760791,0.5676892742269902,0.9999999999999999,0.42630860009421545,0.3341561274358431,0.44670273415867784,0.6759129590541929,0.617497269838686,0.6724275664588937,0.5980621585548501,0.6214259235515184,0.7768231835784272,0.6269981959030648,0.6237259596420931,0.7161430001422319,0.5657605201393526,0.4239956402994808,0.703713652689391,0.4942044798704595,0.6078875957486332,0.4376527627556745
0.8273295084064487,0.6429266472926807,0.5410525386160286,0.6165693920545375,0.6406864442151367,0.457251443498678,0.7501681073646149,0.6708451830956251,0.8292409333463052,0.5214615518306619,0.6103260700077214,0.39164790158194446,0.6164278953950443,0.6173772416577084,0.5274432227304583,0.694846448707224,0.5011224900535082,0.5932904288392705,0.6418264476508238,0.3940699031488244,0.593674512907874,0.6504140608927425,0.6326383867319318,0.4864787774863023,0.38386179665498815,0.5108864374346413,0.5336554765493515,0.7798013146457219,0.33592423890306294,0.30250780816738854,0.4251880410453782,0.777278222307502,0.5282001638827591,0.7418195760810157,0.6623917916409018,0.622216543441488,0.7890454990122316,0.5795762355639206,0.6948747078448307,0.7421359220582355,0.6074657251260904,0.3983576414332137,0.685318386641582,0.48259655537545915,0.4135128964702532,0.4624815485268746
0.8846489778008088,0.6293973124350979,0.6507504328228403,0.7700486271141356,0.6206927851110311,0.35641644997250516,0.7178185076079465,0.694291134899211,0.9815552696009942,0.38756311353441697,0.4838516582918424,0.2911894702678088,0.5570641336562384,0.4695051427085121,0.5461473370769045,0.7889437910200068,0.688576209373751,0.5209694512624665,0.6897544821138395,0.2901908641552688,0.5195774633744498,0.6071342867730662,0.5479173259859486,0.6116598089857287,0.2802727091617161,0.786040331479502,0.6668449657433358,0.5173074241592326,0.2404785969335973,0.4893588078892298,0.5559422505681633,0.6958443030471954,0.5009563106107172,0.6798503203165115,0.6597056403293896,0.5082991796871145,0.8351678003757552,0.4853249052370149,0.6542035265704698,0.6795494443597512,0.7844164331216714,0.41324751718074865,0.45277542140617033,0.4663181537335493,0.6613016790911255,0.5718361543980952
0.8365293743034867,0.6662792025945314,0.7976936008142091,0.7600642702110001,0.6998880689228197,0.4085876350416194,0.7744292042785988,0.6831551144846074,0.9933715791795475,0.371738829644396,0.48391379350945896,0.3347722130944801,0.6413529236995112,0.4511059694025497,0.4896409052972337,0.8353398172621913,0.7015920422962822,0.5077352481237644,0.6864400335729572,0.23840038369965835,0.3460346848345871,0.6560821920813961,0.4291042353925437,0.7793088049250619,0.28150451122693054,0.8037585503176691,0.6903279486959916,0.6138681088579897,0.17314467247037366,0.5389618300500448,0.5356739808180877,0.6182856571882295,0.40967112625565255,0.6785253428915871,0.697239780198298,0.46841217085038184,0.8387947185164573,0.49088921519854767,0.6406650551333427,0.5714383653704269,0.6889964991848088,0.5044252055211982,0.4821796911823814,0.3904301430486154,0.5606906188501668,0.7169600449369035
0.8790769265415748,0.7643311729456952,0.8422702633296935,0.7810157905840092,0.7395017949193479,0.39529241947267646,0.7638684250412293,0.7203157302957085,0.8079152416334807,0.4560032872064647,0.4647871100220068,0.3012060351195928,0.6434356893063096,0.63356130255105,0.5540557445324235,0.7877684401638001,0.6322300978552303,0.649321855669493,0.8683736644813626,0.24892196892441096,0.40056360522194556,0.7491576988642247,0.4416552624236962,0.7868873760620362,0.34793917254687623,0.9542958682279968,0.6710089735512371,0.49910272314633086,0.20453832282091958,0.6369590409144069,0.5463877893238789,0.5620802744122684,0.4376654530398525,0.7744459526178434,0.8905612006642918,0.4414557206486277,0.8568148834325955,0.688449521818825,0.6733875779994167,0.5589066280460563,0.6460916551701581,0.5823027824700534,0.47316832199919817,0.42419405368604335,0.579982636949645,0.7295683488612443
0.897394517901042,0.7822594608196737,0.7255887024471908,0.6299611970663025,0.775654254346547,0.3210591244581485,0.8303000846720443,0.6464208809521423,0.6248655693153728,0.4071623193312022,0.43479602280319335,0.38794591487735014,0.5522405762257354,0.5752620255191299,0.5001812601030707,0.7205336000733555,0.34809219849866296,0.6695978072554601,0.9029882978000382,0.20597498845634685,0.35106666586611,0.6046585004371877,0.4739974548141626,0.7245856072854073,0.2909722637067318,0.6541856155679443,0.703204703459726,0.40259281010952075,0.21675792265402336,0.7044085889689145,0.3419791561551975,0.48100991200780097,0.420966604318818,0.8056629445055702,0.8226582950546376,0.4086308974260537,0.8048060031139258,0.6627184083012427,0.5791697011256512,0.49780855769110116,0.7157665567558273,0.5267098586134862,0.4711192114447794,0.4001705641882852,0.5830142809702024,0.7904292867549679
0.8829314940182238,0.6748762141968823,0.6065479774983495,0.6032620853459596,0.7986453539685082,0.2235151096052732,0.7710727319645688,0.6093052060174338,0.5596698651464915,0.32250992836523124,0.3765721123740196,0.2354362695559962,0.4918195699744954,0.44856784334336347,0.41637287409072987,0.6629726903904756,0.3179023940908024,0.6667403804531128,0.8628705016160135,0.1794804249489722,0.3012378383705871,0.44661136054304307,0.2959899621984261,0.7318001174390062,0.3171600776429956,0.5174258707860664,0.5627514595698868,0.3948815250467468,0.14130711898097126,0.8741586365455498,0.2432816384566915,0.349086281985713,0.3931527065325038,0.8066714264233668,0.7114771701359639,0.33661999701489004,0.7006140202950849,0.6719823044397459,0.5927903039218367,0.4428947635822951,0.5531135646679556,0.47221744974522656,0.36297591742370205,0.4029047313902665,0.5148264884662579,0.7401364402079442
0.7071569683644026,0.6890025076008677,0.53287901146469,0.5350582445399994,0.7398181389544384,0.16129956272493784,0.7296447556010577,0.5166362506172975,0.41507720610372195,0.2985572758465503,0.3782801910399863,0.1988340226081522,0.4954127451459599,0.4837676789053819,0.367704755084587,0.663486157024223,0.2570648871157159,0.5700081942974968,0.7469965469913005,0.09793807714028122,0.2111427227653403,0.29027279938359424,0.2992052513033054,0.8677296454081471,0.15024363597411217,0.5131589613873552,0.45941275163394785,0.27711075526804585,0.1513380422756335,0.7496266262323625,0.18303864127104594,0.25250852655236755,0.2839079880853035,0.7841966647708094,0.8298512501027472,0.27864859967507005,0.6758673285226877,0.5042169700796716,0.44672630182222606,0.4072868564377746,0.5475757975391496,0.40409407310404544,0.3490195792567544,0.43013857190835647,0.5218424001673556,0.5526675726762825
0.6504253858397202,0.5418482566607329,0.4302402980260797,0.43099297408166515,0.6695123952480226,0.07991050339462134,0.6610506660822403,0.48299111088198116,0.29923896974807734,0.2121299658693773,0.3601798823774801,0.16735291000478042,0.3421179662307985,0.2605422964947881,0.3395610921928013,0.5290000289049597,0.24788216332043242,0.512018986782553,0.6614995334026864,0.07110606225399396,0.17888621951635192,0.23130400771526588,0.2981316968416177,0.6612809413806817,0.0493662426006119,0.42234063124641297,0.33688267308716674,0.16437010231139848,0.1293632132433383,0.7459271157273782,0.15689576469978714,0.23378216188097958,0.24417736690834307,0.6598200079227401,0.7753039572704579,0.2575093025264951,0.6376468215633657,0.44115443322977665,0.35792164872614196,0.3559768058701489,0.7219271885233808,0.41195994046621864,0.2825903949391468,0.30509168731050473,0.38904041166817455,0.4450300108091958
0.5456889651456223,0.37916572711522656,0.3550364832415756,0.4349007244854457,0.509460512067854,0.05923690920073173,0.5171975152939254,0.4738437572931868,0.23857307329197092,0.1729585071628338,0.2571545689322733,0.11254829381370147,0.22904483547258683,0.30862075023025287,0.27143396829270394,0.42499060385855775,0.21632714840840228,0.41916543336389583,0.5140510903628769,0.06324162598701369,0.1482824201436873,0.17271118053920176,0.33092183668752717,0.5985889552494432,0.07903554176268623,0.2638317049908089,0.2895162141546176,0.24247894855388963,0.0981018432460724,0.698723944662537,0.10173879067959715,0.1486692128088101,0.16772418764716793,0.5139654658218452,0.7155055364841597,0.1588170797573228,0.5783291225187933,0.3577017661381909,0.2764234330653576,0.3054540946462861,0.4226674356069629,0.33238636183801556,0.2457567510602224,0.23112783725713756,0.24898421224057532,0.35542679081434503
0.4335141700771219,0.28710489279854323,0.2599168429423506,0.3668395808170808,0.47808494682538405,0.08743315697152523,0.41190072845985415,0.46915897993530786,0.1801556003763056,0.17079257135801842,0.17619156616609766,0.0832656778588065,0.18224088408569097,0.2655769322941376,0.20419189719936395,0.37683189950505636,0.17690777463879848,0.2807749365886547,0.4714247495959913,0.04093983824349814,0.0952459349957262,0.11257083653813799,0.15531162820017946,0.4302691347274033,0.07024749871323051,0.3055252889632858,0.21417238914784795,0.17423521721503937,0.046453119920762315,0.5761476672265393,0.06747355765833524,0.13883132968227327,0.14383203190482144,0.45789207073260363,0.45696286014314913,0.10047628676992501,0.48744381741868353,0.34218232204543697,0.201262311513558,0.21613836540935705,0.3384510022446477,0.3037273388333115,0.24280081602094453,0.19295505788399037,0.2825614322646404,0.32601917255607904
0.3625930730883944,0.24078108003265003,0.22679848261602287,0.2799295472254978,0.4273983349299274,0.057708485471207355,0.34381674609126345,0.34445950160840066,0.18906136354763797,0.10698775785390277,0.1706554560922842,0.07815547083421027,0.20904972867627838,0.1963751720445115,0.12360708834544412,0.2585862595430934,0.13082173251403478,0.21521855125035744,0.3086974620987074,0.03231873598055308,0.08447497884004704,0.09726353435932927,0.13315874771660058,0.3245413341032163,0.031534009466620765,0.27715561792301824,0.14749268204678287,0.16702404154977135,0.03758567712860821,0.4382557692452321,0.07177136810673157,0.0958357201202977,0.15131710780825325,0.35345714201355605,0.28965316790340717,0.09000177231920797,0.3577495962749263,0.2850906300165938,0.17505571468648679,0.2009902593092731,0.37517187323564,0.26957553821374985,0.1861435646166559,0.18589457815651028,0.2002108136569793,0.3372913264271253
0.3068914671620452,0.26408600147599204,0.23327686675034687,0.23155982271049802,0.30053091258940046,0.04859623929428537,0.34215488931036836,0.26965028458900536,0.09725511650874026,0.09542720970222121,0.15503754130042655,0.08186749914246876,0.12361628529598262,0.29338589412961075,0.11063387490775153,0.25222731430814666,0.013184772323061231,0.12478394014382482,0.30420357215744503,0.06553446726677606,0.0342573179457182,0.09870484079267129,0.16531603687007224,0.4345877484152068,0.014531897537065859,0.157578643075528,0.11875428744180289,0.17705754803822632,0.044096336871277675,0.5074375009729947,0.056258933888100195,0.07700386804373929,0.1535155769190165,0.3898805742788915,0.22470482390753382,0.07851595684589177,0.2559280149028487,0.2068108633545222,0.1571019945599798,0.18194040223668875,0.3461259039167408,0.23257672057581957,0.16322549550932136,0.1463256387574258,0.19171850553080844,0.2594570875074528
0.29634815453969016,0.14623161177809826,0.2708277935083429,0.20489141658955062,0.3393997769485064,0.05084337381280504,0.3423192407020901,0.33166549617122787,0.10260743092065747,0.0954760050072401,0.1372069735005468,0.07686514532119028,0.1448074865134503,0.15860636673772,0.14143006979166312,0.2220737711512875,0.030000778012167387,0.1259759443290922,0.34423466136940656,0.06066725554603932,0.015497549305277955,0.06676987545010951,0.11043554261697604,0.3612801590506873,0.04214741990628473,0.15857258445826722,0.13245410803625388,0.09633020635346756,0.04848498920178097,0.48481580968123417,0.01979252379014179,0.07029535196908201,0.20267150890695415,0.29473472364759096,0.21381274707359366,0.1014346133071253,0.2758266764022904,0.29152314167337967,0.15305303057380287,0.22079036517130715,0.41132891017083567,0.22369518012658107,0.22088177527219943,0.15464410609242257,0.2504553110730498,0.2882244522140327
0.305530441095524,0.22128353094282355,0.3038764045265637,0.19522326780784044,0.33526656558856427,0.09017428552707742,0.37118239568278477,0.30731160625412407,0.1083722627312548,0.09708652860544797,0.11529180934854877,0.09332736896475463,0.21890828038062346,0.1674757577130317,0.10874659047577254,0.23222324272607825,0.03434265438502779,0.18133672527296002,0.38346671897801016,0.09558828676671072,0.030466098008865093,0.09981261249759486,0.23951311368458084,0.4005301758593783,0.028332244456521882,0.16839309042707676,0.15818667794756508,0.15128641572195406,0.06146779736614151,0.43262398258489637,0.024816845761998094,0.10163754847644985,0.17795286940724406,0.3475307470277905,0.13751532146641335,0.1102115941015562,0.3679600168060939,0.19854902483965364,0.15687160802669592,0.24983674219324117,0.35736856413165574,0.29168653747809,0.2138344935410022,0.17291828877775509,0.3578516679652383,0.3028999841417315
0.5015994657865755,0.30720227581079657,0.38434651907212003,0.2602914203999908,0.3854077408559322,0.1316771501514668,0.42584600896983127,0.3920812314046128,0.11750671249690313,0.15175249411708253,0.20133092891154775,0.12602030049253052,0.19357247117313378,0.22729899512449636,0.19774125271588763,0.28099040418840115,0.11062475977505234,0.2121237732853266,0.4405152849190775,0.12117939220122212,0.1511852916164112,0.16546123863935264,0.15942723261903702,0.41347322010397863,0.08812111290041427,0.26892504049749777,0.20874369778991167,0.20328014074780915,0.10501619427836195,0.44520669574794836,0.08674603803596131,0.3128241051453038,0.20427007642241327,0.4196635494681221,0.2655539635167172,0.32660573124780246,0.3277368782686287,0.3057317555387599,0.2262269326221003,0.27588182968474995,0.3664423090017107,0.2788168572286475,0.29367783813059495,0.2288562086821677,0.25766660743547254,0.2907231020913418
0.8031158280491205,0.41475917886595765,0.44767543717510744,0.40598973223873686,0.42633607222678127,0.33189217488240863,0.6202477025140786,0.4410491360166534,0.3411638349944995,0.3499184184298196,0.2866007523337481,0.19998581900837403,0.2855663371426842,0.3144565127272555,0.3034030511150234,0.3796075094628089,0.30789643597743915,0.45331465036170293,0.48922845920890806,0.343437746793781,0.2860405313151661,0.2824683203869438,0.5167890959326005,0.494803143966397,0.13476463650375328,0.34202550049618385,0.3141380878890101,0.30028559862977033,0.2533386115292103,0.5677491372195156,0.2044848708581159,0.9559174544131843,0.4539548294823632,0.5140148246740236,0.555063247029147,0.5873483841129791,0.47819206452150603,0.504541187986447,0.604643017760398,0.4901115909802321,0.4775659830314644,0.33162939801056884,0.4752586346842298,0.4597687638125189,0.4027679123138724,0.2783185613552695
0.7259063261348123,0.5447637570665324,0.43091944924484754,0.42492284425945964,0.39739673192061553,0.6771798757267959,0.6497981884787936,0.5027556847220079,0.3859015539152734,0.557810835024734,0.47058220934562434,0.22984277817077362,0.2562111500118424,0.4542743426609685,0.6230606787082379,0.5741147344343,0.4284901673711464,0.42893986110726495,0.5219799266772636,0.3312229831444366,0.5627067671962681,0.4418472565749719,0.7282521386775939,0.6235289546196705,0.4173239770217338,0.4100470929014519,0.31274931914914594,0.4360473299278591,0.5822026505462133,0.4607426842825013,0.27954311705821666,0.7660388428549495,0.5628729189750322,0.44318524423412725,0.6229116927863405,0.6777692435773539,0.5451832570790696,0.7694831778090198,0.704788550017474,0.650065814282017,0.39713696272386495,0.45378068138389005,0.733293921067197,0.350838051826463,0.37095303621244874,0.2810143471223118
0.637216362697391,0.5740418017905712,0.3799020791726444,0.392960879810129,0.3571994991275136,0.9292423826816126,0.6011145387642904,0.6081734921740434,0.34120431443096866,0.6906963907634854,0.6417517474204715,0.33240090138819806,0.2743078383704205,0.5464838086057431,0.7030390957054719,0.6328769711257769,0.47518273498132496,0.45553321602797403,0.5168345208835234,0.3445403842385511,0.591809367679789,0.5114132005413448,0.7878649650022372,0.5995496592321049,0.7114002935010908,0.58474682474961,0.31841158436904066,0.3833882360413043,0.6392809557597076,0.3543077371391549,0.28240068652092815,0.4953980620079005,0.5475220790038907,0.4443712969452553,0.43157461390452584,0.7011893185079717,0.5017387442713481,0.6618233932370172,0.6378587727531918,0.5921339272962102,0.4172967534054984,0.5238349955804319,0.8218184097415449,0.5098404888132609,0.4713158009444019,0.31737720784687035
0.6164996249946201,0.5533053955414996,0.431619914923858,0.41753685430729826,0.40183598060030346,0.8018582608492513,0.6300965261803563,0.6056924311313658,0.3753599928645336,0.7863217624705728,0.6520781234732452,0.2762108013931167,0.2979624691471202,0.6038670312796377,0.8328205973024646,0.5828736063486218,0.5126526716528707,0.4733044987990661,0.4775886475233962,0.38955689819842243,0.5943323668013157,0.562203879928006,0.8905394666370359,0.5484767854234591,0.7624507895295825,0.7558754952440633,0.34415442187763395,0.47258949773675274,0.7154791640532093,0.3792044284539325,0.32493139785441694,0.4613181268236237,0.5913987232830533,0.4918986898151651,0.40911635825839615,0.5311473844816251,0.5800025758257905,0.5627086772217189,0.6520459795535184,0.6011277102926956,0.6580014699686056,0.5499081964778338,0.8575840719537461,0.32800109611520434,0.38646202240644006,0.2989870805846969
0.6254868381593869,0.5741008579854707,0.40530574513766626,0.4827740483009056,0.4258814241058311,0.6550046503571472,0.6054027162310223,0.6525546199438127,0.5247791641572481,0.7900332973181006,0.6300436445095947,0.32107193415310803,0.39867087496508175,0.47129910504603095,0.7428236631097445,0.6798318948039597,0.6799199674501559,0.5470115329621151,0.5133606778018134,0.32372813551298585,0.47511507607615333,0.5893704650001182,0.6640825997466865,0.5404382032151946,0.6470319222938048,0.7903087444424521,0.44215759503123364,0.4635770593898213,0.7846671152838773,0.32201028153787564,0.48375827342328465,0.3978489075804982,0.6143346868729782,0.4973634603321157,0.5059747970869254,0.41510621008413817,0.617757509367492,0.6759927954542355,0.5371069985763693,0.6310368850428213,0.5628838223789048,0.6102040832349379,0.7708284195025668,0.38212235074232376,0.32300324786583523,0.34210451861818747
0.6584830526241929,0.5913706316412208,0.4207115854877138,0.5371092081742241,0.399611519870371,0.5184620932189354,0.6127562060443053,0.6059709574986176,0.5418327363201153,0.7582409860124925,0.7165883713751793,0.30917242666882405,0.3851624565886199,0.524033018852804,0.7109307873446901,0.6726291832127567,0.5292999005602521,0.6233904208051639,0.5095596359855863,0.3513676765594039,0.560222508106057,0.7492667606579713,0.8317675795421704,0.6299777327362587,0.6153565191022157,0.6425388361220696,0.4752185522358589,0.5198481225157849,0.5474728229917126,0.40494161121059485,0.45138632951896884,0.395536864089978,0.5496302375493584,0.45568766484601,0.5097052300181752,0.560965674733155,0.744959844171065,0.7937120376256818,0.4691172914208445,0.6557921177304001,0.6485987650395838,0.5098361214425103,0.8074768978912823,0.39798459293905286,0.5240456679028216,0.33787707804666384
0.6385765336692796,0.5634407619636644,0.43567880029862727,0.5243330693389785,0.4065897027789198,0.72549994669858,0.6299080887860793,0.628448016173152,0.636219664687992,0.8054113758050029,0.8995315410513284,0.28227786779919845,0.3704510605378801,0.4684081251151931,0.7080548717963179,0.6531770331173566,0.5888370303590755,0.5453113594105992,0.4314659569202724,0.2942593322386485,0.5881007013151469,0.8533942366955846,0.7771438978498251,0.5022234832683474,0.6907420154981424,0.7047073801547706,0.4351343502071868,0.5321247481366308,0.5699509804024421,0.29460940395908475,0.3732194986959798,0.43179227693289346,0.5528978239688088,0.4024612146940332,0.46577349514857247,0.5797583286527614,0.6572759802619293,0.8125450661655501,0.4986116553512902,0.6836664954612686,0.4175628337919017,0.4881894366186122,0.8083775695463385,0.271202222523268,0.3409555645443516,0.367755735394557
0.6308850611017862,0.6176458274531091,0.37573557346230735,0.5244480879642405,0.405202455233328,0.7733512406062087,0.6383888317902245,0.6908974302386452,0.554441183179629,0.8712116036576646,0.8014281186913809,0.28780400834726466,0.48079790995641924,0.6259411263979271,0.8408797740810185,0.628224885521977,0.5824242677195847,0.5486309816005283,0.4715725296339996,0.3291292616326859,0.6223334735295566,0.8164884993771809,0.7967605921097959,0.5310245927805608,0.6440243313921247,0.7801118851832723,0.3692555913250527,0.42701389773564236,0.6997420663467373,0.3531742143426192,0.4138025618130681,0.45604260335145463,0.6164840027791655,0.4570582521732436,0.479245621478369,0.6424799136855903,0.6581581888932752,0.7830325140621169,0.5756280898033266,0.6270371091072395,0.635503990281212,0.4809479502817587,0.9468068995946856,0.26827143407642356,0.38633164311113477,0.34629788439216674
0.7080717515047175,0.5964235655869431,0.4121318526610453,0.4890230166242489,0.43721204352020226,0.615538095720112,0.7531396209536866,0.5860809999299507,0.5826377461614944,0.8517803718206266,0.7028075739713516,0.2657005968951052,0.4498641478662606,0.6975047142577169,0.7942054652219588,0.5718066613604988,0.590423790137595,0.5954591738793573,0.5487914921851744,0.3618093211151902,0.6621052655303017,0.6776794382462753,0.788855075254703,0.6191801590253093,0.5747999366959572,0.678851422692977,0.380748505797939,0.5493871272411042,0.7033361991541813,0.30984718570122916,0.3939987630684521,0.48881403603821694,0.5811238614472836,0.5090840385444018,0.45227116475921825,0.941004064271547,0.645372658274785,0.704598719079095,0.7933225337955903,0.654832763126591,0.573908671913746,0.4927477747312505,0.9868714768153685,0.2793221855477315,0.4766074828306554,0.40193947712540123
0.8114446344899918,0.7176955699581966,0.40566745184820946,0.5881775994786004,0.469811183705766,0.6248574486530103,0.773381401547923,0.6870522220601076,0.6005905747376659,0.8600430307083519,0.6218311455244974,0.2625970498563779,0.4879551085362266,0.6691486428420652,0.8282691085959696,0.7533878834233497,0.5918933980453919,0.7394372652561767,0.6887931347924569,0.48504537264709285,0.6724134248105448,0.576995292990424,0.7632865337425068,0.5665760848844994,0.41800383005874736,0.7120694535184404,0.450841619658158,0.5332459092960935,0.6010363408888985,0.418538605573544,0.4157384099188948,0.6958696883496057,0.6846817281396395,0.571952800711403,0.5735905639091827,0.6815890759205847,0.7464224386404001,0.6778924143758129,0.6673658677279491,0.7957680293688889,0.5870275740383699,0.4784978789917378,0.8535919999489295,0.48045336241520203,0.4392238287309677,0.4244582585428543
0.8405096497545591,0.6773692521216214,0.5437570783993307,0.6861185049504238,0.6058367562941893,0.4656092274410265,0.8165819160130876,0.7337647959619845,0.6952644851079861,0.6262470027422354,0.5079281312079609,0.3470211235937964,0.6437838303656483,0.7285739873690225,0.6829163209447077,0.8795348674502241,0.5825131560522195,0.6067216026556156,0.8217849579483398,0.3801357107768676,0.8212381021341922,0.641178673176029,0.5305761619161083,0.723395377641628,0.4010983820653081,0.9531825499553391,0.6794377894870479,0.5965450351812941,0.5070733332975667,0.5768876916905957,0.5456963603368717,0.790287908629175,0.6635722772435704,0.6687697928030605,0.645668753802925,0.4901815418082493,0.8270715757522883,0.7283935744817535,0.7111452123125345,0.6645153938961473,0.6344992131774727,0.4194360700487547,0.6050322722002648,0.5160372890354805,0.6590198207354911,0.6231943863373697
0.820250581651941,0.6997854707042798,0.6876739480381594,0.7650508500987805,0.7071584255897421,0.4658634590998623,0.782108619819553,0.7474941945712829,0.5937244122187599,0.48102806066808984,0.5004373003976099,0.34392924761733884,0.6895310263492341,0.43367485858062366,0.584383995821349,0.8866293701541582,0.45534416729554,0.4396391828700695,0.7575341361673222,0.33667448875346145,0.5423400466693407,0.6553237609484219,0.45860613795335065,0.7707722319065856,0.46181454725307436,0.9445007680285454,0.7097510691540901,0.606211650975131,0.3536893178773182,0.690951911314588,0.5862542523008262,0.5359843215167964,0.44765381104177715,0.8304408887470395,0.703771810120252,0.4533793425670845,0.7839348092460827,0.6115031862123336,0.650771264698589,0.5454206700980281,0.8257849634622739,0.5149980373769396,0.5611918862101346,0.4109233933525495,0.537040642293116,0.7653644990029197
0.8860025452936865,0.7026590966450859,0.6908883524524478,0.6731746401241061,0.7716766683668231,0.5276345489648613,0.7916753324838169,0.7720772334773188,0.631037589169525,0.5121713142920887,0.47510549769366983,0.3239583624308444,0.7050207185179089,0.5424738704595666,0.5458545814345617,0.7877585534940498,0.44216363505618456,0.4974467256181283,0.8009456530755722,0.3854182764210103,0.43262737541122814,0.7024966400802243,0.3665161237377221,0.6844139378973332,0.5126189225968921,0.9017980267838616,0.765378248465873,0.5609986747663869,0.3641589719651277,0.6036999136719828,0.47508716390128,0.45902488724455004,0.3626394008628872,0.8251203863673862,0.7692697310867533,0.5510374877152612,0.8531971884159062,0.6916819380973073,0.6142813380246279,0.5470003975022546,0.7154999201489606,0.5283452765953818,0.5006553813849838,0.6407765595956741,0.5817358245348743,0.883632340306495
0.9656016224335263,0.7214170591943568,0.6659079221899141,0.6324828108430331,0.8631807379814369,0.46018248925902655,0.851134684741349,0.6852980194048073,0.5906803775276441,0.47471148402777247,0.5005117003286313,0.46383576786955244,0.6054223302821159,0.489574854173167,0.6438099873080174,0.7276531803140421,0.3747408802059695,0.6317881704750362,0.8043649545604659,0.20106066451205842,0.4104989663764748,0.5626172368456387,0.3348334464774869,0.8770869864506465,0.40961518398656815,0.6580777305782133,0.6623855245465313,0.3840599033877607,0.19431796037865565,0.7149413349156627,0.3411833378706594,0.4194176300146525,0.44342870782876637,0.9015453965422012,0.7431318404167163,0.6850869708711693,0.745254503118344,0.7122263658740354,0.5787555888717291,0.5736777243743412,0.6700647045337207,0.5985683311671566,0.4792263701210865,0.8591137245572722,0.6998232095683132,0.8105444031603292
0.9361427735013789,0.6053153448019021,0.5742419278609006,0.5218390730181978,0.788892529205707,0.37700038771363564,0.7543406686051666,0.5778365884805666,0.48866449048233235,0.3959713117322379,0.46723398976289887,0.2649773471667721,0.4434606952212237,0.3410993607582615,0.4061296984559922,0.6576832286900187,0.3016453249669126,0.6605504333889586,0.8553117853617996,0.20707620654650574,0.3149336547957319,0.39219974221627835,0.2854012371662115,0.7822286692370107,0.3827613475909342,0.6481618042746232,0.5742632861565788,0.4047852650767906,0.16084254216339464,0.6899316571770919,0.2490541764321221,0.3190166576472898,0.37364496801376107,0.7702908308473776,0.6143388516768358,0.36330459648658026,0.7057105112545381,0.6923230091773606,0.5012138927161519,0.45947019886258345,0.6734443245888154,0.5192455906076735,0.468157664597341,0.4930459386800449,0.5588166178126988,0.6785049171099362
0.8782201695735313,0.5480030468989251,0.5340020226192721,0.5084722188831364,0.6667999646095165,0.2494486784027864,0.6451769333304676,0.6092770554114137,0.3553587464390953,0.2947685750138786,0.41233861264315663,0.20297098376134154,0.423612206763647,0.2522905162103042,0.29334956901136966,0.6036073963250405,0.23614708620866423,0.5740667349009585,0.7498510016949572,0.11213598128509344,0.2860452189355034,0.2890633110628427,0.24370488489891945,0.7565713141780157,0.21329336812660088,0.5178528874922049,0.4507246267022593,0.283347667157369,0.1447569435969387,0.6348598163097979,0.19679699128310907,0.255266294341402,0.3659817900952597,0.7978874873673996,0.687748087915433,0.27719986167306687,0.6871177715770675,0.4752397404708727,0.4536206966074568,0.3583102454239223,0.6291999131147088,0.443571901948171,0.3749386361988712,0.43212932592825126,0.47735715873769385,0.6029930233527793
0.6929713248744315,0.4409675329805767,0.3868165649540124,0.4775363920321071,0.5540539703020958,0.14953933145724152,0.596111009259227,0.5257737104861545,0.3345012979913266,0.2053353856493692,0.3148518729248581,0.1458256883011737,0.42208517380863714,0.24099366767205793,0.3111392268166935,0.5160026265487501,0.16817700947750033,0.5322677072238191,0.7046507537183859,0.06872502348458331,0.11751292745488248,0.2653126224526893,0.26061569680612917,0.7425655699045054,0.07664517591499646,0.4191039905079922,0.36232097028309884,0.2829105085111574,0.12412408933637145,0.5675631614789007,0.13894212041368867,0.2261385381885941,0.2571503589045763,0.6660097996946486,0.6081649728475043,0.17428333251195924,0.6222976049420982,0.39472798171642876,0.33211494654035656,0.3429961864638551,0.5747147171854339,0.41258007755747306,0.3080673266295823,0.358828832837848,0.2772604406658915,0.5118606891643025
0.559929373127548,0.32957955310077935,0.31546020370873357,0.4470986809755632,0.4663566300609484,0.12141838235440443,0.5269243898730885,0.4619324911865537,0.2779630382333929,0.1901243136064466,0.2797741747710884,0.09792005523632806,0.3320772902593554,0.14144232414790048,0.22853604454222962,0.4451196399673852,0.14132339519606354,0.4554028087471005,0.6502116657441239,0.05298311131484013,0.13364163024042933,0.1981753121008396,0.3166475694225577,0.5564330020053037,0.045915523999599986,0.3239778219878148,0.3277127140359964,0.26204652208604723,0.08119244975974685,0.5974220623409567,0.07501123842572735,0.16783399902589746,0.19536720164410626,0.6002777927998538,0.5070267878656652,0.1411493122930826,0.5627879292971231,0.3293517558202659,0.2818037891224217,0.2670385943743627,0.5002932135174261,0.35490429469343293,0.24909790509698296,0.22966876733724031,0.21178269629831553,0.3695898913878566
0.4324522524048185,0.23947449323927744,0.2899616080297376,0.3588196754339842,0.3853780181537335,0.06749968029001946,0.4397832556826345,0.38719015992767164,0.29022347004758836,0.20134040634482867,0.1670856626371635,0.09692134852215714,0.2450553857402071,0.15776775062758208,0.18305649234161767,0.3201490088825656,0.12721253051495032,0.43080136752457365,0.4598878123003815,0.07514479808856314,0.08537055911648833,0.1121729538945693,0.17218901169368078,0.37191845973539156,0.03840306722715178,0.18917521973605064,0.24775670001885228,0.2146632105223566,0.05938758769346408,0.5398779753950838,0.08795233444593001,0.1499869884418721,0.17721110803614679,0.504751799326564,0.33934639648614606,0.0966734687068079,0.4686420898406482,0.30540796174122764,0.23543436870863205,0.2887675481549349,0.5340556013650586,0.27754552975564173,0.16828127717517533,0.17044092267964395,0.18012931546519478,0.35431620858996477
0.3594704755327772,0.18931627133756773,0.2825172393850686,0.30134663988821686,0.38809973867472014,0.06770331940149733,0.3541901937419428,0.34475910881031624,0.17442900528118124,0.14337343860069798,0.13688558723949143,0.08406606911674659,0.12095536389274786,0.1486258773978445,0.17619657672568642,0.2692545253164207,0.12602355905710397,0.34284374265734724,0.3428973481319294,0.051572777703639626,0.12507811383397022,0.11554747804510268,0.12084704496027802,0.24775311157085433,0.020445852790203375,0.2473777722589596,0.18692876470465292,0.2180199016270023,0.04414084963988821,0.35515413231256465,0.06213750307624077,0.12555482000452503,0.17589974776210815,0.4412171926698234,0.2576631106803885,0.08761214745905468,0.3454650140499278,0.24974345015202293,0.16647204552044864,0.17913594640897784,0.4122868287446689,0.27460967554366666,0.1449804000169618,0.1535399009860036,0.229855422622452,0.2636742972752305
0.32019083340552984,0.21842113026301382,0.22839642932962154,0.22689304537203508,0.32511788149932463,0.0280889425366563,0.29080288264000204,0.26743986169375206,0.1657247969145905,0.12297918798857399,0.1038604481249091,0.0928897475599331,0.12521532670996355,0.1651684701683222,0.06389624436783554,0.25582438253184464,0.03671926180085906,0.23632230362867163,0.3104126410251713,0.06248266708180696,0.08136382086136654,0.09867164370764904,0.20461769361949628,0.3952422146242208,0.010335178517900154,0.13983239770708406,0.15666772974973203,0.14884479798513572,0.048764710155535754,0.38363871966599516,0.060228853394233235,0.09167381947408239,0.19832061442281124,0.36262316917001886,0.2178495162243001,0.06539761385728271,0.26425294665888,0.19087890266599344,0.1449265741428788,0.2130171142427125,0.17018232391309768,0.279200604646043,0.13425047312443864,0.13990111363774485,0.11358480256059914,0.3064671044933582
0.3177544775607211,0.11817171981978442,0.24237948479947746,0.25098511298359083,0.3366833477609834,0.06309176657466502,0.37751454630668835,0.31819632787338087,0.18201875278406376,0.12576920500877342,0.14934607612270231,0.0854952001143143,0.09675608836488311,0.16514490783609165,0.08407952289325527,0.2262501678634076,0.01160940179996944,0.18582245044770376,0.3196170125306838,0.06330472086574288,0.060175332741071556,0.12839238378045345,0.19278832280702668,0.29476285320970547,0.018106682167152117,0.1250654500874946,0.15248655333854982,0.09566668962243796,0.04388564360716278,0.6074145082779241,0.06500337802482559,0.06215357424107186,0.2133442559637612,0.3621537409564482,0.1243762573062632,0.08713141835771693,0.3016114698474485,0.23306464165147883,0.11267495992787595,0.19901371495599704,0.22618175062646756,0.1813990318978252,0.1471903853198738,0.1544208901346145,0.1422627089692398,0.3532888000926997
0.39692149795776926,0.14761646824394786,0.2577373257796838,0.21770630891682338,0.31418038250856706,0.09977964408344571,0.3761781703906384,0.2945682089455293,0.13191882427134216,0.06481772669664176,0.16562716561307025,0.08104976262548912,0.16127937324997493,0.13667916409543646,0.06057284011284786,0.27571309294730045,0.020214928917158984,0.1987691991140522,0.1773341586071302,0.10710224353898382,0.02238662085832397,0.10541120964830442,0.23424048922364138,0.33801454457710467,0.023611581331463162,0.16333154064143668,0.1564137813193416,0.1515264459786707,0.07041749172982022,0.4743272363731079,0.04912669773451584,0.11920551766872972,0.18362387370914135,0.3604116523489704,0.22684648455439071,0.09403349627657007,0.3125969099632937,0.2599482085469908,0.15767935805075795,0.223911059680151,0.31075682958337725,0.3197483108721399,0.12517906868903692,0.1850883001528034,0.16021602332597146,0.36928443685095946
0.5436878460532558,0.25328639638761474,0.3274241601495027,0.239754318269422,0.3906696363008586,0.14077133247900286,0.44171146759896607,0.4419952008634836,0.15918006064475418,0.1598945485449781,0.21749840680034332,0.1323482239821439,0.2890089309033242,0.16391013335173454,0.14084035599196607,0.3274272858741801,0.08681948241338336,0.2410365169617934,0.31985536308004564,0.10375260633605038,0.12720156683769768,0.15454513403456951,0.17665233505922007,0.3758604150215691,0.021971314949095128,0.25074474990974094,0.26711710995253596,0.1718610150436506,0.07885296372967378,0.4055245570047807,0.08982662352367055,0.2870497744556948,0.2363207450793418,0.5254988992311872,0.2705506317529532,0.2536308016488042,0.4438427203002206,0.3334356738258737,0.2488145956703266,0.26597780718536895,0.3343758743507572,0.35419137618508695,0.2762774273109467,0.298692570804319,0.3147358750929818,0.36286874219441
0.8441885358077511,0.4007697574954303,0.4263241020474087,0.3818577446989141,0.4117442893888752,0.38669460552602514,0.6225073661676622,0.4808240621658328,0.37525649986917936,0.3247755480671153,0.3079212058231906,0.22199157219921695,0.3034126932805835,0.4535421070688818,0.27594873306863477,0.48041638997591746,0.2563591155360091,0.4806123060203846,0.3772334921029412,0.2903454930979783,0.37423954806725435,0.3481127096046667,0.4767775893895428,0.44700962111897924,0.110260573132475,0.3498421216151114,0.3291792700632752,0.358706002027503,0.24774131233530383,0.40409914440280825,0.22886038573938874,0.7240458316532002,0.47510601757559223,0.5365628898960831,0.5265943154085915,0.37266984068344855,0.5775334857779364,0.4623659530486022,0.5316857857987348,0.3715528785659985,0.44821800507298587,0.47079478292663873,0.4383646628316005,0.4512980973542273,0.34905895819952776,0.39964644288820933
0.6914208425315923,0.5329808802872099,0.4448875053790896,0.40912011651699953,0.41139859202111706,0.7637127408479768,0.5919317533840457,0.5094270652467444,0.3742403723056273,0.5257417078401186,0.44332322293958254,0.2324723300049639,0.34403515637096854,0.4702096443615202,0.5380564923984936,0.6784597466085752,0.40500356419082134,0.4948559644711754,0.4576577213133379,0.3292010626071163,0.6114014894203317,0.41546427515300305,0.6500674446569701,0.5770127551150798,0.38967031967531335,0.3332484618540875,0.3531052668399058,0.4991282448243255,0.6641932961410466,0.5111086632834929,0.26692501527126233,0.5991527313238747,0.585630220756337,0.6454344348417319,0.6627700287008887,0.5453994874532226,0.5689353541195327,0.8060611842164884,0.6858724903011438,0.5516753895797448,0.4043638738409699,0.5382598584173938,0.6024917868383948,0.3524962144409793,0.3126230435038713,0.40161881466813737
0.6907414913773352,0.49394794861146596,0.4595818936170943,0.3660206402329638,0.40841817915448964,0.9734816902069373,0.5953026578723801,0.5644629678699399,0.3921516068607379,0.6449626236634666,0.6592468728733387,0.27884922194814643,0.3518196424450306,0.34218237065193086,0.7172486999722615,0.6715289242659839,0.47158752674413695,0.5967226856791272,0.4820617270910879,0.3585406059650317,0.5561967712067892,0.4640771946994926,0.6681009168344041,0.512726142564687,0.6423971475937137,0.46277618896419903,0.33282076868280563,0.4455079261617503,0.8264446607207002,0.37593443282860844,0.25976784878555786,0.4873030402646259,0.6419183918628097,0.6508346180287893,0.5739191922524788,0.4391163560534129,0.5567154958711668,0.8167452975626821,0.6421799351746958,0.6206404672628719,0.4511882942620277,0.6352104764308205,0.7820146502675508,0.32738949736065254,0.4001442061654346,0.4954468592569677
0.676722650750723,0.5298205932680076,0.40242846606716814,0.36903091657608095,0.3917788190571012,0.941369195409271,0.6239842957234274,0.6173289801948953,0.3808300753127781,0.6597507672055153,0.6488580102280503,0.27943627913918045,0.25882364110004136,0.36779402901420727,0.6275733348799465,0.6413089528910704,0.5485018696274029,0.5111124049498884,0.4323689536126219,0.35582004606123113,0.5706816344317468,0.4936520658049188,0.776344725013937,0.5213820094390114,0.642113172297386,0.5725036547337671,0.37789355376598366,0.4570404519973911,0.7578411792736269,0.3596000474844783,0.286768080707187,0.37663086133223367,0.6990587091234586,0.6518013181909932,0.5062643748589061,0.4244815974726988,0.5629856452783492,0.6853624521051529,0.6196283682793782,0.6229791438594169,0.5976403350212448,0.6202180654546529,0.8553019572437174,0.30198191645301925,0.31892254237369194,0.4521745090079949
0.6659956331702607,0.6020555837637361,0.4533493721278953,0.4792448092556885,0.48053248474823884,0.7972711376291851,0.6018714324026139,0.6466058524467134,0.4545837141806978,0.6888540142775806,0.6809194194891113,0.26567315329832014,0.4058965092293629,0.36298896079672466,0.658731006822776,0.744057785736108,0.6499683450609496,0.4529004252317207,0.47826162223194274,0.3089224755246639,0.458714267521368,0.5324304682692221,0.8282993880489248,0.534340011245238,0.5919319987968007,0.6742962027383035,0.4798250030278652,0.35858147730850937,0.8121072169740502,0.41563700196037184,0.4100245262589249,0.4118198644245219,0.5460306821454755,0.6280264253269972,0.5567321331201213,0.3747537711323235,0.6368400500333021,0.5821906335682278,0.5596095562233623,0.5986481616990138,0.5211929030346499,0.5984488622275018,0.7020521650140836,0.3554570753590242,0.43692530344686736,0.4564040251237694
0.6435063683198771,0.4951264722091071,0.40268093057035725,0.42987753659308986,0.4477889611438256,0.733813672558975,0.5850126696349861,0.6479911439161461,0.44486346681952965,0.6863874470744445,0.6541800814195307,0.26550279282841194,0.43833015871939146,0.33624158471383747,0.4908359787082933,0.6448771151658431,0.6716197815730752,0.5123911357310503,0.5299191670084248,0.3624621918974993,0.4233141224635521,0.6611869308218549,0.6899582224795884,0.6061036541844149,0.479241467082827,0.8174506523413252,0.46879460301614784,0.47281277588221404,0.5934633381142631,0.3887524213976417,0.3716688500006516,0.44534417865923925,0.5763159492896974,0.6319900576152048,0.5018840577407,0.4154413558498824,0.6415864363472515,0.7128958256393904,0.48160715167484563,0.6068225017794852,0.4894177299639198,0.5439240715243125,0.6277530826630158,0.34115975751669486,0.5081549240312795,0.4777964860993165
0.6249666221145604,0.6354403044522647,0.39286544343647417,0.42114174780405167,0.38044152466476944,0.8248316946988513,0.623704635287789,0.5972092804586171,0.516228323271807,0.7184643917386773,0.6429158250333665,0.271854755063306,0.420156594133164,0.30492713748831196,0.5211781329905489,0.6807546705940896,0.5305417639223343,0.525025046026604,0.5429992846053256,0.3296224984449627,0.49841018108961355,0.6822629570779316,0.6259469721310577,0.64932408626208,0.48067123927703037,0.6844302302343684,0.39493177455371403,0.3872324640705411,0.4776072620425372,0.33243578265532975,0.2647073286121744,0.4417094598374729,0.5728135021263949,0.5694464471617674,0.4680807867446125,0.4926263660951696,0.5842337932827016,0.669566241267701,0.4667644823905263,0.5585851004441357,0.3679142147638604,0.5159792971309609,0.6746924455914866,0.3129626192880615,0.3676168217503762,0.4713715435170941
0.6397176377528699,0.6575983865343416,0.4017674311049075,0.46070467917039787,0.3760675589331761,0.7571176933715928,0.6049645650572556,0.5676424156075202,0.5660710937139469,0.7387462003213354,0.6190241610648018,0.2538071188061822,0.3804190423955947,0.21401572502438476,0.7587834869896024,0.603698947483936,0.44079395876195804,0.5050051946033441,0.5709754045973918,0.3611713804106899,0.4793982446443066,0.5441558472297613,0.6392348652536078,0.53394784972346,0.5071272011235665,0.7488231178727651,0.4037689983565598,0.37271362126228436,0.5868745521477559,0.2970973009322477,0.2806127341412955,0.42464836894399016,0.513478899277094,0.6839864124210401,0.4594843539184549,0.41084767017541707,0.5691051670254402,0.6490753767161109,0.5821418763518764,0.5618423601882563,0.5054943485898943,0.5690781388304899,0.7578184940782089,0.3214786327872833,0.456738946748591,0.5188734771842466
0.7258705439755799,0.6408643200331975,0.414852746981733,0.49433850935948803,0.45616088328930104,0.6843875664895778,0.7407057735672768,0.6566276548771856,0.6185064954923972,0.7478328428524398,0.6114593444265207,0.2340684246898084,0.4235475016130998,0.40804151420359097,0.6555169212524079,0.6543793310084555,0.5366613445357832,0.6169967763856423,0.5602817913008104,0.3885673188828382,0.5091767026647874,0.4714947535859833,0.5480254210308183,0.4817425730576308,0.4334435092481679,0.767585509212612,0.412064432041232,0.3845913098919208,0.5962616310992923,0.24141742410930053,0.3166510752402935,0.4060591835568158,0.5879385078589425,0.5996631449125353,0.4137117435743267,0.787875880271464,0.565455858110876,0.6082415762331218,0.6905761212418493,0.6428650078163907,0.5589023439577571,0.562560210197767,0.6747216433844877,0.30225050574371315,0.4126274336321775,0.5201320859125423
0.8650349369567144,0.6794532035539246,0.4601410181841425,0.5119099665616723,0.4873016347490191,0.6295710439242044,0.7053888302455141,0.653880890668669,0.6885034871927302,0.8164138004348768,0.545382487071866,0.22712922627355522,0.43879381700924236,0.39678541353360613,0.8405940515013335,0.7174266779782991,0.8189945649770932,0.5571354882509887,0.7110511956207441,0.3886523886416509,0.678340583312969,0.5180175291549562,0.7169432804164855,0.5831212053294026,0.391474252432311,0.7906606977933428,0.4653631352172284,0.5262141249741378,0.5651675321672455,0.345240786267849,0.3320630578601946,0.6103111103160967,0.6416576067248442,0.6795532199998429,0.520609605315841,0.5252048670806402,0.62194996561604,0.7465499462188343,0.7771565281204271,0.7111401718334394,0.5815697853865016,0.5149760191352458,0.703077042844308,0.5995164731073354,0.5458253673907225,0.5029763902566933
0.9139120631213326,0.6152658014000458,0.5531060443049105,0.6502855484758219,0.5337750964087689,0.47464513820328896,0.8111599305242275,0.7872952167727222,0.8216046038806711,0.6289024701998542,0.5058488817271508,0.2209760625251414,0.620255499886296,0.5321680086081246,0.6588547142494543,0.8140968534064473,0.5401896700297527,0.5873902098991138,0.743110654776948,0.33919811230539504,0.9370670376791747,0.5268503275745116,0.5912259068543452,0.6845290421161497,0.5025397007069381,0.6693107483966398,0.695391861515025,0.5419468130860644,0.44452640216146555,0.4822858459167866,0.5175097476012843,0.768750416544885,0.6060347288678913,0.7460527564900774,0.6915778985035332,0.47434958513411446,0.7353289778716345,0.8414762671617951,0.7772131358814544,0.7236660114468201,0.7139832512032688,0.525772332996994,0.5570279935341732,0.48239590100248925,0.5741717144440686,0.5405599689433287
0.9324833767495065,0.6254022129391426,0.5800806913433723,0.586973428402401,0.6364887725288082,0.42785079367075146,0.7766616834969531,0.8507137957477555,0.6384542022781465,0.4856073163061459,0.5348479395313519,0.2406065937870938,0.7076951091978513,0.3814489112063895,0.4449713646365616,0.8318316992534263,0.44856005052064785,0.4701336525428008,0.7453887872563294,0.30400996910524425,0.5100223446025385,0.5482923634481505,0.35905754873712764,0.7877907663123952,0.41648563214208373,0.7152911027632749,0.6590572822965332,0.3868070558901682,0.30486804577564824,0.6813149402527868,0.41773218352527264,0.5252350064383359,0.4416087220259352,0.806149635258224,0.7615390534489783,0.4314138738982754,0.743372401521518,0.565334739141835,0.5963621168635009,0.47700486524464064,0.603320975375095,0.5333891065117025,0.5122551283027243,0.38334139643078313,0.5762487878568161,0.7333133967841174
0.9300744205046944,0.6365528432702106,0.6052355650796681,0.6420273760155071,0.7111278838932039,0.48018151416565763,0.7480231665648419,0.8340714085963953,0.677696630104181,0.4028130874226068,0.46486829886377395,0.2920598784911642,0.6427991074903159,0.3864487382284449,0.4227220004275728,0.7692333785962695,0.4370851026433893,0.4711000246232858,0.7399701123105376,0.3275425813390821,0.32437562728006186,0.533937477326391,0.3971885239640469,0.5934742699320726,0.3906592456762108,0.6365296506101306,0.6168052964812809,0.33022368453493695,0.22878044438178735,0.7150286550285463,0.3739793779694642,0.41914868500627867,0.3889750151372045,0.8760944927705651,0.8361453908621621,0.5979792389038675,0.7649164384438757,0.6940268621643509,0.5858975725870881,0.5340487986836687,0.7105187662164012,0.5151983870644077,0.4282448778486259,0.6602489311658402,0.4826219614771707,0.7973763364617218
0.9848412134794843,0.6347048938309044,0.6251866371591799,0.6078198828409875,0.7536150136940213,0.41180811035936127,0.77335659141494,0.8092436440236768,0.573245466968703,0.39615477390647946,0.5050575119687224,0.4914652257472087,0.6502585870485167,0.5454463026682133,0.4263500640071476,0.6791542390050807,0.3082183839064479,0.5955429057002621,0.7711025783916741,0.21183793210029617,0.2830235997089115,0.4859432137489529,0.3143661367218577,0.6564715546734018,0.23697989371664513,0.608395945059356,0.5738724577200055,0.311727863437663,0.19607088810505216,0.5632125926404585,0.2401866648571138,0.4058398654922728,0.3939464744204485,0.8067612803644836,0.7670737937336454,0.8426321816046108,0.7633684856666528,0.6902827292994903,0.571281231028083,0.5629967735395064,0.7463603303895224,0.5263320530297523,0.4784586661410902,0.8463821265229424,0.6049487579728321,0.7820924630252186
0.9065682814416199,0.6319073922952729,0.6129342782082507,0.5347571360327494,0.8247362040879073,0.2920018256137163,0.7287003586835672,0.673114535571878,0.46169640895392156,0.36178043503103074,0.436504892834766,0.24361270077756067,0.5728120245130047,0.305604122646337,0.48699843749132177,0.6808771825053613,0.2796415509783285,0.5932514985452942,0.8279300216473601,0.14483938792105558,0.21590865004581827,0.38451485844759437,0.35218868682128157,0.6614901742706153,0.2694335087084209,0.529309149179167,0.5040003883148989,0.2705172933087823,0.1650497462192286,0.6054113890353775,0.1934907404011124,0.28619553366327344,0.4041849367497343,0.8340633710254266,0.5980279213752268,0.47394046950146124,0.7068150490043688,0.5404863000095149,0.5806276810243224,0.4781410588214889,0.6704087398793921,0.4773411150209891,0.3840281812292763,0.42517567088742303,0.539466635696666,0.6498423537834083
0.7679337182936805,0.5524247965978474,0.5498461296850885,0.5287849225235446,0.7537410204356891,0.3126922021113979,0.6768487620878954,0.6332249337209904,0.4158195258533197,0.3009568351226,0.4045397231828117,0.24419616187279317,0.5030434137892786,0.346415369361308,0.3931411883563316,0.6297070563521221,0.23862994875906304,0.5368122215924261,0.7400861257181158,0.12474045235857967,0.24155030940632,0.3438844884755551,0.22386532441371193,0.627013032990362,0.1720357906081384,0.44279356696660166,0.45313257353598885,0.15553694248699673,0.10896554977937978,0.5950015168062626,0.1700732368000791,0.2814373122365116,0.31864170061669844,0.85193748708381,0.7364174548649892,0.40908067514263347,0.7204816186212498,0.5331560861135782,0.42263388473026997,0.40167465976175976,0.5729194029378565,0.42388831564733653,0.34099729413229407,0.33226312520077333,0.46717698173002525,0.5791948622117031
0.6936532382960909,0.550866571095719,0.4743771303241983,0.444345743126551,0.6391393105573366,0.24971901060342577,0.6409879736969473,0.5769007272499257,0.3052755174089475,0.27978070300729063,0.3323814602493107,0.15157901419863207,0.3944455012836302,0.25421634077589944,0.3132183367654142,0.5796598703177352,0.16789775307807187,0.6056957186046609,0.582064847024282,0.093376320024192,0.17710125838175964,0.293169570592576,0.2127218673955248,0.5006380624646528,0.044152200323430105,0.33354704568388815,0.4151227665476954,0.2788234091587514,0.09731022427623218,0.5495830569200872,0.10948820036781515,0.20168803749919123,0.27582789325499196,0.6463848756427999,0.537984779346789,0.2578397002066848,0.5982663608537938,0.45889801615864867,0.3408097972921695,0.2978939570217977,0.49190452479046626,0.380682810846368,0.2670419970700334,0.4110171274710435,0.4360681483133641,0.5048429314214674
0.5587959860744954,0.44680734548615697,0.3609139858975908,0.37366642740370803,0.5048165676767697,0.13605421495856002,0.6061851956329719,0.5888116759206281,0.25183157722333205,0.22083741671266283,0.23420042307505762,0.10038535586600685,0.34295347569199963,0.18422479001462516,0.22055322030387445,0.49803908146093206,0.13751835069572288,0.39624706604931276,0.4793886256503767,0.07161306415558363,0.14169436762896967,0.3005660675227667,0.24334331499281991,0.48783657911306355,0.025516264728911484,0.25909953164950594,0.2889222577328505,0.2909886674356339,0.07634485686859614,0.5364361134601284,0.12369072961624175,0.20503359378398234,0.23689915952782814,0.5903328348085161,0.4867707096725311,0.22283363869007708,0.5544727070056165,0.49405824403504195,0.2324068348706998,0.3080979828078124,0.5255609334145871,0.2717953733421669,0.29151383849300233,0.23142854010451433,0.3587964014570813,0.39686603878370624
0.4429603232129057,0.31365068600384816,0.31731880101171933,0.3534506608285224,0.42254403078800185,0.03731189826172401,0.5158478961087518,0.4850919288068624,0.2046043063479141,0.18465124479641434,0.15556481383644316,0.09560019540202509,0.24412997906994102,0.028477202424770948,0.15656655258175384,0.4004845410894628,0.14190742114402186,0.3489531983434978,0.4497633670314181,0.05208083618493114,0.1425473514271961,0.1876429712368771,0.322108689383385,0.39473862640904595,0.03758818133042109,0.23042401342111266,0.2467672397118972,0.2695521114416908,0.04821586461536562,0.4265951074038764,0.0600498692181596,0.11278227307937794,0.24112550932072002,0.5832349612910491,0.3617069578708709,0.15241861491434022,0.562671603225478,0.3180783298803522,0.15751798995428057,0.2562838845915691,0.5160765795096948,0.2757722698162297,0.26906659369506636,0.1517469310821216,0.16172018412481948,0.3586567545420645
0.3363906769318693,0.2563455096949181,0.2580600553294546,0.24832793978991013,0.42575781240520494,0.05268959904871655,0.419103411427896,0.40581334871316915,0.21852142573396216,0.12537802781308924,0.11094260823544638,0.07126303584777757,0.22831361418041238,0.025810696231687608,0.14901023627699617,0.27009752547699406,0.07474704833995384,0.23670362526834865,0.3386833210971522,0.06019648341570986,0.05826056465376913,0.1381292915752286,0.17331586102711616,0.30496014808362476,0.018707564064072597,0.21970286882672205,0.23700721683498613,0.1552083674764479,0.049271147676597515,0.3817970944828876,0.05279666408783625,0.12056945001321501,0.1992509557404199,0.4329204486567342,0.21701783664834262,0.13090064542064192,0.352062838725063,0.2796478671079979,0.1389591909250245,0.18270232001569894,0.36986387964030426,0.24210732511358118,0.21199258576593547,0.15584819668812447,0.22263369613000344,0.32727383499935536
0.29454232541561015,0.26295736468618164,0.2533606825877916,0.22385856754750863,0.3116584451655898,0.05120796979763832,0.34053927933265604,0.2724819744954392,0.15675259653874643,0.1226368008561135,0.13526251564827926,0.04789275065931703,0.15761110364911673,0.10317228028804873,0.0926973750588593,0.24738672247892768,0.08655319987823044,0.17642438429808188,0.31279871074849896,0.04076972190654466,0.07658921860295287,0.09616013593755285,0.1136942062197293,0.29859289937804684,0.020670123736106473,0.15861917950121884,0.18892781863044278,0.1346164812759217,0.032193912432700714,0.3149146096929626,0.06971271284406771,0.11308424949265844,0.1822398907400347,0.41469479103453805,0.1591055244750561,0.12040882573956674,0.3072535511467982,0.2582209950978134,0.11824604938994925,0.15989397198624108,0.32489119635912556,0.2397872160401679,0.13753261880300585,0.1414544743588947,0.19421364783756445,0.27751389368283635
0.3119953803939031,0.1880932532375579,0.2504733106825025,0.22868514502259327,0.3198188492701155,0.073721444666783,0.31629888982663434,0.300953055600027,0.18460693351333152,0.12125417989175888,0.13660839195500254,0.056642281179592205,0.06771473791898391,0.12726687597866165,0.11377464056428521,0.27221473205627394,0.01998386158829368,0.1948391641643403,0.3466386494847493,0.07540821041191934,0.05537777328886894,0.08564649311124994,0.08096635559264977,0.33129115494268724,0.03083406708788515,0.21454689310158617,0.19127464209271058,0.1930593762795315,0.09041753923012164,0.42690556219702264,0.039239110977271834,0.05520011465979456,0.16543936976363455,0.5089677663824705,0.18009470276759132,0.15811582823777756,0.3017342297698262,0.22088571755435465,0.13917919675576396,0.13374116472585248,0.3141169262326158,0.19137316544278826,0.16561400230098228,0.11167596600839766,0.18985520597176292,0.2881802463582031
0.34975882072913206,0.22824463979713297,0.2751260645737095,0.2340725708541999,0.29466246724913847,0.07000459174541764,0.2988098195327867,0.3183753650990254,0.1624973776414999,0.10182268490967589,0.17705780112427694,0.06332183360385343,0.11195855504417113,0.0058227740040494025,0.128272838214782,0.2741666142709013,0.011030524836383667,0.1935886303289998,0.3134446335620191,0.04609503844695422,0.060246394647129255,0.07125233094574093,0.19460102558188075,0.34407681816242186,0.026622796814200086,0.24388264851072586,0.18831759135356071,0.18983701278847287,0.07281140282194024,0.3526412206017195,0.03986796685322929,0.05913517527657379,0.2006168421269045,0.4656839023476929,0.1880166175819239,0.14464560605207327,0.34335528205803933,0.22717554400425272,0.15159107697917168,0.16872594777244934,0.4267116598286517,0.28198221935056816,0.2289127897644909,0.17441598580299866,0.23763459909598195,0.3412121517744098
0.4832728100481372,0.28762928427101087,0.4109806928551617,0.28662207540243434,0.3473130122040403,0.1415154658979168,0.4066326125489521,0.353536405520397,0.19612326385050508,0.19675317408050008,0.22375708904059968,0.12796578732684585,0.16898561245119334,0.09768251906135372,0.16421469779326994,0.32436101005150164,0.15013936244792944,0.22734088419693482,0.38852502401834205,0.18593399025817248,0.13522151041377153,0.15999890910057277,0.31831143365957976,0.42142242071623803,0.05928839953947902,0.2930152516175345,0.2650637080371439,0.26575385715711275,0.10472498574873412,0.43414468281113944,0.09496565399211945,0.2564623880951411,0.2768277979332202,0.5663057034182235,0.3028868446440398,0.29247631270933894,0.3542367954226335,0.2053025930050279,0.28237792211924506,0.20603367536482928,0.4559890867627337,0.28187044998511496,0.31050065440247004,0.19194146562091388,0.3181223379465688,0.2843712502557166
0.7597964244482011,0.37983920473238436,0.4566342306387361,0.4444196948851216,0.3738458807430737,0.3888095816077651,0.5501243503845686,0.4576645996815694,0.3559957320008841,0.3422992405556654,0.2926349487088903,0.18632184587142028,0.24415787562301347,0.3010849745549547,0.310463511699693,0.4587803112416864,0.2797216032692246,0.3418149198989987,0.45423472097545475,0.37521287829141997,0.3602979379778292,0.28759054493225045,0.4368350157090793,0.47286117555778784,0.0889218740985672,0.39995296181353346,0.34446718193308745,0.44256241117418016,0.2678696704051287,0.5012951138447819,0.1703246377188091,0.6669929976531415,0.5091693342899801,0.6115388334336022,0.469688534578548,0.49759071366082325,0.4715160759861066,0.4655439451640687,0.558647178526951,0.4020671680266825,0.5211149505955551,0.38236413217753507,0.4197728455911191,0.41121184444760134,0.26322629747568965,0.2743465810148524
0.675927973050371,0.5122895803948646,0.4545349755308489,0.4469438563293994,0.3417749905480465,0.7647192111521737,0.6227033132437024,0.4737973331772831,0.33959755367654465,0.6810005233444955,0.427863429867845,0.18440892798981065,0.23075713544738166,0.405804475421859,0.5710283907826599,0.6143094973696133,0.4224642389443882,0.44565209335785677,0.4713682751250849,0.2889518745067473,0.5928075318536223,0.46297094329183386,0.7026541593434563,0.42671055991768947,0.4633467657593987,0.41880979679734875,0.355373238932245,0.44552827520594174,0.5951761465725376,0.3782536147040271,0.25737237209857505,0.6498451158953928,0.650993820423377,0.49495571362683083,0.5775678582948636,0.6324622612899464,0.5299354511980028,0.7608531260010479,0.6346910214529199,0.6084044207773265,0.39563283535777355,0.4175213273391485,0.5556579004525282,0.35262990287175777,0.32896530710881733,0.27950464900650557
0.6147119816146457,0.47935187271944885,0.37722186752562503,0.44115455421767646,0.3817232421829052,0.931284962329017,0.5802091031492631,0.48689717250949843,0.3852646021697419,1.0,0.5408967806327377,0.2313142135631306,0.3012288365688416,0.33848359688878327,0.7476485831689688,0.6180543109649121,0.41920997405547783,0.5327393626541076,0.520066081196062,0.3182554458278165,0.492602291849753,0.42609931986975913,0.7412826288638339,0.342458159844272,0.7522187681218668,0.6050436829661342,0.36211350832052064,0.39867181532714613,0.7264788692948462,0.3475422381471599,0.2912652267174835,0.5314691883526825,0.622013624567668,0.554352503678635,0.41577418817193595,0.5366845629140605,0.6041206572301775,0.6005019330529834,0.6307180361639931,0.6090994598061267,0.39116184322003117,0.4236554612343402,0.7978527673213185,0.28742492470814784,0.3642947086547165,0.29075526719710393
0.6169226002353263,0.5892243968890245,0.4262452390099578,0.4814560544923286,0.3910071372354361,0.8731529398074316,0.637856181466452,0.5606725022402793,0.44014681854582227,0.8686440965825286,0.5856253523093049,0.24604590271799373,0.2853021363752457,0.326859859652236,0.7151695072941578,0.5812980882991384,0.5741489179263176,0.6300527324449776,0.3817177283001458,0.37046421707240706,0.48946621374520705,0.5478051068146379,0.7750085149471406,0.3166679064414759,0.7581040049862996,0.5957314742883196,0.42661222319849296,0.40026778015807185,0.7455911582213877,0.3838590293274385,0.3073691089858271,0.4383545626976403,0.6500012539264847,0.5592320622534327,0.4644721280744062,0.5024782789107238,0.6535654528829921,0.6338943490317299,0.5824301917491724,0.7048785095225494,0.5392448848499377,0.5347682165642755,0.819047508060862,0.3272006677719401,0.38337113636657366,0.3316700548422695
0.5965855038783652,0.5598443120000026,0.5097236399838021,0.5249450912765293,0.40310435626983454,0.8087629176811811,0.5883882721124876,0.6118611328572024,0.6106616719438347,0.6790793362138757,0.5764540168160631,0.241963370488291,0.4297708804129468,0.4133942080456024,0.7019782357197561,0.7637564115709049,0.6299285754314136,0.58518598876022,0.3750754259588019,0.34242797986295886,0.5338369060012857,0.5387307368013782,0.813352022376158,0.42754163329111233,0.6238043577558773,0.7264340055826427,0.5209671233403477,0.4472007176598164,0.8156132691192584,0.31833650919438644,0.4060498722287861,0.44677302229886373,0.6079948255996758,0.4643730118969897,0.4893855908520771,0.45644743583846786,0.651047773331118,0.7105582082295843,0.5793706414207864,0.7463453821546027,0.4278350048663159,0.6436523078350105,0.7252865066474609,0.31880002063019625,0.23836249558037254,0.35817678525161367
0.5964051786035882,0.5709092940191948,0.4504185391397549,0.5383763692959944,0.34835442393835214,0.6687762717223437,0.556791589355366,0.6196547104509817,0.5905360263525151,0.7267625123249282,0.6739294360166831,0.2752913130616972,0.4161163044566372,0.4839671895206115,0.6559925721645362,0.7210357419717768,0.5429936587381065,0.6717674881102959,0.4823144333604494,0.3235193665589091,0.5801430213158053,0.7012336060741132,0.7595279364907633,0.5087516349889202,0.5395941790897436,0.7490808065505337,0.5504165081230749,0.5048942359711295,0.5823965445580714,0.24308979215226575,0.4288480714334819,0.42744715912540765,0.5928699956075376,0.45056325590534463,0.5666958609117702,0.4901705605710022,0.6454758608598068,0.6276635198145718,0.5798315351898314,0.7026111433020499,0.5703211212760889,0.5122044172944739,0.7008716104125059,0.4198872751056366,0.33182262425667824,0.3693349291338542
0.6797835505671149,0.632377023528865,0.3834127734290241,0.5185858567301443,0.4037962580355914,0.7146378375235395,0.6402123362585006,0.6278549041093158,0.4572141789664726,0.7375396686189133,0.720690594509802,0.2747173905464527,0.45897025962428817,0.37341760400939716,0.6921378546501834,0.7168977335127815,0.47443081646791646,0.6054158773936859,0.4350454156213845,0.27215435327839643,0.6251160312493342,0.8140714067305516,0.805444016468979,0.5254828628139927,0.5667131447503831,0.8831224577702711,0.4516568798394938,0.49842214203649793,0.5777738754070079,0.2977380536276889,0.395034701389336,0.4241718914611242,0.5795329689014478,0.47307651580746185,0.448955465343127,0.6274273757853083,0.6360996904413628,0.7349448495555019,0.5445129180886353,0.6820651146816232,0.43379181002332906,0.5461926954279752,0.6786652637510502,0.3098615762770546,0.3627007575834005,0.3817210183445444
0.6981538060324758,0.6966025280743681,0.41462927797851423,0.47827305018082716,0.36758078647439174,0.694991859752882,0.6422223259041282,0.568615215586214,0.503913654334345,0.7818654499986485,0.6536657346429808,0.2694494334300585,0.43379256544534556,0.3411176292135209,0.9247375179880242,0.6655426296417285,0.41794468780739386,0.6133552848721007,0.3729367160760979,0.3241947682564463,0.5824927232092019,0.7200386602542135,0.780555030541548,0.4430897812044433,0.5497244360328184,0.7837472054395536,0.4447722896409875,0.4613729220586327,0.5623898805971079,0.2791739960710018,0.3110249903123393,0.4853237479635274,0.6244788500875385,0.44976571950904853,0.39935690082636516,0.5968478395399707,0.6202017449127075,0.6902387514176486,0.5690859679421156,0.6624654701825671,0.3716932277445491,0.5418058367508103,0.843832595526438,0.3928756262564599,0.4539902180501229,0.36522281951014357
0.7158257962847685,0.6908823243628616,0.4238368429128003,0.49347595696248153,0.3914455744568617,0.7339376575865354,0.727080870318004,0.6391106804465237,0.5647924849722714,0.8538647037121043,0.674571192633618,0.2861812996651148,0.43374203696033703,0.572024690369275,0.8067306528782702,0.6206916114191331,0.5674883799098375,0.6714813194983861,0.47686788219483806,0.3330137512172834,0.6329256270601106,0.5899807402647818,0.8416514202271559,0.5183270137713484,0.5220841885687927,0.7094405827287596,0.44960649023728,0.47259308368401975,0.5473897972599865,0.2984586417322502,0.3521522844229169,0.5021277038516143,0.7641143701141125,0.5935039846775367,0.5003005957555265,0.9277470141290256,0.6660343821821451,0.7451709805634126,0.7548803258522697,0.6053693984178143,0.29533576387083194,0.5129337767664175,0.8829237435222819,0.40769598459293993,0.4559065792568719,0.39026026933700214
0.7680532614588133,0.6800521401113196,0.42269597556162963,0.5469618621262452,0.47672076702498467,0.66749891714246,0.7431587871518649,0.6474726738595303,0.6300214501764146,0.7921000404996938,0.6267993720822337,0.27268377959721973,0.46935818296471427,0.6661071567444239,0.8578471001472222,0.7326096031215937,0.6912019862696979,0.8173063004600195,0.6095277097766673,0.4637708757457896,0.6746328112767129,0.5916538748315847,0.6145216772908272,0.5831091869018373,0.48314450109867313,0.8194554676563237,0.5374385375706175,0.44767049020663896,0.5382190594499843,0.3617224078005952,0.39042343823913633,0.6650412589551357,0.7702288021343572,0.6282772688849966,0.5813615318905776,0.6406742630608622,0.6813560174716397,0.7399230187946313,0.7154952326353093,0.7991451510724747,0.5030654904986073,0.4983661283577247,0.7985101976622618,0.5199377310699506,0.4331069045874509,0.4972411764795714
0.9037574219852785,0.705324932140369,0.6162761011585913,0.7177740999410953,0.6015822808655286,0.516384813863017,0.8631641675395808,0.7231907157310049,0.8495678915985229,0.6357123085145615,0.46518458467319207,0.28612855130569165,0.5901481918679368,0.7794077793857723,0.7871174480553326,0.8491471889685032,0.5508615705049983,0.7520773980124076,0.7098237726401282,0.38638905643398797,0.7893571174782645,0.5764298233908925,0.6312225593890385,0.5964468073136578,0.4794117982118875,0.74563055146311,0.790128019670308,0.6881917120466372,0.5160150673283571,0.4857424212964525,0.6180474570343957,0.787857738195125,0.6462234786967164,0.6767787333147446,0.6895087110982432,0.5665161927451057,0.9338046196072978,0.7962702925826044,0.8467747270288875,0.8091825396067316,0.8551228814512419,0.4630293973055148,0.6046657691389159,0.5724419302883629,0.47192195017496746,0.587250483064015
0.8737890311567676,0.7068686473916314,0.7832025801536263,0.7139186001451633,0.6482670380317425,0.4190217866470577,0.8625809024989011,0.8304947796039521,0.6482299918555502,0.4872457151846717,0.5271809421798817,0.27649302674839055,0.7027192145307319,0.4130628114270865,0.5484792980973897,0.9987355234686862,0.6051895088564333,0.5962087506326667,0.7136965535129199,0.3482099238626378,0.4684138079949085,0.5737532282071544,0.4214245308539151,0.7296364078803408,0.4886354208814758,0.6847712697875892,0.7681831991445206,0.48912964645769774,0.4187035930099896,0.5124139731502798,0.5607100934448875,0.5583599912647567,0.43896155883775934,0.7778224555169736,0.5381178293049634,0.5117703044109462,0.9080697510953303,0.6966246429094078,0.7768344459568528,0.5844083488352652,0.7347412007678594,0.4447240122632862,0.46769459631956345,0.46946069961971654,0.6144383633690904,0.78130017986925
0.8733132215421548,0.77323510064472,0.8947762240249607,0.6825888798979236,0.7890592041956442,0.44481256820157805,0.878964187875516,0.8536652758606049,0.710225707527426,0.4701068542885496,0.4551644721134279,0.3232333697646104,0.7764082383508425,0.663666384368071,0.5045329159151143,0.9181663220248317,0.5741989302374831,0.6259088188128455,0.8444301517332676,0.47320285802502465,0.4054316969402389,0.597395033093164,0.3604869117644249,0.6081962495098779,0.4906381699329795,0.5556978056818546,0.6834901733564035,0.5717665431200681,0.3496250443259667,0.6171464727070799,0.45522970776822497,0.4525554878749767,0.4272064932488745,0.9048842597905379,0.6818965079170628,0.5924548872779053,0.90828684737004,0.7783183086993121,0.7943019219140873,0.6930623010470168,0.6957116100042193,0.5830428882551377,0.44696279341295936,0.5798065689173166,0.6478217915314182,0.7926061213565473
0.9572529672843448,0.6871025797637509,0.7422297063844758,0.634066547928258,0.8682817817534305,0.4188694642159233,0.8270537816041627,0.7113386820573698,0.5772727633171673,0.4590967584739859,0.46354448964665207,0.4695707392199773,0.6363609942027747,0.44844638249804897,0.4242258356392712,0.7466765741638604,0.4036441275646392,0.6919638563167059,0.9255482249024671,0.2823662521973804,0.35140794952620974,0.5414823080891241,0.3986651640520907,0.5266539046367117,0.39409495625583757,0.38674776390634624,0.6742743513936241,0.3207124594529686,0.248266783458996,0.7022289642496448,0.3849383619049962,0.41266587500855123,0.4703989936928775,0.9999999999999999,0.7971414958413938,0.7151411390582095,0.9131807133847807,0.8580979778006584,0.7509362889136195,0.5223336923138435,0.7989637699945252,0.5077517416403476,0.5347207299046983,0.8565961648240721,0.5388256327721983,0.8428184983490594
0.923338636844541,0.5836056087908582,0.6663500032686281,0.5443786928737393,0.8375782504824479,0.3488000093702787,0.7590936577732075,0.645702219107241,0.5456411046800914,0.3876512328327525,0.4351839520049757,0.2290061338838008,0.5989472707762964,0.5176057278437298,0.4210477002774825,0.6488305553778225,0.3049542717038456,0.6868164440803605,0.704354489596814,0.14455449112116556,0.29467593483319127,0.37898532542456526,0.3678561574394147,0.5138246961620918,0.3076621953116617,0.4384518927589608,0.5777121609093002,0.3739825808415231,0.17389524559734515,0.6456218170766365,0.25721621938762745,0.3321747173929036,0.3754856904583126,0.8687232525781046,0.6594639833017016,0.38723503618076266,0.7443684185066053,0.6953500183207818,0.6495498832257597,0.49564976243194464,0.764076524843616,0.4831456617500196,0.47010536750746895,0.49980231797888625,0.5553322234238833,0.7545633920548944
0.7920513129069753,0.4721710390055375,0.5804577826091415,0.5590744600601709,0.7371224052792686,0.2503263237852504,0.6804490981771648,0.6270675112729851,0.4390050822014401,0.39662462765739626,0.4437089193060443,0.205382495871383,0.5535131095109921,0.3051086976018194,0.35205823535606706,0.5955826933688689,0.22544908583273013,0.6818998199159109,0.7286101711519816,0.15491252889617244,0.2369210456290946,0.33099489852488706,0.3063996559513734,0.5597930285144279,0.18994466514895345,0.4565812262942308,0.535384539624631,0.3594555921817279,0.1351993802458315,0.774135577985204,0.18107493014534884,0.24008610817538759,0.33335269935161965,0.7053597545839577,0.6706540545048341,0.28375153682483356,0.6828648754637705,0.5206332358118995,0.4876549293590618,0.4418149283089497,0.7873655947529908,0.45358483846546477,0.40511800752673344,0.452089328699456,0.3807304343571721,0.719539106424533
0.6810361662558213,0.42723341260668646,0.4681108851635851,0.47648563742360506,0.5964115357741185,0.18289960938784694,0.5866016070366009,0.49907490563963003,0.35981111396466103,0.33638026356483974,0.2817623050321373,0.150906130561897,0.4519176879800457,0.30238946599409927,0.22934761593174427,0.5388328041304574,0.20831842574367238,0.5753701731162082,0.5902561005574287,0.09393642556345355,0.18784802877505047,0.2720375667364628,0.3183729119672678,0.5201647236980206,0.07180768421222374,0.48890456496250456,0.4422417299368964,0.16877881995191563,0.0890410130983719,0.6739968970170641,0.13358226412840268,0.19482894067897735,0.30497437215260254,0.6148348354306346,0.5566418067986252,0.24433192022416964,0.5996714928996734,0.4789852672529249,0.4481394024891735,0.3577705007625181,0.48125679779417946,0.38544859262641845,0.2935794326893898,0.312525489975422,0.440834168091825,0.5439973210005122
0.5736475581814908,0.3285522164678599,0.42923168784312155,0.4517960830399074,0.5062350875877468,0.12263320979447921,0.5005272315683078,0.4476434402893336,0.25778053309297627,0.28440043498347456,0.230646526193712,0.13158120918615598,0.2693920225431234,0.3625533425571146,0.18513197625988295,0.5117746320526072,0.14726361814604333,0.41721890858080285,0.403537231978193,0.06071026284759053,0.11898283394993414,0.21487931324716886,0.2689799395529698,0.4883124535539969,0.0522438897198801,0.38291995129701095,0.3632194957836969,0.30973777006912656,0.09367755419281866,0.869796760903472,0.09299967329481601,0.13424490580023624,0.2800508301393032,0.481113603357698,0.3713273328497929,0.24381310098296863,0.5684946817706522,0.33284567978015894,0.27074272054020215,0.2777687213479479,0.4244383232826073,0.3260164435122348,0.26140476817513886,0.22909509395932567,0.31929735482967,0.3897125045252642
0.4820208966562935,0.2959376002741268,0.33931331400392084,0.46795423566465366,0.4287074700846979,0.13953672390106853,0.46608317197182386,0.45950165527804804,0.23777345898510271,0.19875231365317442,0.14894242615581885,0.10624020788908886,0.18293848137982008,0.16574945334470476,0.1891558294902911,0.3677562880214116,0.13022622534368614,0.3318732931348083,0.4424896586362967,0.03589221581629395,0.12034093781520161,0.13157881049490197,0.19530085509981343,0.33540751525280077,0.022375938387022433,0.25325466003830055,0.2735752937198203,0.2171441185642634,0.03830429302924196,0.7909774009438748,0.0648254451116082,0.11788028357224242,0.24507466974913722,0.46286362676885234,0.28990944798368057,0.1930439286833159,0.5296175105951878,0.272408682563921,0.22472808269172823,0.27006286414122455,0.33357231073114774,0.2731424048909766,0.20256716498637833,0.2522834048380788,0.22739533097433373,0.39767251087272193
0.38500914957161125,0.21993967718553886,0.27822588678062066,0.393035873800539,0.3785235196768758,0.1229333500178764,0.40267889246233984,0.37646831954657994,0.169153288507349,0.14080478992923862,0.14608086770837272,0.09906167480389091,0.17811736772945538,0.16688020018474947,0.12768281794009675,0.2703454069145032,0.12425324599523377,0.19473820719356527,0.336938655029273,0.03723596804916155,0.07724571490392701,0.1322556878986258,0.17500262017614365,0.21125883772442555,0.07379355103732246,0.20468928636634445,0.2175361332950887,0.21016613316778215,0.050412030596099486,0.5998076333621856,0.05274401921775052,0.07132803313691186,0.25682115089134844,0.33631117298675717,0.20791574408042002,0.15286803003208904,0.4563861875137884,0.178304466207986,0.20957274465251619,0.1907248672369607,0.2788610581297923,0.2103228864779078,0.20336806262157064,0.22236677015177067,0.2870018275761528,0.37547531581026855
0.34485184282997117,0.20587054555712864,0.2651474946243274,0.24314653373110107,0.29330707835136594,0.07553524267969473,0.3834411168110874,0.3273173194580259,0.16606880919258013,0.11328323059594769,0.1467400100087355,0.057172393695166676,0.17259528205191954,0.10444411753421273,0.0707415730513464,0.20088838453289193,0.1378229009590305,0.16127677670321616,0.26275481938016715,0.1522524453825482,0.04357362969038003,0.08011778418837441,0.14978456402791773,0.27275882981697636,0.04323032658178043,0.15007092763494678,0.20019118359904076,0.20370164246234546,0.03258671901466124,0.47320495509008476,0.056363146943371266,0.06687428457586599,0.18928633520920216,0.36331198470053755,0.1643864721615084,0.133759613530824,0.275082318742322,0.14881356324456663,0.1858288256306978,0.1799384065212137,0.20213936746594646,0.21493020319962314,0.15356479353195857,0.143000428189997,0.16220391146236224,0.3315964180511649
0.3438481688086649,0.1516281210569856,0.3183558081702524,0.2296860942087513,0.32612645003662566,0.0865538640602036,0.3645669051222573,0.28208143397885493,0.14650979373143513,0.17411841632071465,0.14928477780168292,0.06970852425628533,0.22479914821167565,0.07482205075354487,0.13344198546077377,0.27527157396504465,0.07498341760173441,0.19202367449029092,0.2747710212993502,0.05857671331259199,0.02947947332852633,0.09364420768621015,0.15749390108777395,0.3085669546316035,0.02828878545557656,0.1889319850032337,0.26115312820257636,0.18806924892685334,0.04623760072701323,0.5271354943636782,0.06443813134335,0.015181387979014783,0.22942272571516098,0.38938932657979525,0.13852063950332158,0.11844828304936611,0.4140990000713395,0.23732427050583532,0.1648701178073343,0.15602197593716688,0.42273615701815465,0.1522653254796465,0.14809809020036505,0.12265004402525295,0.1664406055634839,0.3274140809271138
0.3554850060755053,0.19002064331665972,0.3567261621994364,0.2551854009376148,0.2897309590298399,0.10197186735642413,0.37223842086393216,0.3268808359799965,0.14997542002934594,0.15337801761737516,0.1438346718997687,0.09508054939699181,0.22554369342731875,0.101082966475495,0.10955297005432665,0.22262796452704373,0.031783409079637934,0.20886953705514316,0.30877102309503013,0.08195422427856208,0.07213379237966086,0.09702177760111336,0.18418791640067467,0.26966789100184896,0.046814528988802256,0.1670126305640216,0.2587772855106833,0.10973701204577158,0.04081988474716565,0.5368741616936478,0.03278333896744209,0.06802916527539866,0.2198067088183517,0.35455770811180504,0.1830089182927729,0.09449156672815745,0.3358310093906712,0.23411959493283518,0.17446869872007548,0.16147085355795254,0.23152077531107684,0.2333678337338032,0.19278753435973264,0.10127031281850749,0.18520428871197459,0.31307195705894547
0.4735242755465558,0.31790489417051104,0.40140200583944674,0.31154875988357245,0.3441418619354185,0.18720579145225497,0.43523586445037105,0.413127212591023,0.2461944852411389,0.18641389422714952,0.2011750603536995,0.12309104233031108,0.20809873132487328,0.18478866699447494,0.1698932269295183,0.29272723642536097,0.1800606646550313,0.22928299462428686,0.4214620616679893,0.17131848686699147,0.1497663450285279,0.17086259224426395,0.34186459424389515,0.2974338302500321,0.06575459280391487,0.19418068723507195,0.2870261841690033,0.2351025146716234,0.07264535522110172,0.41289725040641545,0.06427285653544099,0.2731209092874627,0.20170935446994487,0.4639125668852307,0.3398384792443486,0.338529894113475,0.3721693795198118,0.2782274202515032,0.3085043955112267,0.2369631283902707,0.40772954409041856,0.26420092107400556,0.3537152162246511,0.22095716207829216,0.33463618332149714,0.256378153746456
0.8122364895763909,0.3948440563456178,0.4958474397540828,0.4577409838276894,0.34451291331227785,0.4023735959141127,0.5972504353923684,0.48835667854786485,0.4115018095084728,0.37060827720801287,0.34416081348736255,0.21387003992105136,0.28477203641292614,0.49608787609564525,0.3590107049003761,0.4107989586542224,0.31147510176745075,0.3733629073072414,0.4509275513508108,0.3052047063076226,0.413101692469298,0.3084118588521708,0.5246155884691005,0.41133993930730717,0.09053100246275192,0.30424142097648443,0.3800214389180328,0.3704050870549327,0.25305239344362035,0.40774570423459766,0.21940482034110473,0.6826933118134578,0.5312217472114033,0.559219386475341,0.578396705875042,0.5556629019722382,0.5389334875790169,0.5230337313826472,0.5679809120214756,0.4170654448034993,0.3246299826383792,0.3410381021052988,0.417946305184406,0.49084217120638723,0.26770318722253744,0.2275462492398732
0.6584265405702504,0.5660218372460359,0.4157507943017896,0.4619259072183586,0.35881222468937046,0.754863233139983,0.5506277585139728,0.5078768065501457,0.36228392438358104,0.5692913760068982,0.5311228579555763,0.22773058311907446,0.29404089688027596,0.5884146476501435,0.6235019556524849,0.5462185357105188,0.5150708357293334,0.4309421798683913,0.4549604858700856,0.3627173132784486,0.5962582219785502,0.4298371354230319,0.6826926257167463,0.4740535205225792,0.40323539894917887,0.36985230948810677,0.34268233156039324,0.5705216040430262,0.6723779872388091,0.49323398451464817,0.2546652939605032,0.6613472804012208,0.6379183769621636,0.479788953512898,0.5988732827316976,0.7420422890294686,0.5857328001402811,0.7472412623512344,0.6970735850558571,0.6093680029391987,0.44646409941863835,0.4222403408928435,0.6212070508361064,0.43377797134903234,0.29858798323904384,0.24652197420964939
0.5928213898584422,0.6117169534559826,0.35753557232270156,0.47600865051654073,0.3454006159801212,0.9999999999999999,0.5410225297514446,0.5564074184518691,0.39184617864218596,0.700002023387052,0.6372209466263917,0.27594885573543304,0.2698301347955872,0.4086138201354151,0.6804697092517525,0.6018116922779926,0.48684900250951574,0.48170992441769767,0.506358853754865,0.3769183688725745,0.5426642360877648,0.47908376979082756,0.7871735129077473,0.41955410483726263,0.5640368110860807,0.6251502657637367,0.32527713766989674,0.5768569494852199,0.89534349235295,0.5520917293958831,0.26177648843562795,0.47486671910631595,0.6504968029480832,0.531870963845739,0.547808905676115,0.6454070882563266,0.5360104611366638,0.769681182458148,0.6164750333014878,0.6118817193685053,0.5631428929016528,0.5151564130707991,0.7892313421321507,0.3843449047727052,0.2823695604449133,0.23746862913060024
0.582795692957507,0.7463499473455439,0.4185274195513949,0.5091268963295865,0.3834456826344371,0.9113352346645576,0.5602496510531874,0.5483763085974396,0.38240095954857756,0.7469629773227967,0.6800012931283346,0.2628946528557536,0.33337748282313573,0.3730040725169637,0.716037244106933,0.6746438868734441,0.5117500059843874,0.6050989574099211,0.40395413653840667,0.365556004729976,0.5470408537055984,0.5775689120104861,0.9779715956848435,0.440854670781807,0.6821693531675154,0.7409215987912527,0.4332089040621394,0.46345495090436695,0.7743862693246174,0.3292026600347996,0.2977248117392546,0.46936388244258376,0.7103211309844162,0.5673454240684841,0.49244191163096585,0.5494799778734939,0.6650001610197277,0.7191122381552006,0.6460481957467521,0.6631461941148609,0.43176751549438314,0.5764392765485867,0.865776161888106,0.3509362557354561,0.3893320148929926,0.3132884364819617
0.5765098491143945,0.655567022762666,0.5276582862833316,0.5478668508513886,0.42758748909453836,0.8111920736228307,0.606092512739964,0.6334227805729813,0.5033619548792706,0.7381094919987998,0.6524555589778753,0.28529875754753836,0.49269102304222,0.560036539674964,0.7070265603650863,0.8296711727139688,0.6542293214267026,0.49092559535639446,0.5041413978770635,0.36077443141670534,0.5942880825651384,0.616601865033187,0.9057215865054866,0.49471989370126135,0.49831129559052856,0.7631178924690076,0.4462727970183646,0.5490601642137289,0.7860589117197901,0.3673816504215624,0.4969645465584667,0.42076172049253613,0.6039425783406139,0.5137904707815082,0.618453284980872,0.45706587758915806,0.6625636298884433,0.6493089487689628,0.6026915816342456,0.6661419791271652,0.582699513292102,0.5827482942907793,0.7946898544255421,0.41439371133316166,0.3873270290213469,0.3360906075702075
0.695204089277139,0.7178328189435621,0.44983717014299096,0.591450781667724,0.40867249997868305,0.667227678834026,0.6364189868150888,0.6874188346501034,0.4790602055005753,0.6684920363072285,0.7445199190506122,0.291831361710084,0.6111262261637826,0.45057445278865155,0.7317525573867275,0.7098277174258819,0.550783989346146,0.6102006909290116,0.5144621458062467,0.3483833120930156,0.6382996787443351,0.8045379305798293,0.830258117592694,0.6457513741664113,0.3637086105050913,0.6350886220491699,0.48015288331162315,0.6853434949584137,0.5054648570907868,0.3336717329992314,0.5344103093962507,0.43958925407509086,0.6234225383099522,0.553450946122257,0.6049657221904786,0.5525240433681718,0.7111842089846065,0.6690105138239615,0.564203211013494,0.7752397707811268,0.41670298070111084,0.5083018174197653,0.6058764700948216,0.5252888753980405,0.42831732062066913,0.385023043107683
0.7005211979802627,0.6667315145278391,0.4140080356098199,0.5322403674155394,0.3736447830309393,0.6995964155709524,0.6881002414070585,0.6934260375103019,0.5033437956775558,0.712313586783946,0.8266968140425747,0.2975400687842023,0.5011942095210717,0.5646281058945275,0.7868781764442083,0.6746953865319342,0.532365234509631,0.6640571732200398,0.5425961349128987,0.3038671875960476,0.6709707226720452,0.895294686954305,0.8779611222090081,0.48907889105368596,0.4621947135336669,0.6937201563762726,0.4687140559349802,0.6750821271907095,0.6051340328750715,0.36676668141603674,0.4357754294076114,0.5012553967681084,0.5774432591816442,0.4422439225749499,0.6191360889662494,0.6515650767836375,0.6661738573202507,0.6643712700993634,0.6154858819295741,0.7296523286258428,0.5990631408790179,0.6133717633354351,0.7341980195757354,0.48562444932511567,0.20381858339128656,0.39001176854111824
0.6503952640823721,0.6891235928964117,0.41692218864221003,0.49796876960090847,0.41654083574644296,0.7440331128261783,0.6900145000096682,0.670454885273814,0.5475191469569552,0.7630547234200799,0.6426640001531635,0.25576617757456466,0.4486741167735697,0.5665666459398084,0.9086466104420158,0.6315824025552261,0.5286248875172735,0.7087087533785102,0.6191609610962355,0.27451517468411446,0.6838560268866319,0.7038541189534432,0.8807367486189152,0.5278629453027408,0.5909090611499783,0.7855984375281271,0.4499980101203606,0.6351828792867436,0.6634023690182779,0.47652573788981156,0.4306011641512011,0.4593358717508177,0.6220704669376603,0.5199448641263354,0.5539583122745069,0.6839516008872435,0.5821039001637616,0.812429282475397,0.5806714342916898,0.7730492444151649,0.35894553215459696,0.5912212206515275,0.782725106532095,0.4897869573082632,0.33384370926592627,0.37769030414808596
0.6764526596766298,0.6902085571733048,0.4692860422861393,0.5169207455765428,0.4148417971746462,0.621543869591475,0.7063929860793187,0.6756149716558519,0.5572160504528478,0.8681299946083451,0.6871898240511289,0.24654463921472738,0.5195916815756683,0.4417067814621192,0.7999172261423646,0.7039976057566975,0.5604655797889746,0.6923409673956896,0.4576230397906443,0.3491706658144946,0.6743112123858763,0.5694545254562386,0.6967593267345965,0.43145107957257056,0.5138938957234495,0.6231699381945787,0.4143060917127529,0.5825388878675899,0.6652302470723346,0.3286104989789196,0.4244795370881056,0.5193287921842494,0.6180971832214005,0.4930553503183815,0.6555527726068129,0.9910116104966412,0.5992365205977104,0.7344479573470378,0.8357686109366493,0.8192963049075955,0.5808823507372218,0.46746029557714164,0.7504596851090021,0.3859086818240578,0.2977385071245886,0.4191944525824013
0.8301151212014057,0.8267652106691528,0.4715605042601612,0.5972500040413945,0.4641901964593943,0.5374312737803681,0.6395128856337368,0.7395348829867839,0.6394854018956435,0.7397570082314714,0.6479162448166356,0.2997719685960819,0.4843230345511571,0.4927971275335112,0.8418648894087356,0.708935989762696,0.5908502921913508,0.6693358503275312,0.678180693619335,0.4020159886467606,0.6633198746691541,0.5617468357961098,0.6561353146603806,0.6436899568727302,0.4871150892718038,0.653297343260601,0.5053162856614392,0.61633380728295,0.6005076937351708,0.5223812342857506,0.4085718833713105,0.727844062410923,0.6798042496043393,0.5748586245623422,0.7289783275852434,0.7418500056158575,0.7056211556503684,0.7740465732247096,0.8753645239640154,0.7957483536806689,0.6686891737378959,0.45283204322457526,0.7439308238672017,0.5764404531143087,0.3983034104986715,0.4251603321939668
0.9281133160545061,0.8065142750871819,0.6248003578879532,0.7551882302589369,0.6011063334824142,0.4707933810361593,0.724473949680054,0.8256879224861041,0.8923544150721102,0.6242053040430614,0.42782600767696843,0.2967819685848005,0.5986721668327171,0.8756376877264975,0.5706431864885696,0.7908950143965775,0.7036284582630489,0.6041959963803397,0.6691601435216368,0.4034519456185022,0.8839134092364577,0.5768337618467997,0.5502382609305632,0.7012275943989201,0.42819278230017993,0.7794643460180106,0.6027457006045999,0.5938374363491177,0.5472261742928183,0.782761436398625,0.6164089014008837,0.8082737005838043,0.6857955325204599,0.6904649678742749,0.645811700767046,0.6087691560190158,0.9122938448601896,0.8192863794503822,0.8002772473061552,0.8136118221464738,0.9196571290621921,0.44787448061054314,0.5991303336625247,0.681492943141782,0.597400116853019,0.5381518474861843
0.8893550989296477,0.7416159846846486,0.7515665055276632,0.774591808307683,0.6860956195530086,0.4046554602992608,0.7653174149218906,0.9229268051566221,0.6889494136619219,0.44225931893228976,0.5016304323064478,0.3123489628757705,0.7430174472745669,0.4091355513940103,0.5112837744761605,0.9174038583094563,0.5919317042543721,0.43554885342125876,0.7230605654947905,0.35591279105315476,0.6870790621648718,0.5521251102856342,0.3597194857740773,0.828664333967509,0.44005326251629473,0.7671932202860853,0.6787287056558682,0.612961938837616,0.43134301708043504,0.6594564700636384,0.6917933889220903,0.5649628161824061,0.5129426662996674,0.9194095497190785,0.7611022996087978,0.5222106690945261,0.9272509290085603,0.5972803083056334,0.7993671617280232,0.5655338970398835,0.9162432276979414,0.451659485796799,0.44719184890321784,0.4712001634294793,0.6772401697485262,0.7147423178011573
0.8921063488275953,0.761309361625943,0.7832021863289607,0.6973268987871983,0.7366126281883341,0.47327786333780014,0.7895317951334624,0.8384807783332627,0.7385758174163316,0.5012502740527309,0.475798033134852,0.3324479416632089,0.7064955490453287,0.5884665188022644,0.6247774158683679,0.8949219397277097,0.6576293539074266,0.5349012888323675,0.789026970888364,0.40843262206413633,0.6430558873495473,0.6907516089071238,0.3709341644020759,0.6420260786874478,0.46781266564829094,0.7006088967484119,0.7505408303309858,0.55725507691258,0.3611646221626829,0.6911802503943523,0.5455965332647182,0.5232486080964303,0.43143611535320725,0.850138418006233,0.8016915022566863,0.6013293680023143,0.8722491021775229,0.6898170682323311,0.7464526870661822,0.555413560033304,0.9869601704234295,0.5040101121871358,0.5349392471788141,0.6431881097808667,0.5855049337298879,0.9104622754720433
0.9602640943200498,0.7484571479572584,0.7182765786616901,0.5938500213588322,0.8344960862862535,0.3662111408738204,0.7976323675220696,0.7652667693852049,0.6286776591321159,0.49361495869290667,0.5590682344488922,0.46539456570146887,0.6737670882381356,0.5691035745606892,0.6358945956780039,0.7755038882998017,0.4161167069967382,0.6876854218593519,0.8918448911657818,0.22023162418757966,0.49004982954149734,0.6183632659108895,0.2767596628098308,0.6253986331892064,0.44234980623883097,0.6269341784970325,0.6289261841111148,0.481333089142468,0.23572092905757513,0.6957511082062321,0.37368417589158226,0.49960243058586173,0.4621200374962482,0.9522170273850971,0.8428909118521296,0.7089622864978896,0.8736003432506342,0.764216801015168,0.6415613205117587,0.5007128038907986,0.6424027644192422,0.5407428965792033,0.4937855710053554,0.9370190737346288,0.5178852766360142,0.8490262768687297
0.8987079834515838,0.647748092586635,0.634175360032245,0.5762857397959936,0.7842647893633539,0.3009591192363204,0.8172431515802089,0.6243789374535156,0.46386771362810153,0.3593100202376311,0.47812194564565613,0.29373499084157256,0.5307807595746947,0.4320660175850212,0.4590031414877279,0.7049765373977676,0.3283513044775788,0.683700938016631,0.8008797512792426,0.1814533507099603,0.26571903294197213,0.4691439223491203,0.3280770465613648,0.6023083326262509,0.4441363341057255,0.54838629551721,0.5043202062058336,0.4444176097070479,0.15787513625884989,0.768223631226699,0.25241014368441944,0.3450409461233117,0.38319355492412743,0.80724307488009,0.7714658695803137,0.37199735903354963,0.8042903819628151,0.6752105941477653,0.5657786817984252,0.42372014979313877,0.6593944922693761,0.5295557563764623,0.4145449427779862,0.38336626099233617,0.6385134893777595,0.7456196965899029
0.8061295707679492,0.580700367030587,0.5482086592070085,0.5727552898039525,0.7359986802845186,0.1596476103663258,0.7180359781572615,0.6526787424832083,0.3967867643754345,0.29131239648704,0.42605444382714125,0.27200095454992745,0.42212595259026076,0.41056581821088417,0.3550949060767693,0.6232954165687159,0.26511612206632823,0.6399993543319329,0.792271232328291,0.1262603870387673,0.25981358521846787,0.33614382518004937,0.2801794688432686,0.6261442453194371,0.3120983073249341,0.3985562183744005,0.44727182162987594,0.31380746051953057,0.1503704522667292,0.770778392890787,0.17022205365455145,0.2600818619073245,0.3447304631339,0.7237009240427673,0.8505765589241608,0.3090387273007666,0.763201778998909,0.4816366317308195,0.5002647553003485,0.4364801563118582,0.5348095429100749,0.45063924891908075,0.3767942051126379,0.37153474041038387,0.5972977548280867,0.6830473858463152
0.7350747891877364,0.554643668307518,0.40677189557616183,0.5456748723973546,0.646533667731826,0.12733180316038228,0.6142598454721099,0.6007036229164131,0.35640869130938263,0.21680336367793665,0.37406735722342005,0.19527388027251902,0.2998371982848,0.2897683560413172,0.3356940959594381,0.5461945232355522,0.2551403151987035,0.5024358113977819,0.6155737799844239,0.12814527951961877,0.17319152424668402,0.24875813199416053,0.19827119967648,0.5592021153152767,0.1388650130371842,0.3368669357773689,0.3462424250164672,0.2507997075531046,0.11380167319041987,0.628859891550683,0.14357658523844605,0.176465902679707,0.27311351792399213,0.5980962559732684,0.605942493114324,0.2614766293841391,0.6147653178663318,0.3979726173320161,0.3659217890296181,0.3320240604686852,0.534476693669181,0.40267314277831634,0.3649130690246884,0.3221546928980185,0.5109378825026323,0.5301699405069159
0.5531667285295466,0.3945238559036731,0.3493473078182479,0.43695139268871447,0.6084793160855052,0.08497914843158419,0.5186656744836544,0.5419091898338811,0.2483688126767678,0.2112064660194532,0.27034085990371903,0.1321979483118131,0.22607619375042712,0.18192045092138798,0.2788033894480657,0.42239052013081235,0.1555220175769729,0.4310967550236877,0.4463317874121758,0.06328924779865605,0.16753025258495388,0.2090447040516484,0.15086203220716915,0.41181810962811766,0.07321134420422329,0.31880611535959313,0.21758634151890874,0.2237445992326465,0.0943833064640721,0.5619158375919991,0.0833849603184782,0.15236703274476143,0.2408278227148556,0.45023685908051714,0.536012320899636,0.22828976034805779,0.5213377135508143,0.2983910939676411,0.27453772788493047,0.2780810275349887,0.5528760825022097,0.3206136009763866,0.23313249804307482,0.2391885070118592,0.25252019586355157,0.47530753149389965
0.4390831390367387,0.2999728217352572,0.2927430206196459,0.37600666691345197,0.4607969639692656,0.08384035022473434,0.43020408153230566,0.46602616058728924,0.19292000929581848,0.13290738822432732,0.22542055289620755,0.09535697000253372,0.20373382142766752,0.08635601535142501,0.20407870662898217,0.31757041315036977,0.14953701175937076,0.3008583059375015,0.3902590402572936,0.054623421251858255,0.08955741721320806,0.1258972177124218,0.13677715481520442,0.3997567136987292,0.04526269132132757,0.3776065692194994,0.20068293673838458,0.24809544525674632,0.06068358210704111,0.5958469880333228,0.05267556896718809,0.1116534210740493,0.21202222329211082,0.36491682976579576,0.4256304335203932,0.13832056477436053,0.4598289459337202,0.1751138394635537,0.23076373226353575,0.20711626389644705,0.5938447359531719,0.27312254225744653,0.2455338444028766,0.10794819913989906,0.2920879316443618,0.3546280127963027
0.35242480439902213,0.2669495597045548,0.21003858479878051,0.24747621929042324,0.415193845127493,0.049260343397155,0.3395526352919148,0.382065508703386,0.13983298156571708,0.10158260629103225,0.19149779463410316,0.08258629774211823,0.05257016482120789,0.11452101035047657,0.1838725874634421,0.24363409912033207,0.08610936465677295,0.19398358370982444,0.3023829641110088,0.05929060008974712,0.08327519854366427,0.11829127533919082,0.06453286527522774,0.30580403663149763,0.024371899940243108,0.2885213031809277,0.1905260437185506,0.2336673874647333,0.05523805627643244,0.40095395492331937,0.07337492020031103,0.0749588402215469,0.1908111867458789,0.3592233984501853,0.33716798815728133,0.12363456529250705,0.3680238221593493,0.2384365040684281,0.1513108147446861,0.1594321713353477,0.5392746268937115,0.22822418587047694,0.16384515554660556,0.17879095506029333,0.16961545123289207,0.36852979830823007
0.2844793950193652,0.23379518165212476,0.24074385183130254,0.25512295283549746,0.29091669006808973,0.07747310144583233,0.3060228106261902,0.28926193585299215,0.11422384627408981,0.06123028046720822,0.154856377127616,0.056915708594534126,0.06481774061834383,0.1599159367083236,0.1364633173335756,0.2610720052415479,0.019426174464355222,0.08713609038163644,0.22343420982657813,0.08681858519680885,0.0,0.0891580596415104,0.1173068030367556,0.3604423509013421,0.017487926230054844,0.14666729291359015,0.18703687213392997,0.19493096175532493,0.027161513521125384,0.3819718896173524,0.0782261546806538,0.07819261692025173,0.18104193218182354,0.343137405469323,0.1800659651409083,0.11361464026920684,0.2618098231135971,0.19717672994887964,0.15325123498441662,0.13878911879367337,0.26815420681669166,0.2445572816964129,0.1087345295482408,0.16771605084306893,0.1793383331472055,0.30390254105320486
0.3026873900889103,0.1830865231830671,0.2672587999146423,0.22186927410472773,0.33992013009330835,0.08844134227557178,0.3133638125469241,0.25734677416061624,0.10002779875080038,0.07646249773048155,0.17215229141190827,0.06428579683243946,0.10928381825408232,0.14615884234149001,0.201446544241033,0.24424810355842086,0.022227299472035108,0.08631545091461074,0.2848102957061761,0.06728941990670578,0.03172799111208068,0.09956578772921575,0.09840814516677072,0.29202786594238284,0.015479835151166951,0.22553660547831686,0.19915807412182507,0.21142540089577205,0.07457862640656956,0.4641913149213478,0.052478835850979406,0.06623831635820608,0.1945541786704463,0.4124870444024839,0.11848536275735072,0.08197894696393396,0.26072038913522283,0.24652020182175005,0.18458745578829594,0.15325069400963148,0.314519394129391,0.22938473291958794,0.13937912862369925,0.10716925781509201,0.1497900905876664,0.33673576740784056
0.33783868774958353,0.21172784915936957,0.2809974015336265,0.20254023428379403,0.3372110795933436,0.08463657086505028,0.29934236297546063,0.25481147154824363,0.11538660274393576,0.08920033723244894,0.2087454252570064,0.07908390917640143,0.20025212068048018,0.028710489508192022,0.11656333244483638,0.2358297654982669,0.02248384375717431,0.11039522955821013,0.26162949980103667,0.07564712481444821,0.011624132255061738,0.11269666388398145,0.1912069072133703,0.3589404485063129,0.03581471657297386,0.23869436648878115,0.19565228164392448,0.19129149146083957,0.05439375384199313,0.31107271324913527,0.03571562949711347,0.10381316628783743,0.20833599768788533,0.3885595948442526,0.19139943204697463,0.12545124484211329,0.26879449478959083,0.21975770760718277,0.15471829471298237,0.16723778700843675,0.300979804148145,0.28987370319278855,0.19126018308023326,0.16700782411946014,0.20159813637694413,0.29008817374502904
0.5387405254161901,0.26070975307911,0.37932141020613436,0.2999812623273365,0.3933873832110566,0.14628547863395547,0.4510287315473898,0.3742698906803177,0.17082888793248466,0.1600476123448834,0.2958769161696456,0.11827822914600326,0.22026384102416055,0.12093971358983907,0.1783589116470819,0.3214244197550681,0.112642860677523,0.21394549673272384,0.4033243610741433,0.11414745043631391,0.08752753069354263,0.15633382275488975,0.36986450953751243,0.3207463807160421,0.09254012218648135,0.31074670272637994,0.24948937789324835,0.2603073447227964,0.11916199499986449,0.4584380195945915,0.08882910564717802,0.30833278284266064,0.2312387567338332,0.4722605921694539,0.24374203190429689,0.38394102922292184,0.34264927733382217,0.27411912121539844,0.2926087637518196,0.26235790892994304,0.3225199508460518,0.2982666034232673,0.3808343608735123,0.2929375256154661,0.19389437779733532,0.26819933427559395
0.8289877284839213,0.45369384985542593,0.4743686997241085,0.409515014099797,0.37209352827386544,0.3872235185063321,0.6094828711258936,0.5078325524336137,0.4090665295633803,0.3790717952892701,0.34528267818488684,0.21638168902501162,0.25507449219984196,0.34446836396622843,0.33084711692679347,0.4835761276208331,0.30057423735610406,0.4372200569977362,0.5300057856610226,0.32951095284128634,0.390603802284939,0.29665274379357554,0.5245641052498876,0.5286433901789002,0.17867373166710332,0.4690843149968891,0.3630155771435629,0.4083471822875514,0.2950301325545854,0.4889825956003039,0.19152298105400212,0.7074928711250781,0.48398163234950997,0.5411181684015809,0.6251794874068074,0.6091447483481498,0.5005590195887859,0.5100392870305852,0.5930145423086489,0.3681503338976836,0.48336172985475095,0.3804364900872025,0.5354123545205666,0.5358822410121105,0.2608455385112364,0.2738658986454633
0.7248882317185913,0.4936374594227244,0.46724803950260396,0.48144496857313807,0.296220957557748,0.6241346480434965,0.6343627217978415,0.5574192074513996,0.4156485847246456,0.5868557630196233,0.6020446438524809,0.1988871211480693,0.27676367882301806,0.5080685443786164,0.7760603848946984,0.6570769089771942,0.47327232323484864,0.5491464571488666,0.5247830182507816,0.37563573398861677,0.5530377412034331,0.4381090458404443,0.7277240878691791,0.5085632908491444,0.46004676361667796,0.40076105544835494,0.3496306055930408,0.6473219155222255,0.6597844121819925,0.49087288850666555,0.276854266983626,0.6166266070531107,0.6620113218510947,0.5536046049329137,0.7204661884887947,0.7593937259799504,0.5538663382514242,0.7870343594493011,0.7363147413134138,0.5454368674298554,0.5012379517574804,0.4273621893461311,0.758374016293283,0.44991643693295263,0.25721672934364126,0.24910657613958204
0.6577659415127565,0.513583014349062,0.388865507753114,0.4346934435464881,0.3181988342217026,0.7754659476961804,0.5828858626810763,0.6578578345980206,0.44235821553659205,0.6285850429262679,0.7287818742250375,0.2524766119661639,0.31532377408448886,0.4506214680161413,0.8248774985438735,0.67938446578903,0.5104620871026454,0.5309879540203714,0.5587878245872259,0.4162314361181627,0.6746808335118419,0.5499754745550384,0.7770658292300342,0.41473523321291456,0.7418301360450809,0.6399798967005426,0.3394818318858652,0.4983129390684079,0.7989684182638765,0.5518690452324138,0.35494815579181715,0.5402836887673451,0.543698892387454,0.5135561709019609,0.6401653106176847,0.5826195340898844,0.6133967453641944,0.9341742870373657,0.6608291619608062,0.6309891972830565,0.5559876096264604,0.473244334891594,0.8959294137508,0.46896636396354313,0.38424330292071096,0.28306312941023953
0.6188487158226441,0.581439439020709,0.42398331878530177,0.4576296848920848,0.35917434877377596,0.7848635682774229,0.6309217777506805,0.6459202897915652,0.4777358722067684,0.8204400602799784,0.8452301959078686,0.2660471751929917,0.40308423377911673,0.3907787695246336,0.7713839913998655,0.7742817075674288,0.575180477265241,0.5708349229730884,0.4985769894034124,0.4413105952566965,0.6767732897589251,0.5714395691636751,0.8417573071896396,0.41060134563753314,0.7603540308890284,0.7535142584370502,0.42427585772888593,0.5278368794726647,0.8959792042942911,0.6732286810206023,0.42100977167180514,0.47387987572767065,0.5653902796961555,0.5082117926703413,0.5123678556246194,0.5398121534622502,0.695684083109029,0.9581096890031938,0.6406135700850142,0.7307961364351933,0.6345414414420628,0.587168043602924,0.8520847586904242,0.4998686171424818,0.3892125515932615,0.34470572045369396
0.6423833989097067,0.6691120918803378,0.4609286305024788,0.5878619836563055,0.43133541063194125,0.6934780946309963,0.5843111101234444,0.6825586690361226,0.5573155146951922,0.7783398698065794,0.8273823711236219,0.3302302434443535,0.5429915717403502,0.37971712396408813,0.7367181999723147,0.8429024029229196,0.6894429126371154,0.5294756449759753,0.5332707945429486,0.34198760379918297,0.7154270669360498,0.5821580212738712,0.9374576540562013,0.5672942892627832,0.622426739396266,0.746338452290126,0.5279619068454352,0.6228566045118995,0.8812768420513117,0.5663010113328426,0.6819790609366014,0.47051403600563446,0.6396956791526512,0.5236801047956616,0.5763320667174668,0.46995613513502016,0.6143053100373608,0.7907840515276854,0.5846436188637916,0.6515987408518324,0.7182560714571198,0.6847454063888432,0.7533816134817898,0.45222225510623565,0.4459710564371154,0.43102344379795904
0.6886179435237691,0.6391067168208736,0.46727683709588236,0.6512241733108014,0.41092142979263213,0.5862842799919928,0.6057386775268283,0.7552322215481307,0.5544585036544762,0.7310575193283516,0.8527310104395094,0.30145133996155143,0.5436871338511534,0.5518912887653684,0.8068331615182202,0.787218760236659,0.7332619181881418,0.6763008561535898,0.5313011384301268,0.35349848199646855,0.7910340889448618,0.7721525779104709,0.9917974524910552,0.6810150959580904,0.46521281385165153,0.6397998407030842,0.5188154740081607,0.7219300922342015,0.6446178728466327,0.4915652619029377,0.6263746225675283,0.4872291092668767,0.5807142230247757,0.48856444434993646,0.7375079535880823,0.547787060161671,0.6969704284719517,0.7172695118556985,0.5415798358157252,0.6622974131066965,0.6258651028666004,0.6481751744888159,0.8183460715704682,0.5123315004932658,0.5167613321813354,0.4638611705432763
0.7071693233239538,0.7457599948773518,0.4130480672628557,0.6089287933904994,0.4195608396595061,0.6507484766109608,0.7259210479510291,0.6441152439036176,0.6041318958534168,0.7816383141797161,0.9999999999999999,0.2829635947164433,0.5339635941044552,0.5398766951542089,0.900786997752068,0.717540043389108,0.6941637879039971,0.7558803076457169,0.520739605612488,0.2913075499732512,0.8143576363477575,0.8378973123398186,0.9194423631837573,0.5447390423450879,0.5806526165498359,0.6834719191391763,0.4447531269114441,0.7472547774250484,0.5981851500046584,0.4674325783570794,0.6308059373467373,0.5241874433994795,0.5565784611254447,0.49300674302473874,0.8086418163716472,0.6796502041192911,0.6258367878430567,0.7001615972393869,0.5103586370374605,0.8187787967709524,0.4221707175939821,0.9745089508007293,0.7771495685057555,0.4891534523500702,0.44821980814179124,0.3600995231740847
0.7631928709995739,0.7012597896966665,0.4870476583977407,0.5639709056235492,0.4108340239154399,0.6055748593510898,0.7341029047793202,0.5935371930824083,0.5961572211623227,0.8684771562251362,0.8682445432607371,0.38389902456018365,0.5342583535801497,0.6045154311608072,0.8497128724004789,0.693793860488102,0.5713916173221109,0.7280936305727804,0.5260312613413478,0.5531771560586104,0.8899620525051822,0.7692945319723398,1.0000000000000002,0.46046536272044936,0.6830961142323745,0.6242961060533152,0.47542844325307215,0.8843019327724518,0.8309074944104081,0.4905940257064634,0.4815170584308585,0.6463881491517626,0.6486315083451116,0.5664512240552192,0.8841311681148123,0.9999999999999999,0.6602667127726477,0.7454450296763627,0.8013900840742167,0.9014142006071638,0.5308734440517513,0.9999999999999999,0.925980335282412,0.46593870993012804,0.5268781390776343,0.33499993600884004
0.7461649948863119,0.6750750555784018,0.49512731792737336,0.5834155742922733,0.4608340922296654,0.5914342418102885,0.7385234211326168,0.6750078644284346,0.553809717730908,0.8276671055395249,0.9029504237683951,1.0,0.5926687298063941,0.6414194370474662,0.8187933933100322,0.7362970283566986,0.5015345038465163,0.7315472363391171,0.6787103700693635,0.9867933009061778,0.8897092941334689,0.7320279640556909,0.8264871996793859,0.5746997785927845,0.6104868394000427,0.6808029361945713,0.4904026560783668,0.7791464230841625,0.7445224246042582,0.6334941105092137,0.48468583667173587,0.7105927363464503,0.7334981159525414,0.6386773651168028,0.7040486772418254,0.8131987582988717,0.6738895632425846,0.8096036006120758,0.6776087586749752,0.9999999999999999,0.5285158585264899,0.7137736687994457,0.9382211245591603,0.5823510913586752,0.4661939988853017,0.3836348098873927
0.7958273093628475,0.7575902864912735,0.5222455742985281,0.6572231253557079,0.5097199536556887,0.5703540968883111,0.7099634002093977,0.737995392483459,0.614222070001688,0.7091152533466929,0.757693648572563,0.8189252477133884,0.6766916531486131,0.8020062245387498,0.8127014658984884,0.7791399526336046,0.5856867682257554,0.6688566460099724,0.6207880055424404,0.6330979365132674,0.9309944067262212,0.6485866666151673,0.6528896337291998,0.5140065196274245,0.4257687737518769,0.6165529416095006,0.6313012550943697,0.6478416497798356,0.6604252578005867,0.6294954720037231,0.61745902545901,0.806372277147779,0.7868186599091437,0.651811042060972,0.729122002575861,0.676115100445108,0.7883365267384267,0.8655030097179404,0.6786191573366039,0.8789255501019602,0.6764998210087453,0.4399209428441938,0.9312010529689073,0.6493078662923277,0.4502598986727286,0.5023037745415048
0.8837597270854257,0.8690649043616532,0.6558727133872684,0.9564418599664246,0.6963139762536312,0.3847530421323947,0.5536726146763254,0.897669020399895,0.9997786864502535,0.5523525987714354,0.4969261176896972,0.34907177448667825,0.7169891410632607,0.7828516583021414,0.7585117324535029,0.9999999999999999,0.8452691775471338,0.7882299760629959,0.7445762362814433,0.39013723685397367,0.9999999999999998,0.602304043948421,0.5952882113662719,0.8393811748732931,0.37243426226280485,0.7444409884284069,0.9119459175766873,0.6421534618767538,0.41426801979658967,0.5843847549156204,1.0000000000000002,1.0000000000000002,0.6697171325122088,0.6491929474785724,0.958167418772147,0.5583591346588346,0.968334321625939,0.8471121824998985,0.7611489037209008,0.8989788504602945,0.9057500017331862,0.4471555575772937,0.7358248468195535,0.6846090566018522,0.5414591838372744,0.7209420198410664
0.8902927198655896,0.8373928437712511,0.8727785164181778,1.0,0.7164073711673968,0.3626881623452179,0.550637669531943,0.9561101477125682,0.8923135348449628,0.5033052630674075,0.5115304400618714,0.21048791386441834,0.8280678809342105,0.6752163036613228,0.5489231946707259,0.956446292574419,0.7968664733809394,0.5047876617511622,0.8012649352994996,0.34355057511966375,0.6493041963285621,0.6127142214824515,0.5410794142660844,0.9578117734580505,0.47215113216462645,0.9473940023056703,0.8703934761750957,0.5993395520788211,0.26522942481097833,0.5544726937530449,0.9260141631077556,0.6258392658372768,0.5014421927341334,0.7057338633031218,0.9176471714370892,0.4707214433975547,0.9942407563357312,0.6717169727570376,0.7373021867841314,0.6135091861888723,0.9999999999999999,0.5258485839978709,0.420233587019514,0.5039794406828741,0.7380706355187237,0.8306478642069867
0.8732922504608919,0.873465152071915,0.9207985480186521,0.9168330959428197,0.7792526483769581,0.34469045683317895,0.6027109325875167,0.9202092684279363,0.9243323436965355,0.5391670029740333,0.5563004961337422,0.24639485250655993,0.9517810838405002,0.9367954833771903,0.6179645427571007,0.9124018811618916,0.7941902914652706,0.46726494504722293,0.8358201429030941,0.24273020982384838,0.5780447356343997,0.7238497458187942,0.5026745040060433,0.800405896653631,0.4882531887225533,0.7118266196532779,0.8597203658004019,0.5921112846585298,0.2520463186022892,0.5583021381319568,0.7503327489982866,0.5463467634913227,0.49614803486571224,0.6673855003109649,0.8830228473419546,0.4762789369791616,0.9462898938395472,0.6835901359266172,0.735343128665412,0.795759353876461,0.9748083793764001,0.5892557496115698,0.45797333222408343,0.668426153268379,0.6232703238275319,0.9703241160592568
0.9636656486670264,0.8447281709318706,0.7795222494297358,0.7845297473844958,0.8276945089043264,0.4059745988630901,0.638701970072394,0.8270479755050731,0.6980490724281738,0.5356554121393579,0.5302296690840674,0.3232226378750537,0.8185461262525079,0.8286780508491391,0.5742364787871891,0.8336162553140399,0.5654037715340474,0.6382831878064815,0.9226226929393377,0.290255214731339,0.66484055031169,0.6720808139081769,0.45260414222858975,0.5442387446200281,0.4160066016480637,0.6412961706263387,0.8174468895432183,0.5852523034597145,0.24280670889003786,0.7319650549785455,0.4555133496404345,0.5707186138402803,0.5172127956039982,0.7866912111039183,0.9654887497867575,0.4627260698691701,0.9023630534546622,0.811512778454108,0.6915412691467083,0.631255149251421,0.8101124297990426,0.5567916477778405,0.5132312177511746,0.9107312015331552,0.48276042572548533,0.8724003010602307
0.933981137041824,0.7436206707781964,0.6867567380677693,0.6938580624266926,0.8363181316933297,0.3110519752614377,0.7180845656493735,0.6750815718383041,0.5294436705740382,0.4666586641665202,0.5515975903277823,0.25080309211977947,0.7157960095291406,0.6926095551822271,0.3909719074821003,0.795648871608088,0.3770681044500278,0.8554112845718701,0.8643707122368677,0.16858074531352446,0.4463361422444172,0.45586179670479865,0.3529967226508514,0.6278371397872039,0.34651955648766297,0.6169372779865914,0.6858219981129466,0.34116294393325447,0.18291880267719002,0.8828040185669196,0.38919733665815676,0.40476564629048206,0.4598457300243146,0.9000493174500092,0.9998609068157016,0.36672644185937825,0.7693987272721364,0.7292558925293765,0.5710437126828718,0.4248652471313579,0.7168677318601017,0.4536294678657842,0.43230697594598305,0.46893473432075267,0.6284955930895288,0.7354432341418883
0.8627089184301022,0.6877602281840932,0.6037288760848405,0.6445202462341572,0.8041430925442746,0.23057548422925972,0.6652393768688263,0.5536141963845597,0.4052435328960461,0.35280530192711124,0.40626026770061907,0.26051652593072555,0.5394055014069893,0.5029996043693021,0.3350918737690828,0.7346426305502873,0.31338611952900425,0.780379208921226,0.8015645647297066,0.13965212502273508,0.29930335298725835,0.3169345460982219,0.48370865248992617,0.6496166453521798,0.14464723942645177,0.7113733654698569,0.5066436106630856,0.3808792560196785,0.13018685802626195,0.9009461593976738,0.2522003705115706,0.33031211231061486,0.3774792414697712,0.8987070954888275,0.8167904755381822,0.28110360309340143,0.6975137878908956,0.5536982869732505,0.4946089485868003,0.3791442039951702,0.5118844100875932,0.43192131432423997,0.34479713375402266,0.4488760320742174,0.4515537608176156,0.6757329073484525
0.7642368891324156,0.5748208794125351,0.5023093832311983,0.5605695299955356,0.7370520943974493,0.1890885970734496,0.6111055047522553,0.5817464302777287,0.33070820113640664,0.26370780599528754,0.382623157011566,0.2541648412962397,0.5301811470960489,0.495584639766857,0.2611201913687653,0.587799646610064,0.2511779188820725,0.7214852784374225,0.705082776228783,0.11019031186676037,0.2877209755872428,0.25088181431369594,0.27337848145651755,0.5299482166875784,0.04173992593279778,0.6674563228610157,0.3785989500624469,0.23375457332939636,0.1259765372827991,0.6660371162992464,0.1605735554715962,0.2186988850809717,0.2680790854021909,0.7284877621686815,0.8637778159139201,0.18152721270575742,0.712729564528514,0.41340257140088643,0.39861376061873066,0.2706845815464377,0.6648980695425589,0.3512332813336141,0.33101068249177185,0.39732737748770447,0.5070682889141964,0.5139441630756877
0.5842250453007467,0.4518368624946763,0.41126464176695954,0.5343921565138742,0.6365995607313741,0.101979090179598,0.4984213711965618,0.4962576291907134,0.2639526522190545,0.1748002058745293,0.31326059902776054,0.21397396234162905,0.40101851897940244,0.4922828082275708,0.17584404942179002,0.4878686961816741,0.1520112117610144,0.5535968981998958,0.503195836809812,0.10192943642422192,0.2043513348885194,0.2036485393298648,0.3071502516246387,0.5183698395958158,0.0628697353496449,0.4331655214544111,0.3344750207547139,0.23992712473598377,0.10294045785981337,0.4991356985204186,0.15157374599469278,0.16032754677647942,0.2784543101422791,0.6618647462868663,0.7768124710521647,0.1453937773719548,0.5555516090650061,0.3693233323272115,0.32240869344820533,0.24316706281460157,0.6057898550249283,0.28855334610813216,0.24008962765038785,0.22966493214591846,0.4891531524276617,0.4676173860783321
0.463026323506585,0.32067280551940724,0.3205531494746018,0.456508097864854,0.5079442941715963,0.059022597258734225,0.44052196924388193,0.4580756231037068,0.21946603954331495,0.13334562530184543,0.19620829494003544,0.15045722336635906,0.3138826256290175,0.1890911550357185,0.18460631483972734,0.3494402758296164,0.060547094015681785,0.3694160249342896,0.4571074411039749,0.0734350330123481,0.14320513817505517,0.15165813763338812,0.18494682105371651,0.30109139839431937,0.01913249980918951,0.23273926378967366,0.20336972125466193,0.18628815589829062,0.06321537063972686,0.45774286698618216,0.07669375587339813,0.14226732821110447,0.2330722483962987,0.5110240164632276,0.5422675341157419,0.1387132736992778,0.4416805728696972,0.2589682846678014,0.223824696934099,0.24831535567313326,0.6147498193609231,0.26610680677153603,0.1987971887582221,0.15205229443338902,0.3014837346464014,0.36606936096860837
0.37483333518331463,0.29765336753616145,0.23980711199340327,0.3475986485129427,0.41933999348517526,0.08321812313464849,0.429455604970087,0.3500728424310568,0.2176689738658862,0.12263190167108962,0.1276031735121331,0.10190168894095016,0.18614660128119737,0.14753553428204413,0.17631348281721418,0.27162806571267445,0.0283050734071074,0.20730634980332457,0.3068718683400166,0.0965636009708877,0.10973869660075908,0.10308438131165712,0.2598978083318174,0.28583818277974227,0.015634514347858015,0.27158551227752303,0.17333400674841948,0.10860016849182402,0.0836003092399391,0.45608565792327826,0.03932623474431606,0.11806430455937078,0.24759091880047146,0.4585040794083019,0.29569781492708447,0.12104387646472092,0.37881839362425235,0.28488387581959446,0.16348801799512702,0.1596582893314922,0.4282593761185604,0.24035334605270037,0.20348650839911775,0.12494381861095444,0.3589646945612912,0.3118659544921843
0.3215737251385909,0.29125106031012254,0.20305562669858618,0.23725686971573745,0.31906320492214957,0.058570009656251434,0.3585351725879578,0.24728389538373302,0.17834691137559172,0.09109583904502663,0.13799321921787847,0.08239499915626869,0.19012474321856176,0.11247968621524809,0.03566390086648351,0.25477937376016796,0.03872054098699598,0.19329562195424665,0.19373103095674626,0.06097221347559368,0.08449033749806723,0.07355783353409037,0.23686982477432011,0.3073063608535534,0.02567012758257646,0.2813841225335225,0.12887138387352542,0.16884518785438546,0.04920855307503309,0.45307289524070304,0.05183822618506024,0.08631018460626737,0.18894841199813253,0.4164399229236033,0.24624301068375692,0.12346952490772797,0.29470187339669374,0.22777731887940317,0.10376293335230884,0.17807933614537727,0.4435328713965752,0.21870884359634474,0.15862064161666867,0.08355810198572491,0.3480040526597325,0.3018482083784582
0.323221467905845,0.21570756529110752,0.24539193646325436,0.18821594836605696,0.365129764286968,0.06157040006934564,0.3811172275867215,0.3217686112036208,0.1842773945083265,0.11938001537704362,0.11673469244060872,0.08791657102718317,0.27189648623246965,0.13118307241914268,0.14612250291588488,0.2581276162707879,0.043551329338272105,0.16395196146597327,0.28567362481783576,0.06582979822531174,0.05889731453254075,0.08625157269926728,0.21948505699075843,0.37480014100789183,0.01381849811963863,0.206774700048959,0.14731775825838753,0.07651920726521833,0.05274976782601337,0.4984189067234124,0.056253846643953755,0.050978343814518545,0.3063022713653349,0.42885170608848117,0.16579615794372546,0.10222730218911014,0.3092785826494478,0.25256160830340074,0.17185922592395725,0.20761956355628336,0.44852015852480115,0.18992252346587418,0.18361082634485373,0.14309064494181645,0.2411399596169433,0.3169365662293489
0.3305802003864249,0.2623823697424882,0.23104279920575466,0.24587775399381118,0.3369368861372236,0.06207110542048706,0.3494387323028518,0.3234451179917095,0.17308632215100256,0.1195244327969644,0.16850138019547029,0.08248715269453367,0.24924588547137624,0.15836286467478844,0.11624501460354586,0.26992302234017196,0.028971998515399593,0.18911426622791677,0.3136291500691198,0.07801243456226373,0.0453538348847903,0.07678734910763478,0.21788197582896185,0.30467755195431223,0.035878078426899815,0.20067712873417157,0.1756891257105566,0.07478364805069673,0.06582414809665718,0.3408093924621219,0.06044162986492801,0.062292609814531746,0.2397318025310341,0.40429131271522256,0.18883401203738864,0.11396267971747859,0.3211989908412497,0.24304401604718096,0.1590536843701712,0.1388288837631643,0.42093884668150133,0.2536692928757477,0.23602912085733593,0.19513618336735675,0.2309344051562901,0.3549945077231318
0.4623440129427107,0.3074529750615656,0.3375404494217809,0.3513644853184528,0.3667119158232284,0.153420534559984,0.39288685674180396,0.36092774528381905,0.21697486211911238,0.1804894145177632,0.19812505593978103,0.08535204095253604,0.17818964048327005,0.07896734605265229,0.1215818009534812,0.3641025280745062,0.13782732565822717,0.23701830930268758,0.402747198374163,0.07673698624852987,0.10170169088721956,0.14598566566773705,0.252830454378453,0.3486164816684042,0.046336059252190184,0.3553373359989844,0.22577398232581716,0.21793443001724222,0.08768982459413238,0.47425417288193117,0.09364650867571572,0.2244094709198983,0.29017093364825164,0.5045870708372984,0.2647126439806859,0.2338868801663669,0.3692244403941606,0.20664708543682547,0.26602308374343336,0.26420690092991844,0.40329296703381184,0.22344134402952842,0.3346083594405562,0.23783077996283283,0.3106018681928388,0.29578325321174187
0.6444464925426254,0.3949372921868061,0.4162381290730186,0.42289849242272587,0.39838080104530105,0.26192159754712874,0.5109830874392404,0.4211881771957628,0.2685298539542143,0.274532137366598,0.35845658107974304,0.14622832616505327,0.2595378681524621,0.32942895525314503,0.18181852443103164,0.4204400665869591,0.14715518377512746,0.33050500166232405,0.5160620573883105,0.17845961218579612,0.19520850384963284,0.20210517931482763,0.44105140933367754,0.3764827440865036,0.1219757318371783,0.4047465163542344,0.2978602320155421,0.4186963299367933,0.15016586309189967,0.5619734595401978,0.18719791837026672,0.4622167962652176,0.37447872904084134,0.6736028530889862,0.6266170380504048,0.44849431389383887,0.483030109278962,0.4577140715906538,0.44326863807105377,0.34095831207838856,0.41648072734064406,0.2898563006749144,0.45869587368387016,0.32167670903807927,0.27557813858994834,0.25512266638273606
0.7063404804465585,0.3939615629903928,0.46196239191701055,0.5027856439034115,0.41065869055182513,0.44185816046632137,0.575674320475823,0.5233248628273961,0.3370196323088912,0.3673351680237276,0.589082580519815,0.16278105602651644,0.36618763784509906,0.3738381789765209,0.3293512594754294,0.49777757711429677,0.20051293967763698,0.4609514603434113,0.5411684983963616,0.2234559057080678,0.3259970036593408,0.38640072773882816,0.5104186741155926,0.5249840969184358,0.43597517870279673,0.4471102134463467,0.33337266000247245,0.5437445567264375,0.200562151977723,0.7808277448134069,0.22743202949158045,0.5193174556498075,0.45153596681591385,0.6649569333589432,0.6789995939986813,0.6453160722909974,0.5764054493023607,0.6646213553596553,0.6338859042002537,0.4601465946824945,0.43616100330099256,0.39577101543973814,0.5444390661618913,0.48365161735617673,0.3939160601644734,0.2793308580805938
0.744322916571016,0.4475870179997989,0.5237405539571716,0.5115856580438116,0.3741793483104837,0.663244339999567,0.64241289807103,0.5519846960237325,0.5153003108450733,0.524816507392832,0.7744854722948892,0.21510360240223825,0.4394811623128583,0.4349199868509352,0.3930103392080413,0.5110151019890946,0.29518409559913233,0.6178655469078637,0.5938636160357236,0.307215106049561,0.35402473760862063,0.41487462096587535,0.7076416236526172,0.6177501414875488,0.7123674555253483,0.5811473351115793,0.41220967323400226,0.5341570167477236,0.345086346302369,0.7219559833856982,0.28075209092044684,0.546850660649666,0.4224572359278127,0.6503367219608309,0.5406040601743971,0.6833547683176696,0.6328932104553497,0.6283046741255703,0.7557253675470944,0.557446657187715,0.5706598059339868,0.4591707813550693,0.6638406857017083,0.42436969464096114,0.4952974783516943,0.265635884534419
0.7176720414659862,0.5110177989637793,0.5364493954204113,0.5343594590765626,0.42821113094409047,0.7259030246893349,0.7510001661048916,0.707830849229575,0.5035995054005706,0.5349107592339547,0.7144678455106747,0.25185196277930183,0.5762599755276797,0.4954059096145271,0.4438409929591808,0.6531009825402152,0.2874702414711535,0.7514021279473722,0.5333301996870711,0.31027894792292193,0.4013313576686118,0.49637223764396843,0.7286751660580214,0.5930030098996407,0.8512353509248278,0.5376913523309287,0.5046053169358629,0.5842822645031945,0.38337834563990303,0.6083155980108821,0.2902739955968936,0.5347527897266675,0.554734850673294,0.690083377406379,0.58643530776564,0.6703762301793921,0.7668646759479658,0.658558713964945,0.8174466751724455,0.6777490670341506,0.7570812400867157,0.536339340987762,0.6703340465088146,0.4141384666715244,0.5507967673676939,0.3401399775642428
0.7909708332640311,0.5832676392906653,0.5879789989448347,0.6044911328270387,0.44901195614008527,0.6234091594224332,0.7125375977025777,0.7594527612576594,0.47431938816613894,0.5904161605555608,0.7353220578320324,0.26989164657556236,0.5358007401784831,0.5807552306474635,0.38983922600439014,0.6779978814427619,0.33214381915917723,0.6353594672563302,0.6336485489324591,0.3059532978340872,0.40208750573869095,0.5104683556843856,0.8417260914433172,0.5770670801533995,0.7116092538597213,0.6582948335294547,0.5355583359537004,0.6905789361037787,0.37822593922759706,0.46262602554686905,0.4590415421933419,0.4825993201019878,0.5996390737774434,0.6896255799950753,0.6185521714659274,0.5818338558546935,0.7963858874220779,0.659442584198637,0.7872371073975212,0.714617132686484,0.6413885175893872,0.606241312996228,0.6113529115852866,0.44773370774204396,0.4402862067349583,0.3922170820916286
0.7930650828545103,0.7175550212595373,0.5688236436429372,0.6634706297513233,0.4466282091548388,0.4982307527295214,0.6143935337381619,0.7915709587683175,0.571268756798354,0.6218501280846389,0.8247419230966516,0.26144970484706953,0.7185304048967915,0.604064415247338,0.590305812011099,0.6993319809234776,0.4074350299133256,0.743095726545441,0.6217155914047712,0.2836447865792377,0.5223424576918942,0.7379061198130409,0.8977066037099696,0.6171174944269519,0.6866431036726581,0.604432470948095,0.6880441843282422,0.6973039073471213,0.34841693315007655,0.5357615429740696,0.5313939075317078,0.6079740257398347,0.5183790516903785,0.7795269782539623,0.7663572485509491,0.6773471413246153,0.8834966750819154,0.6139414112692647,0.75000875377326,0.6892945811293125,0.6610943472347239,0.5182232187735656,0.621735604147709,0.46065232062649736,0.4626494697294992,0.3888097431126352
0.7323404194972958,0.7411208305298964,0.5151146064545362,0.6522535053956094,0.3961127806732405,0.47802224027178786,0.7063663455402718,0.7582868583428267,0.6444778321026585,0.6636348753880956,0.8998928648159469,0.30846409492208643,0.6949078234352285,0.5667381002839513,0.6202087323979034,0.6926872155628385,0.3507341993648136,0.9126867713041891,0.5395446310499085,0.2858114973440078,0.5358416889519724,0.8400920365133517,0.7944896243530198,0.6181321968575069,0.648869130234336,0.5717872343527384,0.632922154475925,0.637503170977904,0.37147326186782165,0.4686291263864275,0.43730595708866193,0.5793875230662306,0.513772268537023,0.6677848668510951,0.6463624246150209,0.6776597040833205,0.7577669796998354,0.5784559204974954,0.7044991347794803,0.746049036513401,0.6485352704780342,0.497135898524169,0.5923217262180813,0.43959593959389326,0.5080307567377926,0.3688090021220345
0.7844739210796478,0.7769786905186564,0.5601903747599306,0.6162735444074839,0.36247568523074813,0.5673343693969891,0.6890847795321485,0.7618946203544753,0.5883687986770115,0.6559686025583621,0.7441797546594032,0.28575196353790383,0.7270281690026869,0.7339397363982905,0.6075233258209556,0.6600930694752848,0.40404561789214766,0.8215650151083055,0.6466074608756209,0.27490496712441564,0.5727245763318073,0.7340429859189037,0.8298977297045647,0.5666178723471335,0.627948081969726,0.5426362240855012,0.5720317380517561,0.8498888089081584,0.4293598069802314,0.41610106060844393,0.451644621770646,0.5767725650726603,0.5545078503648804,0.7809789456065376,0.6435367939606577,0.8197370152317323,0.7180442377037637,0.6719137173005684,0.6859438636871037,0.84623667138179,0.6582965755428191,0.48072454150382465,0.6485765039318077,0.5114801329664916,0.44441822185661567,0.42127071030232466
0.7614569650768257,0.7702327158523915,0.5615179850695327,0.6254248125261979,0.40641734781283123,0.5283878729842268,0.5839125331966487,0.7859216222517947,0.5376373597004844,0.6515651028216125,0.8174795526520213,0.36370022241201694,0.7412547298763981,0.6426750510607708,0.5172222994962958,0.6331267627734246,0.46433970578674305,0.7390412818446227,0.7282834356114918,0.2714882684700481,0.5159037329134478,0.6640062857595441,0.726059535356774,0.6315384618776297,0.5738037511176477,0.5496767793291256,0.6772648900490411,0.8192730416142374,0.46928474477799154,0.36582850460035715,0.4975032773210771,0.6373886106073456,0.6144056245338195,0.8103079523288274,0.679016912118823,0.7723669656359665,0.7477180368365197,0.7424969964966306,0.6867409580815189,0.85865930313243,0.7752323552747826,0.528163565851905,0.6612184957943702,0.4770635544604112,0.5159628799100653,0.47329506450707304
0.8399750459484602,0.7622325779369956,0.6856435523431419,0.670056786959395,0.5030998758791906,0.4605839801960138,0.620550286106257,0.7473021649709521,0.6750934315967382,0.5693530854538211,0.5729557844696892,0.3307369147493645,0.6531439030810252,0.8023834037841591,0.49309110642124276,0.6723975430708449,0.3715076447132568,0.7397320345884442,0.6707938425664205,0.30181613706954963,0.531748037474002,0.6456677383976938,0.5882651839853567,0.6828796190121359,0.5199091937406182,0.5319737110962105,0.6534906041897789,0.8026980961683309,0.368778085269124,0.5854748368254545,0.5001617218151693,0.7414586735077302,0.6255475846187831,0.8953985960564831,0.7038112062696776,0.6369144149414377,0.7729742159341126,0.883913364781086,0.7380306335157156,0.819538401318527,0.751722329491364,0.5486555238054959,0.6692060081479267,0.5313255868954667,0.5394537462313369,0.5068589204466373
0.8860464413608449,0.7609905838783443,0.750032055478273,0.9168012883202518,0.6502602575857974,0.3706480771644244,0.5541755432083562,0.875023812973867,0.9254835688667064,0.5040935086635483,0.5614532385558438,0.23646604047406442,0.7371127074652841,0.7404412096406587,0.5169120525793995,0.7395747954905871,0.543734094298926,0.7090655124510477,0.7070958053986562,0.2978282108222974,0.4986740793593816,0.5120591353657586,0.5249702898434122,0.7693126486476722,0.3237143671841001,0.7318489182930414,0.7944005260312397,0.7116779212502033,0.25315287622052474,0.5393176812477025,0.7103875849095116,0.7861151099557064,0.5753498089490314,0.7788326242011347,0.5734986442675403,0.614580068002906,0.8837715808406131,0.8201828089686546,0.7084650205330689,0.8245630178456892,0.7991513886541053,0.48318028923094447,0.5414556072338995,0.6384957483154592,0.67365887633891,0.6077001340226156
0.8961690892548616,0.8525815254239971,0.7919832887779681,0.8900841884153448,0.699055250949919,0.4241758204629197,0.5780459313105236,0.8292224320563284,0.892489143687261,0.4573951826591286,0.4802698420968632,0.21846396908817142,0.8042454315601002,0.5108022236184684,0.5970087023736167,0.7829354682850196,0.6410469268179192,0.47847895669926366,0.7819923918207906,0.22615528882942412,0.3382513868857208,0.6150125487684404,0.5358447080182304,0.9102618131716149,0.3930421603039164,0.6790475131281344,0.840090018482342,0.5564016264443076,0.2755793551069854,0.521625355583092,0.7185690451784811,0.5934050591702895,0.43610997012087865,0.9232267375511628,0.6576209264816913,0.5581128510072245,0.8963894013357288,0.5670807126257106,0.7035992015263611,0.734010838654868,0.8176617305151912,0.4999200776083454,0.41471185737326494,0.7107540832074276,0.7197266018473376,0.7620056821509719
0.9260947092984196,0.8321187522887187,0.8142463766565844,0.8324874226426563,0.7388823369463463,0.4147113643530425,0.5554119125178452,0.8143209755430227,0.8256324922761722,0.5230767239837215,0.5325645502060938,0.22051711863342247,0.7907391054504237,0.4898880831564519,0.5935229259176682,0.7760676175070124,0.5137833081000882,0.6704297973825474,0.8619205374206411,0.24429643239487217,0.39186016689179237,0.7196483786689954,0.3221106443801077,0.8441590083024058,0.39423826328931005,0.5810001544657661,0.8529237765522608,0.5804014958389432,0.266553540726271,0.577565404132656,0.5714398688496536,0.572921134756319,0.4660189518040754,0.8113505117332126,0.8455488564406106,0.4981143260470105,0.9479348754473346,0.8305346802675498,0.8288187887501712,0.8014203330780425,0.8571969769997343,0.5858072843696167,0.4704255077745805,0.5762609397939233,0.6438050381268059,0.8302792726772082
0.9499218191663059,0.7482037632520214,0.7454871439378884,0.6974168892531022,0.7466543051836967,0.27434945018387025,0.6940948169192112,0.7764340114938619,0.6904062860868138,0.4371191804777791,0.5083602014083983,0.2510607542600207,0.6434024888044106,0.4552221056774531,0.4920744717725929,0.7748611134539338,0.36387662936789406,0.8322680364439929,0.9635823296504411,0.23996025318830097,0.2827449000377032,0.5596260416105439,0.32220348917525315,0.6730916912553576,0.350132247547858,0.36991535775716067,0.7551091615334652,0.5093017549731828,0.2441973097888675,0.8174468387014284,0.369450365087673,0.5465134649020963,0.418600844770266,0.9438661958584549,0.908699481960186,0.4828948645691475,0.8355110964579745,0.8057394260443034,0.688167941788809,0.6397394168777881,0.7393988836226827,0.6026454382848918,0.4913946387690942,0.44564764560105025,0.6445730165821473,0.863073786418725
0.9819474659806792,0.6598029978886203,0.6426591351144337,0.6452525409985224,0.7793869156592774,0.22998323526616027,0.7285042960397812,0.8093035888537413,0.4388467494930989,0.4202698650057351,0.42527437213057173,0.2119593416949044,0.4793216777381053,0.42629813297411806,0.47367522335266854,0.752634946861406,0.2842185297225248,0.80647512795721,0.8260268541517675,0.16743673981938068,0.2804312228653866,0.41677466045363976,0.3694456986630597,0.6572864975471775,0.14803701012683296,0.43788469097120486,0.616103857539361,0.4143552673754891,0.18624351878122652,0.6321456745345527,0.2992228221192144,0.38150785232775986,0.35413803901224583,0.8930324674853489,0.8669869252203599,0.38155304212079194,0.7830241904160362,0.620298069907686,0.5760917243256467,0.4482416605795212,0.727159541914313,0.5342532359142559,0.466359861197284,0.45762769858405333,0.5756983479018514,0.8033081931139153
0.8853158807251422,0.5956648355070859,0.5703258741086394,0.563647703736526,0.7338604620747945,0.17621435047080464,0.6785523333225351,0.6358892691275475,0.3861599768888685,0.38169107540741337,0.40146378760568363,0.19183457502952894,0.3869395225055155,0.4721967015671997,0.44809626268926006,0.7142892598198425,0.24879784750396652,0.5350431478219885,0.6460544259635996,0.10376590770078387,0.2494502700792781,0.3189666645440367,0.2798793680831821,0.633395873148322,0.1161554581106996,0.5933407709514806,0.5484091084083068,0.3507382727998335,0.1468703554356124,0.5407437210446424,0.2719395076300083,0.22360441340317663,0.31053644046111284,0.8388106824702444,0.7466355081952795,0.34794046267770706,0.7560822716274601,0.5927199375358614,0.4754112265201655,0.3109479898212161,0.615298471375998,0.47155558769793315,0.4506026268226738,0.5503588535416415,0.6208226769489757,0.7152977666937764
0.8049637892706073,0.44851433553452213,0.4682424075990477,0.6213251708806221,0.6161426773933731,0.13948527925087345,0.6400274848501531,0.5497088048751728,0.30819864045362,0.2922523974146256,0.35251177884828605,0.20610472810522626,0.327259275848151,0.2519416166419761,0.367490080671259,0.5749475977410123,0.3090147398818361,0.5499854891969452,0.5149657844708598,0.0709891358809491,0.18776460973206968,0.26852519482735027,0.29349194280843754,0.5607676024388114,0.08093860384031329,0.49298616754865643,0.4811927241852955,0.3327799985546468,0.10271704079447429,0.4990108342266997,0.17856337955001325,0.17317962069155868,0.28441533306757805,0.8304848946555726,0.6367408659692038,0.2817881850841534,0.7000093986917355,0.4630704887192456,0.4147646570346003,0.271635826947802,0.6242035938308534,0.40553827800004727,0.3199851956727403,0.2939934022071046,0.461361239438873,0.5370439404624426
0.6075303331588986,0.4657670477877158,0.3796550779988084,0.5659200578195187,0.49922088929561037,0.07247554487846784,0.5564899975275283,0.43932631885198964,0.2325517449710753,0.26994752444319126,0.3107215363290657,0.14322265227074665,0.2135138753997928,0.23650710694719274,0.28256928452122876,0.47510340339702634,0.22863730843423644,0.5212496250208541,0.40535095531168497,0.04681964506530432,0.1809957722549466,0.213860763307102,0.29939938657087367,0.547037436346934,0.043031078435687264,0.2683117044011303,0.33393067773163804,0.29396776552655507,0.09410917881452334,0.5730418933508817,0.1187266163563333,0.16288027639819197,0.2450957791869015,0.7122067532457192,0.5507374984008669,0.195198034239561,0.6799462785835388,0.367144227236699,0.3339967324091284,0.21219067323401236,0.5301606189766667,0.3062757649422469,0.33999074431779824,0.31902624490165493,0.33485180208872245,0.446784791652128
0.5086719361808106,0.374863510985298,0.26450769396894247,0.503715418324526,0.4554972313640313,0.09174914687081459,0.4869708349097026,0.37533859902881445,0.20785984559887644,0.16795538157816398,0.2681865424660713,0.10929301122029218,0.18583871721820375,0.30939999565911064,0.21234865339836048,0.2991390681702591,0.15419820316731767,0.382272291242725,0.4650800957405287,0.07597170450905738,0.10051031003781266,0.1407636788722215,0.13852797473928397,0.3612810303789374,0.05413259579242595,0.22710686746817568,0.2611921263730122,0.22147393950135758,0.10982899503210916,0.48152151403712407,0.06822883494395598,0.09541359739595254,0.21364072906647977,0.5889208322864097,0.48048500543515327,0.15207438625422648,0.5101472892138669,0.3041796535438132,0.30181775273314726,0.20258043989279395,0.4050326242400007,0.2763219987461336,0.24832063808517732,0.2822858375249709,0.3019613474567797,0.3927267182343141
0.40542340682488964,0.32435594253370115,0.2066996689796663,0.3815229286129944,0.35946826778962104,0.050991119977393085,0.4342823737911008,0.3403463587829128,0.16929473683435214,0.14263066211809755,0.16308018718843378,0.07467693937664316,0.1597889466301005,0.1742136697527919,0.10609727342896452,0.30406934041306855,0.15994257584209182,0.30769918500125254,0.28677280792609,0.0555072685793331,0.07346656875607008,0.08812501299149107,0.12533753393684705,0.2430147155437753,0.03496820467739545,0.12144264564259408,0.22829702883164818,0.21240369534617864,0.08640649752943724,0.4096158494652217,0.04716992454959861,0.06117192952712498,0.15756342220896477,0.440463266275464,0.36648353597621325,0.13110897444519976,0.368450731413819,0.21638747747415843,0.21206820938845256,0.11870004006865362,0.3388475348982317,0.2512663996685939,0.17633619039782855,0.22627275866406507,0.17647165439276524,0.34440802766731765
0.3694257520949945,0.3280225224914428,0.20019066993450796,0.2635907544244967,0.2756404093751076,0.04868626691261961,0.3572045073264846,0.28649093507099466,0.17548318785937628,0.09670771266477785,0.11140959206616902,0.07427916643899629,0.14270779392766245,0.1892477080446056,0.14723843123182415,0.24475007173617874,0.10004071646587682,0.20640868824123365,0.30903778730953163,0.055984834261606976,0.09073267757623793,0.06461381378441845,0.19292787354604124,0.3784691149477634,0.020125175476130866,0.20464104006524583,0.16660189524642838,0.19889452692634652,0.06580132597445974,0.41168537338153666,0.06020726945030091,0.056337792440111154,0.17602918388310163,0.35083152720527677,0.2512368914889054,0.13147082767042084,0.2434650592900539,0.20713479555064795,0.18453403324910517,0.08596795127473669,0.2772465443506604,0.24476456023797044,0.1534116912412727,0.1861595261332803,0.2003826642542939,0.2924537527054286
0.34657595201012925,0.17955407771892487,0.22803565583467386,0.2581938721522502,0.2718020859417719,0.06555902949924088,0.3279807490448874,0.30821001231370876,0.17567453229567562,0.1308691762513426,0.13906486523804937,0.08170880672991825,0.13080284301663248,0.13599816769585016,0.09702710896816552,0.28300877189792956,0.13424061605562054,0.16488592697547072,0.3808129708298102,0.034300326119368486,0.028426358364020042,0.07504136634352172,0.11799060803810514,0.3023786276610834,0.028062645486700906,0.173147042999613,0.1986009696364909,0.19725043676719367,0.07677063468008255,0.4764499772801083,0.08223464167457684,0.02282751584426307,0.1636179006037906,0.3542307566186761,0.19872282443111053,0.10505320268794965,0.25460165977715016,0.23430507915458942,0.14522826938445815,0.14119537408910235,0.19785505170601503,0.2111348593533775,0.18181836424866843,0.12825266537542,0.27171704522321316,0.34317202884214915
0.3726408846793003,0.2417377360716354,0.23162507388966674,0.22506816548047928,0.2994122391390174,0.07310258716077911,0.3283894207511724,0.2536442106899137,0.14766775077228664,0.12795764945543953,0.1287642627986555,0.06435953321675725,0.19735469777000147,0.08606614790571565,0.08961553031603015,0.24834055115535392,0.08957035809343258,0.13474062242983165,0.3005498977747678,0.03936872260889283,0.033452622821182464,0.09994839182875767,0.12515798649338333,0.2780780152716571,0.04530146800711307,0.2061070278348661,0.19141247065199463,0.2324357546981477,0.048993314231154605,0.42857724625926397,0.06895782374958231,0.05798917214014944,0.15310543759147557,0.3642792110579908,0.2724061912460027,0.11910603732584835,0.29398818626152523,0.18499239819635976,0.12164530104675779,0.16228926589377088,0.37750637776092383,0.3031937260376916,0.2323668498508086,0.16454579097719457,0.24574516113360872,0.37124057621775397
0.4688156944278682,0.2632744724086325,0.3182774341094612,0.2835901843401389,0.3813341614094251,0.15718831292057256,0.4234789267313444,0.34156277933480983,0.1840229563394623,0.20486832381071543,0.25299036733101177,0.09362571377770636,0.20181026055292983,0.048473205587139634,0.12262908213768095,0.28547596746869364,0.15723507208333334,0.24412437577269608,0.35357365139758246,0.09463394416920193,0.0925891936099513,0.13081010603662063,0.23724844276728435,0.3073218267708049,0.045650232270049024,0.3073771777788046,0.23749854780412064,0.29867735051714295,0.09793807283688158,0.5840921907110199,0.071319402736431,0.16097573805406298,0.22579395055300522,0.39530096472314313,0.2742430028709451,0.20395227801997146,0.29749756794092996,0.2498585999623285,0.21931199418413977,0.19856483982752807,0.39205177304865685,0.26321655660110804,0.36715924701147057,0.17526215978995474,0.24898224446270995,0.28473224959062754
0.5822386819626318,0.4216922507822489,0.37570448720721034,0.33609055796526555,0.3767368901038175,0.2591966720958185,0.5307715693155103,0.44266024677958654,0.2672912951014978,0.29420046004730976,0.3733110425776749,0.1006614256549825,0.28400451778679203,0.3839850154972549,0.1557412313683775,0.3806070712632972,0.19572858767697954,0.32923358549212584,0.4923447927480861,0.1697295686149295,0.23050910288483772,0.2660262403922185,0.4374900748861998,0.3970996734117877,0.11341744949308677,0.268655199633156,0.30436887380446065,0.2804319988362744,0.17527761368473954,0.6662051425370015,0.13820496682790415,0.42654010766012995,0.30389842103747167,0.6166646985690569,0.5334832961413654,0.40750649475870765,0.45792311046421,0.30299979861949944,0.39914331026691885,0.28375163399588627,0.46739597588366527,0.3179892787750732,0.38288720437604434,0.24521558329128604,0.4006001172603972,0.2834495123256878
0.7024294793934854,0.5829195987339812,0.4371878311613049,0.45972211728520807,0.35424939358401897,0.4743020695148168,0.6618891631383794,0.4914361424285439,0.3492271260832897,0.37368306297768905,0.5723603772413852,0.15678649201473305,0.39340973702393167,0.4166198723624471,0.32552786129650746,0.5288446508858827,0.2377040641124464,0.3994019060986509,0.618198589685931,0.237666350049034,0.30766185311118993,0.40984920932789565,0.6549734375562055,0.4786851431807557,0.47516725931155057,0.5189198931347107,0.33354916536009654,0.3997152716603385,0.2961856352715613,0.6214361803202325,0.21948159473921483,0.6120116716359238,0.4594648799134873,0.7170977536649014,0.5647693476995213,0.5565511219697578,0.4708675492870417,0.4686039195412989,0.5653118984264782,0.47105367641764034,0.5474028998364648,0.3609252343173935,0.532105341130084,0.303932643894142,0.38729494896192723,0.31795348598895573
0.7301471045032528,0.5392260696014533,0.5005040833042526,0.5053371158481662,0.37998660069964707,0.7315319694593313,0.6925916702011142,0.5568900406916305,0.43696670580290703,0.43211888697811596,0.7377597084949404,0.2216377509152077,0.4899708794821436,0.4152845066717165,0.37453559760699273,0.5035638346264903,0.2993191324809848,0.5242845579139,0.6072539066572329,0.2606862493261231,0.37815139755066446,0.5451821328788039,0.7597982201365373,0.5589144084796746,0.7609989778938693,0.4920187720216721,0.40398795816747,0.7124613424110148,0.40273799835057994,0.47614877719027493,0.2643996914055621,0.5615248306617638,0.4890360926880588,0.7648639248401298,0.5413436523381436,0.6505056569940587,0.6042935635053519,0.4620334805790083,0.7476840407599946,0.6544435845526426,0.671110446205795,0.4012078851177853,0.6013489915797292,0.3729120038577766,0.5489561489117456,0.31581410759993545
0.7600364902136756,0.6009534428184903,0.5396173843094809,0.631659939720308,0.4372418096957623,0.7573063577211729,0.6425964338797111,0.6490381359987873,0.5047267846601902,0.5870476908521969,0.7998056175905051,0.27360002580451875,0.4417712101551226,0.3599670452553738,0.5101690514043156,0.5323948401350376,0.3688770518533503,0.5610482633709165,0.6167977488771118,0.30598989640584434,0.47870720816884493,0.5938103793428294,0.7220351447582549,0.6843028486191205,1.0,0.48911942949510523,0.49558328982512617,0.7375272889615369,0.4399539430049017,0.5705802515838441,0.3461931802761554,0.5567908778794844,0.5099170619387468,0.888759245719138,0.42815348667266845,0.6471380804155975,0.7206710978567282,0.45738307015881496,0.7868219518180511,0.7149265456517925,0.5376731867359181,0.4866500676442203,0.7736455417783666,0.39735386223317753,0.5942164126818676,0.33071390938595446
0.6875501424439626,0.5856786935966131,0.638776561740368,0.6559522111805887,0.43928158017889485,0.6124508785590524,0.6933005784870281,0.7085755104557754,0.4812485471271846,0.5730703661749474,0.8769062706646436,0.23009914783401383,0.552331627741059,0.418590693625382,0.4190483187583295,0.6279015510085877,0.3367946680264908,0.5772229459428163,0.6649290086208571,0.2887064764533386,0.4136065396791873,0.6236098793030566,0.7964083241425945,0.8020522441835654,0.827506435695955,0.5562990770609383,0.5223115002004439,0.6652100057034406,0.4023610540146661,0.6336697967385994,0.49773874028186166,0.5016187759579527,0.4993256355924074,0.7015518238390815,0.4775105496825224,0.5928534441502871,0.8104020155040944,0.48495944103639355,0.801518618806401,0.7823406992770078,0.4820557230992421,0.5686495953550931,0.5636802758502486,0.41266670342908635,0.5220657115304885,0.3941868845014922
0.7293296918937986,0.6568848994297182,0.5877166052091031,0.707941426742173,0.5183701909265508,0.41928005130087614,0.7231986584563437,0.6942909569369737,0.5903516429510526,0.5865964184373361,0.8582158891187883,0.2668451153478009,0.5521784822517649,0.37672632497431385,0.5161447925085022,0.5945123753348036,0.32911129315214466,0.6726064263182953,0.603686883048541,0.29260815761007025,0.4664454700087761,0.7532914301758274,0.8108638449398954,0.48176089947786815,0.6592426706963074,0.5924446911443071,0.6434303897458657,0.7166057169970736,0.39007847235542253,0.7039162659797179,0.612665494988808,0.6055467084118166,0.500692932126577,0.7191743977958146,0.6583942207186654,0.648050427887721,0.8409878550208301,0.4696005769232775,0.709461882851162,0.6791863599215059,0.6859966273616995,0.4588040812135451,0.5791118401742461,0.5179757652796133,0.4825982842815128,0.401772368315336
0.7704852614881217,0.706501338751373,0.6491332354053213,0.6019991480607835,0.48696970142524176,0.4914181172562127,0.7665979232825327,0.6816304769814767,0.6362644939852838,0.7484447425435344,0.9579061990890566,0.2595164859074427,0.5000328826837495,0.629248333117292,0.6152496932496525,0.5973344702795481,0.3750114690658928,0.7589224733718923,0.574419852375188,0.29754212403742736,0.5487401098276363,0.9114803969512725,0.7219695170172385,0.6457085640036364,0.6162966132565036,0.6297098351944226,0.5815404334774341,0.7820838303937874,0.4391361176138982,0.5746561079701955,0.45712514745978255,0.5976005845762846,0.5454596816385318,0.6558895889130393,0.6024157211588299,0.6471815015150413,0.8273323442573645,0.6104542523901658,0.7394897269124243,0.7089872877223333,0.6851552452118267,0.4762055191242897,0.6451928170148397,0.5340162049787786,0.33261693877115883,0.3839792058816409
0.7798334332704925,0.6880444278728985,0.6141633862567861,0.5378324543323975,0.4697498761565474,0.5281036170943678,0.8420372547043361,0.6804695605325055,0.6456648273762434,0.6701075040262243,0.9393689646744956,0.2788606718253032,0.5509737327922697,0.5857041236275105,0.6132673930297741,0.6237911837733761,0.33037018002561025,0.8284725988159891,0.7043244111955291,0.2971231842566217,0.5752664748216229,0.9275329429194243,0.9468603044249925,0.6116367417756833,0.612225177479575,0.7384326305175836,0.5803683982567918,0.7626989725483813,0.5574165150515964,0.41598920403894313,0.4200123080023153,0.6124218839875857,0.5375398822026614,0.61303177172534,0.6514307632170967,0.7127776132215252,0.7639342060491224,0.6619377465747035,0.6474396439059209,0.7270393650201892,0.5779878929463793,0.44180330631854775,0.715928384229152,0.6790818708040393,0.48305428272125367,0.39880203406222203
0.7594179744666343,0.7326010069070363,0.5939050912032289,0.6009482032310157,0.5175080509256342,0.5521280932523576,0.7975149659566605,0.7206337226223798,0.5636239424365111,0.6202910808915358,0.7860159562799248,0.3385004252591914,0.5127827611306092,0.58400036077742,0.6128348363983928,0.6611071284102356,0.3981454968532414,0.7952315357481793,0.7486440977250013,0.336669050414254,0.617734118241978,0.7006062110271873,0.665009834659398,0.6090154163190111,0.6213998988662673,0.6599223738155146,0.5611928992846711,0.7666117035809307,0.48694422275812776,0.417456877203163,0.4356867162819044,0.6012604339249068,0.5570399722120704,0.7333672849887763,0.5246496541251289,0.6017514426795253,0.7199446055046693,0.6683799088470933,0.6121331739466825,0.8185533015010521,0.6192010602271327,0.47444939294930005,0.7425041775120985,0.5917572792861194,0.5115023586642184,0.45292158768199037
0.8412115124312657,0.8229585352228405,0.5657130994302119,0.6346106818228453,0.5716127105980396,0.44328109473581767,0.8147892099708629,0.7641215120963851,0.6263340922704181,0.5230895333136757,0.6322719978137334,0.39731942717552715,0.42965671856176935,0.5154912521361752,0.6227789468811752,0.7702969300833664,0.45935938279798255,0.6726467328661067,0.6675963118138987,0.35442589355628296,0.4914294224098942,0.6592086722940856,0.6517011037842403,0.4967085653336346,0.45527451972185456,0.5989598845824073,0.6663574312263101,0.7306730050451766,0.3875386337530228,0.5200059843944611,0.45367321613989753,0.7287216108962762,0.5569796835279992,0.8310302310882824,0.70715037674443,0.7300346262326091,0.7798555453196709,0.6142459801344338,0.6711616834337492,0.793879312610556,0.5883238849877565,0.48323565450334344,0.747616758536515,0.49939905169383675,0.7326817426676333,0.4501131067307029
0.9373723345482693,0.9354718005842092,0.6645902730070192,0.7075026016129422,0.6592661066075423,0.3368977820569105,0.7199462595494786,0.8103799032450822,0.6495231217831142,0.463635884094335,0.4477836284140573,0.2886606806790027,0.6320995229437343,0.758421262169336,0.4502789630470384,0.784044948023367,0.466288931000782,0.5978495319296402,0.7746806563589087,0.30535546866204216,0.4019016576881045,0.5553232057706962,0.5243691857736383,0.5923913845494303,0.33056378696821853,0.5568127545641945,0.7250412991504193,0.6384826235309621,0.2789281982979398,0.7106414659198623,0.6998293505618886,0.7165174595536744,0.5036227335172065,0.8564187301735544,0.6567493461304018,0.5094871087278644,0.8992542663352671,0.6323137528669781,0.6485147059925241,0.6722393627939093,0.7688493883434104,0.45019315520679487,0.6537715065128653,0.5748054704177589,0.6589564253617157,0.603357956606196
0.8717107259591151,0.9437825897372557,0.8450295797834432,0.7515734275611866,0.7663016725787053,0.3051845894544527,0.75062119415911,0.8058930876062431,0.6793695518075459,0.4644553944546064,0.417054355839879,0.27260182819058065,0.7536228154172145,0.6209148192735843,0.5475779934791457,0.8590815357324352,0.4138558284023476,0.5175312689074744,0.7637975021789041,0.2351243734651053,0.38203318632264627,0.630378953631395,0.371062366687253,0.695398434634441,0.32829126923132057,0.6744241024377631,0.9136094978485689,0.5448653233587916,0.2553679084211716,0.49748713437500014,0.6992321315884164,0.5860771349132561,0.4250771783867834,0.8541011337674712,0.6812116988128117,0.5128762454556806,0.9074248949863727,0.49202566533826486,0.6906119380176732,0.4956397121135803,0.701992762911029,0.5229896198972834,0.4427204369202662,0.5770135111729267,0.7464434980703358,0.7595112596309955
0.9479924721633476,0.8346571868394218,0.9396815392210496,0.7581536656730185,0.8235989448809976,0.36530130173486747,0.7994311697616819,0.7520164680042295,0.6076103132440964,0.4695022128925618,0.5103302827520316,0.3439389378826958,0.8061447859198946,0.49860519489693883,0.603572026493399,0.8033992925686605,0.4371534958150011,0.6452606983868019,0.8525849626932053,0.24467558061033637,0.4863659955719296,0.7131327233172748,0.31270861543871126,0.6437588334637377,0.3333000761416555,0.6194565148757212,0.8368109669450066,0.5583897968939827,0.27670287381291225,0.7781473583715957,0.5771074346455711,0.6327766081781175,0.4410564590161759,0.7797427005846843,0.7929164117298302,0.5176113833185519,0.9192864237480366,0.650943822161575,0.7680746963245559,0.5798285803180872,0.7176964316163593,0.5796326822356045,0.4693535725771939,0.5436612905861855,0.6144733988956199,0.8813012856640475
0.9689078347994203,0.7996755179107299,0.698703470228519,0.6017690981745804,0.8474069754162178,0.3552102184192251,0.8656218750391604,0.7464067444772438,0.5150303229616515,0.42268095835543446,0.4888702092751772,0.4529755336190245,0.5400551288450415,0.45602164814196394,0.5305428895445491,0.8085516088023045,0.35498910634298947,0.7307185639237037,0.8636592380379524,0.24008711073618763,0.364357101232524,0.5998682031957797,0.39596003381183903,0.6547496543146623,0.28773969031951113,0.49868982313489274,0.7527816952053806,0.4927990350974508,0.24683175756931386,0.8039857194463671,0.4130562795335175,0.48840616497807166,0.38549225544006116,0.9474965001681115,0.8724039040148681,0.47233244732683893,0.7995579195648391,0.7518843106658984,0.6980195294497217,0.5384754379860637,0.8595309034069892,0.5755591546996156,0.4311342120465081,0.49462009895255826,0.6910778534702571,0.8185576885395199
0.908037787854184,0.772531799270458,0.6688895969615173,0.5044280873560321,0.8869275304157034,0.32762546102451445,0.7713979585931061,0.6951413950776218,0.3940685656365037,0.4027152358639617,0.44046626611053596,0.20273942301237002,0.5653198092270707,0.4566503906385743,0.4449698169322309,0.8163102410042168,0.24303884759924912,0.7069643541103459,0.8483075157093377,0.15948100332691822,0.26186995022364684,0.4319180881107454,0.23488262372066587,0.7584849779135764,0.26596051999406933,0.3910964799030323,0.6367348414163649,0.4042204389573182,0.19651967798661313,0.8091260203294228,0.3108639914306674,0.327941385700104,0.37677107448923625,0.9319460095154248,0.8813288416611011,0.3908513368585902,0.7248719740672708,0.678262529248921,0.4401985013265801,0.3895823652336804,0.7561555404873789,0.4759428952540011,0.40959605887063294,0.37562458156356315,0.5998865413787553,0.7337645220145519
0.8217252671490926,0.6328189238778442,0.6041420073263462,0.5346491390200777,0.8061677140533332,0.20330531799873564,0.6756050946789435,0.6497698822722434,0.40596886083223277,0.28783875293301364,0.36060096046964485,0.20757701855361396,0.4587388763660177,0.28088223528065254,0.3554497662423539,0.6592401164811172,0.24131586132293706,0.608440275496032,0.7968547922440875,0.15415077007170355,0.2245309291402885,0.3340404083578202,0.23363389399514006,0.6674675186570783,0.15058851056657144,0.3441916642314381,0.5026377567817101,0.3218345164169537,0.16520981220247152,0.6958123449419422,0.1896945081469974,0.2510589460030269,0.31677059770705623,0.9416148637287828,0.7666649506629853,0.3070933193652566,0.7288291214446866,0.6166862734188875,0.4468105210178107,0.3090791635277848,0.6008407547708234,0.4967818319141439,0.3661400901937893,0.4066625184359789,0.603124290126051,0.5713286616357149
0.6373824881389566,0.5407869967157044,0.49264895775392586,0.48472830357267344,0.6695428472861001,0.1230477196541249,0.5709261097346492,0.6591559355335908,0.309322330340843,0.22873505133587588,0.2399464371568557,0.1843593905081174,0.3198655396573195,0.1810749945186767,0.27245176034899976,0.5469734257720144,0.20017037903550722,0.5299043894917563,0.542198303041987,0.13350568301131202,0.1835687710214063,0.22757198668554585,0.3133095627099799,0.4908246399176127,0.103532486180034,0.39429226568446896,0.39440454697948507,0.2896399174858765,0.12074353026843485,0.7309203903686059,0.1547551762167582,0.18624130013782572,0.3028732243269631,0.7217867406871595,0.5261416254536451,0.23849088203326854,0.6078080064604778,0.48207482394097056,0.3800971931821799,0.3253045170515831,0.3652236285849309,0.4486289317584762,0.29466201600831154,0.2996637977946488,0.4904336998864655,0.48443617207231066
0.5455097160219652,0.4073544100525559,0.35967144719799116,0.46473085829516514,0.557008034416575,0.10701921555691991,0.48657035347900246,0.5504941958615216,0.2765928221666629,0.15480121801721464,0.2869623124363939,0.1475205905824411,0.20614034249184957,0.2482321358281101,0.19068636742127607,0.445424697423782,0.16088143965795593,0.5054744167183043,0.4681414975774823,0.057134320368678916,0.13413646624936798,0.16771662375123073,0.23446335383747324,0.4519804065360985,0.08693274242838044,0.2972079885075566,0.34027571136212154,0.22659709313950138,0.09541522793995283,0.6693395725382053,0.07724905365780829,0.161327485176867,0.22853893587234908,0.5678208745110234,0.5189883921361507,0.22487449767301934,0.5716718292963698,0.3923098401572417,0.24318578657592177,0.263522937310524,0.4322591334049806,0.3754215871029943,0.29590382400020515,0.21927873679863677,0.49613681020750494,0.4360518258563622
0.3965125559384042,0.294752359547692,0.28265755707699186,0.37575856286026577,0.44953116819324257,0.06427131404567439,0.36471241619143163,0.4637695968567136,0.25063484497353233,0.12164089551530036,0.21491714745430976,0.10957478979878234,0.1396735955343005,0.23279275039868247,0.1508405256067533,0.33292803050710745,0.14044894263512298,0.37878775542570975,0.3707665913046912,0.07437081596361977,0.11387822634178643,0.10960435724323025,0.1308792512245966,0.36720968722193453,0.06637312906022678,0.33148813487876616,0.24644004034786823,0.1720554242742563,0.07519190679166295,0.5894659920917328,0.066011518613671,0.12032170078427515,0.14155817610113425,0.4893478228211699,0.44188676896120366,0.21595556872672544,0.5352975115987504,0.3126319456851987,0.23224788956919812,0.271955431986403,0.32859140619016475,0.30971401684581207,0.2105315556849476,0.21556194514594082,0.3436381029619956,0.36180661230508043
0.3646096227528553,0.2234564642854176,0.21729814940780875,0.2720210589816874,0.39121732471042225,0.039872930114690126,0.3661242504496154,0.4449330542559095,0.18874635438223852,0.11276455587916037,0.1552709945404726,0.08755924072406286,0.17804863853870453,0.1192880908218932,0.11961715043429161,0.2553025403563701,0.1801942435252431,0.25616161707902246,0.2889171378912974,0.054333385899618426,0.10623146132257227,0.10638731903579593,0.13084139385030036,0.30061909339838033,0.04337138057761873,0.22870382489315375,0.20925070760001158,0.236868091088767,0.046418450854480514,0.4569526132984967,0.05248846004803389,0.0681694375388831,0.1735044705127385,0.3951270357227348,0.3741623633658421,0.14186188837740843,0.4255716504808357,0.24295493152765557,0.17659529061980928,0.2246692707896751,0.28747201176698106,0.265005483194104,0.23918638670780926,0.1694068860328442,0.3439734303605734,0.35815411694435634
0.33200217773991453,0.23109460141219043,0.1802759581691578,0.2365894256319308,0.2966708820105278,0.05845152728790609,0.34150145187826064,0.33890614676512393,0.17394330000166183,0.11669408267238321,0.08077287140245,0.08149192376860659,0.07865566558254805,0.11136233685511251,0.09556941163685323,0.2580500556313447,0.011183428151741236,0.14323990888547078,0.2910575298190717,0.06599636544236204,0.12821094662054994,0.0974430717556623,0.18592534239106484,0.34728796380729743,0.051652787992991306,0.32634154884851596,0.13571120414733842,0.12172045427911149,0.049872380929374016,0.4770286244263974,0.05711773721656042,0.07695569285266625,0.17899541097289615,0.34929231657542037,0.23366720714662625,0.10873969436196318,0.26224101023900775,0.22104852765768618,0.16678850663262823,0.19302540067365237,0.38848761893954525,0.2532990604066084,0.15959221253971653,0.15926902154641828,0.22110868783109155,0.2897441215152832
0.3452190181839085,0.17871010420733924,0.2639473248858199,0.24787756164986735,0.3739354063890763,0.04858446620831666,0.3659552693929772,0.36350210161894947,0.176191668300966,0.1232332080731707,0.14282751338351496,0.08682155954320195,0.11489531454041738,0.18827918043057806,0.13602074730801383,0.31430490400625527,0.010557687307864053,0.14782642625761033,0.32027609038964666,0.033990759208975686,0.08093059005342965,0.10317333167391202,0.10148952759908407,0.2785942134655006,0.03661944212303571,0.3348912821214014,0.1665307833275438,0.09683878253895989,0.055313741342345124,0.5115164836214351,0.04062047426617484,0.08327237580970445,0.18877389872831543,0.3803131284526056,0.23572371263915282,0.10422325346395589,0.3640814799795748,0.25736115219669436,0.17045452818627532,0.19445440941299938,0.35739131721851564,0.21643607346010224,0.14295944143393058,0.15886605545110025,0.23587713087810908,0.287286191158453
0.3631048097382865,0.24111109616589238,0.2840677175178094,0.26770888823215194,0.36399174107733845,0.07714230880277727,0.3555605510721199,0.3660223280922436,0.14248999532094872,0.11842942220595717,0.18189209990752378,0.09266954431272961,0.11374254960808947,0.18027203547411552,0.11608169583792163,0.28322636559925585,0.01354943215629419,0.15195751984834183,0.3099368471497959,0.049101351831395114,0.03322992976398429,0.14026744133860375,0.17915087374249716,0.27684626732486817,0.03961507461577976,0.33295105080599274,0.1531865814105535,0.1562336937458928,0.08333784501203638,0.5216668938101096,0.06087420500436503,0.12014798166306892,0.19139299313919025,0.39971646252251236,0.32184250571306944,0.13692763305277136,0.3061156055477171,0.26232461037945426,0.18348222248962315,0.23227721051357367,0.3247450732410884,0.3394917589535874,0.16670526619182816,0.19010636104520134,0.2755801181467503,0.31677035000675086
0.537989962556467,0.3367576147330128,0.4190756876515813,0.33814334937846924,0.37212090737427517,0.13353875424316103,0.49608830042437024,0.43825628521522664,0.19025034861602744,0.14952164751157807,0.22357903922092912,0.1028538229540136,0.10034681116771965,0.22744160720043294,0.10793318162843163,0.3028414047334963,0.133498929398331,0.1821632180621021,0.38309707825558115,0.1703740848846162,0.11535472673581795,0.1886590455324859,0.3415885976345628,0.3065268946043265,0.03869005432244314,0.3140239804742857,0.28154341082521367,0.2487071208996816,0.12069965419605294,0.531702191175738,0.10249222467041413,0.32680840709728953,0.281613415079391,0.5325024997439487,0.40581864467877216,0.37017705889396246,0.40962702587763633,0.2648280304235038,0.2941807598704697,0.280600843929146,0.37540086977103027,0.3216151642143956,0.30310994487009096,0.3690027346403937,0.23930686441127386,0.31364236953650715
0.8656061334174584,0.3691210341892813,0.466485005632898,0.447540903250851,0.38702790275740906,0.34114323876995223,0.598442490967523,0.4725235936253499,0.4023111496104717,0.37803469797157696,0.349572265771714,0.26044380291274233,0.24121265380004905,0.5270901771907337,0.35586798557872,0.4580774137260869,0.34541025226847266,0.40552442594189003,0.43894714421155284,0.3719114504166686,0.3871073473279342,0.33694194854149495,0.6195764584148388,0.41556985712966005,0.12944790594064265,0.3321991182274985,0.39904528000409556,0.3688817504400335,0.2825491992952207,0.6404791631448362,0.19547593566851917,0.9042047108487561,0.520397816548159,0.4798175950091989,0.6049580747936331,0.5534289541767493,0.5335517397384422,0.5022302864131751,0.5899290597449011,0.43054308583441886,0.4581653545972049,0.39782172293563833,0.47222968512188784,0.47004311386905434,0.45330290607557827,0.3648793420838887
0.754400053599882,0.5024545816729595,0.45018539069115954,0.47781540401310807,0.38096172185058885,0.6673457614551221,0.5924993352552843,0.5423757074070218,0.45182339876929484,0.5967907589643294,0.49926672189058174,0.24820747194484907,0.2384082943692951,0.5076681933305611,0.5946206718455681,0.5719139478913635,0.5146649345932902,0.5879741442805744,0.48697485522427214,0.41342042348724145,0.6089576424783384,0.4276336841087988,0.8739848143253405,0.566938326423543,0.45679616638464826,0.4139026299543901,0.4031509325531335,0.49098553580057924,0.5739105576319297,0.48727309364921934,0.2600568058295391,0.7458951194732177,0.6122646190278221,0.46909413534610905,0.662437680467536,0.7486467776119949,0.6257279707236554,0.817275923076908,0.7687859337819603,0.5839517402768083,0.5973826248293558,0.4723741718111624,0.707625293926205,0.436864421214771,0.34829026109270095,0.32806521824134416
0.6705213046340323,0.5540265232660462,0.4186727769077207,0.4646781680958248,0.3423778824764059,0.8422801594875077,0.5660203814360166,0.5415264284576482,0.47193808587488273,0.7713619775399053,0.6120260709932124,0.26067493760492333,0.25186651481745126,0.4403349711177201,0.6808623044740656,0.6035642056897659,0.5699782437398336,0.5675436767569504,0.42601568327147615,0.35259030331081365,0.5351419802621213,0.47885023145411476,0.7681271865574307,0.42975799506135637,0.7810344694164361,0.6091163278173869,0.3830892736440837,0.4937383671310658,0.6547089817282231,0.39408923885010816,0.24344183948181888,0.5029062614030495,0.586007942300154,0.4067947165360842,0.6238897374095858,0.6489432684282934,0.6125756073278704,0.666714270705804,0.6887870616742113,0.5704617437160475,0.5782812462392986,0.5264901277405334,0.8253160738570483,0.4314765429520588,0.3917159722604673,0.3502204907918948
0.6731598537351515,0.6627801147880031,0.4267477435925116,0.4231623448319805,0.37010190043866986,0.8865475911504921,0.5866288390170952,0.6244904945050835,0.4574521654847562,0.789364853648454,0.6526429501532874,0.24407830116767457,0.3350320587161273,0.31864484280876204,0.7521766531900638,0.685800384722945,0.5867705321401394,0.5398694615574864,0.41556666827632505,0.39486294636556885,0.5308188349588838,0.5383317976626385,0.771718396279468,0.44270556979035847,0.7686050637264824,0.6633140568093149,0.431188991809875,0.3449936165555139,0.635225542728741,0.4479365477781687,0.2780514684168545,0.41517550020509364,0.6980015417708204,0.4985043088297108,0.5050767527280565,0.5247286498819298,0.5899670943301247,0.7642790965392593,0.6593884739938913,0.6741481826463668,0.5857564740444305,0.5948313102542333,0.778429122844795,0.34701788933353284,0.2410574013882258,0.31978864706849947
0.5998869117595714,0.6698885281159993,0.5145244706165171,0.46560762611265455,0.4376207295025576,0.7067961454970875,0.6022470241039037,0.6392310160599463,0.49609896500362,0.7584241048241557,0.6018423645301855,0.3063303441669126,0.45857648775816,0.36738091275360624,0.6222375719700535,0.8493754402670524,0.6326577264805086,0.5106306156546169,0.427451573186816,0.3818083594734537,0.49583993196882037,0.5392096500761397,0.7785634581153864,0.45618738168358136,0.6768781009612743,0.6546339880164112,0.4999151876320775,0.4773611204114493,0.7940167978588163,0.5069091098052032,0.41147443239458714,0.38681896613823397,0.5443922339594913,0.5366040696782025,0.6587870565930598,0.496412214520534,0.6319184284352137,0.5784317562307062,0.6383937511021327,0.6763679037162421,0.4754370873154306,0.6661598328082494,0.7577993992739678,0.39689297767709386,0.454746301236751,0.31630358654353435
0.6318074941460706,0.6936034574045925,0.4511754468934485,0.546804451898205,0.4541975920183743,0.5567123168545951,0.6101125518071289,0.632218633109383,0.5349908606185225,0.77528439729851,0.6008333618554663,0.28315628275943566,0.3069341585820157,0.42025822710702104,0.7385034789161785,0.7463317328562322,0.6299016270761536,0.5711311339756676,0.41741422065464784,0.3918304098799559,0.5388302643704544,0.6419612011089315,0.7801492053157956,0.6181362516962051,0.5601795601038175,0.774160393437103,0.5115075142430181,0.44162193994106,0.5499502938116048,0.43962651123255875,0.39400908142050345,0.4537740579575634,0.4958802187087207,0.4472371247056969,0.657790376697618,0.6715862920591532,0.766321040603346,0.6522286856484428,0.5640154242611235,0.6379709362233376,0.6067675377334173,0.5302046274988655,0.7310548070235618,0.4234966620168187,0.47521662375443635,0.35030362799564596
0.6479946534755531,0.6244790913561068,0.416018903493155,0.5270642364590065,0.3660951754748589,0.6566845578854588,0.5903117644183691,0.5916434034602686,0.5473222395057155,0.8324518474986583,0.7715524263911836,0.27639249193873905,0.44569595165161385,0.35398500739919864,0.7216666922815793,0.6482229395932987,0.559351513776018,0.664494541028738,0.4387032139621803,0.3319334798789668,0.5114108086432859,0.7245017640659375,0.8183293497936937,0.503857308927949,0.5663912199624127,0.8690785405266221,0.4645205593320868,0.5542981733238039,0.48062592011361926,0.36263611319968875,0.42295836583530605,0.4425447010904566,0.5100006955799441,0.37083404697339056,0.6554776614121529,0.6198332047290146,0.6242920865400162,0.7818542983156006,0.5245745227997584,0.6714348759595427,0.4649753144960837,0.49376668769025384,0.8062749215573668,0.46362694447074176,0.418917375704229,0.38703020216833955
0.6723033052840787,0.6894235233424996,0.3954173787588285,0.5274744740359205,0.40858046654993485,0.5897948931442576,0.5868639645313692,0.7196394220276208,0.5414430337624153,0.7946548745745137,0.8138078216070523,0.270776350670356,0.41274540063774817,0.3802467077149105,0.928764857217929,0.64871151605403,0.577545545612193,0.6083989529667823,0.47177948458871904,0.3529033954551651,0.6243814134352803,0.6884961852007164,0.7365360053267408,0.5313979777638258,0.5763976268392769,0.7934502409550418,0.43975772237590216,0.588531678058971,0.6138518073515814,0.4016388095365394,0.39524951312636836,0.42041974019655004,0.5922388970819727,0.37971837184844764,0.6687427320577862,0.6439221058517446,0.6142778690082062,0.7319092002248645,0.6354232467238331,0.6477764426847422,0.5033425748661735,0.5397248710052783,0.9520181960033693,0.3880462428724083,0.33793894898715365,0.3990362826676664
0.7184858738061933,0.7365494692373125,0.4114579894865201,0.566438488446394,0.4183445153503095,0.5578681431953896,0.7044393980003321,0.6748674846228339,0.5405987264998867,0.8512793048167704,0.7811409396844479,0.30550643397597843,0.4829258496013301,0.5929430372759468,0.9276087764077496,0.6386670911616545,0.6423811523871555,0.623157083202512,0.5377300510425252,0.38062755344942023,0.6541765120556366,0.6290325102387637,0.6975377346184655,0.5046564377290093,0.4785760898387964,0.7625043942487315,0.4514423087283472,0.6307534506090388,0.5991688310540025,0.4142668611709323,0.3894539481187643,0.46145396574142206,0.7239084412965225,0.4776196418483854,0.6193881819779896,0.9262107996490794,0.5786824652756063,0.7732137046478761,0.8304515287070922,0.6503487400150111,0.5890174436612476,0.5134892481492085,0.9092620136602003,0.37507789757188786,0.4577506466284212,0.43360904166729636
0.8591701615625491,0.8359737185386219,0.5217044475641615,0.5267892037866148,0.5065472200318283,0.628526640226896,0.7728619911864367,0.6881064950014765,0.6456974581992562,0.7273190490812961,0.6415769802027537,0.29173485988503634,0.5843810700965262,0.5741776502741691,0.8945571539022599,0.6871914501626922,0.7915572512584358,0.705888413921631,0.5997642642414897,0.4569568559925336,0.7021599708352115,0.625100505228095,0.7709930885382967,0.552994079632776,0.39950894777636786,0.7687152966061783,0.5248644631631144,0.6111899108240717,0.544378229681469,0.4952081654573881,0.3932900979295449,0.7122023993565471,0.7309014225094419,0.6086590887473304,0.7825443621624655,0.6129797488596433,0.6359412514524693,0.8400613417078353,0.7080467529564975,0.7089707287184577,0.6490430646949974,0.553681842347787,0.8323539216354213,0.6299186049576313,0.6526027143633757,0.5045600501227059
0.9285432267083635,0.7816318327984771,0.6405748950696931,0.6542986916134871,0.644725598160751,0.44852671105761727,0.8996516973575084,0.757190794612346,0.7959191884476245,0.5920627677530751,0.45639620024293115,0.33143449339303016,0.6990071954297916,0.8341184423063412,0.7000196402333263,0.8670961927245237,0.6406811188514228,0.7138177146533765,0.7407447364934977,0.3107312578708404,0.8047222964636244,0.5813421339647769,0.6018211777103483,0.5830817728182114,0.41088860916910364,0.8281855776892165,0.671066228875185,0.5649749220155977,0.5643151786443864,0.46955618360104834,0.535166563084485,0.8054497579527192,0.6877363239061373,0.7467490026795229,0.8263617129800175,0.48736811485770587,0.751326968118863,0.8560017135844693,0.7524469935489447,0.6379266920832725,0.7894271146125283,0.5900761166351548,0.6727433936641029,0.5946697788206126,0.7185151340428766,0.5689297479269642
0.9010298640794991,0.8253151802193591,0.8181626313301428,0.6543340332934371,0.6755307259931467,0.40227252142738706,0.8271310087688707,0.8759479692375561,0.6883562297538305,0.5030380342533127,0.4538221859747394,0.3199776743170465,0.734636272184184,0.6551364449724655,0.5625929682984471,0.8574251239652071,0.5702105650747673,0.5924665103740095,0.8480262116401122,0.27570852240807986,0.5100499668579802,0.5918991937799316,0.47578567196984295,0.6719580656104688,0.4467215442296867,0.9198331405319761,0.8225513267701421,0.6634994753427645,0.384701154406201,0.6673037601391255,0.5574156166076334,0.5976729472844459,0.48473350552874406,0.8361068894969076,0.8221361806332789,0.4108136095419431,0.9037609016840396,0.8289401299546519,0.664802199687749,0.4777692954021357,0.8547840013735079,0.5392241885418205,0.49964656746055774,0.48407958488054476,0.7418892267372579,0.7914375058859834
0.9280820304638278,0.8302635662127006,0.876420369426463,0.6824505145823843,0.7662792957912117,0.42228038790116496,0.811280785064544,0.9200053394215904,0.844520647446589,0.5299096565556245,0.4037886645537042,0.3562706721888304,0.7365178251732722,0.4760015041634312,0.5629747002464873,0.8407986982753023,0.6374360112345367,0.5361172705080317,0.7717921203690437,0.3728969510037155,0.5249925325928447,0.7119063932090322,0.35822770275714466,0.6749470266631046,0.4321248854541399,0.8921720989072669,0.8082531190206457,0.68909701115633,0.3284200054133132,0.7112318835879824,0.5248242770912003,0.5061971640248187,0.5002165313081265,0.8908171016136197,0.9152846507659307,0.49628622116802584,0.9052658200404284,0.9999999999999999,0.6598895944688505,0.5109495624252932,0.6926568424688495,0.5757645505939586,0.4442719709053533,0.6622667898310364,0.6130647470666775,0.966410282398303
0.9428695292680808,0.768024909296103,0.7754720862939422,0.579939639019584,0.8474998568622215,0.3848902246555769,0.8354170492240381,0.7449216525228377,0.6370174195779655,0.4827824782120182,0.38789143832935585,0.45699251911026567,0.624959741818364,0.5809330340154233,0.6300542236238841,0.7836964456777052,0.46298131645028956,0.703698853694146,0.8839511230636329,0.24772059270004196,0.3896700629954159,0.6072418256288051,0.3882924260859035,0.743593084174211,0.3852620204601185,0.7038006742079534,0.705620653495546,0.6203254903375839,0.23523806972350003,0.8252565144785364,0.4071506286456042,0.4697200125312918,0.431752463164557,0.9786423557444449,0.9390469751041064,0.6636118994304427,0.8759612214347114,0.8813578739139385,0.5523905417459813,0.5910048533294802,0.6689189868872609,0.5757498127816822,0.47740567149334967,0.7520261177468043,0.6860395664758776,0.9518595109522835
0.859794649781449,0.6725570850140855,0.6352371403507053,0.5729566833871005,0.8394206057396635,0.3114977784183801,0.78398173081975,0.8193561373470803,0.553322150610679,0.4135812694471265,0.34366582686412245,0.24678103028323425,0.5065142147575741,0.5141880380633479,0.4477330268593659,0.7165435720846879,0.41397024264508553,0.701151229032112,0.7660347316869375,0.19418785447890094,0.3417219787971421,0.3767434700797709,0.24922143855620676,0.6677218766004063,0.34843811180260975,0.5537907507265175,0.6097482794342031,0.38646311902560915,0.1614339515483526,0.7816058771617247,0.29306533945874136,0.38881443402280413,0.36495059307650063,0.9415748627933685,0.8761065016483798,0.42230876556878144,0.7594042366852573,0.7037496497324164,0.5574112190915145,0.45414462999578237,0.4735762178344422,0.529001508650459,0.4241314238775002,0.4747550277983064,0.4450381080152466,0.8126111031936485
0.7943101085201332,0.639272080497108,0.5745454735638508,0.5369610388964774,0.714206693419345,0.2035866578855533,0.7366900116180793,0.7536657424190546,0.3795593376724407,0.30165445567400856,0.3588363550806661,0.2293780037187397,0.42459115582322554,0.25687592566782713,0.4456265045758041,0.6951582580339678,0.28916671819418305,0.699057849111646,0.7702367647261046,0.12946716454253898,0.21579111999026235,0.33018841859350695,0.21019921574648287,0.7613958086891356,0.18280462482297027,0.5475527612927292,0.49213779509939864,0.3915348970590157,0.1668483839883255,0.7751061356468675,0.20572209448424952,0.2707906371527702,0.32647317539891185,0.7699163195604343,0.7948694503765402,0.30222505118865667,0.7411985457213651,0.5454259567798594,0.47828527198062215,0.3542024534596176,0.5044582218376431,0.4871849596580216,0.27370051822701974,0.4416412434221182,0.41511763208300706,0.6316704707776417
0.6597652729453041,0.4670053338763667,0.47187406681777555,0.4786836293167876,0.5936446464136291,0.12445713982987126,0.6244355602711018,0.595513951844723,0.26599375066133574,0.2608780885890851,0.330993850658319,0.17403307775729387,0.38536274825275646,0.23090658540369147,0.2854599989671399,0.6538761815372593,0.22640445921377247,0.5486961529040931,0.6311965297915677,0.10720196741918206,0.15237753429375264,0.24985613172367604,0.30117234066000426,0.7824111300319321,0.10145605207624855,0.4192158741419105,0.44015471149250757,0.29133741589234,0.11093622576240245,0.8437222453962108,0.12870912675310012,0.22397704209189898,0.3535770889675623,0.6513588854203084,0.5590074101200139,0.23219264721869146,0.5800460587757705,0.46239225620566005,0.37624383268588346,0.3380259377615435,0.4197193479158902,0.42294011518640057,0.24541127914673252,0.4433483920609685,0.36663563682245925,0.4883977211889367
0.5109069113465854,0.387381648093793,0.3571958773400206,0.4380641347017471,0.4784865818651426,0.0691731975752426,0.5387267153461714,0.5557805612514024,0.20943080864955904,0.2363310807955121,0.24112580637900477,0.1415039043972562,0.22149164427208343,0.06392038444989068,0.1647143991013054,0.45423822024078536,0.1702380870085435,0.4702020267416057,0.4584644517776593,0.10167010557338771,0.11511257656524324,0.19179423431109144,0.2284858761446773,0.5279869731783275,0.04208359407618199,0.29651719964338885,0.3456297508242216,0.2005791234576223,0.06162579478266414,0.5949354587891315,0.08940668989668399,0.15761153502483338,0.24399354782674898,0.5312521189183441,0.590850644315938,0.1592126698946984,0.5022581743128494,0.3292836570358347,0.2825966970786683,0.2770343555605815,0.3898986748157273,0.3435545586877318,0.18219972304707038,0.18270198409649663,0.13542359378564267,0.39192880601890556
0.39334408187250086,0.2981959158861444,0.3274239859483996,0.3403051193297367,0.40632750725798483,0.04666175239690863,0.42952957461297886,0.40032656756057966,0.20553236882368084,0.21095805461881104,0.1484484733744948,0.10445749545120452,0.15381739357935123,0.18493172064385954,0.1487220583111198,0.39433475639885696,0.07778458643282987,0.429492168759314,0.44816016484338056,0.0632626777562057,0.10280733366783973,0.1697097698527156,0.20909293957467168,0.4104850005976163,0.0401958198218202,0.18943944330247106,0.27633537380525114,0.22641346004694352,0.07555024713265449,0.5415729563668095,0.07405980296847472,0.08842784417296881,0.19741590110397136,0.43788262913039144,0.34473028950800577,0.14645266729438453,0.437886350556003,0.31194794461832226,0.2108023288282333,0.234480277076452,0.3735021647388297,0.32313068927756206,0.12441313259305582,0.1282879091771421,0.206352636673573,0.32674124097705876
0.3666260841840701,0.2667715499465061,0.2904345720085418,0.3374139498981134,0.3593305582669678,0.048121670263247734,0.36497977722163716,0.38784519890842384,0.134020868439159,0.1469151342583929,0.10752121577728008,0.08746018298623737,0.10729062508666237,0.0540898310029842,0.08799193504277691,0.3107835828650295,0.03702418762477268,0.33384291146045436,0.4199125251143745,0.03964521021348431,0.09469608177098074,0.1062266312218012,0.09661403684895643,0.3296497410283133,0.021300788980220066,0.25226198059074967,0.24514408270179303,0.12476136902722801,0.044552817981324405,0.48408452149702896,0.04615329092063592,0.07841818632471026,0.16376838995498325,0.41733028407513223,0.2343302773684352,0.08839102576087449,0.32461196234856377,0.2280771348722032,0.17900337856306386,0.13265965189733958,0.24731043854908435,0.2822769596775217,0.11571863108057835,0.16804484394841787,0.19522840713028372,0.32745392009120083
0.33069030724918774,0.2501817880566929,0.18381627499850042,0.27053290097093974,0.24395084215911642,0.03513204657860858,0.33495663101319934,0.24502046460741034,0.1184396353261533,0.12249572343965118,0.12389257578155752,0.07532284578984628,0.1356908960292736,0.16593955196159205,0.07109886773461194,0.2617334597531675,0.12602175687547343,0.26734115297696026,0.27490668918039257,0.038222877503655696,0.04170518111141259,0.11308575902508866,0.15128452189591313,0.42222951892728594,0.04647035260946458,0.20860771367342643,0.20397625998185662,0.1782578384163182,0.03974336185258166,0.40793286218175046,0.05917020497368875,0.06757650857709672,0.22851545818061703,0.3265341699892469,0.2144155123162022,0.115259719716294,0.23505562127861168,0.16732611733154673,0.16700994382160783,0.13943524027461765,0.23396084496303238,0.27102656093711375,0.13354989443871498,0.10263767714273864,0.17798825334702595,0.2963110147961523
0.36537467812088953,0.17471356824702755,0.2250540495389726,0.25276181186124164,0.334335542004631,0.05267133346625026,0.366420913793326,0.2720753856320656,0.14520088610389387,0.15178816062356357,0.11114437236424587,0.07705174045454859,0.1363521752462974,0.14833931137222195,0.14848535462518192,0.24478748070873885,0.11939805094138897,0.2263992542547401,0.3656595020913037,0.023735673117372146,0.027372789584515993,0.11305476429157199,0.16619874495617903,0.4175756105544742,0.012063557258310022,0.24722221518471835,0.24090450164627233,0.1612108647931787,0.06855900329952117,0.5058430777584966,0.0629797861766396,0.05437093901093587,0.1860072199383328,0.3417763850121959,0.17478135041668075,0.12060735527340502,0.23665556710822527,0.1931763994697202,0.16678476981735602,0.15028676530477922,0.28650729491945853,0.20547121437322857,0.16898835204051166,0.15587817812676033,0.1305694566190122,0.3318106618099647
0.3708237114118922,0.21941548837637823,0.27903032780115716,0.26032816518243546,0.33582588799414914,0.04715930990667194,0.3266435292966675,0.2956460571958711,0.09467604920002638,0.0983497766407444,0.13335860529565466,0.0908958608260098,0.12903679350464614,0.07547966582901958,0.14841555838110793,0.2433868247786775,0.043299827251304296,0.22203503266430963,0.3204083227088504,0.032553155846256114,0.05259183214478242,0.10719779698630208,0.22053404632385104,0.38593448720424167,0.029789261141327995,0.24516951172861343,0.2448453896776356,0.16618598892664083,0.06297758941054353,0.43333488786693364,0.057946552300418126,0.11664047550216255,0.20246426503204995,0.38017871537626585,0.2229675921366409,0.10443169614526254,0.23655953341547803,0.20703682360058223,0.1610506354286827,0.15759815503598454,0.3469473998894986,0.2962250956731431,0.1781873224359262,0.10311375956899319,0.19979773978055204,0.3193351260832326
0.5291500730828228,0.3097821025836593,0.40428995463449696,0.3419153464997132,0.37168133125973,0.12486299808809291,0.4175050457392513,0.4006525229270822,0.1561568156525935,0.218121306765992,0.18498038815572165,0.12050947246802872,0.11730369979561187,0.2312478509984644,0.1851600392281102,0.2713570466158623,0.08556275114114308,0.2393447983927109,0.4985401866367419,0.1359686173797686,0.1602450014078867,0.16051286919053936,0.2792727268369211,0.3923705229332547,0.06504286979835686,0.26964061389307903,0.34234422789489016,0.3288701529667865,0.09972493538021673,0.6316330100977907,0.10969667342153075,0.3047502388129001,0.28511503441850744,0.5435761638505183,0.40262521719555094,0.32716098433488056,0.3107419750718227,0.25769541428820836,0.2400402452392824,0.2645009158363229,0.2808498283711244,0.29085465327443494,0.31869481152309315,0.23467933712636288,0.30276957184774506,0.27992399711528515
0.8287591369107803,0.46073533637978364,0.4509463897596985,0.3815101833999127,0.3459935973068522,0.335625188216174,0.5811153876814217,0.502390319885098,0.35211214937779556,0.3498579995312375,0.29379690191666963,0.18966755547111802,0.1957094809698723,0.27757032644003954,0.3371590336745146,0.4635804393821616,0.36236409335255454,0.4483279577393941,0.5414517953171567,0.29921521476930546,0.3379765765518151,0.3249792626077781,0.44939432530169016,0.47491156081120545,0.13147844606468864,0.45874709356649435,0.37504707130885345,0.385424490346839,0.3173328922170241,0.594743917548669,0.19410047449854548,0.728794208126045,0.5042792842847852,0.507332753248396,0.645916126448083,0.5366841648364986,0.47159138240908366,0.5872578081781115,0.6499761641007493,0.4417062223862059,0.4701376515709889,0.39385794267267826,0.5284185491336263,0.4153443645599795,0.3401067747196753,0.2879772722942802
0.7155582091095792,0.5447494347609593,0.40379134545152257,0.42450197482849916,0.29646835418131257,0.6979967174367456,0.5892153445741777,0.5068883127542421,0.4117167630144431,0.6070557174218854,0.49573949829790576,0.2088931962545303,0.26846027011385726,0.4341755551397269,0.6610588842405083,0.5538049945191666,0.46767682179660214,0.5127541931216982,0.5520694043860683,0.3168780086459317,0.5407710003666061,0.45901327991612184,0.6685338581628557,0.5716736812342492,0.4354019266718048,0.353326553499855,0.3328284269377447,0.5825612551521395,0.59097696074219,0.37314603158559784,0.26029004104711456,0.6879518446433669,0.5596497954087595,0.5778597719920731,0.5234371188782501,0.6259434875817239,0.5094210054562406,0.704356344190766,0.7963292362871085,0.52858265139996,0.5422218930474293,0.4294196742565974,0.756019595713162,0.4799289500048472,0.4071063670521096,0.26267105734884083
0.6104778191166758,0.4378185632817967,0.34530600954155183,0.4152378931074069,0.34368756977798987,0.9198221563820608,0.5220399475320004,0.588430084833611,0.44702671179667175,0.7492153864126532,0.6083060334128213,0.29678612968116974,0.2570415438090541,0.5367632207552895,0.7317234774351564,0.5527090723530272,0.6199203842946358,0.584221757901398,0.4778867977279984,0.3495334470953646,0.6328065726498822,0.5553745110219657,0.8156715252755613,0.47325138597794003,0.6203849787732507,0.5842122205451196,0.34575678417849426,0.4626138488705577,0.6340594603485094,0.3146831943243705,0.2663786635496036,0.47260505608193293,0.6047359859127934,0.5233820441012269,0.5229400145711351,0.5529947950510734,0.5190736879691581,0.7248137403886188,0.7051516081169219,0.6057573550427088,0.5307444577366014,0.5034727730770718,0.8316024573333348,0.4290679639141315,0.44711691154961947,0.2857591333268228
0.6357130149858243,0.5423773403958418,0.3737357696268433,0.4629448577138087,0.31558020946754695,0.8338075762147955,0.5892387763610054,0.6381863686178322,0.45102533566142017,0.7867481371501329,0.6760539125149501,0.23390839679975037,0.33788000834031007,0.3649386639144056,0.6905203711670587,0.5613367341682393,0.6277752719552852,0.5670104362278628,0.46528882322423154,0.3799074515218316,0.5679063890135123,0.5295278103515514,0.7049922311303087,0.34858141314072066,0.6761926844458486,0.7736276808530784,0.4104957925318159,0.4010330212421148,0.6335317064921142,0.37364075725714885,0.289476290887714,0.4146930613696441,0.7512558410243757,0.44739302788055363,0.5412652631831498,0.509881933809479,0.5478778496937314,0.7180747168708056,0.6291560061778048,0.638292472691997,0.5724907222160787,0.5843665449142832,0.8500431041748913,0.36057742624698574,0.5359067324965239,0.32373383225527064
0.6885962333498505,0.535825494113373,0.4860904208101752,0.5344463682192698,0.3538410158285049,0.769332765834119,0.6216706774007619,0.5691808310055653,0.3915526518855554,0.7440398616559034,0.6028102928597199,0.2314933439961844,0.372003107411475,0.5460350384902715,0.6333477378055133,0.6683765120932725,0.6837452168450753,0.5101085543936329,0.4436767858625677,0.3378379750716108,0.4915361589446944,0.49806180914777665,0.8961836244394062,0.5212452298574343,0.586667833439043,0.69759583051618,0.44927857463772425,0.48902827658252535,0.7638513128671034,0.4749522329695799,0.44590843036359024,0.4303964811455313,0.7001566232346144,0.49206605775568607,0.5704058658672303,0.4502545838220952,0.6426905524239696,0.736863898210963,0.6853883075408777,0.6875811055388795,0.4802353371993299,0.6595153937821565,0.7814115537485894,0.41426633184823874,0.5036468107218688,0.32848998921808603
0.6135902602937958,0.6391107253179383,0.4504049703198528,0.48262699230732825,0.4018724523790351,0.573546533574594,0.6495389930441136,0.619351031600203,0.44341185634618985,0.7539278995597056,0.7816951605554202,0.21605000887090836,0.48990303035131944,0.6027233542476311,0.658877918459947,0.6852275449316845,0.6605386561711712,0.7390153079877803,0.5194618004728108,0.32612277433551773,0.5084014082950522,0.6879235467511065,0.8779800688091399,0.5977732833757093,0.45848284921937565,0.6997434426337222,0.4389450266439649,0.5016484653434902,0.5329212809378928,0.44645668340801214,0.41993563834825914,0.46129960230652345,0.5978278557701772,0.5591906129213908,0.7426206201417721,0.5077038706674205,0.780512061323182,0.6554100585627352,0.516791802171359,0.7315136346685522,0.534653922925187,0.5145904434323044,0.7892190316728549,0.4398533402890494,0.5488341352221286,0.35273049968601977
0.6264435387205998,0.6371684369254653,0.3935086555392889,0.5110457847924463,0.3259400309356133,0.5999030793706448,0.5782809690086048,0.6611971403566768,0.5636540169707931,0.8305402752922737,0.8434165005062939,0.27210392158890945,0.40326793014819023,0.5011058666935766,0.6878499737251927,0.6197956041597042,0.670374333506251,0.655179119056661,0.46721058234512863,0.3156817249774543,0.5963151157429771,0.66558418394398,0.7889375633373854,0.5451618487471552,0.5059162886857388,0.7221017770694589,0.4062554758888856,0.3871530024117208,0.5576470542186696,0.4016005997359884,0.3810435906066569,0.4417969018552187,0.5946130156895824,0.4021799045887298,0.6592991221087015,0.4990792025263822,0.6186418473527089,0.6830527152003271,0.5673974341367627,0.717645840647657,0.5144400600587701,0.4759406953388154,0.889919895121133,0.4084726647039633,0.4181360547756037,0.40913255071503707
0.6742306382482194,0.6575778704918177,0.34856518155989713,0.48988924615898904,0.317898323123858,0.6279722928861503,0.6335809515794832,0.6238687836913535,0.5254544246309735,0.8185777479865672,0.726443242067426,0.29087513215760546,0.427764015104814,0.4705709353167647,0.8129261854943214,0.6919927980182837,0.6226628668516192,0.735807255911552,0.47839582954966026,0.41653402125295413,0.5712799742883348,0.6011223634175007,0.8230725394868498,0.43196092253987906,0.5231329311532005,0.6397645143753025,0.3908486505748225,0.49819988646026825,0.5743467808546443,0.35293299629111485,0.3365612628465969,0.4470403212084795,0.5323400133636095,0.4260029840161869,0.5691429333064167,0.5729705290055215,0.5506240179716207,0.6794270547427,0.543779705918922,0.7145565921225804,0.554609961195254,0.5081119223754965,0.9268098589777675,0.4539059495139325,0.39118050279203104,0.368258771150332
0.6538723142989815,0.6891600776513136,0.35645523212108043,0.4883378237931156,0.3579103763197241,0.5266401994701919,0.7418482562793675,0.6219994762644966,0.5492463433676076,0.8991753944140913,0.6856751578489707,0.31351356999380103,0.5120606307201699,0.6565079275375285,0.7123451749475186,0.6604389076535779,0.6632132701954494,0.7147984863978032,0.5945959549747413,0.4097182288495946,0.6596120166709493,0.5208600752814893,0.82313358097079,0.48470507368233284,0.5173188872920935,0.6477678075042614,0.4380622530241534,0.5828969326353206,0.5568561162996349,0.4417879473263776,0.35505576766340846,0.49749578890754986,0.6363140215717469,0.5584718197751718,0.5446063980883834,0.9554046648044546,0.611227601371293,0.8424370443797465,0.7114580628572927,0.6852680088770757,0.5461397478635023,0.48891450883305737,0.904776065266065,0.5247899119676946,0.4692111472830898,0.4249756636864318
0.8342503560810628,0.7844764965208191,0.461030330656459,0.5133747568473856,0.4572975279505884,0.6435809389958892,0.6586854806477064,0.6284651227263223,0.5729961965090821,0.8296582325288158,0.5882889142096619,0.30693045564175886,0.5324674420739328,0.47199384493180846,0.8026964784036952,0.6772737214007112,0.6755131770635177,0.7542489977637822,0.6714508147082237,0.39789223808974744,0.7401404822161126,0.580077160841604,0.6215353984957541,0.6735430230122267,0.43243000203094867,0.6168403479159009,0.499256326289136,0.5574259623765042,0.6559124173731723,0.6163880279078189,0.38050895664453993,0.6884745419320834,0.7370778622670173,0.5622412100754458,0.5683817284466547,0.6853661488188315,0.7112938183354585,0.9353006186369848,0.6874694540626629,0.8138650780961827,0.6598341609714203,0.5015472286434486,0.9119365231929744,0.6523688747238573,0.5544264661742853,0.42698338630666854
0.8586559627124531,0.6825148401309717,0.5879097966093827,0.6877192310042346,0.5897277845136025,0.5189400105887324,0.7509779272180558,0.7006413841844849,0.8202604812139123,0.6597039777448774,0.43491799297253536,0.28977439932205823,0.6191417192854827,0.5648088601828074,0.6586625420927775,0.7496435697274162,0.6851003596639551,0.6399967353089252,0.8207600747490851,0.3687004581551134,0.7170878011032068,0.5566690303796628,0.6093609042866828,0.6441737478086316,0.38705172647335484,0.5818338483632904,0.6188405925743029,0.6257060008686399,0.6286049102761336,0.730563257461697,0.5471024341177014,0.7555353875860075,0.6190048297433723,0.6586506002966891,0.7171117847101377,0.5204581424552347,0.795791252137367,0.9617051115691727,0.6767415443343047,0.6896640563794615,0.7688028555732496,0.5231036768148027,0.6314208547707041,0.5837931853820875,0.6770359585712882,0.5679321947095064
0.8875867462988226,0.8106459183599375,0.8270792163489803,0.7043114550545482,0.6905584107659745,0.4747211995885739,0.7049447264475878,0.7810081732197645,0.7795617570331974,0.5308687619270065,0.5026419424460625,0.3175774953688283,0.6688641753958784,0.42619083170749533,0.5527134970217544,0.8250859651547304,0.7079236756922057,0.537480746384664,0.8760410133019106,0.2688560376169407,0.5203147696316313,0.6385224252963855,0.3792714887100762,0.7494695610200791,0.4791658416274095,0.6051153384437756,0.7305551614969814,0.5882867659146099,0.38902059122954286,0.8660871175232978,0.5953897658747143,0.5633425476426424,0.44121878768726486,0.7421899018410828,0.8137826424421624,0.4360419792027529,0.9579559408385758,0.8520986949517412,0.7855685970305808,0.5650457288033133,0.6915697395225066,0.4919837195146411,0.42629482439614336,0.44742675026596745,0.6053043413001191,0.7990150602084117
0.9153274088865178,0.8606173174900327,0.9122212864234273,0.6074113116122359,0.7574260566701446,0.45734161666614737,0.7710218444090752,0.7735197676731724,0.6881381944517994,0.5164291394746743,0.39149820684733005,0.3638170860504254,0.6368711297516867,0.41283271352904644,0.5446627510529334,0.8098678108133568,0.5824408373755238,0.6408170317339128,0.801505288066907,0.347069635295032,0.4994959947880432,0.7186571728698068,0.3641897361286265,0.7047761241628936,0.45469906745641514,0.6283897782476201,0.8027720599599131,0.7295963191114727,0.30690085659324945,0.7706308798504328,0.483072895539253,0.45590899607107904,0.42044001932628294,0.7769488474925158,0.7353696041372522,0.5559820552305562,0.8827922070314952,0.9956522811081226,0.7056166346487998,0.5450956167165846,0.6153017560724682,0.6520882990394281,0.48117681657616723,0.5981827405277679,0.7223852320888298,0.9083243562061734
0.9004673761793064,0.7731556599882107,0.7820629963354687,0.600540894761391,0.8133345805045453,0.4043402655997245,1.0,0.7251015695291828,0.601505690369133,0.4691427666290228,0.44122016067040687,0.41489469432840187,0.5912200899866307,0.523110641588209,0.48235552965190376,0.7486651837293717,0.37621051746052725,0.6944394183653667,0.844754139374642,0.25826164083296943,0.3863772484765118,0.6016990327603465,0.43251178731302997,0.910756373777194,0.29817243618958983,0.5540535422733931,0.6325790612163908,0.5524309856253714,0.22974071145023417,0.6868769584971062,0.3579052453792515,0.4620288978976146,0.4220563600514168,0.810608341423189,0.8870093990687851,0.6734841029926378,0.8666399336593903,0.709227950923795,0.6304923676183541,0.510956039820291,0.7061177481350602,0.6255347309395461,0.4602185127045107,0.9180050610648024,0.6606236316005376,0.8919949107769158
0.8763693388210706,0.7203133667408386,0.7272575030327819,0.6053892815474196,0.7706170246725786,0.3350297347608196,0.8684304511146373,0.7260199347053928,0.47408584719455854,0.37953483606456834,0.452296383041691,0.23955420249994439,0.47953210942597646,0.3903751888405132,0.40090042081618305,0.6774535231877867,0.3010337038490314,0.7961438252816259,0.8093135178064262,0.21006058946211525,0.2592902083513009,0.4236385415529448,0.3541569280646294,0.6072087372026129,0.3282718575844396,0.5833617149159588,0.5736061152480074,0.3645987223541239,0.15877694842779375,0.9374512076829584,0.30050087624202204,0.3386994859669783,0.3643725793865945,0.8316069616711652,0.7809640515666411,0.3557785133567144,0.7372345474531419,0.6287467635035296,0.5159502562891604,0.46946737852134895,0.71574034891378,0.5371917014154057,0.42017710775264877,0.5769774835962583,0.6348678500545752,0.7420299173889373
0.8040078304203229,0.757489529626412,0.6215550235854211,0.4941202151475948,0.6839083016751806,0.2904023294578925,0.6843711600713491,0.6226809204468357,0.3615532940181356,0.30220952587588223,0.3867564223513759,0.20304021069119588,0.4301990414255957,0.5172195555103158,0.3191724771742527,0.5966995326891742,0.2562152282774416,0.6749752048647564,0.7677258785926383,0.08582970212138563,0.18342543507810402,0.3146767082817022,0.21764716827171315,0.7059271285443157,0.14381123859649356,0.5710845749788508,0.45652303609185607,0.4224189582715451,0.09548497109501393,0.6426978422357075,0.23536649571791204,0.2560861713769351,0.35872174479140345,0.7603030380312702,0.6443696849814902,0.2774188114569323,0.5940709771992523,0.5648875247464605,0.4629238357610093,0.41011242090442385,0.5459624062522007,0.4780396025740189,0.3789901972432645,0.35280765429322836,0.4776049058851692,0.6267894641710976
0.6457797727487351,0.6666179350368834,0.4552217038560269,0.41919809470928204,0.6264957365066115,0.18829138160554815,0.6036275695247011,0.6107217277861214,0.2676074120831623,0.2956635533775602,0.2641733393816348,0.16596517630590546,0.36009306640463173,0.42342151351763785,0.3522395460751637,0.4492659934504497,0.22062103849326475,0.5753270114331451,0.7459010417102179,0.09229338057099334,0.20673023161504436,0.2408542675210446,0.290795490092162,0.5214209963890014,0.08334505423495674,0.41916455139304354,0.3687077536698155,0.29797549848896054,0.08394760989386617,0.590762636521895,0.15358827846829823,0.20521598193988386,0.2642957741415658,0.667017053397847,0.5925956302342585,0.25126169048130637,0.5535388920174991,0.42165975455957155,0.3179527483549487,0.3288881932382538,0.5523484498264154,0.45797675584581965,0.2859477551293138,0.4060756152962946,0.4094631949133947,0.5360655802470911
0.5188145261356174,0.4927325059869919,0.40094902240773206,0.34895560518406993,0.5078832939635615,0.13585603080119418,0.5537866263839051,0.5128718916239268,0.2689417738678491,0.2085586312230893,0.18055943700564292,0.10904296536959192,0.25007770904738935,0.24529157525269685,0.23097821308622676,0.38781780112148784,0.2141331768963702,0.4497223549162467,0.6169596239650017,0.08936831362435296,0.17088466441107567,0.22128439565864594,0.2306843598307582,0.4645308420911043,0.027230885899555947,0.3168864235001916,0.3222084993101966,0.24667796863806268,0.06548449748413653,0.5742178774505152,0.11571900614037814,0.13722275964023772,0.19669123227763766,0.4975958084619629,0.46594682307266044,0.20194195361496428,0.5337713246984263,0.3958745732850362,0.2564023050057936,0.2582423246488926,0.3593825619200833,0.36311404235048683,0.23428650216976657,0.3413045228405584,0.3578481879874022,0.43540666604615175
0.4193051203172446,0.39016626543231697,0.32276564905629973,0.33414384842583333,0.44975883728111077,0.09570338730903609,0.49356756188830786,0.4711397895176202,0.233042187122707,0.14214243448353903,0.17266880293763714,0.0796846913565191,0.20039423081763613,0.2841939733863325,0.15157561758514232,0.29637455066506957,0.19087634468488418,0.36211730135136505,0.5453397537498758,0.0625163853802006,0.1389118734468484,0.15982793339929685,0.1666101305720692,0.28761585492440633,0.03362266731847969,0.3168523580989777,0.24607166265152777,0.19641159638907685,0.06395178098365438,0.5240436901550797,0.10222336103418869,0.08169694427020774,0.17121932280397265,0.3588203344581891,0.3844081622695906,0.13566234480724007,0.4355682476611729,0.2927651665502085,0.150367082857087,0.21032527558734454,0.41808842888017056,0.33345337418624404,0.16996884450348274,0.23289609846236062,0.18265466691590365,0.3980667108133571
0.3273955081765951,0.265989067559002,0.2883692654127724,0.3201684711545963,0.412673573619841,0.05424367120517967,0.3910363131329346,0.3905515528237111,0.1890816389859149,0.1257473840645759,0.10527316631025349,0.053661007931755045,0.17844311315872227,0.0008366491772071882,0.12518691645711436,0.2211064471941892,0.14151435884374328,0.1904156871071185,0.3948033352113053,0.04753882654012671,0.1056431001258624,0.1208786763825683,0.17051320779005047,0.2769745301569517,0.05524509470257974,0.15450376429116666,0.1777847443217978,0.14661276780135474,0.061375921247635995,0.514730058046881,0.07066479608878962,0.06323985221197961,0.15899949360652038,0.3675947023237209,0.23200719987827884,0.1496262267209516,0.29202154615903064,0.17517979388555077,0.11897930169745173,0.22450357115002414,0.35307226893843974,0.27015813512849784,0.12904927628328125,0.18740592448427998,0.2002336341745663,0.378885559407049
0.30580435386729504,0.2714442459825753,0.23832485974568907,0.22520929782998175,0.2899686144983237,0.050225532829417566,0.32816380764598657,0.3045231893865741,0.1482265766924029,0.12079588531588883,0.1220285488300458,0.06222233469034284,0.1489493539128483,0.21296702033136095,0.09676892774137483,0.20807363021006925,0.14429752867119136,0.21096002017466786,0.38260997215556614,0.059030736444219654,0.062305818288962624,0.09971350189898154,0.1846774952788876,0.3130480671172168,0.040580609475422066,0.1142928187510269,0.1972967529783128,0.1864858800686478,0.06548478574686108,0.38433488191396425,0.06589124830023413,0.059791719765786,0.18040127821280236,0.36686387122878567,0.18684561167099076,0.16092996987780273,0.265013775103027,0.15296288959888127,0.10701198683035522,0.17357443177231752,0.291734062075587,0.2815341929104872,0.09846780578647882,0.1612233329920419,0.1993684494523827,0.2898521568884198
0.24043500297301512,0.2420293291053972,0.2747861986339211,0.24393013822361231,0.32215716528310934,0.03327268358455937,0.3291936461620576,0.2834018255429653,0.16703750288286567,0.11330672905219821,0.10635353465581787,0.0546475691107363,0.1222454489827687,0.22036690509413065,0.09545393709518235,0.20540724144858846,0.19926754315107198,0.16244387650238037,0.42002709477485634,0.06669080211321685,0.04330869822624641,0.10328108454930204,0.1599933105141535,0.27667445195326196,0.013888161474114903,0.1718476720311936,0.20096783637756058,0.11529185872516096,0.05688915607971612,0.4978512677526542,0.04650477067955628,0.031968018492135125,0.21279085251506036,0.4262523788727491,0.20392908843814014,0.14451439507237107,0.23639029137391798,0.1729527839729476,0.1082642387010515,0.1655842917821329,0.32438465001171435,0.2446111759487336,0.12473543770091962,0.1813331016123368,0.19425322338272027,0.2968544264695123
0.3191511746088891,0.2282997079552626,0.2938510138434725,0.22025175242714806,0.31739222612605267,0.038579684788551505,0.3798939070275353,0.30118145525125717,0.12154940512588212,0.13706080827438594,0.13642305930545653,0.07587103840309856,0.132998089967707,0.15459047809925647,0.09801147044237499,0.1945127436199141,0.13944750682991636,0.19256180877838572,0.3742931771922446,0.09748321494457843,0.07826710081120583,0.09691693959580215,0.2260634965533242,0.29123707836402113,0.01088209387836285,0.19527177950099536,0.1724183324783981,0.24828951025903567,0.06852973943060488,0.33881149429051627,0.04949624076820728,0.0818081663965093,0.22032387007619694,0.3508339277263074,0.2577582113639209,0.17702626629763543,0.23846089177716817,0.18955796544398218,0.15361398788085912,0.14703013183558644,0.30341481731519027,0.32823416944408923,0.16765998991547562,0.1870734867668074,0.286119742057188,0.33857850753901414
0.5301226426229176,0.35984426642299694,0.4739525338963026,0.265183160709587,0.3545705120998448,0.12304301918435166,0.5969772312754831,0.3291725746306976,0.17017919761200329,0.23102731931222711,0.20496364125539193,0.1048872358837972,0.22058538493414684,0.1783930304494773,0.23563031714532165,0.24326233794799734,0.13779363427346045,0.22732870950569523,0.5121654711092195,0.1371082821837645,0.17231215724462348,0.1803990087676065,0.308146043001305,0.3213697602306034,0.016528144508765663,0.23494991279840519,0.30373448280468246,0.30575964535788375,0.11900267541336715,0.4362182444708719,0.07183452101981752,0.2700057300545895,0.2803410871322317,0.4986640315059316,0.3831812884336966,0.3197857812802062,0.31488476011024197,0.25946456202903007,0.23087485733990115,0.17581550639129276,0.4107010790143691,0.2999233056106899,0.3019269451513692,0.34527707767810517,0.354045707443654,0.264316573961362
0.7896171917873339,0.42952809927790825,0.4902518346818167,0.43163487401670997,0.3419386729305277,0.3740791894253319,0.6314072941535895,0.44951816853870386,0.372768583546941,0.43201264215137436,0.3013899480874705,0.19258127817331178,0.2828179688471902,0.5816287694681497,0.5426547166693579,0.3941703696316944,0.3438366899364669,0.4555988308796879,0.5125099384377106,0.3382269429060213,0.3573537792894359,0.3106606037907846,0.5137231210912703,0.34804740460731537,0.11398605456071464,0.3130262548032786,0.38388130605824256,0.5170206876838653,0.34490733723790906,0.44215537142115613,0.20175285099183027,0.6720308106972671,0.521296060490062,0.5201636297529433,0.6750951416555,0.5271807206225761,0.4638452413494116,0.5526586380548166,0.5573909569029389,0.400581588202051,0.3917024082776543,0.37638436079112786,0.5358034916597031,0.4739455218017556,0.36319584044910946,0.3013326909555956
0.627437888500416,0.5471206148081382,0.43028766115689965,0.42661082993547583,0.2947565493685269,0.6246969362308282,0.709116203415421,0.5255655935366462,0.36203815006068263,0.6745588148896605,0.4923703555984319,0.21371732613433567,0.2302612829217701,0.4302729953133351,0.9216445883966013,0.5220570222529404,0.45899565060166,0.5264462267349593,0.5733332665359924,0.3193355684865329,0.5646587970709139,0.4669549101059526,0.6380885101705324,0.4482283781727637,0.4389217107684789,0.42530678271295896,0.3349213316721105,0.4461311174978664,0.5665623043875945,0.4896887993481315,0.20446960918453866,0.6334372167126692,0.6410557690293678,0.48261188486677015,0.6532771661366569,0.6551962156719523,0.5167466370630974,0.8755088091774563,0.6618889456024446,0.5935493412076907,0.458516622962202,0.417000910209009,0.6895108578612754,0.4346543961607644,0.2473902677386603,0.26342416903713983
0.5653475754874165,0.5827757462696754,0.4383472164198787,0.393186763929619,0.29681129235684756,0.6959867354580822,0.5900234463745637,0.6049641127095103,0.3699442122710139,0.7958599813990387,0.5955275401156658,0.2009234989734014,0.2707670127840868,0.4595560503707287,0.9583750306112324,0.5287604985505603,0.48188201528506774,0.5358747325036123,0.45462116975584893,0.34688864240561973,0.5617779737732005,0.48522763566560023,0.7212309011996145,0.31148425308840705,0.6410384470713593,0.6305146742196944,0.29823334898038956,0.48216337184040947,0.7701782166747304,0.45335825087236936,0.23307721811759372,0.45223198051465996,0.5841626399984738,0.5032532974275647,0.47757038316126743,0.5512776826955283,0.5567992366462021,0.659705149044377,0.5714889761699614,0.6221683231850391,0.5183144911798256,0.41500989874780103,0.864106406016855,0.37783325950487573,0.2801782092671168,0.3220612093570649
0.5753671877429156,0.562574906830822,0.42602183666390864,0.49514920711602445,0.32158392411466874,0.7285325613818386,0.5680510760776332,0.7130845292689585,0.4219249970435357,0.7313320461493586,0.6203954619173224,0.2347752977267579,0.34446290527807116,0.32987565597361945,0.860481961101902,0.5313707443459937,0.5004491079858213,0.5024911238816572,0.35723591390114173,0.3610256809113877,0.49361800345533025,0.566040025835886,0.8116215921838983,0.33334745654833464,0.6702242322543236,0.7446765507653648,0.3587170855605853,0.48941810666097585,0.7673691354710657,0.42977695581894576,0.28636517024436997,0.433723662962599,0.6768083330691326,0.4425671617168397,0.44740784998543676,0.5251588064532973,0.589979416440846,0.77149313484167,0.6054408312688054,0.6203783569916854,0.5783396361924894,0.5151827348904671,0.8351043963830532,0.42478006890618747,0.4477774620845037,0.28320413762157115
0.5417390779217115,0.6918964607062001,0.4702480279065922,0.5214801746189861,0.36653064520982037,0.6627198447300315,0.6282188896444975,0.717825098380879,0.3932185926458355,0.7069504340193179,0.6792918154148619,0.26192015194168683,0.37484884739062174,0.49004183852876465,0.6546115496195096,0.7348812201161917,0.5836243442039255,0.6125994646512706,0.5450815159154047,0.3266798916238548,0.4947219007661159,0.5741162124580541,0.7071398181026232,0.4530111076377636,0.6494326947709776,0.6886321977401096,0.44962741058557626,0.5108407278762647,0.7991020874662146,0.4346208206221593,0.45720302728177825,0.40581783487222944,0.618249975463876,0.48236142250886344,0.45201190354870746,0.5576249717579994,0.6295566235214162,0.7502822832802413,0.5437764055298813,0.6256351195064016,0.6440648189708169,0.6752830513042474,0.7564710681399405,0.3953005202089961,0.4412421489120116,0.38326749385222075
0.6038397957534517,0.6770647021576778,0.49669015220109575,0.5347426917606815,0.374986513136765,0.5444436766217086,0.6059371123819527,0.7236813177159919,0.427967820824609,0.7579009367973176,0.8659019336634541,0.25961000821626146,0.4928966514627341,0.6131040403505961,0.6795053876661639,0.6209029513234895,0.677172781592409,0.7243489425576891,0.6388580781240698,0.34843057435590474,0.6275818795506829,0.7001784153104806,0.8582798915185129,0.5426845183451194,0.44688819855261586,0.7638612294478668,0.49385682323423424,0.5768886552424508,0.5769392365355108,0.5172344489467714,0.4759292227479133,0.4156787196890882,0.5986247533381632,0.5442038530589682,0.6165497726987805,0.5201467888366781,0.6789856608427449,0.7025136912592327,0.5236749356645009,0.7142182487482294,0.45638221227262693,0.4854749719756983,0.6792724403433607,0.4590766370400422,0.43475287025361325,0.4180696439534283
0.6276426182691174,0.6465591826168084,0.43048658096924514,0.5008223289405542,0.3292098755140087,0.6175744006321429,0.6208678481095002,0.7120895834202496,0.4543593482279333,0.7946328766392625,0.9057857244452677,0.3123268100872284,0.366365600632229,0.5162258767705712,0.7331537663225872,0.546724222258318,0.5432918592681053,0.733023006149904,0.507813566405001,0.28523303650319765,0.6224439716287133,0.7796528988025828,0.6170233935463223,0.4521899591642821,0.52292105140335,0.6069939674821222,0.5208852691605992,0.5839582155485052,0.5796096958742581,0.47496616368249867,0.3920349001143805,0.4352395632848137,0.6265289915519953,0.4323370453909629,0.4772209230454525,0.5523969792553017,0.6281550709357246,0.6830104231908054,0.5493522680272058,0.6319120733590342,0.43183940565258955,0.5097053677296437,0.7333928923907976,0.5140394652020172,0.2940168940470822,0.4087691026492379
0.6734182341483006,0.7807873549645357,0.43766921519528973,0.5436799336508565,0.362218221799526,0.6731870960525991,0.6146512466583893,0.652420992432888,0.5152954148316368,0.817479090628552,0.7583961072461337,0.304621881516768,0.38657711035926523,0.5127540282766505,0.8189386111758981,0.5582939876462155,0.5391374895170052,0.7589858239665793,0.5653580242409453,0.2752101610520214,0.5969051580656016,0.7174807883370014,0.8170824021376767,0.34445838976596627,0.5510194144943157,0.6818494784601647,0.4875341264605078,0.5885553122543041,0.6908006160132641,0.31164662930427334,0.38562924108049823,0.40227563642660136,0.6894639234346984,0.48014304800242064,0.5122909796747624,0.5755040257438708,0.5994187576462926,0.8294157023864608,0.6004474798728937,0.6069511705422278,0.5474470224719467,0.4986053354178293,0.732301188419413,0.5275543842160264,0.3603596629896836,0.39272495119201223
0.6268836454726422,0.7064940610940799,0.44537339199658776,0.5154493534536531,0.3601176954119001,0.6591840335825128,0.6846045508120114,0.6956237495360071,0.6253833096177398,0.8133007996583634,0.762691829679254,0.29495756388413874,0.3749414456017356,0.491650172029825,0.8499682741355947,0.5160874752605425,0.5945167282434226,0.7576490136628288,0.55321734800901,0.3723173776868165,0.6345286802485173,0.6517831931522321,0.7328615587258155,0.4059960063765769,0.4393188847438923,0.6202369452872454,0.49102977296785705,0.5487276449248341,0.7042841989195873,0.5083523339298804,0.3967981634519611,0.47294618886015916,0.6958589095061571,0.5012798342874633,0.5672311473222372,0.8869765301132286,0.6324271002210367,0.8006830420072104,0.7744573615458309,0.6870621267462736,0.44100420686177894,0.5145767305805887,0.8328625992603989,0.5094621006026613,0.2553540961012649,0.40335201578166957
0.8082856349048196,0.7799871578412286,0.4596626656676117,0.4905198946585892,0.4467812642012773,0.5651158750716863,0.6504529457869657,0.7022274537663655,0.6469155242790856,0.8293061757868327,0.6233124027818879,0.3036449819210309,0.3690682713214834,0.6299648193368661,0.759482638446462,0.5330179424156855,0.6255976225196576,0.7446500612729606,0.680155740448989,0.43993242052075554,0.6389744289594923,0.6118239616645775,0.62724853445761,0.5635685821199953,0.4646439310829366,0.6596878851965841,0.5537411278610832,0.5457636035719496,0.6336360409999413,0.6172785501094211,0.4439743695538739,0.6800707332535374,0.7806718459218286,0.5834808516469033,0.5304630950905236,0.637059152482261,0.7198299183420245,0.8450970170927654,0.8249704944724453,0.7581114875743094,0.5674295780602694,0.5527930230409223,0.8383156637034849,0.5237460974685672,0.4868052821982342,0.4584810855397014
0.909628585781064,0.6894113576286,0.6344958425204635,0.6329469223745966,0.6390497664516273,0.46058489589259716,0.7440378540478312,0.8468544186702139,0.8562978065355185,0.6360148169523793,0.4108665384484228,0.3058534952414326,0.6892602612539648,0.6559540956817522,0.6810399204571922,0.6923047144050611,0.7087781207943237,0.5970448616205415,0.7780674928191955,0.4071275382229528,0.7705967451220377,0.538915231654219,0.5811324834577377,0.7320025739164092,0.36497020680732983,0.6876324972262535,0.6890595522030438,0.6103620397373065,0.4659891853512163,0.7996746499643635,0.4863671698525959,0.798035397831446,0.6601220019536649,0.6549663824656412,0.6062299111640433,0.5562067626434133,0.8311863413638094,0.7862107579983082,0.805111627311975,0.7623508257595787,0.5913622387879909,0.5660598580560582,0.6250204952783291,0.6087933788139721,0.6158699199804021,0.5704501468561766
0.845396955444135,0.7452835602975734,0.7985624090900475,0.6820516500516359,0.7605327318062319,0.3724391482927672,0.7344153990288876,0.9315108454039344,0.8421002977987292,0.43979066187874094,0.5042416471023183,0.3187264780941183,0.9031572156834096,0.4232220096717804,0.5144872092640905,0.7977867382791254,0.6188659599169946,0.5877195219604885,0.8792209279204201,0.2721861797388342,0.5542818534624251,0.584222233575066,0.44794898272886313,0.7027746751459822,0.4895896400012575,0.5546603272798398,0.7311950547914792,0.6504173637162703,0.3747783488661964,0.9236585080300603,0.5184970683182883,0.5798261198545871,0.48197013208938944,0.7194453872264812,0.5892058981474886,0.463698752559623,0.8568070096632948,0.6851571494218821,0.6799127258574408,0.5884343864207595,0.6534570242210624,0.6090963445738179,0.4993617941224949,0.4186042381849453,0.744360834145467,0.7606710810858643
0.8484690845068057,0.8922745570929613,0.9484335799419341,0.6527003267046446,0.8161719088784513,0.3630847973067228,0.7155399253871856,1.0000000000000002,0.862372699687905,0.48655460267514367,0.4480016057532469,0.3205754304533761,0.8307120665910557,0.6061704669772829,0.5293827114683389,0.7452641678086391,0.701416108223778,0.5685085945317275,0.7584236020778636,0.4608813543050697,0.40912325525618715,0.6162587556404415,0.3980001007682417,0.6093419351573359,0.4882492058081097,0.5094325802229206,0.80876068485048,0.5079828615204471,0.3024749630054536,0.911928030632053,0.4529298822220174,0.5406036820217596,0.49341872503215245,0.7744042775921702,0.7383548762293225,0.6283233119266959,0.8307027964359028,0.7139125397682271,0.6884023542672311,0.5982478334307061,0.7497836725351928,0.6204792117286881,0.544059060948275,0.4904008561878532,0.598278782014974,0.8306856057178013
0.9431931146740075,0.7164066942638575,0.8008165352429253,0.6293229732940895,0.8782951004911522,0.43548146499864376,0.8521051511120411,0.8220493297334481,0.701259296413049,0.4957311317792141,0.4513515162085842,0.4754963405663488,0.6460335108077201,0.6283368929005855,0.5436343284839639,0.7880353429565667,0.4724345054163447,0.7201386334963719,0.8534578887131266,0.29000284090042006,0.4289765781016968,0.5779279436655448,0.36774264415806956,0.6555736630873115,0.41279548378185726,0.694283028128669,0.6914592542302741,0.42866195462914447,0.24233195227928916,0.823430189346125,0.32852456148530046,0.45405176385608226,0.44488229407184726,0.7870313614711064,0.8672589500019363,0.6600225059298445,0.8274113864056086,0.7052039646417873,0.697577522485427,0.5226659010261874,0.6339525285475779,0.6003747235780541,0.506070120076493,0.7128390737531485,0.50677742729845,0.80081405690341
0.9035726123364445,0.6068191999353509,0.7238823141398067,0.6058946976121903,0.8860725470643491,0.3394675060842205,0.7583277979047579,0.7305129518853607,0.478919011319392,0.4013683390598101,0.36982002598366354,0.25145561719707915,0.49872746942876933,0.6133633241067022,0.3771037701680282,0.6729048373948282,0.3366511724565362,0.7033264171637792,0.7726038151129616,0.1789648200489936,0.29369018968470806,0.4482455729659612,0.32447276803147695,0.7057923865005881,0.40448632285020525,0.5785762993283983,0.5901551963537021,0.3079046341813705,0.14235508097235097,0.9999999999999999,0.25674001944333463,0.3631007259040927,0.3980219846553788,0.7758164315952163,0.770198060311635,0.3853883917567867,0.8721461984092654,0.6453289759699429,0.5290380794970445,0.423229479708181,0.6209432655497434,0.5612182569533768,0.3552574789958835,0.4224715723007338,0.6937083638298629,0.7082043701912593
0.8594538801688779,0.5646568484248524,0.6604726114721986,0.47158957722597694,0.7993389738171114,0.23367889345148912,0.6891161512040256,0.6914778099164551,0.4130820405467685,0.356912216965938,0.398464824208226,0.22461596270691642,0.4384760587680574,0.32951711353533886,0.32628871154791184,0.5885663286267451,0.1872466179043063,0.6757931266147781,0.873134179754947,0.1128280914747011,0.1951238153957641,0.35561437708066895,0.24561872934439594,0.7035293079638311,0.2128992812717419,0.514566493219104,0.563787679074507,0.3664421642793909,0.11873680316194166,0.9209138729713925,0.13931795584540893,0.32271731929101855,0.33073390147479553,0.7133479192088605,0.7488259404802429,0.28287456328870103,0.6630627562167692,0.5065711189435849,0.5000619056018624,0.37102419807201503,0.5495860862596065,0.4570184623664053,0.411928262112726,0.3198083767177951,0.5003882393422672,0.660993732698448
0.6983102748199274,0.44306397080906845,0.5060276233320201,0.45706864564127775,0.657084999205044,0.16819725488165638,0.6311290791232398,0.5572046457540877,0.297961947836356,0.26551362459395267,0.25481276426883653,0.17015857476442217,0.43715944714352994,0.2715781627669781,0.2790615780915009,0.5401999239163706,0.15932569070824912,0.5808570226859965,0.612745361951516,0.11106570825592815,0.14669266583211862,0.2884921744134683,0.2722324947355099,0.5609896856034177,0.06223936384542267,0.3330815550258944,0.4150983529053945,0.29437013326447753,0.1177664420513955,0.6334057667004873,0.1374619420696428,0.23991841620778018,0.26028490519856357,0.7215349917731523,0.7054208017594813,0.2272550031105742,0.5614876541729251,0.35061051387679915,0.34886222096450237,0.29998326481486554,0.4339075894339765,0.3836848068846335,0.35959925671064175,0.2403627765288794,0.3808846417835742,0.5326633319540929
0.6160037802971826,0.356366225913834,0.3709643063684079,0.426368588813248,0.5529459106917247,0.09312165174866226,0.5167622597641046,0.44080302598376175,0.29488297083723164,0.26569181832671995,0.20288899364813018,0.12688503592828076,0.26673541077273505,0.24257685256938688,0.160546248693543,0.41068493474834605,0.17779824034865985,0.49397437183192006,0.5365574885412903,0.11431380691890683,0.0967578383621289,0.20920591689585996,0.27640307824121063,0.41982978082469213,0.030561423009064365,0.2346932009371919,0.35584581743091964,0.23840917523163652,0.0852170930413214,0.5531539552156705,0.09949993682418537,0.20017774318466983,0.18118904107384196,0.537325182563365,0.6484123406279794,0.19312971862772688,0.47064533997099994,0.3993502328737419,0.2445641105353285,0.2909244850800639,0.37412855127885436,0.3542677230207219,0.2504223122458822,0.1590986391024886,0.2601447134331974,0.4842890666529724
0.4636533429030613,0.23998908363778182,0.3095015638850703,0.3183409260417872,0.45995378612793103,0.06843452705272338,0.4261594555592171,0.46755158835450755,0.23559681390791581,0.17348372331310388,0.1316466480452138,0.08636247363317462,0.14459093649414073,0.13372461249602463,0.11842394737754766,0.348620156893361,0.11341848174966276,0.38266610643489946,0.4142835671998128,0.07137916145546469,0.08243777263171995,0.14683035786512516,0.18123759646835969,0.3071761884160923,0.040072577092613124,0.20997093876372572,0.2652588045114199,0.19909800128274485,0.04489079873116583,0.5915096050511938,0.08100651494813702,0.12980769117342178,0.20681053440053557,0.4981126690620447,0.46546904686846924,0.17786123657606553,0.47483771662291546,0.24910045585664936,0.24377255463663278,0.27009149148563166,0.4432949555387284,0.29654228828135215,0.23197583507215022,0.12510457874504627,0.1852625565765772,0.40919318041065617
0.41078688298457394,0.18481181312473943,0.227493339249801,0.2790308567171079,0.3836058383067793,0.044634970336172405,0.37575115602815895,0.3659631196269127,0.1696303513304461,0.1581930480959811,0.11889534966838727,0.09335951032124269,0.15040188093911558,0.08217371180105895,0.09462423605585338,0.2551380265229256,0.10664845538097639,0.24768238692594063,0.29892576826586187,0.05955008933418312,0.01970764351085754,0.10618088399828049,0.23795980370900832,0.3279568813788052,0.048970020410458226,0.14662533359688495,0.2121764656300062,0.15721857065875228,0.05246630782528883,0.42827098334115654,0.0550467020386794,0.10400390503804308,0.1463457218275642,0.4420056222186729,0.3411794674261786,0.09709168314893474,0.37712642640622057,0.2537536878484429,0.1907921990162813,0.20270644490988993,0.2741211203794169,0.2855017617518864,0.19527256808265014,0.122708828715473,0.24580659844315433,0.3818637731291855
0.2842625671265876,0.23544505893325923,0.21265307926176408,0.20097141412930897,0.27324596242012866,0.04779237994669995,0.3694166336293734,0.32887163953295256,0.1225286404582074,0.11167230624937241,0.05052277848111507,0.08112533645272398,0.08087561702790755,0.1085437722995034,0.059543523816537505,0.24420441522755454,0.08409201568345008,0.12217403997816129,0.305929120915083,0.04276898089474874,0.04513321743805381,0.09595346882947924,0.15115354258330083,0.26140863325360725,0.018375049726264824,0.1841580620277267,0.17862791975605188,0.13339897782665344,0.06291277329392213,0.3027783219222845,0.07430107317472112,0.1084623911980922,0.18959736848882794,0.3760185762982217,0.3246393718241201,0.1104007560330669,0.27692952647555696,0.19816186343279468,0.1755523138613666,0.215318995021277,0.31010876825911304,0.2783177271410407,0.13627573543424693,0.10314939736454456,0.1372553319838237,0.3018117401452241
0.333414490935976,0.17297026908040847,0.2739099143699719,0.21891349996114762,0.3004524606684339,0.07274267818390874,0.3419324343959841,0.4054035285231813,0.11041697916561623,0.14208422743580199,0.065142497288864,0.08600870348799182,0.05994023042776634,0.15588276752196517,0.061709824330647256,0.26035455489393305,0.06878296759862382,0.1408292588798898,0.37725523843826925,0.05756887234686272,0.0867891545670546,0.08591490604693144,0.12475968003001793,0.33462732514504206,0.035466852206707464,0.17244811241867775,0.22543373072590964,0.13402962278991726,0.07476106407305429,0.4299668840885224,0.06883781955003412,0.06453372033344235,0.22356343286922534,0.41732399819884713,0.20108953753477432,0.14261854943434346,0.3525023027036646,0.28362551716847134,0.2025010180231086,0.238699546654241,0.39307743389762834,0.2608415506808258,0.16483736618161207,0.15657973162458055,0.15665204856888304,0.35397588771531324
0.3645683688147268,0.19889447956398473,0.2659038957901565,0.22335150336201454,0.3004593516960594,0.10599241720012433,0.36166169052152897,0.31755185019432897,0.10463110412484747,0.15730268730808575,0.1256406773280708,0.08630194923896928,0.10543737882835133,0.1966948377945053,0.07894177073725556,0.23338027073637008,0.03406379450525972,0.1536551747046343,0.40317610808817805,0.0584497629394019,0.09550847080550642,0.12752729765327164,0.20257877889086784,0.2945346137516683,0.07308026306999142,0.1963801095594042,0.20948083814948443,0.10667999435493974,0.1069932328400135,0.43133792586556424,0.08907278551921294,0.1094384284047124,0.25254500065764995,0.48013216482759163,0.23720054188121847,0.11902711255246926,0.268604750519048,0.1760868862884804,0.23114947066035685,0.24753255006389283,0.4008788296990517,0.34539350909466565,0.2095765297066129,0.19969526955142547,0.2634952422209394,0.320596894074005
0.5226867170284292,0.33829485675904797,0.42214596156790707,0.27090826023505643,0.35040139415306315,0.1599766324740381,0.3924378717437314,0.3900080044128476,0.17795449118866916,0.2353405314026201,0.20872718393097286,0.12544289639309078,0.12879541562012206,0.22043830683799204,0.17255486026311959,0.2766230760795992,0.09995696104352293,0.2123065646338697,0.46641860749350944,0.12111280304052793,0.15665371642456785,0.16430013411395814,0.27074963384799966,0.3409916435979698,0.08326947736264591,0.2843384646154671,0.3161208099414844,0.23467951345984428,0.12427478396112615,0.5031772013263272,0.10336374765500217,0.31390107159743585,0.33837592616538215,0.5323085819384636,0.3581464941259339,0.3312321263667337,0.3921358929186912,0.2537305716104029,0.34034557505141994,0.2952428902433424,0.42290960916882187,0.3128234164790024,0.3065791334152407,0.32656776571684804,0.31384649788186353,0.32955655421671404
0.8182070834082736,0.4608278541677434,0.41709411714185624,0.40262620225242807,0.3807224574354192,0.3527057926887914,0.5729719940275907,0.515064324823493,0.3685013583057799,0.343340226649567,0.3153368874901354,0.2306125545882913,0.20935939406696236,0.36577907286525413,0.34244042141095876,0.44719853982168656,0.30845336033584386,0.4718500961826724,0.4873364653909081,0.2864336574237953,0.435990874518737,0.2590986835469474,0.5312909788303564,0.40286042765666946,0.15420604913601343,0.39882890322906805,0.3758897861755808,0.39692935942712193,0.3158519335459655,0.4220143333253806,0.2013686951739787,0.7270836835835592,0.5735973578338844,0.5689764969999567,0.5845460585735468,0.5279768887421539,0.5488048566080661,0.4497089069866419,0.6567431390707675,0.452524375406668,0.3983072339822414,0.38899684460384515,0.5120286596401802,0.5155872881464543,0.36597861925436787,0.3119304509460962
0.7296267416663051,0.6342074713180775,0.43021918168218204,0.3637640392522432,0.3498489458559053,0.5950550850617891,0.5736588914417697,0.5895523487407882,0.34715389257478074,0.5649803395014692,0.40881369284051305,0.19699720922903183,0.26582878295822165,0.44517002828286617,0.7985483445402167,0.5548099463321845,0.3777099157028554,0.4967157438302954,0.45295871917830205,0.3272651644961406,0.5572379715229109,0.4203314067975264,0.6927007442357358,0.552214655346478,0.5093531410353581,0.4826044781216339,0.38189647462179277,0.412303494238363,0.5376839434294236,0.3570468573151793,0.23812163299143316,0.6565022292335938,0.6275591924466718,0.5577679288973276,0.6225551631887137,0.686736466291665,0.5813045254086392,0.6636589559651288,0.7731225466465745,0.7361641989916542,0.423607915067534,0.42451363401112074,0.6746918215895567,0.395251104647953,0.35712171397384823,0.3073789408026557
0.5704297071235118,0.6168865727205073,0.38396356704193707,0.4160302485607817,0.3333786324754927,0.7510131785954488,0.54563573686019,0.5483252121382921,0.40647436595965486,0.7448831605455296,0.6283216398418023,0.2367418281437861,0.24062688437620147,0.3732998575856347,0.844860361642371,0.5529930613261923,0.4114433355989989,0.5216799455832987,0.4123633528876855,0.3398655248355918,0.5251222166938646,0.5335195461647543,0.7259753044880108,0.3577658734682862,0.7113056355076193,0.5410448846612831,0.3575256069150715,0.479008822433038,0.6005342678758567,0.3679808908378166,0.2428552524949201,0.5027575771704216,0.7439387782001332,0.4804545141478748,0.46637410546204394,0.5432008979496864,0.6783745920754849,0.71776253974814,0.6510855799153913,0.6988887865228179,0.46464744107886097,0.5307409362821336,0.870390249092949,0.4314721066500751,0.42954737991059105,0.27668978419776274
0.6111154356527579,0.6357881908105185,0.3850221469207077,0.4348765155076717,0.3240873061943841,0.8251003581566099,0.6113621109899093,0.6472808138971828,0.3824094083005564,0.7628707623750507,0.6407774348041194,0.23198068646910996,0.30937634465946784,0.34387006192558617,0.6959157835446812,0.5733827251355629,0.42082713723924825,0.5736514700456968,0.38402750911959277,0.35011638365699627,0.4554202225630224,0.5614205905027986,0.6863634841919165,0.4302638114786233,0.7129112177847745,0.6826649078454589,0.3640728161062887,0.4072092465673557,0.6432666577483371,0.3182836194890361,0.2814788261852462,0.468230062083688,0.7900601279925338,0.49596807807533166,0.3991406583074099,0.5341322930337513,0.62549428361902,0.7240872183999314,0.6358521694625688,0.7594480297381269,0.497741496400463,0.6271075407099825,0.8780583754021727,0.3883692284268683,0.4480444956964245,0.2843626446473178
0.6827949698954512,0.6356028128154942,0.4318960905127799,0.5509141943162796,0.42060272507171825,0.715544217992466,0.6459232676891976,0.684708602707684,0.40862409667224303,0.7519005899388823,0.6582756461174823,0.24718408682063484,0.380430691321652,0.5581994624753999,0.6238375967371759,0.7095714055366379,0.6165042765488467,0.5468894228383696,0.42435929079174145,0.30314334775227,0.4945333540441593,0.4960459600643983,0.7039131125046444,0.5184461714218284,0.5685305702831256,0.667797698296538,0.504273529497153,0.5054887939808556,0.6918307160948405,0.3131650923031729,0.44154984647455103,0.38154233949804195,0.6371999957216306,0.4662636385376097,0.49033065009184074,0.42517708209469735,0.6858597272388393,0.6999487654275248,0.5787518921048733,0.7164154785095358,0.5637595470383368,0.708728645171789,0.6969204334242345,0.38062636916604853,0.4754754522534426,0.3513534872331845
0.6521025523356148,0.6212145052665097,0.42462649001350755,0.5542252174584574,0.41403674809931157,0.5657470053529745,0.5943843708475518,0.6307498172592568,0.4745092405711458,0.7064521658390862,0.6876875123684821,0.2570468897436968,0.4556561292015823,0.6335985317546999,0.6832557943995959,0.7301726982914304,0.5809963075903525,0.6792319294346281,0.389890690651038,0.30081662372564405,0.5166214879223389,0.6368512398113638,0.7261574085008592,0.5856370157765743,0.4639617998046829,0.7769775036925247,0.4768173820440416,0.5331598269631854,0.512762646926021,0.31201635551937734,0.4628242890494641,0.38962850117284265,0.6302368820758346,0.44156334163962485,0.5754993219314116,0.4239069915738228,0.7280038394634722,0.6033106477783958,0.5611208259397705,0.5583651570475655,0.5125126466579121,0.5190863860319177,0.7255507127186854,0.47403938945135343,0.4615124565574093,0.3821635205427176
0.6112401675256253,0.600181039665846,0.4405989989738482,0.482154358145871,0.3671417698844409,0.5423334793042741,0.6000971258394043,0.7393513948098425,0.4504909130965012,0.7616300141867932,0.7288734028151531,0.25258205413217827,0.3779220239960713,0.5880710743925874,0.9090413777582016,0.649837591069286,0.39841268483935793,0.6518501912788651,0.3814653399804329,0.28245228734108674,0.5349647634336072,0.7011716492342022,0.6432794126683113,0.4802242628284855,0.4516560404660946,0.6145267208206414,0.47031321933962406,0.5045161284650568,0.4775893642441814,0.3300128648451325,0.36193817065468953,0.43034451736462387,0.5684830387731509,0.40565934533211767,0.6161108669890407,0.5270211364849292,0.6267874683632106,0.6163545075768427,0.508237621348681,0.6138399225360732,0.4876762844602119,0.552798212391178,0.7684873713187347,0.4359563759884475,0.4848385816738527,0.4173325469590962
0.6508560340214476,0.6699487550210624,0.3756017901864599,0.4509312446737248,0.3801950832935266,0.646688443966047,0.6213907004532313,0.7534745278237085,0.4437263047192794,0.7699133045061728,0.6908222946468463,0.20837234929455703,0.46995593121049273,0.8444241377734387,0.9600618763118409,0.5468638766786705,0.43276143511577264,0.6807190339595363,0.4220714367099197,0.30838716743564687,0.5635329084371428,0.6133796473415368,0.7352953959225855,0.4005093451732361,0.5522510260752781,0.6705627904183844,0.4193963996841133,0.48091827116224095,0.5515885077632724,0.3291823425102737,0.36235482871788394,0.43837477548275927,0.6671092956485357,0.4362458427475604,0.5176749868307389,0.498008115302457,0.5885351164474663,0.6752457282973154,0.49124277540350797,0.6248665743285046,0.4093686173931292,0.5257823688580193,0.8337148223399921,0.4148864601294537,0.5186447861085817,0.41304153931707105
0.6656099995274957,0.7235960238310494,0.3550203225870558,0.44980867161280585,0.35131174138493704,0.5378951212122958,0.7201233193405397,0.7636748149446722,0.5626457864429437,0.7849815116949534,0.7097491579827045,0.28718184661965923,0.4592072846951977,0.8270872873458923,0.8825210794090618,0.6618125186210865,0.5473885852495256,0.5748263585779768,0.423618524988222,0.40078216635306535,0.5672433336890761,0.5493795659957567,0.6338716773034728,0.5363365764913087,0.48569031985438316,0.7250173401342701,0.4274764576580905,0.49962555220287785,0.5443488959451449,0.32734218066366716,0.35958543752050715,0.4927274790993321,0.6650409059764716,0.5391583168781924,0.6617851882972815,0.8827964552648992,0.5950190374339409,0.7842125966574752,0.7905931940080377,0.6583600865805306,0.52715433171318,0.539753755559678,0.9131628337151668,0.4290987923552274,0.48119711815433935,0.3861224440202539
0.8306115371374335,0.8068138255076697,0.4802483952557611,0.5046365564592453,0.4617375072973141,0.5346569543951404,0.683014203196896,0.7672021786275314,0.5286401646222342,0.8542534622241803,0.5758343685141608,0.29186631974141924,0.43839657533691967,0.733307443586825,0.7706268139546658,0.6784171805997534,0.6221649214078059,0.6160403088106844,0.5732793627329541,0.39628836803784007,0.6514508908218833,0.5264030063886131,0.6344283488443971,0.5512233973532136,0.44623626622169393,0.7215857096411743,0.514251958682817,0.4982366718028024,0.49857398615604975,0.4256818264773502,0.42044766914943615,0.6794868905078946,0.6634775637675422,0.6807966347739169,0.6304659469412693,0.6341074313144965,0.7132319582073813,0.8239229211525586,0.6910312016833398,0.7370636970429458,0.5034098483517734,0.5452497529733477,0.9240665862045896,0.6253464500784005,0.5075969551580515,0.44455177029608145
0.9153178413976647,0.8508812110208621,0.5886412108254095,0.6654554775171191,0.6359055029018654,0.4446165090178165,0.8705391251051817,0.8157202170732669,0.7338771502941014,0.6369955426655216,0.43549575153644504,0.2582451659829693,0.5853072769502248,0.5973825702831241,0.719393431703795,0.7862690317296004,0.6103285711203876,0.7480633571858188,0.6898507471851262,0.3998492581034773,0.763032067509911,0.5380390329967338,0.6427563027017832,0.6574705951706064,0.32352193543488494,0.7396888770298249,0.7293854772054428,0.5463159381193361,0.4382633343003088,0.633359814890556,0.6106315989994995,0.8073722369893269,0.5887966923408989,0.6869532383237134,0.6737768068564252,0.584663261861174,0.9087745022176612,0.7691940878360666,0.7998545024525688,0.7314845385163394,0.6760752549798849,0.5589401595897231,0.7282182992729149,0.7021880289670223,0.6229153884513559,0.633893314361018
0.8388093345510923,0.7804695718350814,0.8575803122352282,0.6703876487948889,0.7117597016312553,0.3790925844097587,0.7898543228103952,0.8663350593727455,0.7025439161605022,0.4553887415427902,0.4535415493799244,0.32940063735212105,0.6947142506749102,0.5470549385244865,0.5385696220783808,0.800253689137404,0.529136837394285,0.6170688538709739,0.7452183574958696,0.3196477443489452,0.4801770591833272,0.5878111669202946,0.5635139600495487,0.7348401483509882,0.3116986798852344,0.7694108366607243,0.7885572772561392,0.6055516080713756,0.30937948735391396,0.5719272364537834,0.6293878574442249,0.5580149592389337,0.46909724105544587,0.8256734058351783,0.7573692514447856,0.5355566610181995,0.8854498250961165,0.7287748149496784,0.6994740958284713,0.6012299537967554,0.7211725707797166,0.5050039941788907,0.522393190904545,0.6521140245848939,0.6426282593926325,0.6864534365973857
0.9425513561071053,0.8408416413970055,0.8496212509583638,0.6814091922871868,0.792358794432199,0.38739390269556023,0.8188824015554902,0.7562577705613044,0.7095477432078325,0.4736575479741249,0.4254513264294013,0.36006385386249523,0.7996398356287485,0.5059204799291805,0.4905601213176395,0.6960890708622879,0.5015093050518701,0.5928410216610912,0.8150642098099192,0.3960207090093813,0.5244997183379226,0.6222051655202153,0.42535860316133806,0.7845069032612428,0.3298866988883479,0.6456096566361766,0.8174374699330744,0.5742643670005073,0.26851483251584324,0.5083308696457198,0.5891694239431308,0.43797931852518246,0.44065719515078744,0.8758853763901465,0.7806857656363657,0.6806790337616639,0.8803007946079864,0.786256746346908,0.7343536983553303,0.6461169011088757,0.6707930807806102,0.6114488872302378,0.5385691531338742,0.6474951432396154,0.5443979841394238,0.7728390761908608
0.9356587321575508,0.7990438402336161,0.7566703289888331,0.6093692338022215,0.8630773401038709,0.3913989768069047,0.856825999136136,0.7497022056203471,0.5564771404152785,0.5137649411068526,0.4028135348729726,0.4583269191605965,0.71035817478275,0.5771518027145017,0.5319062247309427,0.6948806303213212,0.3873588314788575,0.6822475373918266,0.8638619297545747,0.29393773182607813,0.39159257221955274,0.5590600831528131,0.4045571377309055,0.7154493432081185,0.2775753654329694,0.7103169479738005,0.7761906154598346,0.46258232261099796,0.2238007455337134,0.47524063898539093,0.4337606318264952,0.4295222845820382,0.3884706151851354,0.9047207071049673,0.7613567974787144,0.8334215587434164,0.8855542115839541,0.7536794216721953,0.6906752036427278,0.597752265923016,0.7148586506113848,0.5946741158148534,0.5016869246639516,0.9053961050923256,0.6229461953342268,0.7726970424190348
0.8210789065090861,0.6510077079191563,0.6579052972318713,0.5606283698997155,0.9027666543804581,0.28569021473376305,0.8026884018668761,0.7236780035895175,0.5020839924729008,0.43970440006945216,0.3363120571892163,0.31872328081521223,0.5478708130078366,0.5387455825670304,0.47396995957429844,0.6183973260859684,0.3445074193644522,0.6827537426767893,0.8239473808005803,0.175653076622623,0.2480263287525376,0.3868370322460971,0.36384493885766345,0.6845804522549453,0.23420659222472356,0.637311465001199,0.64287208526217,0.3457422806277063,0.15328750590849732,0.6111668347869338,0.306151100773238,0.30889867907715096,0.35286664599147466,0.867225506440393,0.615083944624425,0.3508054024054667,0.7846833299967598,0.66420288890695,0.5967619026478947,0.5220467430234573,0.5540743358893697,0.5368377306036888,0.37961728642277526,0.4333742799666182,0.5997343637110317,0.7041702032313745
0.7188665365615646,0.5971579186724969,0.5894144423726384,0.5061270948263841,0.856308598504361,0.22031062576292348,0.7185734114126843,0.6768952635148477,0.3447788381516393,0.3153055939190867,0.34886001686474244,0.2586898662034219,0.4899478128124287,0.38283308871481875,0.36726892055850846,0.6101105399439782,0.24281372361135403,0.7113881671170045,0.6691028393853765,0.1420808278686975,0.2560870506009005,0.35175002047066406,0.39848105528373035,0.5521556904084143,0.18734955725619193,0.5281122763475046,0.527303113275936,0.3388931409353846,0.1148750161111328,0.6165590577242207,0.2042503565051981,0.258947291236133,0.3188489328731802,0.7801201359058373,0.6815227461272794,0.31640650163575657,0.7448848918647766,0.5132299554082127,0.5019114835157792,0.42599902106160403,0.5714430143869106,0.4610391728148161,0.34616439764566836,0.3860156782605221,0.5034433921099986,0.583534272747112
0.6494105582858788,0.46901479126545526,0.4681702226030305,0.5533380953523663,0.6526961764102864,0.12835235859908162,0.6293466249675471,0.483045165760505,0.27801506798189035,0.26423955281669553,0.23947474345053993,0.19065967698506966,0.37344718958290785,0.18440838668289306,0.3139609620353653,0.4522921377896022,0.19683379470266488,0.6129390866525247,0.5364228176790234,0.12319018935300954,0.2206656148224888,0.24181710716431248,0.2655838447268892,0.5908101617152102,0.12748478534943428,0.4086807136645372,0.4136473983302639,0.2266763255410406,0.10484686857764147,0.541081339411987,0.17804927343912158,0.2549782645599381,0.19134898295034944,0.6965683900044096,0.6180302066357477,0.2590208729472648,0.6433440461657467,0.38688897793364524,0.3308957520028782,0.3278872832555524,0.4791729462860857,0.39684439384884507,0.3145601868820916,0.31167787676649733,0.4393326201198405,0.5454190556322647
0.4754869953365741,0.33337635156364404,0.39822216804427535,0.5199289470217497,0.5186231838450933,0.09910550056037183,0.56316823359599,0.4395840809108782,0.27166402183090455,0.1927939105471406,0.2284907630555093,0.12786070975825253,0.24371231476168378,0.2371304665523457,0.244824188124011,0.4443781012815436,0.14063482362272087,0.4185755437916641,0.4308848358412874,0.07565704620205918,0.15904148666848938,0.15916758330429867,0.23321009867188425,0.5455716002746035,0.07148312589134781,0.37192391777031786,0.29960558979674745,0.19656592407618934,0.09348620162334935,0.7333735571198415,0.1482201580023066,0.16463652742709423,0.21277655400860285,0.5006742579382581,0.565204062594374,0.23489084174892225,0.5496301607970578,0.2902980054552102,0.25054030855911125,0.2664624049455841,0.41619219695802473,0.3667610777871151,0.25864327566216916,0.28238832313143486,0.4399236212396988,0.39186583203942604
0.42135680509792484,0.26510393681520505,0.373776716256005,0.3406342757059875,0.40996958676412865,0.06446077004872772,0.4637108526253745,0.4037924307380308,0.1999263085626167,0.12254549935521025,0.19289325158551207,0.09215143743162736,0.13537237355679926,0.0981099998217744,0.11326065683635611,0.3708121761655884,0.08498316271842442,0.3173629856856909,0.3260652317298416,0.05103314378247533,0.11227253998864858,0.13641521266899914,0.1492850240126627,0.4569263070805476,0.044691021869519995,0.261613167734417,0.26940948245801727,0.18025031171676742,0.10769925628729918,0.7177237235938879,0.09100457025180958,0.12929175076842175,0.17376356547627445,0.3537473290769379,0.447123391886669,0.20625096385758782,0.5033504533398613,0.2630807225254316,0.22477508474696573,0.2174907214228369,0.3439096084603922,0.2720584209883494,0.20186582236943912,0.19887792512593133,0.28049887770420395,0.3766861896173244
0.336241237632552,0.18251666996602764,0.3194638480165826,0.30090750366658287,0.4082760933902325,0.05898540356045065,0.41269734383635825,0.364977635970251,0.19133451610367055,0.11343714772059063,0.11723814583454945,0.09416223585646734,0.13766740019031876,0.1418962222511983,0.10027027457695312,0.27703274509816006,0.014890861725241022,0.2548851118384519,0.30536758912738576,0.08837357287050707,0.0904899322690379,0.12442909237148739,0.1581753784764251,0.32255875917980176,0.043583525914520554,0.2577188092349888,0.19899126412921253,0.1785370422816681,0.059062281787987905,0.45377313219479,0.07331742060942958,0.10354888405485688,0.13340482133922626,0.2898985279472315,0.34970648285866607,0.17258200464501078,0.44823897568265997,0.15807506241528463,0.21959412275773915,0.16962760124399262,0.36447817350743156,0.24404455383484597,0.16134815263185281,0.11874154023963818,0.21368705638521568,0.33394320278859796
0.29730044111965903,0.18216079412727537,0.26773104762578365,0.24865482833186997,0.2817912236309118,0.03310294188859362,0.3923031782123903,0.3454834208424462,0.1336934492711304,0.08887090171759834,0.1045582073965676,0.08897852707588018,0.11221402346835627,0.0823435180545978,0.12687942177230357,0.24441749499161697,0.05138127279450293,0.1527039263268809,0.30942177464785403,0.0686123588056736,0.060263438578973684,0.12745031584769625,0.18277064121253006,0.4186743012030222,0.05706721836801827,0.22997429156533541,0.17767366998855574,0.06829756226240141,0.0746785250868288,0.456609722367429,0.10007089422360668,0.1257823380527071,0.12883073288526142,0.3101840708125028,0.31169012288536857,0.12805118067409327,0.2574081542515918,0.17346357723842115,0.1694306543991279,0.19094996565492214,0.27634176556688983,0.24638320485138587,0.12572228341502031,0.09808214349540276,0.18228914151000847,0.31793871058894274
0.29420717458262563,0.12502729464191792,0.26781118170242535,0.22313480090885918,0.3420645464975386,0.033219508225080345,0.35340587362403425,0.2908179550168054,0.19134632223356032,0.1533728184989234,0.1078155641708883,0.08158541668645954,0.08704012171234976,0.02403537463380509,0.16855306966109604,0.25942637178345496,0.0,0.1471611390291465,0.3475333189697142,0.08634612114932783,0.08601802756812488,0.08560783675986033,0.19828107084313124,0.46379085223631245,0.04127453226669359,0.19628709498958744,0.19121524887324803,0.15719660159216675,0.06816123684196272,0.5239786605758586,0.041423868180909824,0.11371142245452065,0.14892507296174873,0.4167392778155653,0.25564175542168327,0.14052656456101237,0.30726530386184764,0.201732360199757,0.14707642260206572,0.17751033002813812,0.208144630099802,0.21878285445726442,0.1667206012811601,0.12554588440206624,0.3077922842237681,0.30100033261261805
0.31292626142021335,0.13958552093132942,0.25818823701039034,0.2207037787474933,0.36980108893770514,0.04802077286025304,0.3531823147146174,0.2744117486519643,0.18591914190642062,0.17350590600378327,0.1254592003378596,0.1037767872963651,0.13127213935434567,0.09589488835847065,0.11984670878478951,0.24482555834760367,0.04292652381032336,0.1538853465078497,0.28334448047978783,0.08609902819539295,0.061611438954762086,0.10881129451169397,0.20006984112001697,0.4089182342289284,0.025483859594024168,0.2440029886932968,0.2043401290116007,0.15112946971642444,0.06360138656274199,0.4739303545415252,0.037352123086618734,0.13864583735077302,0.14066190555164831,0.43783126211619466,0.23931290382572357,0.1255737840694764,0.2999136516106581,0.20711993870228923,0.1733880489214472,0.2180277762344168,0.3353713310775042,0.31855844739881084,0.2404856530534671,0.197079762326767,0.2906478564622205,0.3424710319171972
0.48202228029128696,0.321452355299878,0.42673999856176015,0.2609858740124349,0.4051780111997533,0.15223366383427855,0.47164068702438033,0.3869169765148665,0.2255588455193472,0.21609367931003778,0.2123313796511632,0.11863102641751246,0.1580561900521812,0.1987977152507701,0.1927734833089588,0.3563399621456395,0.12526894437594116,0.2536850209699871,0.3885157549994062,0.1715755527433968,0.1294894774014805,0.19082488101520562,0.3483392957367381,0.48866421645297264,0.06273388394566995,0.26265520827893085,0.32278831781179984,0.29434777182650923,0.10402349357180132,0.5872363341022792,0.10748287408188881,0.34542555993112445,0.25779915750082105,0.5091027299723903,0.3611429865974665,0.2973327721484596,0.3572391644601127,0.265481683810998,0.3202616070807847,0.26839708905968407,0.41078789037804336,0.324567972392991,0.3265084842861053,0.3566011281453215,0.33931328960119644,0.3222530494202222
0.7618728269831049,0.36003278899066365,0.4797510855470125,0.4479423967618321,0.403167879654158,0.3649019697384957,0.5623773822672785,0.46022748299979127,0.3421291754155423,0.38887367029144104,0.29795506375930497,0.21043905074536662,0.24735415370427274,0.4610600527895297,0.3966007910864817,0.49268542331738924,0.32113555901067037,0.41882543671455297,0.4592318547864636,0.30138071537969896,0.37702334260830134,0.31513525065913384,0.48801592626464757,0.50969154972645,0.11550358139805811,0.31694548153959223,0.3795362837174095,0.4939291255935968,0.37784278749407163,0.3875755910383705,0.2039747097263346,0.7000719483198176,0.4989554589407904,0.5487897433990093,0.6255742339732708,0.5006202962320411,0.4998160298378798,0.4413924437682814,0.6313985262339181,0.43479656571210196,0.42807086635285546,0.4254795195768207,0.5066688651309103,0.4394945936881608,0.4121030531597652,0.31563994655247213
0.6400009742997983,0.4844427219379833,0.4335354440291109,0.4573357847977092,0.2985631241129545,0.6937314461672268,0.6351593526847754,0.47867314644785125,0.3669348997380534,0.6880038590818769,0.5039283102774903,0.1887171287553789,0.2694663382521195,0.5049897759809259,0.6639186373205671,0.6050651830067875,0.5146774792405625,0.4916407880145657,0.40083357704993894,0.3090220020102056,0.5608953546465512,0.5201166981617098,0.6848262078053962,0.57849771846147,0.49406929550841416,0.39368923846354165,0.3573453686829131,0.6170811423753919,0.5399172278383219,0.32025872703788916,0.24917340451334088,0.6433028495496027,0.6052217237140608,0.4738677141444106,0.5892129619594302,0.6871117181846672,0.5392906424286206,0.6989677136285434,0.7323934676423427,0.6507255932100381,0.4719841316844749,0.43183054110043706,0.6914872293717916,0.45927267234480135,0.41781843825022297,0.2945008898814599
0.5870398803630692,0.5957810535433551,0.43020875704547146,0.4050946193951411,0.2949181063590818,0.8575446080435033,0.5713343844346418,0.511964721849856,0.38640271729200454,0.7939104563829485,0.6134448080951621,0.23365749680044154,0.2831919508441603,0.5171341799592268,0.7634587265484922,0.5709185423532991,0.49880273444635564,0.4844493680219305,0.40130121031251637,0.37823814156311814,0.6019891030366814,0.5767903896347549,0.6481422098262877,0.41814290563027545,0.7551968045406271,0.6184526658136789,0.3466614120985605,0.4225678178091109,0.7023762529746902,0.34397380011285794,0.27071735298865757,0.49035617151802513,0.6314644349010837,0.49639478829034805,0.4868143919784945,0.5574115289696571,0.47021939074085534,0.7220318740125974,0.5698053360115738,0.6143860754436616,0.5167196557674243,0.47069354543438213,0.9128354694492209,0.5317824135616013,0.41684787902529813,0.30945419405297686
0.6232463777380046,0.6734043122914162,0.45485552646520955,0.4147876641670389,0.3011346681759288,0.7488838993409278,0.5703395225184857,0.5572072429579903,0.46108967448416355,0.8178316122048092,0.6621735092519868,0.2929216268211459,0.3562786970330977,0.5640523166187028,0.7756794204254769,0.6354337180064235,0.5806895700401089,0.550837854428247,0.372406222226603,0.43872157514554305,0.5317034221305799,0.5392481356730553,0.7068283626728774,0.5179666489423267,0.7729177581337823,0.5442243034680222,0.38106016184503133,0.3925662618009155,0.7504757506970963,0.2745529786161653,0.31457790468083713,0.4155317245256709,0.6379152162898957,0.5099867663272553,0.45824233481683074,0.49364316801154334,0.5969854244209498,0.7058272373261023,0.5141633971254504,0.73670328484673,0.5531415653021685,0.5589650795192562,0.8786171606886731,0.4348925028092157,0.2702968800804233,0.2931434475449438
0.5866493440960864,0.690411576079582,0.5237477964749658,0.5115843223100752,0.34694870263917144,0.6631215788622125,0.6317911071476066,0.62094880258002,0.4664952256894014,0.7942024037713231,0.7126753927644415,0.23231565640978377,0.38089251294306953,0.49183770396498,0.6778532743392601,0.7947469166053419,0.5343215964744357,0.5339264261029707,0.46335137986294855,0.32403729368227,0.4795224248992721,0.5868522786127368,0.7449556059319246,0.5498695577384455,0.5198835641122556,0.5792361527176749,0.49879499926058163,0.5741191522730773,0.8382150036816862,0.32673523286251394,0.4044560909858418,0.4290981134622939,0.5922306230203803,0.515261405942863,0.4538136215961826,0.40966595215238194,0.580843809633636,0.5716399411883953,0.5337050932778076,0.7053010770024382,0.5118356228202217,0.7185143510091626,0.766176753307549,0.43742552367634774,0.43044853133644273,0.3925591454505319
0.6498506613867447,0.6954306487604802,0.5050453305146253,0.4871454223776151,0.3507985417715208,0.5481358522041815,0.6640030844417062,0.6212808029363339,0.529338013675956,0.758057447343873,0.7979365257360916,0.2445028400975877,0.6174976427481438,0.5857644176781316,0.5533631600906365,0.7448534425996575,0.6276328415810304,0.7563457647647538,0.5817801936408299,0.3226006217087419,0.516491734048797,0.749400115328498,0.7327822206432852,0.6134943104920031,0.40879916027454155,0.6192185170576587,0.4739854661750273,0.6026815042187016,0.5650635697353266,0.3953947405493282,0.4630341078327081,0.439682834985044,0.5980162143485205,0.5607958088680514,0.502976538486341,0.5227794698901094,0.6883996108125087,0.6744350317204812,0.5375261754939624,0.6599306655776129,0.45991048685640207,0.5227134084920333,0.7566869869486237,0.43930170010919845,0.48696131199360077,0.4357271948431492
0.6567936102024222,0.8015592609362409,0.3870396318313035,0.48468265583629605,0.3453753686116773,0.5468132930731663,0.6678089310539514,0.6345105639097143,0.5066295570672613,0.7879599769798619,0.8286426151160843,0.24442118717402753,0.4468970155701759,0.5704856406838705,0.6920227482864962,0.7132736617118549,0.5443501497417117,0.6601385150018588,0.4884809945264719,0.2934583909230193,0.6281597663956084,0.6734783374240623,0.7956030581182587,0.4721052128426133,0.48816096677754406,0.7095813824885117,0.46179479030393417,0.5588229733347337,0.4955023226634333,0.3621870184708658,0.42777353238081417,0.44726923817272346,0.5526657907447741,0.5302164286522312,0.5970073292938771,0.5608174942246517,0.576669412017754,0.7506912390753053,0.5280488742727873,0.6096718085853641,0.5028075497913734,0.5056438470716399,0.845468644269954,0.44344980906475145,0.36851198565287574,0.3968732379706989
0.6869800868898259,0.8462518230454653,0.4257031389661272,0.48875792111230937,0.39835339184639185,0.6257228488756009,0.7039425268418945,0.6635759288650359,0.5043897668032814,0.8493233717698748,0.7865720407114226,0.3436186591302058,0.40245798576129166,0.6083314938237763,0.8354585839011388,0.641219084711871,0.5146710471995951,0.6498982135879413,0.5258716635711526,0.7557343703107636,0.5508236466528713,0.7156538544872147,0.8255368992267914,0.43046471144296,0.47697086679833534,0.7391114295721156,0.3848211081955328,0.5628761624520544,0.6223179524831728,0.30377927887584477,0.4112819643566327,0.5566024364038279,0.650429065663742,0.5301506376020344,0.6261573482387074,0.8569677840966504,0.6825805526128066,0.9443263787860869,0.6827881084883786,0.715910717493538,0.5505829917828696,0.4569933887777571,0.8851615221846525,0.4352534751593139,0.5405868692440123,0.42408600100569593
0.7274441284127339,0.761071246799301,0.3967155092169726,0.4673249461361573,0.3896644596407257,0.6571671600313805,0.7375485943471818,0.6633180700548363,0.5308343783499023,0.7921467238953753,0.7920496716379839,0.88420422622884,0.44619656027198507,0.42633150531211633,0.8811684345787005,0.7196996713624505,0.5810418698960226,0.8409657860614914,0.6150170342514818,0.8325212948233499,0.5997807694922582,0.6833706848117217,0.7635378217247616,0.5003378829409301,0.5027760956145578,0.600063376177975,0.427977144943308,0.5780334289447913,0.5803812723753068,0.47406423414341714,0.4312643890980077,0.5935624751421905,0.7204576801334244,0.5723425397479711,0.6589864658165897,0.7450114721851624,0.6161547165483253,0.887274315436351,0.6608555328378269,0.7464892012317159,0.5227465500778333,0.5850939413635274,0.9708479507761946,0.47536325607878566,0.5057381314048026,0.3786712667604649
0.8543654006964396,0.8210050037558198,0.4065084662635093,0.5324786581776845,0.4092128092639442,0.5184310242967571,0.7093542021877001,0.7011890298023734,0.5698035710358965,0.7483785688256148,0.6162904643598808,0.5143135113966477,0.45647791191089426,0.6661848260329808,0.8272396030523921,0.7776749286093674,0.6857718980309209,0.820207911490005,0.7864361912134841,0.5447063272337079,0.6568245711718504,0.6499145477910134,0.7474824435335887,0.564137015197304,0.4185754526903376,0.6422234757767085,0.6087216884861838,0.542007855213833,0.6177298950475424,0.4950986501778619,0.4078305868414635,0.7583133614832827,0.7437024518750821,0.646885064391413,0.6166931348791235,0.7044723961390341,0.7775970135582196,0.8479838165166238,0.6793736604861379,0.7622468998280897,0.645460033701883,0.5712562669195019,0.8968317386601228,0.5411206645719288,0.5086325485202619,0.4231452543516843
0.8939848311883067,0.7950421903787781,0.6298500805770766,0.7794502220795312,0.6479728478596272,0.45911315573489486,0.6217735220358944,0.7971794096801598,0.7934999971848079,0.6101271266103195,0.4087011757889364,0.2841958698088487,0.7093959247588627,0.6805519205998123,0.7724365799192332,0.9448947456889172,0.7230017022446131,0.6706978395038785,0.7278295043460604,0.41492253920385075,0.9094247701876492,0.565215428088047,0.6207030303494881,0.7671786157561304,0.4040098682985774,0.7221230704052222,0.779541145764896,0.6567577924750471,0.5380309708253189,0.6136562143331135,0.5921221456906546,0.898660282466474,0.7179290478982369,0.6928918407081999,0.6541206998787454,0.47127581355471954,0.8530659108433613,0.7644310657190502,0.7382180820350025,0.7833319769975254,0.5863487400108314,0.635362950273746,0.6685209932526219,0.5092074022770713,0.5640975344599493,0.5609078103338692
0.8663899597154557,0.905735320564795,0.8421124872375291,0.7729662584036647,0.7838011997671266,0.35638866293217836,0.5949901447464895,0.8821175935473051,0.8100906600815577,0.5974188189887596,0.5000141479558006,0.2619191200516338,0.8877998833380313,0.4696629571383914,0.6281545933291728,0.9492764770898141,0.7040281323859784,0.6279038596193771,0.8214162320223903,0.26781702027042736,0.5276734747449624,0.6746436028730494,0.5531260712846561,0.8979727543249605,0.36355469676302166,0.8459425256458494,0.8781628077780881,0.5661632578508352,0.31234572044973136,0.47388272982903745,0.6412100518931979,0.6159900750008722,0.4935599762840025,0.8657857970320271,0.6711358363651755,0.5053938633877099,0.9466085567544987,0.6255762785391703,0.736425247144688,0.5689958959394742,0.5579902252154398,0.693825780217304,0.431116929006307,0.48593710643465166,0.5736824062285824,0.8257386574339125
0.8907956319251484,1.0,0.8982754853620324,0.7265767429200053,0.8193529897357352,0.3447740904733663,0.6165326612656009,0.9197897700718248,0.86151688722716,0.5675464372648416,0.4995378849907077,0.2820914151911076,0.9684659754836306,0.5439502671355771,0.6108161023549911,0.844862129134566,0.744460577906044,0.6375402338703543,0.8316011553221182,0.2540848322431823,0.4765112458540953,0.7047056660947502,0.4019531851517872,0.902444362373673,0.4778509183315828,0.761056768257082,0.8629879781837747,0.727061135550898,0.25802976875847417,0.5081364445099853,0.47430777232252547,0.5180024443180198,0.4920451382608224,0.9645552905075151,0.7891264940257682,0.4866992643342121,0.9648152456740644,0.7029574383460678,0.8085352737579712,0.6583687919331158,0.6800454049612393,0.6464642325740799,0.40091183774763683,0.6803764229301972,0.632301274765011,0.8657110359371952
0.9398979770979144,0.9266714738530107,0.7966708452704292,0.724286522215063,0.8472346850421937,0.3308130253066686,0.7769434272016686,0.8189761171793252,0.6319899814917505,0.5245579094850191,0.4456986019742188,0.45090852899860534,0.8275757335537243,0.6101808879627584,0.5326290299072737,0.7794124137009014,0.6046819963770311,0.7420480381969061,0.8542009009019463,0.26758766222846847,0.4972702271015347,0.6076080831271874,0.44162465164682024,0.6856478571513794,0.45499035292808865,0.7510571935659249,0.7970122937812034,0.49730810088735034,0.22101442666350596,0.559261607775569,0.396946853337598,0.5049939671293833,0.501918366100568,0.9321686813244613,0.7917204494154408,0.5586275832405868,0.9612217229858511,0.7664256304152789,0.7125993977988155,0.5226606148004412,0.5881007727779319,0.6990540983503751,0.5041171944530742,0.8373967999211072,0.7559796293291974,0.8305960345516868
0.9518192403150646,0.7796484504121041,0.7080004571603161,0.7033046079807711,0.8362924455135742,0.31998968835362906,0.8495345627728996,0.7493629516451588,0.4494718631846595,0.3915213149906757,0.40108950637451335,0.23402314001863714,0.6881199672367636,0.5404569558358938,0.5110720493663491,0.6895322134787836,0.38842549613819366,0.6049221053693268,0.7419301511265275,0.15796584678009284,0.2824683279489586,0.43498023773262856,0.3179936515346662,0.7027988684256453,0.32490802549480124,0.7654395653929956,0.6304145686061112,0.42646373362483214,0.14071055949653624,0.6577873117984459,0.33337097831070023,0.4114223228373516,0.4226406695361308,0.9629229225236605,0.9999999999999998,0.34677432199886843,0.8005839357518034,0.7684395749769296,0.5515346160892242,0.4327524666287,0.6441686749611699,0.6365700360590467,0.4784835848508363,0.36786685240300354,0.6246185353983222,0.7418678072546286
0.8174843949255433,0.5877263150750336,0.6354485729651669,0.6231950155681579,0.7946443238568972,0.28044927487265014,0.7799417750498845,0.7166622522450152,0.36200801244167224,0.29951547012961904,0.3874039870404737,0.18422531801786574,0.4898871518643443,0.6405554838281136,0.49219242075678316,0.5855570346081599,0.35321903780390884,0.6301848576059497,0.7411389753070002,0.13275201617833374,0.24219488168072317,0.28039620361701867,0.27626172665006965,0.6563165520201534,0.24111715679672047,0.5485188746788765,0.5215527822064241,0.31305029717121086,0.15137926352241662,0.6912862079561859,0.24788879834920038,0.29983567248824594,0.3498998487649322,0.8870502783027535,0.9399560959202254,0.33955359453520956,0.7373566758488781,0.5698883800578588,0.4055113660844862,0.3760616168567905,0.6216003576501463,0.5267318335401712,0.3819890454035652,0.40512253782061786,0.43633029302126664,0.6457159202857023
0.6549100041228442,0.4412792150446536,0.4594439735216531,0.592046372380866,0.6806694169581755,0.16212968815824075,0.5877207291538464,0.6513984066738072,0.3038008170745118,0.28448433648479277,0.3162630696816287,0.18827152340511327,0.3803286937478524,0.46071788758178583,0.3010549423387767,0.5625989825466075,0.23469048710879867,0.5931684379857671,0.6144435400979879,0.0787111146244655,0.18289618360897567,0.280046230116314,0.21394629785528751,0.616084526525275,0.13388796657928373,0.46226188256174394,0.4128184038980086,0.3174223682690326,0.1250155197238962,0.6024346903476733,0.18237905677544683,0.26318561623027015,0.2914300619343168,0.717256439872179,0.7354909930011755,0.2644586817676426,0.6195416458150254,0.5300096992804563,0.3197352713015127,0.3593754893513575,0.6341738763144008,0.46486304831950775,0.36816033732413916,0.3079851468145769,0.3776720570548424,0.4890862099270297
0.5567096749191751,0.3520927205364342,0.37029936066497937,0.56852694266322,0.6125985661310183,0.10124168395705689,0.4833508687729957,0.5206748223698732,0.23485943555948255,0.2250751697461891,0.29543928563460087,0.12235508661229692,0.15764313213842976,0.20467107123498496,0.2501742304326955,0.47574660483332354,0.14412122359208615,0.558704923042258,0.5502537167846943,0.12025963581216714,0.13061040929504067,0.21174123979415038,0.24935656719113475,0.48762168427313524,0.0993364129495678,0.2945081607687835,0.2935755292452939,0.26780844039463714,0.08048359619710821,0.5130057133070316,0.1285923771703424,0.23596053503066886,0.22208933205776635,0.631166572395865,0.5859505558742564,0.19662403446575832,0.4758536783875786,0.41705122878360323,0.23212549227490326,0.27919276382698155,0.515749268504373,0.40243068343348704,0.24883208136815424,0.22741269953384716,0.2733358472500798,0.4508599398713057
0.4624420572509839,0.24826381667115505,0.3195889269568735,0.3791668599201528,0.5406884935869353,0.05769103474576556,0.4363663697656491,0.42280435261848204,0.2180816851913289,0.1567050198833484,0.2618058483874796,0.099878853745469,0.13552059032094718,0.10211628806751546,0.20513708832144842,0.33902269799638995,0.07628742398648021,0.346691232001992,0.5289761529944204,0.06747725656279888,0.09895147910587035,0.1816441788477877,0.21651968149467465,0.3411383453564977,0.09878849191899369,0.3094750834280565,0.23747703792553834,0.21510245430159713,0.08412643800789858,0.5124728113119816,0.10312943184378495,0.17158117960962593,0.21607145609060432,0.4990617471545344,0.5043755222117169,0.16627220309852722,0.48942368715663936,0.2742712455229298,0.17514748498401245,0.2960452857985395,0.4577237319551705,0.3195005462151456,0.14895001202666272,0.16303062962815876,0.21204005173244816,0.40395514626984036
0.4068947092781285,0.22498064832743514,0.3060565275862064,0.29039009790874104,0.47583164392726685,0.03369097124256866,0.37088741571747813,0.3623273932499939,0.19969039453798026,0.17307440625125847,0.17858002111673163,0.07898167450017944,0.13290171390787428,0.13703357111606418,0.16064344046846252,0.24007823040978327,0.005770703356372458,0.32096645597107876,0.4636042902166692,0.08793020008873295,0.04167554864049882,0.14150463326750623,0.20754824557603357,0.2641027190147012,0.05049808742533164,0.28275478911705665,0.1465470445297488,0.22113404870423214,0.05345333554694877,0.4155842007537783,0.05150401466538231,0.08887045127356996,0.20400387373972256,0.488778359998926,0.40322196450714504,0.13487242318057654,0.35289049510926085,0.20822082650445134,0.13651470686008182,0.22958671998214483,0.500592715008815,0.2793721505687166,0.1666436584311085,0.16666320590631886,0.22252202761878737,0.3316445323513948
0.34292212606029204,0.18479728315815708,0.2904855973475477,0.23915967296330093,0.34375068628567096,0.023107046730288905,0.34974893725225253,0.32631116835840146,0.1581455471517344,0.13442016485064298,0.13453535510616124,0.06176709336258204,0.08679977514791026,0.18404062578921604,0.10249610569579479,0.28931880003738664,0.04517982258993308,0.19549907855241125,0.3509047972001877,0.04345125105205536,0.040281360347548416,0.09045332660030792,0.13461195129980713,0.30237383989372185,0.04979128938184675,0.200420853584545,0.12162575552515731,0.2073541300062966,0.05306535636336929,0.35153402448784055,0.09251730938197042,0.08418677074379974,0.18632710863791035,0.4352421573944505,0.2471087216234354,0.10061108217420014,0.21031609144465174,0.2180375387690478,0.15185577125400795,0.2675707573046338,0.3063042809776443,0.2571525667954947,0.13447794764066462,0.09376544548807311,0.16847686392575884,0.3304709907215592
0.3419393694438783,0.15090520412895378,0.282241334918117,0.26611061924690904,0.3297033414641187,0.0319190666697885,0.3507415637164069,0.3070200468509295,0.17687860539975464,0.13115320963730295,0.14349175640627207,0.05975256730503166,0.10259855001154172,0.10952581532116898,0.16389577739758238,0.24364966847814556,0.01436092998505738,0.13282419053243652,0.40658883285695124,0.03366458687029835,0.0879850798866578,0.11679058299287498,0.1562949703059281,0.24870045329826962,0.06664275394399803,0.24502458332460528,0.17965827281957786,0.1402930367493055,0.07802076158697085,0.38277398751207165,0.06147800252692475,0.06013345000840417,0.1919460583064876,0.44512152361497637,0.1766855339694819,0.13002518142082317,0.2655962323559379,0.1312511291030189,0.10508275642217198,0.2787582742928919,0.24210562484988518,0.25523256332451455,0.13355881270464776,0.101047040459253,0.14942793635476703,0.3549646413377881
0.3884246470277286,0.18421835108450288,0.29855286754256405,0.2916828295013334,0.366741348830258,0.05515564832973649,0.3553882310114407,0.33345735930524895,0.11980190010091017,0.17810745693310015,0.12646668980968057,0.0754143420169258,0.11692502742569971,0.06423242734689416,0.199183954250137,0.24507655339898893,0.01036563343297071,0.1707295130106657,0.39481208283844416,0.054934991159406275,0.0982169307159785,0.14656259554112222,0.20852615400156788,0.35403125009051367,0.10497312647551235,0.18626703332453878,0.15536472710781632,0.14993440671492259,0.08205097005743212,0.26583104042094446,0.05553123328589684,0.09816855731853436,0.2041130553508407,0.43208929357821607,0.22599465950421355,0.19440895892977705,0.3674595270809523,0.14589212648387745,0.14568822498780482,0.2689907983720179,0.18029059360712907,0.35050289174940646,0.14833369719614317,0.19382514294017694,0.26255197095539956,0.3287535495922214
0.5561456160829893,0.26188148924645344,0.4204325003461009,0.33172389621669507,0.45131144876810037,0.13226586414855435,0.45544598379511264,0.30869713110113467,0.17046376988308223,0.2381575161967581,0.21211458990382076,0.07657736886655328,0.1637329164195642,0.11776084650215579,0.2181830468011167,0.26469221518662955,0.12939976653272536,0.19614537307963295,0.45966564082800837,0.10615993912055696,0.09853471007607861,0.13773942991274815,0.29014155533403774,0.35321843970505373,0.09413592424909079,0.30478544153241083,0.2676036500086174,0.1641984930814407,0.11359839492026713,0.34732819214529276,0.0656440594265087,0.2328515012308688,0.3063822139377425,0.44562992958294145,0.28350935177215547,0.2558486428436359,0.33956656930682944,0.3067142308610706,0.20900574494539192,0.29917821870173217,0.2863087281252385,0.2777257793314502,0.302860574216005,0.19333062315414168,0.44626324636716036,0.25602299922745747
0.6072112064222771,0.402687014646634,0.4391437902859038,0.43612106534255196,0.41968834827749935,0.29340462219988084,0.5622499441631349,0.4143548720041855,0.2993658136006078,0.33481422978754594,0.33383156457189833,0.14689625250407587,0.27269935327076794,0.2511721893929017,0.3005873532851575,0.40375505381094046,0.08554226342384057,0.3225431484651698,0.5640653470445408,0.13100435304310615,0.20385190929691696,0.29896981519562327,0.4641808450284925,0.48621786759416397,0.15003108798640846,0.40409555454455304,0.319267758579097,0.4710958943425505,0.177349149837017,0.39433136853393036,0.1482486427786952,0.44000156363553466,0.34269722366713545,0.49485983704881037,0.5163194325323843,0.41982580234060146,0.4717283784894341,0.3516608313823688,0.47074031284796364,0.4253421275132203,0.4459313041790353,0.36738759415622707,0.4107798051775123,0.2939478264855809,0.4404867488143353,0.20984926023073355
0.6617480532943025,0.4979250330825461,0.5018707620522294,0.4735564583305141,0.3852989974587706,0.5507887237349764,0.6600073744315104,0.5011844202132144,0.3737035331722524,0.479329540185836,0.5336623897024644,0.18256335957934502,0.36450808370497384,0.48060696158443866,0.3695220381123834,0.4530711519520325,0.241587968000511,0.4781484433396045,0.5373459302794128,0.2384779691516373,0.30779522495427825,0.4312970759993095,0.6108905627782658,0.4635556229757035,0.4057535313452194,0.4456121296440413,0.3520636462152295,0.5030949037086117,0.32102424754547176,0.35623827400524277,0.15915948919358838,0.5781793177648217,0.46609586946254355,0.5736043097060357,0.637998756034257,0.5826826678251638,0.4822262265894392,0.5649117969252837,0.6302791155763233,0.557515146099332,0.4324430972373637,0.460583392316113,0.5000891653829487,0.37940013827370367,0.24660022770090861,0.30245441693267633
0.6133495348727487,0.561907710028729,0.4811197298895053,0.4810279983343236,0.36824258329546844,0.6709021102937432,0.6364447375468603,0.571728480955987,0.4520817280774823,0.5462493790135919,0.6825727935943711,0.2633422713691722,0.35729039695070836,0.47231940000835965,0.3982120344404374,0.5539289148168035,0.28082967249004154,0.5430036464212612,0.5515857277491976,0.3157103730383933,0.3608982838594985,0.4855448429710938,0.645047480716153,0.5498697066552458,0.5773045047597386,0.4798632584482957,0.490397738720976,0.5250266370358287,0.34638998328473003,0.4284561426970342,0.22462751032485687,0.5002558883085626,0.5223040021761672,0.5840756776590075,0.6065434021687759,0.608564441245803,0.47778368759893736,0.6250380567176247,0.7609797464672508,0.5259749376750217,0.5860298996020308,0.49169927305065614,0.5753586466346695,0.36167973071056464,0.38434608384637226,0.33335735351030193
0.6702246383547306,0.6101303220018534,0.49405812301428925,0.5274476404233142,0.3762279324575706,0.7091992292428188,0.7107441397426091,0.5872653441155837,0.4535905035102825,0.6097621585533148,0.7736133270706237,0.2937728957856001,0.548196647026947,0.42400435155302424,0.4951334416557476,0.6422718259399228,0.3645830424422759,0.5890540343714868,0.5277476824308641,0.14994799058034372,0.4257523405527501,0.5087452470201037,0.6771810600908664,0.5669468318732018,0.7433074609602159,0.6812160596628614,0.49624855358079784,0.5812556633841707,0.4201134384247019,0.4453002912887829,0.2692847126316082,0.5261336630860758,0.5596438239766149,0.7286508366424393,0.6136158422012524,0.5403181071628841,0.5793893322203183,0.6900503221944383,0.799509155269056,0.6728740119756716,0.60406061454603,0.6466488069006101,0.6768514252407495,0.38190354807796006,0.41021748876628156,0.3738168960095101
0.8066258573849285,0.6460466986582144,0.6112855765532195,0.557681585760206,0.40813604227501543,0.6762252987467374,0.7521045246884984,0.5941193959281792,0.5376217113865935,0.6452823942698203,0.8396889014303669,0.23689206775953894,0.5064849637830249,0.5544106984012243,0.442465842822526,0.6921198091117097,0.29459139532195355,0.6012988525305385,0.6472406513397354,0.34785611081161477,0.39323679238987497,0.5475348751721653,0.6772027125241132,0.7164187819499993,0.6344195943215901,0.5890036590434294,0.5917560570867664,0.5513369265608646,0.401548888366294,0.30438132632327947,0.43705378343064727,0.5209929344717984,0.497848539025034,0.6554575675850649,0.5857721384652455,0.43860544369505505,0.6179487529036709,0.6599485382463631,0.6967590317808403,0.785848972551487,0.6378874947740161,0.6956854072939607,0.5229081578613182,0.3613163132348666,0.5289963225406675,0.3283746553517892
0.7461257067601058,0.6525380463633974,0.5859802815823525,0.7027229349556695,0.4123680050938805,0.5231403183505635,0.6433270520742311,0.6403532343891408,0.540253842635032,0.6607136967851733,0.8143173369545534,0.2538893079891752,0.582714506700187,0.3330018271353524,0.5631378205356145,0.705442175301441,0.3535513537248575,0.7057052827277748,0.6627012347368307,0.353648053222547,0.4400977337974699,0.6719330205110365,0.7992512187736054,0.6685316568099671,0.4408672708013123,0.4839716429100902,0.6400199501547938,0.480205192211264,0.3986388444868367,0.5434780052581852,0.5388220162276078,0.6097795063243491,0.5228199683205025,0.6537360053356313,0.61016520180076,0.5792817157806287,0.6552796541291634,0.6676147429476624,0.6325573806189877,0.7091751876683386,0.6956781258587911,0.49193256702743776,0.6419809861470216,0.42361775755486614,0.47356821784542286,0.36612778988631445
0.7401365950994749,0.6767770650768007,0.500100788416769,0.5711734730941119,0.39312867718150846,0.5376921745158129,0.7896499301161384,0.6595537970483628,0.5263394532106436,0.643502620674164,0.8800425787813987,0.2645296818035803,0.5827403118606482,0.6169540270961407,0.5382388041371463,0.7085197298817141,0.29322059950424295,0.7642840392014267,0.6002238758256712,0.33605765314408464,0.3916420058799438,0.6912277875616665,0.8060400989970505,0.6992311562531526,0.5575175352658317,0.6276276298773991,0.6370909150517945,0.5460807750111709,0.4409278609874572,0.37194882014344394,0.4345592467041922,0.5977510692514325,0.5243425811131925,0.6146213937548545,0.5711981606996781,0.5743323869345643,0.5653220861613786,0.6949604155434566,0.6156342328763071,0.6820800112540922,0.560527850107721,0.49351002506554903,0.6838034517314621,0.33241885272977745,0.6212375543104758,0.3635657167673405
0.6855448333859661,0.5959022167143948,0.4993758988804536,0.5183235528108253,0.38121107280468947,0.507633064479159,0.7739871450480538,0.5947910217717436,0.5666394881178598,0.6716069031097383,0.9443670257449847,0.2855879288830204,0.6037754959350566,0.6202497972864882,0.5347340394219198,0.5862854452628911,0.33937498941684024,0.6869262899188363,0.5926738374040132,0.32361512823913013,0.4904081733212621,0.6440180790205221,0.8011097985115126,0.6689219914321929,0.6175673854845681,0.5970074005177112,0.6707295738473771,0.6735729795563498,0.4408284726149958,0.29761805915052786,0.410543806559044,0.6001493470125121,0.5911429730452911,0.5716075332316564,0.5248299184270868,0.6650937262434212,0.6243356745259764,0.7746963655000528,0.6510594629659872,0.7204635257600861,0.5486657449963449,0.5210658207818936,0.7144350046742424,0.41819162831604184,0.4430153064907339,0.4166235922854863
0.6508709219542984,0.7755674984799934,0.48859025778047943,0.5369424003629786,0.3677373288866398,0.5346587872863977,0.642584536962326,0.6838934384549749,0.554267758570754,0.6030638200985121,0.7734000942496555,0.2731008647117757,0.6615618142594488,0.656996885906806,0.5544503066841219,0.6585732831821577,0.37470307094146066,0.6499419803239538,0.6158168199799022,0.31462492177940105,0.5342312903948853,0.6169123290968362,0.6427874430297488,0.5313022532031236,0.5877465337238166,0.6637826971938466,0.6215528993566087,0.7177225734726975,0.4202052748767657,0.286103783524793,0.44591664830279376,0.635289969105721,0.6157815824383333,0.6268659941433189,0.6321165662306362,0.6379536940796544,0.6549956250524072,0.7587254298878409,0.6154140798390666,0.7606273287833147,0.4747120709619668,0.5065154727783012,0.7149606694077215,0.529494562888384,0.46557763535155566,0.4300481761678736
0.7961538452154993,0.8120875151793546,0.5436738635804241,0.5460237478036102,0.47559239268069586,0.5243567395847128,0.6706878578539787,0.6869406192274423,0.579749590691747,0.5917275363056591,0.6581495422200941,0.25815412229678775,0.5937189891704946,0.5459373260198626,0.6716714602671073,0.7399816159053958,0.5966661977374543,0.6961780805028946,0.6042179322155657,0.31652037596620436,0.622502429477574,0.6489347258944749,0.6433759634033948,0.562330118919922,0.5001452668465786,0.6910260850190215,0.6861392739889586,0.699355122945463,0.3605597516463998,0.3987874161715224,0.4279856662119825,0.7322592259094414,0.6250238179865748,0.6905619245827661,0.5889443036103895,0.6155237297897326,0.668509269845865,0.7867343977883243,0.6595283313609954,0.6913528854350911,0.5099635663694458,0.5818497418531647,0.5922778689472904,0.5610357432173982,0.546875409712476,0.40748359553186486
0.8470993390742794,0.8433354258553952,0.6236328626677747,0.7573230998250846,0.5538551563603754,0.3283616537424406,0.5853557662239647,0.6830173849682885,0.872573258016485,0.45589764078742573,0.4949633345928979,0.20242696732391052,0.6717740808846866,0.6952333413749192,0.5400167837007082,0.8588147850243735,0.7196627825100275,0.6548740949047743,0.6593594011562394,0.2728337418211819,0.6153442829096702,0.5421966732989744,0.6252045524852412,0.6261351867975564,0.3632894680226748,0.9465907936240056,0.7299026299630569,0.661442888453076,0.2663230801279836,0.395129321803699,0.6965556532418606,0.7849914003026878,0.6082890198219102,0.7289675045662842,0.49925500215111107,0.4929321882675413,0.7509038652849499,0.7013319943682998,0.6370152170040627,0.7235036248286251,0.6173727698606986,0.5384849095730654,0.48375314118909246,0.5195242922757766,0.5849212278249398,0.5447633378622766
0.9145046775157099,0.8675393184756057,0.8026946262340113,0.7919354202000666,0.6763396806149912,0.3354986546994102,0.5891254789979479,0.703382690853539,0.8815774626188634,0.5389645791993016,0.4948203182846841,0.22523321764820367,0.8150734058428825,0.5210752559026337,0.524688960345178,0.8778973938074682,0.7479337414120173,0.5758762175676858,0.7858137950083398,0.2225061762877881,0.45120615622447946,0.5723594224326034,0.5098171339723335,0.7735747557821051,0.3572356109857403,0.8024352483857307,0.833540033837927,0.561069480028664,0.2976774115614068,0.37787231283678985,0.6364737559761525,0.6362667676709325,0.5184708644086542,0.8983209035985755,0.7612572279514898,0.5132171101279075,0.8037066790656908,0.6617919750510688,0.6411059141001548,0.6695721005510566,0.7055068333703032,0.5818411406887523,0.44938645694851354,0.4989493074949178,0.7715402026203344,0.7038396158997322
0.9207773918086113,0.901397882477226,0.9825521019413559,0.8406692473748445,0.7966461123894045,0.33963575631631215,0.5601657805385687,0.6729354838324247,0.7907628997636804,0.5266836837750475,0.6137702225041175,0.28580719969825263,0.787012339098867,0.48452202532518757,0.6167209143622416,0.815795497646479,0.7502834059663035,0.8155100693153033,0.870026219908817,0.2802717754821153,0.5486112214997249,0.7816746084181048,0.464858754131762,0.7505600442640159,0.39045294228357524,0.760614807715213,0.8612962469415517,0.6211685917504464,0.27597558362574026,0.4976072652823723,0.5419905929670505,0.618906641058078,0.5274587337328095,0.9192113779883797,0.7558800384903106,0.4724115113011991,0.821045795793376,0.7227110285076671,0.6897274827473182,0.7674185687160902,0.7428328627731623,0.706013865671044,0.48497790164087834,0.3943786102621914,0.7690715673701636,0.840664535811492
0.9153485535083892,0.8222120852567447,0.8442172283411136,0.6785907851437263,0.898745448938065,0.33152253406027365,0.6947473590720465,0.6546061767060639,0.595180613383576,0.5239614683034451,0.5992178714725821,0.3144350760230119,0.6789952635372575,0.7127744407782768,0.5461932070137232,0.8150074316144098,0.4454980141367756,0.8655299171736497,0.8133047149943297,0.23853647490314142,0.49048268723041855,0.6577325201250381,0.44660676614502565,0.8205998374914105,0.3989097536536864,0.5986997479610162,0.7320136247186442,0.6170798693548066,0.22288636285297916,0.5097185435440883,0.42695836916909674,0.5208541394903977,0.45904592199817273,0.8361568761445923,0.8095260282009465,0.4046187757061706,0.7732621659025191,0.6889646728192267,0.6698360783500326,0.712842492197533,0.8146750401317452,0.7091055914108731,0.44698975709179173,0.3345018125097005,0.7714738074006797,0.8799525465612436
0.930664873207578,0.736606694584353,0.7550308193921603,0.5863930551383932,0.8430948847458497,0.2561938059102739,0.7905904302458158,0.6689558554761895,0.3583578060372334,0.4321261246678933,0.46847213059140025,0.24780784898999905,0.48055093582850383,0.6797777544877843,0.4430756225435387,0.8221335055093157,0.35471946500472734,0.9999999999999998,0.8646753457696075,0.17598291970362018,0.3436603226367486,0.507954574938262,0.3021044359598794,0.6887107895034529,0.33042808257725403,0.5103291670470823,0.5739880096644522,0.4502185420611987,0.1549020672263038,0.55324642910262,0.32821450252344475,0.3927570373672262,0.43468031421499354,0.8496167084731486,0.8583567647604486,0.34632805954999185,0.7815891877833907,0.6716941433129245,0.5259148620692957,0.4793980486672293,0.7850924539933034,0.5788360891102067,0.4408229182849654,0.3449629715239533,0.5970554854091548,0.7831992102625515
0.8194544003005585,0.6306615023374623,0.6974842777542422,0.5555365096258945,0.8064709966231888,0.17523773876967735,0.7178824710122226,0.6694202353385742,0.3574158239167116,0.3585633065126944,0.41776783750390156,0.20681119904829118,0.4660140698971397,0.6648117001429004,0.4154092386574558,0.6864575146218186,0.26574270172497927,0.7729917446181398,0.7714544962578828,0.14913600483961456,0.29792487015992797,0.40493193735798055,0.2668027378568274,0.6872229996598347,0.17636240869416372,0.47056610224517614,0.5113663209606876,0.3549140128109478,0.11800199315363552,0.5050855489433368,0.2799882915697658,0.2994624851735658,0.3869379105725429,0.7359585869527078,0.7968484347586327,0.2831170073879332,0.7560483977221026,0.6714727615398449,0.448005629857298,0.3894844843356992,0.8455340146310065,0.5185132989037895,0.33416137240326965,0.32576463645876685,0.45182345514287486,0.638074537372761
0.6926142069418946,0.5406531010752459,0.5321222877030022,0.5075592805395267,0.7000863505098142,0.11332746758757618,0.5612152787012319,0.5560549451187515,0.3418866925194882,0.2633892692482797,0.34438246683899837,0.211915257453113,0.42844417529541895,0.33117360638058846,0.3247256929606359,0.6179600035112222,0.2564230903603848,0.612515268858733,0.5963270228272505,0.10435107653078654,0.2760338202399321,0.28929582487130573,0.25791250918842684,0.6593933278772962,0.11181773918296839,0.42004588921962405,0.4973704970132207,0.2692574662692118,0.1323841929980066,0.5956001720315615,0.19287193570760824,0.23450805785885595,0.30049270632611547,0.6228078911359874,0.7483511312095258,0.22257434249793964,0.6501040816711978,0.5452820960904673,0.32129462015969706,0.38034116249494754,0.5088084878482118,0.448057896999934,0.3037862827465167,0.31106688921780434,0.36863599066762676,0.5408792843096736
0.5889355096159976,0.45302912076961876,0.44906236889611406,0.5271394655082199,0.5776510712397004,0.09656773561116364,0.4988175898460502,0.5149269415921605,0.2676794179744285,0.2209839110654826,0.27661902838959607,0.12847004328407174,0.30030056616642653,0.25570812174248514,0.21728000477833068,0.5365447788212783,0.20624519005487002,0.4692483693760886,0.4670485538784142,0.12793820466178796,0.23215838392120286,0.2551381685883452,0.2789057796853121,0.4146636695501807,0.07049005868961256,0.23511616175190445,0.3835905832421267,0.2577217465877754,0.09914842477048254,0.554283662602695,0.1481829203715463,0.17163461689637147,0.24635767732891928,0.520978967772845,0.7156479443480573,0.21282310158674037,0.526564875190588,0.5282744823636322,0.3258492127417335,0.29898086375973787,0.46142353719589774,0.38825279173675464,0.23107757887331828,0.28329794375448897,0.402434759296562,0.45834386260123283
0.4386110637758843,0.3517445488593149,0.406015623529706,0.41451600552007883,0.444163297160167,0.09240432542256419,0.4161654151615603,0.4300055898741081,0.2239748518904278,0.1252589765136489,0.24091097244358095,0.12003683213065384,0.20919268131509636,0.14035518037171008,0.1677340614000466,0.4180590367497321,0.18601792451375143,0.34529413490831073,0.4437368601136092,0.06015228518692765,0.10985029625817819,0.20337699608696755,0.22600454982741358,0.3941463765904687,0.07503437617015145,0.28676973759620894,0.30861405725135954,0.15357583821440124,0.07147786139857956,0.5212349050548966,0.10848299923965282,0.138073549499331,0.23413031393521255,0.44056996092957734,0.4742475218235104,0.1741721169245753,0.4644549052909201,0.36548053517373413,0.2842140343823519,0.2948210437669606,0.47725057349991123,0.34831880013849176,0.20055829481682133,0.14054296264625843,0.1336510075482256,0.3845767340929082
0.3464978651880115,0.2965593820488406,0.36595834221231943,0.35710547422067385,0.4119054857045913,0.07765563398317661,0.35127673544168836,0.3790496327553385,0.19292697272810858,0.11737711398614256,0.16987460448989208,0.06471303076425126,0.23959879422205846,0.0033467310361201263,0.14767740660869902,0.282641344580639,0.17206931097160952,0.2545847169182448,0.4255985958685777,0.05649059396694112,0.10995391299183618,0.17331632323727605,0.21129150859875168,0.30719749333437607,0.03780591056855116,0.17004443015166154,0.25324842083729493,0.15319389395896155,0.05949044619943386,0.5244926554189125,0.09424740663249453,0.07499963722297527,0.1933146887790221,0.3670441281100993,0.2710984353923839,0.16025245153087764,0.344784062191546,0.3856993835000049,0.24455587190533107,0.20919884973344877,0.40020451044074207,0.3454392930800638,0.1118893216740695,0.12620112093433491,0.16571863751739574,0.32958352394481877
0.2936811599071234,0.28455770177370565,0.30430572959496766,0.2509437941884787,0.3280899067308096,0.07635697139151938,0.3029940722045738,0.2927698203749476,0.13844213682208997,0.08318406116341345,0.14110995870594495,0.038813291040315,0.11525775189976656,0.09632854275207706,0.1710618740849679,0.27225741892831806,0.1463896660759846,0.20574111221495334,0.3792368944593483,0.04046358249785308,0.03479434740043786,0.11212931135521526,0.15899733506304908,0.30822736754310226,0.03453193962556089,0.26640891168465186,0.17959704227580883,0.1687872161141704,0.038022430326808965,0.3160041358875136,0.054279269284034294,0.0682877639881112,0.2154336470471926,0.3319614687780335,0.24097778417757748,0.09434468508781982,0.23375383210142459,0.25584614703585834,0.1491835918246398,0.14837488469493826,0.2825346214317115,0.2867196490621382,0.11259953609634936,0.12088370877394666,0.1992989675760493,0.3000989216405769
0.3016041652751752,0.1534378377666251,0.35463565185772755,0.22228692144294648,0.3273269103783134,0.06346890306354164,0.328873732340064,0.28666896317830926,0.1370594446187423,0.0903473731174518,0.14356431652580737,0.046648635529849644,0.13485094720660715,0.1449672040839139,0.12831996125448344,0.29076122290814377,0.12099148328649265,0.22337799174470768,0.3888989047180876,0.02674463573408612,0.04100690986108569,0.09500330895461302,0.09088854840542378,0.31112808416636134,0.004782369508225845,0.35759956571615215,0.19988412197460417,0.08847936744950102,0.06136577425507103,0.39424877803191516,0.04324848315709421,0.062013656769247166,0.22404673678660697,0.425890887490837,0.15746605779425027,0.1448926479294656,0.24864291686690498,0.24420057559490005,0.1972960377820604,0.175070428795749,0.32410532786710783,0.23899992139250864,0.10408907921904494,0.1413138545693798,0.17355651236915604,0.30120057366317426
0.27863627953669035,0.21979552988668755,0.3547500404539888,0.23720373057485167,0.3749092758530288,0.08627483895233569,0.31097256967439646,0.2985659618197509,0.181589639333895,0.10227358330914169,0.17625146615008916,0.051567128438132465,0.0758126200690721,0.09012518092703942,0.11630664587346073,0.3060658460990846,0.11421402404254641,0.22133330249486094,0.43771308062850306,0.05609705381469519,0.03526455118919151,0.13417703961837885,0.1836322575961291,0.30048322046738807,0.02095946037740372,0.301321000416489,0.18296937946538358,0.19456373862506476,0.06180965775679212,0.40494848534107014,0.07135000728154661,0.0947752055342291,0.2407382857629255,0.3935449586782453,0.1652137694479594,0.13531957756053611,0.24567819056199608,0.23681064747964453,0.2047335395403117,0.21723725602536256,0.3834873629313984,0.31525675998635333,0.1278921918728873,0.12156923860877053,0.22643776818734818,0.3138949081941696
0.4304808192405294,0.23659568619822313,0.4227333581869678,0.27788085494175657,0.40749497723645467,0.14877235153866714,0.39204285394872257,0.3192839155389244,0.196033757196882,0.1898252441373738,0.2542101780338968,0.08320157228178618,0.1541542877432968,0.21976586099354523,0.1302262905612555,0.2563287499112069,0.1442273033482873,0.30237081904871166,0.40269889876112264,0.1307259217443984,0.13714096324450079,0.17964015964621483,0.2413191448145161,0.2905628180191116,0.04169968215328325,0.23373478255101285,0.30705279029056404,0.18817172012287586,0.09579056071469567,0.49778748478806945,0.09808076378880728,0.21518278772476881,0.3151558212618,0.48756432629703267,0.26668342420836083,0.23480622473639315,0.3034702104114513,0.21835391106052454,0.27233277720193866,0.23164377085864693,0.4305041177661783,0.23683619169079978,0.3026736179823426,0.18710804022750932,0.2359490110424548,0.2854922664827795
0.5476238029315306,0.42379545842575933,0.38371332292465854,0.38196462175728774,0.4394366510026795,0.2785881071780016,0.4196854340531261,0.4335271728993063,0.2840607175645461,0.3043794598486583,0.35264433011200824,0.09141954696302099,0.23980801293063667,0.21327231656783435,0.2105535804281831,0.3217718671026794,0.14495170607609772,0.358588645697288,0.5372046248029554,0.1600074311882962,0.19979559335639818,0.2936009436793086,0.35883253645019125,0.3159083483209088,0.13946580945548756,0.3382938729831676,0.3271518661904487,0.3652429139368147,0.16949744338867007,0.5087198529613691,0.13371215849676826,0.372865281280352,0.3846692976660563,0.5315711066277501,0.5375185657375073,0.4177388513214575,0.424970289081654,0.3183113957788444,0.40925857188062276,0.293897472353981,0.5155271787230091,0.39441544153336083,0.45193873015103236,0.34450252503144824,0.2953489044698694,0.18644794373660437
0.6408327870879922,0.4666354109823582,0.5032376159852489,0.4432436886820169,0.4344854357040244,0.5319215222282265,0.6003378710443457,0.4749143850594629,0.3618110935383684,0.3927862376173554,0.5528107207879356,0.14921842271381025,0.22227430425925007,0.2654523196510197,0.38731884614145895,0.48817470766007837,0.19881019041651263,0.4721521566145488,0.5195742980394409,0.20325823206107452,0.28777350971650567,0.4404900485811932,0.45470790428700397,0.433402329812391,0.45576717539039713,0.35946041694285846,0.37736452073197946,0.437812104420364,0.29187507690038367,0.4060807351317543,0.20669562894416127,0.5337316476396315,0.49187597963817553,0.6168843362912052,0.7032609593827794,0.5616699428631966,0.4724206321715882,0.4722495352248248,0.6042423963142208,0.4237450860118186,0.5462957485395254,0.43917038758342003,0.4467296872253594,0.34414261154950526,0.3527459618325989,0.2596108896027126
0.6442980517027683,0.5142786022612424,0.5235960214554208,0.46794140993630307,0.4125952808469533,0.6942630346700768,0.6665660756154869,0.5623909915546678,0.43461739128863797,0.4556732430134336,0.621861617870118,0.1969610463373036,0.2528564627018858,0.30080477033027125,0.3395780269291456,0.4902876200560811,0.25555578425991243,0.6007353338660496,0.6468954847743326,0.2752426069333479,0.3517053946782842,0.4636367218335928,0.49759156193459925,0.4271705191127498,0.7119430271025342,0.45703498054540637,0.4463840539744363,0.3883133191337486,0.36486409901335226,0.3577839574735671,0.2653661479063658,0.5423718624173596,0.5266396547562578,0.5633218281629792,0.6969458804891487,0.59933161599087,0.5608408868395635,0.5426131899450602,0.6459065701674239,0.5920793022363816,0.6847337699178555,0.5306800338301398,0.6331426858021036,0.28787438859634085,0.3601520769449622,0.348171623996872
0.6812038415991732,0.5848548436358011,0.56096888055263,0.48509582047177574,0.4398592108119129,0.7909523259681451,0.730187927492343,0.5904839822616562,0.4555122075709617,0.5448919989103956,0.6426226619961355,0.2386489733222726,0.35201454847636277,0.3623022097043592,0.3886654879702178,0.5243086180676256,0.31368701402764065,0.5712397649165085,0.6330790213517969,0.23889754855607917,0.28657672410038787,0.49454369777601626,0.6928886369328929,0.4800065000175262,0.7826752543681105,0.6219026649774306,0.5029340810916951,0.5717230429062686,0.3513549217906599,0.25450723231289174,0.28071197501713924,0.4707708587456464,0.6360431702152319,0.5821837168784794,0.6350883556099312,0.5973242985031871,0.6495316145313127,0.43745604237929403,0.7597395313947265,0.6393699446726798,0.5965848784179284,0.5876313206832366,0.7134814446748172,0.38880011158663885,0.3824156132607323,0.32778598031699213
0.7375551460417862,0.6887594251104164,0.5991733618178544,0.5948990731183978,0.45880075415918753,0.699477399160722,0.7441384914559676,0.6408917858399986,0.5213249007085561,0.6295949583107253,0.6689920317139137,0.21657072278832012,0.4501954331123404,0.3677698818925697,0.40966079169416425,0.7222348696172156,0.364639092879601,0.6048165516663468,0.6747480781141455,0.29731270370493396,0.29182205154439284,0.5645568477674194,0.7369455425768902,0.5612785657161438,0.644257220002561,0.5463535254359356,0.5685737732581493,0.572138053663085,0.3277162789618023,0.31477503448909283,0.40970295129494366,0.46130968922024174,0.521439388590171,0.6965573541493031,0.5981121762552724,0.5559194174169757,0.6792179399184205,0.5340964405415466,0.729840430427581,0.6926050659221706,0.6740480991198311,0.7102671633390729,0.588243945635904,0.39551147183989144,0.5869949517770039,0.4057511772410362
0.764752000935239,0.7243025033832838,0.61627607791524,0.6185206073417739,0.54472527671743,0.45241645290061605,0.7791131008136116,0.6283098624342729,0.5886348512917303,0.7386536130590231,0.7519848375529632,0.25545639662335207,0.5753190060671782,0.45805161120376664,0.4793606238712578,0.8072117907293951,0.34918338553495265,0.6427077962412981,0.6986247510906881,0.2510164416705736,0.31104615223706933,0.7203980457889575,0.8159406992279702,0.6491604663759423,0.48742523350032874,0.5645657028827945,0.6710686640756571,0.6568843196516536,0.34978932314584055,0.5153655600349184,0.5123991045060657,0.534857587101024,0.5507684875445453,0.6814520441336845,0.5615718380451272,0.5974821191462897,0.7569034283116817,0.5345396849305122,0.6682105465666708,0.6668464592789002,0.7664708197310935,0.5569798684351231,0.6071156844672423,0.35598253140493724,0.5105713469960294,0.39901776975748177
0.7382242600846307,0.7599828502738378,0.5130631570318491,0.60936686212289,0.5245546572851371,0.4628841191675295,0.7316915441930185,0.5593013192957629,0.5312616113043545,0.7098538273298535,0.8990905569399424,0.273654260430941,0.5206590893413009,0.535904266216171,0.545877134272973,0.6551344047661366,0.29920836102130177,0.9627087882084262,0.6972281345289,0.30301715348569525,0.36596678988368814,0.7760178462832574,0.6149549386543813,0.5058682741431081,0.5622895954459957,0.575007564393927,0.489990522053013,0.7116781185979311,0.3728379983049883,0.5188720764142477,0.45461293283178644,0.5357025811779125,0.6517669849002191,0.6873850653261886,0.47068471740230466,0.5987702958687604,0.6552492567079947,0.6562066721038319,0.6234425514327683,0.6468267927359518,0.7615265987851871,0.6046307263306243,0.6521907528524408,0.3541198790131419,0.42611305459318843,0.482008197814287
0.7880136614621898,0.7131930938532061,0.5487999385442311,0.592614165384742,0.5291306766371678,0.5466382712672455,0.8265835663286544,0.6199993661918177,0.5902429258858728,0.6992797644469924,0.7625654395059293,0.29536332724484715,0.4808182491675528,0.6405794878102888,0.6417621745853013,0.6153546338338256,0.3072460408504613,0.9142219288780546,0.7974862371800852,0.30601403327905136,0.3405637091315726,0.6744613576461479,0.7168488622521045,0.5924558096573234,0.6240886568054844,0.5229294672912106,0.5050001005358634,0.5282490155638461,0.35718374821793397,0.35581985407825156,0.44081826743395225,0.5709861096540558,0.7014510903619484,0.8238109272783284,0.48350190695308637,0.6670770284630521,0.7275760164711347,0.8176389257653524,0.6725006752990903,0.7182209356153354,0.7798703733936011,0.6703530325516698,0.678088961520219,0.4099280721471484,0.3492630457832357,0.4836358899162863
0.8185464552321271,0.8004172462986915,0.5462316339516452,0.5750494316384445,0.4958969986289883,0.5154723886176094,0.7836951716299811,0.7433564811072852,0.5181259339203823,0.6997263611686524,0.7694595140848777,0.2893102644352373,0.6578206179096276,0.8785043259908527,0.5465941826691079,0.5553889714385923,0.3478577886864397,0.7238734620079814,0.6955034672626728,0.3326977713804169,0.3906182066042571,0.6371481322956786,0.6542050779436323,0.5687846579218212,0.5443283718676316,0.5562457286222847,0.5499140949016358,0.5451377002900487,0.3426044413827157,0.5001466071904852,0.3832023782998865,0.620698204096903,0.6866779025730642,0.785049746008959,0.6030860450959497,0.690510417629881,0.7143840868732706,0.8600391073933209,0.6002374468694016,0.677551122867389,0.7230982582400491,0.5602386716443186,0.6650322569929609,0.44440113473985215,0.4402204921771919,0.43940295854957717
0.8182138113929898,0.8416593062952076,0.49155632844632763,0.6006062730994355,0.5602514353972042,0.44664225494324206,0.7431294489523748,0.7606518172987962,0.5755873900133911,0.5732293727435959,0.6111882411766963,0.310521705225717,0.6107730225931561,0.6853151102962158,0.509192364689823,0.6349985489257347,0.35193455510257904,0.6920954551201223,0.5772889442466776,0.35750377478421264,0.4289288044101478,0.648638117366733,0.4923786188642721,0.5486209665868769,0.35338748094127354,0.6268383900293887,0.6006230274773053,0.49293144305520875,0.31931906742969,0.43802467716917043,0.42647796944083055,0.7210850926337168,0.6655931593226312,0.747279516781255,0.5133114649242351,0.681873191006154,0.7690936588276556,0.7505428085469372,0.6443699868497262,0.6759607059679762,0.5329998154281859,0.5734767841711217,0.63547660396183,0.4528826598107563,0.5054575026994708,0.4437192652504813
0.7939185510782539,0.7905880923718664,0.5799380311896128,0.7133667797147684,0.6720619053284116,0.315029293240198,0.6551528592672323,0.7157404817559719,0.6406939706432372,0.42335458876885235,0.44314786027525244,0.294455873829521,0.7163916153405717,0.6951042816178872,0.48507743558733807,0.7724535831666739,0.5854612149079997,0.5382379154726762,0.6160077081298261,0.22600907233557113,0.39898293092248144,0.4893242543364309,0.4786280208126326,0.6284570284782471,0.27798802586000776,0.6606862919400727,0.6806911371741163,0.3855556200589486,0.222910220856712,0.7907406339794231,0.5706942772918161,0.6843285293519832,0.5446665511264018,0.7644920997716736,0.5391449315481245,0.46500823045872003,0.8077188597558241,0.7043378857599611,0.6435619825792769,0.5596801484002011,0.8080915362725777,0.5964292578761888,0.48114878714548587,0.38450173062031484,0.6202207442232572,0.5662163032322058
0.8127225929328177,0.7672850637271393,0.7363876069934885,0.7178498349764181,0.7427312753335686,0.2635216651206143,0.7290033125979272,0.7602870735380468,0.6988523409734346,0.43381063170458267,0.45069705219081485,0.2774314603416027,0.7751179040983197,0.4527660374651152,0.47348805491834955,0.8382846562321931,0.6207135214265533,0.4889446498292691,0.6364222937862911,0.180473736466772,0.3235358988303931,0.5248156312223412,0.44522716535246004,0.752976898923206,0.2694432888151396,0.7354422598766353,0.7836523287994588,0.5282879754567327,0.24491571314740407,0.726504999355521,0.5099484475605366,0.5803367840742727,0.46377002420794544,0.7971882822885767,0.6164246934371097,0.44868633008460795,0.8086013826490503,0.5694903956585169,0.6089501384155699,0.5517077196168189,0.6187545656139536,0.6577904482253747,0.4052134089198967,0.37557917463498625,0.5550066271181406,0.7495906782249888
0.8894084350179813,0.7235234017686735,0.7505902740478329,0.7124345089088919,0.8132703440282666,0.23207062155577357,0.7345539743871484,0.7486096981556748,0.7556997096683485,0.4258913560624586,0.49056530146813426,0.3501772842868396,0.8033584774254133,0.6522773855157806,0.4283934035155418,0.7361866324764265,0.7168511922238112,0.5720411120545019,0.7092054646323378,0.14052615940723384,0.38470395435376137,0.5803463227316769,0.38679587521074343,0.7077994368247885,0.29239851773422687,0.635634886139188,0.7920887515873527,0.48349985647499416,0.21546756921012405,0.7589402608459133,0.412973808750341,0.5317924096605829,0.5275824093463064,0.7297253732527558,0.6946923103858892,0.45717844111594663,0.8571198295600219,0.7598861907413829,0.6925237689901778,0.6048833876414597,0.7158263076416529,0.7524491355333754,0.42509422299097416,0.3903015913932039,0.5317953027009654,0.7951623960359665
0.8509004821706948,0.6844665528033109,0.7862175788499215,0.5887792455225692,0.8679819535954614,0.213703185121965,0.774493885547679,0.6785306674536449,0.5407124407478938,0.4099862970636271,0.44752397426769447,0.46679773990754275,0.7347579058917514,0.6166997797765703,0.46895212227744965,0.699382693902693,0.46859169487684155,0.5307138813287265,0.8476693626411566,0.2175726530654927,0.3534411518139434,0.5035524445768748,0.38342289042993555,0.6019445821651052,0.2719299978114298,0.6051142742804637,0.6287513417045644,0.45653655229484036,0.22698822143672956,0.7108087308595433,0.3134400833597671,0.447918523410171,0.47272753965337655,0.7644847746385005,0.8053986632189223,0.4124531921215173,0.8554832280983006,0.7552154910654519,0.5702086647536027,0.5560142160430002,0.8004982859033197,0.6716851543618666,0.37565440601283656,0.3654196861204954,0.5065990028756246,0.8110989202810504
0.8378945598107536,0.6172358758527631,0.7098912358150038,0.5262286243863569,0.8441022796939287,0.19280654749638937,0.7362125417136592,0.6655706055846844,0.44768366099525725,0.32541138329749913,0.4100454992275108,0.27359551806405447,0.4649632092277544,0.3991770203161416,0.3827571946937045,0.7113072743925068,0.399030570605833,0.6135076637780108,0.7219999571749764,0.17861856438206603,0.1996780426067151,0.4381608661559778,0.347656166116566,0.5108251600520649,0.30538936719197296,0.5948307065005545,0.5881362525742906,0.437011520900321,0.16910979476085441,0.6426698271590044,0.22576380180746483,0.33725848479735987,0.441550331605034,0.8327955812762229,0.6528659767826002,0.3259455704347317,0.7113689478145067,0.7306096812977879,0.427560626361267,0.45406578041279,0.8571880475088214,0.5867993301939898,0.40663726842772546,0.3945919707771131,0.44066862146244673,0.7311803448109792
0.8137743164776596,0.5672381266682845,0.6044965841659343,0.5326136269700364,0.8089189854109771,0.12555890746229603,0.716579627835141,0.5287872027421344,0.3423316392770307,0.2827239715724303,0.32477861670513547,0.22580544600817576,0.33652526838998226,0.4652978312745834,0.3295031997762983,0.6430502290450089,0.2755950088374671,0.6073491161298654,0.6775925723595756,0.09903421636398946,0.17875025967729985,0.34409036734605697,0.3303720482136174,0.6603962281891642,0.1619955109376568,0.6155448886035801,0.5494558892407367,0.372196464045223,0.11680315351821882,0.7154690628366149,0.16123745010277857,0.2509154227791889,0.41623403261620284,0.8533562518949372,0.5485086328849698,0.27593319202979505,0.7567026736690575,0.5843768366962546,0.41967938264393506,0.30530681847473556,0.6825121770842958,0.5694081171786738,0.3060823216556234,0.429115771741199,0.4199237767107517,0.6333262147992246
0.6397506548527446,0.3932851716021676,0.4590849281719944,0.4161161202704807,0.737699043207759,0.08470965786233327,0.5444760087174939,0.5348072034757878,0.3013578239389658,0.28618750080790206,0.26294272324462353,0.2077498220817111,0.21887626764045023,0.27297751562705186,0.23720466075952193,0.5200232898300075,0.18266077138854508,0.5531553372339275,0.6594463028849101,0.12344802565951721,0.15035442040881136,0.2715445108296895,0.38385522625831914,0.6433244173376439,0.08780225786688771,0.44569275425128185,0.4913097915152856,0.26431102904435516,0.08466582047313256,0.5602373537849448,0.09116298931840858,0.22615406838400406,0.31653837842733895,0.5811797159731606,0.590368723194789,0.24335739875157417,0.5975012356839808,0.4596669915701217,0.36113582451620385,0.279785481295781,0.5104117518867204,0.5003619176281074,0.24605421097409344,0.39465877493279283,0.33701853574633084,0.5450135258670652
0.4711736441291854,0.34213698888752514,0.39364298677320986,0.4219595051248997,0.6455059338936028,0.08125933730848137,0.4384583882272239,0.49623984924278225,0.30353188886007054,0.19939121817768185,0.224703844117277,0.15904346850535014,0.24938402893994402,0.17393819209449418,0.2575656321245381,0.471304912346169,0.1817738449458469,0.4080348544986027,0.4859131194498853,0.062112263492770124,0.1551482639839822,0.24313732299964314,0.21624442753921358,0.51739175140175,0.053541304801148645,0.40432182590516974,0.33359891178430684,0.2734832958141824,0.08221412722895953,0.5668586241757544,0.08973186383825699,0.17058147865137951,0.28029405911867816,0.49925579715707885,0.5668830173684649,0.1890274774942877,0.5564192259293059,0.3862311815137991,0.2704967172381321,0.28249181267165896,0.3829841503079843,0.4091338095242275,0.2241008137418345,0.3445143666070314,0.2677589723865276,0.4180573156855119
0.323819676614558,0.2630353575390397,0.33395864173215173,0.385919850096173,0.5251947749536047,0.04807962934442901,0.4053446709893949,0.39638827563709056,0.22560019824704067,0.14195147976644343,0.14641749571972776,0.11214661176358699,0.1539661038157299,0.18273689204403243,0.13971765029730232,0.3718363802576244,0.08685664919219943,0.33129370994218205,0.5061575692458574,0.06578740623484092,0.13826105615378345,0.19206099240621594,0.19689933071157478,0.4424093706253941,0.04453081969097898,0.35621278177221394,0.27403237605913167,0.2480521665276198,0.07808146475770958,0.5201783322412052,0.06608915538276186,0.1458746510493827,0.2200358972772279,0.4972852678355127,0.34816087227580017,0.14938030906222158,0.4136346580329064,0.29668288608473153,0.20562661178332187,0.22238376846681532,0.3159065961698786,0.38615598793191186,0.2102649532682788,0.21862778523206092,0.2583329341817838,0.4200263436122473
0.3047476769723162,0.23615239792486448,0.31828261122458396,0.2780163485784344,0.4578749469743614,0.05033959472459128,0.3506918190584134,0.3492553550415728,0.17077085225767477,0.14191816382081376,0.126809568205866,0.0865421460469102,0.12249055649612087,0.28325263127328765,0.2155484908550275,0.2984388074600004,0.0677727050303873,0.1681302060428624,0.44400725499331656,0.05704162231065061,0.08981939686403831,0.13258941665427743,0.13962785820903717,0.28564717874162926,0.04054762245918801,0.2739974325233122,0.23543744579696865,0.170429254661219,0.06119346576628401,0.38241835042623107,0.06171493413436014,0.12370724678394707,0.14955231064821947,0.42224007359037075,0.2560845515228745,0.1213194514973758,0.3952155232148901,0.18085220315878264,0.1766034338620857,0.18525833674172823,0.32705617474590504,0.37746284347978176,0.18182317895664665,0.14931522580237663,0.1848805327677961,0.3451744928876944
0.2724491316854918,0.24960995217848758,0.2901478491805803,0.2377470919777977,0.36039993642679125,0.04238683848535315,0.3085273433560674,0.2998085800123533,0.12245573969943453,0.11261713305206028,0.12154816756050943,0.06641590885867214,0.16426991050381085,0.13099170966846357,0.1226497051348838,0.24600749295795277,0.10679450356571304,0.11559696095502056,0.3272126875850628,0.05786562402208326,0.06526892230816586,0.09774310206854359,0.17746487267182304,0.315263682394368,0.029842709449659548,0.22310358984468096,0.18659908519131405,0.21588658291414087,0.062409736724270984,0.3005131551177256,0.0658211131356074,0.13262920856757776,0.23843699896570725,0.42874438266912196,0.19323042865856466,0.08635627862243611,0.26318882623953616,0.15475725503958937,0.14214442882732203,0.1504043185303402,0.22701842660056526,0.2757475118392199,0.12273850055213749,0.16217567432400573,0.25302397683089967,0.31224452238037365
0.2814545103546119,0.18464586818206352,0.3261235972618705,0.20357821606722262,0.3536957185069116,0.0528338097028587,0.32228361269501,0.32388354884237175,0.13852466822367018,0.10576343163931909,0.10295394741999839,0.06783120811074698,0.13124644885469294,0.08488227931784387,0.08996242519901915,0.24298228655723675,0.04181884107772886,0.19020789254830164,0.3377508165833784,0.08123002449197811,0.046381730210903645,0.10871672281828448,0.1682451303735385,0.34616941009605634,0.05209099865066788,0.3072549632978815,0.21509347415258032,0.18682185217088004,0.06437416220765824,0.4502097090219854,0.03879355844289457,0.06788391119422309,0.25383276460156257,0.4757446285151797,0.08977750555425365,0.10776858287328897,0.2847299264030335,0.17996619993761825,0.13201106736435264,0.16248137602774182,0.3092973306538411,0.22363177110822757,0.17907206639622275,0.14831241868532208,0.24175836693864383,0.36481805924598
0.3197981431627451,0.2158591891701988,0.37509522160308945,0.20599724736333627,0.3897330707345673,0.05391898937683945,0.3387539580471792,0.2961878079948993,0.161537115554616,0.10464671096341158,0.13827540948338835,0.07220277508847749,0.1554960770480896,0.12588734096459106,0.1115147831681638,0.23721962243869732,0.018870871467185562,0.18901717004351112,0.44187175444536425,0.030832921110682233,0.007763480971478207,0.14221994466854826,0.15250261674042448,0.3733757939133049,0.0635374540402389,0.2936521365157586,0.2196599465243121,0.156018302356231,0.05310535848391254,0.4509348762465556,0.01169003985623731,0.10019584099969148,0.24586690606307487,0.3870234034245686,0.13047555249138856,0.12272455819363792,0.31444148932255883,0.1560318131127308,0.20368051897270006,0.16891128460221436,0.35637253945993025,0.34205389959951144,0.18835863547900167,0.16299076047659347,0.220090160763885,0.3710219173898707
0.5287539114292386,0.36711836529069836,0.4549238013138918,0.27521698270362815,0.4446339442392149,0.13321544083758557,0.4152047497171235,0.37518393302985326,0.2023147382497719,0.1662369861376875,0.18269186578297797,0.10991658180089968,0.18844716319649765,0.14852028608040857,0.1926940570752151,0.3019765948381509,0.1267961861372578,0.25077599914484666,0.45186779474090694,0.12301125596432758,0.15140713534184516,0.1771968335876055,0.3949525867747056,0.42899274090543515,0.07553647780577649,0.3512065088856072,0.325979216885578,0.27849744209403754,0.11727921960621088,0.3720562173177501,0.09633742213216859,0.3001604362710546,0.3128114340689624,0.5112136826271609,0.2935226472093452,0.305502564036733,0.3875169334247186,0.24828772441426977,0.31960561728645204,0.2606430886215408,0.3820082054910097,0.32929551568704285,0.23166474924325428,0.2515244337551185,0.2514834289964179,0.4034397132896342
0.8111663606360283,0.4332630055872724,0.47346427629996174,0.45219864724509484,0.38587144482610014,0.31035265363303766,0.6171995819558996,0.4676294916762904,0.40165350766438657,0.33230585644299016,0.3043551597117375,0.19993705472024162,0.2693306176181888,0.4479627016629701,0.41179566473190543,0.38626121794094687,0.30956040757580167,0.42278505212926865,0.5493687889465395,0.27352797210473473,0.3962900442813004,0.3385798115373239,0.6333596470689411,0.31991254198522345,0.1321730135498055,0.4313263997507927,0.4265085070197222,0.4243097916046985,0.2986493528668191,0.5158631927985463,0.1879481452425388,0.8241898848164467,0.5672690538316987,0.5831572437216009,0.556897097806827,0.5034523340562458,0.5495800101481827,0.48237642351386734,0.6283590368364348,0.4233174648326275,0.35735560323801097,0.38245107856200194,0.3520979906180289,0.4145069271562264,0.4401085974574213,0.37288554089965453
0.687904726452432,0.56726134883595,0.4553502047795057,0.4664260953206611,0.39991902613831687,0.5509428101673524,0.6236828816149744,0.4972971370443883,0.39892295735052397,0.554395659123172,0.49794774857958524,0.19394157018815972,0.293732726161961,0.41436660211870474,0.7569087055833827,0.4903535169209237,0.4881067324784935,0.6171926670848049,0.4916688707730897,0.279785707788527,0.4651834743136991,0.4536411932865893,0.7135546882302233,0.4344905273652569,0.41910341492336656,0.5724253017688403,0.38791687766633925,0.42539674458751264,0.5560115295763642,0.41354816301316144,0.22444937611317042,0.6945399088163995,0.6165884653228012,0.5499221183905967,0.5827489089584436,0.5214934308865615,0.4720990282395026,0.7092651948484929,0.6822210029410761,0.6926417786036208,0.3932990442079672,0.5231857236691688,0.6816642179521634,0.3930464911780608,0.3436948669995441,0.36822003554176413
0.5355391956408869,0.5781508673653303,0.3748489763321662,0.38765541526865105,0.36691628717441327,0.8110216904436387,0.5255432471215762,0.5281005210013888,0.31708635584219874,0.7489608065533221,0.6444661179579765,0.25390792865504724,0.31018383672565675,0.3247251374254677,0.7970735747977618,0.4900378237159713,0.4959578215091824,0.573653806314015,0.5345516748865742,0.3175975398081946,0.5355638827094023,0.4580159782718762,0.7499603378166483,0.2794773562587556,0.6603681405900992,0.831683456668261,0.3393037150728354,0.47223731353943665,0.5410503103614838,0.3729166689869493,0.24188231517873596,0.4731766455322377,0.6021170397368162,0.5548823302282889,0.461257661045387,0.40402776168713256,0.5526318418511854,0.6383735457863142,0.5878328221794691,0.7108294319057579,0.3757961551330967,0.5561174290818901,0.7944816672814446,0.32407796073585743,0.39911045577207555,0.3683143829528436
0.5599010577304637,0.6525820883547699,0.42288807555223307,0.49189106191396686,0.37573875503592,0.6766686138758552,0.521405652058507,0.6093444828546885,0.3439441864564256,0.7302284508992205,0.6437185045590241,0.23769109411706227,0.29569147192672424,0.3898274959133669,0.7869991071377539,0.5515931508158444,0.5028792691684268,0.5632665436930239,0.4728055383770173,0.34887242548656083,0.5704361633337436,0.5134350021217079,0.7330929688190715,0.33748852659784917,0.6707278896860583,0.8671964314047259,0.35474129550334116,0.4647537058654123,0.5882997954927344,0.536193664164529,0.283115789328961,0.4060735218492041,0.6889350677107566,0.5069116850459164,0.4064553874726463,0.3581585095770773,0.5349313233675804,0.6798898451048669,0.5354754829613514,0.6153533382126638,0.5866454270032871,0.6775291250056882,0.7647286253299045,0.30276087254436373,0.3288378893259569,0.3678973597426666
0.5864876005366423,0.6984584737165658,0.4579303220117185,0.44219984728970096,0.46999427840456887,0.6087817635088288,0.6186846964757267,0.5961228778015483,0.4277240099894672,0.7556621537437478,0.6478142877063396,0.25221087407361475,0.3590971400301603,0.4220772452974461,0.7319669837639521,0.639775842752233,0.6371942025254917,0.5227973913653636,0.4920079070088847,0.3079106957752749,0.5137544131917674,0.5121593350585482,0.7792602788729525,0.44829558370605027,0.49922733759789195,0.7763523698463344,0.44295488133154687,0.5536407657447603,0.7539194801502932,0.3310390907482006,0.35942556902716344,0.40209597831702726,0.6111997342995368,0.5099491604368525,0.4447473715866301,0.4190606890134932,0.5812376875712355,0.6229565888753229,0.4979189479503981,0.5853882385150848,0.513770278954104,0.7131654122118009,0.616527982361004,0.3151329968445282,0.4299671530634234,0.3388871112898062
0.5951349143010811,0.6714554848268123,0.40444621053492397,0.44882441879103346,0.4152947580361406,0.487836260178889,0.6142677742951099,0.678133274112481,0.43775174453242055,0.7622799190582196,0.6977695429552956,0.25797077952974984,0.46294289305854563,0.42769912261700566,0.6575678836069397,0.6354409316894593,0.6625170357562041,0.5341891009843912,0.5586951162140811,0.3010842173367915,0.4735707067929872,0.6165892169947913,0.7901518987290349,0.4976005012229402,0.5033358687905293,0.9189512928543488,0.509542456839228,0.5095583143840281,0.6422291713474255,0.38893928873995287,0.3855777895824799,0.4387785230246136,0.5800887838806575,0.5545055442716658,0.5358890025758237,0.43653982250074336,0.6544375047082579,0.5831995882075065,0.49771611789905695,0.6204638108179752,0.47258062082286884,0.5983061088675325,0.6712259794855674,0.38022179902373526,0.45927675800278683,0.3611500720777674
0.624356205641108,0.5367680825909027,0.39134653323869273,0.4077816566303641,0.41362132432443066,0.6027895399585168,0.5633456000752425,0.5972409118669593,0.4380946107422339,0.7589684952045813,0.6140624197509703,0.2565850557252427,0.5020920325135335,0.5177223742350099,0.8085751841376063,0.7090301121678214,0.5771597509856031,0.5856293709804445,0.4643933804865316,0.26558519177254736,0.574131041843006,0.6915788891569744,0.6991463512673896,0.47032988332723547,0.5625599324849778,0.8902185328345649,0.45280030957780854,0.5477237344461046,0.6088431921415246,0.3843873850182233,0.3763857449004934,0.46239827858357774,0.5905473960096385,0.46891154558195086,0.5401406669840428,0.4592094125537229,0.5948684503397528,0.7048803294903226,0.4634250940656177,0.7106332324794855,0.45554535470545193,0.49388853840526886,0.6961842395197612,0.38893312382843176,0.43216408750594576,0.3748543256551476
0.6300569121242195,0.6287947923728132,0.4412840832700876,0.41656352964614823,0.4192066129237506,0.6597186606494481,0.6302139165859185,0.5945056156747819,0.4912847244509418,0.8539114531068622,0.5842910238362732,0.22847647971775992,0.4223756641487562,0.49128842358444175,0.7342603315221268,0.6820155068182877,0.5427228789695709,0.5769371032070362,0.559614828141567,0.3162440686052519,0.5282492720602364,0.6573071438519903,0.7824117409009324,0.45229081514617786,0.5359439718078166,0.7741165025702346,0.44225186550500056,0.4385867760708956,0.597700725850816,0.2303101202052182,0.4096010887790573,0.5012826517325378,0.6033068469682019,0.4771310053017906,0.5387492903869848,0.5078663533131968,0.5253908767461902,0.6874296426908223,0.4595368290420997,0.701295482127462,0.37190850484714105,0.5718606785369479,0.7462125583890495,0.33329737163599765,0.47591194892129945,0.36816846081256144
0.6751175622194411,0.671529528304665,0.4221142827519601,0.40134676189674295,0.4612578652110052,0.597286167279193,0.667918566438418,0.5866204394352574,0.44917046747411066,0.8410373735572939,0.5567115669428104,0.22039486953080112,0.4376911890735577,0.41890531414186033,0.7605392155392252,0.642882101654342,0.5369332559173933,0.5152886464662252,0.5988271522603534,0.3605329775865526,0.5137319794647304,0.5190302873356456,0.5954348073053971,0.40509612862591793,0.4003241940630164,0.7739092556481394,0.46288727003308877,0.310870917173417,0.5568564057761276,0.3697878935219546,0.356616385147548,0.4506944017897885,0.6113549139100619,0.6321153743019364,0.5264115232743899,0.8508434229017429,0.5342929293627469,0.7320927871169315,0.6502712765366743,0.639279289017922,0.5068705429438981,0.585843352165256,0.6863579378218765,0.4059010523229369,0.3649973534163166,0.39868700125217593
0.8513451864677146,0.761092636841147,0.4536596575009983,0.4803640226475502,0.5123486198607105,0.5482280901977904,0.6837567441761088,0.5579107280495025,0.5305296769661973,0.7737425522932542,0.44331140159204147,0.19086908330741922,0.4510077469178946,0.4749044861515835,0.7871243139506511,0.6914244184587857,0.6592035299099549,0.6939751047306025,0.7477821414210516,0.41396898426466483,0.5891095742763661,0.49598764209204305,0.5376697747680842,0.5063694642111751,0.43505357201226963,0.7903824443332382,0.4891455980309795,0.4683010209409251,0.5495193251305935,0.37956800758472964,0.47760616444052345,0.6046609169319227,0.7003801513630888,0.5455072085809424,0.5781746299893988,0.5084956132696765,0.5953514385441572,0.7133590862443334,0.6097508917899426,0.628185166744617,0.6841820264037494,0.6384878628125373,0.6945393451688311,0.4569758457732124,0.4502571467184339,0.46405308950150037
0.8630331444663171,0.741012260460382,0.5571767020424232,0.5973220354946062,0.6374474278552595,0.3719816668834049,0.778950931129676,0.6530795216456747,0.6400816164168651,0.5609510735918238,0.3551023598878085,0.217097245328506,0.5772111752060165,0.5111040083374112,0.6397469000195539,0.7798171896877025,0.6125966365728354,0.709462444619587,0.6659266272708234,0.339131704973973,0.8208822814354749,0.5157747906002642,0.6352569796455748,0.6163848051826152,0.3309078369925276,0.8397764790790252,0.6773774597141919,0.5702017641868584,0.45324259832429087,0.44853937035279223,0.5416634718365091,0.6678285703841442,0.6214105156580785,0.7471580181295631,0.6682364909026927,0.4659462381681727,0.6701139731978718,0.7750538168210083,0.8082576344768454,0.5990435067282038,0.6652569165018003,0.5960712834459511,0.5689165366166364,0.5396915251403543,0.5602481596114117,0.6189595229610128
0.8577028232047422,0.7469177642541758,0.7118183552306926,0.6600026470593502,0.8198927294336359,0.2872889940140702,0.7594230434079556,0.7181247943139246,0.5499489804990322,0.4014350737162357,0.4237287226697876,0.20548840936619653,0.5434555879950422,0.5797916383701869,0.5753856539403979,0.817756080220662,0.6457186590625917,0.5653554249796239,0.6152084665397826,0.3007971528778262,0.49130179404975993,0.4909355506366311,0.4796935137695835,0.728046136458967,0.35244405753555097,0.9223700132527712,0.6071673486186606,0.45140516307497736,0.25900221795037914,0.516070785272117,0.4915546557599117,0.5153276167846562,0.5205904764166068,0.7985260156357077,0.7549778235760591,0.3604310326243435,0.8196228803375902,0.7324382149837402,0.678563678108832,0.48090460950119235,0.6394982526893158,0.6615351618807622,0.44086788033702634,0.44146639449321257,0.5953444410312683,0.8157015387478234
0.8995352543267757,0.7834844903532773,0.7702652757892064,0.6587169895433569,0.9034780681644917,0.2991773756265138,0.7594141358414872,0.7193439099409509,0.5004025291554655,0.43818425719124704,0.37751270343783117,0.29704042360744265,0.5441241320394761,0.43304905226594864,0.5259434112108533,0.7843145925018074,0.5059988777236933,0.5684158658882139,0.7556242391963617,0.322600178656278,0.3335596181090498,0.5073379495909225,0.41150017279954926,0.5850014031900721,0.3127832991691159,0.714530580016909,0.7324296061593748,0.40476449891998867,0.2108491339524649,0.40712053320887837,0.4028735417571841,0.38469636527102613,0.4625487133142156,0.854291645011992,0.6552787763319071,0.5578771845074172,0.7735603141614891,0.6068047607825127,0.7249533864647223,0.5313289151550432,0.6149434408562338,0.7069635763748537,0.4778324641922299,0.5546782614058021,0.5749541310674473,0.7829376096782654
0.9301494577546483,0.7866479116620938,0.7460110738220284,0.6584297601341436,0.8913834233488155,0.27726327398366474,0.7477082287612519,0.6774124022601815,0.4593163344669549,0.3679484059396563,0.35477202247913003,0.47073761239861234,0.48292142126665694,0.6407788892291764,0.4815390112369693,0.6774434422157418,0.46798078506447766,0.6565066606239787,0.7958218388786241,0.21680674951809562,0.2755227245108045,0.4257931853266035,0.3243909015019839,0.6882784761377707,0.2897372371236052,0.61642434913049,0.6730840840682514,0.3972987555963985,0.2042032355947835,0.47229679026892557,0.3695523644020087,0.40676233455762334,0.44089865355980123,0.742908231144746,0.5547645634747616,0.7729964355167128,0.7610289412789735,0.6896179488318586,0.6776208287687241,0.5280392898651478,0.7118705968744053,0.6604501897208207,0.38983244493280245,0.8009357646564365,0.5628473349706322,0.7119228764061646
0.8179815144459667,0.6730837127823365,0.703014256895505,0.6099583785106106,0.8389652575610869,0.24415113038121689,0.7176326550126719,0.6158261756599342,0.41883655189457153,0.3477366674497071,0.3140002224852732,0.25199947547523194,0.4284383831931826,0.28462771229685263,0.35286899558997453,0.6746299412835555,0.3099010659871397,0.6817562070758658,0.8348877661806862,0.1414927662064211,0.23289431439434605,0.3260187646369552,0.3711711083039094,0.5980799377057553,0.3326828884225314,0.6131235578282112,0.6043734255637667,0.38175872551428275,0.17481364589272413,0.49701266293542046,0.22960919597676113,0.29480092460094354,0.4362163581196064,0.8602901477035061,0.5782086525904454,0.34520703739866365,0.7666066286543217,0.6200211895412131,0.5789267233591473,0.4181767888978069,0.6421190130811246,0.6649245531670085,0.3205176057340039,0.39029354068243266,0.4088307790766646,0.6839001119111336
0.7725747330422923,0.6222785247963161,0.6450286513924995,0.5405347649396363,0.7928115408108155,0.1661212788515839,0.6332292869876125,0.6001294254521842,0.298329245877471,0.2989634798114716,0.2977821415770246,0.2054213343913389,0.37765057993289874,0.30724508905599035,0.27697026092686905,0.5939755226010874,0.21243327931647166,0.5917593443558451,0.644527241637602,0.09291810278118623,0.1461376923417328,0.24930699690101804,0.3546645993999671,0.5908370734382721,0.1940171657387583,0.5438323387226778,0.48365912226556,0.3602545397153678,0.10350668018144446,0.5033857504712026,0.1576093057661918,0.2331218525052761,0.3876411520910355,0.7995137291064611,0.6254245195495501,0.2692122917864415,0.7097329522644487,0.48399435335291907,0.4531552651916043,0.34922469101909825,0.686931987965109,0.5684438638433497,0.30314105247139433,0.40706081140547323,0.43129954503651796,0.5994165487687928
0.6377348845687676,0.5009656205367726,0.5202029231996731,0.4821406393133661,0.6639061041111087,0.11905249596175675,0.5514065614487339,0.4957830074066502,0.29342677545545104,0.2737524397044857,0.22783552107195104,0.1631959430045817,0.2679667897438916,0.27581930411799327,0.23554932252266822,0.55692189478207,0.17786790321634052,0.45687564648908674,0.5668725084196646,0.14497928611689942,0.16942997777706664,0.19264720574718133,0.35535159509508824,0.5549945178188512,0.08635616525487004,0.44871362938107573,0.3703827030930391,0.31933164950813664,0.10801073074317988,0.45620197426885134,0.12618687956597158,0.18834251319010367,0.33259262575896437,0.7162101458068765,0.44688378433936865,0.26879967961455764,0.7098799949530941,0.4724571524798794,0.35301548445182124,0.2622013390239235,0.45827049507349454,0.4732086714750698,0.20232122877617265,0.3517005428871785,0.5018530015914993,0.4464969139534529
0.4950370243991024,0.43939999108678246,0.44816414001121396,0.3795197790786193,0.5384773462832959,0.07718773595368082,0.48559688280618174,0.5073029376896412,0.2411416632064875,0.1794982720190687,0.2378891679482915,0.1332363914747368,0.22634792079961932,0.10305940838219615,0.1564511162263167,0.4562199388565918,0.1570494163982908,0.49189833915765324,0.505867203786256,0.1081698550331591,0.1545199814052892,0.18394979569957484,0.25866418181259165,0.44692604484573706,0.046119455595254946,0.45856854948975345,0.3124380706865101,0.29362691300491683,0.09111558921680035,0.4741447076278804,0.10608611521871927,0.12288949464064527,0.23517307634321177,0.5433145230904931,0.42663136183790185,0.19403601858440833,0.5915530475090071,0.3492168766601299,0.2343373534962468,0.23372955263655584,0.24887802933231068,0.45323115918795903,0.15793171326916108,0.24100565908812735,0.5066406087113489,0.420973427701515
0.38366754201386233,0.3086306729953164,0.3813268164826828,0.3541428203839931,0.43555495411255807,0.06327073347661012,0.43719744647255043,0.4670312484048283,0.17214181731279776,0.14056008149012825,0.17184988129651105,0.11995316583121278,0.19920812106869815,0.08954467853730455,0.11557514176808079,0.37751291443461626,0.15962138700991788,0.40902480157904775,0.516526092425109,0.060777473827522334,0.11911021739241218,0.1338935339853788,0.20019040824167067,0.3487532193395083,0.044453881350615426,0.27748578120983103,0.28279479080338116,0.22837948243995265,0.08215840377328772,0.46951574682222885,0.07666790695921019,0.10691952514149863,0.22552467828292494,0.41514219694164795,0.2933740142236769,0.15488943347028386,0.4585887799754295,0.22346957683301816,0.19592892308364507,0.1906391050029448,0.3498110019062094,0.40456394659322614,0.13449801967264494,0.16770069662048323,0.3891422771804018,0.356052979836497
0.33467233998649576,0.225826736940145,0.30967048645599177,0.2890942885362703,0.4321399077774215,0.029104848633227674,0.32019585910774756,0.44093225532801067,0.16199361621303549,0.14074460542030284,0.141233758156236,0.08576492623787184,0.08621669324174885,0.2107212387081897,0.11713617608326321,0.28298474290979453,0.1206682754476901,0.2984043319920963,0.3979164582026465,0.043368852302396226,0.07729322179601245,0.09633703308108853,0.1832541493827537,0.21594261239736884,0.036778701834762006,0.2888332748373994,0.2051807787870423,0.22540812021904888,0.05732553584300959,0.39349286287202656,0.04958027391548565,0.09640790955398498,0.16799177851871344,0.4194531898663209,0.21902584072401993,0.12966064094445026,0.40683341539115064,0.18387893477840733,0.16344795571068543,0.179566262258904,0.16288254586407702,0.3148181042448696,0.1426359005214306,0.1465811785488482,0.28473232695623635,0.3164167367169754
0.3060430738354796,0.21157827786247374,0.2942340499543109,0.2010277726880526,0.3331605598255145,0.043594808167424046,0.27793136531214563,0.35695374738188773,0.13323142237092472,0.1175565113727017,0.1458421709259861,0.06520299759583875,0.10529868938282227,0.2418115357149314,0.096156660912495,0.2676206358175165,0.10415333467098709,0.2452731492771726,0.2838485795720133,0.0770108170498261,0.09570463254786599,0.07831522564205032,0.14201238211203898,0.24953761921584616,0.023521977798971284,0.22266165733197976,0.1574226854722643,0.19492492118666316,0.06235035338753159,0.27989345210011335,0.055366677778356695,0.08688031856298287,0.20124631813490623,0.36684149842098673,0.14965376644702827,0.1380248793921519,0.3529825164026436,0.1784857192057745,0.15783644916205414,0.17515441749222063,0.145594870851798,0.31151275631106257,0.09742858761624995,0.13180548501426126,0.19493052799926003,0.3169155223320895
0.3080872834601858,0.13154583797301825,0.37083406966051863,0.19297200824282149,0.3746888504926983,0.046414958209768556,0.272417646595748,0.35796796370113926,0.15295482225719134,0.15985440784264068,0.10308168647088808,0.04609277489422667,0.13060891311462888,0.0006107704355418631,0.09579439791924621,0.30025146269497266,0.04596670248773872,0.2139900003570126,0.3625663354791343,0.043007632869124145,0.03345096083490753,0.08033566754204571,0.17362569306387032,0.3174237466055219,0.01310705629497809,0.2959913698401364,0.1994865256366924,0.12557942122472632,0.0463138285362039,0.2526653294107425,0.0695747107762523,0.08975295043386736,0.21573223142558837,0.3974880906660294,0.1427360814149347,0.13639032809592286,0.3888190940607708,0.1650419602301893,0.1936164352395784,0.16210713896365894,0.1373311965209651,0.26154254953433,0.14066041730718418,0.20218724428122567,0.1416246518651573,0.33761232733510554
0.2979731813337551,0.19190034011235288,0.37873105325242623,0.18322936291187703,0.36048895212121523,0.058748436558642175,0.29523233626258494,0.35566129447417766,0.1878312164131306,0.1469499507719454,0.14417860339165545,0.06740057379692084,0.15574550069992218,0.10927097165049393,0.099690656252095,0.28340738798938275,0.025946132505783082,0.14931872031425944,0.3177874565736266,0.05577124170746144,0.03041739449536427,0.10151762227078054,0.21871238814244653,0.29296774499135325,0.02415411633727934,0.3014075913029787,0.21411254439322755,0.14231879823859706,0.043655186070934646,0.1812554284972263,0.0657136440855329,0.11884496632849298,0.20261735786423976,0.40233532770290714,0.16974365335063968,0.1819770481608766,0.43790440096705224,0.13905146794498952,0.17042145174210338,0.18235768862434637,0.27815691283010024,0.3462268162872907,0.18822854943464604,0.14382650349017415,0.27629126595307496,0.3210072944080337
0.4895996261149696,0.34536673083158165,0.4875681163350702,0.28464178401813434,0.42344779069855054,0.14222112739956672,0.4321039816903931,0.3559977974836041,0.2347895184017387,0.2148254253970946,0.20818341232465512,0.10430575462190957,0.1620446257353901,0.20624936194619797,0.23437215932261304,0.3368481343926471,0.18910694022365201,0.2877506764402773,0.44958392507953476,0.16561622632230222,0.10024679055997096,0.16515630837280365,0.4232348174275968,0.3643491566830137,0.07609176290754173,0.3745378419612371,0.3130153912863353,0.269777261244034,0.09600746705102267,0.4107948815242672,0.11961712309976774,0.3185607780739127,0.2964852361668581,0.5223688870920846,0.31556843396497947,0.336367411513127,0.42035849923577934,0.2549339814091232,0.2717725970677296,0.24128371812069535,0.2887668709378332,0.3165945193932919,0.30316548053755377,0.25370419073179135,0.37948037303682225,0.2798335583581911
0.8030070727256963,0.3910609788853531,0.45057831332908754,0.42148824488104053,0.3915259201068434,0.3507488412979339,0.5346011706155096,0.48977284192507736,0.36958701068541777,0.36339277029437633,0.32601726922184443,0.2067694734579233,0.2096768610883099,0.6596174480816046,0.33405431935355867,0.4293128764650363,0.382683532166455,0.4455803341469647,0.5661749486452924,0.3137097367104201,0.39737317687086077,0.30999537502790003,0.5616981518613692,0.41205623111761275,0.12401299013717917,0.36347109483512563,0.37537565947206164,0.4168487144866404,0.3371615444869524,0.4198971448855323,0.19930355658082427,0.705348786997981,0.5366065197369323,0.5390330361637762,0.5720234818623336,0.5173081396550578,0.5376163336395562,0.44462433205761437,0.5910615354387125,0.41191503213630826,0.35053720699237106,0.41755744040958154,0.46648915966917254,0.42691407161918,0.32729621523184754,0.24402025715637554
0.6140384423751633,0.5175886013936494,0.4389120379961493,0.36321289731496165,0.299576532148779,0.6721955135918529,0.6394798250590322,0.5610594834124525,0.3699503064782127,0.5979367034174301,0.586593422010027,0.23118438538299638,0.2054904791899432,0.534863128663476,0.5830701097272889,0.563922332491724,0.4802769486820549,0.5145207609274374,0.5766416304375884,0.3714329218539917,0.5623317258009417,0.4374967045273766,0.8321714192661821,0.30258964027990715,0.416723247513199,0.4882449074965364,0.3397398738353789,0.5492347160743225,0.6405024747112564,0.28217984496904264,0.2871632034302148,0.608380776974921,0.6609177489030561,0.5228807151740456,0.5900592217494817,0.6696587069758777,0.4817179420850129,0.6437876328147553,0.6749892257884524,0.5977717497427839,0.386454294196309,0.5295592791834905,0.717008559272923,0.44107383447483683,0.47143359027023485,0.3350178639633554
0.5557019900497673,0.5825687324946947,0.4340975920830342,0.39583775141440636,0.2883393398247919,0.8165569401825759,0.5393339800699061,0.5886347705280621,0.4017173013968411,0.6993866872531181,0.5779767071041269,0.28350187659823034,0.22685803190934953,0.4945970172614132,0.6277529647481612,0.6054053001455442,0.5578389158483071,0.5191061009769261,0.5119310438081495,0.32957428622580254,0.572103931768051,0.4804056503186176,0.8290106441791262,0.42018092974327625,0.669345302972634,0.565281559522323,0.32765804068049365,0.5777510577142839,0.7559612964330076,0.2821910101679406,0.24874060113096727,0.4376871275293793,0.662515306877593,0.5859671213001577,0.46497114432664366,0.5471088643540473,0.5267243088048784,0.7334917588445828,0.6237454580154461,0.62915962209247,0.5576649610716806,0.5432923053390749,0.8705810074037772,0.4476108396582694,0.4466057682485301,0.3040618636116256
0.5829248039774242,0.6820007234151411,0.3956761514581421,0.45604587673200864,0.3413077695395649,0.8200049361859945,0.5668956497300033,0.553487291691669,0.4050193367706809,0.7464596644762992,0.5854167895902964,0.2617528144616021,0.366221396457713,0.5560875502115827,0.6827149889335656,0.5232983760130876,0.5721220344332207,0.605571209797637,0.5260048523374544,0.3646643897844808,0.5468631933118763,0.5352896460085306,0.8265815713664542,0.42596499706355423,0.6015117290103753,0.6574853084995536,0.42219324709045586,0.42091094822364306,0.7699763361788625,0.38067725084052556,0.28758093592921563,0.44373690208858385,0.6593496174870224,0.5763790620821927,0.44375300299897097,0.5486873237646507,0.5507226225044559,0.5896938623554288,0.5604756300467842,0.6393358537722511,0.42771389460965054,0.6102765416868167,1.0,0.4540178147088975,0.412173613673177,0.34035205953085806
0.6323055120247262,0.6032941628766407,0.4849803344260308,0.5206308601948035,0.4490386820830131,0.681897555589747,0.6375626969598167,0.5393254338547842,0.4247465423401165,0.7679403901973849,0.7026709503713883,0.2735580664556135,0.4758674224873176,0.4377632017972077,0.6195013527993166,0.6856676673923979,0.707851943130803,0.5202888289972505,0.45943258742505316,0.40221834590178795,0.4920075206679764,0.48608794334972727,0.7825343181471663,0.6111392921017689,0.428223912747161,0.733046224433138,0.5235718082722446,0.46668110798464013,0.8252911733351046,0.2572900963791134,0.44771526418428687,0.38761081494209515,0.6936587304265245,0.6068299035983516,0.4356557104960966,0.4833394243296691,0.5211210069728403,0.7213035365603108,0.568035358948204,0.6747829487144833,0.5063496346333938,0.6916983511164762,0.7831933264246673,0.3906931630228633,0.45501612103814576,0.3569064201617504
0.6055727936646915,0.661944756071176,0.4507999544977445,0.4632747411545835,0.4336244088717307,0.6048873286674283,0.6577741048929088,0.6212711249116196,0.4275547385698839,0.7051222246384236,0.7170236503671551,0.33073970515222695,0.48404491577665176,0.47895824189011377,0.5984863623728842,0.6489556935172641,0.7478657266993429,0.7438100392083715,0.42678204998181507,0.374452105587671,0.5468577427504672,0.6553550795270642,0.8008346480005972,0.6093132026874681,0.33110983744621403,0.6313865786818695,0.5259554013154835,0.6231231160507609,0.6318557198721564,0.3808797028422449,0.44670938809135396,0.44442781713813795,0.5848140604071043,0.5309689196290875,0.5208099888270123,0.5012838003396464,0.5629250213631731,0.6226159090285592,0.4534998817854577,0.6536959927292124,0.5145229927175897,0.5874601281307614,0.7541012578531462,0.49353281132187304,0.3881172019840578,0.42047640135575837
0.6274728905373352,0.6747793676949501,0.4109791142746748,0.48434912411450787,0.38608784462422396,0.6177093737256835,0.6928605128881674,0.5302595535804406,0.4264542474574899,0.7648155258444825,0.7924329293814483,0.28202245169637885,0.45057776990663617,0.5718947017007536,0.6868121096180407,0.5922909058825325,0.5681300239436506,0.6672696502624499,0.47536388167254423,0.2576827593182262,0.48655722222226117,0.6716260139131364,0.7076398436757796,0.3592150805171392,0.39496493082050727,0.707867429038482,0.48520666693028763,0.7117619115428693,0.5502226142746315,0.28501709350013593,0.4171744377963845,0.44843129084268596,0.647537068430088,0.4952641459640877,0.49186096321469375,0.5350950992491017,0.5450890155968099,0.6596726796248193,0.45662481866797094,0.651599292669568,0.5164365191928202,0.614157300441085,0.7696818461092244,0.43162860547091425,0.43194652742181666,0.4288593833499922
0.659978094596491,0.7104569669577946,0.40535379401267013,0.455107096249396,0.3957853487493589,0.5732631175822025,0.7119307075994316,0.5383463166364583,0.434201933204259,0.8135525154836778,0.6675826965694961,0.2886207944975387,0.43290907100715154,0.5170930973174628,0.8212135217854548,0.6549109746189007,0.5385824913755723,0.711355220729202,0.56614412831063,0.4024755561058795,0.6190933388332072,0.5700515325595479,0.6731028414970261,0.3863025132026773,0.4341290952917847,0.7183181973878815,0.4663138745187718,0.574158683368962,0.659930115345273,0.20277046916719363,0.3375106666748208,0.39442375476823044,0.7932958777791675,0.5229693359583633,0.5541499675285183,0.5332240353121848,0.5182382729368001,0.6870790803555894,0.48492352132105593,0.7397890244239699,0.5420759105203689,0.5093232088239189,0.8309220654314752,0.3506749472295541,0.3395315957884046,0.374981144050657
0.6700019589711322,0.6896429936785076,0.4064808893716927,0.3956375755281051,0.41329404170647444,0.6249942937347551,0.7299585754430614,0.5423191502121101,0.5486328181079869,0.8729023762264733,0.6498497887707287,0.29699780348237237,0.503013893067764,0.6281896262895277,0.9126475311409666,0.6576013155622785,0.6255687569716903,0.7260820554298418,0.48093609756674677,0.43607839458022674,0.6189158208871997,0.5735903784662901,0.7847303897071806,0.44778141896449586,0.4503895321603165,0.694768454019442,0.46863133797885254,0.627052125341179,0.7050947708023855,0.25019670113666603,0.3700313907436086,0.496274826668307,0.9999999999999999,0.5785630256219536,0.5518874290329968,0.8921257574826017,0.5294688664970155,0.7266438664217999,0.6458416797924071,0.7784229796150934,0.4165163270587809,0.4974101069327895,0.8302107131623506,0.4100241601054645,0.40545445711800693,0.4058382623124097
0.822719887149799,0.7735872351888471,0.4120048683589787,0.4543191365945784,0.4561488718026695,0.5466072188637778,0.6896874639833638,0.5919725366419387,0.607880853976281,0.7920710199955844,0.6228212167348341,0.34838192208739566,0.561264470571917,0.4859720741310936,0.8364222124722888,0.655850491367101,0.6976700756457098,0.7354613797673393,0.6578139753028567,0.4156019306471394,0.699026958857128,0.5639322916210524,0.7807611043820647,0.509880185879576,0.46097306240753394,0.7466242973838474,0.555062617024661,0.6017189040071369,0.8316049395740275,0.36533708556484795,0.3738768280744627,0.6359798329399171,0.9604815998059738,0.5860476638633658,0.7686881332582424,0.6181451023416726,0.6115207777182189,0.7350260335748452,0.6718352563236999,0.8621438958634366,0.4612000738854361,0.5654956004426976,0.80520560160572,0.572355013561976,0.48550150730480984,0.42422310849749995
0.9109050898834149,0.7166299186195013,0.6347749310451499,0.6094429979189251,0.6223133922118229,0.4174050670138463,0.7813923618070527,0.7170890954396256,0.7871947650311488,0.6539528264063973,0.44648065515156393,0.3555357815363384,0.6443055444033828,0.919174055975654,0.7215363678690211,0.856373949066138,0.7590544636946028,0.7694488910961638,0.6022263455664102,0.4112137540278223,0.769685677557787,0.5554183067141646,0.6174054494273769,0.6080355949673848,0.427140041267444,0.7564162668173136,0.690512302196805,0.7012951762854871,0.6158359022341363,0.5555604463001219,0.5729806114496552,0.7530469347827037,0.6857747229938074,0.6388321599741406,0.6805715144699271,0.5186888436368465,0.7559935226337976,0.7918763731139914,0.7004023748072024,0.769448467878091,0.7548140854972778,0.5780312576952716,0.6211657123814188,0.6260360980085377,0.6239885893571486,0.6092403205449133
0.8846267162495773,0.7794084315276634,0.8296669489692202,0.6724393159733447,0.7480088315896659,0.3586918742839622,0.7383296625831124,0.7631553101425831,0.6377560862633905,0.4977919689345032,0.48635972729742416,0.3326972882743735,0.7580947949919328,0.4365936732855164,0.47915563255064375,0.9105752833649345,0.5773522403797765,0.6852441449362231,0.6293828038324645,0.353505682364795,0.6253378136353014,0.5575480658247327,0.3732679815476961,0.7250760952768491,0.5023922110895941,0.8114542169323394,0.8120827650277328,0.6149661242570432,0.4072482105598941,0.5800619226279025,0.5187406120338939,0.5712171941340497,0.4692153925739223,0.6774204224915557,0.8753025338115422,0.4897553845182166,0.7040984048472957,0.7154936710401942,0.6689727625567886,0.5671725485322999,0.6837127874023502,0.6113783142258391,0.4822401261910047,0.4979098254145174,0.6054060196037321,0.7293483328462557
0.9139851304041382,0.788598141112867,0.9129975616329788,0.6988210007342942,0.8529365671428427,0.37474017622298655,0.7224670502469277,0.7650432462794565,0.7033431692715609,0.5209949708165702,0.5260525615800354,0.3673972639260925,0.7373067962156479,0.5306463574683054,0.649257826640856,0.7891780165022837,0.4908980483201993,0.6584548032888422,0.7107499497986509,0.419770907034293,0.6318005321431643,0.6060870855851287,0.38570643818971573,0.6264230410607753,0.4196228138144107,0.7528204638862223,0.870514944608249,0.7011261508988252,0.34146763319890683,0.5532865444948725,0.5007444784273352,0.5243077526419088,0.5002304145229748,0.7549217228701555,0.8460782201401122,0.6160403056395216,0.7572757062837095,0.8313959832851633,0.6636395655580443,0.6032570654185402,0.7184172997580509,0.7406890910156801,0.47900131278321045,0.6516348969128832,0.5424632496385082,0.8633064241038607
0.8906238445212835,0.7673439490772275,0.7776082863248338,0.6146751683430167,0.879828931650278,0.36221888260507257,0.841050905009147,0.7300366607666964,0.523463552960362,0.498442796553951,0.4534299096461854,0.44110802030401175,0.5162455316587585,0.6891126557293081,0.6468786443163642,0.8197132125340961,0.2867644529645204,0.7089836446583963,0.8111109376476844,0.24476191233303382,0.428314084412648,0.5422741555262036,0.42468898905890523,0.5961426849460862,0.4212951979255795,0.600405889376173,0.7814803329899406,0.5324690423631873,0.22595470977602497,0.5470561773384256,0.35537607405997657,0.476761398096898,0.534351027786274,0.8024801870770686,0.8116657316211098,0.6945635629536926,0.76704470450472,0.8127311490798618,0.5978376833812141,0.4719978374884118,0.7826913844879758,0.6958921891649656,0.49343884772499863,0.9507119055672846,0.5340091179058222,0.856305812835079
0.896658379763573,0.6389882938929623,0.718878079848565,0.5553543737001021,0.854279313999932,0.21956578400364324,0.7641291203398538,0.6331791943662948,0.3865117882021387,0.3439197278194689,0.46160474248302424,0.2297538609906997,0.5021024158136411,0.3888146201446718,0.5005682157630328,0.7186700401265502,0.2514924946252264,0.7254006602469621,0.5698305184690469,0.18651122475776674,0.30075142395932175,0.3290876021430928,0.36820550230724075,0.5384670279365258,0.2745080295179,0.5587414688278671,0.6661292453338329,0.44410768066218864,0.1708498368866102,0.5681179228156015,0.27812985077823266,0.3422448586024872,0.4365990616814091,0.6994591840652741,0.6605211066469483,0.34443581680188773,0.676643554484906,0.6145135988388459,0.5321159291693838,0.3629541882876105,0.5232977369945115,0.6450790823248949,0.39397252056307064,0.4457094259738992,0.6042902549419682,0.6705478639439206
0.7709293950941143,0.5216126610187728,0.6777263141001932,0.5362330858712803,0.8419500412507651,0.15932394809659678,0.6440101555835467,0.5825492693251028,0.33745403624322867,0.33899508101114645,0.3844999542308314,0.20342809154787814,0.4441055733119935,0.3732255213950966,0.45851074553601634,0.6747203347255885,0.2988341463490254,0.6546233423288249,0.6553664772383739,0.1211145444029684,0.238105001959863,0.32946417860577126,0.3021702210753301,0.6863240014023697,0.2144461683279989,0.4357505696238553,0.5678230754847462,0.39922222346649305,0.16272893069210226,0.6411019158552655,0.2328849194317635,0.2499133472353854,0.32948011941646826,0.7764010265589973,0.692976480090879,0.2649833188838753,0.6222285113659156,0.5345770505522045,0.48956612568336294,0.2550514034925748,0.46332399144565967,0.5360425243512293,0.3202363869974297,0.4153854211830008,0.4607545006569212,0.6175213790512989
0.6404940180478826,0.4992047875912743,0.4913680442827186,0.44541605138871054,0.7059296562382164,0.09304791076692305,0.532940208390604,0.5478657451701424,0.37933949873500206,0.22065547817211534,0.2879031115185076,0.16262787783160856,0.3377631409106435,0.4196303478286147,0.258458551208793,0.5391934239271021,0.2568660348545359,0.6388522095254433,0.5182895952715617,0.0757032086933924,0.19162982942620024,0.23269566204600522,0.34155095984737965,0.5474435445144132,0.10149600474327308,0.30333572361563077,0.4795699384538104,0.33945819846948844,0.08386649627780358,0.496829312369388,0.16801437797555674,0.1618930796180329,0.27407159744171533,0.6201814370999309,0.46125445279678623,0.24410370580569177,0.5756039502455759,0.4874183586711476,0.36065083887348803,0.2680688700660576,0.349295628966053,0.48688439243616194,0.2839750430104978,0.37850690904332973,0.5086136490189084,0.5279319375883895
0.5541513435661682,0.3583524565347152,0.44629574004633144,0.38606208254599506,0.6159316875371578,0.07233686650306856,0.5225448538746189,0.4931495944950393,0.26084691571129454,0.19500337431883155,0.2092591506229909,0.1314600040296112,0.24378182705865023,0.29396351657576364,0.19098108999039162,0.4511504234141826,0.1475399954975088,0.5077864698578183,0.4200279415695602,0.09183246584016155,0.14500149138915833,0.19533137422716498,0.23330799701370314,0.4319416089514393,0.04202457465066764,0.3127484082632659,0.35174147938858435,0.2097964728938319,0.06534515368960972,0.6352690526541354,0.11492041326702507,0.1254376890442892,0.19980603945331143,0.5285576273833062,0.3275035530279074,0.13801418225780587,0.4617880833548849,0.38802739827572336,0.24844154079379238,0.18303452952377383,0.3373624700070034,0.4535219453943267,0.14818305464218895,0.30795950460545163,0.34285087047183016,0.4688691721289561
0.3936953793788408,0.18555186415614972,0.39442290388942963,0.3498918173061761,0.45361733608307586,0.08609340160910312,0.44042215500587434,0.43034966745703634,0.23400588261661867,0.16669987462084726,0.169549318814983,0.09043559600075407,0.2735336122307525,0.1312377417533399,0.19192184937238163,0.3363859119136517,0.18781912177577093,0.36887749104984685,0.4756485904667274,0.0687885255513497,0.11765660566093483,0.11895602933988608,0.17525039164996098,0.3097299006333016,0.05466375825788561,0.19087785007752714,0.2867616988774621,0.1968349876780206,0.0585399387971164,0.5689689962693727,0.10086514785000997,0.09331164925050496,0.18876432757742434,0.36285537109054355,0.3587727765131336,0.12923792985770485,0.4369610536009776,0.2937428191391677,0.19903916809034689,0.1942487802521466,0.2590132383053047,0.35950329977191003,0.14906865846438733,0.20480223436874034,0.2866659612075759,0.437457063651463
0.3354585843875519,0.17529745755544704,0.34501035002306685,0.2841199122481026,0.42440369684031376,0.05551417347168565,0.36301681096206073,0.3916817296114291,0.2196392065518161,0.09845162143318967,0.1147337146211388,0.0734890879988803,0.1864253253230065,0.1974683078405161,0.21558580114451978,0.2768084449639328,0.15926191842585402,0.24543576597847871,0.25295801056893996,0.04654714567347807,0.09628806597495151,0.0863596635696849,0.2321496358200747,0.2758818915063183,0.030031686914983147,0.2528894708594518,0.23471157154090186,0.1428827037926682,0.06269774334348102,0.32971437319727076,0.0743957962471429,0.07277475522238358,0.16582229987195568,0.32092575964670517,0.2436220557897502,0.10563206106609388,0.3113206236981767,0.2463136221316144,0.18644548807058325,0.16387490783658548,0.2193934093077205,0.3333403756923518,0.1505633352534985,0.16152886476790496,0.22230383421957223,0.3608551402219907
0.3527262066741471,0.1322727453318959,0.3064125695670611,0.19893965684268639,0.32409916242745385,0.05826764998518086,0.26687154161756277,0.3056783571260607,0.17496582973375277,0.09858444227703392,0.10982141370149184,0.06298349271805893,0.13219546221504253,0.11246164744887438,0.12231693727549564,0.2589175361343831,0.10254805778285406,0.20340652849675017,0.2834159112569956,0.03127767900933184,0.06904464883116113,0.10392426903709137,0.14557798693123952,0.3398931925322915,0.02522485717487051,0.14741400343320893,0.19303576998732874,0.24136611432969518,0.061446350586540494,0.2911528006122697,0.11004425529479844,0.054496441790105155,0.21377213887091406,0.34523564720687866,0.14353079013547881,0.06502390368776667,0.25464214555798015,0.2203597613154995,0.16159491488989713,0.18670413616369547,0.26630603668967184,0.2832687316333415,0.17700033337452642,0.1362261243606695,0.22162795574912425,0.2866946429854693
0.32280347072399584,0.18269210868584282,0.3251075089315898,0.2321504349279177,0.3822138538134997,0.06730745048216452,0.3327243696855048,0.33147653971943164,0.1564517352637341,0.10566000041431853,0.16420403759481803,0.07035911175387866,0.15162465870952568,0.08591475574208962,0.10693844609110875,0.26678291207751653,0.11075317396317555,0.22014515642065285,0.2692174129512256,0.04444913093767811,0.03504457211010708,0.07514292518963202,0.11836311393969119,0.324743835642892,0.03705184931959257,0.12334017555313587,0.20675060861742275,0.256185104960443,0.06085704381268979,0.41986166178327267,0.05216498218805724,0.07370477035537865,0.25345338383351484,0.38551849603865446,0.21436834279753048,0.07306870710453395,0.32803505467758726,0.23797100018283968,0.16482364310550474,0.15175476520853248,0.2603931757775208,0.2275343853809494,0.1828829783267833,0.15968384591626203,0.13609613377696467,0.3551716032803722
0.37146509930703037,0.2183153957969471,0.37449370030302553,0.23943416035842474,0.3931476652032284,0.08212616624613331,0.3505678744614995,0.35456097532295233,0.19582485439237085,0.12344273165295441,0.16781377704365766,0.05597711704261425,0.16615307976788132,0.15981843298610954,0.1703951882390355,0.28546244512488733,0.07886178458685046,0.2681516295626934,0.22789260128113742,0.0528174017277866,0.023304175949516268,0.10364042556019468,0.23550445875223947,0.300754038232306,0.02595162914712891,0.17561158822965453,0.22748401650103264,0.20533998753065563,0.07616556857383132,0.5087376266404824,0.08302169525382491,0.07095023399355775,0.21864700779651564,0.4409259216502941,0.23350742872442304,0.10509712554822934,0.2771929401527873,0.16305378437106732,0.15753638194821912,0.18668282401996453,0.28218829082077335,0.3576632474870524,0.1904512355581529,0.1502252709781199,0.31057038004964493,0.34434304377091945
0.5417281774691014,0.3590115030263974,0.4238244491076379,0.2782591300768017,0.3922528045434718,0.17964090129786892,0.45238605699870243,0.3520832771672096,0.2149454905614559,0.21798315299185148,0.22522716879888682,0.09994934522574439,0.161630370884772,0.16462145112304777,0.13907344495832083,0.28918546970019426,0.1695681271785293,0.26820294057239963,0.2833097767050024,0.1415855810260679,0.1443698629229016,0.1509380249971167,0.3844888857770189,0.4561828051883904,0.03395318747079308,0.22468161793050886,0.3113980001283684,0.26519218699656255,0.08996120907328897,0.5003100274959424,0.160348413715544,0.332698420485675,0.3142353412031598,0.5060479680135842,0.27466893977223517,0.2966277211142737,0.375358859625035,0.22889713111573518,0.28467918078779236,0.3053271866348935,0.20724265846639262,0.3386649264053891,0.35896195763145594,0.2687084718588065,0.2555852374368744,0.26362503745580207
0.790942662845229,0.4100508367437237,0.4767840208386998,0.40933814326606244,0.34456382814946307,0.3463533311391558,0.5385377445797788,0.4478793891142507,0.3615460785226666,0.3481955991777384,0.2991901784116514,0.22010886723171838,0.24374287110531376,0.43921554665919577,0.390233516536882,0.45289116796129003,0.32384628336070087,0.45934819100634394,0.3364195573029671,0.319013444113158,0.4536579264623921,0.3175237679767674,0.622575586552597,0.46318126513968794,0.1299275585009231,0.2965672484936631,0.41595510798377605,0.5216812129981272,0.31810770141573114,0.3957253508119974,0.19635259470613844,0.7667886895322732,0.602492495668321,0.5748745951189569,0.4991098465313535,0.5127998792442785,0.48612549969584123,0.5333891681242969,0.5422178151772614,0.45197389529796833,0.3247728068045973,0.42993752042391414,0.48102969366966547,0.41248591040934174,0.3161571889824171,0.265145006302957
0.6652942261320308,0.4746065768273065,0.44836823163654177,0.4397890559730789,0.3047099477739684,0.5955930676129034,0.6027888108886698,0.467405485631423,0.38732440793358675,0.5977416126459018,0.507037105497808,0.22130019679457186,0.22660541985362567,0.4578619827693943,0.6135384849582334,0.5455141444706941,0.37784415761655094,0.5440109644307777,0.3957676433341949,0.3184120864557269,0.597772109253344,0.4337814033471877,0.771115556955317,0.46728271774822017,0.45274341251987554,0.39742966627626275,0.38831791912373886,0.49980958884805127,0.6316177692494408,0.35198522834509727,0.24272245389997996,0.7029761582658305,0.7082378294851999,0.4908385733604264,0.5050301913106578,0.6999882937404659,0.5072243869255281,0.7798165478309624,0.7120025119272329,0.616601994377471,0.28278897088713056,0.5048223846727646,0.7230770011244843,0.4233821824882574,0.4704213674149868,0.29109554921481384
0.6147156848876538,0.5295220877361554,0.3707951790086437,0.41581564733642606,0.3289750585267318,0.6480688885635725,0.5307960507689522,0.4883621109324388,0.3486512016896211,0.7092516109825884,0.5476160250142352,0.24201966704539105,0.2536618199595404,0.4613467204900405,0.7214564099989211,0.5892210598766708,0.5317581115004001,0.5676440250703771,0.38363215555697167,0.3559625700258004,0.5281691587713303,0.5289649331007261,0.7685193908982954,0.3907741463219769,0.6312362136459382,0.5705872824154283,0.3568835794330829,0.495488381939014,0.7439552152232256,0.3202296503047997,0.2314665117581187,0.4688976556146871,0.6524261499275626,0.41634311478203145,0.4666781612944436,0.6132723033106825,0.5023981330186092,0.7301787068119026,0.6126766938389482,0.5759090801769448,0.30929625639601604,0.5077181110183383,0.7967234157374647,0.43949993236163604,0.3626466214133671,0.26377603880584394
0.5511803437209583,0.5933332323937096,0.393175043445678,0.4314561027772938,0.3334949616203434,0.6537269039192733,0.5413056535552337,0.4950852537154438,0.3762378744106618,0.7370991463699037,0.5496851654889294,0.2631597466469954,0.255007321181311,0.44164641670726273,0.5947360204381461,0.499384885467786,0.5028864532300952,0.5677087903552505,0.40032818633351663,0.3787938951973485,0.528489818120314,0.5420921938405017,0.8262668242895234,0.34026964859666786,0.6340193516312335,0.5588913646377606,0.4053483302774341,0.49738928982946407,0.7414771713026534,0.3174483345741486,0.2988287844707651,0.4498287921176959,0.6883715983950695,0.3944128583823213,0.4296399623018474,0.5160079202609718,0.5200228914110019,0.6629502793527658,0.5596880973936773,0.656936699746138,0.500661295388368,0.6136106343308368,0.7701205025333314,0.38438345489734516,0.5380173168566786,0.2681606979834945
0.6146732538959568,0.6649076169182684,0.4810469751958319,0.49496519764410435,0.38096406625244206,0.64726984305026,0.6095778440327111,0.6105607620186063,0.4171917824461181,0.6759033973461254,0.6698332701819654,0.2503615028601672,0.46172016534606036,0.3725937544986591,0.5887456349497111,0.6894278448482964,0.7059156500255735,0.6166824442784002,0.4233366526249349,0.3758292509124788,0.5251256756543184,0.537587226590207,0.8316620369343858,0.49478450650853434,0.5486886242863246,0.5382084530927996,0.5205362657995617,0.6250632670615308,0.8536283636319428,0.28009625525567117,0.4290479469027465,0.4117357361411381,0.6570813337113987,0.41600210361704754,0.5016118348095928,0.45068807149569035,0.5732412753647791,0.6755543702244011,0.5783263573660948,0.6269074453550437,0.4261773957705339,0.7812504022501858,0.7067456025511576,0.44900228086772237,0.5775055452853941,0.3446644244621035
0.5485168768988123,0.6676024682913623,0.43952262008124054,0.4991617582001426,0.38003010282699445,0.5591489153047947,0.6569671960083852,0.5592007309020753,0.4483330745799306,0.7604691533841701,0.7351844519422385,0.2676490900881665,0.4455915890324129,0.4723319534224986,0.5547741252419612,0.6391784188192384,0.6138685180087773,0.7925831566365101,0.44622325800616697,0.3405638201663254,0.5625901058596613,0.603588751704262,0.8167679634159134,0.545100619037288,0.5249727871258864,0.5447172092709783,0.5306186065342642,0.635975519525379,0.5406198485751804,0.25353605507267546,0.44923104214520515,0.42058807423778455,0.6950135277344514,0.35889568418847856,0.561966459131628,0.4707585587996826,0.6514290344698098,0.7385158851264197,0.5736569430524904,0.6644137472696529,0.45453829015566843,0.5520827821259521,0.7093384546632967,0.4193886876434301,0.40629725703831004,0.34895151615825026
0.6036280231220708,0.6863796150900432,0.4227372022713535,0.4587996162487338,0.3572709659654011,0.6214863032582578,0.6016182975671175,0.5756120699175943,0.4806886562312562,0.7462083079922732,0.8071961717389231,0.28798050046852874,0.34161752170819903,0.5496545999559814,0.6717292372491338,0.610706868653376,0.4556356537197172,0.8794128827217658,0.406194852921973,0.27478717784831247,0.5948996975175558,0.6646241985928215,0.7654739512919009,0.39534335408931937,0.5576446806897397,0.5843227967457437,0.5361603100927101,0.6066284000417964,0.569913749083201,0.2557477689125103,0.37228176771864885,0.47450030829392953,0.7204493093989243,0.45317818132081567,0.43845583110697733,0.57480038630238,0.548017232589662,0.7795252054118692,0.4907931912143983,0.6539929535575243,0.48961711657834156,0.5870306514053691,0.8002533997789485,0.3574115871591042,0.4334842451918634,0.34588579341817705
0.5906710811361673,0.7340729363560223,0.492563486850027,0.4467066238923753,0.4167528975846899,0.617087113569226,0.6219249872274905,0.5379944620078783,0.4578118297489458,0.7935133228958676,0.7791236252887448,0.2786025556618984,0.45350959890286086,0.5689208111727593,0.7625455086703055,0.5647563420109578,0.45882861855679324,0.8913860335578013,0.49812820420427645,0.3470922134100662,0.5999101088682756,0.6255623916778646,0.6659999620343439,0.48412117141004885,0.5400293195041619,0.7041179855684531,0.5009987453044079,0.5177461130189748,0.631363503583903,0.23587009752014274,0.3771232909004819,0.43596198296601074,0.8524880277626999,0.46261911658156646,0.5152619811830641,0.6592975033272123,0.5217152780806786,0.8572847910872268,0.4455077527567654,0.6643963200733671,0.46204379088389685,0.5968330591875385,0.8874216139681028,0.396085682018505,0.44858814329475066,0.3350631860398846
0.6359365801193685,0.6916410990397192,0.4503898743840171,0.40516613162327325,0.40191808768269344,0.523833062821498,0.7049908352199996,0.5430315512321978,0.4984461970057052,0.880894313549342,0.7052098832136693,0.33432332289104316,0.47302102311687566,0.5221523668732442,0.7670257327987255,0.591692913717713,0.5700399156989949,0.7442385556961881,0.5436246416163292,0.4292483966341123,0.7349017002035819,0.6123044771251305,0.6205664358214967,0.45488848614485966,0.4413164107496909,0.6848193531374988,0.44805338232829955,0.581745697415349,0.7585697592509422,0.16680837595098913,0.3590342886662363,0.49646071369902234,0.7469463575528711,0.5021445396394254,0.43890783363849434,0.8776510287242378,0.5450958780872487,0.786737699316031,0.7022994543258453,0.6664684874303592,0.49071064165143247,0.5652131726340448,0.9888447094417415,0.39661724668937814,0.4876075049581437,0.43257856504780046
0.8415256200915477,0.8598495340861434,0.49224249535906545,0.48430142002131743,0.504539189609103,0.5570790892884571,0.6286061271219798,0.6225486491520373,0.5672918117049246,0.8310807950575179,0.593096363148012,0.3283389196996001,0.44299408219015385,0.5818708767357961,0.810504355855086,0.6479786748138107,0.6470182882439623,0.7480792253454168,0.7415653620703863,0.40962598042710574,0.6416138840616206,0.5437666748635752,0.6926430226449646,0.44518530220248337,0.44693027141638364,0.702050354124838,0.5337794759495627,0.5694382324604741,0.6170674287641443,0.24261740823677927,0.40069580863286564,0.6086285983826755,0.7526070597662602,0.5128678082372654,0.5309408394089496,0.6653265742727351,0.5320685519649018,0.7976631738246232,0.698505031387558,0.7437577607468457,0.49489209375824544,0.6482454134749531,0.8615090529721803,0.5238641191579622,0.708303920580694,0.44404707576211416
0.8852814533429622,0.7833421817180332,0.6366015810000396,0.6054257440664271,0.6480259152409287,0.4326020407734349,0.7477696360742367,0.6949392836616328,0.8140538103898702,0.6049091509543975,0.4428690915516624,0.2881484329466902,0.5553742347132542,0.8153855883071712,0.6485689124144686,0.7109206707182211,0.6298061219658805,0.7928114788673962,0.7524933922599611,0.36197408209373616,0.8262569174684158,0.5469612212849434,0.630701477105074,0.6070262186139522,0.3600266365619511,0.6681805147776283,0.6613676793324854,0.5573781171139316,0.5158282794829361,0.54023094760268,0.5846724851525441,0.7106053286116778,0.6727369289682004,0.6501101539853938,0.5797221724429009,0.5504167714290189,0.7734782258672541,0.7679747398572258,0.6820700371934226,0.7393656303195105,0.4874883694243139,0.6767075708909385,0.6145289685983212,0.6340325611671166,0.7349547004813681,0.589179951199037
0.9367621830083659,0.8770638421936249,0.8543672088896457,0.6642615705838345,0.7765890360068286,0.4027752442765256,0.7078932691598826,0.759975793795923,0.6844913686278017,0.5097514115177133,0.5105004228623118,0.2984414429287928,0.6780868613024803,0.523067807093959,0.6399550208272751,0.783602881154413,0.5919854596281754,0.6377871487606553,0.8036161959098047,0.28051674775682245,0.5085667255378358,0.5985517060557455,0.4909539910054695,0.6608375620674233,0.4284894634709176,0.6015296773641049,0.7590235121323173,0.699175840396312,0.41063576712577593,0.5418563078677532,0.6125501942851111,0.6041638933018217,0.5259290029151297,0.7800234556788657,0.7880077112983443,0.48000222063794246,0.7611513862286597,0.7028819627586363,0.6563452971140679,0.7318197462810918,0.5575606206691164,0.6197012101605189,0.4553357564860133,0.45468620175481284,0.784649244659255,0.7443351238804696
0.9501796929730311,0.7451770361788221,0.9793000299373853,0.596434363465933,0.8893229712351117,0.415068729140008,0.6665529541716037,0.8313234022446736,0.7611989983292521,0.502536050038348,0.4610643919951686,0.3653326445282963,0.8181405999800058,0.5900016554782952,0.7209332611762223,0.7802160932345356,0.5935553938269221,0.6137805822497208,0.7563659522158713,0.3864843732317005,0.4900209768684278,0.6472775746367743,0.4718943830838493,0.6451391907932503,0.4203001394442139,0.6419155628694116,0.8503954904454112,0.709125428415684,0.3323630840889037,0.5940374669295885,0.43279938817332836,0.4976378257109524,0.5454064413648924,0.8337181296739135,0.6931645227383156,0.5147957894254677,0.7158153808614335,0.9917108688150619,0.6594235335253166,0.6525502743158836,0.5507772808009467,0.6597543680787006,0.449249786104948,0.6254503567343038,0.7120076567756719,0.8280491333615229
0.9674263638067669,0.7899980601169854,0.7912639477701051,0.6254465938409682,0.9034675734770006,0.3739537838985156,0.7145135757293011,0.7235924296649676,0.46843501631875306,0.4728442518704254,0.44705095762882935,0.5005293152154059,0.73872119161681,0.5665468367933648,0.5806212618264732,0.7862860377609685,0.4261857171009714,0.6130662872676037,0.8207738017260756,0.251236570983902,0.4530997433028755,0.6170808596709532,0.37245647423640155,0.7031135565495998,0.36154249039637204,0.587710757378116,0.7863344441063569,0.4565821446995316,0.24794120020651722,0.5550638429740685,0.33177866397130207,0.46881999553972686,0.5517805829059349,0.9271739206163682,0.7898735399612756,0.6131109880153359,0.7832155339745059,0.8290896604365093,0.6131535757126403,0.5652960653057749,0.6953083045506528,0.716264092390444,0.4618726525198478,0.8912729553616652,0.4249128355741409,0.7823136037583467
0.9371673919760848,0.6322786451431731,0.6879853265139498,0.5345861689761073,0.9039219808942245,0.3100017711282721,0.699578341341686,0.6044016313042807,0.36839033865158555,0.39824183118250917,0.40542584793380043,0.24104140337825128,0.5197161579896029,0.40718373889659293,0.5377804325753017,0.6172104904626784,0.26318166010748567,0.6757001014849064,0.8316927586306633,0.19018506654138295,0.3142956208893243,0.3677738997686574,0.4095212718228621,0.5880080972056347,0.3304100389972537,0.530715569210614,0.6720612906709366,0.4075610039977583,0.18221481721776672,0.6427879049763403,0.28292788679163633,0.3089594879056732,0.5145333653411577,0.8686995297414158,0.7770124022658388,0.3654167381495948,0.6772498967034729,0.7134851260247271,0.575137485286365,0.4132286263381177,0.582700616864224,0.6885399556480717,0.3416530842641628,0.3674470164452645,0.4763104006360253,0.6885460075976919
0.777681275126466,0.4995933456372609,0.5532450604512794,0.4812912634693403,0.8180912384384219,0.24440030154669107,0.6658818208445678,0.5795221574918475,0.32711869439249935,0.34943349574869464,0.38166486040767844,0.21320009464583367,0.4288299321836226,0.4238562309505705,0.41156047703977006,0.5549514043425599,0.17174431931954506,0.5778195573967223,0.8454956413892561,0.1378111202436989,0.24806668312738955,0.3093911055166024,0.3043854684069388,0.5677948621486861,0.2144774015050834,0.5930124195963051,0.5707833244408276,0.3776504130119409,0.12483385680267547,0.5683631922938137,0.17590305366767803,0.2506246329164489,0.3794726423706649,0.8790303683822619,0.5652818667120305,0.3082923074214064,0.670618289846288,0.5675324573857633,0.5435765897275117,0.39141988555117674,0.5153906507907974,0.6586936693166935,0.3151331681927672,0.36696723499776623,0.4356320086280379,0.6071631188415372
0.6856928233432895,0.43722051576383714,0.4629041764570874,0.4550549628316664,0.6248613780610278,0.1708881597818233,0.599293583638934,0.5515445060472157,0.2945405380808744,0.2504055312775933,0.2409266818538101,0.15837526851494962,0.3752487655475448,0.20083837500817736,0.37702849171171715,0.47109376995324914,0.1439432672871132,0.4889413262452661,0.5988243580753894,0.06659395109425159,0.17622629789769337,0.28229168536946264,0.26231408311685017,0.5038946107433212,0.086091441477033,0.4813722876023018,0.41506067941007735,0.2387579709351791,0.13691979653267852,0.44751717693846016,0.1285239567566825,0.2221804574981797,0.38414561197846026,0.717083766833479,0.5613545676158215,0.2379897297326092,0.5964740231758469,0.3973722860160886,0.4220097567514735,0.282744347626079,0.4178833959306785,0.5284396678187477,0.19127440320613925,0.37331183427096765,0.38203996063519385,0.4975885335567401
0.5249946517890404,0.38534336963228144,0.37578585429886635,0.3899245480544266,0.5545879745892544,0.09202420062872647,0.5080561992906512,0.45602620749137496,0.2997994742047693,0.20060706622336108,0.2048856531565251,0.12708269962106328,0.24060875736292883,0.31556518187671007,0.2467697137138993,0.43343371011709736,0.13245481288659136,0.37121717901678486,0.5090977759138255,0.07934136339960762,0.15572799672587964,0.20798991847162743,0.22124039619039665,0.3644298558973073,0.06878172160882026,0.3764895286691655,0.398060980999003,0.13729122628234797,0.09023208629476377,0.7002182068194056,0.08605729234995135,0.1759951299462402,0.3026478364437047,0.6177941410246005,0.43618006992044395,0.20900254414319405,0.4766282514376609,0.3911755575349537,0.30862347968779474,0.2403440564539797,0.3671581337369462,0.447991837552542,0.18232594604590346,0.24901109078354652,0.23527539997233,0.41401346619084195
0.46137272117144773,0.3308650996297277,0.36956440541904756,0.37251805551795536,0.4522241332800295,0.08447151111458619,0.3744069566177108,0.4846464603844853,0.25751575896188306,0.1396557608996722,0.21885233248407315,0.09801535013215971,0.17329725963427303,0.08686789173045514,0.2187143578573217,0.4155143256780976,0.13938001704694053,0.2718028212204109,0.49464441285722976,0.054620450526776575,0.10023785688040926,0.18873322047562244,0.2240044020282082,0.34328175882883905,0.035865302431878576,0.3344943451685105,0.29775470647589586,0.2227068091555645,0.0557164640291741,0.6136064229019146,0.0818897594090156,0.13345136735452007,0.31804206263442164,0.5888654317820264,0.39434969399442965,0.17628973653732316,0.48626556224376655,0.32547576220062335,0.307608018987519,0.22147408610056876,0.3387579374914177,0.36287048456596277,0.2127666787743526,0.21338502084116348,0.2223133811463201,0.4122175310003164
0.4139642374686937,0.20556056655732574,0.31859188308711317,0.29546764645796525,0.39575031299856755,0.08643339751154464,0.3828530813109122,0.4285292087343669,0.1833130085989089,0.12865704918002202,0.12478159547300977,0.07437065867431399,0.1617209391203366,0.1220284462092874,0.13840941805743603,0.27728376322357606,0.12660427388483733,0.18652568012169396,0.33649917597913537,0.05501204125493248,0.06046113174170189,0.11565380128009906,0.12679726314507112,0.24186700911388243,0.016156170591052302,0.18718549916888835,0.25513892153319073,0.1658647917652778,0.04811269186784857,0.6233952971565033,0.04119624907955991,0.0708955469019301,0.24706769353292918,0.46017652703195316,0.22690524474867663,0.15656602101607034,0.3931781080728612,0.2484363734499001,0.24139677791382963,0.1121050794151569,0.25423120937579274,0.3495905196592,0.130910725007928,0.18994459754425794,0.22720969415907183,0.35222209822244166
0.375536118179664,0.17717819016070566,0.2818672160206708,0.24495313154802567,0.2895479473525028,0.06859562629767064,0.3356194587923255,0.3273557549980771,0.13184324671823427,0.09128998124632776,0.07960193844328621,0.06289259505889366,0.14009753700723424,0.08235681820571569,0.12743866523790798,0.22840244731588533,0.021792364316389336,0.18911461780239666,0.3503620793402307,0.03073630577623778,0.1010367748547667,0.10340072428589014,0.18005005439839344,0.3556187656721265,0.01993050063752313,0.1680633842566558,0.21905404735212625,0.1590052500714701,0.043610087766515024,0.3894807137083088,0.07126789183344176,0.06659587746353862,0.27441515495239677,0.42393803320577844,0.2261609855448687,0.12236718187818135,0.259670650414218,0.3084778776209333,0.176327934740513,0.1704152411656006,0.2166967339649043,0.31479627457724835,0.12543948707506616,0.1454132436490576,0.1985378054500197,0.2912125002789291
0.3787084782781733,0.1284280473342557,0.32163679857767674,0.2325474806353962,0.30004922808529155,0.04596748537412512,0.29204826791000804,0.3401540231880968,0.16494552360169512,0.13168365576685842,0.12394344532455653,0.0600522457439515,0.21055769162372615,0.09618559607834842,0.09331433328340918,0.21821438709607918,0.0116049075339518,0.1993367757116027,0.4085929764959442,0.07434481782400063,0.08157027632694863,0.12589979135037893,0.14639871947555833,0.3433816778218275,0.01168374985708022,0.0989822316737245,0.2304700470473157,0.22899108534869017,0.047503783259313884,0.37365175610683865,0.051229878689062154,0.07698318383749521,0.30303584436797915,0.505153965141463,0.12032602844676893,0.09946260289837247,0.32354403723690184,0.23546634270052247,0.21925218144260722,0.11732602801630815,0.20867202781359384,0.2217150604807126,0.11743828116362705,0.11159528568531094,0.1358854935872392,0.32242415960663157
0.36695925886363207,0.2178179508732647,0.27991438984616407,0.24436814948712926,0.3494710410858046,0.0650818450130654,0.3551773258329353,0.32250877236183617,0.21050815869463277,0.1449489049529346,0.06430593306130634,0.09267992889153755,0.26870224770999795,0.11443986867907172,0.07386140068345301,0.2581704716748772,0.019003308353738386,0.22709782309833482,0.46447300910077266,0.09797964476725135,0.11482578796116674,0.10061596549290944,0.17859411726003083,0.3285120010524574,0.016564650577097537,0.15208974804652806,0.24414783912841206,0.1997112144548241,0.08673597522113828,0.4055985546700442,0.04131911324253388,0.09767891053400754,0.25321172297892475,0.5603287137677091,0.14778603128950954,0.12825610586407113,0.29448911351535956,0.28067371815636777,0.17915792074773162,0.14339040392752014,0.32101329792481353,0.32761035809021305,0.13918423208498457,0.22649593010083366,0.13289678941210908,0.32855834047468907
0.593447075819864,0.34047134386125205,0.4261891515187637,0.3191506996094138,0.41750601787877406,0.15858987081680226,0.48799673962933077,0.4313773409257981,0.24233297362643175,0.20450045642910236,0.2657446996786626,0.11523202858051128,0.22425487990165363,0.1638624618136833,0.1664483919035546,0.29048387534894954,0.1509965909705803,0.2835375205629572,0.4760521715322666,0.1546749268304298,0.17650357757166427,0.19028904357909504,0.2974768129295543,0.27695591532295827,0.04786697828670823,0.30724079494701784,0.25877003312466923,0.314512272936891,0.09285352954885749,0.3658685399078836,0.07928863146853954,0.3356176953833888,0.4096138899637641,0.5566820362986089,0.33812969769111145,0.35605059947775947,0.4209239017973649,0.30133814952117494,0.25022858372160867,0.28426857988969684,0.41402021282964324,0.351635402532505,0.3087738411764824,0.29599243721439283,0.20136536419090917,0.2474085039470153
0.851361784088688,0.41466427122443006,0.4668291250015836,0.456419210988288,0.3738924050153698,0.3178116811096465,0.5976051677066729,0.48067114369828606,0.45293048069888225,0.38611720062053717,0.3430231923405934,0.2361181336347213,0.2344414160784358,0.6028974261027076,0.3965904540124736,0.45011026486444744,0.29779161189094133,0.5119778137374068,0.5037210275356773,0.29256078945343167,0.44079878953073404,0.2993506248825507,0.5886700082231368,0.4483389165617204,0.12546861272521487,0.3452981343040321,0.40363943927171575,0.48128392845606416,0.3019811705308652,0.32371585084155113,0.2515971061838655,0.7950831903432458,0.6418410864872488,0.5813510297389336,0.6035783987682333,0.5464677714012082,0.46234993024112797,0.5434394152687674,0.633478814878219,0.4553511190350317,0.37549033815968347,0.3706726090993142,0.5041960497284794,0.46027037091860096,0.3300265848727511,0.20988849294810452
0.6516469147116237,0.573657607137735,0.4780260846899747,0.44583452572817317,0.32441138818316395,0.607396216058263,0.6674818068141782,0.5005320811749641,0.49820291432324665,0.5533197062488093,0.6323842097191532,0.25506294626121334,0.28139908433123806,0.5456469333420171,0.6342534179595513,0.5314510911648775,0.4474520993429734,0.44296135835086903,0.5279385052443357,0.34164670547582743,0.6119321627218608,0.4251019950293359,0.7385470794433662,0.4524714529160937,0.4310528132422066,0.4527142933418792,0.3437076171776708,0.574191796969439,0.666279469322795,0.2156966538931008,0.2685326278948438,0.6979120736804394,0.7241076076975754,0.5274189077616932,0.516276674613251,0.6573696779731646,0.5889148124178145,0.7342944919406185,0.6928900027224053,0.6113727686614954,0.43284889045786273,0.4529059933641708,0.7472504132778828,0.38448421976391717,0.31851884474163716,0.27485428789888566
0.5460691971990005,0.5583198290364823,0.403137241599732,0.4104422948081965,0.3220594046605111,0.7834386125380975,0.537014535307751,0.5172325727336773,0.6661345626621878,0.7310660290806417,0.6552698250624002,0.2440123481631196,0.30601560463013777,0.6269794383831055,0.6213160223331575,0.5493805160100317,0.6308697110837149,0.48818123740184727,0.41883309558664544,0.3528093265790007,0.5541017279910744,0.48343272289285466,0.7683806071429874,0.4081495548966735,0.6763219343343879,0.5658737337319236,0.35792925021462374,0.49594866858540165,0.8595532219668915,0.20965606246362087,0.24014184902730326,0.47350436011674046,0.6520141824979134,0.4941405900478602,0.4087562064331415,0.6804397154036114,0.4499403067554319,0.7672886853210906,0.6281761901521989,0.5842295895240031,0.48613119930474186,0.5191562218541491,0.8243488666554231,0.3987973035393116,0.40266624565913073,0.279655234195168
0.5725301799185041,0.6165160693447443,0.4156268444084302,0.43709461314316844,0.3698774839315724,0.7487597498074685,0.5774088456827924,0.5429722644777742,0.7634489015077521,0.7707044668774619,0.6723095575901216,0.24486824882692002,0.42076289348459944,0.4532254940818858,0.7667473658041429,0.5530661415295942,0.7309897668006522,0.5469716646492088,0.501676579596206,0.37023924263383934,0.5817026259089076,0.5403298780288912,0.7690524635311546,0.4000171946069664,0.7127391882901452,0.5616872912217845,0.3735098950863478,0.5411641459164379,0.8993712628964338,0.25738501848594925,0.2655800161418758,0.41094710862574435,0.7455236607661447,0.46619752207392057,0.459095283386421,0.602023633435003,0.5367631554693626,0.6717063130997175,0.4873258678712749,0.5628533564965233,0.5821073945359518,0.6073710704099418,0.891751378569647,0.414556984147347,0.35421358315265644,0.31455604249070895
0.6109992895361295,0.635856804820746,0.44943242166627095,0.5068719566589008,0.39911722870785904,0.7305465156021285,0.6217821163284479,0.5414946013775694,0.6893095382811044,0.7587848153734592,0.7032360568914497,0.22378461614368778,0.5754409433114636,0.5179247753631657,0.6711138261913857,0.6550464029602258,0.7404070742153184,0.5739126974496874,0.5273822285624509,0.3656442720641163,0.4987371131712467,0.5245898990293779,0.8012971331039971,0.5018117734135602,0.6408189196461894,0.5557156333109258,0.5326195948221063,0.5224411360982644,0.9506336617142243,0.2523566024772869,0.4172549525597528,0.3931438818708647,0.7227241165554462,0.423527097884172,0.45674817040031923,0.4820486025236222,0.5448727868090243,0.7587381967425683,0.5025752606294972,0.6296026639183118,0.5758995684912328,0.7168893992167527,0.7510583304402907,0.39331957457617966,0.4222591036339886,0.3483249621277808
0.6516492006007423,0.6440048324931532,0.4392202739628688,0.5143282572309292,0.3676552093732227,0.6199046589335264,0.6371139593125315,0.6544034525766758,0.5472462697759023,0.7238594072826581,0.7336890010025099,0.2830969286454687,0.6210960678181423,0.45687552815307947,0.7832592898620993,0.6847768814670868,0.6696427226608014,0.6288972772384019,0.6340164442301202,0.35784915342606544,0.4784130693417914,0.6853520345914188,0.663970970074946,0.6673941071291405,0.46336832388496707,0.479763406509516,0.6172592584379283,0.5526253964478262,0.6321166149390761,0.2334733839278759,0.4471244653122087,0.41923728698925067,0.7117524033636013,0.4295142755093497,0.4681721794377849,0.57732535183717,0.5393237716856998,0.7218756910487403,0.4290644634661537,0.6287859104629258,0.4276424839877346,0.5540048008411788,0.7470835874126072,0.3552137449830041,0.38539380994026035,0.3440315365127192
0.6767692603829384,0.6241819058375806,0.4151743083314789,0.4652501874436697,0.3713071134088699,0.6343896649668626,0.6179234863234971,0.5211156732586755,0.6088819506199136,0.7527919500841863,0.6995619011089436,0.2570757317005909,0.505122233593846,0.6543059478523798,0.7200873586072829,0.6221155945944936,0.5511314793114113,0.693712189377933,0.38461751693871565,0.33782423470375417,0.6083175692404852,0.6814806118305119,0.7701020041895702,0.49498876105672496,0.37820960125172437,0.7133098484032349,0.4928218309754659,0.5767256259600678,0.5502411716364488,0.34939472127925914,0.40974830922455197,0.42864048170663605,0.7483795666827099,0.40932510918428266,0.40776609921022156,0.5654054172766829,0.47881397904773343,0.6983505794252792,0.41953818744824933,0.6850854785945306,0.5151120705593849,0.5355666180757856,0.862432151416074,0.3477209770138089,0.4058279710726063,0.34537102740711717
0.6116439235687884,0.6384792470292698,0.3766794447007863,0.43483771894242984,0.3945520215467443,0.6285450384109637,0.5660965259530297,0.5730616908479352,0.6466996133043809,0.8174000752426214,0.6155447741238458,0.24035167827623247,0.43827738068518995,0.47737586686907113,0.7953030598985079,0.6384936380546768,0.5993634640006438,0.6869519819650735,0.48823555049069406,0.41864644982507165,0.6095157950694798,0.6317803303287688,0.7587958644986681,0.4162769366453193,0.4638374606144482,0.5984437663210219,0.4171953864578286,0.4926706246154603,0.794051652771559,0.20843740812714515,0.353622649985765,0.40630823798961346,0.7628759661553617,0.5072403263591115,0.49093598529877713,0.5814894413940607,0.48420736747093646,0.7891749841141018,0.46112155232619867,0.6599207949707043,0.43478813993947535,0.6336226635058338,0.8684332767577971,0.38021990687934554,0.32219903457928134,0.37874805395604155
0.6918832011449764,0.6308888493900922,0.41379417601563484,0.45868328867111313,0.40910281398556314,0.5769548020898201,0.6902523294546243,0.47884361920761037,0.5918233639993319,0.8744075029155012,0.6401769296982716,0.2577885968430281,0.4554425827059357,0.492762402646899,0.8102359392809675,0.568452990583167,0.6896056518808151,0.733202422493175,0.4509704109806088,0.39444921317150394,0.6069401909381505,0.5393064123307636,0.6570230782687723,0.462351167275179,0.41628090215965863,0.603873989282394,0.4506118616796192,0.5665748122129239,0.6876564700904881,0.2855323725963287,0.3444852650775273,0.5072980879017255,0.8565141757780987,0.48584477785998575,0.48070824109030363,0.8775777181262202,0.47341235650101293,0.9081349564859386,0.6395556355846632,0.5899211083917798,0.5266758834461694,0.6227771974677795,0.8176137551628537,0.5190886238440438,0.5166531489415169,0.48860392185390206
0.794039700122362,0.748115138334366,0.48476215156576047,0.5038981402416677,0.40150935960369594,0.5825670939418504,0.7283527092504203,0.684685317410578,0.5757882067845997,0.8443436170403712,0.5491325908818488,0.2707556425747722,0.4507780295796368,0.7481544587389639,0.7535200594718159,0.6008450998248585,0.69456117772771,0.6953701413404496,0.6377941653247073,0.4921382801481274,0.7190839609517692,0.5768309970719019,0.5954629770915895,0.5803781484414096,0.3997765369280953,0.5397781989023079,0.5430062604486008,0.6378632210032514,0.6971757492219726,0.2874762768075873,0.37955716206472295,0.6676762224979753,0.8309934917120443,0.5820134440077102,0.5833503632747756,0.653112084413288,0.6125637578357673,0.9027706087167429,0.6944886876200226,0.6927205706961078,0.5895408285946976,0.6662048054687293,0.7802590036798162,0.6371431471460852,0.5298575751604853,0.5602055282574042
0.9261591955457841,0.7364631553127703,0.6802797932817385,0.6633275132235419,0.6182359493746471,0.47402933896356586,0.8026543535004163,0.6799899998448736,0.7887017761028565,0.6052140053901395,0.37771589117841453,0.2855476161110864,0.6949329658449291,0.6731582766868469,0.6716468062658923,0.741058549857104,0.570800129823096,0.7216305973238962,0.6709656666697696,0.3829708681449255,0.8008308785023192,0.5795328617698942,0.6082088600309011,0.6780222202117867,0.4006216304653417,0.6040519746539387,0.6989970633339427,0.5895445247471142,0.579460754004174,0.4534618770692267,0.558824148255748,0.776213872094927,0.7183820370049757,0.6812458397168424,0.6966203788942597,0.5543251750215621,0.7454922217585793,0.9316082897236295,0.7322451962476257,0.6623210820767358,0.527159546757517,0.6760479506437778,0.614678195590484,0.6607361803765793,0.5596236754584352,0.6707219273397037
0.8246327587832191,0.7979284695616284,0.8514907670301507,0.6472304780573593,0.664270964925696,0.3973925891884668,0.755805186164512,0.827468205968533,0.6336576629693772,0.4597335686266529,0.43797148641293754,0.31398738058603576,0.9300861659045858,0.4920176258509182,0.47873431528152643,0.8029443623252634,0.4891310681801197,0.6127676514962411,0.7112959627939386,0.3028960225659586,0.5784797542618795,0.6092228167410728,0.5403010262128958,0.7384928205574327,0.507530569056427,0.8553728017492733,0.7915772872228749,0.6671045868342955,0.3959613071064487,0.612448886515231,0.5448566771928011,0.6019402267817558,0.5663386716118647,0.7760725553607668,0.6392947217997406,0.4576799248991159,0.7919641204021695,0.8292267644098578,0.7196313686190712,0.5874694809742121,0.6017083997544134,0.5864871377604868,0.4857577419922055,0.4138257679412339,0.6970537001267978,0.8161920935154577
0.902228563593548,0.8089058544535499,0.9631677642934301,0.6022164986828257,0.7860634983876206,0.3945617289185177,0.7601803467298018,0.7904925878414176,0.722932780202239,0.4619194295221875,0.43350844936035987,0.3992478755892314,0.9137988798694956,0.6246292398207207,0.5194582009459363,0.7977625072565045,0.4695046947128536,0.645677237156743,0.7630020119013596,0.38761669656233827,0.5195039326710241,0.6237260276705354,0.3791594456816545,0.6242590309724872,0.5496816955505214,0.6549471894449239,0.8836059472259749,0.7525576012353546,0.33617225804539425,0.5248041826419269,0.46366277706096415,0.5109791628361322,0.6038589407127726,0.7289190222097278,0.789200728844725,0.49089347875778605,0.8771494728537582,0.8375515336259745,0.7640899731589365,0.713634966533884,0.7094231328935073,0.6844598448101029,0.5174058027013142,0.7004406668679888,0.7202330424145453,0.9219953346253064
0.9800658649224672,0.7603114205415502,0.7666677913839675,0.6291772503410252,0.7995468640897256,0.3840360328323381,0.8386077083194994,0.74013546217866,0.5913270292298078,0.39448098779047386,0.3817114101323776,0.5089829004241541,0.7165946031690368,0.7979149570308539,0.5871978364792909,0.7311169274964405,0.4142409152004232,0.7583329859192582,0.8349282573011093,0.27855957185927,0.43537767797399474,0.5884686735162945,0.38112149154748654,0.7227645035408079,0.49428639339397995,0.6117673524064674,0.838767507958558,0.5685914123585178,0.2513381438583321,0.514103330229298,0.3754712719417122,0.467779568178577,0.5337481238426993,0.8137451439855821,0.8896882412380788,0.6533762964593227,0.7689423298976603,0.8762251172988823,0.679635768654474,0.549250253563491,0.6305206984353767,0.7438754709236014,0.41658431107706967,0.8635141142110545,0.6978374007719905,0.8025650160834232
0.8752113467257681,0.6752691956246599,0.6706611981691498,0.6150695344339158,0.9128448767842213,0.3637620222348489,0.7826268087315389,0.646371860506939,0.4650848147649874,0.39288216976522017,0.37432842389094395,0.2866562424587598,0.6253242206297961,0.5199275258986074,0.41381491649281343,0.6890333943253723,0.2195100371688086,0.7403545875543335,0.719016601333741,0.18851312566554074,0.30395835146548184,0.43279642391553547,0.36074053051731614,0.5195764013091886,0.4630959224480423,0.6541238298068524,0.6385965181880321,0.3795692594986302,0.17270364776969319,0.6832408892944363,0.23159892276910785,0.3533834986315686,0.4768810978457625,0.7352176487078851,0.7775443622987853,0.37821499356822075,0.6891634304791179,0.72956133850816,0.6079090858307461,0.4530996386244964,0.641630234570892,0.7656353816289891,0.33238498290986807,0.42805318847728424,0.5788143396763523,0.6811699024824729
0.8401083005156043,0.5896034543483549,0.5725462975626793,0.5827419138390761,0.8104190646539893,0.2789037657687415,0.6939582223684806,0.5107408834976674,0.29422765606388496,0.3134862057355301,0.32269606145822144,0.25611062717834,0.5403994243107546,0.1936346380977127,0.36395301259433077,0.5898791494735189,0.19366576996000193,0.6989605935119827,0.8190687978417057,0.12852178300070147,0.21531056861033204,0.3601497727706618,0.3994732400248822,0.6020543884988491,0.2609288385141023,0.7343815415812883,0.5622549962905772,0.3135960329191031,0.13480532109242976,0.8268069750222106,0.14405523007480114,0.25939296359975605,0.3893846768576659,0.7653394130372516,0.7010966659195906,0.2779796016968618,0.694932649673057,0.5523050063114233,0.4474545781137396,0.29733419375247777,0.6980786930963238,0.6315514574714329,0.2759110972020307,0.34779819114200544,0.542321966218021,0.5677994935057318
0.7394786099613142,0.42820431059152386,0.49250334890834263,0.4373034645650321,0.6072276216560639,0.19966601077287555,0.5747272406851438,0.49342374145012374,0.2776534694967645,0.24574007021270897,0.22636462885130232,0.17526046152590735,0.4655494845221053,0.2228722457859213,0.3184127155973626,0.49263053278662466,0.1493384223048241,0.67598766854221,0.7099442899766955,0.11308334675276382,0.17130056795932105,0.2645455673658847,0.36249527199964926,0.45320167562695496,0.12604696240537328,0.48917045095262823,0.43680972479702623,0.2627669281397581,0.08943983484691102,0.7072886315900109,0.11878475467638178,0.16888782432731556,0.3384904740317264,0.6409182090866116,0.6358315814793234,0.21314733402554878,0.6744310464465775,0.47718810392599587,0.3449823368408399,0.2691407405563309,0.4669441107427886,0.518748259179089,0.23903553947530107,0.24936728411926093,0.3425000614530836,0.5341034613908487
0.592663876403557,0.26630442605465754,0.4549227707576077,0.39950183714647575,0.5632205152816255,0.12866117647839076,0.46721089325974663,0.532681663547817,0.26814247000056346,0.2180190672545509,0.17675872285890795,0.11806172093084837,0.302709676091068,0.18355753570972938,0.18652321834578692,0.3988028945775267,0.10914996462718005,0.4624668669489471,0.48581361637026593,0.11683847631629021,0.09530449221956855,0.21149860657550387,0.37237683776231095,0.4585733758300795,0.027379130502680704,0.29427469456929767,0.3731992320077165,0.17996151817142342,0.08038147690027925,0.591820968672285,0.1058146771144029,0.21564713555686918,0.3154766031646126,0.5548802446510416,0.4287858586830858,0.21246608580135087,0.6150766934592092,0.4212372457684911,0.2545399970341211,0.27917597149568363,0.3610744643851599,0.44298263055058784,0.22537298529725502,0.24733509071612167,0.3095848922964601,0.4876082479561457
0.45967371930278644,0.21889060680729303,0.38672112025987865,0.3209232663068063,0.4948356587998498,0.09136828903497228,0.41322284850803886,0.46827663355213517,0.23198297604331364,0.13731745528584213,0.18120545614308933,0.09697747886852748,0.20442415609409306,0.1881720448014888,0.13656246035866737,0.32970674081881296,0.10156187594519805,0.3875831912121987,0.3958545551607998,0.08170587409480298,0.13236875210673302,0.18005744187351314,0.271186885750377,0.35641545859170193,0.011108762915397384,0.3254254665238321,0.2789155217389847,0.22523083063980237,0.05824830703873213,0.4655009647532141,0.05275823376599232,0.13057771732926976,0.2755957600133093,0.43419920649284044,0.2928133042126086,0.15056734959262497,0.48174185173094314,0.30341973217941287,0.21866684647074291,0.20229004598752642,0.43565269612316954,0.3805578124033256,0.14553193257527802,0.27282548110449656,0.2181184601221659,0.4610552465575211
0.3544369820990437,0.1657420995077329,0.3516056843986231,0.2577496703383077,0.4359407610280217,0.0481054903622528,0.35536013952792544,0.41488206352818413,0.1836794951429562,0.14151981300937325,0.13423920768443975,0.07223137981704923,0.11507380105531728,0.1140915739323714,0.11273629742406871,0.28835100279068016,0.0957679782184507,0.2864221823483454,0.38508493871240523,0.0438051306085055,0.06280731703031503,0.19029338401610865,0.26550465672908957,0.3028944673334616,0.02576458636825956,0.15804317653153757,0.24375881458537582,0.13108887759784765,0.045984577939843785,0.37683737347781526,0.07342214010146972,0.11305374374491076,0.24726830466665783,0.3602969314739338,0.24224674970397714,0.1365941317985537,0.4398297614949908,0.29482233926888185,0.16769072987109895,0.13852695874982018,0.39882344662874974,0.40238749525632356,0.10201055193009206,0.22478062073008978,0.16178763569878812,0.4431760998678114
0.2726238223509403,0.20140829516891598,0.30654113762102747,0.19892990678506905,0.3115225099203178,0.07392226776493524,0.2955312831663355,0.3390145334513352,0.17359661897502562,0.09679218749048818,0.15304059734400594,0.07833778708290991,0.09819495480030493,0.11579172649453554,0.06253843266211276,0.221388835826644,0.1525418658717686,0.1492884696430845,0.3041050256368145,0.07183940045933129,0.06545988125971461,0.13189339360437238,0.25765057108786366,0.27158725022399444,0.03051466742070323,0.1518336155613894,0.17585847267671842,0.13871343628021732,0.03545806379594356,0.3865043563968637,0.05162190891210706,0.09545675196509462,0.2346405014253457,0.3077194285664052,0.2184988188387456,0.11838347528078688,0.32684415786837906,0.2657612375034738,0.13782516042374154,0.17522676979043067,0.2534849599442996,0.3000163400431102,0.1212151223342564,0.13385779572341436,0.1743284449593931,0.3113671909374512
0.30838707010999056,0.16107417176974478,0.32911720576964026,0.17956440307088636,0.3774572771110627,0.07286330958640214,0.2781063068795452,0.3076054799764663,0.13131152073091118,0.08481255566891985,0.16372719830284127,0.06890755557691391,0.11980022316784822,0.08139897283836603,0.0806151543981801,0.24853854414512427,0.14798318947436268,0.19141526737051537,0.33875255626671014,0.0589397588596326,0.04440795927493806,0.11292754221218579,0.284878371582464,0.3580053322138102,0.013234984834646676,0.23017132073642213,0.22288173691699717,0.11302578662106921,0.05704994870231592,0.5578434730529832,0.059112109091449296,0.09017573878833143,0.22793601684537468,0.38757866227642596,0.12712662709582626,0.14971034131179464,0.2804957959977801,0.32507180968663135,0.14957603047224644,0.13870173182852938,0.3074000393823765,0.2925403249142637,0.12546342532267277,0.2184566178269837,0.1682171708182923,0.3431702553719513
0.3831639623473732,0.19755151775521815,0.3490853785527861,0.1861957946163027,0.39023544639958463,0.10420850527782784,0.3448381968695556,0.31123767650657697,0.1429006785963205,0.10395565382021954,0.17117637692970616,0.07599480909224222,0.11720013643151736,0.20060784533105086,0.1527789586439682,0.2589052317872865,0.15445355109096465,0.1605768116840799,0.3277540611093132,0.05121388332640515,0.0222918414673453,0.12404430723990825,0.2917311532634705,0.3560416437285737,0.023747381038623776,0.2641966527325973,0.23136319458590746,0.19850781704454773,0.03758931335208179,0.5381454126156829,0.04912556039303926,0.15815896314869177,0.24336364419903023,0.3859656799476207,0.25026196501737463,0.13699073156818228,0.3395764132824772,0.3278926880680251,0.16417829668752043,0.17543698225057067,0.3229533663873574,0.34423776855971083,0.18841191266432228,0.24360293429018534,0.25483815906692636,0.36064505130200153
0.579875335595768,0.31037704977804154,0.4355306619724849,0.24364639835298002,0.4626080786986061,0.1506153299555607,0.4875200702136877,0.4289047595191999,0.2694795018425906,0.20580491017631777,0.2575125529885705,0.1200052852817347,0.20198682592654676,0.11287513592410686,0.20291836976402203,0.307347886083941,0.1313668268980582,0.2348928483410011,0.4940116407888295,0.14708731616432508,0.15211838715010903,0.20218787983458025,0.4363388874316491,0.422296193885625,0.07039908104982273,0.3076022993626141,0.3395321716167641,0.2530439577910753,0.11033545512771645,0.3652537189921199,0.08267338015592196,0.3586462636880293,0.35631384707543085,0.4861311798752143,0.31705702456256885,0.3450216991992781,0.365509398433373,0.3420355658092679,0.3205683096119678,0.3175147969602881,0.3042965132021637,0.38731273782542774,0.31224084861327617,0.3328669802759403,0.3157578078801384,0.2623440013549373
0.8184546059632956,0.3849522252179222,0.48314151504496544,0.3705730800085899,0.4187991839583315,0.40023867654310497,0.558598785173027,0.49494191201447807,0.39638932799222276,0.42400633467926274,0.35886161870316646,0.2540052256341997,0.2609818017753336,0.42042218816639815,0.3559596123645268,0.45979681076149204,0.3587752057111982,0.41791330083156375,0.4967090416571061,0.32808471735637235,0.4379819985748615,0.3634157529944234,0.7131751257930461,0.4815091858938798,0.15081627002842252,0.30859600456143854,0.42570916842240103,0.38720790541921557,0.28913692127294693,0.5135323691208441,0.17378674385064463,0.7699816270902646,0.5876122407934339,0.5663062198664962,0.6381510516537909,0.5644978037579597,0.5618634251728731,0.5111978359321622,0.548823291808095,0.4728570019202781,0.4170295899432705,0.42314540275085377,0.3938506829458428,0.5564590264371152,0.3742888502283258,0.2790663768437056
0.6843698099523714,0.5475723387895385,0.4528454369239615,0.4573133431497972,0.35963242574564813,0.7943427094617596,0.6327125475559101,0.581642613023762,0.42276770598227387,0.6561848360562917,0.4308997566987124,0.258945350834457,0.29022782684689064,0.39796132812895574,0.5890532493844349,0.6267213860048698,0.4877069506108896,0.5266862873918128,0.5493742584611948,0.440154661182736,0.6507659822417078,0.480846046966644,0.7796296114824509,0.47567719537756536,0.44920096492395895,0.5042819382579903,0.36541286506710285,0.5707825457429425,0.5727226488595873,0.26581318781465957,0.2677410432828369,0.6334537713899353,0.68951818477282,0.4980939860428299,0.5666639446123232,0.624635228301251,0.5507985061353168,0.7309688516983107,0.6135349375746997,0.6544916258182036,0.3825671876082716,0.540293135885994,0.19005121919501372,0.379513600472102,0.42464249921868796,0.28465838231921714
0.5305366343721697,0.6022925838903475,0.4303152168581004,0.39934167187114467,0.35971506604497105,0.8163147563754761,0.5801357876858791,0.6583443344270621,0.40640463056415865,0.7092206979068792,0.5932637227515807,0.2882112101155452,0.2838237216916134,0.41678251883579526,0.6571497364584898,0.5644099142374758,0.5757493326508634,0.49668762967780433,0.4695424206817482,0.4310631013370713,0.586694821017769,0.5812296759523282,0.7796530050198658,0.5140412418838655,0.6213851718526281,0.5798141790496001,0.3407502603556947,0.5405940414263014,0.7027678653538483,0.27372695306400774,0.2564052830310943,0.5305552685078054,0.8023438113940038,0.5211312490565105,0.4913217088673004,0.590497076152267,0.5973203958469699,0.6000799906338264,0.5585134250451897,0.6634012181146148,0.6597835833460386,0.6467553835248032,0.02885686831538521,0.3985363709330854,0.4108385934992636,0.31963543261684246
0.6253282274426205,0.6874480844998148,0.4257676883813455,0.44520196722385735,0.33986552476933096,0.7234319755811026,0.628326506310184,0.7837215437817234,0.4364049200084143,0.7368197216546055,0.6510170078218303,0.30130527401711,0.4045648800669717,0.3978537584793837,0.7231027618529678,0.5259121165252525,0.5333526777665627,0.6223209183073091,0.3259988226965033,0.4530053968602318,0.6030261476044373,0.5726906102393753,0.7589199200869783,0.4300019475083978,0.6914761951113811,0.6680571780615463,0.39532010155494784,0.535926233246503,0.8255723218618132,0.2641687474935409,0.29233245994055024,0.4560995841058533,0.725882068291143,0.44980709877829317,0.5595944560279017,0.5491348827029673,0.5919991257501721,0.7376954458498823,0.5052384549560668,0.6463035531344468,0.488401199089787,0.6555081733763719,0.03979666726753528,0.32288120400640796,0.5484245417111795,0.32242571772791745
0.5986010679569396,0.6842526994301967,0.4286450712843256,0.5154453475045763,0.40275030395624234,0.6563945466485589,0.611180304379124,0.7297466758318099,0.5074628061590288,0.6874355253887444,0.5736662968707056,0.31851575625945383,0.5149034732864062,0.43742925369442137,0.6824498108719367,0.672382081516124,0.6374078728229432,0.652857515446037,0.405577419897079,0.39871183833287804,0.5602012576820079,0.5503928029370819,0.736422004092899,0.5811914566550376,0.5815150023835792,0.5363184584341214,0.5062143742435188,0.49456087165360674,1.0,0.3172715513736922,0.5019177002663047,0.42881345640378665,0.6633341274372052,0.5183432949977133,0.48952583656656345,0.49004836159550497,0.6005158955568948,0.6599499283194019,0.5100922222668963,0.6154911355544792,0.4923893967150496,0.8262901217670583,0.0439866751613244,0.3762799340867529,0.559004487168687,0.4005024248474621
0.6074513492539954,0.6659011580025206,0.37449546326536337,0.5054455265920873,0.4546915191967913,0.5824763093475315,0.6537738036181283,0.7445437253530619,0.45404269977428335,0.6846190068519078,0.7003199919359201,0.30934098627342665,0.5350363202348626,0.6032994051154603,0.744937403057495,0.7263566073340508,0.5652346359173877,0.6668155681139588,0.44835777961097384,0.36298613631825466,0.5786021285175396,0.6787578746927693,0.6878496807732467,0.7504645237559111,0.44090155809924303,0.6534429714500766,0.5523275867764831,0.4986260356497677,0.6402669647057128,0.33728089533373784,0.4402918245133374,0.45246903586587695,0.7228776818598827,0.5216000109730334,0.5562730523448414,0.5327609159028259,0.6759389673376661,0.7171861323153482,0.4609368195316379,0.5980089002134065,0.37577745257050355,0.5933502174539471,0.0,0.42609160473835633,0.6489631259154354,0.391766981114586
0.5788730447233116,0.7108691414322685,0.3767243913542134,0.506177846442067,0.29102799763539267,0.6735369971839705,0.6982931949958276,0.623166712053478,0.5136306233053988,0.7356328604281956,0.6906264139327377,0.2874557083922427,0.5100018488807114,0.7501264195914736,0.8335722670171749,0.6542842343277118,0.5455017161415631,0.7674653236375434,0.5534610012807542,0.3199874919383581,0.5414988691908128,0.7302964460014657,0.7187062848448132,0.5093605514275339,0.4897651813511167,0.7240392764354645,0.5132436134717185,0.5832073375098231,0.5412639592094628,0.2570771191089163,0.34512218897075564,0.4338550745426185,0.7439748476152566,0.46057886578688884,0.599551691742659,0.5779257327720182,0.6444626343905286,0.6691833071194314,0.49422411828060825,0.6851811705295477,0.4524789818723706,0.46618982575001766,0.025597562400436206,0.38376263433869084,0.4263099793405775,0.36652046568472413
0.5859632875129908,0.6850054975494568,0.3979863933422761,0.4939478108058604,0.032628776179782416,0.6326328417291143,0.7124368666816173,0.6981729221644442,0.5079424190295454,0.7269826392798794,0.7080338064616092,0.30836377690128514,0.4522304816192435,0.5194341567827943,0.8636724483114026,0.6380811810915719,0.5480055054770975,0.655247912546899,0.5926237137788852,0.45358539462036734,0.5609682226869389,0.6686993865280652,0.7877541979702752,0.4572035657033292,0.5311608358849443,0.5252991991493655,0.5121975419589423,0.5599397430190632,0.6015088549677832,0.3806810309746118,0.29282568580266355,0.5286399225422704,0.7803949166759421,0.44528935652260965,0.7542768787105542,0.8858987193070261,0.5661636233476903,0.6805322674154678,0.5440580819346067,0.7511944437745591,0.48526079472790745,0.46914207912042677,0.037028242397123365,0.39777594377425324,0.3819632433109125,0.3811592674217345
0.6887677954194877,0.7782005172954074,0.3857977744958078,0.501139125784014,0.36931410637572293,0.6127654586234921,0.9557501585304843,0.7368539246628152,0.556683430391712,0.8157592355696014,0.6991661425921097,0.9250195758257589,0.5080071306310684,0.586865279993757,1.0,0.7152604835587227,0.5629103201998028,0.6633969612227603,0.5004748453415134,1.0,0.6534374661442189,0.6466202655333094,0.8387726565843718,0.5364343007630714,0.5332573865517725,0.6136799734848439,0.43925454871104735,0.659746054679305,0.6795995095306063,0.285728968577873,0.33897977747850727,0.6197259073435873,0.7583146886944786,0.4426503412482712,0.6312822018393823,0.82674362992351,0.6253571217565043,0.7812446792508081,0.5540889902019168,0.8449706599241759,0.5870967551102777,0.4595172074043633,0.024899445356411243,0.45273244116348055,0.44841366094435503,0.4394417084961475
0.7979950644174715,0.8531695054626511,0.4636120266799944,0.5574544980183959,0.4396456435394229,0.5798519889614141,0.850628977771566,0.8090012851967114,0.6342615593337247,0.6858112813925304,0.6481169308891933,0.6295228181250248,0.47078136523285047,0.70430875909037,0.8892106079085018,0.7110992503168956,0.6478628810479348,0.723879122922838,0.63076584229572,0.6696466241411717,0.6751114623211646,0.6941329809541704,0.7320744617652749,0.5205086538319683,0.43862099402248195,0.5570455343190412,0.617791957703485,0.5727870966067411,0.6428245282356619,0.5964671491744394,0.4443021781238205,0.7363999338923821,0.8623923175457678,0.6144869995328361,0.6010179926007388,0.7445325935894745,0.7111211235528128,0.6989396502069948,0.6202295401089153,0.7942031192295861,0.5603662260682868,0.5624923605679777,0.04730108417849195,0.45287573464551917,0.5044068108879196,0.4934357362180342
0.8963410199983735,0.8621845824221613,0.735985668088209,0.7034286783662747,0.6608096567779265,0.42711916781138853,0.6637969581103121,0.8671037346966494,0.8001206059500034,0.5660973667250679,0.4799499736201106,0.3744891240939623,0.7035025837528956,0.7651349350299164,0.7942851056650937,0.8072169249219349,0.6800804909687728,0.6672039487508901,0.6222726037263407,0.40984611426807455,0.7815850217245149,0.6576053933122059,0.7573446797096841,0.6774145196447026,0.4164485599141049,0.7470088218605156,0.7145993117888282,0.6686235773073447,0.6376396255274954,0.9255740046701217,0.5554874531013028,0.8419430768140997,0.7291974843512703,0.820330008613459,0.7827340856871947,0.5464962952733483,0.8168956334357039,0.7901020686608089,0.7443066883754926,0.7713231914964763,0.648864670412953,0.6926015876510538,0.04329580917770358,0.5445343303649266,0.8398662553567919,0.6620719415417178
0.8622069287695302,0.9515623012341284,0.8836023873345785,0.7928590389810313,0.7978763122583733,0.392780962478192,0.5755613795555365,0.8349971670491346,0.7173939100732389,0.46009855951204925,0.5044962416079211,0.301669460749772,0.8948881573732645,0.5933446811382224,0.689114926700113,0.7704239518506614,0.5501546677793568,0.5413576933227822,0.8496338866521014,0.28983868720093436,0.5369612616573102,0.6778082055247447,0.5167539557324412,0.7954428930075678,0.39592390737016825,0.7478822655728795,0.8765334933754025,0.7545782028151147,0.3566770567817135,0.7422332554068227,0.6298866740457836,0.6216890904324971,0.6017545011741227,0.8160731159847063,0.7323574101773427,0.5107109798254003,0.9149215963001704,0.6297766308090724,0.7506475492118052,0.6507346407889608,0.7504336395962018,0.7545153965230454,0.026555498630465083,0.4373978529303743,0.6649953597933844,0.8223458546201042
0.9141952579543017,0.994851116855968,0.9058327023122071,0.7478168353990594,0.8983339348133198,0.36912425862509324,0.573616086517422,0.9763222325293982,0.7254364200778591,0.4750327372462299,0.4825041321038056,0.3529661287998079,0.8970346763648644,0.799510421807681,0.5770977506858417,0.7327654690596274,0.5441377355647022,0.7581821118588118,0.8532290104256878,0.2908586447174178,0.5752748262672228,0.708367809667538,0.4391484394463025,1.0,0.45535636585864814,0.8224744003790966,1.0,0.7637301653332016,0.3270343265055414,0.47231825373179437,0.5771227790569395,0.522463184824361,0.6777354775470079,0.7485651006652897,0.7914372794245736,0.493349528621232,1.0,0.8374126019719965,0.7669043674787975,0.6954108966942457,0.7310125845253513,0.7335873571986751,0.026702188375682463,0.6262506975178272,0.684061400661669,0.9414810083500856
1.0000000000000002,0.880391118672677,0.8195497302330507,0.6898693422904536,0.9009311147998496,0.3679280458912537,0.7718742645738544,0.8066950619883544,0.6151161574939792,0.5340269481579738,0.4069977229123024,0.47775932127810233,0.7196292870600683,0.8305056738349839,0.5676054603167973,0.7740542416675129,0.3868690283206144,0.8012866068750035,0.8574604897626158,0.2725257803588686,0.5478965331337489,0.629965408626817,0.37295076354570894,0.7841706017922939,0.3424107681667154,0.6981586927719109,0.9169629089804299,0.7481628399615634,0.2724270117068025,0.5750197653758882,0.4590440188203074,0.5276940050176935,0.643995103814755,0.7649967389859272,0.8986641650095465,0.5907866827691132,0.9050276880861504,0.7987667816645813,0.6710022775493842,0.586605604643298,0.739628087728509,0.7585451258300874,0.03773385952151548,0.8224388972272914,0.5428791891106892,0.8482088054097223
0.9365180900164515,0.666590458972307,0.6964302638822655,0.6634997001681465,0.858497095765451,0.30754230951409417,0.8406045401591377,0.7186080219414683,0.5241598704938724,0.4004988767123142,0.38115269710336735,0.22771411253757826,0.6483553450726427,0.5226493468177282,0.5666393868405442,0.7426728025644677,0.24364172985208823,0.7711500653023762,0.9349392143671129,0.2054620191722607,0.3745281370195398,0.4231691556712291,0.4090263710812746,0.7487931270991965,0.3004878956948775,0.6246462593544104,0.7406142081046206,0.5446354463899946,0.1653898479986385,0.7276481975850346,0.3545741146897952,0.40920506904186627,0.46984401453306135,0.7880264544200187,0.867370379994893,0.3437055706584951,0.8033265110335459,0.6151154980266731,0.5348067762943078,0.5047829079535217,0.5874329714728239,0.655253417984384,0.012732302484299237,0.4496668701068697,0.7396171118004682,0.8119950782417905
0.8490192920008769,0.6686539557772113,0.6143546708125781,0.6090901160713887,0.8334222251063074,0.22356402245040202,0.7205148541302024,0.6820447575766262,0.4160897658172187,0.28408946941423674,0.3410375126240138,0.24188661640209677,0.5747372057887506,0.557443249702932,0.38030911542123125,0.6018934755288697,0.2067345429951799,0.8408464971459668,0.8627444840650955,0.09508263726500826,0.29264765533938986,0.3289467092447209,0.29549978176310016,0.6332645667374391,0.20553327005386457,0.5008284898597007,0.675839574000369,0.42686260297020207,0.1307660358174512,0.6637905297161614,0.22743644553419326,0.2598537984819683,0.42743023613955056,0.7494194403819446,0.8663784442222515,0.2855238203519745,0.7490039420359619,0.5985999412896248,0.4554935396814223,0.35737462798602926,0.5487878796285043,0.5702844601995255,0.05225656210213618,0.4402566807538639,0.6127690081393924,0.6248649631739127
0.7288080533559931,0.5709229949136019,0.5358615754643337,0.5623701626210965,0.7354006062350031,0.13428378045573114,0.6075375779336374,0.6016917293136743,0.28490516269742083,0.23659951780687408,0.25705476352683715,0.21008051144619588,0.4643226201805209,0.3084609904392881,0.3099534307202463,0.49759004357735753,0.16351894521904037,0.6625436073889199,0.6732749048804249,0.08906665418157972,0.16865967575768182,0.23387164302938224,0.23950076830763828,0.5134222713869395,0.09490160862357087,0.45700924599265225,0.49864481017998646,0.41637334883476884,0.11016248265672388,0.6160775970989074,0.17520530054916866,0.18963670366823543,0.31920874810255645,0.6882524390510284,0.6976677998884148,0.2324099774100907,0.6857079792055114,0.5774676711955066,0.3248208316067837,0.2757266726099063,0.569506268386873,0.5074801044170003,0.05546553364156466,0.29209160504439863,0.4750473683749696,0.5791910047081463
0.5844918977079534,0.40492055285166506,0.41121950060029916,0.455718569075309,0.5831701302196811,0.06564949229983347,0.5041941714466271,0.5020568216892946,0.2792278368527059,0.2421272002652826,0.22814740648635,0.14172417896752942,0.37695179922124056,0.2645482314951972,0.14692341617228175,0.45358046107235467,0.141452976983187,0.47891774705183554,0.5880751145373471,0.11636789663814193,0.19915059007802088,0.17964043183614928,0.15127496773824323,0.4109333176315629,0.06992631739507203,0.5073711087995867,0.40027261131535163,0.22605355938053784,0.10743455612212613,0.8383650153472644,0.10541318247921214,0.14157453447922497,0.28221040592777674,0.5641130809704265,0.5315197354341521,0.19253407995288335,0.626253315937468,0.4467851241215341,0.2646500603606992,0.24725215548279397,0.49334318779221015,0.44110565106585137,0.22175664052056504,0.25204174436661175,0.3650108402649355,0.47042814163889624
0.47195877164389993,0.23036067063393226,0.3257639368851217,0.3925053797552358,0.5168296089880983,0.07334594255062139,0.42301498012941696,0.4072623078068592,0.23403914448932955,0.19593962160236855,0.15586171088843215,0.10393832774405624,0.23997816166427657,0.2564155936191458,0.18144444251852498,0.38631605864794155,0.12146963600469118,0.3218314966348289,0.4203642075925217,0.06958596342752521,0.13126045023128438,0.14970688263270165,0.32679126747422366,0.3571349786108895,0.04226518924799294,0.38254543302951616,0.2905045770405164,0.23633933677672964,0.1032134670473552,0.6958838350703862,0.0712352519500509,0.09868446787139595,0.2927380706423947,0.5263643702729826,0.3127358320391616,0.1501757929762449,0.5366991983066088,0.30302993002664863,0.20934962914052557,0.2186914039339036,0.3005316566273128,0.37272738759345175,0.19535994951745048,0.17632524552396872,0.3700532698661052,0.4371030301348295
0.41011065967076527,0.17582006900753067,0.2870001948153105,0.29968286831967034,0.4866334385407798,0.05840425492549085,0.3706387214601016,0.3531996720781544,0.17082784109504412,0.13872139844884068,0.13692364625297365,0.06311661501052644,0.17107427220093774,0.22081055120345122,0.12475749297029343,0.3116254982851264,0.037902881010302245,0.2809175828591675,0.40006314115151503,0.07761739769947248,0.11572928020553963,0.14166612911816562,0.19232577077603913,0.29145813710727503,0.020896972977530848,0.27822912907780817,0.21555372636854805,0.17599233252848756,0.08784825869499183,0.749892796547444,0.039422320279389765,0.06471663055107528,0.2417676000956408,0.4451013098510171,0.22757255443957597,0.11549144659408295,0.4279885819462888,0.2834923704758864,0.20170616902756983,0.17964106921978296,0.26305925936345603,0.3468190578302524,0.15519493461305672,0.2011951090264146,0.19580468269376877,0.3995971874283542
0.36821579752165257,0.20256763706678207,0.2743010576819433,0.2464521731477397,0.39314462764950286,0.06392163013870061,0.35587679954336693,0.3076674865177892,0.12203256601334266,0.10888111753730018,0.12090149090357794,0.06798388321324329,0.11798202365748126,0.14306486820219882,0.07169834137130202,0.2569818856681204,0.08423608818614337,0.2652208869865813,0.36329427618458354,0.07471122555264939,0.0499990316062778,0.09057772093270038,0.15944820990856046,0.327488898490885,0.023637660113681437,0.14640700433061557,0.22277279578112383,0.1616511051726221,0.06663559916188033,0.4533402674328125,0.03805230741473769,0.1000903826921768,0.25964568787493814,0.43966343126072444,0.1429386091784018,0.09313494167834416,0.32540509115773847,0.20815508676543687,0.1473414446459803,0.1548542643358122,0.36632791106233153,0.29837056421524344,0.13545821234376745,0.14109064416754058,0.3209305204183389,0.30303243093733684
0.34974300438250583,0.177031168994251,0.2847016343087692,0.24017703050556227,0.4247620516385605,0.0630893783046976,0.3333318369211739,0.31792074001184933,0.16747540186575485,0.14436959663616916,0.15908431932487913,0.04381398323112182,0.13685811588949578,0.06500018630475227,0.1054224228358665,0.27657938962517903,0.06917511630557613,0.2875546398767957,0.33984058260724964,0.09007152880411587,0.11257341101952784,0.10656829946139099,0.09887020177101628,0.37314543430927405,0.026578600404829622,0.21022069451066408,0.27494424573829945,0.19970136060955845,0.04300994616920045,0.5046720299772337,0.05448469147625395,0.06170553017857311,0.2451046288608425,0.415808852503878,0.14249213736179106,0.12350432148312054,0.29483618641504356,0.30308939362854476,0.18502631538670006,0.10447849483931393,0.531151144223876,0.26592673154091123,0.1975391158189993,0.14425577002760806,0.19512440274115267,0.33365464804720163
0.4203713653454239,0.22121285433525584,0.34478549546708925,0.21756846542315306,0.4292361342420994,0.07026157327900932,0.3891066418551174,0.30356432965348423,0.20907641238085806,0.14163452628793752,0.16204529672396487,0.047055880560000776,0.0987776084377183,0.23819172144556877,0.11283177178900916,0.2609687961909096,0.00528798790981028,0.3085286532895642,0.34433313878409194,0.024817802851661686,0.1349541458651378,0.12644147566810146,0.20839735173686497,0.3771016596527887,0.03219649108374762,0.211627083658098,0.2632727029362578,0.14978804445011407,0.09074633857829616,0.5501246382567269,0.04415659944288452,0.1365927297032006,0.20506626493796018,0.3749080196917211,0.20538215446417735,0.15398129442124592,0.31260332504545224,0.2510183210931629,0.15823774789571537,0.1904489587358399,0.27081767046388144,0.34451492888978247,0.1929906274250392,0.17668819675141748,0.3144344431658199,0.3396941905056236
0.5113987239673415,0.34568289495800636,0.4299418477883496,0.2979323442326,0.43031517512113093,0.1578996852163131,0.4564684193730214,0.3665834890795322,0.18602548207880842,0.21074919443998538,0.260559945358593,0.0761779471351141,0.1648303285267026,0.14057805296914327,0.20557077846393565,0.3156180815525975,0.08462798532398165,0.3381155123474692,0.35444693749120687,0.1450052842408079,0.16248279633738355,0.1510185845554026,0.19966163578317286,0.42213689734484033,0.06604336561710067,0.29460969942120174,0.29190246894517374,0.2723091940904415,0.09110402411611589,0.5573065264531479,0.10542222148792357,0.2710741382098041,0.2788691698038329,0.45652180727564456,0.36130962592965227,0.28528705959230266,0.36052773628925067,0.30642351215441493,0.30165110387291855,0.20210090360699257,0.3897264224719246,0.3290274549473051,0.37032791002460963,0.2523924868397913,0.16717569557283768,0.3151072919700231
0.644585105385485,0.4399043665418233,0.5080997835608135,0.3588593199629032,0.39728432510859635,0.27637704676828145,0.5877103925961561,0.5038030391769329,0.3179104202564697,0.33042520716147844,0.3752598294612218,0.13361097472905772,0.35948667807607076,0.42765675842489465,0.3236600296630543,0.3605071444913183,0.15010511375460683,0.4600520306170557,0.5463676042340185,0.1809598256371054,0.26605298739325106,0.2782837787051104,0.4711704139955906,0.4078627226104095,0.16925502818819343,0.3340736174700818,0.35032579848307194,0.4503366154875883,0.18460224555410742,0.5406497391529469,0.15996566655299,0.5077122792781842,0.3998762471042885,0.6327754481653446,0.5445267064766858,0.47879688060155073,0.48059238085979755,0.41464423020248464,0.45973043647033746,0.3755022609115335,0.34652293033296705,0.3268906711701912,0.46385129727004226,0.2764468532274925,0.3887449742183026,0.25480060977456276
0.6940063072960423,0.5155775352494529,0.4958200518671599,0.43940536965937715,0.3856945187655699,0.5172424456102581,0.6432715310287656,0.6293989108160255,0.37202174749227357,0.414312527556872,0.6310950622360416,0.15479574708613547,0.3723954472176778,0.5454401450012996,0.37189636809537485,0.49339268414158727,0.19987168074380565,0.5594424914285563,0.5831971718645176,0.27892818108402656,0.37374799324402125,0.41835822088872404,0.64561389969777,0.5482832285073286,0.5225803329965407,0.5045231651029987,0.3847070399278343,0.5811332522830795,0.22016236174786014,0.5082806678542104,0.20557904203050417,0.569096223116059,0.5859493618939763,0.6082624111913203,0.5875757031885807,0.639790422376868,0.5124193328652283,0.6886734464812213,0.6570207849221356,0.5274765434772749,0.43155898784900776,0.38745186004178017,0.5602518530917375,0.39381541615975,0.4066249211615817,0.3290825381929894
0.7247069037729579,0.5845060176372557,0.5194917200708463,0.4223322491295603,0.362352580306484,0.6906652173025297,0.6340483398369242,0.6993415699716725,0.4437204991787659,0.492900912268102,0.6727374086076588,0.21360822657780204,0.38893840416553827,0.39515156710505667,0.464537995817905,0.5351522459409599,0.28113598909072807,0.7200842989834567,0.5515055794448778,0.26275507312687346,0.3698671620958375,0.5439170360990144,0.7419659830424606,0.5567620208349978,0.827402328080558,0.5013758712885532,0.5013057770140292,0.6497738078988983,0.27789847141363355,0.5427092022325712,0.2717501633109795,0.5645021245740858,0.6927487985116607,0.6353058923466776,0.6732614290462529,0.6470523078690158,0.5649132417263312,0.6090126999538032,0.7621779961413141,0.610359604633029,0.5138324528896695,0.49164925254416797,0.6801021575590176,0.389707095086115,0.4204994069750813,0.33639495850555085
0.7086941130583152,0.6821607098120145,0.5474148936079661,0.48152611072126156,0.38046077536637546,0.7220242704376105,0.7144055712176083,0.6499454139603712,0.4596680197695292,0.5820272458631736,0.7512008476039786,0.2132372137311667,0.5968894592437216,0.3814721906521396,0.385118514875194,0.6177706559927285,0.3195252374591163,0.6906462693323322,0.6215732852959214,0.3268632451339643,0.38320103041954456,0.5452248976364896,0.7335914393714552,0.5857025445793298,0.9819803529486273,0.6558984144823691,0.5550724994478626,0.5732993073374655,0.3340510972197874,0.4988670395295631,0.2897285310321381,0.4991160846761026,0.7665070196137618,0.6887393266011697,0.5841128387512233,0.6681773733832531,0.7001346151883722,0.7709371546967003,0.8186941453617398,0.7460455464386451,0.6366671408191008,0.5624461827571537,0.4530816387531736,0.4229122255992503,0.46949898736543344,0.4339158859907721
0.7032319355954959,0.7477073728018678,0.6291194484080957,0.5944251668513143,0.4403704464589634,0.593128291248269,0.7611742549416625,0.6826060932031034,0.4812273891545572,0.5489563137096626,0.7124656922986726,0.2319846917832005,0.6511827792890704,0.3946361872841941,0.3736820233031938,0.65694404615687,0.2982874351427128,0.6745019102825585,0.6136972522590131,0.33212341935108797,0.3933870023041954,0.5552823209873498,0.8518830077234171,0.4890987179340065,0.813628329938014,0.6627372975201353,0.6983421806172345,0.5908582680994491,0.31338204759893257,0.43368539862427374,0.4541274507984353,0.48791333747727983,0.5790241189743239,0.7605585671685781,0.7212221738760339,0.5710938133925717,0.813532522043371,0.6861044098914479,0.6472679829154885,0.747166009219972,0.4599055339380768,0.7291595052711205,0.016172141733485548,0.3535115451542519,0.7082253806770389,0.4346194592127125
0.7202963530498516,0.6993199577522597,0.5968474648245664,0.6454454402862527,0.46911569456745184,0.40606385501822106,0.7987271723380183,0.6491297221473102,0.5164795107142905,0.644145362153396,0.7733063978853447,0.26617111226777607,0.6788844277457703,0.33514759955141366,0.49162052334144635,0.6371892530646753,0.31002223452966915,0.7583815568062776,0.6420807176724317,0.32552548854021895,0.41237359785144473,0.7091155582898641,0.8130025769126098,0.5869017445202669,0.6384638309618046,0.610552712669463,0.7297031298814545,0.5356133470671558,0.32239001266868345,0.749696491362569,0.4631955056154089,0.5731149753929635,0.5070641080546652,0.6168411182180991,0.7350769771206941,0.656375967348609,0.8823869121538054,0.7760595825550559,0.6044246933255503,0.7448568070670224,0.5297991353582455,0.5717622790701972,0.025795808148273796,0.44974213553602654,0.4893265249075857,0.4540124565894018
0.7924095600215015,0.7600918799625457,0.5712810514076777,0.6117428939600061,0.3871581288278586,0.46154202107852454,0.9055286961321082,0.7169466697746281,0.5251358258717649,0.5449874225810141,0.805284634861286,0.3354025658209446,0.4878290612346593,0.5978386890331424,0.4533748546542563,0.6455820061246699,0.38402132025639985,0.7027465738337754,0.6058710899307943,0.2751379530650251,0.4394247341948028,0.707855163450421,0.7040811549142969,0.5505675946741468,0.5431733094574985,0.5821891244654244,0.6600146053214052,0.510385485628799,0.36005552911866767,0.5655740394304388,0.35814112922542135,0.5765732006455366,0.6147473957658464,0.6326662764696763,0.6556602135032934,0.6411151234558503,0.7522797070818973,0.728182270113048,0.6250790037669228,0.7472905011621045,0.5068964061329174,0.47212634111773366,0.02796272024782664,0.40078058134110284,0.5384204145568074,0.4451054672638521
0.7193214894652192,0.7704536125481207,0.5100938630144345,0.6039679817928992,0.39048850259479384,0.5560375256469109,0.8824552992800896,0.672020254592253,0.6021011755163423,0.5662264211134169,0.811035108399778,0.32211255380684783,0.5656635424316526,0.5596417598977197,0.41558152048193653,0.6610958782487772,0.4396968791348414,0.7186000161050974,0.6637689874320548,0.30888286486923977,0.416856315073149,0.7088616382322973,0.7136442320608491,0.5263109731550881,0.6076965026426212,0.6518724079640231,0.6025450373403916,0.6743696306632104,0.31926585651064066,0.40382625844511094,0.3723301532369465,0.564192380319378,0.6568512230653111,0.6818913996459702,0.5684894510225813,0.6813096733921997,0.7172692464672572,0.7935865483394496,0.5576126394412785,0.7945501005173594,0.6866723069528644,0.4973413570031288,0.03914117331742874,0.48341477433447894,0.6207674372444607,0.4588738322112982
0.7504535085245231,0.7821893429982976,0.5399635211446445,0.5677076791877009,0.40018719478193043,0.5433593520350513,0.8589848403894418,0.7184609263671572,0.6011312052943281,0.5853495128437239,0.6907578456239071,0.3415830588335618,0.586960142444347,0.4749167688790134,0.4562793789116948,0.6470989422834696,0.5589931041374199,0.7537487494786195,0.6441530795296554,0.3086371085205641,0.41679039651300165,0.6507362958012975,0.6658957026134594,0.5610142083509138,0.5932984925425027,0.565263843027942,0.5748711374378065,0.535263926040845,0.3325719388725645,0.4054549179994307,0.3819928230565119,0.5757408472482367,0.6714651906812793,0.7779612940075215,0.5621170277799561,0.6842006629124024,0.8061905416681768,0.7444293237683332,0.6828359285228243,0.861020218891652,0.6940604589518568,0.49040844398749867,0.01489213252345747,0.4377817995743556,0.6181335339040863,0.4894730487015761
0.7482321664253508,0.7579413497503832,0.5606584809113195,0.6420999148446427,0.4501402213928346,0.43856773486283795,0.7826752445220706,0.7528745966845114,0.6465562807201314,0.557641938227186,0.6216891592415841,0.27642939795603827,0.5842941602116546,0.5501093732998839,0.4653985295957679,0.6772816451538138,0.5365654195303008,0.6396775892445583,0.72374482564919,0.32846714604766086,0.5333257085976628,0.6047331081080133,0.5775278623710287,0.584658860395276,0.5781895753753307,0.5250864468136095,0.6635837186379604,0.5945201070650237,0.2904333815404886,0.5848564208640598,0.40384227862254835,0.7184544664352573,0.65270939473928,0.6869096957924434,0.7097019920431284,0.6822898151224208,0.8119927597254092,0.8363205133022125,0.6717521281605381,0.7633308741248194,0.6745362486889115,0.5511318973271572,0.03627810891549327,0.5495532602770534,0.46406682231562807,0.5596327924503356
0.855496013872113,0.7229907324020766,0.7177313413265378,0.7093986699883322,0.6578259548955562,0.3831836355063321,0.6975316783003158,0.7752349780039582,0.7449142652132251,0.4413044073520861,0.36895435609984073,0.23915676977831887,0.7558113074888216,0.5548519244307744,0.5119444004107261,0.7372771496235041,0.5917410173934349,0.5712486705290961,0.6779330023010635,0.2599365275802337,0.5770084663234866,0.5774359055764586,0.5262363060841857,0.6778440812443381,0.42182754387576005,0.6909799185494131,0.7501403151433644,0.4505744665733702,0.20672782149089328,0.636835952477926,0.6533952801991183,0.725775943791695,0.63033651570046,0.6845185271417422,0.6145210691226097,0.45742177322257127,0.8858367606273855,0.7217773465235312,0.6471892286086163,0.6929759464217241,0.7194659225853469,0.6223609776110168,0.027901568473030585,0.5610396861035073,0.6759513669660431,0.674926255419534
0.871315204571156,0.7500337238771606,0.918066061439565,0.7761937587363817,0.783361766449769,0.3573169728955142,0.661914348604429,0.7730393684573463,0.8125794600459368,0.4651758628814274,0.4458772385478434,0.2897179790660673,0.9435590825916618,0.495381980026865,0.4762782091009887,0.84071429461005,0.6168378573723521,0.5614861843780841,0.8165666225331797,0.25027980513622844,0.42071031045121327,0.6362419549792735,0.43673221069726725,0.6668737330688946,0.34083193608041157,0.7434847180276638,0.8688720726184063,0.6085984580430088,0.22478246267317237,0.6044741384062846,0.6582716065157135,0.5831104624843947,0.5718110621243279,0.8181439014330006,0.6787576216357987,0.4806952144570786,0.9324730207228428,0.6707813482157926,0.6560719799228371,0.5684536613037167,0.7412434088032805,0.7010414021268699,0.020226403645078956,0.5312277710510599,0.7423820245864754,0.7954069743073771
0.8503267880632724,0.8350527413126255,0.9999999999999998,0.786695006927577,0.8437087700721321,0.36051475933086374,0.587517569438008,0.7855990316898533,0.7052885844071128,0.5035802326311375,0.47374952814201865,0.30659396602807704,0.9999999999999999,0.545623037720661,0.5735429569979267,0.7911845893229662,0.5863265575995401,0.660570506559601,0.8948132695392966,0.23772410837375277,0.5985991909579453,0.7335856935355772,0.42008726733602947,0.7826615605642702,0.34387251016648374,0.7630446914530211,0.9046862560127858,0.590392523499754,0.26822245322798405,0.596483671215359,0.5638976710153917,0.526572291848616,0.5836176408498794,0.8240231095332432,0.8590681812267341,0.44341222268139713,0.9432160925168422,0.7905619089297462,0.6952478568670173,0.692733254779009,0.7509474029770654,0.7369135208098893,0.026231359135663466,0.49535286222818614,0.6222171784957704,0.965591674979919
0.9125681744229026,0.8020608874776971,0.9230859679133951,0.6444338696379125,0.8554254295954027,0.37255556316118027,0.7504657732817149,0.7542924736405974,0.5443399170290615,0.4454095747298344,0.5125352904824239,0.332493571662128,0.7996215461911274,0.4763485382027824,0.5968425904351871,0.7205212251353333,0.4595962033746463,0.6540872199357171,1.0,0.19537982390945585,0.5131207591547848,0.6693553643418213,0.3499175983443873,0.8082752702757299,0.2774647318091927,0.49943410601430216,0.8238295717447728,0.5842527792286462,0.17765460924240498,0.7457029710716401,0.41334538587920344,0.46854755918831015,0.6082204983973251,0.8187481744369826,0.9306244487326087,0.43138300676807806,0.8937807230014272,0.6812553068486056,0.6089451634135233,0.6074722297188715,0.609669266074418,0.7843691941930477,0.007154013348111492,0.48590409863273415,0.48806103266535966,0.8746521697908596
0.8881341851953952,0.6732926977097689,0.7432153688130497,0.5972889170443036,0.876884308919672,0.25307186595001296,0.765736845057435,0.719845449363404,0.48471613936148494,0.352386072459954,0.4286103964266814,0.26922348455934225,0.6866595069844229,0.36890962435819885,0.4804345612058446,0.663783541598746,0.3017652782505097,0.6579469925418798,0.8248384665338432,0.1852818152266416,0.2890732834634512,0.45984162670398077,0.28036401249451853,0.6416059594817736,0.18813524732803757,0.5156509033051432,0.5996555760270983,0.4428858566179782,0.13813374933437486,0.7244156547673596,0.34564623173063885,0.3237199087096022,0.45407302328152477,0.8859657824358641,0.9380838087383424,0.33629951953807424,0.8432860373839947,0.6664505629777606,0.5048249907914558,0.4375808396220919,0.7702405625404798,0.6817676437168187,0.0025605915391402057,0.4971474895423756,0.53144057174317,0.7534595503205681
0.8143252039317262,0.559533957252041,0.6567318518513818,0.5610094979142988,0.8291769819290076,0.21091625808461695,0.6543258470552509,0.7238339092766805,0.396120324739432,0.31961700060231146,0.3382285019725505,0.23675384645890926,0.5414798693073543,0.6247407845290511,0.41358620718701233,0.6141583287492621,0.2420520240697062,0.6183911933577598,0.7864188988318138,0.11947650273683053,0.20968909448556222,0.31699051770726233,0.24951931024047935,0.6737677146909301,0.10751046283262833,0.43233218301656484,0.5470346035917479,0.3219973789855786,0.12070050961611817,0.8636394246640307,0.2873343853135542,0.2267687712642946,0.34457940961548245,0.8796435655627576,0.8989017146439694,0.2994126131524138,0.723099957153928,0.6250738412194631,0.4143503323892835,0.3597897431751726,0.6154995670373535,0.5535553733892399,0.03361050142032945,0.3721108744259498,0.4476424710038384,0.6462411202052756
0.7250270870088861,0.5078582174497032,0.5468725599596397,0.5388224031338433,0.6911008584438534,0.15207246126419321,0.5950550672473179,0.5695942709576537,0.30122208001710943,0.26304042761097585,0.2914236720893673,0.1791488992003539,0.389129543945889,0.3200480391447093,0.3499329533235356,0.5126501548977968,0.2841614589071992,0.5999521050141271,0.6332509322046381,0.09308268068517858,0.24244046788858503,0.2986276675076669,0.35536491293478456,0.6271738852069701,0.049724272434603006,0.33995152648266125,0.4495899868147391,0.32132749288477597,0.09475024649666178,0.7378860561543649,0.25164173784175164,0.17990241056609085,0.32126487687098315,0.7951770971085373,0.8139671462185819,0.23950833011044778,0.6610535199117679,0.5277646227432351,0.37486335300629114,0.3336370196182017,0.5968114441694028,0.4734787587596562,0.07161258262297598,0.291064211714165,0.24545888880150663,0.5739733472162046
0.5819807000114589,0.42673418864559237,0.4303079390748834,0.5674802278990425,0.5434813413337793,0.10549039647608933,0.4354118947959649,0.510974782817489,0.2716568942077536,0.22781772159672056,0.2692083267574675,0.15335842232030122,0.3091012271708105,0.2707106208691946,0.2094252425679565,0.3980853356991654,0.150908458872844,0.4750204642876965,0.44114503525662946,0.1137861550828054,0.14995180738478817,0.19823787376202326,0.2571467397504129,0.45741843877939387,0.06193594783789988,0.301948091414603,0.41840385128956625,0.20629714769186835,0.07016256545560638,0.7027892486653416,0.13258133686244486,0.16151540503239642,0.2712184423886889,0.6137063934776766,0.7496821823558522,0.23288947294492082,0.5267288463163751,0.46968866347578486,0.2739033042964361,0.25382296802301446,0.39747791301837737,0.4440789343170003,0.31212675374634863,0.26868323811370165,0.25631542396833445,0.4913927521638847
0.4928526696673062,0.4167677535498685,0.3148115943777543,0.48942843598422986,0.4397960871172769,0.10689639680934047,0.3610031447745774,0.4967462321880494,0.21506762773806898,0.14538469308745225,0.2475088100241054,0.1478396570161593,0.2754273294086605,0.11847336734377636,0.19563786722987428,0.33949201909601334,0.13217379314571284,0.34446901506238353,0.38418757986692387,0.0597883132290117,0.1271123579578768,0.16415563810391787,0.18885119414378054,0.37341647605156203,0.03896740973009384,0.33075152841060973,0.31700284727200356,0.23185142474248782,0.059128111927485,0.6321437377954182,0.09341074930798124,0.1253229656429511,0.23416989025786605,0.4452528396027109,0.4897021899423838,0.1631143021455044,0.4810373621896044,0.3410131402744793,0.24993677781737955,0.19524950161819057,0.4293884809699677,0.41889271533511846,0.28107862901567104,0.30502239973645073,0.26039505140079555,0.38761499918856945
0.36879550796728877,0.2819758486527943,0.2827780810859088,0.3868302764078074,0.45786203858490115,0.0749046124904198,0.3256437150628655,0.42104896679386417,0.18585542994905263,0.11297941155453337,0.10521192223316025,0.07587794183152652,0.14250691588491998,0.034616472068140586,0.12490821199363406,0.2645461931652914,0.10311675104710169,0.3671262667758125,0.3252295529145642,0.08172454746872326,0.09703743864432862,0.13066292224498283,0.176336200041746,0.23976763977075005,0.030665659748877368,0.11814595746157858,0.2678462145683274,0.20366980224746523,0.04321092523271876,0.5136155228449906,0.08629599315743694,0.0874328831746959,0.23251509750079258,0.37278381326718785,0.36030881650697005,0.13850742037042874,0.40146817851565114,0.3466245039962821,0.16393289246997317,0.1263824867693296,0.28663130438422796,0.3503855928659701,0.21856540039138805,0.27187344228643534,0.31223254087895724,0.3935204729260044
0.3237074559510373,0.230074606812647,0.2900049265702699,0.2926169753982915,0.2845544404858388,0.07152886756497717,0.3203171973628239,0.4009731360162561,0.16442466799936048,0.09643998141125573,0.11610766352373653,0.06906684603050184,0.11705352056018875,0.12712821477687813,0.042055844782033794,0.23271935215280204,0.028434180811275727,0.20310597018833165,0.2672322791419165,0.07070606282457736,0.061074037360577045,0.09694923806777819,0.21320559904760417,0.29034524064707035,0.009484496962663624,0.1682489300979337,0.21982603090295355,0.22146242351586515,0.060809917660068116,0.46060337955745534,0.05923477161336658,0.07879509471936898,0.21371295574411814,0.3330931829920948,0.3028281874255881,0.11525679310738815,0.2670327398204718,0.23459373904832653,0.10345402990779722,0.09659485683069727,0.21197482202447554,0.3185340597632415,0.1662382887451675,0.17915714212863273,0.34944266343286384,0.3320401260321399
0.348182296573219,0.17177834715429677,0.33657595615193436,0.28893481369705903,0.3548593240150604,0.07601709350568339,0.3654987848943409,0.3821020609901279,0.1596460074458117,0.12600438983568346,0.11126753453182164,0.05956733702002637,0.14260245039227065,0.05472022561566184,0.0984212651692935,0.2515571857274825,0.002689379354248015,0.17461023617398994,0.23670469566518765,0.041925439896460616,0.06751294072004388,0.09054673393122388,0.12276795324509888,0.3787414032059963,0.013068208939436679,0.12024265434614134,0.25731956859142247,0.22245968018105156,0.04856656709998426,0.6170242289360791,0.06262078606165358,0.04487476147467469,0.23863921965654145,0.35276061957676236,0.3534753385657859,0.13124446504698367,0.33570363608175086,0.1694529438886911,0.1427280514593171,0.11454900537413373,0.2665572573322809,0.3186298676569709,0.15125574646932213,0.17509906652751286,0.14911655391794126,0.3429644728778545
0.32376545741545065,0.1960419864953886,0.37633160343395466,0.26341209157696993,0.3754100530352559,0.06389863927505797,0.38509805325422103,0.35097710747343575,0.16420522548263902,0.1187434900038184,0.12867332651125993,0.08806539121109824,0.117484386557795,0.18542312866196947,0.06836108693574566,0.24969710326649658,0.017198447785704996,0.1483365416272977,0.2557588358018117,0.06481758801822479,0.10436431285949233,0.09660938329323711,0.21657126652543884,0.37339163400157716,0.020712278189705585,0.1509722111911124,0.2772904017811744,0.16004432543064556,0.04128143685766181,0.5235339696310398,0.035929530595184604,0.10905358940027554,0.25035007517762997,0.3668986781046476,0.26039116237155824,0.17597522523010578,0.22883433487002441,0.20437303837995158,0.17575417677983213,0.17473767789948488,0.23461082221126978,0.35558879701973406,0.17045427444565367,0.16087074969803355,0.30261333403787477,0.2951560950769853
0.4552555926503173,0.2588811660638483,0.4581866147748091,0.29115384813071554,0.420824566424421,0.15428752900551168,0.523152659072956,0.4399752887516549,0.2005843427057627,0.18858304088852562,0.19968688189031364,0.0972502149797569,0.1899206905029164,0.17576609340063443,0.15694886603925573,0.31107890282941525,0.14165029949953611,0.2287118684377099,0.24680021357099574,0.11977934811082208,0.11215025981260315,0.17826924658370835,0.28105302322320286,0.4083068264744005,0.049214954375227965,0.2552613194452691,0.2868152454728675,0.30751586416786175,0.06518738809045455,0.3535706952816792,0.09958403787289938,0.22114717088250566,0.3181912936413087,0.45964498351629507,0.4169341444422472,0.2932941798101246,0.3750813859099954,0.24244999364522685,0.22347305800244405,0.2507753886448503,0.3150910995106175,0.3422096046221949,0.2996824550693605,0.2793346168414098,0.4359964064900294,0.279147577340399
0.5509150047846422,0.45842576347698694,0.5074946652182264,0.39673964850230903,0.33509605636207673,0.28921427455217885,0.5839621978561673,0.5448069654370181,0.3508141307190265,0.27959157112658645,0.29109212032797616,0.1609967423857543,0.24937491970939604,0.31040291023091515,0.2367473028810477,0.38743828359180765,0.2151952134609989,0.32852685300690593,0.3776705105881753,0.15728631091402903,0.1984484864529378,0.29581560604973806,0.4818999932638553,0.4626794180868984,0.1514870264650629,0.34524076244620716,0.32032943016381815,0.40544195687462725,0.14147464690459619,0.33510417378340474,0.11575469780468683,0.4261270435917639,0.3803688417121566,0.616455545030773,0.6303690966188795,0.46684043737355047,0.46852819235154225,0.3441811002315318,0.33846931069733793,0.3197332773068473,0.5004950142905455,0.29873842297594166,0.41564574631163387,0.3868587264782634,0.3883074942056741,0.25527055962287193
0.6913622827414242,0.5055863451059176,0.5432826053194765,0.4348048025229812,0.35774906680981833,0.48425488946015666,0.7299165928964323,0.6018612533735371,0.35337321204854466,0.3901551113343484,0.5801263534536504,0.2496888339778395,0.3249104579482005,0.41083291478508527,0.31394130353725425,0.4619769525723832,0.1804560278383241,0.43881170935353725,0.49496355849118906,0.3167057254046061,0.36026030160111105,0.426604501989168,0.6252186499148781,0.48269164852348534,0.43790381342350293,0.335866110184167,0.4188538585666931,0.47597792826137264,0.2266321865512013,0.4665419161168284,0.20534384343228748,0.5291096708573614,0.48809808085500395,0.77519904648672,0.7641414571985001,0.6217645603134863,0.5640676689865323,0.46543840906613543,0.5995282718828926,0.48803265151241365,0.5324597368285097,0.38687407649342537,0.5168979292311341,0.4744203655967922,0.5736150973283731,0.2968281009157659
0.6836641343919377,0.5787548455936445,0.5624410836641404,0.4781670375963141,0.3503737987790908,0.6173036022654519,0.7146166468098084,0.7069108668743636,0.3956060999440389,0.4981500424587439,0.6162255221259781,0.2623911596145278,0.4193017627891252,0.5297926763658698,0.3942312908624961,0.4992883963319656,0.28778093176578223,0.5138695282923039,0.5160196098019466,0.6407692073158048,0.39845475696879623,0.5583282626066292,0.6619582623011868,0.5908337366687041,0.7966172053647488,0.39239975113056424,0.46416892105488283,0.584391766047677,0.28500888223856824,0.47398327269580887,0.23414690717511158,0.5715943534468185,0.5920953391164723,0.7186484921030323,0.6545138979231928,0.6117084051350358,0.6530657299314894,0.5946587703033762,0.6369498309237827,0.6045879174812047,0.6219250444550546,0.4484476241740254,0.5718986965426154,0.45846172994851103,0.572001832085939,0.37749081999349465
0.6974635858461056,0.6919337241013538,0.5338980180386463,0.5267813880241197,0.43715216723411865,0.6411150958082905,0.7215158605011057,0.8165883304493091,0.4856057770221736,0.5185883012653552,0.7236538979961875,0.3185039042216706,0.4498757838294533,0.5662599954331629,0.400771192189856,0.4930701961269294,0.3164201826152664,0.5418368722269037,0.5782479399871585,0.6183381911643969,0.4340155072295909,0.6513791607840467,0.6290660285831967,0.4495290842868536,0.8455074631763705,0.43647535889149724,0.4456695539615037,0.6603414515419319,0.3446645870551185,0.5975933061389354,0.2609912903889687,0.5109028383201523,0.6590886848290279,0.8050121227962865,0.6411804416685958,0.6362635867360766,0.6642615902122366,0.6258133762607611,0.692219972501852,0.7437549120156399,0.6118032513737112,0.5610562027218922,0.35437753949502215,0.39835288360715115,0.5588545753976544,0.43911417202745884
0.738977347260097,0.6615977918528413,0.542038688283383,0.5611133568369573,0.46605212999894263,0.5065151624024122,0.795180646643524,0.7210731977375016,0.543838136893645,0.5861275307728662,0.747881482939613,0.28151330593182683,0.4034067539951745,0.4956877855272574,0.45176254820349904,0.6318000136447033,0.28860928401099484,0.509916646968174,0.560276183374448,0.35320568288618925,0.35890496760615365,0.6236888601786699,0.6615071875857461,0.5164945889389312,0.7290233919144029,0.4231817484934578,0.5999690584046703,0.5133867689721655,0.3112054373403819,0.5884193671368528,0.44336759586898566,0.5128154663520915,0.570699397762985,0.6710565102505461,0.5888601588388174,0.6071124800794641,0.8731676146341284,0.5278192828984484,0.5776262417508207,0.6216883008002202,0.5898530229168945,0.6771498333242827,0.0043529414213810055,0.41597945211418114,0.5284657093319922,0.38611567643094835
0.7338759641036746,0.7617778384914641,0.5429504603032123,0.5998922753615568,0.4157400630380076,0.42907082019698606,0.8334865172832848,0.6812189114715774,0.5547067667047071,0.6345839999156553,0.7077307644563935,0.26833900659988374,0.564514061196006,0.446363179864179,0.5287943692780768,0.6923574577386136,0.3073857527449495,0.623452955352919,0.5181059071514156,0.2984571705339887,0.43678747201427315,0.7003066518605799,0.7723403197800062,0.5399491587754177,0.4077826009837782,0.5843460378378492,0.6107356834664669,0.46982571885096625,0.3215472559829292,0.5755770698223812,0.4986354752839714,0.5428329812985481,0.4855834384229817,0.7542115003929233,0.6288808559724285,0.6248679663173924,0.820188780340699,0.5109270592705615,0.6176263580668998,0.6677101255499513,0.6583112416427931,0.5077003926201197,0.025251169804197084,0.3765436686849978,0.5220271787356046,0.413523482838285
0.7303472218095355,0.7693497348018182,0.5229056304972001,0.5792331316267397,0.41598451120902336,0.5042008259695653,0.8418605799428707,0.6749984308246941,0.49508421008790165,0.6729244443627658,0.8403253774291832,0.3303644850252394,0.5628257135873119,0.4587810792597417,0.6034786925833611,0.6675202888593293,0.24962799018909368,0.7749463730329047,0.5294789202735289,0.3629896051691061,0.4222548456355206,0.7810083850925031,0.813460685940988,0.5035965296861343,0.5556104013560559,0.5671894843011301,0.5943408269048845,0.5091573321391967,0.36661089736647673,0.5385793152777714,0.38713052979261303,0.58109507865803,0.5734685490055896,0.7156875811118233,0.747370168719367,0.6389511677735837,0.7171765146964868,0.5604111287478758,0.6348268369488107,0.6613165627326262,0.5699296152494979,0.4939366310197409,0.030429742966611713,0.37698479585712263,0.49539737864264827,0.3942875505234133
0.7136638879709429,0.6929735217040666,0.4742936201738429,0.477225162397704,0.4803758009656035,0.5212910308724275,0.7543294483925423,0.7628552368769347,0.5281065875988654,0.6681088581346475,0.8231755525132651,0.30102225776361846,0.4811350553810325,0.5795104930184265,0.4951031627398227,0.6233009350378041,0.2719663337872241,0.6953730826398522,0.6286230842375193,0.30032030078275235,0.4151264454877858,0.7362684692845138,0.7253910913135156,0.45568993919467765,0.6371026576765525,0.684027690960398,0.6563789879451233,0.5217343106593172,0.3257640229630552,0.5111501552397145,0.38886535303019676,0.5934607187813848,0.6196387131251726,0.7013758812569606,0.7161523715395753,0.6735582443701705,0.7213278191129321,0.5332506324862791,0.6667713064106819,0.7220827987061968,0.5745966018236984,0.5027947521173692,0.009412768148146802,0.35261643992163694,0.5574723999501745,0.4279453638248273
0.6942635275642208,0.7406572517985732,0.4742778815608018,0.5146410124252566,0.5150128301515648,0.4911886752945395,0.7585123153676278,0.6789124357610814,0.5147177321845366,0.6576640371600205,0.7541325913397675,0.3308310009161318,0.49558470334163396,0.5254835547445211,0.5075063328921008,0.5546389310991628,0.34439140455446166,0.5946737304661966,0.6323667402732189,0.4215411107410373,0.49039901329071756,0.6063720741370942,0.6139867668329729,0.5814351299557328,0.5183889013505394,0.6955978573062834,0.6602662158050926,0.6192576629513973,0.4008756843987623,0.48388669345008606,0.3695650187612642,0.6063673231160577,0.6003490713673335,0.6308623060472001,0.6246705404044621,0.6972349985185923,0.7386728280636097,0.6919943314589498,0.5743717476435822,0.6982604106894135,0.5294901080294762,0.5467903442695172,0.026775694830930192,0.36393206177717674,0.6182592756194183,0.43848885940817484
0.7295900361396536,0.831515023245919,0.4780920226304969,0.5589797706474918,0.5473779930560407,0.4701347558978866,0.6755459818770287,0.7878072795603349,0.52799268472736,0.6058531171443152,0.6871306881516925,0.34423207939133127,0.5885673617519183,0.4964936920216307,0.559502916745443,0.550711415751985,0.3577219385727712,0.5580634085032111,0.7020994434089219,0.3689963151564851,0.5217725373080676,0.6660598153487322,0.5356959060009818,0.5976981088716381,0.4035911017066796,0.5879634312957893,0.6777455070465168,0.6579893441213678,0.32878098346982504,0.6352135721191686,0.3821273627903153,0.7394984181846349,0.6323497765424664,0.7101728374962264,0.629887435496968,0.6900070101857692,0.8324603614198012,0.6951865471020602,0.605118711646079,0.7125485726545735,0.7978235482148526,0.5875423497176904,0.040891950063513316,0.3440472455514359,0.6093745328998028,0.528455243163122
0.8325025202877204,0.7523485507010014,0.5688402034909669,0.6741759415239081,0.6187609121393307,0.38847277067459424,0.7137501677026773,0.797786483834581,0.592504986590908,0.46641639940520135,0.5209959183517044,0.2886658719856051,0.5551387477704294,0.3477988902601298,0.46862532832213544,0.7554031058385523,0.5023016205262802,0.5491691914708142,0.6925905143864846,0.3097516771212411,0.4007904523175572,0.605456469286,0.5074438315899018,0.621657196723134,0.3027365578207114,0.6592426062283296,0.7234157185465265,0.6048938591270566,0.26023984613246276,0.6248572553909856,0.5580097116332431,0.7008546163167191,0.6130719691537047,0.7791072034518713,0.70137226112436,0.5477268771929432,0.8792934615412364,0.6673960668633518,0.5956540623949851,0.6057180055598621,0.7204804225862845,0.6169987904506443,0.02007531973379761,0.46802601873496946,0.7776145403947996,0.6381227614720791
0.862225885414479,0.7787596565318918,0.8062973182388307,0.7999491682933482,0.7311019409312088,0.322913436874919,0.6523674715659323,0.8382522051646041,0.6543523916863558,0.48244140687200415,0.4694664712473874,0.3010383838043831,0.7783357304401158,0.3181459500824367,0.580835148246515,0.7940417835683832,0.5162283095146395,0.4700240328435724,0.8543185942916645,0.20770654796739652,0.5439268057032653,0.6330076116558012,0.4631821846396082,0.8357992102190531,0.36245085313286335,0.7832575880765793,0.7469101192959349,0.8356437975170157,0.2991882382206996,0.7926812991832451,0.6077969121482037,0.6314443771805504,0.5099794819272606,0.8636648040479544,0.6737303992996393,0.4473570647110908,0.9208255379377754,0.690845289190565,0.5995843396036024,0.5749842608455494,0.6229188113615666,0.6695373924815975,0.04043088966370037,0.45390243142064207,0.9999999999999998,0.6764443496479962
0.9167988464808993,0.8857201406835155,0.9167207861594133,0.7512477899860243,0.8300777124522382,0.29250518259394653,0.6691893693783281,0.8050510518338658,0.6856324881867758,0.48025170896481345,0.5378592476976953,0.3172637027023106,0.8002565031602837,0.5026371639037799,0.6122840904717628,0.8029402224410417,0.5900290558065385,0.5454038210166274,0.9433158496123344,0.25337644690582417,0.5371189612244704,0.8072891673029616,0.4420138200798905,0.755866536655754,0.3594049980524043,0.6813260551505534,0.837725118919795,0.8398943243787944,0.33158741157136007,0.5467713822219549,0.4595246097502838,0.5829780399149935,0.549069144637555,0.8638804461739328,0.827815088940842,0.4733387332817984,0.9808393407266529,0.6989031951463625,0.6300105398146354,0.5894570504725,0.6349545687530965,0.693689880051358,0.015545920840366625,0.4665740656700645,0.6801857314515944,0.8727426535775306
0.908281563245802,0.7979779618935505,0.8280688710191397,0.6487311627159893,0.8989306658153335,0.3106732117380205,0.7710613728997103,0.70960888484238,0.4619509813306677,0.4400085674153229,0.3958529513749736,0.38836298560853405,0.7841434434018909,0.5236285799685199,0.5158982138688579,0.7991853059892662,0.39387709100008667,0.6032013679834713,0.9295893370089259,0.24473517128601144,0.425506265547236,0.599720614951698,0.28543551394619043,0.5607759705920101,0.31669533211639345,0.6145868566823107,0.7040680181817327,0.6913993280664275,0.23310008271809424,0.6178401693670278,0.4090566697159184,0.46845095622576216,0.5929287281294416,0.9401131249977963,0.825281295995207,0.41812280339741725,0.8676229126418131,0.7260015772948618,0.5718583048657866,0.48678450540857204,0.6130014408696615,0.7257392738863867,0.024845667183911613,0.45954127214633284,0.6846628972474609,0.9021895829133926
0.918030062198999,0.6566780201298644,0.7591870593557445,0.5851257080302855,0.9055653801408333,0.2451593597159889,0.8013813904853091,0.785272287513816,0.43693671469773604,0.3939407442384256,0.27640417159531816,0.2574061739835364,0.7369652802720584,0.5085633437387411,0.35817689274750464,0.7455711972134125,0.2652103241477272,0.760992197249446,0.8769462910964153,0.13741449754252463,0.34605373525261746,0.4159142413202498,0.3494277069032931,0.5640461616405422,0.2197291115387339,0.5285783563593852,0.6221929085998156,0.412332145857241,0.20859838544301337,0.6094374674060835,0.2187437062256297,0.3414886471031783,0.5534051231280974,0.868669706779325,0.7599053305563336,0.35165753543726863,0.7871091989216298,0.6843967211276359,0.5835314897762178,0.4513524791149013,0.6149481891274479,0.6755734640262391,0.04690285997977439,0.48576633645640116,0.6065323770938762,0.8046519437198419
0.7806291106058666,0.5701616385938492,0.6727893597112226,0.49318948209131,0.841650084947779,0.18491665804447482,0.7486358814165536,0.7798300221582886,0.37505960421028095,0.32045526660296914,0.26107474385255897,0.2473436660763664,0.6368537113071141,0.5247199197312677,0.3246388974941621,0.5940073138724306,0.20404238020392676,0.6154757559016889,0.7741696800809095,0.13264626601856272,0.29239900368853783,0.35879902878836323,0.2850936726516995,0.6768945560162509,0.22436820619630943,0.6585826667001117,0.566044602859103,0.41018761468528575,0.15408303112838972,0.564341319555927,0.20272952470659514,0.2569030613357427,0.4200275278228466,0.785358503921172,0.6148899922949856,0.3492351821090886,0.7310142550298313,0.6160752421565397,0.44600986109228397,0.4382836038708184,0.4701803164936776,0.598691565771025,0.02064214691745263,0.44788724415864517,0.6465610836044406,0.671481879703374
0.6784738466896337,0.5145625834541179,0.5138939317103689,0.4398191953962284,0.743600310003886,0.22045774024443104,0.6104683921172803,0.5815604448865308,0.2719693160804629,0.23827837316945757,0.28272490438865044,0.20716698852134918,0.47759149523338396,0.39668291680182616,0.2618150879022747,0.4586734982674261,0.1455343555962189,0.5658162243660274,0.693355580400406,0.12765118543290171,0.17450428815227015,0.27789348802924396,0.17044720291733617,0.58095841016439,0.09571647271616938,0.36417583849764223,0.4649553727051428,0.28447435140281235,0.09952291855407606,0.5605594141946444,0.19029900680738795,0.22918528038168576,0.38687483433472564,0.7044235756898266,0.5540288347004679,0.24978391604968317,0.7073485406553031,0.4700557966224035,0.4060385927349075,0.34037565873147596,0.4505397829128756,0.6162402237550375,0.049300310290222984,0.35427563829013575,0.5249095492889484,0.6380410226584056
0.5551294268369071,0.3268870183764485,0.4058040680694114,0.3498019424180491,0.6324756510037804,0.12526551252093587,0.5072060888915235,0.5476194708322468,0.17580473675612557,0.20080745949672704,0.2029596175239563,0.13157301870690788,0.27234729058760987,0.30328212421884465,0.22589145730883328,0.3931266461019708,0.16917771469689494,0.4016812820310284,0.5905274187836208,0.12791840699295337,0.12469634330702173,0.21566576283699881,0.19487011824729233,0.4309660691102283,0.04686619530173357,0.41794439950753104,0.3680068610747906,0.21163138613165733,0.09534198302636036,0.5677070141231455,0.15014269807805422,0.16965333583702633,0.3270791114040638,0.5786158056136441,0.42260075727429486,0.22483024734411436,0.6269848801762963,0.258958509664017,0.3067491968177274,0.26357692448849507,0.3876104666034293,0.4931941098222324,0.21781099580616325,0.24897620434116516,0.3944617958957598,0.5253555733516643
0.46904056789981424,0.22383735181602024,0.34182913060514836,0.31902008774470186,0.5460172741130056,0.11473869784530537,0.4264219645739379,0.45890999266176785,0.16013135081235216,0.12955539780968173,0.1505378484186804,0.09601395105762325,0.22138772147880662,0.20153457569374567,0.2079195576069093,0.3509666293272758,0.13128247461355955,0.2948253810767306,0.4316930145148831,0.06597085183438414,0.11719382178174156,0.13874420779847207,0.2657081579200101,0.4116392435491816,0.05712893393913926,0.3772103259479046,0.29988356002953165,0.18117714574126315,0.060041338354511725,0.5544624416027061,0.02323531900866338,0.1297367339984472,0.2871267283419494,0.5009688709455978,0.3767923626139141,0.18395092734182286,0.47393731276180245,0.133432094230711,0.21215743723491554,0.23416111718466995,0.37179509095272456,0.4013364468593677,0.15698695960141903,0.2838704919943094,0.4681294754430991,0.4374982948233225
0.33580700533528424,0.16876838404245867,0.3041523463318268,0.24925748646679058,0.46628750872386293,0.09950555576809708,0.31621677848431606,0.38377267347278515,0.12482123054258644,0.1081639704935915,0.13327845289756374,0.10535135715893965,0.14085192253990944,0.2718773970410838,0.12908205302402326,0.23799691233208864,0.12035106008192328,0.22698490157549012,0.3893839306964425,0.04489681335145255,0.0747746591748929,0.12389226297260275,0.15367116085406568,0.29971236051012823,0.050690214951058146,0.30511540077949917,0.2156881746805452,0.19947950273571663,0.05331802636067398,0.49703905125805337,0.04922507120141246,0.10775105786573341,0.23534627837399313,0.4018759221753882,0.22958065102503034,0.15502718169234084,0.41504519854470545,0.14637061288269654,0.22088254376322136,0.1477090497379988,0.21658800658232497,0.3758317539481571,0.10403197202035179,0.2832624668117522,0.4102742334174862,0.42243768058138925
0.3253163949405491,0.1872136974242232,0.28127535733952835,0.20346035335943866,0.35708793081992973,0.06681732492348612,0.2937428158856349,0.25594358074186985,0.12965948637291472,0.11601934272194425,0.08187517036866218,0.10492987032940783,0.15831483221434137,0.22149842690567367,0.09343976565449416,0.21834505672236076,0.12086830000158191,0.1339445557508217,0.3340416828554899,0.06062152213190506,0.041059624754010794,0.10238426752465543,0.2009138920162915,0.37630728039204464,0.03833048370119668,0.28057719117560664,0.19333890217562205,0.10882294360455408,0.06128748731422207,0.4706720385082188,0.0595217865757113,0.07043184026752285,0.2621418921926621,0.4304303427768585,0.17837000752733395,0.14340060956683714,0.2679055299440643,0.14092714479103186,0.15657185754856023,0.16830318141336872,0.19363824228167464,0.3452665474659183,0.09373739613017638,0.12761406820802357,0.3852433100459945,0.34695419029178737
0.35899015989366334,0.12419117381886308,0.30544558010628553,0.16095068746298014,0.3918276744183663,0.07463584651819291,0.3232567767482304,0.33084493022749467,0.19132446371391273,0.11631235053348976,0.08960342825786019,0.08448698223757281,0.15794089388099794,0.25037609135796535,0.14411052775590816,0.21574123811444346,0.12975014712670474,0.1622024537500455,0.3280100138698542,0.04257474053713408,0.1351142516679156,0.09997559810236102,0.18022224615124338,0.36315184096578956,0.041316228519465856,0.2318570231047791,0.22383258970411182,0.07894904937195033,0.04297015346420227,0.5398864336555418,0.04161474094011038,0.0628327278718645,0.32415302493756737,0.4142533485607267,0.2434600327364147,0.16569082309410998,0.3834070700672533,0.18510475519839814,0.18194736308534798,0.17739396250073627,0.22000117003344105,0.30560180151240396,0.1319632558548018,0.11678019181918123,0.20065675269304661,0.38597893892693497
0.39167761959810365,0.16294546825953746,0.3440505764056053,0.18225346450604907,0.4240762994426138,0.06600872827423938,0.3357234890204497,0.29284049640909515,0.1591716081412505,0.12989674894776895,0.1222376195481645,0.0977905353472135,0.14055282679272996,0.18344443467656946,0.09371819739307785,0.25062193637694125,0.0106583672342454,0.1500364004263459,0.3997075454880613,0.031831579707059306,0.09361720526912937,0.12481254276728043,0.2238276366580556,0.38706924117057484,0.045539891515318204,0.24640059533278666,0.22685639605993815,0.15118409048667175,0.059044077495394615,0.45610573801236254,0.06228782817638678,0.124441619335325,0.2302966390232281,0.4278738636252455,0.18421560514703555,0.157810215542244,0.3091019838852184,0.17086915953670756,0.19647450043942105,0.19616748180984392,0.12607863830888766,0.4371821761189826,0.16686899244259196,0.1637613702301866,0.29464288851245324,0.3562874152296068
0.5272290056195634,0.3200683726808386,0.48488328749817583,0.28119919492912343,0.4797516889798725,0.18438720673516418,0.44844352461139175,0.4140121691970959,0.21973401311508975,0.20160939723003848,0.1616715703678955,0.16412556753061558,0.22653690857533834,0.27821402594248074,0.17024589301240797,0.28106893670021216,0.14557028129804644,0.20134312333521254,0.404275727986959,0.18767000380456783,0.1582345393226816,0.15896206314910935,0.3459294764595415,0.37984628951234417,0.06645491626319479,0.3185408602987261,0.35059999905338846,0.2781198147412408,0.13021187913018997,0.40497495806210776,0.08198214449142205,0.3745054170123746,0.3960185425926437,0.5004505807384204,0.44246004045276693,0.4026755113027779,0.34804353283238953,0.2609266357455645,0.28480984277481963,0.2684162303055089,0.3197751151325962,0.3570752907708737,0.3248193821080336,0.29675946879699655,0.33376478556409506,0.33068474955589416
0.8104680787634884,0.45331455951091204,0.5057813897399454,0.4002423929257444,0.43308889922826654,0.36952647257224014,0.6136983655326719,0.5356280442697717,0.3670115510557025,0.3623520678956127,0.343944673500214,0.4752487833530841,0.2775352551146291,0.5182856008530781,0.36796382135607486,0.4522074689249814,0.4047706509199497,0.44917139555305763,0.45538948785956307,0.41711041895215295,0.4995501553009628,0.3304539787421655,0.6285837280393857,0.38539398925045265,0.14926049801074653,0.39342066886667826,0.4119850671909492,0.44111096993193033,0.34542291097016864,0.47314286662911353,0.21974123557044187,0.8752216805626515,0.69115498121817,0.5916367710667836,0.6569373933899363,0.6161584155962322,0.5438296543458642,0.4105663719121676,0.6685396305350518,0.43679481085585553,0.27951555155342955,0.47409044745228474,0.5203387565455467,0.40082829897556577,0.4245057810286103,0.3192133853031541
0.674573749104261,0.5712260908107877,0.49180337003544033,0.3891647144155322,0.3329214826670621,0.7469189130663125,0.6328240106214709,0.5451530100257329,0.3928432901790982,0.5260997549201031,0.483440610435966,0.47733167711215313,0.3231953672296797,0.5832284138235342,0.6572244091532553,0.5579471502619191,0.49842522924893645,0.6192719176801786,0.49457296217546126,0.39801557701430207,0.7273985811826584,0.5061498191511142,0.880229719936739,0.4266377651367868,0.49122067798305824,0.4993683063418466,0.47214497563031804,0.5535313706620191,0.6428076507735621,0.325444901562139,0.3462218643629659,0.7098303489062848,0.7241442071207339,0.5708866698549797,0.652158195496065,0.7991248270524742,0.5968463629045947,0.7148902583890897,0.7732882662600307,0.5691816882486055,0.33666047473188515,0.5742493948353872,0.7184283943983863,0.4499761802762535,0.48443995541134194,0.3011320213004961
0.5357916469969107,0.5546287094837125,0.45563413006209463,0.36657432215560204,0.30913299551590634,0.8108045566937728,0.5608749106822964,0.5854180720446241,0.413735290359514,0.6734889913144403,0.5257701452146148,0.23375735885686935,0.30986653972462247,0.481869510544319,0.7508199679122126,0.5279468119586894,0.6166036198015572,0.6939790354531369,0.43703314220471673,0.3972160469512025,0.6079900359801571,0.5396542219576083,0.8366694693868065,0.4177459447162604,0.7815377562867244,0.6880518671303855,0.41606522663384066,0.382510038744569,0.7097662928675507,0.30211717890398404,0.27399254407800294,0.5040137234418826,0.7579254089477049,0.4696324854012493,0.5909564426539878,0.6992593930787343,0.5673794230486032,0.6465834184473543,0.6543221697496794,0.6571607408722834,0.4509830485468305,0.6120183302692637,0.1037785103936979,0.43409676948195375,0.3553252604706112,0.2999549039300826
0.5870447439466662,0.6974982696472828,0.4572632983508215,0.40596102573880066,0.37603890807277807,0.744133744353166,0.5401624983366011,0.6812261324822372,0.41799562347928526,0.7599278876468759,0.521957895336412,0.2654595387819449,0.4367832928023704,0.536700795516825,0.7343262217315034,0.5538031699806791,0.5570309477352149,0.6030802715798649,0.4090179165596937,0.4857452957973381,0.5473532211110552,0.5371362715319971,0.7945197130657536,0.3484424537541851,0.7546430396015104,0.6395657740347619,0.378549411531757,0.4640837565263154,0.7230688760113676,0.22498552201164754,0.2285263716974831,0.4260073163674253,0.7390183980530105,0.5093143161611834,0.4672832852725368,0.6297960053159118,0.576330861544583,0.6241938504353132,0.6855487997237529,0.5878681408331029,0.5836370077361531,0.6716322191978187,0.01454291830416517,0.3742978773617824,0.6446541762917213,0.32889552545056877
0.6061671203424303,0.651955704764447,0.4736710399824537,0.5142175700246682,0.3773253618255833,0.6312386541687814,0.5311823944370865,0.7278987189947207,0.4495529707784835,0.6945792526341016,0.6495034710509625,0.2404079333759794,0.40909480169605067,0.5560303736067409,0.6783672343501348,0.7081754495966865,0.6368835477325904,0.6773339625416558,0.48747564919587866,0.38841613563462,0.5325962234802233,0.5709588138413596,0.77812805998055,0.4765739230451248,0.6609805036771097,0.5534964108757424,0.46220648585630403,0.3670778472665139,0.8081397154288392,0.2637589533369084,0.40214392367448987,0.37395094965602693,0.6483311895901445,0.4290963158821993,0.6136007457095204,0.5443566872742726,0.648191104860689,0.5803137842925754,0.5330470410419693,0.6178682362054942,0.5044600957631317,0.7706621066525772,0.025933005481145164,0.3527322089270106,0.4641240299196709,0.3570237406378666
0.595738522688777,0.6031732412068094,0.43307876441772514,0.5493507085912983,0.382842039116411,0.4793941616514515,0.5714765336250193,0.6503399740799168,0.45113127740691783,0.7470361535764298,0.6823935695725767,0.2553369494394244,0.46577895184361123,0.43681620976065233,0.7565632270654394,0.7319826728463521,0.6130077534014059,0.5738181564871727,0.4397000997913529,0.3171847421469556,0.5852196031531116,0.6669378879350119,0.7952989731683423,0.5168983370727939,0.4899420097053986,0.4910094306583489,0.4869681106574861,0.3785261594640109,0.6071046269895894,0.27821470745781873,0.45189019025158594,0.44255049666089996,0.6244115570776403,0.44246245796467293,0.6195945174393122,0.5390990521755901,0.6699719728370915,0.5836556254979354,0.5040272380406459,0.6338612790355445,0.4630294358327635,0.6113253015999138,0.03642577271394068,0.4438237792332569,0.5064144351019191,0.4142046863417283
0.5994072759321821,0.6305654638858103,0.3852402797172453,0.5529188254569231,0.3620606117821311,0.5726706626977095,0.6046241530751938,0.537723085590355,0.47829638062781893,0.8392645276507221,0.7048053069246956,0.22802378153855796,0.33379599715290786,0.5738954447559956,0.6467115207445956,0.7040742492805893,0.5261587816181998,0.6053377942334047,0.4625032800268504,0.3073296494783979,0.6396646795181857,0.6505557801943093,0.7536132819862221,0.35879459746897424,0.5032399733809039,0.6520132801325644,0.47187407114837215,0.5551879494666339,0.5185711282455778,0.27068460647874215,0.35863771954324886,0.3785631094735262,0.5944079426772907,0.42409305776435097,0.6380995247922546,0.550456798983232,0.6506391366674177,0.71345795720177,0.4903170014991874,0.6598511638319728,0.2890433789076162,0.557410270045155,0.01641833850667324,0.33691372779164724,0.43101192585732845,0.4369535650168773
0.6559436751936979,0.7013458873107857,0.35506119497403255,0.5173289103884274,0.3895283019219754,0.6166841119582668,0.5834031528464211,0.507916804252845,0.48883279275304387,0.7805543922442818,0.7682608778767344,0.24876424025990226,0.4438724169499659,0.46167908502848737,0.6674500089529876,0.5546869060278137,0.49971365610389956,0.649193810794283,0.4955336286777738,0.31958705805853965,0.680085550301815,0.6088987039686471,0.7367721151531718,0.4755073953486587,0.5365539944216989,0.6568994444038806,0.49036820876876713,0.4688207043765483,0.6396170375558158,0.27745728853996876,0.3330265587819771,0.4384346817486142,0.6887385583437411,0.4346640775796854,0.5806072127380915,0.6711691018009778,0.6510045601243337,0.7573439287204458,0.5310957868257123,0.6375493054825774,0.5311833701407785,0.6197676208934265,0.031063540974215893,0.328503801840843,0.4737338705437873,0.44963625682765634
0.6781642126641914,0.8280377688938219,0.3403176937572819,0.519627954216336,0.41744876998812075,0.565472425865813,0.6579059546946645,0.5869266366748337,0.48441805502637886,0.7381253461128773,0.6476203238516991,0.3516916059793269,0.4495752455436938,0.4797784283434738,0.622062415464601,0.5675103355248474,0.5755382171760304,0.636307054592023,0.5725729336911954,0.3949000106703156,0.6058339987484359,0.5769628301320657,0.6967623317291096,0.4773560189153966,0.536674099600984,0.8136982028492467,0.4792942109701051,0.4600584512718713,0.5786658298359036,0.34463967219014946,0.32436565934021117,0.5032452772003201,0.7468054692332738,0.421964595228964,0.5547366489219095,0.9683994870550782,0.6594911523411057,0.7511961556918504,0.7680044596338294,0.7160086864735776,0.5745778197397498,0.5592659347934716,0.028233777788757904,0.3458986974187511,0.5341450981807232,0.4733428922348433
0.7839977957607671,0.8926587735176309,0.36281571302222937,0.5594467905303062,0.5464445681258758,0.5272737295764406,0.7272649322380346,0.7065084094652564,0.6114035734627459,0.7473538764496763,0.5614596876428566,0.31533137615998363,0.5762970156017531,0.46923179794836506,0.7657235065104003,0.6535196295620624,0.6892645259447044,0.6540178784258286,0.6069478931104663,0.5156089865782282,0.6991284773456963,0.5543632628724887,0.5462239244155987,0.5125030812748256,0.5021764406430022,0.660305923415429,0.5641867523194823,0.4558763329053803,0.5661664005560586,0.2835885674983108,0.331649890215776,0.6990948923234468,0.8208500754024827,0.4895310460095275,0.5245934626514501,0.6679503768777133,0.7464516299771576,0.6584015338019095,0.6602317872243917,0.7353902401893682,0.5947344626124452,0.6951645362042563,0.012365947471991396,0.5320613199871298,0.5582106392479715,0.46128270725267784
0.8470889996290473,0.790954701988253,0.649347467674374,0.6895593616441179,0.726331103140499,0.39347162750758946,0.7632867643846472,0.6972486140324868,0.6997382470930804,0.5135621754428115,0.44321599329856004,0.3100591778047916,0.7474698957529065,0.6830922458360433,0.6826660287087882,0.7406032629903796,0.6532710850872712,0.6521853106692997,0.6819311352535964,0.47677447711844784,0.8677403151742716,0.5638747859691167,0.5882422966870674,0.5830495894106534,0.3285556997599228,0.5927975507848301,0.7054925352552612,0.47015587248731705,0.5496940362309513,0.4778782408309228,0.544214094774352,0.7663333338415369,0.7596516026494329,0.6599674208808075,0.6294376955998112,0.547364896707366,0.8418410005684986,0.6934661797506294,0.7408733019688188,0.7620746491394004,0.555412280938279,0.75356509140614,0.020881665976970793,0.6254728592091966,0.6717430535508286,0.6663976659150888
0.88083250143768,0.8599701088014815,0.8284605989978107,0.716215219984104,0.7924369180945428,0.3043424101837903,0.7546741671147262,0.8133263031621867,0.6451850298095083,0.4171574755306873,0.4797498103189395,0.32828960089333226,0.7588324770795605,0.36628170951464134,0.5336738779243244,0.8583884536476939,0.5721723522820326,0.5475634744157721,0.7708255380582084,0.29021251302732115,0.4912996005086029,0.5586806895600653,0.4327600081046543,0.5383979368085765,0.2744825370686174,0.6394422892737887,0.6614463405075074,0.567903517247311,0.3165424612105057,0.601822030816124,0.49467579294085,0.4946303558321543,0.5919981032757619,0.8437514614906496,0.6852316129836692,0.5055689483672102,0.836680465023672,0.6267216677556711,0.6394239004017439,0.5923747561354158,0.7194244802306621,0.8052188465130958,0.018651815152951234,0.45343171728489595,0.7963668520623957,0.8291432991422159
0.934866445321994,0.7596898337496186,0.856652755415258,0.6696727349960446,0.8593839804823982,0.3587139596861757,0.7951209252079933,0.7909501465947257,0.5388389695338952,0.41068946343512736,0.4064540658289076,0.3593331283835709,0.8115851782160924,0.3652071288141151,0.3858057981547621,0.8034077736568024,0.4793661678031043,0.492237009117105,0.7956491558313232,0.3280621742622286,0.37764741047287137,0.542529344950801,0.3414065694521732,0.5879915991959085,0.34313793707195456,0.64754140294883,0.789510080502175,0.555106817357233,0.29091676843824094,0.729833147381277,0.47507836799859376,0.437431972892966,0.5772688256216166,0.8257641003739306,0.7135062012939322,0.623507574814679,0.8313447438508548,0.6903176287163464,0.6814922585116224,0.6874976705726572,0.7892230184030773,0.8134925518191485,0.011420042233611465,0.5393682810733483,0.7624211156169731,0.8854465383240563
0.8926466302745417,0.8548374916852242,0.7323880504145677,0.6268374274228338,0.9192874947712335,0.2860783557195006,0.7877701313787325,0.724860577965768,0.6124671604722373,0.3765016366787287,0.3856030705412737,0.5551913242623046,0.6372410262421379,0.43170481629135365,0.3916283571457507,0.7559187554673783,0.3477502050180138,0.5662804460482255,0.7605098614609526,0.22687039471073447,0.37259995674738033,0.480651624514994,0.2471235125191097,0.6187630500285692,0.31367219756223147,0.5814238570924781,0.7612629645916046,0.41566240842046687,0.18361616881562473,0.7438566088253002,0.2412196245335186,0.3799744579338632,0.5639679086259487,0.8263621427143141,0.7749406322533294,0.8243091552011312,0.827332504217502,0.7026203835133402,0.6031007455798647,0.586054312788197,0.6957001994068055,0.7063024285200978,0.0298027290032595,0.8894898299963981,0.8959432065959416,0.8566688473019825
0.8727043143799397,0.6726764034956956,0.6693288675216662,0.598792620525169,0.8055579361093506,0.23136124391398155,0.7213616961838664,0.5958915412233063,0.41032066851262233,0.32063085148316256,0.31488141208360276,0.28364552470745674,0.4468445908469375,0.2918757615154271,0.34812542996737494,0.6721359570012435,0.29242705398839947,0.6004214856054542,0.8948111524662834,0.13475708031625092,0.3541717655738614,0.39827124317790524,0.4260952140567499,0.5582222284526986,0.2705319576189317,0.6334389892592214,0.7689020731085994,0.4434657461260795,0.15987541136186964,0.6468941281761997,0.22514174001554607,0.28476111693382233,0.45787373396372927,0.8936189095195151,0.8267343810687104,0.39393639896763494,0.803591623527226,0.5303166972844903,0.5831927408093419,0.4780053540073184,0.5791646856941176,0.6140062260750997,0.012865038991856082,0.4635145468456892,0.7958409517478653,0.802610524395372
0.7838897197482793,0.5911727659363191,0.6444721378506747,0.5560158859971079,0.7437040213952583,0.16324390991520932,0.7003127421553481,0.5993232942622204,0.3265953296623138,0.2614006120589532,0.31493790545215,0.2358446067603263,0.4918002589886762,0.34197631985874516,0.2422415116003456,0.5933693122848268,0.21244869360718754,0.5371116111803644,0.6864070666470662,0.0999727585366911,0.2698787352428131,0.302188846495417,0.2882537429944694,0.5431862676569031,0.14086152116948022,0.5181246106391478,0.5877187229886006,0.3655863155696114,0.10401912285112652,0.5531162264850985,0.1954773783506414,0.23019549689850707,0.3738974772962028,0.8656956244432199,0.6507552007156634,0.29971344800113575,0.7143876072143356,0.4310911817096675,0.4945889867817857,0.3993784684408626,0.6520065852000968,0.5316112114655012,0.028621872115301494,0.3812806713280149,0.5072490752099397,0.5831980405980246
0.6644232078207944,0.48546713767547,0.5110581058404142,0.5081261493249002,0.6660792262104938,0.11307256641046766,0.5889435021544656,0.5563812550230839,0.2866502740877794,0.22209491602813894,0.25575173833099535,0.18624755201046878,0.36611673205178075,0.22583841026370133,0.2414500115812789,0.48390255932539267,0.1410595131936485,0.478806233770972,0.568279772710027,0.08823516265072787,0.21654310944850902,0.2308462119826835,0.32953969020731394,0.49489282781032395,0.028014165147542187,0.48874033934604355,0.4442011849386362,0.2501078275402199,0.11192418981701543,0.4357026208848469,0.13432684238023215,0.16423727527717014,0.3141932034467266,0.7539244420045617,0.5481340296261942,0.24474774954564185,0.7432356468744039,0.46468365820957025,0.4127348594956695,0.2744324194150286,0.5488422604570161,0.4824531531191619,0.024700832358845747,0.2886063799395808,0.48082750798639046,0.5135575191551929
0.6276205792938166,0.36294365064028206,0.26746856290300863,0.40569360795566156,0.33724414923813184,0.03375929023952623,0.481051962090834,0.5678925407010956,0.20145338929364728,0.20651992353353682,0.2216846528642018,0.15449092680419416,0.19941980314391794,0.2812764199539639,0.09240878433746422,0.36465684784924113,0.13366456149484268,0.1110760038639152,0.3106204794984967,0.08119668132179747,0.09713559291857443,0.1765266770007199,0.17026640416377525,0.4910971411549431,0.01900559437629771,0.4014875022915755,0.20831984421938887,0.08526835119509094,0.08605718562238457,0.29681732530496124,0.05152147116363414,0.10322272105631186,0.22358840659837573,0.5962847316507307,0.24168975449514435,0.18296182334825778,0.6432552690672806,0.34891784560262273,0.3304683047210306,0.25600710590098485,0.19616273360105363,0.4700292211201586,0.18631988332273383,0.09228705811454194,0.14970518121201143,0.29813453053841404
0.44501140800241656,0.3057221314800167,0.4286415678997747,0.35634515845560094,0.48436710741542943,0.0527302496000078,0.3899650739595186,0.4126023051522636,0.1403118336936689,0.13951667880980423,0.1648231555063016,0.12564116800997144,0.1539651059386681,0.21543180574985243,0.12068297967288105,0.3163314454277003,0.15966340133697682,0.1932933606030793,0.4476907107458819,0.05067447539213526,0.14248514330157705,0.09033880950133545,0.1852770208974942,0.45845271467621673,0.0006202435525540367,0.36654898107485134,0.319550412892697,0.12570135505039795,0.0517174730819832,0.3291782752510081,0.061332621076814316,0.08267436468236511,0.23854429312796588,0.47337198234477346,0.2708743948461358,0.1920313547365168,0.5209990774100505,0.3211638787029393,0.22942417645535107,0.22137144545835905,0.2830025284704159,0.4558703124433838,0.15689898953820106,0.17529742508243548,0.21832624326864924,0.40303476527547355
0.3519783412362595,0.25037981549321975,0.4004201631058003,0.3452661916706536,0.4207200423735552,0.020250375301875533,0.3101465602395384,0.3473322103213224,0.1653202900591454,0.11818396430452721,0.10169006718497137,0.1016650690927936,0.16303994345075787,0.07202782114132245,0.09784740237923939,0.2924904910763758,0.15198571669383135,0.17052025744721783,0.3931549159520446,0.05487820531536292,0.11278808535416612,0.10420541985300996,0.10662648301344942,0.3379344438977319,0.036881025929019026,0.21921290439421834,0.28806168619923705,0.1318210758861992,0.05011361074253731,0.3627151241306374,0.05421565799569789,0.06382975699297988,0.16880861691422858,0.44210972910591767,0.3074303634371483,0.13123138316786215,0.4220653141159032,0.29735551489831563,0.18705287281854283,0.16725116860982472,0.10091448017602787,0.42548664289875904,0.15780258777233838,0.11256933781251291,0.25416944954348636,0.35212333353002145
0.29763678030230334,0.2634112777537111,0.3268965541954603,0.22298024623215174,0.3452248330599108,0.04214485969376521,0.30860161760138466,0.3313136835157253,0.15134963606893673,0.1047124515713411,0.10465999063836653,0.08074206483412004,0.10002389439116247,0.18700560926309812,0.11326533516901979,0.2769767259742004,0.09473214079947288,0.12654326626723703,0.27044736318692997,0.07134253873068183,0.08541849244699051,0.09264377833983864,0.11459427545062033,0.3428465966558336,0.023329166657689596,0.23676531961286676,0.22987975928447055,0.1459293045596391,0.04996859523121788,0.34818629614205227,0.03962860806858968,0.06307576322563978,0.2536828454249595,0.4085325469289585,0.12277832869466096,0.10184934819657618,0.3009603681765978,0.2076051364797879,0.15243348624027392,0.16176371597824454,0.23340459802721336,0.3549329309399572,0.14027629612203787,0.17353082586595,0.15054499065316074,0.33443487737976496
0.3129965185085473,0.18303776583634163,0.38365050241199333,0.2571181674396449,0.3957232197332585,0.056291734623955994,0.3039690770113613,0.36725084170884675,0.17320303948603757,0.15345649298712177,0.11366037591848424,0.06896139951445658,0.1261733504544812,0.05032880588889793,0.11544932625332249,0.268799705782114,0.10762876729698884,0.20670138349376677,0.34957940374692215,0.07055847219929764,0.09916141964321268,0.08407878733456403,0.1481133256112187,0.3653714221523147,0.014666817425180063,0.2764893652993292,0.2772161845590384,0.08518371693316704,0.06026713019567351,0.3349412703922589,0.02655865849465621,0.04252834865512865,0.23324624247551107,0.42412887004069455,0.16613235058807524,0.11016618694594421,0.3528020578560968,0.22297521478225435,0.1869445320892612,0.18276607311767826,0.14965137132606166,0.34408670598971985,0.14665339590079654,0.12352610145450921,0.12262762172032574,0.34355238079154954
0.37721389207449074,0.281238887419661,0.39247617461780226,0.2426061606752823,0.4480083761987219,0.057741404294142554,0.34148365826560995,0.3442972067215344,0.1981742190073351,0.16244592773723282,0.1279579957790159,0.09138001103363765,0.1548736382043332,0.047922563313489513,0.13537743936411425,0.29213208029004795,0.020390083043646662,0.1786874395515091,0.414803902939689,0.04644069363776731,0.12119942836961534,0.08843115706576989,0.17894752009452858,0.3399956080290414,0.0,0.3038954464236896,0.29533288629132604,0.18933259134178737,0.07546976280784327,0.3464426737169674,0.035392196382640774,0.11177674282434671,0.20367853644333617,0.3867919059733769,0.23235052506257403,0.18477063171850558,0.316047346572529,0.22623816183842393,0.21513041877569555,0.17900322004823457,0.3577582387598994,0.3953711261389317,0.26161754640036805,0.16258341565321466,0.2352136512462245,0.3755759506050372
0.49667060764456056,0.3942688731748824,0.4754363635242279,0.29839958194330224,0.4734021517463616,0.16260086269964574,0.4580650314143294,0.4459429865067582,0.265104099019785,0.2482780409872458,0.23481237204163158,0.14994962900068956,0.15887213139666892,0.24947397411850064,0.21720049907329894,0.34149903298002915,0.12148136140990823,0.26622964765283985,0.430268771410717,0.1260988176337939,0.16887849443151284,0.16789120153489404,0.4313857793618053,0.37486919853679046,0.041863499913777,0.2982001129206716,0.36237735735761595,0.2910773193687138,0.1240612005288198,0.28902025553571137,0.09397105680246226,0.3472855816663917,0.39057842272699267,0.5381368670456409,0.4807973070328446,0.3921815381339715,0.4307417527394501,0.2987489572915334,0.3657271705911001,0.3104756880638307,0.3284568883558931,0.3053205200406341,0.33829019729426923,0.17780994804397393,0.38986781675956106,0.3213725876315411
0.7776407704916244,0.4984477313413159,0.5499065848791934,0.4313915663499219,0.4026271254092624,0.3816045897723229,0.5959697731902169,0.47190277598000324,0.3808333400188406,0.348663057441726,0.31271428921160277,0.19241756376309496,0.25857897607268077,0.48676259542430916,0.33780620070012213,0.4196608190215129,0.3811301446847902,0.45861606400556,0.46316121874175514,0.3840566563216858,0.4401420711817072,0.3373562116980255,0.6067423781023918,0.4463636083267165,0.12919085310086043,0.34206415874685836,0.4704849929334102,0.4442650794053,0.30846029008666925,0.32856972638956844,0.21492369462042293,0.7511901726581995,0.5565564340294786,0.5376039130630589,0.6958234210790942,0.6159231802193282,0.5685826082936816,0.5044546657366673,0.6133151365377607,0.45300622401712115,0.43309986680412654,0.3260164827238638,0.495780058719081,0.4547441975780729,0.40960110322378745,0.28933741587007483
0.6670690913406956,0.5576277906494067,0.485551204700678,0.4345008912170438,0.3558169950067911,0.6216717724776091,0.6332575610695926,0.5812195036079102,0.4079842286126277,0.589610883179277,0.47938990014070926,0.19239239937637057,0.2836682617157866,0.3650924935457742,0.5906121321921409,0.5225000992059945,0.44277603944902083,0.5378359780559261,0.45762137665680475,0.3607035906702604,0.637273790556971,0.4183399660913389,0.7662324025088532,0.46010654014972485,0.4486357705305612,0.4915216423982284,0.4170807732009236,0.5627898783654072,0.6350370054772039,0.3399252178246587,0.28705939881317427,0.7025770016387248,0.670673996960772,0.5444302958005764,0.6950344146154582,0.7859746739440715,0.5272476135522768,0.692113716759033,0.6754941979730104,0.6092012156660698,0.4960412830245187,0.44961009045190936,0.24981064600496586,0.49714895981897406,0.554940489857108,0.3604816395344713
0.5911625388970311,0.5725991973967499,0.3839562276299727,0.39925685650522186,0.38533942973898705,0.790436066320567,0.5574068081823245,0.6245674111992611,0.3830925270423139,0.6876253482137108,0.5810637503087857,0.24770824000948047,0.3830497733371192,0.6856893627411531,0.6191302160259321,0.5580394902327089,0.5173809561767906,0.4929727664056772,0.45826583497621726,0.39446325024126794,0.6488734462038448,0.4367585793418055,0.7956575907095563,0.39555575899498024,0.6143678231297315,0.48849745649139753,0.38719590848912877,0.5368381175698994,0.704757307770996,0.2600864351167918,0.26436292944849016,0.4976854238339671,0.7507490987014066,0.4754219426760132,0.5692143421677077,0.6486724700031451,0.511949056205706,0.7412317632859732,0.608578708062458,0.6411546568045549,0.512507495149588,0.5161304809293474,0.004066573091969925,0.46622260227768125,0.5393735046109536,0.3079820586894332
0.5361510527687211,0.5936517647042867,0.40777515683493926,0.3860094558963373,0.36100019865179545,0.8225493353247477,0.5161272222024441,0.6728923083092873,0.448199724324818,0.7424378390553534,0.6037342811327326,0.27478369826707477,0.44215861956290925,0.5484802090984251,0.7513920385805792,0.5649065900858287,0.5740817509871161,0.61256000934632,0.42287382960320236,0.3793508209533199,0.5751641785551727,0.4817004811098101,0.7274578828520768,0.48114215497839086,0.6265937448259129,0.6545650504808679,0.41375420639414584,0.4193359486128668,0.7503048695713066,0.3452057008388542,0.2944308959321868,0.3968456796580503,0.7751871529169316,0.37383621586327326,0.5069230927368849,0.643034574874748,0.5823303841722083,0.7296994648093967,0.5237414524540156,0.6046150191250623,0.4360138699969695,0.6303326314852364,0.032635281798461244,0.4397654121350318,0.6642273410221409,0.28933179529628683
0.585673781371757,0.6037698218261317,0.49194076393537894,0.508592758556608,0.4141690091742737,0.7126141371961628,0.6309061491389033,0.6728489839179382,0.5026588890146396,0.7215974957390158,0.6528692637444646,0.2594834491242465,0.5151534645210526,0.4766748714102706,0.709937542262549,0.6933002575021981,0.6347216493563075,0.6019345401953815,0.4654072494626063,0.36875187491968964,0.4968733379413106,0.4861179123648328,0.7771194348991544,0.4471583867189987,0.4722171349054911,0.5109876684815693,0.5112867744727947,0.522360237273169,0.8889020482189198,0.2694574855240977,0.4741266709179736,0.410089998085568,0.7181516568085912,0.42543318603071784,0.5982727097064712,0.5881674074220878,0.6937268399506425,0.6811057660479675,0.5133575943668365,0.637943930354309,0.47414281258917484,0.7559072423467723,0.011176147737765572,0.3393690961208793,0.6135811862385974,0.3148407859842818
0.6266413953312616,0.6219427233611268,0.45035261589931225,0.5639710289114829,0.38528171455950533,0.5654580111210901,0.5584252258250892,0.6433530156493654,0.5530836030986823,0.7212114932117658,0.7561152258597141,0.32597028939685735,0.5501557163093502,0.5162927674406881,0.6951258802297219,0.7026706797212685,0.6215053492130979,0.6444069575573933,0.4885525209847161,0.3929784688661051,0.5030656499690014,0.6049112637336088,0.6560909072280924,0.5512184979865558,0.48034036428634663,0.5312499576279404,0.5109087123462615,0.4733773834279351,0.6564075072472614,0.26444089672359106,0.41194100890247576,0.4340703133248588,0.6134566486026884,0.41648279610405137,0.6474140920226059,0.6073482496109494,0.7265770842090292,0.7168641557451891,0.4947411368688483,0.6299426867355384,0.5772322615953727,0.48970254144957887,0.028843524419997543,0.45640843953594656,0.5874073657768775,0.3716031227028523
0.6315970390154544,0.587925907632439,0.4201585791822152,0.5216798034750583,0.4031216380931054,0.5901222016978079,0.6306325373991137,0.6188853476949331,0.5642309737155882,0.7411136854154237,0.7803750842482219,0.3168420721617922,0.5061969631374353,0.4734514300653431,0.6783170873914024,0.627010136367822,0.5330406772109471,0.6684690923999903,0.4157299944423869,0.29323103894673685,0.551517949198563,0.7049098085568433,0.7057471963712995,0.6572946528248368,0.4682880207947132,0.7101791270618474,0.4440909384705725,0.5289597227444623,0.5399555420405169,0.3859861649767376,0.3724953459978402,0.4520250027118591,0.6771844557383989,0.44159024675860103,0.515926798842565,0.5791966846703237,0.5846336182615071,0.6915714087798954,0.5459311740537416,0.5808457199740151,0.47958981752948987,0.4573240832718413,0.01728426637321182,0.3083196751982577,0.6177832115747641,0.32372371407496336
0.6300380321957747,0.6110022190916654,0.42111396891503466,0.590639852371363,0.3948799387814582,0.6188989925219603,0.6579323181629299,0.6267989192805195,0.4929296482011913,0.7831655976220752,0.7069968134996769,0.24996871297977138,0.48301322418493253,0.4572922922056825,0.688573938594964,0.630016903947708,0.4999383209425407,0.6838739005065507,0.4919245933951168,0.33992041166109466,0.5571684332832924,0.6022321338055975,0.7055808046579047,0.5180756032043237,0.5024519607704735,0.5771434130490675,0.42463513842191786,0.5689552859315473,0.7080727880691442,0.3507781831038545,0.2971711294148967,0.4386816991689748,0.6476435101614572,0.3961906890015166,0.6813697688098596,0.5851064636796239,0.5870569470421594,0.835705270622362,0.5474745067051188,0.6208398368021201,0.6395265051722829,0.5335183524734284,0.012226383909463661,0.31921867674523324,0.6129222895482034,0.3032826210241247
0.6422044189620926,0.6511081649315954,0.41074040927131067,0.5705160579884914,0.44174993310761135,0.5296994277296909,0.7117094362967161,0.6760739232228812,0.5663658044420654,0.7749146419042842,0.6880898918350324,0.2889538212033138,0.4979756575797908,0.6260581245200698,0.8175562089144361,0.6169376963670872,0.6524625674912055,0.6424262544281206,0.5372607973533517,0.4963229247524574,0.6150877368999885,0.6005331627384283,0.7301139007139896,0.5844402437883143,0.5047282767259264,0.5856855192968272,0.45544056845348874,0.6440854442709489,0.6461843254309223,0.2631444608980213,0.3122194631815808,0.4930614550442932,0.662403039175459,0.40858635999347526,0.518693153833375,0.9529834178737544,0.6562233821035641,0.8476427330494171,0.7618211116335412,0.6518940432977577,0.48910741885406545,0.5251042845606452,0.03915212748489945,0.435430450677006,0.6759005670540104,0.39618404459997836
0.8009936592355265,0.7691573591817267,0.48150394824935955,0.5510099274271927,0.47390456890179355,0.5396598415780918,0.71905550526724,0.7308880639947462,0.6965214760465087,0.7775377010126291,0.5464680608260589,0.33723362534895385,0.48390751890696526,0.8464022808641853,0.8281253526431874,0.6480780371639446,0.704539023382215,0.6330920851443151,0.7392074384521669,0.4487098687843076,0.6742573715163306,0.5959649027552616,0.6212293540120847,0.5687479932787718,0.4540217139733432,0.5254907033666965,0.5714681286258299,0.5385405641526376,0.6109691167380832,0.45816258348792405,0.3781163706383404,0.6392732024019266,0.7672054911038433,0.4795205336997925,0.7270952496429026,0.6795636065898292,0.7196053912778296,0.8322012464123908,0.7035723049326159,0.8032968163493489,0.5617958752538768,0.5438582809450082,0.03154300140048062,0.550802843430074,0.6086667990123653,0.44792763738571517
0.9048487507222481,0.7527939547267294,0.6482266878324703,0.6424255368574988,0.614068700792587,0.4333442249957123,0.767420813585893,0.9175814543685802,1.0000000000000002,0.6505176719799386,0.43896524527100766,0.32118801018633386,0.6912308007377276,0.9947173475700526,0.7536955660546039,0.8187830702080489,0.8149218653869025,0.6452678874818746,0.6468781136958468,0.4938929146567285,0.7363525495425419,0.629307444136739,0.6512681466243763,0.5376580735913226,0.3885741280338299,0.6058543701028983,0.7618583669460592,0.6430467971932388,0.530171265204251,0.6207083020743105,0.5568437119484018,0.8981890579732764,0.6555245710962555,0.6344450185388961,0.6860466390763857,0.519042477953307,0.848457568379441,0.7878738303786254,0.7359698612932634,0.8681186066715545,0.45677648672855303,0.6137075642874312,0.018701587432321785,0.6360985486129064,0.7702005545947466,0.5950621635912766
0.892789566204326,0.8389491152531805,0.8497183994268989,0.6412217732396728,0.7837984689872152,0.31104647498526977,0.8228913750364792,0.8755066720403174,0.8843217161663751,0.4352749125295817,0.5617365674644952,0.3522242428359147,0.7882986523918308,0.494954266527779,0.625437336416738,0.7854824154062541,0.6939870530857595,0.6596148527155795,0.800137037930498,0.35487794699417896,0.5223640940597872,0.6276549244830324,0.4847402376629317,0.6169568252642715,0.34497647169581286,0.793246721613491,0.8269402574241832,0.6770988909664138,0.3408320646313373,0.6029350454999044,0.5171513177453408,0.5390005148882638,0.5096251046941416,0.8691633253048232,0.6997061836181564,0.43124919397755485,0.9355903263850103,0.6607385776850104,0.6674198361445525,0.6093774369959921,0.5614709784188858,0.6048494536696453,0.027273854701902075,0.47471203069952866,0.8140625705074103,0.7175011244006866
0.9467665382574701,0.9124255954263873,0.9693124941029946,0.6539494929039502,0.8860453763147759,0.31123795667616266,0.8702647042438119,0.9001121902316749,0.8396938596954796,0.4715111896178355,0.5535064763599249,0.34220698510668673,0.9551773035567873,0.6756275599810639,0.6007159702729591,0.8420592210936813,0.6490754726905907,0.6790540848868953,0.9011271351973957,0.3702455582079253,0.5116557902328274,0.7207337528975851,0.3649873019590731,0.6554098557850591,0.40711674449504803,0.6990378745206596,0.8684710193854456,0.5921367414993712,0.322551806858563,0.6638095493649961,0.44056646834802116,0.49648975077193436,0.5003764849085309,0.7663298590055898,0.732635159225273,0.4806533121062508,0.9345058101583965,0.7845090864397113,0.7098665823006703,0.7148120673377277,0.621502731554839,0.7187096885197918,0.031748809520039695,0.6518180212255797,0.681077404911872,0.8926060973731726
0.9438291248406816,0.8004134374824281,0.7909193176283169,0.6187441185617382,0.9248799112555085,0.23668021345321588,0.8509942222646797,0.8260753048365639,0.6295377790974883,0.461485525176513,0.5381310583476956,0.4577605129522395,0.7137442232487435,0.7401631918398202,0.5638780531155357,0.7312353642562247,0.4807891737272993,0.6661014683610577,0.7923824322652893,0.3095681916854712,0.4873165275138758,0.5553183411518077,0.4591363370542039,0.6164240897278438,0.2952727949012842,0.5461248075764555,0.793703028712914,0.5535928756732902,0.248856907331108,0.6518443303460364,0.322021126910126,0.4457345962350997,0.5251705405295105,0.9249494573185848,0.8607771302948153,0.6791687809866028,0.976221454130141,0.7155245322567665,0.6552992958803242,0.5502036806371698,0.45781274424852975,0.7024303783507388,0.033851308767437804,0.7663319137443069,0.7090567778952868,0.801221971094081
0.9420960337683169,0.6564433825548912,0.6016769328847323,0.5139207072442715,0.874392598159044,0.21474858323830898,0.8363198419124293,0.7195661324000064,0.4071813176400188,0.3320616471427848,0.4176989339592163,0.26300918203433465,0.5693010699464103,0.441498664858391,0.5136567062280014,0.6679350745749647,0.2669884896491977,0.5349184531739295,0.8895253614377882,0.19639042183665095,0.31114104581855234,0.4437436821017507,0.29032833894286963,0.4738286277708593,0.2998185961341297,0.6158593939826855,0.6209606480662894,0.41870683441343326,0.20086675171700502,0.629075907542928,0.22175042199218056,0.3226475739862229,0.46567160308239613,0.9313008738741284,0.9295350784302361,0.4196241323513386,0.8027401274350808,0.48111641738049493,0.5764152745292048,0.48926277792351297,0.6436303647465755,0.6007710374747602,0.02641201310213,0.39518313400092087,0.6660397790232107,0.7082951913210918
0.7785595907155672,0.5953355483075127,0.525457911452511,0.44097526156194494,0.7798926475310024,0.16268543943334307,0.7928392455353849,0.6214780142427201,0.3668554516729612,0.300142872419623,0.34069322063455526,0.2055140996181099,0.5021936834599601,0.4616197701579902,0.3758745227104766,0.6783248651029627,0.16907574326476552,0.5401151891965636,0.7789670802587969,0.11641095388488568,0.19932593338606838,0.3382314265442611,0.358395062144708,0.6047179397060414,0.20100473488439077,0.635819324946365,0.540791634849822,0.4438339992165987,0.1670677078091259,0.8485569805588137,0.12473235131139679,0.22101059110653073,0.3509171451637873,0.8217640264171585,0.8060937164434586,0.3453124051112513,0.7174671692778489,0.4370770904570053,0.49730968238320244,0.37192879949089963,0.46414499495318257,0.5777044379480936,0.027207954816742128,0.317121994675642,0.5654444117950663,0.623365197905197
0.6861037111067136,0.43237393408101393,0.44527249186262446,0.43343723852457283,0.6995745387714524,0.12901486778898624,0.6275918549502439,0.5794559225584215,0.3329293149794095,0.30941671359909884,0.2764896423150893,0.17485609973767846,0.2948603893966591,0.34909511924528186,0.30757170001751455,0.5230518810354403,0.13874794853053693,0.4538377910179924,0.5456746308494083,0.15165729984647314,0.161120129646358,0.28854923304156743,0.19345836656832238,0.5787305094734496,0.08484976661212631,0.4868866891690431,0.4247693804948018,0.2683231335032279,0.10365367328250441,0.7177750578274555,0.11691873319885393,0.1724188356480104,0.38539745945904197,0.693293230430558,0.5996728812248987,0.2326997622662432,0.6990845693804032,0.44492558857616904,0.43564566861857246,0.31015027817773333,0.3859921897455598,0.47959128158517006,0.042265082376737734,0.20659947493801184,0.5500611720131829,0.5552249517744146
0.5063730693846327,0.3107146569670007,0.355288301333956,0.3365423265923759,0.58477602131914,0.08821517283753376,0.40337732790406217,0.5176717118233345,0.20103351865010755,0.2013369958896427,0.24817999015449183,0.10359435097754037,0.21624404170177555,0.21857830840436876,0.1794480802759575,0.3402276206238877,0.14450985087030485,0.46670881793264596,0.3598415171990967,0.09521055314436239,0.11389209199905448,0.277680920710852,0.19640634208579938,0.5157324408040249,0.05968419703521893,0.3441382249902257,0.26029474160445126,0.12628872216549492,0.07337381619361745,0.5320314285192121,0.10598576834392931,0.10366181459688328,0.291600223890608,0.41667814861317587,0.42785422800862344,0.16800666629048122,0.5796040561174678,0.24206418496076604,0.27941734909080246,0.2735778085007936,0.21967707355702637,0.4242369185753739,0.20340625895795386,0.18538836516929355,0.29779511817180077,0.47025493605418595
0.4263416308188754,0.2704896177790989,0.29934001526537485,0.28039967833991436,0.5090756936057429,0.05743651849119176,0.33846473515400594,0.45711625589193905,0.19324310164335856,0.1627742208468324,0.16916164234317066,0.10781903709190398,0.18058209606745745,0.1742991391866202,0.12241492367702794,0.3154504947616461,0.1405744495367902,0.32421249301144306,0.32140231542795106,0.03881985993990498,0.0672209392123514,0.18610026779117386,0.13881102277784374,0.40839594491148673,0.044292531120806236,0.35136677937114213,0.2515046502056466,0.16527029268651605,0.04007049640209261,0.3724432292689628,0.06836219934470572,0.08703923323956397,0.20339977200481701,0.2533365896364047,0.29886701910951524,0.13517669784959854,0.5009968772383578,0.2535666890108127,0.24041645329385036,0.2222394623818488,0.29849906492289646,0.3645939411534009,0.16554775348859113,0.17879123118168674,0.3348219551949358,0.4141479793884529
0.3691100023002892,0.20904713029393307,0.274734027290498,0.260369928115067,0.42682342739032086,0.04301356741534036,0.30628012707108687,0.38069060186222775,0.13274781452254233,0.14479932748607083,0.1348669232483833,0.0900222848553027,0.15270906283432098,0.07707037953350593,0.0928505217026886,0.26459542817684595,0.10369766589308965,0.2187578239439324,0.26967158790170986,0.045164836764669515,0.0550411732075037,0.11999714326431574,0.12702739859192907,0.24764342084167473,0.03853360330556088,0.28709789006131736,0.23000745670461362,0.09625919387907142,0.06992971467064041,0.3831585129270708,0.07759899580580701,0.0862160681601887,0.18204338009471036,0.2476791065715231,0.23545822896961194,0.10326286605240034,0.4376255207895293,0.2505791981098292,0.1871552451050687,0.14688905373799055,0.28254143734711146,0.3802943211937639,0.13064157987791267,0.11040315844845514,0.24822378322265604,0.3755675670570278
0.34647379255712824,0.24678958159330294,0.3075758367571728,0.20192274387555065,0.3258446284746678,0.02834715526556989,0.2684057308320609,0.32970182325809133,0.12800528773766323,0.10030396627468752,0.12288103935116318,0.07742174631187629,0.12497491988294776,0.14139054607155005,0.08740643622396796,0.23174494102764964,0.12878098575498023,0.17338640446246245,0.3435357375579435,0.06587861209318294,0.06937285645125404,0.11639123346524138,0.1913541204045689,0.3203519451264653,0.019001769762129278,0.26783595171360997,0.18039295952353718,0.144179380468137,0.03978401159683797,0.35127197734002474,0.049510196345979536,0.09027649576582931,0.20190759927257698,0.25108512919444587,0.15785008376298804,0.06798006840481102,0.2923680341743963,0.2335274341242921,0.14594519020878477,0.15478755701503735,0.1477081264914984,0.3310562000796982,0.11527241624630875,0.17339044344864082,0.20847839349503527,0.2836170538893448
0.3452268281749482,0.21196169200520606,0.3241840334326975,0.22042621273207422,0.3635223687561613,0.03126074732357604,0.3471411077169407,0.40179570584524227,0.10101627255382542,0.12626678432198413,0.09615065825764148,0.09329300520752035,0.1694784336265565,0.0764247635607131,0.09420572954760323,0.23093042240438083,0.07348518086105324,0.15105723139514915,0.31534534572705486,0.06322213191514359,0.03082551820658771,0.10209918749989072,0.10236277366883657,0.28958757220435577,0.021048377193068513,0.3136326893820337,0.2524271911237098,0.12200903840668373,0.06994372181513772,0.25075695918059454,0.05089062493723088,0.08117676769475159,0.2606400350005679,0.3360902092434944,0.18750882674522706,0.12223038675882963,0.2419325926855243,0.2157897913301769,0.17583449287964414,0.11759898513554728,0.331019210639557,0.2811591365283615,0.08095282737729165,0.14868913614659413,0.23270650617391997,0.3368471714917074
0.3370838016373364,0.32178180243417454,0.3731035180653899,0.20929936351542475,0.4287434275877787,0.06289162309697376,0.31377626297403927,0.36613825099913644,0.1553350961386217,0.1358066080832975,0.08966263110308396,0.10742558051816357,0.20070550722790562,0.18525563351589863,0.18446901281752556,0.2515461587097345,0.03355987404314567,0.17372127904122053,0.31653400956079186,0.0692035591242666,0.04519863271180063,0.11668690969595794,0.1870764332640405,0.291585164003938,0.029590590524602008,0.36827722829502385,0.2725159634471231,0.23246927990010974,0.06924666720427373,0.26497073193364246,0.04111750936784667,0.13303217987201482,0.2556335401020239,0.350350007955033,0.22402132370308087,0.11013614795810384,0.3220558277957119,0.20176408520511546,0.17433396439245774,0.1451112393425665,0.3374908001023004,0.4205521299746703,0.14648141879579116,0.20345764534094637,0.30129815951449695,0.3177764903205171
0.497905335968401,0.3779677001483904,0.4887161260306471,0.26230641667634225,0.44058480738086503,0.15004195094830602,0.4324002879893964,0.47118166786423343,0.19620312061688955,0.253934454808529,0.1576622843750033,0.1704413754565442,0.19600069081705326,0.10151774525521934,0.15000189387602922,0.2682669122024589,0.13055427270183487,0.2719869214897405,0.4431422493491614,0.18495188150676387,0.17525800707272585,0.17361793101756723,0.3383481396872516,0.35879452085135677,0.042260885147474295,0.45613813418239146,0.3445474697153318,0.3055078356343373,0.09710421325434683,0.365938064432142,0.10254899901365505,0.31470031302977886,0.31715691175972055,0.5759422880111822,0.3118432086836888,0.3630699164379668,0.40170660754850945,0.34888610427201133,0.30802197115401975,0.2781611144896429,0.2550345242597407,0.36477704978533143,0.2924265153647444,0.307754767100953,0.5284243202658048,0.29766561124506075
0.75883290513477,0.38610546823287456,0.5302049867868434,0.36782466930543317,0.35478909139308457,0.34776902217674166,0.5746641928665651,0.5365347869932884,0.3686429530950889,0.43245443502082886,0.3274684394020348,0.22679765041261013,0.2503952263722136,0.4692805343612753,0.366226450900924,0.4192300823754564,0.32715027209653996,0.5144422951992946,0.5021033341115155,0.33684206446640713,0.4691048925602994,0.34000230080021954,0.619298850049037,0.4294603512043153,0.1572291909397075,0.3426916710349962,0.4116536157981726,0.43859582574637046,0.3693294035597112,0.356956999795456,0.2206408999248173,0.721916564558665,0.5821007740933832,0.5405332966438969,0.5651808319981702,0.6249011680816629,0.5473546875240298,0.5046105487815592,0.6732655012812506,0.5033594286429041,0.377913281672853,0.37555706991687093,0.45670045669880327,0.47917505243609476,0.5700312004840522,0.3125803424091001
0.6433149362046038,0.5798976838463044,0.48116895672235166,0.41566714501908325,0.3033447449764646,0.6345220680227011,0.617307535814106,0.6030844963849035,0.37255248957674236,0.617996536621594,0.4471307194227137,0.2339460166004733,0.21679566163363814,0.43184462945394103,0.6719904782532689,0.5361662324087186,0.5153324558659639,0.5999306439943509,0.4361012746652034,0.35938002170772315,0.6933551588504471,0.43221162120410483,0.7953763267304915,0.5093224320932147,0.43932629431528325,0.5130901463286369,0.36098881571474567,0.5804973860632447,0.622855025463742,0.2930515445655892,0.2683851513452199,0.6376907486832222,0.6278631797679444,0.503880815402141,0.5300908326793435,0.788261571779657,0.5344267024066081,0.8890941584887233,0.7294766647157906,0.6629795626663489,0.5224514430865538,0.49079561397966603,0.6272667009564533,0.4171080283832487,0.6597273966398425,0.34060287864451694
0.5821332470821167,0.5953383016324966,0.45622047816470385,0.39211339435756337,0.2803799845379874,0.7090902153521463,0.5326199475804188,0.6109362074414946,0.37249968954264606,0.6610868217283268,0.5648797262796144,0.2923282924715862,0.2909242444165941,0.5977940089346576,0.7692777687451873,0.5447474443873301,0.7081485040912441,0.5706625925396096,0.41106094658299663,0.3861065201596739,0.57130400937264,0.4528479213698726,0.817341877295238,0.4278311143264667,0.6633612107801349,0.584457487967345,0.3608823590281783,0.5502149135722705,0.6335517753391544,0.25245801152474767,0.22194135100372728,0.40349377395936536,0.6687736526102867,0.5339296176369862,0.4628483106360556,0.7415163239620518,0.619534053273402,0.7890347171417197,0.6292745627857302,0.5362932304700195,0.3429384920466114,0.5593596575302797,0.8081437743062646,0.4527691964551335,0.6498494346358725,0.31612708265641737
0.5612759641483418,0.6606736713900544,0.46419171488569183,0.39013037954619406,0.31463666248394995,0.6123108540869245,0.5944047268852457,0.6941217498808727,0.4385366153787926,0.715298062184755,0.6135784585817069,0.2750233163172419,0.3207294352860893,0.5272619038645816,0.763810603104785,0.5862766395922634,0.7016554883909847,0.5069951603323357,0.42204069123048643,0.3678614892226471,0.6375089703888487,0.5014024064919403,0.7777617143817787,0.4050186207308923,0.7927535538511005,0.5615675632837659,0.4243730342034706,0.4174483337459999,0.5479616439936013,0.24575715569924803,0.2795736895009377,0.4071693324752763,0.8342043584112123,0.5208293194042197,0.5438179984022379,0.6580643425690244,0.5823217560813027,0.6735587453949478,0.6157566459382061,0.5987659862634555,0.4928036949985048,0.5592529423059597,0.4699158117261242,0.3940568133862035,0.6099315326873012,0.32379445383559413
0.6128466958954195,0.6400723373943987,0.4863062708312372,0.472614057562333,0.36230687026564223,0.559157513121963,0.6259405958661338,0.6245125447685367,0.4822812933303287,0.6802133955245268,0.6486859799150588,0.27279153168156384,0.45253790932265947,0.572592807407831,0.6627377427250426,0.6588227498518802,0.7220747607899232,0.6165508097992128,0.46203176901665804,0.38132609975046905,0.4998605208330821,0.5000380718342556,0.906208955320572,0.5785474036098429,0.6498256572358205,0.5554278557296058,0.5347574109777912,0.507879585621516,0.6363645408062086,0.2203328129005465,0.4208240428885962,0.37293962772600575,0.6759226475195481,0.5082724216376135,0.5988094748425177,0.579559009941417,0.7127978059450472,0.7366275828188076,0.5192484066201414,0.6423013316599154,0.4910402193567222,0.7868375813533588,0.03326064599194971,0.35456752931523805,0.6103146957583048,0.37433705507713283
0.61651990134384,0.6676957909885134,0.4553030987907867,0.4827770025194443,0.3656162536123848,0.4659243760109167,0.6735992892082326,0.7005218654027379,0.49570084624269645,0.6374783675907866,0.6405607566712078,0.2938303087410102,0.48602371843539416,0.5860389263082146,0.651376228871425,0.702455030571092,0.7443707966014943,0.7348175547332394,0.5164903174220155,0.401759978400796,0.5421621319533811,0.669990695244526,0.8118627238011314,0.6626632766978363,0.504047943260583,0.5885268240633031,0.5008690602478602,0.5149015376317738,0.482525312412626,0.32203137774956564,0.46227105649346395,0.4293755728205607,0.5522371061846795,0.5085734109127666,0.6142978431633203,0.5933083076145473,0.6420721687709205,0.7563805130442827,0.5003906490180723,0.6375559893115018,0.43994002750343547,0.5347440808362681,0.0481228210671929,0.42249452962208206,0.5312314278335855,0.3389323988108863
0.6319827781936637,0.5818166778663705,0.40737494124398127,0.4924302362523039,0.37264998758474777,0.5244153581351114,0.6427041323344561,0.6120104310926645,0.4785876686320645,0.7660024060030725,0.6617883545238855,0.28328784411759006,0.43033180290862766,0.564394587515884,0.7770193306427021,0.6393693018966917,0.5844188146158222,0.7358385647271499,0.5164709972481047,0.30392943898439095,0.6550793454422471,0.7301930216833296,0.8644379869001981,0.5609117422470485,0.4735814743711093,0.6399493808486687,0.453400906433687,0.5154894239357606,0.4349297439611797,0.22817533102262086,0.33401163538657197,0.41973845395203535,0.6374016229313566,0.45591773556665127,0.5779560977319483,0.6227022820764483,0.6089820712815234,0.7383606178662786,0.48621040174573066,0.6164731616775359,0.3615662542864894,0.4469029104058087,0.004388248981529383,0.3670334926993862,0.4422603453428397,0.39590859402007805
0.6032279796074651,0.6298444158616733,0.3791789391478413,0.5389053595272911,0.4415394768516121,0.5941586261357034,0.6431340089332621,0.545084450571925,0.4098452318699174,0.7943946349662995,0.6999092970198698,0.2967022730968188,0.3955599433475733,0.6410091408919738,0.7625529934959878,0.6687178553854836,0.5031422293157258,0.7176422039264344,0.5176079806157194,0.41177178791693597,0.7809155235320088,0.7103196903601473,0.7265074226018353,0.5661532581797627,0.5670233011055081,0.6422200406845587,0.45405496816327984,0.3387456608131179,0.4797227281136722,0.2876815619726168,0.3490869726606348,0.45423094644906314,0.6576171092460275,0.5103591707592198,0.5903293094496448,0.7048902640507713,0.634035705877952,0.8927815199304083,0.4960108986691713,0.6129498891605626,0.4398932468582762,0.5096888091055163,0.05026519363907467,0.42724621051843137,0.6045306615884067,0.38567916596490875
0.6386228251586167,0.6738623823240888,0.40709515793333945,0.5518862640278516,0.442076956808539,0.5890147564532782,0.7103247568538462,0.7141393964547021,0.4854610791798962,0.7424866325329141,0.6722449776762899,0.29683221263838855,0.433951462339983,0.49266807563778,0.8179444092345987,0.6715686528157853,0.6574931460391906,0.7740789981291729,0.5388393054940432,0.43051618893947763,0.7217800894696577,0.6079363207114221,0.6995459435447631,0.5200980339886375,0.471122005972687,0.5961003281061472,0.47883696092297573,0.5097596270078681,0.4914620115548781,0.3555260894128867,0.3677393188418918,0.47319653176892074,0.7117555857089986,0.5107158316083334,0.6940186700068673,0.9711964941149821,0.5479708304259089,0.8209623883739092,0.7113206455202705,0.6689449949535762,0.5319881804404241,0.5299005174060647,0.01875216048492968,0.4217761599857866,0.5803175527966375,0.4906262907555578
0.7584708572332342,0.7677212220460267,0.4762076921671452,0.5563140193766313,0.5336747562785887,0.5511863293263765,0.6641453858278522,0.7001646976271247,0.6303810957423377,0.8166037143898567,0.6079186025482523,0.31586708729393786,0.43862326189970335,0.6132064011539582,0.8661796345907262,0.7009883887284644,0.675657762511195,0.7419016029488361,0.6437072618401546,0.4009939769243596,0.7128170896644,0.6260088233494404,0.7865977636544759,0.7171551524257511,0.420868611953889,0.6459959323199366,0.6082443962856526,0.6325620036690558,0.5724259995893723,0.44316982254503257,0.39794782229323916,0.6378708545019189,0.7827881561318065,0.7018077884045252,0.8258976667544129,0.7542395574969799,0.6242846732485531,0.8744788777133309,0.7472904506236714,0.7242470157152909,0.5221157660645013,0.5801162522060114,0.01565781186014833,0.5173225053280135,0.5309309847174886,0.5298357921354682
0.8659796683265681,0.7008654868874006,0.5939398537815769,0.6505102097159319,0.7291935276526607,0.4119228989555332,0.8313986140925177,0.7662040654859725,0.9073652614732992,0.5969301461800749,0.43226153473812984,0.2992031999280498,0.5892262618703558,0.9020741167866047,0.6140314980516047,0.7776648196783209,0.6401350395327885,0.7892403946869144,0.7529521404285964,0.4452676111513269,0.8051034359165036,0.6321270585740736,0.6531859859092368,0.8636633064506359,0.3261324664792489,0.696972693203894,0.7371684118741414,0.6949805398478992,0.4872539623845834,0.6646674091395316,0.5241114805456296,0.7980687481442233,0.7094755056434001,0.7418954496668247,0.9600403151264474,0.5174027369108362,0.7960329186802843,0.8700748932191487,0.7949466989959812,0.7908613928943629,0.5028236780634241,0.6571334645653013,0.029471968854682378,0.6296726468987736,0.7029565895159495,0.7092569999423755
0.9148269451666531,0.875256064899231,0.8636361267411786,0.6973632901614651,0.8411648528048198,0.3601358959212532,0.7806443052955155,0.7908074814413409,0.7703912465972917,0.4835362216518469,0.4437231841884076,0.30898299978832955,0.7803493322922698,0.40756546392367826,0.5528311861959222,0.9189865286616605,0.5745949095881331,0.7023743019868157,0.7171939271119439,0.3299603518559221,0.5158183443164119,0.6118493832135055,0.4002905890449899,0.7639726427796291,0.32614282815736884,0.7026631012886299,0.8454409043179498,0.69426010433205,0.3925562598327666,0.7738505490164818,0.5245634850638212,0.5509426401302785,0.5615837581122626,0.7495875653159879,0.9410745096099893,0.5078725503650408,0.9498590743679054,0.6565177360181094,0.7006225621010724,0.6763705499939903,0.6727348992437913,0.7188368510829211,0.025236462456236872,0.6077550768244825,0.924717966602409,0.8955490733807009
0.9199337225946642,0.9518240095233761,0.9951965155507145,0.6223039007487754,0.9348718820503947,0.37962552679474193,0.8026278466734881,0.8773442109571217,0.7809922831048944,0.4478406768889837,0.4786199434751288,0.3842837540147693,0.9074414971581444,0.492779504363231,0.6339151963643187,0.7408327120763692,0.6382645771444444,0.6696129826109142,0.7003617993722817,0.4489913530888793,0.4802967015612778,0.6369685459452628,0.4188752449428056,0.7516337246269083,0.34719662776799826,0.6026464380361646,0.8781059611203598,0.6994974142294149,0.3227163824259461,0.5977605362838742,0.4435171650387197,0.5332120369904768,0.6043992311530934,0.8389334194079909,0.8972389610812591,0.5703715553354134,0.9301144905653977,0.7705300670181461,0.7026390241380356,0.6152535019315517,0.5628837769607128,0.7725550488520027,0.020819245933041877,0.7127006041979203,0.5695701499026466,1.0
0.9885008461231511,0.8516788894232653,0.8656059589070745,0.5728856152712418,1.0,0.39116855905458786,0.8312829054457946,0.850464720060473,0.5661312992580155,0.4628188067154025,0.5192581898356782,0.48889839543431507,0.8407585685962826,0.571895839542071,0.651271553580367,0.7505128980446802,0.450912807876669,0.6677938760562777,0.7318457766962242,0.27686630536066964,0.4330694686919943,0.5429163611652841,0.37266259409144165,0.7809634260251515,0.2860836437263153,0.5464815357834556,0.8509996283601488,0.5051925713202092,0.26192986503003657,0.7014845426943492,0.35180128254843207,0.4556186843548591,0.5519886658119451,0.8337188717923768,0.8673895520160554,0.6138614595402321,0.8464107068434986,0.7138630057902849,0.6281692188977327,0.4968079853648439,0.5934266748039226,0.7178873211397769,0.013137922209600379,0.7817447706931341,0.6139351027913313,0.9152567881869533
0.8748654170712349,0.6868710455162231,0.6828830811500515,0.5482704189733089,0.9161997171346716,0.2838228870497963,0.8411074856816338,0.8337401377225033,0.4565758362237655,0.3808631193173449,0.4005683102203492,0.2854510338557837,0.584918981934297,0.41010675719905915,0.4734460136379608,0.7248809734759957,0.28186122729553564,0.6271853147900276,0.6937367962054489,0.1305372946141782,0.34556359754803395,0.42987493668117366,0.29315024542377827,0.6475986548864902,0.2416653882430444,0.5530981031572759,0.6489979104089106,0.40908556992111267,0.13842181228096664,0.8952896371571347,0.2174483029343954,0.3387468742122428,0.4551399572068912,0.7746943135719939,0.8770727019620633,0.3360610752444171,0.8092556088766023,0.6513994925806853,0.5495174229200953,0.44057458916519193,0.6458260605802891,0.6746218435342733,0.017712391644357176,0.37596366361012296,0.6621315704383031,0.7906876441671027
0.7591406219095727,0.5812288499373467,0.6029178505208566,0.5091668788669613,0.8532624090450608,0.1789408716534257,0.7411978170146494,0.7140516867056984,0.37752745730764253,0.2976028680399686,0.3358853053157039,0.24309271513762895,0.571658642075151,0.3242513566073521,0.34281513078083325,0.6574479082287188,0.2841810151915493,0.6032721959638571,0.6797221441664631,0.15256524148235595,0.24793049076070883,0.3241153891750041,0.30402393855087373,0.6487629923667512,0.16766955719342896,0.5512087141523869,0.563445638244091,0.2755777819813084,0.14775310057680946,0.9318465725931173,0.17486019799978395,0.23892022969929436,0.3800523946681795,0.8173344812079517,0.8629491062537581,0.31405358475988543,0.6981249871914555,0.5238242057201542,0.5113585639728876,0.32324984854402067,0.6217089070190092,0.6378865498777229,0.013886208818559408,0.3076691260390728,0.6456588557801912,0.6245060162667434
0.6611119412108468,0.5165469517598135,0.5116973325516365,0.4185181574070817,0.6884512246073686,0.14323685956701493,0.6297944312290827,0.6464008170392221,0.35359288602952593,0.2459324049890154,0.2442993028365288,0.1701163437360609,0.39135658031632475,0.13297109081751363,0.2938927983637245,0.5276279696249079,0.20335007608629532,0.42236247359191603,0.49630158792670515,0.07045127051459685,0.17485398532939841,0.27855797613704986,0.22851839994329515,0.5585288408436907,0.08075121732450684,0.42635521117320385,0.4702235257477036,0.2226132827165685,0.1041718582731476,0.8387678536092169,0.13394927099296058,0.17627842610596295,0.31014210760344535,0.6988429326170956,0.7343309565006572,0.22048360140455883,0.5631239300750333,0.5237096611357919,0.4042257120373611,0.32675859736385177,0.3480716227344699,0.5210855094331265,0.05001898174472372,0.3283054021766005,0.5285039024144547,0.5520952382501677
