C1,C2,C3,C4,C5,C6,C7,C9,C10,C11,C12,C14,C15,C16,C17,C18,C20,C21,C22,C23,C24,C25,C26,C27,C28,C29,C30,C31,C32,C34,C35,C37,C38,C39,C40,C41,C42,C43,C45,M1,M2,M3,M4,M5,M6,M7
0.020413307911955742,0.03619246736806207,0.016836332151748255,0.0389814719923503,0.050677081050094094,0.0046403695539301085,0.024866970944669685,0.010060725228935155,0.04706803681089467,0.01896012191832151,0.0034309536673162964,0.0,0.013158976893103434,0.02149845630264855,0.0,0.01810973477240637,0.008100970435736902,0.06915457528556727,0.03009115284600856,0.03922786942481157,0.0178822447321577,0.01586766297329137,0.013549329775417986,0.01221520470577948,0.0148705043998489,0.0,0.0,0.026952729434033075,0.00886586502722786,0.0,0.016153710563098528,0.01873601973843063,0.04083409266979983,0.00964054711033149,0.011057168040928426,0.0097959196493599,0.0343889033293312,0.036480576060510486,8.812694121680675e-05,0.013047400820235665,0.0,0.02289543026166068,0.0,0.024392124498420917,0.009861475232430424,0.04252667065526219
0.02384098093696257,0.01729422065201146,0.0038768930482327296,0.044869788355013096,0.03832721074334662,0.017192269823095904,0.0,0.009676673767244133,0.02531207561763376,0.03079692030809415,0.00740229521701392,0.00043689504916752733,0.01862140623012906,0.029589977564957896,0.0010035240882921587,0.0074754829191301594,0.02723587295201784,0.04107928520211558,0.0,0.0,0.010417982787849348,0.0,0.0,0.008644820630013771,0.0,0.01708484227106641,0.06910982587575676,0.013593265754680825,0.004780215465060876,0.017532127845156533,0.009684193812311594,0.0,0.027240343360012423,0.028217164990911595,0.0,0.02150628905271748,0.03922466915809768,0.051349519538544566,0.004766831697192775,0.031607691274817114,0.02777086129437012,0.0,0.004179604193790543,0.0,0.0,0.032833502359828896
0.03937376934298781,0.0,0.0,0.0,0.01230323589366504,0.01163700948534262,0.03298564203262742,0.0,0.0052360313560076525,0.008662801455440221,0.0,0.0012928365198576243,0.026715377534789225,0.01864827009125923,0.010852738861494063,0.010799504141870114,0.0,0.008713391706037285,0.019812991315386722,0.017440655059511426,0.024227362322525682,0.0011713452374393987,0.004930485797211441,0.024621142098505303,0.013622400482642908,0.05363551399404738,0.09671817633910901,0.034911362857020914,0.015901495273262463,0.014643740457554327,0.0024391513028848566,0.030271443180897438,0.005223849693374159,0.026384973941939418,0.03645156043804705,0.002959377130120379,0.013156122726756321,0.01177053726080883,0.0008445737342527466,0.016755449238455126,0.023931746338085334,0.06055199923160116,0.005094806112126968,0.013877622741126514,0.010540062707248915,0.006343180958681825
0.04589009460179931,0.04337971378782479,0.07442428827670672,0.0836647351364433,0.05746392523797042,0.07959538427899597,0.15094006455867223,0.07868362282388253,0.04384374826800933,0.27139223882413166,0.09208034346362393,0.03538753080627714,0.09719809733247356,0.13345411599104012,0.1386200131843968,0.07124110239088616,0.06852104343200692,0.07451562921501294,0.12412020832555756,0.13741747416146327,0.44308712930759014,0.18799875463050617,0.06732938197823816,0.032686929828831326,0.13494619060450458,0.08139688238439538,0.3313907033353588,0.09983242792473376,0.22209558876954602,0.15701879654244855,0.2639392160507178,0.22243003609923417,0.16100934520791316,0.021464354535282292,0.10644238341853339,0.07150311055938952,0.04066223408382687,0.06147525556998239,0.15941514946610702,0.3987470335514644,0.04213845299253501,0.10755337356827616,0.18385246624084428,0.27510540200048617,0.19203748247511307,0.11970763923470606
0.017969276988338573,0.06373148094868437,0.09528173868298496,0.1348735670235941,0.01906827121236905,0.08562889028025931,0.15627979339050369,0.11167664831444019,0.013846517881926756,0.1978305507828083,0.08057934398466755,0.05456094646422576,0.12163978907177725,0.2183922834668034,0.15511306012885578,0.0740282477373177,0.03694643668923519,0.116904794988504,0.12487502203976694,0.15459557717094588,0.44473790176235156,0.1818217048232094,0.09793789601069247,0.03528285571123482,0.14329704754531708,0.14765112586562867,0.48620847882660473,0.1356415805390438,0.17280750883078932,0.15094156169043643,0.3112869323411532,0.20434961673844165,0.13618099303164294,0.03433672337653687,0.12354593269036797,0.12878634096188385,0.041306649477532445,0.10969691192301871,0.1420152653176255,0.2618718785995564,0.025667277485440433,0.15206415485947863,0.1601376447860428,0.23489833707061128,0.21500641217574945,0.13394700268217757
0.02993575879307332,0.05462434553445855,0.04208573713660971,0.1375422621167659,0.05273213381789017,0.10106104670947463,0.1440889860913983,0.1151575288843582,0.026309524996776287,0.23765472536386556,0.08394603772607323,0.06626048822711822,0.12248133427667485,0.15241804464057848,0.13915166404228452,0.09497544170025626,0.07589486193126217,0.11300434553557089,0.10638519483467007,0.14158864132372978,0.4830128452251836,0.17053609174990436,0.0947836337814002,0.017638683136906173,0.15425138509263303,0.07863559497376163,0.49276591263731645,0.1495554836156505,0.2154139428799585,0.12553325828913106,0.31583344089199944,0.21412958341735464,0.1874595342734332,0.02663514904595429,0.13922066292010266,0.11808112728415697,0.04606593024609405,0.022344653125124028,0.16426186634898304,0.3288072949165779,0.05347649899217031,0.16567678436376287,0.171536360676622,0.23639247229704133,0.2548179990496777,0.10020512395220382
0.02098440673062497,0.06223315445096071,0.12948478562264654,0.13630536266727916,0.0716921288849725,0.18142120922759908,0.14933908222933281,0.14290176878594382,0.07927444239644138,0.3235786368302022,0.1212955825016587,0.12722624882339806,0.13124944920424808,0.1708979301075,0.08559569078997784,0.10149494805285689,0.1261606072047902,0.06882823355878333,0.11962621519360775,0.19376741131634806,0.4707260832816317,0.1532476280288848,0.15636300785233131,0.10762260182275606,0.16772576016805366,0.1452045120842942,0.4690235990954768,0.19307132029045418,0.1940772462584335,0.1653905295785748,0.34053488960957595,0.27170287936742793,0.1563021988913655,0.05378010566673051,0.21355737536718628,0.14683315532374513,0.044650679786776115,0.059593946276021006,0.18457617217418776,0.39615767988651157,0.031863653797374915,0.22982089451079768,0.19001600256640225,0.2613638448878275,0.2791642552564694,0.11316766485022983
0.10444056622891397,0.08713478623226667,0.26730698464827,0.2582669569293734,0.2346733761612613,0.3552386707001192,0.2831701479656288,0.2120905693040814,0.12378615684708452,0.3602130961120021,0.2716540392138422,0.31441847433753034,0.27287128389840065,0.24483292138200158,0.19092474382989535,0.1635510940263156,0.36206531065869374,0.21532263753377395,0.24714718535278085,0.20861602575139143,0.5472531915842652,0.35874268703147505,0.4665674724835922,0.1910495106710907,0.25469928399400465,0.2452898638250982,0.5121870025172626,0.22646721779289583,0.3409181030304512,0.24122938290605295,0.45206527719530526,0.5002228615127852,0.1970671485052432,0.11046539947896324,0.22265705055245416,0.3112692294127112,0.2771463609454753,0.25040819600608494,0.23944857173560155,0.5685441475692572,0.0670750004723153,0.4849665504243225,0.2822774450243707,0.4362077556597628,0.4056981496834893,0.08022104080830733
0.13099417955043927,0.12444853526341534,0.5025440563056395,0.4625626039106309,0.15628453480434823,0.5569586504445473,0.368837591848902,0.3426371163494961,0.2687046685725959,0.27259443878109724,0.35893734857375736,0.5697419763360754,0.31145692115117046,0.23665668152010017,0.3314924484892924,0.48854875361056543,0.47615410600510794,0.28468504716000126,0.23647984314900983,0.15579531605258365,0.5621422737072583,0.4487559190384022,0.49222866471947035,0.27187458122108293,0.3256141166010711,0.2348594577744414,0.4154970205971277,0.43784423677851025,0.48196934022379534,0.47899011769186167,0.4944189465078712,0.4988752321780975,0.2727392422072188,0.3524000475452693,0.34059884213413305,0.591170596959493,0.4171313535896839,0.3640106590331537,0.2919893136562143,0.5922577994879112,0.16537301560931789,0.547303480809324,0.3022148205864608,0.5206463327868637,0.5107647525582871,0.11003258885500591
0.18831503646442377,0.1290074360285396,0.6494867225871798,0.6158730229453391,0.1746986912210805,0.5730637761113011,0.42977757825288093,0.40445188319853714,0.2662434430074688,0.35940647958467653,0.4012030633114319,0.759920947908361,0.4683269487287798,0.3111811090358456,0.3185910073528328,0.5472559727216391,0.5729098564556567,0.323633414145918,0.3035495160775377,0.23095950224078218,0.5386445121877431,0.3916796150550045,0.3777125120305288,0.30353112425264256,0.3484597618376375,0.3718053397496405,0.3565667110279925,0.5999690535645912,0.5402177928701466,0.5851124314626831,0.48665193803823725,0.5522472968845372,0.3500898842358091,0.5250162132265797,0.41133481946821043,0.83525570325868,0.3903975792473483,0.2744024511955771,0.26804478483135363,0.6582977997231648,0.20200791035525717,0.5229098154508433,0.2888369210856101,0.3850018462141115,0.5713877900848826,0.1592089217120883
0.2530487808315102,0.1407209066103664,0.6424037384368824,0.6017564938218901,0.182612702430793,0.6468517528824927,0.46807592134494774,0.4152606053348108,0.4009371488791053,0.33422521366282126,0.47027208060610765,0.637346612674411,0.4005526525014757,0.3259863891584903,0.32579961685185715,0.5045685240904726,0.6068129975569754,0.19591048234969693,0.29637066329728895,0.23009723725574346,0.5390010908687921,0.4359620175142773,0.37080196901640483,0.34280762483702165,0.36856511237068174,0.4279440291961717,0.2975623679152493,0.640444041059644,0.5373440322250292,0.681391009701221,0.5797528667292406,0.6149652432205539,0.3728098329183347,0.45753185468535895,0.504206230807967,0.8361765668233323,0.441194473050042,0.4333725586252665,0.3136613462889904,0.6639749461060261,0.22688530816717206,0.6329413303413016,0.38461386229609273,0.4518337216434296,0.6300734266562942,0.13019351068445342
0.2986235317256004,0.16956985999092758,0.5874043705980884,0.46701232186044,0.1688087296183805,0.6234442827571344,0.3530219268403917,0.45903127567447866,0.4936621578713133,0.40213620958547935,0.5072958339500325,0.4402276456962561,0.403620353036146,0.3270845784028591,0.4017048836527591,0.6556463307179333,0.7193126240211946,0.24223783807375004,0.34437365645507,0.25013509033300557,0.5095103843681169,0.6134591876837883,0.3846044964247465,0.38550400229162823,0.38689380900222337,0.5604637766211885,0.47930158603688805,0.5261547855528459,0.5955738904623146,0.5965962780997741,0.5722230412244508,0.48676900723559635,0.41488925167406276,0.4571842643801548,0.5822969184230461,0.6996253979637813,0.4175644200041484,0.29489763824247367,0.4032462714097935,0.6879052126381417,0.3232461975852525,0.6206393401102591,0.44661455171442044,0.5317204296274346,0.6378493737681925,0.22608570683509677
0.3639338369808242,0.16773125434271247,0.4813105694599024,0.5121607715105476,0.15094468363045785,0.6623849814967131,0.5877801238591108,0.5545206658864107,0.3403538799147162,0.38580372559945736,0.5347716124498347,0.38026534609869805,0.44145442673518265,0.31006740820476375,0.5117670215160995,0.4323169303877365,0.8505930543821645,0.24889104976323434,0.5527692739168963,0.29080286458553634,0.5156641674648487,0.47611770628941535,0.44064826991152983,0.4401056951102515,0.4477696691698576,0.51961720093049,0.4745589283650085,0.4869766124991082,0.6930363875479052,0.6162795925991166,0.6074875218141574,0.5463124946998934,0.39599532253614067,0.412371656320289,0.6500488294579044,0.4391590762937123,0.38655466511756154,0.4702854577818683,0.40640498970503686,0.6877313938751636,0.3645127501677039,0.5853586018566102,0.4851865746282725,0.5820639777345579,0.6885395142385137,0.1255651397615799
0.42450466503816314,0.15329586619716093,0.5330850952021863,0.49764220902676765,0.12351157190789613,0.696371329768417,0.609922381371221,0.6177661685044645,0.3295145505287783,0.36327658047561645,0.5226661168491434,0.4433761919576736,0.4534752135419836,0.3052622910435253,0.4883273003326309,0.4001407563736356,0.8135030024924583,0.20989014595354943,0.5820930159932125,0.2730576807153908,0.5078357945413576,0.5063947482906902,0.4143085666545142,0.37860661823898395,0.36673968208389185,0.5431611379191918,0.48909975587212456,0.5299218922354969,0.6339565087819573,0.6332758574281153,0.6385751093116832,0.5506916256360338,0.38707766595589566,0.48353891825210565,0.589133474621222,0.6257474942386253,0.4572689511996457,0.46481098439053475,0.3722874635126153,0.7462628020515476,0.2799323774268185,0.5466189700577408,0.4677132956368194,0.5088756440075923,0.6165082154857149,0.17300234150106672
0.3704524680577707,0.1475939926521397,0.5872286127283178,0.8466309814874522,0.15632129398759084,0.7104079801592099,0.6355102185701184,0.5834755790805847,0.28830701956035476,0.3525422666250542,0.5531070675140302,0.4979165419085988,0.45410023037412256,0.33363611691771766,0.4182381714779638,0.4990337243635928,0.9216269565196431,0.24371960977002038,0.5757202279520096,0.2800061986744381,0.593357761562712,0.458389675732403,0.43128727781250187,0.3913974375309937,0.37145485001152184,0.5495297684041311,0.4361575487393722,0.6397933841573399,0.633491879526256,0.7119725240475202,0.6024183716646899,0.49140474317273264,0.44354273264648203,0.6154008469415472,0.6776321633857124,0.5800725223809494,0.46111345161020756,0.7167183100382373,0.3957932791468364,0.6725611052420234,0.29750427463407064,0.4369826923268496,0.33029899363606036,0.5181187136018535,0.6582064982454716,0.20112578076380966
0.3862963354227392,0.14482243920491245,0.5176535544217967,0.7557008633613489,0.2070182844382797,0.6525283050384774,0.5834207408912585,0.43931124722538945,0.35124147729946875,0.38837885254304455,0.5042920457508828,0.47866291336989186,0.4239000130896215,0.31498762146446924,0.4085669829881148,0.5181883146524925,0.8504614202546636,0.24331882066805144,0.5968895571552042,0.2969813052971402,0.6483583369452518,0.4631947783497106,0.4276556944614237,0.4150606812165289,0.40848752379261144,0.4758507557681072,0.6098403235261687,0.739935637590274,0.7201488673310994,0.6787711593695774,0.6544699122226803,0.5194777731489635,0.5771495821355002,0.46599679615958217,0.5293782002931164,0.5425068624536403,0.4827755639332425,0.4525619842885192,0.4605064826783749,0.6367930649753661,0.31100781118850046,0.4791704684884544,0.393186173237148,0.5386524772660216,0.6250948850298476,0.17662407032090416
0.3842828998171941,0.18164710587670369,0.4932169677083273,0.6755089906318985,0.2233694100192599,0.6579453078016345,0.6323004443891459,0.4318859908640492,0.3734917896690323,0.4176954129142029,0.4749173190990328,0.3708751792147226,0.5461459697143569,0.3291840369375682,0.4314552839248682,0.4814860925348085,0.8360690309966983,0.29015004637630637,0.560992289431822,0.31801798510555546,0.6268800506658923,0.48569885249429895,0.6573552531466772,0.38567940800722944,0.44903319692386157,0.521015994458067,0.6968571377767513,0.5755655325694589,0.7476081738042717,0.5892668685936387,0.6863400559916538,0.5508559097359891,0.5196071351948229,0.525630087567728,0.5507180591817276,0.4912522380891277,0.5392284369490936,0.5030258032249934,0.4921583016743812,0.7028258368533307,0.3854760965955232,0.7213623535344861,0.406291995083971,0.6578645881482597,0.7222230989569094,0.21202967297296532
0.6131845209791352,0.15180255407099094,0.3706798950167084,0.4976444291013156,0.22533696498672465,0.6597337549032842,0.6576164894051385,0.42806491695421894,0.49062162117143193,0.5544660658145772,0.551492525604963,0.3018504130912489,0.643002405667451,0.390852894108583,0.6465511099752806,0.3985172061714676,0.9400418352412412,0.223528926397062,0.6976047029040929,0.40838562413018553,0.8066314913173348,0.6250752426840482,0.6753969735202787,0.3784458978876933,0.5750767085719142,0.47199780933594004,0.7703542017039369,0.45207224004115365,0.6439174396112729,0.5033763841874886,0.7523395121777253,0.6808004986802952,0.6327534562149559,0.3703100381299701,0.45316634754403406,0.27298184637581346,0.5220771482489374,0.4795215077395006,0.5613839635113749,0.8078994406438101,0.5381783203938848,0.7527155953575085,0.5444491432571322,0.7665320254646856,0.875338079004151,0.231103783514312
0.6625024951781192,0.16009749958061,0.394448705598531,0.3587588192795913,0.18534380375832998,0.5029583795145535,0.537462045769192,0.44430384705417986,0.5172094757573955,0.6203457587869969,0.505713106441324,0.3480377082257055,0.6348820368724563,0.3632475172643862,0.6427407029213238,0.23766781316954683,0.845273325752899,0.2439695871998404,0.8609972103811534,0.3751395586453656,0.7988644279139944,0.6379010398529739,0.4685482398334415,0.23577988705195604,0.629910645595061,0.46752437330715346,0.8194067777655428,0.31489768940872975,0.5410157479547848,0.43034805843971335,0.6712156192013745,0.6085666576606295,0.5450135100028805,0.17730436875843827,0.47930812143554796,0.27892948592568745,0.3184703167848275,0.2983451256238491,0.5754629067623613,0.7644031301867754,0.4871910646948307,0.7182928233124698,0.6203265089544366,0.7519469362515715,0.7692726090486856,0.23089578387177262
0.5548711804060465,0.21317559589417873,0.3574542546304109,0.28774120639552075,0.18393973319837356,0.5055299662864303,0.5562330289804058,0.5091969247113848,0.4236485942531013,0.6258186047239456,0.48253852574070466,0.27792489234066375,0.6809948575656324,0.4220271656175445,0.5758080944632497,0.22665274850713032,0.8335552734758993,0.27132257050277653,0.7985349989284671,0.4312240989735754,0.7971108121036458,0.6887957201637795,0.48555241975416075,0.24535036693967197,0.4124655833501257,0.37789549131453987,0.6489172512009194,0.3728145735351305,0.5742201293138851,0.5109905765287631,0.5884308623664553,0.630753600205159,0.5204639216429546,0.22519951183938802,0.502920524197344,0.31722672892810955,0.34545883208532824,0.41028416287105157,0.48794672958369484,0.7947807923952321,0.3101220337899429,0.6934396849742532,0.6267646474232811,0.5866653427544649,0.7196884732208202,0.22685522540778513
0.3499710085913969,0.14016368846170738,0.33608143073202423,0.2723465075814454,0.16742281710898463,0.4112859312937413,0.7288164233971077,0.4066087058924783,0.22531475445528426,0.6477551545758032,0.4714636013339598,0.217525750173978,0.6527541358518437,0.4228055978132729,0.44717021372287297,0.1822340737061698,0.7032617979885548,0.3225611962495718,0.7017985264109741,0.4290470762751421,0.7720587641428687,0.8367537830600215,0.38327246664583003,0.21845736117104733,0.4471468899587749,0.3452359455535487,0.4664799851580735,0.4095310119287777,0.44316784211567684,0.4696770696645573,0.6463698619122599,0.6953391022965836,0.4525733886612733,0.24940269250679875,0.4460737162230872,0.29575329670577793,0.22597140635685312,0.28245526559355,0.4697521555073066,0.7533364661078839,0.25627512669837715,0.5075355766466404,0.5558768548516901,0.5753865361067342,0.6744897114282958,0.1083755733011747
0.32530740144480985,0.11912279443967583,0.321066763292265,0.2586603774616954,0.22676102080200503,0.35203733900120826,0.6771514460823128,0.3627328286216187,0.1918103941456229,0.60162048934946,0.36550494045075294,0.20517570017922535,0.4367318236530518,0.3449845375217855,0.37727651498194326,0.1901032932612443,0.546177897917567,0.22625334302449024,0.5917099640847454,0.32979004803068657,0.8703337148822405,0.7038419849713967,0.3027189693330401,0.18945042357307526,0.47972498995974994,0.2961847262551769,0.6154811573244771,0.4886393907956088,0.3664643090553976,0.39757284994955494,0.6334727273788388,0.6315205898589208,0.4335470221536091,0.2000671287339348,0.3806580970985244,0.34271948373377836,0.18374059587762312,0.24474311961072237,0.4236684106085641,0.759164492855516,0.23146145358869963,0.48696515918099476,0.5121282083446012,0.5432107772222388,0.5825610318453601,0.14209791131896743
0.18192077344679758,0.0900727516689525,0.31442856047669904,0.2932362981883586,0.16669814961127746,0.30665007499750213,0.5753850935317341,0.3185879299362093,0.21396841540887604,0.5794756752994856,0.3256713658047571,0.19026679328111606,0.3574862484992164,0.292935732891651,0.3637701386272658,0.12058439731240805,0.38215426863949137,0.22606032394784759,0.6306582579587332,0.29853519752163266,0.8022626437907188,0.7501784300668201,0.28385866085516465,0.14093420236842788,0.40076848762022443,0.2079869644706453,0.7962735475879938,0.42815944651666993,0.32089352358347345,0.2724477419643458,0.5923526090450076,0.49051369719327764,0.348955072382659,0.12754235684749224,0.3307687859509903,0.3318678507134237,0.191278435835435,0.2988482911330487,0.43798392914420137,0.6981282691471129,0.152905679494755,0.47626591360773624,0.4448557174642897,0.471088216419831,0.5760888660523219,0.18095840735360902
0.1495992898454694,0.07867674951486912,0.181041535060534,0.21472315603577363,0.2048439858159384,0.2589951480520946,0.6111798475417812,0.27164822211113343,0.1610465121047445,0.509437151057762,0.28615200934847684,0.17495533274910305,0.2687416804788351,0.2508751108291147,0.3453373244134068,0.11029976335403335,0.26367827255431353,0.1784106480243351,0.4837977513047951,0.2374357564915546,0.6691703192701932,0.6939389065151753,0.24078147722396456,0.14416268736331125,0.2718420999615801,0.19586868462557838,0.6807307455398817,0.37029345854606355,0.24104855537497852,0.25905614262746757,0.5155131402389357,0.48267429461415945,0.37617207988933976,0.11255037868266866,0.3043706600024237,0.24344651630365538,0.11759101540007441,0.16429591462865356,0.38243934485180164,0.6573408127727565,0.12447678807481063,0.4044958993797845,0.4117431518763361,0.46168530075523184,0.46132792492996993,0.1462178769967121
0.19029257585566015,0.05368173393393806,0.15034138887193976,0.1114256207812744,0.14992996531822408,0.19189662337442898,0.42145610901764574,0.2428775363738548,0.17573430442371576,0.43826712567191956,0.19895330169648187,0.12356235769413554,0.22223183575384403,0.2546340073967254,0.2846147948702403,0.05753185793508236,0.25105559232650954,0.1808907683410047,0.3644640304650952,0.1941512218754808,0.6738079398508976,0.6296139569978775,0.1854295886194249,0.15190968658486736,0.29260158752236193,0.0819567690780878,0.6049601063296086,0.27076168640194365,0.16075351389727524,0.23076182392514166,0.4282835500731499,0.4521680527063003,0.3765529298531226,0.050944840458933285,0.21782241102302968,0.18334902177358214,0.13006920576485648,0.16907077034564372,0.24504197996693947,0.6134232626804802,0.10175280127471803,0.28846529326579606,0.3673379209104966,0.38686261739706185,0.4048623356935528,0.03621715033265612
0.12863604071965834,0.05063843965729428,0.08603557950466913,0.1631441224797342,0.10623125245846951,0.14205608029850877,0.277203888991733,0.18304475116794153,0.12417431826051173,0.3746979583613636,0.165719432293563,0.08507671232551753,0.1755901035820284,0.1876065720546188,0.1911253224684204,0.048087705487260234,0.1420213250360446,0.10234415291704206,0.19240457319735677,0.20871718793546845,0.5091761189897777,0.49688382147961846,0.1140983544271397,0.08634578787488548,0.2571489498806758,0.1119871014220425,0.6025401132268514,0.20063035506127286,0.21455107042657398,0.2209226272177286,0.29084253019028133,0.3116911985366446,0.25444774668902925,0.064693507032332,0.1669613405079391,0.11165087997525293,0.07436301068648314,0.18094381711178548,0.17402540915238615,0.4989978612347821,0.03860165938435426,0.2637893248407063,0.2838925722555801,0.29548200099955557,0.3593471271550084,0.07563900120360237
0.09942522180829293,0.026054031413433338,0.039506884994986155,0.08532822026603797,0.09613796262859328,0.10575212533272259,0.18318068948215785,0.1193865190673861,0.10716403256153043,0.35913291809168124,0.12611304644189247,0.05725719007434287,0.15580641038721493,0.12340081033824934,0.14209747976000545,0.05132221988440342,0.09824082251636629,0.07778779926381553,0.121901210994902,0.17589236431658872,0.4757202296101217,0.28933853245239893,0.09919652596191511,0.09137339730569076,0.24838792226042658,0.04104993290688291,0.5708688947203021,0.14843605053797798,0.14137509532627338,0.19355519271221902,0.26153722628905873,0.28126248807748533,0.21408734399602822,0.029777773758262936,0.17012189519491488,0.09746916886202782,0.06904823239238993,0.08431343086166641,0.15243590188990372,0.3545805022690919,0.05025339030499127,0.19499322315415635,0.20373529997876683,0.26367930831918873,0.28512486290351485,0.06907833143604436
0.036136362398867125,0.011800299653753035,0.06511570058521457,0.054426629983367156,0.07839684120548406,0.09946950120412118,0.14602076030054054,0.1106375217265424,0.10665906496490535,0.35562369319203585,0.10131123399455347,0.07005339479513545,0.11384241325921313,0.12631587243695414,0.12206719135257692,0.036046234355881134,0.09558810281544997,0.09027243724209673,0.10869251709534405,0.15732706447211398,0.3815967594734954,0.2909947587150026,0.07507510586461076,0.07756862894719074,0.18807285523259115,0.05992641362318045,0.48762461909393856,0.13036269292960095,0.11758362332878733,0.17210472465957743,0.25597988580483894,0.21736547382524873,0.16559073568077565,0.011115790093314776,0.1297425229811774,0.051154114633804176,0.058120970661186655,0.13201806756546342,0.13529277837992795,0.42391487500476077,0.03148051557093665,0.1926278344653354,0.14367903762965828,0.25606832697038906,0.2223626529161456,0.06672940046410705
0.04035042263446327,0.04163790946020658,0.051179740430925394,0.07027931878351244,0.05228656368233865,0.10528934028606138,0.1389742689235634,0.0925720741790162,0.09789252186772596,0.2974150992939715,0.1162425270759723,0.059891958084318804,0.1284053969535352,0.10861337718148206,0.14440803345521802,0.03479773059464304,0.07308357605503392,0.1031511008256464,0.1441597836648256,0.14207847211069366,0.38371015459472974,0.1697221381100871,0.06134369085309807,0.08047905226670396,0.2213439248552726,0.040031341656105585,0.46930234429483336,0.1432276073582276,0.11950261410919197,0.16512273291593113,0.25512323782915386,0.20362095313071724,0.13944650248153675,0.044011084662337135,0.15720359083667268,0.09263795188730047,0.05401781717634033,0.06732242184893412,0.16809419908410553,0.41923032793766285,0.02148454680223638,0.17081130726797703,0.14737359580029596,0.22316740756653955,0.2813682997471902,0.08159040242422724
0.032366385065110234,0.05214172513160406,0.07134961337717785,0.0707062544083036,0.09424978227648739,0.12848346390041884,0.22226491664156026,0.11395902701311955,0.0817728343880566,0.256916116425036,0.12162246758137238,0.08130978907281719,0.11793251135747004,0.08320339257499865,0.0812191922195395,0.03472317501673287,0.0826047096968263,0.1349919008936979,0.218210146861009,0.13853969994829143,0.3720688309482939,0.16544405644947652,0.04823684930819391,0.054843578852735886,0.19098569438118115,0.04296291237716528,0.5529175891664228,0.16677619366026103,0.16365336873882536,0.13895703951656058,0.2984199527964742,0.2069606748605847,0.16760045068392024,0.04282909129760713,0.12046276620166287,0.09279055829640993,0.042220013521700156,0.028358980241954754,0.17487278009983187,0.42603606412299283,0.028592157337522454,0.18228208396208992,0.15429014667348145,0.23579169573340172,0.2511768604359334,0.029198526978847138
0.05952964336926311,0.04704398308257668,0.11346415925717752,0.13457243525319035,0.07727392663172533,0.19421998607253552,0.22792693627422703,0.15444697333077678,0.11207288303333415,0.31339944308175544,0.13857900350196733,0.09421378882365891,0.14202846481910597,0.2089921740807557,0.13451913617238617,0.06241166024337414,0.15711867601364693,0.09537743774706382,0.15459888269024516,0.14439548643064815,0.39075093146368534,0.17822055141266466,0.1291740286112319,0.12207361443333249,0.2097691247024581,0.09522008421076482,0.48825296014910763,0.19402758839797007,0.16224739084675305,0.16382131201219166,0.2829893982774324,0.2788397960534941,0.11688056804495023,0.05408783979941924,0.1787176831527308,0.16626367468601017,0.07437197325428276,0.0438606093327296,0.197807002929131,0.4322839532393559,0.03495946073266767,0.23106227967893223,0.2075526316882696,0.279604933407109,0.30749980680204636,0.05825680801698078
0.11547361799885635,0.04472929006675069,0.30142751662269607,0.27339010201924685,0.18714884871775564,0.4057556139425945,0.3490464683926585,0.24592082285746766,0.13814857189986143,0.31922375561641353,0.260552856563256,0.24714501532280594,0.2851003737329503,0.24810540967883438,0.2463249854522001,0.16578302360537864,0.3811967765992653,0.20661174858431403,0.23531147708216427,0.17433389709123687,0.5055134432944748,0.44096054231765114,0.48763520872320854,0.1649179183553491,0.28213633269087784,0.1957067423372375,0.5016646963176654,0.26444230004290725,0.29853142794925935,0.24159989067926474,0.4483396184192218,0.4930342022998533,0.2516969717312826,0.11128286235803724,0.24484845685056927,0.3166092569270213,0.2334842738984704,0.2698928236896043,0.25493841707588255,0.5653105192459924,0.07811971683850474,0.5056857302044542,0.2953224983330519,0.4527842315124151,0.4185783459414106,0.10152234141951871
0.11899055054105771,0.14334248938835784,0.5188995240752728,0.6153254919561185,0.20457507470015884,0.5590534071127434,0.417001123482365,0.32519899108844214,0.44026386444428467,0.3135269693644451,0.40057871335718465,0.464116117701002,0.2993190455741498,0.3435739119446241,0.27305235699169084,0.43988355876728374,0.48950630547194307,0.2724271100796097,0.27142072315326793,0.22059345103995076,0.5246673751298025,0.4910564882700748,0.5156068247240703,0.3756013536517195,0.3404651686040927,0.2739825014780101,0.3091788768478013,0.3952981642016551,0.45672567446663515,0.4636372675419209,0.44567659371913576,0.5296347229087681,0.31451071143482645,0.3893076431680135,0.4460645726076536,0.6031367867763355,0.4226802819506089,0.39204126586617744,0.29458706648378497,0.6402020895101584,0.19574681949616282,0.6161030408634441,0.3015741036855061,0.52067446681298,0.5436437228939819,0.3115461583404048
0.20708683419728813,0.14130997348661206,0.6293936267401726,0.6051641695973219,0.20818272797843512,0.6107617959190917,0.5016669251402358,0.387019298537972,0.5145032128346729,0.282538263074911,0.47612459741321034,0.6399862045091059,0.31586351919290645,0.457437902599206,0.28461687769500976,0.6604244888335576,0.6261418042852196,0.27898180103478126,0.28600196237741704,0.24319249907615784,0.4794111473140783,0.4925116455001269,0.42736682538335913,0.36079797105169514,0.36023288861602565,0.3388464007684942,0.48395001575552693,0.5473145455775612,0.4584591558991884,0.5984473193051367,0.428698084832653,0.590665084681416,0.38027439074415825,0.5740147565657887,0.586188132480408,0.7248645845930564,0.39898487586699083,0.38046969346443965,0.29780173615295186,0.6614547502181647,0.18080860252174968,0.5635840891236323,0.3177139741502264,0.3686247826191684,0.6102966035410162,0.3833024944858404
0.24768756287534918,0.13481093640443642,0.6244923811025856,0.6645746837331552,0.19077170225189619,0.6194967665386075,0.45690683360762024,0.4796284708387988,0.5545718890320632,0.35655692999200084,0.5927354513473302,0.5659847044296493,0.48063471636826816,0.39772241829323207,0.35074181387967757,0.6900467734492846,0.6761394790437171,0.28989962467838293,0.2276964823308616,0.23927142195414994,0.4259060728226023,0.5341037840098686,0.4060569160730516,0.3376015674555672,0.32155853328034184,0.3427431691862916,0.366786271493878,0.5733574845691236,0.49876546110498277,0.6045895507971657,0.5622390855574754,0.5645378559166246,0.3143886613347501,0.6729302058760145,0.691036217775319,0.8018383690958557,0.453551237202235,0.44328984814582545,0.31949333045791795,0.6324145296560343,0.2072906900208268,0.5696823122510142,0.3135474473350564,0.5342375939341801,0.6503771160738284,0.4536589755474455
0.4748230662724185,0.14672478858442511,0.5679359043878522,0.6215007035146867,0.1381890617257742,0.6725004557560395,0.5258151614536175,0.551284879483751,0.6424026935836682,0.4045008936299663,0.60001712106492,0.5276399327022578,0.45905286146804264,0.4070273090731329,0.4326994603472942,0.773365902715829,0.740775030128481,0.19980103928919313,0.3462569453905367,0.21728912217834123,0.4451334258232539,0.5114348745042316,0.4063679834656565,0.3391241083730777,0.3573629321959183,0.5007583667681794,0.40566235438104475,0.4727163064971188,0.5725825955135704,0.6144752713443917,0.5550610460792053,0.5516145144735116,0.34356395348839186,0.5402939504518564,0.6526912464302422,0.6394516748860732,0.4389421048027353,0.3369037421265037,0.41302127302165426,0.6346237611511599,0.308597915294672,0.607993205864472,0.40756740521526014,0.48369221529577844,0.7072370433126016,0.3878602839880357
0.4941819114740416,0.15756703815360426,0.4777355804684475,0.6839739624437653,0.1765786730555998,0.6444101295947504,0.5978161816321889,0.5722982610744844,0.5434347728003913,0.37280120065828637,0.6415988947827307,0.3903862990781968,0.48463189879882096,0.4353792767309836,0.42499790923173464,0.5637544271114233,0.8899780373682559,0.264127038324758,0.41958691100205875,0.2648311904854899,0.523025810548467,0.5330069830733055,0.4663720605331244,0.3348625405627609,0.39302572797305557,0.5266836373750885,0.6061845715922615,0.5054559947645392,0.6033291217558572,0.5650298996844014,0.5635535800247218,0.6434824937095367,0.4157825575794014,0.4451298157867627,0.7415934486332731,0.4818054965243765,0.49952814342692076,0.6686317225913431,0.45041430306849717,0.6995118670986477,0.334939595584653,0.5815491862209156,0.4867487232753509,0.6569368490217029,0.7288216062415973,0.23579832687391955
0.4677741176900922,0.28287538332876716,0.6042077271565353,0.5587943936549525,0.14745695647051313,0.6377091854402616,0.6603249446721192,0.5671800305096686,0.5581574571224741,0.38257409356415234,0.6492100223705397,0.44493397741725227,0.4841447775276708,0.47014109641273966,0.3911952833655209,0.4507159433170207,0.836869232035621,0.28743055287073765,0.4028698646148464,0.319400331717421,0.5633241383980072,0.45117838421332435,0.461078623978195,0.3492685539030349,0.4293384629774839,0.4745397079145923,0.5495900061403608,0.6274032094696105,0.5582714827369275,0.7026598719627027,0.5573427796510461,0.5701245343403066,0.4899114656573009,0.4860074019705392,0.8109840093841776,0.5702537955379836,0.47768451473704,0.5537229177998088,0.41882314913462787,0.6871587519178033,0.34077776773057494,0.6068115507389686,0.46432063870448864,0.600041507534163,0.6034855841174911,0.5390926716120855
0.3342964472174682,0.3832372069494174,0.585896199130526,0.5130632011441869,0.27259091085796316,0.7298010940106584,0.6098091733996597,0.551495370237895,0.587651052984588,0.36144474460147014,0.6266173508006354,0.4706215013429765,0.6532874884323953,0.4733850839433353,0.4361099067392569,0.7275406106445288,0.8123300592667566,0.34936891459498043,0.4333543129853839,0.2810293432141333,0.5387566183404011,0.4675688314313305,0.46246346980205666,0.3975727615780079,0.37957048219403156,0.5047785316598328,0.520861635430435,0.6705100381850764,0.6361025850284621,0.7184501240658695,0.6769395360342316,0.5748391617005406,0.49308678989085886,0.6648557948949063,0.8166865345144569,0.6717793380158449,0.5789153206843289,0.6475399130551514,0.44372126419929997,0.644586310091739,0.3308273028014437,0.5885599391429902,0.4551193287430959,0.5755428895963699,0.5952749812067176,0.6903847251107758
0.3545438806264846,0.23173621566295427,0.5498396441350898,0.6301766020968388,0.14705245365575678,0.6853895896665178,0.5810227684070915,0.4837904993292025,0.5270018900454045,0.4080527414202181,0.6175875418776369,0.4800222506382103,0.5171375870891325,0.4557081609753528,0.4697395874806473,0.9249860590684897,0.9480690156269616,0.24821489280892106,0.4084404839122739,0.321718680139915,0.5859469847865154,0.5089646577586098,0.5085453812979166,0.35780807235288126,0.3764851499877593,0.46431647685981525,0.6546010720430544,0.6156847670894616,0.6874420389356353,0.7422880894398917,0.8564347972968372,0.5570868325188653,0.5367284661997009,0.9064423690858738,0.6301054713406514,0.6096151033365784,0.5072478495228552,0.6199314300854014,0.4373407911473868,0.6905408888729829,0.2606903470728644,0.5151887726515431,0.45240966371035846,0.5891817584284387,0.5876159592966831,0.42910685134178644
0.31117822042566184,0.19215354327001755,0.4871547998657703,0.5913793472529345,0.25806220665273316,0.6891408521460304,0.5269066663489782,0.45814733205647756,0.6553552536889344,0.5203779346889174,0.5744444041610978,0.401889883206384,0.5991436066570309,0.33496427605734047,0.519177597589591,0.7467572549511612,0.8874504360116547,0.27729745321885385,0.5153281763849549,0.35445029720929166,0.55951596975404,0.5268890981455011,0.7363383569287932,0.45913805174291866,0.4201948732265052,0.4816260262914719,0.8577382705499095,0.5760038180824981,0.6890266077240693,0.6528725878108903,0.6686659163105484,0.6186278912411654,0.5697745623525543,0.7925749610976256,0.5228136792336107,0.4886641171942013,0.6031752453899287,0.62068550486338,0.5040030178163964,0.8388276410425161,0.3910306510722484,0.6620133183038892,0.48799474473423754,0.7900750112041399,0.7384102415708188,0.3802617666344034
0.6016265475899446,0.1574639983972063,0.4124638590050494,0.4647700595577207,0.2646752809210198,0.6800486664094954,0.5682681564330433,0.5025052504770101,0.744770915060207,0.5949271223259429,0.5173004121104869,0.3330644976705146,0.6397637086758226,0.3506469272719446,0.8580911599184932,0.42959409743467014,1.0,0.301650491900285,0.7646637028196497,0.3732667205135583,0.6284022458684453,0.6241035032612975,0.7036274219263208,0.42493328386377566,0.535471957573167,0.5151301783942989,0.7718215018465714,0.4175592838755672,0.608253695416089,0.5496438715394043,0.7284776090725752,0.6539603610862076,0.595719760029544,0.3308447910061551,0.46760078344831146,0.2516790661598252,0.6722871939351749,0.8693655921527962,0.6145990298473845,0.7415533764879281,0.5153227430621021,0.7425784961442908,0.6056267847696203,0.7817857916612467,0.8898187653036088,0.20811540214073265
0.6837114578672887,0.27112842691336175,0.32461020987960687,0.5154694250278984,0.19468479556019425,0.5550664848957744,0.41869616556409356,0.4735479155285279,0.7101158538663465,0.6200616149157749,0.49871700625770554,0.28445463931843,0.6348323168589487,0.33732900496819057,0.8333318372329878,0.3855284723306926,0.9426117397883867,0.24163806710788338,0.9176343499030403,0.42130644787690585,0.7528764680070946,0.6759705370682048,0.5323514304279895,0.24754574618136496,0.6021866550007248,0.4791449567189604,0.749644771726279,0.3571553113988635,0.4791635409648627,0.5509917587038158,0.6764014227758629,0.6652987958522857,0.4436396195759773,0.24087838470242534,0.4749789771032253,0.27993839224966305,0.31245316467129114,0.4970322437224252,0.5839423386485062,0.727211692767298,0.5341948997375249,0.6373634643114607,0.6663313063898963,0.8239874169595233,0.8050755599218955,0.1927393693301222
0.6081128245527654,0.24091718648392105,0.3432620601559736,0.37001361762655044,0.25490537076070563,0.46867431592058684,0.48908670533310145,0.5768665620380335,0.6422980743115422,0.6331430068838458,0.49011439374106736,0.3225645264222595,0.7980746904604391,0.2935805503159159,0.85461301954084,0.3514263137492709,0.8752370554473794,0.39294138501347997,0.6908522110086055,0.3686541532233901,0.7479760096464576,0.7215045717642632,0.4234114453517194,0.2327508784456708,0.5910563552726703,0.49281826161933917,0.6275951675492205,0.4323194846584687,0.45619493604081174,0.47472286181615814,0.6594044757728091,0.6958578503495154,0.5081545810700077,0.28408626139741566,0.32056942058784765,0.293760539997092,0.2923853576963159,0.6134101448759998,0.5135241525061635,0.8085691099199256,0.48203491527637116,0.6074532104535839,0.5633816325566607,0.6182094179855723,0.7633908311228559,0.18208469286726767
0.4364170706456851,0.15408519345843782,0.31334465946498713,0.3115842338644349,0.2657392457951798,0.40723348951134586,0.5447567716842496,0.5104469045118858,0.32688268850761504,0.6621907537018129,0.4408096545128787,0.3407305437159522,0.6376104352427983,0.2974516986008128,0.6555853867245394,0.23168806735692615,0.7399381935753656,0.29242090822813693,0.5096864586770667,0.3864883164137408,0.8170263743094487,0.6821823565310926,0.3819446706807511,0.1922847333228023,0.5088997830859898,0.3655083368439275,0.5383928916771837,0.4712375472364664,0.444908505311449,0.4081751052280347,0.6423968485835336,0.6731217412818381,0.49725615890745845,0.26546505565582007,0.3923992503857146,0.3048202498268049,0.30854344848916926,0.6438899902770231,0.5499822686551215,0.813761422548397,0.2810236725455465,0.541714522763845,0.5072191018038374,0.7200808245914362,0.5962472056662989,0.16069701701926542
0.3257352241119493,0.12632362074093603,0.28051123246455506,0.3095081922207504,0.19345746519305923,0.3348717448332242,0.5879177112144729,0.41466047825440694,0.3432587962265061,0.6737573886004532,0.406216055683475,0.2891030722555751,0.4830487794395085,0.3252088468318617,0.5356387381531773,0.14467559052590181,0.48048774478892303,0.2804255284144503,0.5339021046002929,0.3382371325523516,0.8417795446247093,0.7086042935200599,0.3173424258642149,0.1910247888799976,0.45232044684633754,0.3356696227151002,0.5801499440065132,0.510762517145873,0.3582499414233433,0.2653449910440883,0.532636077082874,0.5634773264660389,0.4873508256391714,0.16079523007462662,0.40770961912540177,0.3245666025060032,0.35223072269722855,0.7022325897103849,0.4756198440452383,0.7208111060382436,0.2531986823943726,0.5566256998195245,0.4692949476128976,0.6227813536678672,0.6296818584505249,0.20985313024865665
0.2391073775094312,0.1205924143584759,0.3051683889500901,0.2656206933274463,0.10766236354294731,0.27617848274126827,0.4928297848336098,0.3216903266258813,0.3205346153148737,0.670589918724332,0.3568603118128833,0.20334241157503727,0.34469521846908147,0.26267048828138506,0.47039697055653573,0.12005314888221419,0.38524043597097524,0.2600874889896888,0.5083247591150589,0.3381087475511695,0.8128538912061188,0.7797292584902229,0.24619350408858168,0.1670374318958336,0.4269855750567826,0.24859647744710933,0.7014456358865152,0.40081960860578536,0.3350129578717159,0.28105348323944185,0.535748038581669,0.5801318690014637,0.5087918196369189,0.10762450540965542,0.36192383755984564,0.3535259673753298,0.2235767891181268,0.5346979853377404,0.44712817654739584,0.7479805592211758,0.2002009537733745,0.5098068727184023,0.4093929248122337,0.5233443901799031,0.45686224124496094,0.1467185889118055
0.13357553381791343,0.14063265514091522,0.25412889311398384,0.2663775290538841,0.10821269289405958,0.21517516166837994,0.4388835130894336,0.24538357225947774,0.239460630205743,0.59741717866096,0.2950028633583125,0.12792757361292284,0.27789229621232464,0.24494397361882703,0.4193477837546121,0.12207905493725002,0.28402463434381087,0.2118865919445866,0.3923218763035093,0.23174463525188713,0.7261114359921225,0.7112230392998955,0.21500739578573758,0.14044134497473598,0.37020044617963355,0.12811598867320356,0.6031589224160909,0.33457522441052046,0.2864737348498132,0.28044885558555777,0.44852264281433324,0.4611540517901137,0.4169740092471831,0.079898409899972,0.32759676374859015,0.28699395041541176,0.1560585046497305,0.40667982231015837,0.3787883109113591,0.590188761142643,0.15787002243112275,0.4753729131392013,0.357053229151104,0.5984695199572707,0.39182152154588973,0.185224492153513
0.1701007065529269,0.06891180617146853,0.14914665221879458,0.23671292996515397,0.07738124515803164,0.17304189836368955,0.35778257427051197,0.23905120203028693,0.10820532010833889,0.5380390215787774,0.2338736570338823,0.11702585655765499,0.21022110391267623,0.15527585828825588,0.34195936632650453,0.0944852052922937,0.19360381072130556,0.20502560819244786,0.3185137246751796,0.2207807340987319,0.6621943131240537,0.5262868683932537,0.2025989028783251,0.1251771363611582,0.3266172638009081,0.1344714359724038,0.4542975362170168,0.26528781463952755,0.26519985069460483,0.2810153662168233,0.4011904918638826,0.4125252962257518,0.21821389056952858,0.05269483664854861,0.19538077330677345,0.19751483564371197,0.14151458146365334,0.24846908865283296,0.33307925361231144,0.4841241578858609,0.11274922687288963,0.37086148490490867,0.3524799286077849,0.47098070014196425,0.31733965362493494,0.13235554134210167
0.0744541789014529,0.07214577021961203,0.10215527156226982,0.2189757218689698,0.06529675909928656,0.1283809584420557,0.3542344871651993,0.17567418873137788,0.15778974965351644,0.42436950323410494,0.17999878509226958,0.09965411695446474,0.18409164225796923,0.15395600556220712,0.2801262715338702,0.06716379607744224,0.13161297711933834,0.13428390648542254,0.18535121658106873,0.15208896200999306,0.5629211347117986,0.42934188756576025,0.13185167021382696,0.06236173522560856,0.2717499537112084,0.0774199826361619,0.5753894864463692,0.16975565026552034,0.2232579681137186,0.19045790134062157,0.311560149370983,0.3305689676916601,0.16133740606855101,0.06666921834751696,0.1854449455273287,0.13171952546924448,0.07506487794508432,0.28267635115775,0.2502070032964166,0.35733534811659007,0.10713063474543347,0.25098381863484864,0.26476447227265215,0.3550172090246012,0.2785808362141196,0.09613814532636275
0.06524189151846754,0.09349461126765085,0.07010637829349568,0.1648591325770778,0.009616689542532815,0.10302227537726669,0.21492396631446267,0.12229166161397129,0.17588837023461898,0.36888800404560906,0.1367427866991337,0.09886975640172871,0.16735327540708136,0.11694249975808504,0.20928999493431621,0.053339171976407966,0.08692389703778701,0.055743745474937045,0.1468346447544655,0.14198622058299348,0.49232865594634645,0.25339546950400554,0.08144105949225877,0.05633812300340563,0.19705770486333735,0.09532703166278535,0.4331994291858881,0.1421214323700132,0.20472532070959892,0.21483648585356302,0.2942527138635759,0.30806553759970556,0.1448701481026079,0.07551899139358503,0.10174714434323216,0.0937785832355666,0.0838360057010988,0.2298454134353422,0.20705189412866754,0.3183860393906683,0.06709722720615993,0.19460943630293026,0.18496548046056857,0.27075420400530326,0.21660915670091013,0.07854066685838901
0.09684256490401257,0.07865950559532844,0.05960272652373294,0.0936956473514139,0.04395155088800429,0.14434982591340847,0.1843064813364314,0.09935758816642887,0.16304310654399184,0.3226140379894663,0.1456394492061663,0.053563895806179464,0.10831041802656613,0.10778999151419152,0.18832179667417948,0.05676810526672565,0.09264658968314599,0.08884417566099002,0.10536842306837707,0.11891846956709337,0.42141133448121254,0.19301405968925578,0.1041752169567986,0.06132672158063303,0.16705432646789123,0.07306874209192891,0.3997591633141015,0.11643968564338325,0.1586735234947667,0.17768756462046695,0.20495835651847075,0.22011429655348802,0.09452089540038719,0.07052057277154683,0.09878667291562372,0.11524969860888147,0.03949968092476913,0.12507930538050366,0.1284273102753253,0.31255500247974105,0.060226036459766784,0.16429443706447738,0.18870907309297058,0.20847394493326712,0.16054176794239083,0.0641529921529953
0.07472753143478872,0.052024140478076034,0.06875085075352083,0.15204577256591417,0.08005574638917971,0.12261232892318934,0.1960753519951079,0.09628721992656733,0.14168637579125645,0.2628408502764185,0.12238615806525763,0.03753162064906334,0.13537235701982014,0.1172925405461627,0.17580751571179074,0.06443818313051186,0.0599190008097102,0.09637165695412035,0.1412747238261122,0.1661011233395198,0.36425066310843895,0.19159258247766184,0.04506043648973379,0.05377096740524914,0.16163433823378176,0.09400207893799321,0.403487677252635,0.17254048214429474,0.11019522492079067,0.18713132757532672,0.21165438522807037,0.2425981792187139,0.10500845703686953,0.0681711982042379,0.08784887080117723,0.15959415563329626,0.05983709493790593,0.06448476944515945,0.17364071214636936,0.202031429675479,0.03513879159511094,0.16667803641739085,0.17988881862053147,0.2696873356149453,0.24339076420698963,0.08322981701453006
0.03417807319171663,0.0401558171105981,0.08994843405203869,0.1576668228360047,0.022731875716474212,0.10667802211520108,0.21437391105961293,0.10451359445532704,0.07379454047656991,0.27858206753949444,0.12014624834325402,0.03642292383852517,0.14986709524750638,0.09903369065163917,0.18670367054777467,0.06123554278121184,0.0770006752816003,0.14082934563545169,0.14629346285175857,0.1548928069404566,0.331259742816265,0.20276850616240552,0.022683087625052098,0.09610650485431849,0.1743279911399993,0.10648076252403481,0.3804642197233519,0.13831758041684858,0.11821071502899447,0.1473902834962137,0.2318158566250078,0.22315018805711867,0.0,0.041385451522727115,0.09574637374350257,0.11364011460786781,0.06762698074411366,0.1997528334433008,0.14836689299804987,0.2611097606910232,0.02954532069556285,0.21885130345563636,0.14693606721467678,0.20471332120764316,0.20007660152484455,0.10262032770394175
0.04723655409426071,0.04790094825575607,0.10278352168701928,0.1995317251596027,0.07124093279460796,0.19160593305047058,0.187296929843621,0.13876925730891182,0.09821317088842726,0.2951466473394259,0.1623381086371229,0.07491273145988869,0.15153614139735372,0.11694375964683065,0.17095117615598213,0.08329447406785007,0.10638408917933286,0.15744999337805232,0.12299622415104894,0.1744571748811472,0.44073756849718554,0.23384106256763112,0.12548720321806434,0.0752933301216169,0.20967919845940247,0.11970968121666907,0.3390648248616195,0.21148980243495785,0.16022726659214123,0.16425518748637302,0.2786541948576158,0.2483033061391537,0.18331291502457855,0.04904929548199853,0.18996868801941585,0.15898652622056247,0.04595810271860855,0.1297934451203535,0.17197671374655504,0.34373162335786817,0.05344475910581629,0.2730613104314205,0.17289030246670778,0.3379805990213296,0.2773834247677774,0.13063885630080752
0.08817893783695237,0.07064138074194506,0.20737735801693108,0.19819722849693427,0.09925959209592314,0.2578365893116998,0.2974782751289055,0.20933446121990348,0.13141900226816933,0.34600084773603973,0.2743828706855729,0.1771549397592813,0.17809455549477002,0.15137187896404966,0.25796928319558715,0.1148974520046307,0.2949140590070208,0.153654422482789,0.18357674448048653,0.18390820636113003,0.5250774009506486,0.30822086307789875,0.3160365543437934,0.13816070940153025,0.28775398929243723,0.15734782852725332,0.5045912965607003,0.2640707798550733,0.2590774097107177,0.24545266019489737,0.4103037099646965,0.4054417069527596,0.1327068913804128,0.05977572859317545,0.2690666615503822,0.30224466408855205,0.15827626548566714,0.12317319910730985,0.2432751408950746,0.43888621591209337,0.0842440775587315,0.3687445219158761,0.2324346845922692,0.4298914040195698,0.3940875771211946,0.10263937967950945
0.1346287080549581,0.08366272147848401,0.4635654979799963,0.4293870912350648,0.08701662702524049,0.4018840099958239,0.35101841462729877,0.29407430924144906,0.1389231851238681,0.3823812100222112,0.33519528483522276,0.32672177126053564,0.2920039288278616,0.18887783113059922,0.29541269501938694,0.12746695031192248,0.361601275921902,0.21197718568032176,0.23038969858008002,0.1979117458661267,0.5974823521315528,0.387991228747144,0.3979405381812392,0.21229517407628434,0.3793562927242417,0.17735413636441122,0.42911681516486216,0.3392656183499241,0.34508041378180954,0.3646271142291049,0.5097216193347971,0.5060738806152795,0.25770857602691677,0.12267382228000835,0.3398641121552444,0.47424266967846634,0.23139991290420983,0.286854915065837,0.23117591581836303,0.6161893490002023,0.11027531204864749,0.4748587002486359,0.27768639062659484,0.43002516175888617,0.45596227730929906,0.10712356694942621
0.15662002565068198,0.1117792362442615,0.65626530516615,0.6151687973836724,0.1943560740679127,0.4610222136949618,0.39250111079681155,0.4019980057337864,0.1961142724277452,0.4272591967923957,0.40913196205635655,0.4415019316975092,0.38513408753603284,0.2747086565827107,0.34559049880805426,0.2313332666814208,0.5805904057311334,0.26291398537160315,0.28729296924102504,0.2452740348969583,0.5409769896280381,0.5119977026843588,0.44456156905928434,0.20700583007643175,0.3785202354653591,0.2493895622487336,0.3306633896213717,0.38958859269954316,0.43423979949636216,0.4049285296274114,0.5727766624569599,0.6001684350585941,0.32914238824357755,0.18306572600455642,0.5419549467395866,0.6132301286183663,0.26676324242527716,0.23388598271699423,0.26859107131458326,0.7685508883935851,0.16031452884844602,0.5749705141967768,0.3328288359135716,0.4413221024328785,0.4966936880462096,0.04048176240916062
0.20760458267768941,0.12612743063026272,0.7588575088661302,0.5978505212184055,0.21187122150917773,0.5065526529266597,0.3804894465102015,0.40958441221017405,0.2665454429525599,0.4414632583810976,0.4784554782718998,0.48532012965836624,0.5034016025071878,0.30156384027197763,0.39753091195993956,0.2701415210733357,0.6278689139777106,0.29206172727258467,0.28169778937782025,0.2066706260504448,0.4934816234268772,0.4935981139503081,0.459858044454579,0.2416028934083432,0.3780663759575842,0.2935295427367926,0.4778027778993101,0.45667366390426856,0.4740296647360859,0.46903990342094226,0.6440223127213963,0.6406713608309671,0.3452229078003869,0.22171415165672195,0.6799775892323774,0.6866955758298328,0.2841415675303617,0.545107467285089,0.3103880918074482,0.6831114073569285,0.19241020609199333,0.6426813761030283,0.39441351298847793,0.5636314228388802,0.5566885369487029,0.08813512042107699
0.43370792689883564,0.1578246260719757,0.7359339902278696,0.4658482805918543,0.16646929690744447,0.5348167510537679,0.40840335428948243,0.4635047722122498,0.31235705781074286,0.5416300497436581,0.49807690530375714,0.42362579644291554,0.46466561403337325,0.24870935825503016,0.43303420266330794,0.25003759694158045,0.6669841272180528,0.23392239133439036,0.39605824841279835,0.2872640813342671,0.5459591761141945,0.5702513384277962,0.48851070869986213,0.2543057920453593,0.44823774289528046,0.3458668391029915,0.49190180236390396,0.42674911642449753,0.48581346425261906,0.46909428359730626,0.6614315787970245,0.6297888654564293,0.38290979079684717,0.2167462544297145,0.6247699413092698,0.6255720331364893,0.2701894904891319,0.44107161954079227,0.3549615771010696,0.6444336694935688,0.34555438760595336,0.6625257841362553,0.373791631075518,0.5845886111984316,0.6475897327710007,0.12433420627022931
0.544159625551986,0.14405110969009144,0.4558487145803835,0.39135225536983254,0.18423593622972692,0.5776376864645377,0.4925983496632608,0.6176192461131093,0.2411459983388509,0.5522728181610217,0.5208582948569782,0.3869268257818572,0.5099865422942487,0.24718253420621322,0.4584458363086289,0.22326236212154685,0.7815415847141942,0.2915360089960157,0.43622142119008583,0.3624033476215774,0.5428455820196789,0.7125916975743323,0.5545428087068889,0.21675585146455498,0.4336383401893097,0.41262015416999753,0.5228816643904114,0.4754685139832433,0.5534502382380652,0.5505175544946109,0.6507229117765873,0.6201811863152955,0.38902251024782086,0.1949510911310502,0.7866367327055633,0.4137854555748739,0.32129935022719047,0.4864715460607269,0.4085942844629125,0.646812204474243,0.37529132175251567,0.6970217585009237,0.46035726485626766,0.6186198417772122,0.6390549857485037,0.10532482190835762
0.4391834243938544,0.17508238582942223,0.5601527358015391,0.43014935961996037,0.19346048489735562,0.6454035383547592,0.6621488673775529,0.6552358861243046,0.25418454711727817,0.479525318175238,0.6005641342074989,0.43146846646782583,0.6818752548614346,0.3089963411214549,0.562248190950792,0.23809511660974125,0.8957120354377094,0.26894778807460007,0.36259476469151897,0.3584785176907825,0.5607844246543818,0.6895438617257291,0.5582933103292002,0.2318678039327288,0.4140266570315359,0.4201562571333903,0.504851402445838,0.578094013619497,0.5236178709614482,0.5552168243864403,0.6897850181016089,0.6156986494277739,0.4909491018466474,0.27887959395825707,0.8185365381482648,0.5154740302696464,0.35130615988291514,0.5438355084151227,0.42862329661091353,0.6881094612058533,0.3418545444225555,0.7135605843634876,0.5151317729506415,0.658594439259454,0.5371108016409505,0.10733714984196566
0.44876214001468573,0.14815526476896396,0.6217446279693296,0.565183912824051,0.16953248300068766,0.6352321611711512,0.5928636149737747,0.6233034615620796,0.23444306888154906,0.49506369733629085,0.5921301810029714,0.4910205045922559,0.607553649709053,0.4343621850527296,0.5352949755753061,0.2378914403510382,0.8659033649262491,0.23050956174998183,0.46184947825883277,0.34648238034441164,0.7151979414519005,0.4819146310228926,0.5462689581630779,0.25666091839332167,0.39741699814267645,0.4502623054580096,0.43937632149259015,0.6390357684081228,0.5408882520233383,0.5353228083832544,0.804639439918064,0.6882594361138811,0.532363887672287,0.30851805954178924,0.7390768543515944,0.6014900036114936,0.375303586590059,0.46724142802817964,0.45353241214019896,0.7447679614371856,0.2801096099606443,0.6487667112311042,0.44565882621379316,0.6714234133087658,0.5187401788800577,0.10529518135883698
0.4495184378264293,0.14561972131154569,0.5900591906410013,0.46793399573167743,0.21904374751858371,0.6240251327720886,0.5708842771741154,0.5823611749493472,0.2953878853096035,0.5210868442599719,0.5503510065044891,0.42755277571664463,0.6405415556823005,0.3337966656847061,0.5697122409851851,0.23525891279901506,0.9365217317572653,0.29306277302203404,0.48979056783327457,0.3069934107336958,0.7033333261098921,0.4744610465642289,0.6259477904087598,0.2865815941687484,0.4055785163851827,0.4599067887328708,0.4957788327256673,0.541826693209913,0.5512128288872802,0.5125606316988556,0.7580150767412803,0.7129813462732423,0.47211973265862384,0.30749070181476945,0.5747848903910301,0.5750633612722605,0.4175955227967685,0.43561213602268395,0.4466510773113144,0.8669460850453938,0.25517437942989724,0.8132020654420751,0.5066012402612284,0.6295935830866627,0.5551475569020421,0.11490993298563981
0.4723390622285711,0.18163687626237054,0.4655876152510115,0.38107287105640425,0.2774553733451911,0.6353486257000441,0.5919570073744175,0.5563978111989233,0.3536700152891066,0.6062916786655291,0.5381108422201892,0.4255207927659779,0.6427700891786038,0.35772557436294355,0.6200486284959058,0.19258817422208596,0.9539823892941461,0.2884868715201669,0.46321115084806674,0.3395919178251417,0.7038003316284446,0.5418934008392732,0.7562373338129637,0.3349480803265295,0.4710901804081067,0.45625264113645253,0.5321240330005549,0.42857225759141315,0.6199092562171993,0.5331896628562716,0.7457659326173085,0.7114137403445089,0.5212339389779078,0.24592854573085915,0.5032909308073441,0.487112964929938,0.4676868546938142,0.5231081060420729,0.49806387732272034,0.8582284834018209,0.35286078003297766,0.9202328546146776,0.5231280499280422,0.8546208836895499,0.6036972742851797,0.11610569926397263
0.5966371379014379,0.11693533013988935,0.33079056800705225,0.3104508403716125,0.21068639696625488,0.4808540802212463,0.4422941482940888,0.4626084678984557,0.7989772825166465,0.649721697676951,0.46098350430486057,0.259431341218221,0.5334231249206038,0.2944009934294775,0.8327897511641217,0.16332700846936773,0.8845671520233634,0.2980251356965172,0.5898767700888018,0.3095691371756588,0.696442539158968,0.4081063877351623,0.5362259353474743,0.2972948957540549,0.513370694127513,0.5334981925322045,0.405025581251315,0.30336282724871644,0.4906246438069086,0.4448497837167739,0.6576884879675616,0.6372408418368932,0.4731972644767515,0.14326771974395847,0.38106209300417515,0.3324808786596566,0.33626717988654464,0.564397484424515,0.46033884489904947,0.7226219792906667,0.5424509688897515,0.7552782100193991,0.5766595224472293,0.6250585526620325,0.7487135690960108,0.12551241715603315
0.7534416562226229,0.1267240401495108,0.2954373432258339,0.28239730348355757,0.2208579055458136,0.42547187102521267,0.34936427163693223,0.5379160572223057,0.9999999999999999,0.6301342449979063,0.44116651023994424,0.2578525073009018,0.504284106499011,0.3750941765746944,0.8212634238511456,0.12053046644900586,0.8403880519626883,0.3522472610905843,0.7147813638630021,0.3874843544007775,0.7443401042251191,0.524262573655613,0.4573753834485452,0.2972784248328289,0.5835453999881034,0.4337345002919097,0.48154766785385367,0.32612201077016034,0.49659829573072756,0.48310110855437205,0.7391619731279944,0.5828793777920156,0.4041057707827026,0.14747722131583973,0.33364671535037765,0.37819048360016455,0.30158766176884366,0.41861621325121817,0.47469256481441974,0.6495199151833277,0.5360467826562898,0.74188877013765,0.637145392578192,0.6470502188745851,0.7517979247122493,0.19058378580610782
0.49423880555781935,0.13557514682153382,0.34376660820837823,0.21907151299778638,0.2594149262706513,0.4427947294992965,0.5391062395602886,0.5533953518707906,0.8206925391253528,0.6604777657553783,0.4973426754592932,0.2717507439959567,0.5800907956604903,0.3536601382210338,0.7798599277552931,0.17460993533926314,0.866491307235625,0.385143425812571,0.6830496006571781,0.410123155852248,0.7508589417936334,0.6535608574588546,0.5411381153649263,0.2631538414836496,0.5737652161617703,0.3967855542540914,0.5217764264635973,0.4351939420962012,0.6102701818910536,0.49664676713603584,0.6852138060685978,0.7011954366829778,0.502239534261545,0.274898624508777,0.3685287350541045,0.32551490092649976,0.4133224081545067,0.5011174371565168,0.5061725889467944,0.7543266372309049,0.3677864974317974,0.8728132779879747,0.5661858746815771,0.6375558715404239,0.7521271324643495,0.13294337440060372
0.31173672531937485,0.128401969290103,0.384236482973166,0.42247555445664153,0.22696109059485906,0.37783884890986325,0.5649350398213924,0.4603643282591003,0.28072387586404257,0.7253455642887815,0.49007722774074103,0.26008501205710877,0.600086220353418,0.28985565935066265,0.4843509438869694,0.16539194833554924,0.642049449857101,0.3108782041952248,0.5877005623423479,0.3805859057301497,0.7772823457522402,0.7112569361715468,0.47356564364381304,0.21612520715271522,0.5859844270842011,0.35827072710822516,0.5412262808696271,0.5486994534326484,0.5089761405928201,0.39323872338115645,0.6459198345997909,0.6450898375399692,0.36270051395365277,0.25414280163892444,0.34674542220385907,0.34420071696147114,0.35068612174199953,0.5940410445533262,0.4657714830000146,0.7828827143439326,0.3026258494418584,0.6305525776160947,0.49597993251181194,0.5969500059048924,0.5938814464169812,0.12316315098527339
0.21936735887374223,0.13227153167574585,0.3436057388236868,0.41114669957225236,0.151546687293572,0.30270444396412555,0.5959243717844942,0.3935373762576239,0.21842713049950563,0.7680505696695026,0.44923971962503445,0.1887899981982618,0.501466333269575,0.3259336900238251,0.3806374546854798,0.14589409549065402,0.4786361788668317,0.2922508070463511,0.6110211582012852,0.3662101359413567,0.8192516979404905,0.767954054592426,0.3050085383690342,0.19101320580075865,0.44811288642209635,0.30217981675654465,0.6238033244417126,0.48672595779787486,0.38129339187030087,0.2801728222670005,0.5051005268129253,0.5835967550042205,0.3643383776554915,0.11073564659038422,0.35765118928823664,0.3033482557062459,0.23183139694142677,0.441142279277192,0.416757119174342,0.7246359306759802,0.25682449426911197,0.5540956427204442,0.447855009422179,0.5524476214837827,0.5723298466928308,0.13242254631262657
0.18110273114330375,0.0754918535801294,0.2754731976930183,0.3666885582891971,0.12508477349447106,0.24124679488764506,0.5793210889466035,0.29760342234315657,0.1918437153395073,0.6863183333536313,0.39386590578094033,0.15623971087540478,0.43609908342031206,0.2519229730551625,0.3224668537314779,0.13412393646956156,0.35171535029361267,0.25072479744963017,0.4995796488765618,0.3213635803523958,0.796969365658577,0.943355584959174,0.23824551041037303,0.15828946239919933,0.4262094524827909,0.22290015368351307,0.7020437311350729,0.41568132782427236,0.2986867124711574,0.25345993063469846,0.46530203448863955,0.5026241820726219,0.46147539688687467,0.10951148497741926,0.33018980167789524,0.28685212842169205,0.12696128032578063,0.47227809495742895,0.40976336779828026,0.6872401070401888,0.20703819032918835,0.4984065481307109,0.44989960065990464,0.5488313972955738,0.5206158671043125,0.13428141610014352
0.19172099887637292,0.06655577908684444,0.20383463038328686,0.30030068844627333,0.12905629962030396,0.19824750741738248,0.5415016497793265,0.2648236012002478,0.19422587094658894,0.6341040538586508,0.32146392095229476,0.11034899513299701,0.2602575211834227,0.29706888770867657,0.2889269218336976,0.09668802249612643,0.25498158509174695,0.15826914611803405,0.5196905867700733,0.28905015432655484,0.7360457213542674,0.738060828083387,0.18190783864527088,0.1430792298759383,0.35457176960044856,0.17852575363777112,0.48450136582563536,0.3209134593786369,0.2535349407372891,0.21951232624048095,0.5018713336135303,0.48401847396604614,0.36265711815791024,0.08530151062821063,0.2862532808923627,0.18177631031394847,0.14910467410984207,0.38984324436077317,0.3481322277585299,0.6038077886229722,0.1766299521392803,0.45817377868157,0.3754805609644164,0.5287066265363277,0.4711383578626148,0.15378823037735143
0.15863297534907236,0.08494988775449021,0.18058153665869964,0.20104768213193364,0.0727258542435188,0.1795940797928413,0.40719790216250973,0.19969496031247383,0.11859034852139852,0.5402704201946015,0.25061459612436304,0.08734017298924363,0.20059009424932303,0.2559219581574949,0.25891769679885196,0.10831577730783881,0.21067628912135702,0.19469215461221473,0.4037318849343959,0.30047678694516133,0.6116771043427341,0.5218389901017297,0.14489902887637732,0.17094015094329423,0.28709867594505395,0.13335527017205695,0.5656395960248445,0.24178241884346044,0.19254758061297308,0.1891368982772355,0.423510320731354,0.41379001526673476,0.28238416293378366,0.09225475751456597,0.2432235643099706,0.1864869249160177,0.1569471134557942,0.10997762839469895,0.3637495626373144,0.5486624389221957,0.11750723386450995,0.3215842968449927,0.3492896517526695,0.4815847841235892,0.39410763718089387,0.09324630667072373
0.07848319067105218,0.08311090096747777,0.12839001410709283,0.1673283236872639,0.0375226648831266,0.1353944154771792,0.33188653399993806,0.15567374703162157,0.09948598657380192,0.5016605395786249,0.23544021441196594,0.08832780425712766,0.1264334258602365,0.1684692087212595,0.21923902502454642,0.08528603500596466,0.17196934556920104,0.20546535561685547,0.31928868426563467,0.1960272302024899,0.5387074822588341,0.4090347519542007,0.1376553435329797,0.12973678810353137,0.23170256092266864,0.0846136602102173,0.4472846854879879,0.2324451056693738,0.1882193851937426,0.17122269300523305,0.380800826473721,0.36664168222358595,0.20022637233901658,0.0493923008789226,0.17829839259234542,0.13867929854483801,0.17089818726247707,0.12383027886765106,0.24977259645982727,0.462333116290557,0.09275179619327042,0.2607284555546399,0.29428810171851794,0.3895404501572921,0.2802218164872543,0.029000265717318417
0.04753279944269431,0.04904049352372558,0.08690220519590312,0.07267356806163285,0.06550628883910484,0.09864921928724374,0.2128675913778316,0.12896437912557332,0.01051750061060755,0.38707118697753246,0.17228539552630204,0.07035552495220099,0.08952635249210919,0.09746174522667284,0.20346854037282633,0.06368829991070296,0.09976574252187351,0.19213758240027667,0.22596895509816173,0.12172047395502852,0.4858770541935057,0.2410917707082542,0.07326717617105591,0.07230981738885986,0.18770897441925896,0.07934258016198618,0.261107657642908,0.20547847697408056,0.14551018032330837,0.16895725065734915,0.2647957849081615,0.2741061595849221,0.1849221825270271,0.03746403460237728,0.17406584161148425,0.11969133312236059,0.1532367497707198,0.2176401407673611,0.20273663209915985,0.3961920673448607,0.053447452225563054,0.19893229528893783,0.23929358439031836,0.3181047227634195,0.2638650786182582,0.05729313928695213
0.058651585246190865,0.10038277580112642,0.06690871691549022,0.1282222073888975,0.03066033275388637,0.11336795092735617,0.14458583346742587,0.12862084819475547,0.09664461644042233,0.33048871986300854,0.20644625938438602,0.03989583997129745,0.11974758112041323,0.11799029829299015,0.12654206842741833,0.06056030078198205,0.06571242071291296,0.11839679175469793,0.1465073018883709,0.14646123225784383,0.4292089052983277,0.13662660543617464,0.07178093768581666,0.0,0.16674635713219857,0.0593327372480517,0.3256974830969081,0.13525326631753484,0.16575923450553262,0.09684765935092243,0.2479200280367741,0.1929108345869752,0.11480282922132062,0.04337209251527471,0.10770918230773106,0.11350799521968812,0.026994123682377844,0.16028786594122718,0.16164765044056176,0.29597249025702166,0.03271189700816509,0.1762488574332493,0.16508927080159239,0.24971366289770477,0.17516755403435455,0.027113244987806588
0.009077307661176138,0.05939436012709633,0.08207710783684156,0.08511312543930329,0.052523960040374365,0.12106758901098748,0.15308860924533363,0.06921726145710139,0.07788735887139434,0.2656644678369648,0.12263447068315358,0.06704686779164509,0.13377870979896164,0.14608799145131687,0.09876818873511047,0.061370861471988246,0.06547808948627747,0.12097678995927887,0.1543601927840187,0.15173907136916964,0.3827094443252966,0.19125683873286592,0.04414513505962965,0.013660226285155157,0.1945331767364469,0.12187450211909999,0.267327154523019,0.21009009761872835,0.15403151346746674,0.10091008499157293,0.2738567821085649,0.25160214530756625,0.09964084076848179,0.0521741880314707,0.15953980245367227,0.08592321032586332,0.06862410265205277,0.19910399930604172,0.15769055777531507,0.1994336359671255,0.03414842012214347,0.20575968675820294,0.15745436842950952,0.2505878237779199,0.23084662021499186,0.083570446287733
0.04014184547837604,0.05084686568247743,0.0757198864035928,0.07056088204043369,0.07116033284993668,0.11241487231392149,0.16038913147382916,0.1081852919230922,0.012895176975117724,0.31378130150304,0.1428931526480787,0.057048201133389174,0.14819326621656764,0.1260267583686815,0.1430807154737916,0.060973786445138005,0.09424323036775979,0.14227232508692245,0.1573816492583169,0.1372975279402606,0.3326753408143991,0.15690715947959608,0.08404483425157325,0.018921078767489437,0.20068405495048805,0.09394439129575193,0.349362152148017,0.18105742635491578,0.17885146624667184,0.1206016551191154,0.25488949845631553,0.2470038542779493,0.12160337589296041,0.05184291463352836,0.1205552913682645,0.060129905470176784,0.05038305634609978,0.14420420853817845,0.1490110241782016,0.30606117463146243,0.04424875319551717,0.15794431056520694,0.13673838344939288,0.23320450708247728,0.2462145277714476,0.04864702085251451
0.03026635597319521,0.07260494889562182,0.12568074901377213,0.18041574533929333,0.037088484451939435,0.15625393884279554,0.17010491275817768,0.10642896643539687,0.06504550890544483,0.36634609487046704,0.22167988054950966,0.0865351632767564,0.1408005456880814,0.16741589779128055,0.1487129414279346,0.08266751956307322,0.17551429814138458,0.13762109646942045,0.187755966235622,0.14712801471331324,0.4140788588515318,0.267805259459904,0.14434230848666946,0.07842793230821216,0.2685575349621557,0.10823353075255847,0.3416335679961926,0.2189718427274606,0.2056286497836167,0.1390210925620385,0.3026883711758309,0.3288231851510815,0.17704144299028188,0.04904465791404042,0.11769631685388494,0.17010641292320422,0.09616704196318118,0.16367106835010325,0.19985189613630508,0.3635934105288787,0.07508810778269512,0.23227318327700003,0.2037294306963949,0.30253742648730875,0.3227633349871875,0.08806428192018145
0.08031883014291608,0.18145906096384543,0.23711380755798805,0.33103912118493695,0.17335034196510882,0.32009837489775766,0.2576044892393232,0.21479572640720537,0.15122740736411389,0.39597494351595386,0.33821356070198005,0.20715180365123587,0.27923834784013113,0.2875973031373965,0.262925248655499,0.08529957308859862,0.30362022617862544,0.27797783179551366,0.21859392291806778,0.22544920627409362,0.5240629793458826,0.38332286167337387,0.4432155180306575,0.14973370810759998,0.3280166837784367,0.2667427014760494,0.5544414396511411,0.33515653598319617,0.2843415565069134,0.2199376784228951,0.47532555964383616,0.4930574121438117,0.2254861572228297,0.10460295047184322,0.2343681238401008,0.3113608283067209,0.15671386568802487,0.27464043510921893,0.2614505915023271,0.4892327550320112,0.0994254164263507,0.48635265199534244,0.26915524553297754,0.5404839074801611,0.42133103102408387,0.13721919555292342
0.19149128907158805,0.24205850859270103,0.5468930638451404,0.6688943458577872,0.23427470881035414,0.4865432600960765,0.4018041692146081,0.34867588349236794,0.373365163821954,0.4097649186030416,0.4509791255212014,0.36435461935652347,0.44353240862186644,0.7218365385676729,0.31653972817992176,0.2037986487098779,0.5224817641537421,0.2689896793854869,0.3002709799113985,0.19423221263756865,0.5826686700743664,0.49980376899836015,0.6604789214194974,0.26908745979261206,0.4488498040999118,0.27783927133598885,0.6351542235861496,0.3138643295233017,0.42444503697167724,0.4057096296812867,0.5915444724536449,0.7801972234842032,0.39871364915006857,0.2478414403098479,0.4199314201519627,0.543301712521532,0.2641128416004679,0.2457331059402958,0.33195063645948036,0.5464975731688434,0.16843017730406543,0.6932663860870835,0.3138642234482672,0.6193196246496604,0.4835008439795757,0.31517103037010236
0.274640061398818,0.22799166172209254,0.8755597033690029,0.7443161463725083,0.2228753904341719,0.5151803317360751,0.40188452722285695,0.4569814328163009,0.3328115991605545,0.4366404472250409,0.5431012832426871,0.4782634115811106,0.3896376511113813,0.8173547809793738,0.40100412092552157,0.27539805427980596,0.6639573483780579,0.2933091088911456,0.364673840827553,0.2990080180732451,0.5555822768714689,0.48323513578495886,0.6009990747415119,0.3456849357297327,0.40906091185744003,0.35923692635634863,0.5823893233437502,0.32429366631604306,0.5130959182763873,0.5011347199862187,0.5823843911061896,0.8156584420198215,0.4746515408790233,0.2709247721537189,0.6834975693382183,0.6757486868653187,0.28848535670034303,0.2951211737484232,0.3557699669628204,0.6686376412534364,0.1991084354631868,0.763789876058132,0.3765592834848192,0.5830238852673026,0.4481023528352102,0.5061477368448039
0.3231150697292857,1.0,0.9052985920360609,0.780591162221709,0.2191607451437442,0.5850419160942397,0.4883683323766928,0.5258737675713582,0.4327394922721419,0.4572394808513052,0.6886244501425994,0.609934727929508,0.6404006033748073,0.5610007765309217,0.409443876700365,0.3067159844385595,0.7152348716605098,0.3514916197162321,0.42051988516766026,0.26836010841856034,0.5984705637124597,0.5753044157529884,0.5289217104471252,0.4358605642264594,0.3949730628635551,0.3129380125143799,0.6017621423799215,0.34693535743338255,0.47362218343855866,0.5625302712068374,0.5765860251451759,1.0,0.4666695906545828,0.2734756221367041,0.786977295602124,0.7033429658600558,0.321400910686919,0.3754170488167998,0.38344396265689484,0.6794163883257927,0.23614686135729174,0.698386194884599,0.39953334176510696,0.5662976298406804,0.5459416242379205,0.46796427751697744
0.513367057735594,0.33861334634929247,0.6909132630224278,0.5543737446715878,0.2515652435744461,0.6156100223366798,0.40930696667907546,0.5395959611520902,0.3907920222129641,0.5765796175267169,0.7136853102119507,0.40892790864058914,0.5887850058870159,0.4631603999585357,0.42708713722300595,0.2446352885274518,0.7715306192714748,0.2631897167187816,0.523039878661824,0.32417895401266683,0.5311828793961078,0.6199878714542136,0.5040028758856809,0.28821913854575665,0.4653570547586009,0.4357753552920036,0.554264345588984,0.3480465585461844,0.5303666173802454,0.5562503663853173,0.6574820522662592,0.7313560973338922,0.44218087892804203,0.2518847195465873,0.7457246680913767,0.5825803054864332,0.28986520232240964,0.4605411212964072,0.44668924282932515,0.7025143980781011,0.36773386377620393,0.6603512070726678,0.4554324449645059,0.47926274557341575,0.5915163622554236,0.5986792370097038
0.7435425913175143,0.19056730990518714,0.48703711100831565,0.404891140773327,0.1916813967972182,0.6036056922090492,0.4914606865065437,0.705285099902189,0.4019146778561963,0.5660112037291609,0.7405143123051997,0.3695408394362975,0.560561594509179,0.51674717629284,0.4700406839843569,0.2056394902524445,0.837887507028669,0.24999582142260474,0.538192725725208,0.3526734840787751,0.5316375235691065,0.5114408430022775,0.5676598542004131,0.260914134895971,0.42369598081520743,0.441404849172132,0.5028070549315619,0.3991848039482405,0.6592707432639353,0.643289320922997,0.6244881874680556,0.696685517270447,0.492165038926339,0.2613440324193797,0.8521847515428536,0.4150818978834772,0.33548587063058244,0.5280847678436958,0.48622529429153766,0.6800046416200585,0.37723455634133424,0.7504829930357512,0.5421693058047861,0.5640128717581856,0.5862448226700403,0.43012691955761084
0.590534184158967,0.19975906572271676,0.5876817417144733,0.48573498834112155,0.1955924626252802,0.644257056266148,0.5569812706673042,0.6995662794380942,0.4125293781966688,0.4986222952659499,0.8344503913102764,0.4876223285965845,0.622721273041768,0.4395600738196902,0.4450631044015311,0.25596648397301813,0.9135588799349217,0.34588931548202495,0.5791053640849221,0.3348654680289074,0.5616188272494161,0.5688479603595042,0.5610427372321491,0.3100753842560108,0.44855826493664774,0.36479112038338024,0.5980418008679752,0.4434065394865696,0.6641900033312027,0.6739371616691175,0.7141145007314414,0.6633081020372587,0.6022955707623642,0.36002532456788244,0.894232217138693,0.5126414158243229,0.28906146202164085,0.5194301668188902,0.4522365148312961,0.5840316564687057,0.3192997821015458,0.7116814096847977,0.5047888898411768,0.6497266505436524,0.5334100594433093,0.5092623298538381
0.4026533436395105,0.20087717106393274,0.7566309219734344,0.4608137882701349,0.23577374954443617,0.6218679384909231,0.6295330962525951,0.7416005373199339,0.4209464944360872,0.5041871295386781,0.7790729929080794,0.5621437257757766,0.5654902218461474,0.42180807474489557,0.47295772856022,0.3041211631612346,0.8439672751648357,0.24480530057219518,0.6022559419293754,0.3487153199303493,0.5373739451127149,0.5714797525191936,0.5465640408917972,0.28018676358874045,0.445072375591815,0.40156336427670203,0.48467154812633445,0.4632482113196249,0.556728930266133,0.6775158156505917,0.7154564943590356,0.6815544734576489,0.5964998860525962,0.39109278287719723,0.9219908449121209,0.6660404044452668,0.2994575126662353,0.6464137752434187,0.4390159117705025,0.5804310655936472,0.2875166170309331,0.643911010282577,0.5123256775836149,0.5262100460686315,0.6015820129400913,0.5224946188648629
0.4172354619563239,0.18494736033986098,0.5157597114971318,0.4322408395735261,0.25189086901241275,0.6576486873889377,0.5314458515954619,0.6127246484238179,0.40991400507728504,0.49823718313835474,0.6804481985546091,0.4168743780906208,0.5114637681223286,0.4521641862444545,0.4937663972542545,0.2997699671333166,0.8238442111358206,0.22927240753673656,0.6086661277078621,0.3606364572830728,0.5408356428160249,0.6185314102761679,0.5109349210870924,0.34500360462211943,0.474210741688279,0.4495835487266898,0.3613448191562514,0.5909271637376314,0.593961670752317,0.5836222863973336,0.6677119815382202,0.6219628770439559,0.5448010814448981,0.3646848701521591,0.7070284937693244,0.5043088069063383,0.3742410662624358,0.5025560501629431,0.40898510719293396,0.6654935060659835,0.2918400397392867,0.6152230665164578,0.5069540234889284,0.7261046882400748,0.5353164937507054,0.5663435823804129
0.4732395852914904,0.19468376915124758,0.4311161387148706,0.4646679628346309,0.25300952656646025,0.6022804038117289,0.6067059665316595,0.546555103666238,0.449815847076963,0.5699149186664769,0.6293948612161442,0.397091274349282,0.5157888571683044,0.3176196440506621,0.5543144560207823,0.2440273739319595,0.8049811181476069,0.28966573576122123,0.5961619052902541,0.4013164925335607,0.6668775698992415,0.458597040802138,0.6943455766547397,0.3485162407304012,0.4925339582169558,0.44669651466600596,0.4414206679432405,0.5474843698955963,0.6577854096813852,0.5648515733389284,0.6876871679926589,0.6555647490625225,0.546064838785906,0.28650313693784923,0.5870545010967505,0.46420746121437734,0.47438001489712067,0.5763760736109242,0.519756428168014,0.7453314984344638,0.33781451214581887,0.7197841217666205,0.5534607351531337,0.7137646259477907,0.5961397958337677,0.5166126746861899
0.5753688692982041,0.17699131144395208,0.3953438763619394,0.4071472649156846,0.25682121372308675,0.5483881480716254,0.5399918618059961,0.38513418959952256,0.6387406361615134,0.6582704577475214,0.5943414813588099,0.30611178365645636,0.5402905090104491,0.2877023650284856,0.7575324962844809,0.17736810597663494,0.8363912190247055,0.3196551916460067,0.5384977836272176,0.4515219826446184,0.6729160227142713,0.594245088560564,0.5598138116428353,0.33497959135105226,0.5042721084755786,0.45001825606766577,0.5746641028930459,0.4369668539853748,0.4725825320029181,0.5677951019201037,0.6628773871052214,0.6394372273463413,0.5212276854778471,0.1820652255268733,0.3912284568122793,0.3387824428993643,0.39057215655362587,0.44652925437039764,0.5610041885797339,0.6342356898573751,0.5378883888559521,0.6482844456149496,0.5660489703663057,0.7536121473574625,0.7039770947767193,0.20533770692618658
0.6792316804169025,0.1554837560035764,0.3728390979942604,0.4225263579753389,0.23147014574182476,0.5563763972580349,0.4485360546824429,0.5018654120566365,0.6465842153014946,0.6769549851259579,0.5806560542594368,0.27544261693411964,0.6714212674897576,0.28098526700393917,0.8105756866838623,0.1880640935472867,0.8383626679520546,0.22457424874840537,0.4337885267719797,0.4352881402599214,0.751634410933263,0.5957281742753,0.4910997929404307,0.20702959985480007,0.597698784579146,0.49894267564444006,0.5857543699489359,0.39648384318647745,0.40889233222516463,0.5556120633364494,0.6515868952602426,0.546371533882481,0.4704685845235137,0.18643342452741254,0.3434190487655859,0.2815162994864109,0.2928337681953599,0.5539475072651759,0.6067624387982687,0.6112746542082309,0.4656485422575712,0.6440504907707949,0.5695904137656987,0.74107605189809,0.6851981100991728,0.20626552970945328
0.4956228276224777,0.18857333449004895,0.3540963313728279,0.4171285933195498,0.20389255990039484,0.5435238373572867,0.4992699644845802,0.6543945878352931,0.5166624725078673,0.6818536644155844,0.5775660071732874,0.2586549525996712,0.6711727179168557,0.29577528240188866,0.8191596907119911,0.16611202985326623,0.9204570367817313,0.3515742865341148,0.5749082126047632,0.4561118638385805,0.7888015612924104,0.7186799219374144,0.5649475215679498,0.259412379216061,0.5550930880582097,0.4768451337212072,0.6114084200477721,0.4063403361041089,0.4350132482811564,0.5543848923597082,0.6299957661415468,0.577509951054179,0.46997062058288275,0.26553006283472835,0.3423406496965398,0.2684363671273292,0.38463654579486617,0.5826003087841689,0.5479845769239335,0.7187413668057621,0.3821750546297907,0.6859661071748575,0.5567853707194503,0.6227430042630279,0.6083561737270813,0.2118082527662667
0.37514791873819037,0.16812740955146993,0.356811544737749,0.34916707260112667,0.12295367526384751,0.4069168530852634,0.6470289208906225,0.50703212866572,0.4101845093154438,0.6704271371496336,0.533071937448022,0.24116659892004547,0.5822569400856209,0.33810699736743893,0.7212680105071707,0.17705443457451592,0.6940331965701565,0.3514124742311397,0.4675088047100826,0.40513180080492994,0.7799927445829743,0.7850606038892426,0.407724888187991,0.20212088917800033,0.5404880505852003,0.3726818136028788,0.7351123549489342,0.4543184992294894,0.4379627304227348,0.46381029636230703,0.6328047099025648,0.6171041939665658,0.49059472353438194,0.23633469181285632,0.3157268637268816,0.24182632303272417,0.24512911573219068,0.674711235649886,0.5224779813895625,0.755381440837867,0.28543543371445157,0.6677081867865617,0.4938752118490598,0.6356718080442046,0.4956698901223132,0.11581173668854788
0.2837582390889983,0.13189474061897566,0.37922524309064864,0.3349372736586481,0.1541406556436431,0.3342176546890923,0.7446555021092605,0.41354372741284134,0.30417110648776247,0.756843314830868,0.3906635695011002,0.19469397669332253,0.39550707191366935,0.2634876938156676,0.49879332848664576,0.14017356042903514,0.4717219754402891,0.3603078790744351,0.5267938930401933,0.368176840674319,0.8120628677234774,0.7969083251582384,0.31846146622069116,0.20573575978312786,0.4888745506849327,0.32342643240442526,0.7279113543060659,0.3847659559095743,0.3510211329509385,0.39165155872835666,0.5835969705060337,0.5083274533087966,0.4177768172203471,0.144421770408129,0.3203253460829416,0.2929351437148157,0.25288142703585526,0.44519257552999253,0.5097329761301389,0.6954150113241192,0.19562281351894895,0.5268263154280032,0.4487331307822075,0.6355688138656735,0.5075477409040672,0.15382937051396822
0.11845843753959108,0.10436848949105228,0.3184907507745148,0.33802698324129626,0.10409546519105536,0.2652583522876145,0.624882842220171,0.29403169726499856,0.19421234410275456,0.7186717794518538,0.38689590937222856,0.17137838479046572,0.2922767616636925,0.24933315227149683,0.3747428460463719,0.09676323843481122,0.36466862223567215,0.2613662618097676,0.4854416861601475,0.331385347190893,0.7409581781163421,0.7299298919443624,0.26528423619256425,0.22418416018506862,0.4438426069269045,0.19603875634708828,0.9464681628311081,0.383015044502946,0.35195208749624374,0.29343345265332826,0.5940469522768403,0.4759271715921036,0.4648458420110616,0.11683004640603807,0.31549362775333983,0.31975486868596065,0.15597958898802838,0.5008944081253399,0.48134029225246605,0.653974398737422,0.17316544191492644,0.4793181579383616,0.4278412287550532,0.4986813154842159,0.4738805583890604,0.15518745464413672
0.115801830138569,0.10093277521468474,0.22621808856570047,0.34969360327226445,0.08355655837194703,0.21275329471984147,0.4924331868424306,0.22905451780879774,0.10207462665799658,0.6242605070588381,0.25462373456771076,0.09783261278673511,0.2322918883489792,0.19235434309631477,0.3530814571383224,0.08542979567046419,0.23559087310527796,0.1862013145275931,0.3865718460021871,0.28174046497763905,0.7605662665150774,0.7235112549072734,0.23973120312158722,0.17889557528876052,0.39160961237479947,0.2052389283381429,0.7228712979353439,0.31679874163036204,0.3027865919168259,0.2540151783104379,0.4663388374520273,0.3848538914953298,0.29102097433880725,0.07396124641214077,0.2638841598597087,0.21072649727428555,0.18117091496702023,0.3534743980038536,0.3924461057296495,0.5061643939170654,0.10528902730941489,0.4183245510817672,0.4299098461221419,0.40753733410716997,0.42485869275611965,0.15349209802048627
0.04492018412798704,0.050552466553294026,0.13300135385726425,0.2897740789677491,0.04788989645315747,0.15544809933029852,0.4180752212111419,0.18433191429322587,0.12184358353619826,0.500060960319131,0.1925619550958019,0.07918792141219139,0.2199618007693107,0.18557374367979523,0.2750618295905445,0.06278843327774566,0.17246301372075565,0.19421047921773343,0.2849934471313924,0.21989877710090774,0.5900753347278125,0.5563639184521013,0.18671143755068453,0.10188755217229843,0.28879418672573964,0.11555382705260982,0.6063149485504643,0.28454785569704866,0.30094921008148834,0.23237205540125555,0.3850688517145959,0.2830146072196725,0.31419110387565563,0.042587968570618445,0.21594402615974362,0.169611697248241,0.08014689094100057,0.07738245302948855,0.2980725188794148,0.3896938069947295,0.0845587288708077,0.3388462469309368,0.3818908166644608,0.38812165747406446,0.34915979296473476,0.15936666497091628
0.03984537963492048,0.047233925905361365,0.08606404858156051,0.27731274303084313,0.050282161186537874,0.11719650320573057,0.2985616107543731,0.14908765843726207,0.09838144228903903,0.39336247073016617,0.1828061447619953,0.08050094278670755,0.12988322665497376,0.12059762501817964,0.18778431373959123,0.05932994752323773,0.12203917696615453,0.1044752984271453,0.1476531143113151,0.19706476897735462,0.5351266460526091,0.3221653035575168,0.12017447045017954,0.12646783776821988,0.21906959191950276,0.13749272290330394,0.5236757803338011,0.19848520097165856,0.2948095696459232,0.16171869728687502,0.27967721104437177,0.2531229753879537,0.23206544466761295,0.049404152462695,0.15498059531104802,0.12272721842971747,0.14118955225112376,0.014491543782455416,0.1979280259457018,0.3979007044885058,0.03773683686823808,0.20439874992615575,0.2452061692032453,0.3785938667420963,0.30639532849230194,0.12219946513790825
0.05491091072961271,0.05278259629492488,0.07573091079652053,0.13384842262754715,0.023158856420600796,0.07742972151299862,0.2621754919929682,0.12377882695643888,0.10638208937473087,0.337553506661195,0.12313372096443773,0.03571254494461393,0.1173965681505077,0.10393157452904336,0.18686240941960716,0.03751033356578998,0.10933923640572561,0.10862867194399407,0.17191898344685985,0.17359652022243688,0.4195556749389534,0.19497535827276427,0.07363467493362208,0.07190265295623272,0.17139945345324942,0.11270540336478589,0.503111953536212,0.1696114666416889,0.16071075261872964,0.1544448201138017,0.28511499201353985,0.23901079783481555,0.11381806495784336,0.04165220407020792,0.14428484107421385,0.07502250742664567,0.13527754824298055,0.1190182386617583,0.14893285910190437,0.3674200100587936,0.026851037395608353,0.19184759642218838,0.2222992128459444,0.26841920862112256,0.2589282323744252,0.05772702982742108
0.029801856062751913,0.07457056393441723,0.047590847335574685,0.19146723340949706,0.0203135097089159,0.0778599205157575,0.11460070388782415,0.09190829259107394,0.026177083328800033,0.2799096140397411,0.10772225096688393,0.03173402747968833,0.11304333459662502,0.0838833739899578,0.15333696177746356,0.02484149646142641,0.08974116669892056,0.13565499225723576,0.16588013499319323,0.18640223299391487,0.33990114776087643,0.2083683075907982,0.06452668922923124,0.07226312935276685,0.14547603659741679,0.10955022441427865,0.41701246794882046,0.11421593174543718,0.15901316522068992,0.13572660314414023,0.20424809635772753,0.1651035101680906,0.11287016029574079,0.02784971348165852,0.0862182927586844,0.06125430387851555,0.0812662616321741,0.10419462787902255,0.13559117952313268,0.36978925978946153,0.044021035260973874,0.16452147020848193,0.1555258112067234,0.19280675834023006,0.17084487948519367,0.08020526228835298
0.0405061171386014,0.07395196968691696,0.05358246489132336,0.1906465868523215,0.01934125486822111,0.09061658289507998,0.1773019901431366,0.0906563522660247,0.025933936825750646,0.2292271263835563,0.10231409221262475,0.04966173196895656,0.18330423999702541,0.11504258866314018,0.1488751225691773,0.05148859976059369,0.031164697016731212,0.12159373963547164,0.11932505276847277,0.12467176234400204,0.3367554981643813,0.1582276357356669,0.07223553629573198,0.08918549280599523,0.13088857324179412,0.14574578895944418,0.49680098126230915,0.12597339153315956,0.13565825344936702,0.16198088959846382,0.20893116683278637,0.21455421063025729,0.04051970137922534,0.04601676711068617,0.10463167807014427,0.07685155941658671,0.04064641641544506,0.029521343341787062,0.14642563011295143,0.2228351808067554,0.08354513910586106,0.1339434753538328,0.15529632741442148,0.20911609937783285,0.19163335215906585,0.026702894348012894
0.0349748318672391,0.06404346173973001,0.0575387286669692,0.2972201599271223,0.08390017613347059,0.09124038227711728,0.15071565633556985,0.10648764387836185,0.06595139464940467,0.26714791822053763,0.1338531354502708,0.05280492707067921,0.1776224061413588,0.12143523101848128,0.1040893536682187,0.04993745410067308,0.10090795940294757,0.12905243239540004,0.10091374323318658,0.1628183520167031,0.3900838685263662,0.137499031173221,0.0853593114538274,0.11352081473885127,0.14628461297907053,0.12176638789808668,0.4294026710146379,0.1807113430537871,0.21864694409042804,0.16511215835539408,0.22894862564611074,0.1936225845252312,0.015216368688530858,0.031606644414319485,0.08313005474494622,0.10120679219756522,0.033676824062300256,0.030707968400835048,0.1484281150397146,0.26746437501995307,0.05248674341162398,0.18676579173914762,0.13973713679694044,0.236311633235165,0.21348852836131,0.06621747731042252
0.05885541364372383,0.09215082167371577,0.1174502124013332,0.2574296478571702,0.06241705451984274,0.22800099588194533,0.19358184837443787,0.14662399827025596,0.10506036422028442,0.33197903856124683,0.20650948149573675,0.1034277083741941,0.19181135217849987,0.19831861155596253,0.17342940326985545,0.08204219835288049,0.18993673893341875,0.15123069193461697,0.10476324282615507,0.2144043933205604,0.5058240771531998,0.2235659628133672,0.21314600043082466,0.13516732373203408,0.24350557202786413,0.15714747397779755,0.22470964352842818,0.2489822825035268,0.265159208934856,0.1676353348630857,0.3139373456987918,0.3103479008311175,0.12514159487992513,0.05707483589961161,0.17678942206560633,0.2337527350127317,0.12684427055827785,0.07022653662280771,0.1837630580363377,0.4206588971560728,0.06643330288121027,0.2646656057027278,0.2064410832506974,0.34398861241366196,0.3316633143085082,0.12308892379189901
0.2148926668638805,0.21430591477043884,0.26827387964351695,0.40559199438407073,0.2383373876886605,0.49652811847177236,0.3894938232607478,0.2609730954457557,0.2751369334300916,0.3885159284069592,0.3435481491452554,0.26219704956292644,0.3946550625754963,0.26550444847376187,0.30056551860318753,0.22818813221935708,0.5014423378762192,0.2559223299861357,0.2327452976724761,0.24892978116217743,0.5894498297135589,0.43035834810516477,0.6521184467457779,0.3397841656080582,0.349692185033096,0.2648440229693041,0.24249311535334397,0.300311666261196,0.37881515336057625,0.3304778894507282,0.47329261053218885,0.5587546788602672,0.3046004846293475,0.159524290914503,0.29143881569989616,0.32303413455329116,0.35600726433236307,0.41589932006337144,0.3155940435514102,0.6194739425108844,0.13130205823455304,0.6725237937696318,0.35980814923547094,0.6039346286703591,0.4843834588783793,0.40685539957791184
0.13723041864182503,0.1856184696552778,0.5760538710838149,0.6332839097950497,0.2587561612869177,0.6222221048375234,0.41657437553227267,0.4511276289127036,0.4201925743955285,0.26744271677459547,0.4742168834385778,0.5328275983214298,0.4343787118310827,0.40657445995920366,0.3354167855936826,0.5106644540845023,0.5710703215350156,0.2977412937048523,0.27105099269686656,0.2355627764528714,0.49292040960162287,0.43816612341031713,0.6120065868093161,0.43717062428953996,0.3867742272769144,0.2923255849954499,0.29328956018081714,0.49561612445642955,0.5233087495117698,0.44605230717774014,0.48371256850017097,0.6981888772338974,0.36614839807874555,0.4554894095970091,0.37888285297942376,0.7108803364279137,0.43148491607667305,0.39133263707759586,0.2699350835578237,0.6394321991812351,0.19073932377636818,0.6087134374985573,0.3706405284296412,0.496436004125015,0.5341186116699164,0.46630900894270255
0.20811290148589112,0.1282816699638016,0.7516789146723118,0.7550388938486424,0.19173898179998144,0.6488799742730589,0.4735081687622498,0.4268692431404104,0.3981979846884289,0.3231621250023126,0.5166221329443136,0.7056406332925121,0.38267464903403803,0.4243027872558975,0.34284010819496125,0.5057454644978367,0.6054324227395286,0.30616336354595725,0.23920811290623795,0.22412316461337956,0.4262767839319097,0.43927682526629164,0.41746362543719306,0.3821068024658234,0.28136988193304285,0.37509584345517677,0.3713068701110562,0.6664726551858778,0.5676976946119832,0.5048721317210499,0.4558918729157826,0.539163024468867,0.4064538025678176,0.5375687618133749,0.5470810704878362,0.8847500000814571,0.48666180803761194,0.3579718547315045,0.30392867934729173,0.6820250982904036,0.18864845565749394,0.5663346128032929,0.398490950815651,0.38441938408506215,0.5584910015778833,0.48799202369120065
0.20945330389876918,0.14190984951251592,0.7732640253525038,0.6853712857377099,0.1703038636586588,0.6504166587719944,0.49960391209554994,0.510006354002949,0.5130425231262551,0.35373545158621783,0.5336932245635788,0.6690263392653826,0.37216786114883804,0.4256571011137418,0.387353999036353,0.5673240763599423,0.6283937794520691,0.3017223819967598,0.23811769875787125,0.33028879986476484,0.5041372093579309,0.4096811906216418,0.40181288589389996,0.4301770696377028,0.34547986572357864,0.43554236440212674,0.31215824352168525,0.6218871788543262,0.6316911452136599,0.6273080589027574,0.5142669604840587,0.6273218744966181,0.43278746558534564,0.5442620355415351,0.6338892907658468,0.8331934200727604,0.49320718042599976,0.3376872342588584,0.3327267725003618,0.5423816846823296,0.2575538362274504,0.5763255650848208,0.38577901750156257,0.3814091773526911,0.6361029776882237,0.486152112517542
0.3648753790366707,0.1712792854958342,0.5553278200444961,0.4992520233746181,0.1284468434124821,0.6157267006735688,0.47236947144917124,0.5497195686359729,0.5973530947386276,0.32456337055003426,0.6510194653255925,0.5753127914592351,0.3881677060672638,0.42403370914770266,0.4204596516437613,0.7124450658068944,0.646215248369255,0.2878893888888533,0.3558372365207868,0.24555125858569124,0.40154168964735004,0.3893670679470452,0.4103771977019255,0.41631921235542546,0.3670315663867423,0.584162421696231,0.27154856766621943,0.6260270105747454,0.5926112636030144,0.6171393114723044,0.5456856923515189,0.48885996229335205,0.42599674953788946,0.5640037137247391,0.6329380447796783,0.5995203156740252,0.4155906322844024,0.25348556125832344,0.42668552496462364,0.6419717309218985,0.31700276592446486,0.5704735648151296,0.4230074161750237,0.38435285585336154,0.6804407416219782,0.680913332159412
0.360165062371246,0.12390085457085598,0.4815467676799661,0.5723069849035058,0.13917532073586858,0.6331623715356717,0.5506263573874541,0.6289107150343731,0.5285509835958777,0.42440716654812116,0.7112718014556418,0.4973352373732932,0.3822332132999245,0.37840899741512607,0.4542727898811828,0.5072897821138201,0.6604911993578128,0.36999911202115604,0.44861672794635016,0.2901439541137489,0.45074418963317847,0.4763472830149686,0.40138703549145793,0.43552418251362573,0.3422161380388413,0.5038684681809792,0.3710396608274021,0.5839201076502037,0.6120615569592095,0.6145775856871093,0.5638616112298962,0.5226236782710425,0.47674242648937637,0.5131702679125565,0.7355174522842545,0.45581941031654477,0.4555992243863334,0.36487303735903076,0.4613239314257225,0.5538912497158536,0.3259729992835415,0.5571467188881873,0.4628960996220191,0.4353429997914082,0.6217093884184005,0.6509131951758079
0.2830349168068077,0.12922477219185477,0.5773170672784279,0.4844037392679756,0.2095868971208811,0.6270154860478369,0.5739312565906461,0.6484645217742969,0.5468353361005969,0.34575043619126006,0.6891224615310556,0.5052265292954538,0.37921659326373713,0.42098207711420615,0.3989727647340905,0.5409184046976339,0.6881284337872452,0.25168323067417875,0.41694161344550645,0.27699906350306236,0.4587148460559636,0.5644684441417882,0.39391210506096164,0.37183291652309003,0.36055881193731654,0.5246395110782691,0.2703396621931508,0.6675458461551924,0.5791987733704133,0.6362409765063514,0.6075894489093737,0.5023170340867789,0.5148831296309923,0.68576309517705,0.8800650019689896,0.6769962567189521,0.5460745657739198,0.4198758737010438,0.40188836888716917,0.6465956466115785,0.25204509806080727,0.5069505671747653,0.4853136070324853,0.45706881652039466,0.5784970016117105,0.5377994994019085
0.2970405421040442,0.12254142813406801,0.6369018728795163,0.3784037419031519,0.21627326507847175,0.7141864334014533,0.5896553404813004,0.5655280413934365,0.5069483880205099,0.39200906650199463,0.6094833807012877,0.5828662914962294,0.3710843102098484,0.5155285399131909,0.45316623408341594,0.7662192968550486,0.7396025344238277,0.3278645699092717,0.36930428424313444,0.2964958766366453,0.44462297795621863,0.5968411439063789,0.3907265387728468,0.43272835058140013,0.3716072570364831,0.5366481762056178,0.2543451171888315,0.7775650521320857,0.5911245682761346,0.7048071400172017,0.5422960425122438,0.5001527400272613,0.5218698100163589,1.0000000000000002,0.7546047163164717,0.8010669030127194,0.544807060413296,0.5725352730471642,0.3825408190974785,0.6551075291130604,0.24058867805013268,0.5645673827119625,0.4109954132189237,0.33643222276655993,0.507936659385306,0.5663720363226287
0.30993447407474156,0.44299651585606836,0.5912519826798743,0.5968847000885316,0.19858449627493074,0.6648258517868506,0.6822690639037974,0.5454009389056979,0.5569570742748783,0.3651642412631931,0.6141536313608352,0.5229389001561695,0.4660221549869958,0.585989468909634,0.4832048154498407,0.8699178357479995,0.6856957346039567,0.3537765246212031,0.40223655985708906,0.32337601043094094,0.4579198328135286,0.5323599299904361,0.4688675855074339,0.5247587078976969,0.341480848442011,0.531725810407304,0.34565325395142854,0.7498740400116399,0.5771892035350287,0.6084045247936559,0.6887912503753274,0.7083758856813795,0.5425410679646631,0.80286159069707,0.5887311045808848,0.7373282415552166,0.5228604029775155,0.5075517346790402,0.33127059078910603,0.6616853413896568,0.2570947401156789,0.628305855002429,0.4200124018840584,0.45632891480789783,0.49671143279246277,0.6263937817132342
0.349439271680163,0.5700292929518102,0.5008651393856943,0.6575909234640352,0.2863815998448923,0.7586155952910513,0.6818682330880409,0.5498430820636124,0.7332224492927325,0.46187709961965534,0.6782139767561984,0.463906302082768,0.5803943315474949,0.5503877722882591,0.6038673938548265,0.6805122331899212,0.7586716056935087,0.26526377165626724,0.42088041403928605,0.3395948398276456,0.6003516975799273,0.679190150892651,0.6544063531300455,0.5488927014034787,0.35782208823430833,0.5737370688688485,0.5492528329990757,0.7368402919380282,0.6910247155518144,0.6824125448344688,0.6851323176303173,0.718106762795262,0.60369566813124,0.603061279138264,0.5452585514930679,0.6472931958798114,0.6219763215019355,0.6376083110046761,0.4218995629857401,0.7738777115276612,0.2573578461217969,0.8044089944878746,0.5047830857681227,0.6538774220108814,0.6122540896074805,0.5027176095354233
0.43134809694821247,0.16065472717251436,0.41653781425702674,0.5599829525800285,0.3146710931897755,0.7233823475085198,0.6844313681705125,0.5272922438106885,0.7021381968888479,0.5550973892584699,0.5694056061946529,0.38558293592917986,0.5817923056106324,0.3462895083914286,0.6802845654416122,0.5411534865158671,0.8176100882859224,0.32221499507516727,0.4849065826490978,0.4362514386041367,0.6859404778203189,0.6826248431816183,0.6598630015645119,0.4774651186230595,0.4938433077497276,0.4987754456640512,0.5007965685826994,0.5817641633830495,0.5987995856979285,0.6800739994107914,0.6918996806397842,0.6361859984357473,0.6255642234337992,0.3853532264128504,0.3788668747533632,0.38716748671589063,0.642428981839996,0.6459214382380195,0.5118775019670683,0.746706574001917,0.48739536540728406,0.6939393239868415,0.5779488442567792,0.7297129524237321,0.7734445302188817,0.49904943471729135
0.5282238126539823,0.09639268599184586,0.33211339424829167,0.44738486323300714,0.24875975800856429,0.6290528079236908,0.5471919558545566,0.6311487095082705,0.6444231097210883,0.6170158884773355,0.5523959198659357,0.38410690117951285,0.6217181738944164,0.39691696306332974,0.7079843364420079,0.29210506096232325,0.7869034935157617,0.29667170239216534,0.5582640931299069,0.439300188556245,0.7986012806552572,0.6365696866155741,0.428859013196245,0.31907313090763717,0.6367641557543829,0.4602078295287447,0.5683499743161734,0.4138742601559141,0.43500052350836727,0.614926437931745,0.6961998943724361,0.6109293925852404,0.47635470883081577,0.27618494977845137,0.40627765541219923,0.36844337222822543,0.3552754493008975,0.4256107412202825,0.5870744106460581,0.7799641340114716,0.4744382458063365,0.6607472169306015,0.5825518577901752,0.7321356004517726,0.6472575820989735,0.3593682624127789
0.46642181439646485,0.15526927471385987,0.3596681486125688,0.3793543351621064,0.20209235929571978,0.617241122745243,0.6024143114467164,0.6103566757051267,0.6411653258341157,0.6464068362151664,0.5461853107968904,0.4292840140296483,0.6871184427456787,0.3847081507437839,0.7014767147598264,0.2339492627639428,0.7587005469654439,0.3890756161411505,0.5903167258031443,0.5120778595302298,0.8048097302717487,0.7243197187712591,0.3476926853577741,0.31930675105099393,0.5961552651081433,0.47237988446950463,0.55861389364863,0.4495386410048783,0.48998903635220026,0.6525542690942737,0.6721183725553741,0.6332124562697499,0.46718142286236986,0.3077676136645341,0.39747229536136,0.36057927294800995,0.30430984362342395,0.5648656296372868,0.5826360521972926,0.8103659888740298,0.46255001077991814,0.6006178882360689,0.5417819044849091,0.6599510851272379,0.6322490814760987,0.24693262946496997
0.5035978301388642,0.13354824475880414,0.39930077810501485,0.40107305950648514,0.24561104777872997,0.43190205025150885,0.5722319705163035,0.5243378827133143,0.44797185529028366,0.6167989383669037,0.457514039826708,0.39808395736474866,0.5460264419321692,0.35102567210592966,0.5561192428423126,0.17553276452239622,0.6046849822450234,0.35750315469290633,0.6088673164128154,0.46940385160629927,0.7774808209420924,0.7895625667603234,0.35566729154109245,0.2659476748465164,0.4831353085308395,0.44661611587784317,0.7487556788582138,0.46045254064040586,0.41892725427373734,0.5252846901917939,0.7083756642159083,0.6260092961757169,0.5108791223447258,0.2752971376415653,0.3795437952313644,0.34473562552935366,0.3505878640644138,0.41264011273711293,0.5808739431430611,0.7639099100238192,0.305284044936679,0.5364507409713486,0.49246970709363025,0.6726276214960704,0.5647161372847178,0.15075933567209107
0.2675080098037275,0.1164554518405671,0.40246524833822733,0.45001435675812756,0.11803956469939614,0.3545015527314596,0.6924189958588134,0.3965925843876841,0.2658723003182455,0.6453839505542309,0.36430295075190805,0.31276533753404534,0.5002926655489678,0.3169895392904459,0.48413718835457187,0.14548284478251503,0.44295974667390886,0.3283267502484955,0.600199142558385,0.4224152128019179,0.8077478335493427,0.827435914897759,0.2885030990330527,0.24455315634311767,0.5103633745228427,0.32138216220263427,0.6996302839583212,0.4339201964162701,0.29384605378649453,0.37308363118562277,0.6011581768529113,0.54211062759946,0.468753756172801,0.19300001374229858,0.3411231057803389,0.3416786708911778,0.2743046909039868,0.35692833510953587,0.5437856143244033,0.7041422358161171,0.22324168865166027,0.4740051387248147,0.48704469722886823,0.6145786981612323,0.6041877955420862,0.24012667400856036
0.15086102459373538,0.09376514751152994,0.3743281195168397,0.3870229462876633,0.07587311365219447,0.28801559644521263,0.5717491024741977,0.31350806258558855,0.15876968726293939,0.6628618204783837,0.32287011805903276,0.21414437854772797,0.3841477359444198,0.25410623239600844,0.40547150150487943,0.12526731447958217,0.30949637626250487,0.25617183902650686,0.5075044988057356,0.3666498820017965,0.8289056267856022,0.6274518921749792,0.24804375736169712,0.21621078564261553,0.462931745090333,0.2981871550703127,0.7575011948883429,0.2917025516711894,0.2955431029309846,0.26296128634882127,0.585204587483135,0.47701303167766296,0.4017611956527314,0.12939685480584825,0.3054219174201674,0.27876283285869713,0.21794451611873558,0.3385830937436343,0.4485740649363433,0.6527742294867573,0.1286815466812778,0.4407980923278941,0.4720650430706272,0.5525792018391031,0.5078946645802764,0.1194395606900083
0.13877634865013813,0.07144867872163466,0.2576120216517683,0.28924650800343055,0.125046946694934,0.230663378754723,0.5407581595658144,0.2446497919442335,0.1610325551856314,0.5498704420783027,0.273466423021541,0.1255395860613533,0.2600528250966473,0.2158380904210523,0.3089750292606021,0.10125537849564026,0.28561346211506,0.22674425162253442,0.32855402731680755,0.3182231141934532,0.683432113816769,0.5744126368123803,0.2306973175902556,0.16401036666615307,0.35908330158062746,0.18776538311205854,0.6555473467231713,0.27457993059901487,0.2896165787095345,0.22565124898156041,0.500522019922547,0.42406412045613,0.43578231290302205,0.10425969269859044,0.2700460834325971,0.23303886222006437,0.15165047585963068,0.36947592124850065,0.3559968167959776,0.635524298768003,0.1408479886718162,0.280949713166844,0.3640555001231117,0.485454439443451,0.3787641809208182,0.13527950623633161
0.0691990221857452,0.07545369027110539,0.13937023278617766,0.22060164376865998,0.0722424967933437,0.18984168304645546,0.46115810771878024,0.20072103466025756,0.12993531599100058,0.43834018730203184,0.26023010512655487,0.09993203534516526,0.20081675165147198,0.18120778848354488,0.2787668897492813,0.09849405283998161,0.18622905433745887,0.3012713018451679,0.2795242624763757,0.26001894052123664,0.4985225578963275,0.5155400779958106,0.18599929402287835,0.1229448778122262,0.28929620980643406,0.14506997108586944,0.680345074380781,0.25295614656196874,0.2776416748126631,0.1652986390675897,0.4320082023464459,0.2616151775759111,0.2837652359178662,0.0506748500288368,0.1642363948573458,0.16280555267453656,0.10027569086986385,0.1497840612362964,0.3056959332706073,0.5053374721799829,0.11272891216550113,0.2339283099289179,0.3670691046250536,0.41317840423958474,0.31639865678968676,0.11036692360476247
0.07491134950326364,0.07602988004388639,0.12626133419596525,0.10894720227609773,0.039841711769900964,0.12355557783507641,0.2931304408333698,0.1736468340155023,0.11803665756956142,0.2994802430703996,0.16335962632156675,0.08840080520182703,0.15687514753296936,0.14116825460049373,0.2416953317441385,0.07357176215800942,0.140541282838742,0.21095950957855913,0.2847210171872867,0.22130729926883694,0.47753195559819894,0.35998739774828337,0.1367695692416349,0.15224049788061775,0.22536860753724003,0.14549749248854382,0.6197197885984407,0.1949461853446417,0.24295438093291324,0.18027483551814616,0.32562951737091306,0.22033747914433927,0.24237818777083683,0.06064800859943367,0.1634122832627074,0.15478204382084176,0.10110630669703141,0.1501015976991691,0.16315712368460328,0.3654344526216324,0.03625810183161334,0.2391448576006202,0.2908671974729808,0.40363327808165606,0.28878591619318983,0.07809309876873025
0.02039410345196686,0.04315158351288467,0.09091562783866537,0.15226159480438894,0.03079813861847691,0.10772036432426432,0.2254541120127199,0.1460452071719069,0.06944813257891069,0.2853822170398847,0.1281506661551582,0.0990555622227123,0.14640124453541428,0.12368865830085377,0.19251088656443457,0.0482138351082956,0.11368633042818031,0.1602834032630111,0.21984356072840425,0.15704147881361466,0.4419847581003643,0.2676320894608266,0.11193483229408988,0.1093273954750721,0.15688106167997234,0.098137224320396,0.4334389501886897,0.18263386575990337,0.1816287513198377,0.14429699146344152,0.2770336154716891,0.16717453777267913,0.21927019560237074,0.04306639602425291,0.12926223920955554,0.1411140265850202,0.08695920681280057,0.04276767887236242,0.15858088842958487,0.31020317087871907,0.03347562636029123,0.16999689336126766,0.23750215609617528,0.3495646496425824,0.18528343518757592,0.07843158580156853
0.01883208422174922,0.06368520489749945,0.05937348142464781,0.13135209334177916,0.02906140202716781,0.09793544064387649,0.2539894216153777,0.10794566816933421,0.08378771503072724,0.24490267517383796,0.1450687232694422,0.06896530434901027,0.1359790300940912,0.031107946582006836,0.1525538679173115,0.07145389324314608,0.0713845153411565,0.18044055330678876,0.14736683649433385,0.13971869445932716,0.3570303689993064,0.1951195028895581,0.1344850770523529,0.10013209468463587,0.1621182764779716,0.044984799825065536,0.31347664825950233,0.12032089846219426,0.17115405872011322,0.1785084875696265,0.20072374933571965,0.16410802555968365,0.14997547586622664,0.02466293609636332,0.12124318267477725,0.1281216256452471,0.08025052944680502,0.10515857974461708,0.09487018321289334,0.3154117556721516,0.046844848387254535,0.12490119120894183,0.21046777413815332,0.30053412402358226,0.1751225290066494,0.10381626910552197
0.027403235858265023,0.05534257923076179,0.09765490829114253,0.06022062917183904,0.10450445246078044,0.10312895494347207,0.22471704237084947,0.09041894693999425,0.10879096909577862,0.2006177395734907,0.1385511766262928,0.05878560325276306,0.16930588015763323,0.08500954900659471,0.11757671438020757,0.04963558587932675,0.0517489790125642,0.16377750406125408,0.16318691606114302,0.1514687978731792,0.30839425374331286,0.12952165503165117,0.09098184814351279,0.0793281474843033,0.17992100871582017,0.10094011596960532,0.37213382730169264,0.1957507720662476,0.17606733295101767,0.17393791664204772,0.22895853813040717,0.18320847766211484,0.19472284860546227,0.03274398781377642,0.05931526138434032,0.11586838890296679,0.054832750043710826,0.09013348449588225,0.1006003860193943,0.21874842348623047,0.04448215586560005,0.1792518045800955,0.19117145713363268,0.27823789670489973,0.2219807003585873,0.08756571092523191
0.046777875930248874,0.07630501873487527,0.07512270356579429,0.1355245081073715,0.02063391299457911,0.10794533600309733,0.21562298081697864,0.09451069204817444,0.009845605643720327,0.23238874319350167,0.15494848916144804,0.07523270280407254,0.15487336414706993,0.08716808047101873,0.12360178579435975,0.06361230769122309,0.07124521261617635,0.24126450444745584,0.21307785387540198,0.16195644679510188,0.3357082505717452,0.23013509625512,0.13421955137226582,0.1181303217591723,0.18103086890983883,0.11265763718355205,0.41011193632321546,0.19967382768141975,0.16965808432897497,0.17466600522123796,0.28443452676227843,0.13719665205487377,0.16180035642942434,0.02712041967568134,0.14036264297887519,0.12671097323960506,0.06610388845537862,0.04231896177075857,0.10448683286462412,0.2557989786024245,0.051775987752173576,0.13337457697348296,0.17378546483228058,0.28258219252305417,0.2206213598719134,0.1105126501284179
0.09149948759562566,0.05502685590256119,0.15073447724194566,0.1520148597705076,0.07122808984850237,0.1987602123099117,0.2739932755354598,0.17020591982153677,0.12001156247934008,0.3423194898293482,0.1918989266654004,0.1035685587930236,0.18011953166293607,0.1325673939672606,0.16762979093747515,0.09372418263187926,0.15914503594676174,0.21515602778336834,0.13770375365207962,0.1777777252008878,0.45127015126175307,0.28575321629248174,0.21731735641330963,0.1511676650908759,0.22916996883658045,0.19023347420017095,0.27936785259416563,0.23085766825392048,0.22096749759022064,0.1889280604924972,0.3529485489059362,0.21079590067816825,0.1750289617615981,0.043021000716931726,0.21099377798431584,0.24116792956495564,0.11999202307701351,0.13938693398938812,0.1878705315985397,0.4263795173037246,0.05784285837046472,0.3140386892824603,0.20017847854883716,0.404717457422197,0.3146752874136342,0.12259502310252146
0.18856223148084725,0.24974863774408898,0.3461684981707708,0.5156592932247873,0.22021770166365143,0.4936855190472893,0.42653588133789894,0.27150669803724464,0.30465404109004857,0.3202100115543928,0.35169212706886965,0.310345698342915,0.3507359758279534,0.23918665373630227,0.2932098238018406,0.2560626168807431,0.41122775605892137,0.3117566555479863,0.24416969396947985,0.2655267880182138,0.5537038560022653,0.5085020365943665,0.7009821936886166,0.38253724459775046,0.36547177533506015,0.24361671270617397,0.36654465816356163,0.34117404868513623,0.4262508857273932,0.32237585105065797,0.5289588139760202,0.47726592972166604,0.34637306133664203,0.14589128139082674,0.2536675656479819,0.31946304742979187,0.34772154113731313,0.34135763708162653,0.29553523963677314,0.6146456966008764,0.15744873876375653,0.6382733946806832,0.31943490871581876,0.6913870453281773,0.48557305124540096,0.5110413774543122
0.16751854329632185,0.18892251260894194,0.631860025709666,0.7622750474111334,0.2244638697798376,0.6913012004145621,0.5464515246321885,0.44034628030395734,0.4284900133829514,0.3122317171876301,0.4486028766089082,0.5348132134654946,0.3666286530136269,0.48628840321706385,0.3188933955061518,0.6306560880427926,0.4683758382006026,0.34729729184390506,0.20928535475335175,0.2038488298218806,0.5492929878924161,0.5521301622153201,0.803962710940484,0.38850091275823107,0.34128439651736014,0.38561906442232585,0.44827794607977284,0.5090150741420697,0.6358667021206876,0.4949988044922977,0.5247147253569187,0.6916860825471809,0.4411126291212746,0.512100617745699,0.39967763457692657,0.715979746900906,0.543126393464952,0.42842560477159625,0.2816729140774196,0.6847694750954111,0.21701492691900098,0.6918873819876196,0.34438648899462976,0.6267505368992864,0.5630832424886204,0.510329096565558
0.21448544186828247,0.16280001817972609,0.7443368658957189,0.6301748145801366,0.23542961678731958,0.6306185237650749,0.5413819213831654,0.4789888463977666,0.5170871902414427,0.29355839360855546,0.49770061194168425,0.7693480285832641,0.4062937611604546,0.44876150265854964,0.3766620492643576,0.7530275356997689,0.516885465037398,0.34419017481184805,0.22275068502495543,0.2182755384618272,0.4605643622246537,0.4612672935077539,0.4538038557095405,0.42786337867738766,0.3673575933133577,0.3220566805609536,0.31349081062152817,0.6038154952539628,0.5596455629385585,0.594802104038521,0.49288957051236226,0.5888194573202701,0.37665819166924275,0.7324083976410665,0.5977371321029802,0.8699394020645124,0.5560843205448571,0.6532053826185251,0.30789082172752824,0.6695526941789491,0.23951045164209805,0.5567694140189496,0.4204786725458392,0.45211903130563524,0.5513462388170995,0.4780245133386378
0.2649921576795149,0.13646799979247884,0.7020787803582826,0.6975564989021612,0.1665141637856079,0.6284266086790699,0.5843502524543426,0.5333923615223048,0.49567637371477324,0.28646607936824353,0.5803628814710101,0.9090142725651273,0.46634074789332314,0.4207036367172688,0.4481257618247953,0.7777057068514239,0.5758661666171666,0.2759173226739952,0.3254855874589122,0.2738839405646886,0.507186962038672,0.446965530058531,0.4556167708293267,0.4276951220087122,0.389753222376858,0.37910025331515623,0.43831113401299804,0.5889024947183417,0.6252571618714556,0.6789728953221361,0.4837226504562828,0.5357829682057825,0.31712954121495707,0.8039956311484318,0.7697051359780559,0.884888910790685,0.6168548757649622,0.2990105678416482,0.3246325184581543,0.7080967787738053,0.2536362475824836,0.6231889524000787,0.4615314565216973,0.49093658296565,0.5729133552748317,0.5888183138254406
0.346255435244651,0.14713584235838226,0.5840369047435466,0.4355011679940341,0.1810796801929475,0.6919933581335763,0.5728559278543631,0.6065780739583666,0.6116989664618697,0.3377556967013022,0.6745896644764415,0.6598653357670599,0.38606475380192684,0.36499398229933816,0.5231965984463635,0.8896897053962666,0.658079628843231,0.3244561841735521,0.3549592675228293,0.25005224975985124,0.48955325037269803,0.5267267123888832,0.45314009496243035,0.48397877469419703,0.36999766275481355,0.5808575927357256,0.38084495654419376,0.5878165348128489,0.660503416679526,0.6538885028007406,0.5130190681885576,0.48967938544055434,0.3644505606204116,0.5734927389243762,0.5764906520833893,0.7102539246084353,0.5490336696695317,0.2895754382380075,0.3958290639889708,0.6984981759536127,0.35043478376518494,0.5692890082324882,0.4882463371576107,0.4972883933931582,0.6938418431461532,0.7367023552592552
0.33123673816534893,0.19263588522002908,0.5079331432161288,0.3608139910528653,0.23880982607772885,0.7217241457719442,0.6662155630025357,0.7507260310383232,0.5447632828268317,0.32332887683286565,0.7542493578870489,0.5338123263124469,0.4217522605597823,0.5463354247076583,0.5568730220544174,0.5610506374770491,0.6791440194312722,0.30490084737735346,0.34980646715916275,0.3119272793725545,0.4539088727713728,0.5239991718854605,0.4603293652080722,0.4990742295941617,0.44397799144025574,0.49592727168248285,0.4157230520287683,0.5424763632478732,0.6920123455591967,0.5849267679640587,0.5618651774740256,0.46656651313220165,0.4803241486626153,0.4963389784978343,0.6213008194405567,0.4672753003989119,0.5597346755555559,0.46602677990895885,0.413278506493551,0.7128525700471854,0.3710117620451452,0.6147461547899432,0.48482101396160837,0.6183727354859696,0.5740702866687964,0.5664730784266614
0.3351695060924857,0.18302185779868246,0.5656440831781441,0.5441453294919761,0.18378627489988214,0.7157803564084374,0.6410627471982346,0.808535066991334,0.4864166717498333,0.3719219528414753,0.7553871183059596,0.6523059124228653,0.42119598251129275,0.49549114663684785,0.5121915121129264,0.4771129466357931,0.6752678323247306,0.3459433978509036,0.47721675397199925,0.25874299173139714,0.5166182847004335,0.5384914564906528,0.4682228299937139,0.4728634989535721,0.4089100235381338,0.3359617367710574,0.32514246165297644,0.5175568745333471,0.6498072278479089,0.662480281604611,0.5711291143313113,0.50234105966878,0.47660336619302623,0.58193389944415,0.8564359382489594,0.5341396543692556,0.544463503135792,0.5672650053297784,0.410449959372555,0.6646252225968612,0.2767811905392462,0.6219528971602533,0.4438015728340684,0.4961520667709488,0.5975790217439186,0.5724361046504715
0.2713606809393498,0.19052018940390592,0.5925202666106748,0.494002497871501,0.22711044174319697,0.7732792168805853,0.6367320631098925,0.661219490036975,0.4897450891920313,0.4210644245766842,0.7413077746858096,0.5916558972820579,0.46001861207272965,0.441202382186518,0.620069722994528,0.5121776738173263,0.6896786404199015,0.2656335121604635,0.3813382656517351,0.29857436121637604,0.5165887088639248,0.5478862726633212,0.40746143545606084,0.4552700402109529,0.4062366984610999,0.40864667984681025,0.36531472959803574,0.7730091456779165,0.5770611500363217,0.6937788348883184,0.6125747294276267,0.5395045960751121,0.5259632133630956,0.6188328184006724,0.9108579009961659,0.7340492281729875,0.5706731232550507,0.5647934095147573,0.36082033646505857,0.6554194220264291,0.31135146454059026,0.5587758157074361,0.46306145540699434,0.5286139027515162,0.5718931278491676,0.5390751524996864
0.2846738289813264,0.43539238486839626,0.5780207807102009,0.6719106779400288,0.250693011322875,0.7865250287665464,0.6283536051756698,0.6028101555284585,0.6002521417402038,0.4037913476598137,0.6252639339557812,0.6282737787349513,0.4890206217598816,0.629603896935677,0.6188250780127227,0.5353615896818914,0.6985531173160132,0.3052430420896521,0.41098918915635363,0.3277111028837517,0.5096675921075099,0.5642173337813153,0.4951969336099995,0.4909013418647642,0.37518660266607284,0.45937187006417873,0.562777221351324,0.6928860202602417,0.6347789973439187,0.6951243389830271,0.7249731830391783,0.6931585606858717,0.42421004168694243,0.6315976829798239,0.6747724530026943,0.6814225693018148,0.5492121408482373,0.5265147575811137,0.3451922087993519,0.6795675797745933,0.2923403649199267,0.6189093124349654,0.4309143793028665,0.5496616414715372,0.5350261795052276,0.6897504595325378
0.3374721710769124,0.6323333430402334,0.47927559486184307,0.65496345971889,0.3637201421209103,0.8028660116584894,0.6763713343872924,0.6165772161733077,0.5645136663304667,0.4612727132232529,0.7329220480949546,0.5260486637158033,0.6538544790478475,0.6486768285177842,0.6565541053230562,0.5855835622358125,0.7729729289022631,0.3334905737248643,0.4325582290641068,0.33622337921340445,0.5479470997529778,0.6727712579574258,0.6739519683141004,0.6046465626555713,0.33450459764183105,0.4791912246184127,0.4962044672025722,0.5829972606214663,0.7079693227613586,0.6159799825468257,0.6964803054065902,0.7564389433819428,0.562496015817629,0.5168879412877183,0.5414057531926517,0.6744112377268738,0.6711877015502464,0.6385535191214458,0.5051040634352565,0.7860000149840846,0.3580142980096035,0.84608666401143,0.4772544988813969,0.730581030699173,0.6891191813968126,0.6971531189308979
0.39573311186357363,0.19336855394112373,0.41293888717318883,0.46402417558093606,0.27972689268092943,0.6504900436218282,0.5923723724848066,0.5488921401851736,0.5838976009969075,0.6204002964374499,0.6212139536195771,0.36063088112944813,0.5592388710381316,0.3302706888261965,0.7275957563364882,0.4884958847086573,0.9671317750812766,0.3210968165059604,0.5794350829789121,0.5380674577291154,0.5740614560967721,0.656408514781106,0.6761105246260932,0.4780920029157224,0.5030827629790646,0.5241219661654091,0.5527996380792238,0.5087967797331563,0.6480338432364797,0.6267322523184672,0.6885721509930196,0.6147940720213273,0.6957025373223565,0.36182857207339914,0.4453313279197193,0.3803478504941022,0.7261002467696801,0.4767154945747169,0.5961278649502959,0.8395328640226406,0.5249536121653959,0.7564726326138205,0.6545550459902544,0.7381016877105144,0.7737775123956011,0.6244461018154454
0.5365628272198089,0.20950050294491118,0.3595851680720399,0.42331555828609985,0.20113521988609714,0.6088109119928875,0.5030785498805841,0.5713464840049094,0.4919838911214468,0.7068943258957597,0.5588845571948118,0.3156722053959229,0.7495465110838615,0.3728955155153401,0.7282637129187282,0.3954633694022331,0.8878873039713594,0.33045034347051583,0.6536098974414764,0.6035129381056634,0.801701457758892,0.7189070101123393,0.5255814602851203,0.2989143501380017,0.6640643678956524,0.5914293100520153,0.666927963168334,0.4668613772882684,0.532608160380809,0.565386148478539,0.7195268339957018,0.620649342244598,0.6176699552627132,0.3696995848269715,0.41882483812567023,0.31049419029928704,0.4653585778764663,0.43806313108804645,0.5896518422583901,0.870939512220837,0.47826697096636955,0.6066622068294213,0.7027413052188,0.6640168065929896,0.7194857295227565,0.4046515244519203
0.48788097055032736,0.2633535877695169,0.3791316666637546,0.36377255694460164,0.16117588095920818,0.6361026818687862,0.511969601478659,0.635952391780732,0.5653759287250143,0.7577072025581217,0.5841280298434608,0.36749693818121115,0.785211698142842,0.40525319111642316,0.7444362377387661,0.3339863424610578,0.920490185987822,0.4413365246031013,0.5580856859214833,0.5410171581005954,0.8369238425271105,0.7658051534406325,0.3904172396035285,0.3221553910838566,0.6750497355721836,0.5502576732498722,0.7088670132892021,0.4584841391290665,0.5355809113511986,0.6181429432411275,0.7089592375614953,0.6410967469664587,0.47276524105385853,0.39353267126750296,0.4371117637973181,0.32917386989863506,0.4359032936478884,0.3411309627279153,0.6457263710208243,0.86793981953368,0.3667246969207098,0.6729902253590768,0.6672753829307789,0.7389180308256444,0.6878760220452768,0.268870332617028
0.5264629264936926,0.13590393609206813,0.3809280983836522,0.30045641618442426,0.15990204491493507,0.5324163947474915,0.6684512892812834,0.5069479403921818,0.3985061967937883,0.8217796221393715,0.4781879062101353,0.32083198501274734,0.6689434779594146,0.3832687665363077,0.547886514630435,0.22092130170254556,0.7076251816179285,0.32835563623011893,0.5289110543416343,0.5048584285285771,0.8329976207715221,0.6916341074675862,0.42657567483677983,0.2887670150448499,0.545537181613695,0.45961223378561783,0.833201801967821,0.5127215601109458,0.4234620688939049,0.5307144449486435,0.6994207654487404,0.5826744172581612,0.5053659995477582,0.31762366769074524,0.4224293848266915,0.358573888715989,0.3934291762804911,0.4806309890354002,0.5456356822225388,0.8709816966602697,0.25637782797243847,0.5489222593237622,0.6075450574378551,0.7751371925310441,0.5585703297913541,0.24763771073342483
0.22320440022724822,0.1684047319776447,0.42786045407096884,0.42097297348169943,0.06576942493921395,0.3711111511420014,0.5961286114055331,0.40684124955137574,0.2579462902981978,0.7868449997520308,0.4559749033899362,0.2586588049323367,0.4358155994902817,0.29473214775902784,0.3851898242761686,0.1967360293802296,0.5658836354155352,0.3049826780963638,0.47579732210144854,0.4646315085078295,0.8842173685651188,0.6945149458941295,0.3039040152973783,0.22006924722751392,0.5143774530692137,0.4145284595963375,0.840665523298369,0.40067759365506694,0.3501218253650188,0.3267363349868008,0.6443889838669415,0.5807814621937134,0.47285803431343787,0.19377327037903044,0.39162519216252756,0.4059203700571897,0.2740102672037549,0.3756985275914223,0.47939299053165646,0.812760808828873,0.21318536541010727,0.6303319156339553,0.5123955495885769,0.6940069923135013,0.5215752587190494,0.15595756638439176
0.16178919162132463,0.11102714430812358,0.35178804961752835,0.3536217760020466,0.051639269104013466,0.2864035436253553,0.6383425474318127,0.3373759620199566,0.17947395508620914,0.707696534781839,0.35889961743550763,0.19900713259357675,0.3050390021205856,0.28413601700602453,0.2818308752140136,0.11719385871303778,0.3805173593008407,0.3030275464164655,0.47834197600085726,0.4243812764542507,0.7806140717962166,0.7410691455397065,0.23152796177942084,0.26073181826215547,0.4804188138346863,0.2867139685185073,0.8902038783113104,0.3479270531518882,0.29572712566289305,0.24826130287336012,0.5545252921437078,0.5226852629114643,0.3555459322320256,0.1030290646618887,0.3842675419769712,0.3566272946784406,0.27578288978536625,0.26436016862372386,0.39858003628358135,0.8127951250692366,0.15446591276305932,0.4635205728693314,0.42144446945243996,0.6456990653744525,0.504393225108279,0.1984912315774381
0.13062877228776984,0.10641590768527649,0.2581456126770567,0.3114292192405062,0.08813247547788725,0.2162161524431619,0.665966890256403,0.2552404717442745,0.1277815179207351,0.6098014282329663,0.3317905119787709,0.12590975553644512,0.24375016039483807,0.2360424050317138,0.22776182396039113,0.0963246038594485,0.25684863764732735,0.3025994835127169,0.37490127759026354,0.31169714762632456,0.6474610045876146,0.681505773972205,0.18924410389681118,0.2268654386266675,0.41075637597853093,0.16846130552022248,0.6535379413930468,0.32222485702067327,0.31913739458478574,0.1923529430523773,0.5340416641057881,0.33653691100296534,0.270716662509927,0.09204121913892924,0.2830824732963887,0.2950234025859134,0.11924927173000918,0.3395164043990953,0.36122196653688093,0.5907982519359607,0.08985282439619463,0.3524220919484833,0.37034615021384987,0.5700467720564542,0.4566399328043085,0.19271676769261
0.09421726300388027,0.03208945811055272,0.16671696187847612,0.24094516647580416,0.06683503498064863,0.1681179114126479,0.5804992053993238,0.19963988763667964,0.15768341884844966,0.46180822700364416,0.27024092621981327,0.11007210156240324,0.2132676592638768,0.16600706218247263,0.18162091015825868,0.10592282086321314,0.19162422792337486,0.23817163730518137,0.2533099660082659,0.3007642781928594,0.5605404568244171,0.6094312795037591,0.17868787018059665,0.12796998587846528,0.3083466420840729,0.12497831403291144,0.6400696984709525,0.27623670172609227,0.27848685011711616,0.18166347050037712,0.40807402412438415,0.26640014820233776,0.20421076013500564,0.03856888086714032,0.19165671270494844,0.1908795629526866,0.15900115940461185,0.15514532073371007,0.29058899766067076,0.4951593528174057,0.09452336915144521,0.26847407284927616,0.2948337206887122,0.4729554061733431,0.3556045993000336,0.1338254710315129
0.03429022189398738,0.05198174576913865,0.12385526021597835,0.1519493849963624,0.03588814387186466,0.14352420696231954,0.4032334771197337,0.21665179600771733,0.13807797195241492,0.3534344478648968,0.1955710740746457,0.07591236314809952,0.21718853887719894,0.1310274947475831,0.14109302430000106,0.07674297029165619,0.13414188094693555,0.24880125590819369,0.15654139122356409,0.23389573465098581,0.47450846235270205,0.4401137348872648,0.14381772109080695,0.07037600258028665,0.23205610213502645,0.08401334103746583,0.5034738113531889,0.23667011486505132,0.2888973535429058,0.15936906297594497,0.3668384957039256,0.24466520770472516,0.23516763198223636,0.04842363996842816,0.1380000583283198,0.1355035972552347,0.0658289304613287,0.05074624203717225,0.24355720794148097,0.3706316233042387,0.03361658019455067,0.2253180551024499,0.2465966851302094,0.37848627438746996,0.28962382742492127,0.10201966278983632
0.04530234089133181,0.0536043798787013,0.12068942203023277,0.136662598885623,0.028682994848452284,0.09812901880925459,0.22334948392372952,0.14181695894840846,0.11564350895767633,0.2883198125018335,0.18628980300438577,0.08119510454212409,0.141833053266259,0.08747841389789704,0.15800215101957382,0.05298051618363315,0.10360333139293654,0.15551286704315237,0.13804164836058191,0.2297158588436589,0.4167632001039454,0.4095468591602856,0.07182625241532262,0.09655829254867021,0.18710853945572714,0.13290552697192082,0.4162975284421811,0.15245410460887962,0.20823420279932264,0.10182776276136925,0.3005886126736968,0.18792955340226647,0.2165915802614707,0.030753628545975072,0.11057756700284986,0.15521464059497886,0.08734291563372254,0.058497382715835086,0.17309362011142318,0.3663955406304945,0.018436890873346476,0.1427494627783972,0.2066099172629957,0.2872565681703396,0.24589621713685772,0.08319103747856457
0.025021922114023844,0.07787271901613434,0.11734699453242405,0.021181066803260734,0.06498992022603729,0.12990731537934908,0.2071456067303795,0.10556693021274097,0.04536057782361321,0.2513939919588281,0.16536363075126578,0.07784663864115252,0.15536108997057826,0.1316899237570563,0.1629005163387579,0.04759606908679687,0.09684657015304862,0.09508085240956686,0.10662735650881752,0.23283567613874775,0.33652673067583916,0.31570959090274053,0.0846035994583065,0.09159801040891132,0.17034850967490808,0.12084478700787084,0.28939420466195964,0.11761869028975008,0.2326737427033103,0.1000085480546841,0.24991686102890487,0.14083344636176195,0.16516935325388588,0.039360445314613704,0.1369970373342525,0.11959765754670078,0.06991585291360232,0.13425945538901368,0.15209497550591827,0.3504682453501899,0.05501936729848727,0.10754760585514106,0.15764315625162917,0.3235148756614177,0.21145355287089246,0.0800209732037491
0.018326394985117834,0.06925061199900685,0.12349169435622552,0.04614915210041741,0.004190097105440785,0.1400918698565767,0.2153809790363678,0.11288936449786396,0.009762323690081884,0.2003394842026831,0.12161815536886328,0.05320483886629337,0.1758790228732307,0.12059123654745646,0.1626336247243723,0.06682945984336669,0.09582952689592905,0.1122422581221927,0.0741943389239241,0.19638760232262542,0.3170254330110814,0.2554142797755475,0.08065539540470193,0.15131700034076395,0.1849446358658013,0.07788813659495178,0.40087747929933076,0.17159339103324647,0.2309842152799594,0.10510991810519725,0.2635467291133378,0.15654038244033266,0.2113018998667379,0.05230436098974475,0.11372293892826739,0.154244678414672,0.06738699100906191,0.011728974955690682,0.15164034296374368,0.2561393886597154,0.03439206980730863,0.18042258624584176,0.17399178662011888,0.22716686638024444,0.2311595697436904,0.07786201408436641
0.0372042768606739,0.06850761684070622,0.10715860601278708,0.032549963516689456,0.07187133098938232,0.11663023573453231,0.17118090748657758,0.1393153730660129,0.01809980520287209,0.24733529848037855,0.162034674088169,0.06911326133585818,0.11041713276270537,0.1319189377192969,0.13479231597081018,0.08196380923189522,0.08973361724013228,0.165946016092893,0.10121035870114625,0.1905378853307319,0.34003316014080087,0.28888758151460536,0.07516751553530632,0.17146828170797268,0.19333495395759803,0.13434730264311373,0.28186488719893327,0.15388820848235826,0.3081308103038287,0.10196463236052004,0.2507085801855132,0.16821301222454949,0.19031382641000635,0.04720017753479391,0.12946243605231456,0.17841720663075927,0.05127170748100521,0.0433750919027656,0.13515508927727493,0.32889866602842643,0.028589607903393092,0.17089398544050974,0.16089774557508635,0.22082031660391518,0.22058235076644772,0.11404761344420544
0.05059197352453294,0.08935314342757525,0.1286824567182135,0.1475757896547522,0.034777695418170246,0.22818014623648564,0.23002060514254344,0.15837382290277938,0.11349771905987102,0.3434068511546089,0.16828408341978005,0.09245685225092376,0.1857030743297835,0.16550935781027606,0.15753612823658736,0.11868107441938058,0.19145274172289622,0.14800947584459911,0.16969738984848193,0.19474785510827092,0.39320435232743767,0.35993700514198357,0.2049899332685485,0.20106884350704077,0.26993170146790374,0.1767683037623889,0.41560750290431714,0.19028963889529246,0.3628101627594772,0.1449935169070615,0.3408368507222883,0.21012720176374247,0.1576891509825036,0.052996894921525387,0.16437220027654736,0.24225325647403656,0.1265838324822842,0.0868895089558487,0.2071802933474923,0.4392773243075282,0.0475801736821501,0.3282438043645185,0.22318251799384473,0.37405545341426527,0.3204171165240893,0.127976566108677
0.19669344544046666,0.20240135682718088,0.30670834907270517,0.4099308839184499,0.2325038818837082,0.47052830829906295,0.39525509877748366,0.26850709339000167,0.23331510310387363,0.4024254685955564,0.3506228550912937,0.22274069244034678,0.3365742337402953,0.33032343757965404,0.2910659796332306,0.2524402487779545,0.5218150670593027,0.2438500176782808,0.26762400319703294,0.22916553571895973,0.5497470129155116,0.5879587687764258,0.6501727200550709,0.39714446806076886,0.34423909125984026,0.29138064915209133,0.5458065011143992,0.3370158061056776,0.5182877748708973,0.2522386135786419,0.5715347000995058,0.5288613256928162,0.2811872435636589,0.12292969467488761,0.2718558928542997,0.3626643973322349,0.3385825963181205,0.2347343845748,0.25880699031779325,0.5974756352775545,0.16835585171117298,0.6782272840710881,0.32861373086608076,0.6421024577208732,0.4707009247726639,0.4583714584585743
0.16084082345936287,0.23693953268349724,0.5639956470512817,0.6438239632778213,0.21640477338457195,0.619903310223748,0.48226437361885405,0.4351721715746496,0.36458600194687607,0.36811477988207697,0.46170574018965704,0.5234719528273073,0.3362245431223349,0.3807447692794574,0.3292530989673275,0.4656611466055125,0.5681850729960705,0.3303030862991283,0.2891687693316153,0.23853576152219222,0.4917007025035278,0.6053916049412468,0.5804079002516485,0.5129469543998706,0.4210294190807763,0.3080136565378067,0.572857508521204,0.4622021294990849,0.6046295376498895,0.4585938856615612,0.6321699481860397,0.6464937791103846,0.3696111052474048,0.4337865167872115,0.38105894404945756,0.6288343878580983,0.5560797882934907,0.4221166777765098,0.2775134002464491,0.6153037791779925,0.21710559478053815,0.7467950712602563,0.3645731283058398,0.5522299136176086,0.5949194469634442,0.4207255129919124
0.19264352479033783,0.12034313457386667,0.7340037562011327,0.6229948638910603,0.17774507638351203,0.5019464255876624,0.41286213036263164,0.4391742974445796,0.3092244576876414,0.3486683271285045,0.44563434864826934,0.730611655042005,0.3706002493431955,0.380920931514418,0.2886403633679094,0.4658222520592956,0.5849197607016309,0.23362337257140242,0.35746859046941776,0.2925753535148492,0.41564624104875697,0.43272908456615067,0.4421970887077261,0.4783016749629435,0.436408663748314,0.3597629463141804,0.4064197262167213,0.6365163065507948,0.5864649804952404,0.5640875888339302,0.5191040922048962,0.5271237388333622,0.33311536668868336,0.45322359311567667,0.5002709333396939,0.9075555256505718,0.441775715333408,0.31965927069510924,0.2731521933556558,0.7194739050158913,0.21582526588677484,0.5966082105389772,0.3364798001876477,0.3775042938708737,0.5213450803345362,0.5604113308458402
0.21561150622919242,0.13902957012571943,0.6895532470183768,0.5603022717501254,0.17326189661361263,0.5467528431427315,0.45429129375036986,0.48392058048887887,0.40184438415944373,0.4017611737210727,0.5247262263941941,0.6551905162201459,0.3761945288551832,0.3187535234347869,0.2893369298515811,0.6023879260064037,0.5980870782966299,0.2930710233788463,0.34895623039007123,0.283534484092136,0.42172230419120016,0.43805105361209956,0.4132575120180836,0.5768572561618782,0.4359828823479016,0.36310699044282313,0.5298339455962294,0.5814519383985037,0.590777621477772,0.5818117622681046,0.5296821470157995,0.48013078263584985,0.3461402230647437,0.46915809133511416,0.5825952245950718,0.8439919592633413,0.42290917660499505,0.279698197779797,0.2956081365617963,0.5675766637335433,0.24925204953058372,0.5627752978046129,0.3936986010660206,0.38412372300134523,0.578634253755057,0.6022448374523376
0.2603410881300599,0.12408311332675331,0.5299933425401325,0.4830144410078146,0.18123501401316208,0.5607889546408735,0.460713773314896,0.5043750372163492,0.5303334372769508,0.42933787836501597,0.5608058605609968,0.6311765251435854,0.375411874355028,0.39450325816921705,0.3854952133191579,0.7967811072523234,0.5970767375460999,0.31494680534552505,0.33660283095184507,0.35773847752340493,0.37932953756443205,0.4567699229815377,0.378757839909751,0.4867188396675136,0.44419362362786435,0.4737024963207792,0.4506329524089901,0.5024557944441765,0.5764110261301362,0.5653336988275327,0.5487514421367657,0.46259966553914666,0.45987682355950243,0.4217821005219898,0.586510421442764,0.7301055220355879,0.3657242971784955,0.1943764490028762,0.3535368363465734,0.5776032318816537,0.31699783915254093,0.5606969663843733,0.44853409707990133,0.46175776140620317,0.6287340723060307,0.8744063193413008
0.31714861207987927,0.12415161269961503,0.4788180689890435,0.4788030078184555,0.14006780465085036,0.5496249935956967,0.5559134375011769,0.5745421847363779,0.512533618643737,0.38936183222412685,0.5699764539872737,0.42567276938899123,0.38939867297767045,0.4833556169664563,0.4626188222274162,0.536668894217688,0.6516405923674531,0.3009180010980483,0.4871629528040542,0.37077322560158316,0.42235932734795617,0.5715066630353234,0.41108059410123265,0.4340941062006004,0.384978301144052,0.587666183235358,0.47523621742483296,0.6014885134043738,0.6443831178284113,0.5196287401688146,0.5462615787295961,0.40586310594382136,0.4196426381871081,0.37976136975116104,0.5727563875929973,0.5029238604264635,0.39557287474688696,0.20576221847396564,0.42318862952804315,0.5142548891630074,0.3030415401790941,0.5948636979683259,0.45938979213619485,0.5420382888710776,0.530451025548406,0.7183412373814503
0.34146883462872424,0.11590313011185652,0.5041953507508414,0.39876567218066755,0.16076439855883903,0.6126587520917693,0.5631641333199103,0.5568893866930034,0.518305689287134,0.3775709397151758,0.5331823224420544,0.5012662750306625,0.3813325033380109,0.38424665710765593,0.42752107804908457,0.5068481557573091,0.6701646617981223,0.25124537009920905,0.4256449040414055,0.35817911742562464,0.43811154711703126,0.46122341897908287,0.45367633518994843,0.45016886495384395,0.32914384665762253,0.4317735959797075,0.39120583941940945,0.664344090487793,0.5149788714914879,0.5360660924716052,0.5663307996186819,0.4702298072142641,0.43952341913585835,0.49078544198252166,0.7341718782364782,0.6224858023716501,0.4479344590703681,0.30364986575111896,0.3885634650707611,0.5127552019715967,0.26168664701990446,0.5501537335073412,0.40505395807929273,0.39657453470976956,0.46297609637476,0.6383388688209664
0.278793570612489,0.14498342805983075,0.5266930044340572,0.4940982869221658,0.19144180493439394,0.6259449269425552,0.49966913979362143,0.5370085404763524,0.4831321765766995,0.39508640865719785,0.538787353539148,0.4826937198114444,0.38187728913261226,0.4327330712042533,0.45834835468490925,0.6588690861492669,0.6125623805263768,0.28093532909613883,0.36676441166617385,0.3532814556555504,0.4585519045655593,0.33442516016260193,0.40521009576406974,0.49196803638176945,0.35543510576808907,0.38392314101584935,0.36965648028366827,0.7072863588295465,0.5204259051296446,0.5994852070859491,0.5720614433052895,0.5338141017882273,0.4404844529482821,0.5061180195944417,0.6391564565477539,0.6957060098432993,0.4330699340004224,0.33807205778779165,0.4004228699191433,0.5842614812893784,0.2800117378615506,0.586710249904474,0.37844275609298117,0.42229917784082893,0.506060235581227,0.6086117642682981
0.30397118681038754,0.4414152983917828,0.5231522011903229,0.7421667142561967,0.2661077483246659,0.6679444593778138,0.49271645900652344,0.4769744819633275,0.4223189726025917,0.41968728214329903,0.5458476537792397,0.48159039260693415,0.3897712754170929,0.5023788800969169,0.42984753455823077,0.7203814065402139,0.5993913193433552,0.3340681126398416,0.4414011072051134,0.34149020092295324,0.4800918558566851,0.4774892144666348,0.5022203927344117,0.5674727776359665,0.34951121432793936,0.45447619478781104,0.36764685108827844,0.7198017437511223,0.5314733016546386,0.5997736246925847,0.6762528846420268,0.6688993284591179,0.42067010311762576,0.5172157495021639,0.640110354925201,0.7012934536575655,0.5262074501429651,0.48085688428452605,0.37839717441473514,0.6443019965017132,0.3064943227990274,0.6305891446920362,0.434375979665109,0.4225689301637666,0.5537831936837557,0.6413762014810178
0.4418229567604461,0.5749448656239783,0.47387532983495556,0.6260003509134946,0.3430356167683162,0.6790793468996925,0.48765710522214184,0.5781212473231429,0.47191894222470726,0.4554180477354044,0.6982888970462252,0.41014566704732197,0.6042192472090652,0.4763206554099472,0.5262581564140033,0.6858967671824301,0.6638159454563611,0.2987073246306203,0.46593011674846263,0.381769012364279,0.5980046618478145,0.5773529194079857,0.6096601550657177,0.6242053571155786,0.409251571560798,0.4597482749517092,0.4611914232090802,0.7409681383069343,0.6532454973012943,0.6216280935084472,0.7334352625746875,0.6906023878583777,0.5210772523601989,0.49599162183767537,0.555396470880276,0.5813791119792968,0.6340716199195094,0.5489096944490581,0.4787782503559525,0.7045487145863075,0.336186414672772,0.748432936016154,0.47059117207669593,0.7096456916517748,0.6601333334634749,0.6763300788469747
0.41605641130302967,0.20369854223310424,0.4450286311250407,0.4919328269564141,0.30545422548676104,0.6717548397283654,0.5974558214803453,0.5226582356419506,0.676622425574022,0.6610577491886779,0.5443002870206659,0.3889681485023445,0.5659314785973808,0.29850386520279526,0.7270197127172071,0.5081941647782899,0.7930696625376775,0.3557493364263971,0.6872725964704207,0.43978917840255577,0.6220667075435987,0.6124667684616683,0.6744142999712845,0.5003097678830203,0.4539070407764641,0.5001367371530085,0.4860894986354681,0.5177944408581813,0.5222697197401812,0.5977161342629214,0.7355941628283418,0.6563822911152571,0.643420477625689,0.366871644740683,0.4179267840639722,0.32731418607475576,0.7140912202792209,0.6864453940162278,0.6162108624169195,0.6626647873137248,0.5456890793023945,0.7411070773137531,0.5956120135878548,0.7249779671672947,0.7807866693208999,0.5874536056621462
0.4438462003194096,0.1646019474163015,0.36188556579038633,0.4605134938366308,0.20868544728121355,0.5405595887222746,0.5620694860492921,0.5463054379352965,0.5639806260012307,0.7087455353291399,0.4412933961019462,0.3235679759875572,0.6585199965375825,0.33785626306648847,0.6424430297158653,0.3174779202545021,0.7034250315359395,0.29910934441014025,0.6297259158503862,0.5156464796934979,0.733966178687155,0.6796129793007345,0.40107025548473985,0.3625081710918383,0.5679254168553232,0.4992713072347913,0.5672214885145708,0.4682997074960833,0.4660631139029279,0.5581056002354273,0.7540970193674537,0.6492582378104187,0.48948694843808516,0.2676847732165762,0.4466360604171545,0.36693098019141085,0.3194516229299251,0.34849236441223774,0.5971586095633263,0.7408109793891574,0.4687946153836799,0.6128703104377888,0.5930743386634417,0.7057477570797495,0.7139972314363409,0.3571668543285652
0.42762949656649657,0.2205399796986178,0.4440254560382438,0.47686749572337345,0.17458633918130362,0.5443861025543388,0.6820130160051988,0.5139177866903964,0.5720397883498826,0.8030538273161383,0.4683305448412132,0.35750296741449283,0.5814884473483779,0.32099350592123627,0.6607328132266305,0.22490235382959312,0.751866148527151,0.39568088356747955,0.6554491130016151,0.5080717935607725,0.7354170230990037,0.7442544014628312,0.37575788328362236,0.3514558275002861,0.5120560252490886,0.5367249128487518,0.5085900636576194,0.5994460944239914,0.48982353511102805,0.5507018636344888,0.6580249093274109,0.6257430658885393,0.5319382649583607,0.25868472254749497,0.44556188430226057,0.3228883885398402,0.329554174685332,0.37916020318915306,0.6471709071200472,0.7770113516295897,0.35394801234674006,0.6585080428168749,0.511173184842913,0.7206071653270023,0.6656883355495089,0.25722630883526504
0.44008548519632157,0.15778537135096873,0.4576468018886413,0.5260386981588859,0.13065480902087187,0.4284612374190235,0.7621892961638369,0.4543097069547017,0.459806605236239,0.7821517626541664,0.43268340945886724,0.3008125891833669,0.5056574126116384,0.33988218551533295,0.6002668445546068,0.20565651739810667,0.6167448186668795,0.3093295041444991,0.5704062719664186,0.5595511383937609,0.780643843632979,0.7620437591176504,0.374497780757156,0.34425521449091356,0.5624964883327218,0.4389834650959071,0.5660448264917105,0.5871464632938826,0.4588001394181015,0.4768429446136928,0.6566594215882554,0.5760900324984504,0.6161884771379098,0.22507645095675594,0.4133007844876679,0.30122014197230584,0.3070957670705141,0.49963468083377344,0.5688082180233269,0.7071416006478729,0.2605566724860146,0.6074085062568603,0.48011551941691794,0.6609094858828752,0.6072014471432255,0.2515640202101016
0.25031312198281647,0.11181162426227237,0.383497004998941,0.32439736024202087,0.09599218644803195,0.3266980195591949,0.786786177012881,0.38446384905106046,0.23407238470748,0.7403081396842882,0.369800759389749,0.2609648017341339,0.4379242828923787,0.3472751334613191,0.4625146899404481,0.19508033823455176,0.44919231868781817,0.3778386394549403,0.49588215202314756,0.4741328251118811,0.8083557396667491,0.8150753950572696,0.30045240535215345,0.2515575858826098,0.5426758170770126,0.48670873227298306,0.71708414536869,0.43976689470107966,0.40831610693262044,0.3574819023215051,0.6752893117532041,0.5842770898579176,0.4919749169319725,0.18862801072325555,0.3353105600144718,0.34436471662458557,0.20665672723854303,0.4719397013661146,0.4807333400670845,0.7263413010318895,0.20207121959392474,0.5688672049342655,0.4596678893292908,0.6575295531563564,0.547619008717869,0.21810191774649068
0.1476508421464369,0.08340612442559354,0.30309745023722945,0.41590147821071843,0.09127977045861724,0.28270307301081177,0.7265021709407633,0.3059300668823009,0.20970657804865608,0.7196511406546745,0.32301211251310735,0.190180751129108,0.3203398991838216,0.30621816556909676,0.34934988398743416,0.12375416524473065,0.33032708729705296,0.36651050017506215,0.4080472440738856,0.4106721956909767,0.7545422205256269,0.90699532610134,0.19104318185226254,0.22304811111506165,0.513622223711348,0.36027359596989067,0.6801773113045365,0.3806150631181492,0.32667100832796636,0.30399467830268134,0.6408127916394246,0.5097790747473657,0.4246468626337485,0.13218578662017888,0.30721946839072284,0.3271292217396202,0.20319549490728447,0.40699515325553576,0.4427483385200937,0.657552365109743,0.1544862071862519,0.4725576444761385,0.43407612456504086,0.5609464950930637,0.5135578505270096,0.20965572360848383
0.023122107140255383,0.050899034807001156,0.0023139775881483166,0.08628534324251803,0.04866128823988511,0.01584736349590248,0.01603205680963949,0.011257639148536953,0.0157876389280205,0.0,0.008151953961744157,0.010253763537778585,0.0,0.034777313585299195,0.013235864932468701,0.0,0.013380374095279797,0.0,0.0383628247881983,0.012098328483999391,0.0,0.011222233325155116,0.028634509256398294,0.023340528353200714,0.009263609265335742,0.032459696576188635,0.0866035732292626,0.03190977545264677,0.0,0.00853666332661572,0.0,0.012471534766131227,0.00381092383710762,0.0,0.007534509839590531,0.0,0.015024386042649586,0.04923836233515637,0.0,0.010855446340020992,0.017186105997318006,0.03510918266612662,0.015474560317501662,0.01899985404035895,0.010524402447067135,0.02576684631894844
0.12537001445000406,0.01615465894623926,0.1166597328219224,0.14533656384822863,0.08092132349203479,0.20458926507116762,0.5433062250397909,0.20468410494375885,0.14515474544739268,0.47570886981191085,0.19599317151442905,0.08753369236731895,0.2921401984843272,0.19319747244009852,0.23929635913753827,0.08309378715359342,0.1622440148473745,0.23166714670988164,0.32854073718513355,0.2845387147995443,0.5787616923462554,0.4034942252386347,0.11982481429647823,0.16178917639526877,0.31505974704180567,0.17907168835246146,0.5402626901024505,0.20130438495055183,0.2552554540362407,0.163199635439535,0.4486641928471967,0.2372444539594155,0.24022040174502493,0.05042551339544696,0.18767577859408563,0.19945494809525388,0.11400421776718589,0.1364173390056394,0.25048694304021346,0.3806336196044082,0.07713219740594249,0.25408287673607,0.3403341036270143,0.42115081410345734,0.342229614037743,0.17365929246881856
0.071907584411089,0.046842216534773135,0.09173730843761742,0.1325514109585464,0.040977514737003576,0.15594829410922365,0.3186053531430335,0.1816611432094986,0.0993530001623642,0.41672160383370055,0.17727707665760586,0.05184557718310193,0.19776256520951402,0.1752172348954003,0.21784977123394025,0.07320333076803051,0.11328025896589199,0.2392024017503463,0.2127222557767029,0.247888110154008,0.4481621251260973,0.3586509336994332,0.11851520806574348,0.11854738702767807,0.24770153422074134,0.09533367331997632,0.5899294514274261,0.20143650597271662,0.23820009582017135,0.1603950652933344,0.35962999686751507,0.21777396813332767,0.13736903726408647,0.05020041105502129,0.17724657132285432,0.17059238925548942,0.11450410441870476,0.11872204005159555,0.2025900152476965,0.312399274353828,0.052316834152200946,0.19174924201251697,0.25211089750965227,0.4414315671387392,0.2921004165354922,0.1298343277176794
0.09782955831557204,0.031262459237253876,0.10371828388488451,0.1415283292977194,0.12602837977663575,0.14254077549662697,0.23720200206116357,0.11903625191212627,0.08386228353960384,0.3007171534469548,0.16791442291429104,0.06496118597751929,0.19485508824809072,0.12783743386720436,0.1649158383957921,0.05436954214517473,0.1119216543709662,0.13251685003395047,0.20031547150618467,0.25255772245870656,0.42437660801306853,0.27308660076961644,0.0759420418633175,0.09596809771243414,0.2286107046474423,0.08448770792501474,0.47272614665883633,0.1410936123829745,0.16536743126052342,0.11556428308341897,0.3053906746627495,0.1658195734979758,0.14541945727206732,0.05969682913201005,0.12160218433665089,0.11665202994084121,0.09431578160794032,0.12925521825314495,0.14597144144509347,0.3568498485611597,0.041292632389720314,0.16467211595295023,0.20454351414756225,0.35466665312175194,0.2305419672749619,0.09006232330662131
0.040079930918779524,0.03659169090073082,0.08480759231970199,0.12721869874007685,0.061754991222192565,0.13877407221648036,0.19928408101977382,0.11923798825910042,0.016202636056768548,0.29235597861901974,0.16449163390749902,0.044136673203599146,0.16488287268042484,0.08864353799242136,0.15320411649610957,0.042321670004933316,0.07995381234829399,0.1886059301406729,0.1809735172299724,0.1961469039436215,0.3953903772263609,0.18405513896757508,0.0746515055344556,0.10504984478434752,0.20033295376243432,0.07105384017277622,0.39478920162846065,0.13322704627749257,0.14923972120476486,0.09884981952060372,0.2576944254797682,0.1462810268763169,0.1467099083998819,0.05418191759622394,0.10825750720976111,0.11553862151538404,0.0879413524549656,0.08660536213713059,0.09965003416769491,0.3094765037652242,0.04131958968818534,0.1425570904751778,0.17015111986237696,0.273410376099681,0.2043723117535084,0.09358823929887367
0.05238446595236848,0.02466473406105155,0.08578686720742125,0.06770519934213888,0.08110797630469947,0.12707530597569713,0.23182417178847384,0.13911693841071132,0.01911576300838106,0.19102793929068354,0.13504925515712948,0.058098609242546624,0.16156394796390477,0.16800905376354305,0.1506400263432957,0.04710454379806959,0.07014344026211114,0.1936699189041926,0.14919598225731198,0.19889137190122855,0.4555969112104034,0.1898285257817842,0.08285331374584941,0.11012456950357476,0.22403652235869528,0.1270003678280605,0.6259162825819682,0.16281162715226907,0.16229062174345987,0.1128825632206144,0.2619844120594521,0.11655548831181448,0.07347934694631132,0.040836226503932926,0.08400914140098044,0.10162639319119922,0.04041491289029704,0.16382489729505334,0.14318192386336095,0.20006691617493372,0.05968537531573211,0.17064041859323661,0.19727589488849648,0.22110618948185454,0.2686043327419782,0.1907577325711811
0.02929301215864716,0.03834407550222042,0.07105499717170964,0.11194943858948216,0.05893366181446927,0.1398442284373373,0.15831892052793742,0.10822140829207222,0.017937270018550736,0.276544637495132,0.14742493577236385,0.08069730880586531,0.21058685425113535,0.14826826948250746,0.1613190002374129,0.052202505362442926,0.11623931917572151,0.16192091779219003,0.1566257907119368,0.2168183114480743,0.41824562447832647,0.20062638703912697,0.0886440428040185,0.13482263796416533,0.20254410258637331,0.1681027859819434,0.6082640890626425,0.16947142133238632,0.15991088751394827,0.07918281986914903,0.2932119935367244,0.1457102881851229,0.11010098166679003,0.06597354677822558,0.11951208039867177,0.16780482309639583,0.07194228900829516,0.14462870309324688,0.13623421412515627,0.3073430006215836,0.053945297349909806,0.1901549132437759,0.17274066563415716,0.2891083744172771,0.24804468210466263,0.13035475270086527
0.07771651776154663,0.052519148469942226,0.14699784420864326,0.19867671292209405,0.03176549547981819,0.21825111540731948,0.22321106313498354,0.14592111248749004,0.05871725187418606,0.3204109738133449,0.18307163648059982,0.08341085039132101,0.2132228460468128,0.2114927049472458,0.16718075325866266,0.1038850494262536,0.19702636878350094,0.2224039158988262,0.16791772131836663,0.2781216308020231,0.5238344371017815,0.3144737472470461,0.22937664360586088,0.2365621453926087,0.3065113751772633,0.16556453915067337,0.3651782092574653,0.23360517733140476,0.20868108879166747,0.15445830335257055,0.34274981614735905,0.2302548521902349,0.13268341564047778,0.06257056348280997,0.1482996322222574,0.16214643234646564,0.10605250864727273,0.021178684599986994,0.18016805517504572,0.4412770674221038,0.0919172537778184,0.2841489055978909,0.22760783093548453,0.35880784910027597,0.2943024409705636,0.14336544108008362
0.19674104009746454,0.2434025303225079,0.26664657059831665,0.4189065010211004,0.28877741586415917,0.4475254945081112,0.39212418756450723,0.2521232998618316,0.21076580249215993,0.3461587180449506,0.41806846687692395,0.24284954197552325,0.4115052263555357,0.2908696922780611,0.3484551946138251,0.2621430154884219,0.48588686606361065,0.31024946112310253,0.2707262001485741,0.34808229910678573,0.6275054018498947,0.553140468912563,0.6421962354828245,0.431882106361713,0.39246371343668884,0.27020114949224044,0.4414129331361953,0.35324941307661495,0.35706435680457793,0.2956464280176101,0.5464897214716211,0.49957416725120396,0.30686756464133025,0.12867421492894734,0.21661339639811888,0.3004144451347986,0.31270050757328105,0.4211521034154874,0.2561030385199824,0.6436658771006232,0.1684810709563701,0.7987110222295492,0.3312307971175848,0.6136435273058184,0.4460430547726492,0.4554939249720118
0.19332287238906612,0.21392051673138351,0.5860141170293902,0.5797147960918142,0.26525084726920456,0.5699185960601346,0.44289310203845655,0.43044678546353315,0.38779890467938416,0.2959591617625359,0.48872732126425356,0.5426853530554828,0.35674013493641976,0.4492571906026735,0.37602889702003306,0.5484701344064583,0.563048676460569,0.3225276807170274,0.22327499123482797,0.30898918002252884,0.627002410576568,0.5906506826478366,0.5874655513516054,0.5322295196224043,0.399914732526913,0.34962899082446125,0.46999309855152543,0.5331775336715681,0.500918820408317,0.5003217727341089,0.5923741342119611,0.5979075926014897,0.3807370793044046,0.5838222230395231,0.318314921892516,0.6689748966212089,0.434818661677001,0.46574845213966126,0.2708702791801931,0.6564453967302767,0.23917704368580783,0.8542568785625226,0.3703106889144408,0.5537500218022289,0.5777296878363996,0.5223516306727706
0.18733325693501285,0.1478057026730832,0.7179143645685241,0.5071470681219723,0.16631491027993034,0.4986355630763316,0.41457669830410815,0.42956106056718574,0.3215054888910023,0.3161153766185289,0.4415068615454982,0.8375977339614366,0.33615197827268334,0.35958492389534263,0.3908429166943777,0.5916457589934174,0.5496987892762019,0.32543685790748766,0.28754350123821576,0.35137492829100464,0.4761566225467684,0.41024657998816105,0.43095058515033224,0.488266167702593,0.33994337971109767,0.35114316267588497,0.3337647195775938,0.6879945023223206,0.5257225098903187,0.4861878763538592,0.5261682996909982,0.5442511792198169,0.37282175126232664,0.5862357683681128,0.5234723163152654,0.8050066715275118,0.4162905644923799,0.40770227780647056,0.2473474093302934,0.6190678678723677,0.1879803339432132,0.5350562326665778,0.3875623945892037,0.424135545380518,0.6110980774137549,0.5304430027826478
0.21003658412678325,0.11926383135811339,0.7051281448248035,0.48505276476319975,0.1962322276606362,0.5317074129785637,0.47113777223478465,0.4901117474950969,0.46709264942435097,0.3473660332928686,0.504837246039663,0.7910149123452604,0.4163348954320328,0.39162828736003075,0.3743607187126891,0.6624252609118729,0.5889240648665311,0.3222126425869928,0.25305286389655013,0.3879866007277759,0.520387640383452,0.48673442980094356,0.35694603842477624,0.5198616240448759,0.3987455040018633,0.35726485394407004,0.37276741066486385,0.6103997243710613,0.5615248113234214,0.5820199692242171,0.5071836439180111,0.5138550835450656,0.3523790171842792,0.5942566761774843,0.5895378476553912,0.8512009836318154,0.4211783568137054,0.30868411588604217,0.31924455885185105,0.6992679518411384,0.24462745489776228,0.6111090903954627,0.4332371029563282,0.4237899552083867,0.57148814563273,0.6133914599889737
0.36734177475772367,0.10465894605036903,0.595098091161293,0.5113613362020828,0.17371460276573145,0.5839193166523804,0.4282675764019197,0.4845556913375524,0.6041240599632745,0.3732876831577821,0.5736893877080479,0.5426597585023039,0.3506409608109579,0.4105226739164412,0.38850679879702854,0.7506297054034163,0.5865259439457952,0.30999593761296756,0.37334171198149285,0.39763905263345056,0.5798215051388335,0.513728992982403,0.3864342393841801,0.5358907329177947,0.44860791828107704,0.4660287403853759,0.3193555553982503,0.5866833781451639,0.6350933167962591,0.5890144659805798,0.5050506583317388,0.5240882342646318,0.3223979124378855,0.478348538282842,0.5104553386123657,0.6391889354931286,0.4281180997492503,0.26857056792702466,0.42579465530818583,0.7087840351315658,0.4268486746613139,0.5440439760011468,0.4441056651499172,0.47949983618172143,0.6436645561897754,0.7228703145946965
0.37122157565463526,0.09838992008652941,0.4681886757824662,0.47062790504527,0.1499826287913537,0.6645943245594179,0.49747936995057523,0.646469824630135,0.581032370591308,0.4182937857428676,0.6383701546683993,0.4800001021533728,0.37684128768555625,0.4546386726522291,0.5650348130100094,0.49782841203396794,0.7295908273164298,0.2904269557726803,0.44373968901464844,0.362251811757918,0.4735843250008498,0.5237907594398749,0.3915378024962505,0.543403924074803,0.41917779243032366,0.49974882902701334,0.4103350364628556,0.6422337743929221,0.6043445833249219,0.6045976324064899,0.5995698108000591,0.46296628479432655,0.34854960511713584,0.44391158919512785,0.614810127162195,0.42558798832325284,0.446127472346987,0.3594124996447402,0.43223195868303016,0.6750665049038471,0.4471888897297898,0.6894056053362012,0.4667762323661234,0.6180085525865491,0.5478166771151709,0.7090218545214912
0.28611336961731415,0.08496474594131749,0.5320071374449719,0.3687865419805,0.175617571899007,0.67150652915423,0.5799794606762014,0.729246416526446,0.4832714181588884,0.4609821706672825,0.6041254557934023,0.5034559437998513,0.43314139952285374,0.4137234926954126,0.4885813826114442,0.47400415264533885,0.7485888945974362,0.41061774383435834,0.4823612681327638,0.30815151677650876,0.509583915038673,0.5249926450254883,0.4365006508551973,0.49135115233207804,0.4255296916805562,0.40044933711203295,0.3062479099037955,0.7270028604247656,0.5522599768066252,0.6390309687824173,0.572474250923777,0.44804057091985944,0.37778524586744844,0.6104053607490278,0.8832474821491366,0.5352882103275979,0.502422407012364,0.40441080479555064,0.38789270348925325,0.7557547034812881,0.3991432414437916,0.5685224411478527,0.45357789817586236,0.5695329928958835,0.4945381137651502,0.7131032958373299
0.31459899302063954,0.11832228079903706,0.5141398520757384,0.5205036056410687,0.2314697703747116,0.645243636564691,0.5343562013908717,0.6489243398734412,0.45946767127275584,0.4647591551753677,0.5248804020295336,0.5652478809443978,0.4447894426950197,0.4162338321532382,0.5590758380763052,0.5370103436313075,0.6785204130259644,0.39605096110681925,0.4719599082113558,0.348437121835541,0.4836722668739569,0.4431015803780115,0.41762209871466716,0.7237643244503171,0.42455282040558345,0.31812980826504267,0.40247504550211904,0.7926791994582124,0.5534661345526022,0.7242358320957708,0.6320403602261347,0.4520616601008156,0.3082741878121129,0.7107051050345027,0.9926033724125584,0.7280541541627796,0.4461094029000794,0.3891884296703005,0.4252773838923638,0.7493869519296938,0.36855813528351516,0.4733053413598028,0.45107844712017525,0.4571259677120094,0.5321771765522244,0.6233829213938785
0.3015781501823091,0.4341631170102395,0.4574319742358335,0.7741452495643767,0.25417616129225873,0.7104913184090746,0.6327140823439868,0.5185371411400632,0.5931114688132558,0.4276474231942755,0.6533415506447977,0.4849977353264098,0.5325769166262805,0.6274100764307367,0.4361327240546773,0.7086650382323327,0.7170390088401879,0.4219055258086689,0.4445113776570442,0.4199690395600449,0.594887601562212,0.4575077312525035,0.4631603229295397,0.8662672119698949,0.3658000498368833,0.36031426840466924,0.32530422213298205,0.7999497917308963,0.533240852573721,0.6508535090435263,0.7474719247400422,0.7222549627190252,0.40202456219623206,0.5677476941339896,0.7611826068697849,0.5577717568417797,0.5246254971680014,0.5820983915294611,0.4272133029319378,0.6827309764900686,0.3390788212032346,0.5543760322698013,0.46944643280740944,0.5163719161651708,0.5722556867728064,0.5714016321465512
0.3923619156262696,0.5889568164656649,0.42284783715565366,0.7369852735174419,0.2997941672510305,0.7718410278542872,0.6983339690232442,0.5287340015098708,0.5040563752995187,0.4433980699155067,0.6898822353617304,0.4085523048896409,0.6692682787961768,0.6062468403807663,0.49388604286731635,0.6587161827718384,0.7649352131750459,0.42183573007007985,0.48514703862684017,0.42320082557704664,0.6933844578273443,0.49728778561667714,0.6584073297838824,0.6956431275125504,0.4160463205227481,0.45270832552997337,0.33238048914818175,0.7489843967886449,0.645705318000722,0.6580575388594985,0.7259995947017904,0.6401022208987978,0.5258398944362658,0.44114062426839684,0.5485671278280944,0.5669883286883582,0.6973084289833191,0.5849235631349018,0.4813582129060677,0.752409343728082,0.3914045469032944,0.7965057898636045,0.5240902581915993,0.7336643931055453,0.617178392364366,0.7397588538484949
0.4498165074092748,0.23671884945692603,0.40415526973359134,0.5057629821672871,0.26513865271199943,0.7141515144837174,0.7244598857136981,0.5644951646852633,0.5559162792349783,0.6351271791053883,0.6299791790379924,0.32333174473136717,0.6194507213416571,0.4213713409136563,0.7518476593085883,0.5076190474349369,0.953545368332094,0.2962049887321317,0.5708014338054611,0.5447489297433159,0.7447175053602724,0.5201588566997357,0.7495332843441693,0.5273266301841147,0.5674426278125801,0.5532150521729026,0.5906675786252817,0.5694795986847581,0.5988437074982447,0.6399231567189776,0.7680607543559121,0.5610882198094144,0.6870140268700573,0.38200816985194536,0.4779424522000916,0.34995821242565384,0.6919081742249145,0.7009051799395383,0.5994657157508378,0.8424947318286334,0.5308896795305982,0.7214870145815213,0.5752418140941998,0.8487760203017468,0.8023318623654186,0.634198134787656
0.469998700345,0.23393348923315052,0.3641382905840343,0.5315504184306501,0.19851340828197409,0.6664174445560177,0.5651936238824902,0.6264876253432424,0.5026050314664513,0.6891086464720105,0.5493671736924175,0.302300598293185,0.7247292574327995,0.32738350124837634,0.6060867337753807,0.48655280208769475,0.9671162458262847,0.33450779162440125,0.8363977902583104,0.6149500546256917,0.8421821314215951,0.6249991213785395,0.49716434448421076,0.39837918754255625,0.6920254068025385,0.6102095209800875,0.7693917594049415,0.40973482191974664,0.4894922482200874,0.6893527499266641,0.7633425315715775,0.6800915516501708,0.5614429884541832,0.41654545786177866,0.5042251699938776,0.32125970426267436,0.45899710602811084,0.4770459707439854,0.6278284587217415,0.9692738512890458,0.5806263522690097,0.6355639749253047,0.5806707834784076,0.6833034573481707,0.6749623218529448,0.3467074036577352
0.44947408594397587,0.2754638347065066,0.3943573319902864,0.37692946828709273,0.15875037385057417,0.557106781581178,0.511012020692707,0.6913170211293125,0.4633501966298366,0.8095911723253777,0.5654765241044651,0.32378391579485616,0.7248756163400045,0.49401832119544636,0.6686566342421849,0.4182055237029165,0.9057559523714228,0.39488733740838455,0.7783899087722841,0.7348899568664413,0.8439254582594079,0.6791138949853065,0.4646504195818172,0.38000460031902183,0.6211702005451575,0.5507259065202553,0.688992275490983,0.454807356794933,0.5550851248563367,0.6896847967337316,0.6865244900485887,0.6557810013815332,0.4777342256208853,0.5530629261721283,0.4589713107347632,0.38505588224900267,0.3955636438990121,0.4544205331291808,0.6344364749426155,0.9025044714423857,0.4822873227669204,0.6284294029401308,0.5195090315937534,0.7784177537104058,0.5669139404914468,0.37933373386639896
0.4776083861941636,0.161694595820935,0.3484947305701409,0.39061816356527573,0.18531567164191645,0.4542356766699337,0.6627155042800281,0.5702427860891418,0.3901964571012239,0.7537297369946059,0.46584455731015073,0.2582108821323506,0.5557314694839852,0.42872099345852094,0.5428720861833185,0.3368113430304378,0.7225306490569762,0.41511455327093805,0.7161422109894116,0.6604948622701639,0.8393608503689922,0.6310740721886472,0.4339861620124178,0.33635633033063406,0.5878944843370663,0.45001088733586003,0.7961414521430266,0.45445039041610547,0.4119877317327625,0.5467779315450967,0.7139595371194012,0.5665852512763121,0.4313576315045491,0.4286957409262583,0.44473488464011623,0.32654162530468056,0.42301426946862275,0.5277582116585404,0.5963351392259887,0.7996986526320901,0.39823948040308516,0.5653996235317625,0.532716616739433,0.7561057590674316,0.5450563257832293,0.2636331908432786
0.26136928363306017,0.13527963892493533,0.3509786985907455,0.39448577833050363,0.12404991556622086,0.37320856107881273,0.6877595084063113,0.42486699557947705,0.3016584840381279,0.7577058252104506,0.4432080249311514,0.18089853921316643,0.49949020476734596,0.2817822655338345,0.46310991005644764,0.1799756447586491,0.5342689394908361,0.42307087860982184,0.7011672606348064,0.5676623139852297,0.8679835973363672,0.7739239986903773,0.3454420775595144,0.3053210110433391,0.5746492347629182,0.3771840606887965,0.7097860714697327,0.3942987199958965,0.45656745028735,0.4116758941484409,0.7119755761190896,0.5009697632151394,0.4515690349925031,0.25767397503231804,0.37408752749132906,0.35848487895597125,0.26705293415511344,0.5736188369767836,0.5241153646351925,0.7622544136328272,0.23824843310675475,0.5712332892838758,0.5356708287510313,0.6493756562337568,0.5171921422709056,0.19354092832956724
0.17598865796600177,0.07104852204875736,0.36409112959223466,0.43430038615625977,0.12237322360975877,0.28241529273159943,0.5881958115770496,0.37984770899774395,0.3244486816437192,0.658079441446625,0.40057150635478134,0.137186704310474,0.3000753790192388,0.23498523448518915,0.3282135753687499,0.09445189367464055,0.34815028231317513,0.3783099436761153,0.49788517718076897,0.5210933501263172,0.7906315718086173,0.6185905276068777,0.2464923116816383,0.26773907362919236,0.5135387065563509,0.3408849423762862,0.7431529008890766,0.34489144704594776,0.29916391864132863,0.27348767646853317,0.690662038413322,0.43023474862749966,0.35028600940054,0.11428118523934237,0.44160870468694163,0.29089564647934485,0.2366374312322462,0.38239460903776995,0.4493196306604904,0.7007429321860842,0.2201077380016095,0.46507456639194905,0.5046465523400718,0.633759235859242,0.514712687410326,0.2301355886424845
0.12710333777940067,0.040143697050864915,0.28730399245955796,0.3367967362631762,0.082203108462776,0.21733961496780205,0.5115749037598438,0.29614614426704905,0.23752759510939978,0.6040903695434501,0.2836565483125335,0.09970323142443724,0.2192408698460144,0.1773985370576661,0.3005442235943897,0.09323267725657125,0.29739396764812476,0.29446473076867496,0.37721618573526794,0.4301913044870584,0.7120280444480038,0.5952974765724648,0.24133427369068436,0.24202755109723736,0.3982037346596355,0.21030618750788094,0.6502405845564225,0.37651040357829835,0.2944127892014472,0.2800208184742507,0.5927121125880215,0.30362477898048706,0.2824894487684666,0.07704395048684053,0.2735187130390369,0.28286967755462616,0.21953629910246145,0.2930120390998606,0.3723854403074031,0.6487506970211132,0.15152622245608185,0.4225791689921109,0.4303330282010475,0.5609998502402519,0.4254306306235196,0.21793341085454332
0.11557727322880192,0.08265261196212521,0.1841855302136164,0.09481708865491471,0.041560606450405935,0.1840582886931974,0.3898405974311722,0.20393485433442596,0.20932537955448946,0.5232969785734345,0.2503380224142689,0.08150957323840088,0.1797212864124534,0.12152364780560046,0.25799923076328957,0.08243644654131957,0.18468801983968244,0.19417307656438187,0.28966848254496047,0.3342251257955398,0.6324742778495279,0.5611488796074704,0.16304740935993978,0.203495976940871,0.3538337309700037,0.14376019007393825,0.6795670270895425,0.2640297424227678,0.21045855531895508,0.2194251048808232,0.42350762250257645,0.24047117779662608,0.28629235002070463,0.0401918067805246,0.18304203681254422,0.21581315111049681,0.10652993268209998,0.22511926704736562,0.27642834480837997,0.49023385563994265,0.08442933824831286,0.24904969726098863,0.38100955860666136,0.49374561635274483,0.3556087356236378,0.13993129490691805
0.08648278702297797,0.061658646912267176,0.15082074642774157,0.1982482450594833,0.044905578899754287,0.14898405408210447,0.22708564906591014,0.1737007858964866,0.17767627285310236,0.4071720317241806,0.15920598019061752,0.04517831183525257,0.13743439810648342,0.14259769825195048,0.24012898773505748,0.0535913308905625,0.1555000946248479,0.2336468616373209,0.2666064774965166,0.2822596025536057,0.564913974131378,0.4723273862069803,0.1607634918458832,0.1723258813722045,0.2877620531150287,0.15129697137912945,0.48830525074413106,0.24004977850416895,0.18227439841397908,0.15049774415648046,0.41891428905245826,0.1915852199664295,0.2374961998663115,0.04570852935290587,0.20038304250546207,0.15831001170796427,0.11798308616458952,0.22767716451714914,0.23211472458429475,0.4321617081865814,0.048331512254189433,0.16049869815667858,0.31916760097198216,0.36356295669250727,0.3120082916877295,0.11365660809946751
0.027086932732117517,0.06528472113006992,0.13647275835573391,0.12256202817210145,0.04259390050874062,0.1295559676644101,0.19642698477593082,0.12334565007427678,0.125119631066072,0.31355285681071693,0.12545280087543056,0.047091667179905504,0.18137387241404582,0.11340191162445484,0.21758988721258254,0.06990482590395433,0.09721849242613427,0.13267280594536834,0.1705408263486253,0.2533216198290023,0.49245886847995657,0.3645575696158383,0.11824480350730426,0.14018200456852734,0.2407086600430067,0.09542917253515996,0.30249486699653666,0.16937711784004258,0.16623540854090046,0.13224573869065084,0.3927833534984049,0.14959248208802822,0.18445327567524808,0.050136677539577,0.11651375448370262,0.15000463779709677,0.1264341972132514,0.0,0.18007194541758956,0.37351719808269074,0.045000447288372124,0.13767602791584135,0.2603809400791247,0.32272103585965406,0.20664608540394375,0.1076847704020262
0.04082494208478177,0.0437046466272224,0.10927741050152388,0.1375847027804849,0.037113155171974416,0.1327031978406495,0.25472412062339744,0.129940295872402,0.019953793401216446,0.28005147750201703,0.15240536969400353,0.05213707473651285,0.15582154458315495,0.11677052183406911,0.21261250767974413,0.04591876574094788,0.10911072356917068,0.17907156840654143,0.21454575812515536,0.27535853462367027,0.4953004748164481,0.3108226822639042,0.10292271240602549,0.10378539775411756,0.22304776119479833,0.07979509788151888,0.3493607125621859,0.19029368771299823,0.14326420670886333,0.11910873970359336,0.4112282152030298,0.16471094810974016,0.19913645749764788,0.09363777873104694,0.1467780686253432,0.12261465820852098,0.11632364000859532,0.05821178906556003,0.16539572446311646,0.3512393953634641,0.056722423746835164,0.09368050887768914,0.2278711179583714,0.30808285030707994,0.17710589982730074,0.08953402365540794
0.04141173024430611,0.061824482984620344,0.10383131476238912,0.17487653531651226,0.028937167811971892,0.16891388702627907,0.22280588555708433,0.1728436981667413,0.017713340325027756,0.2124589518537155,0.14288092593160462,0.06267277298216814,0.15049727576254268,0.10892330592610813,0.19891755032943803,0.041897698645321106,0.09323899821378143,0.2934266667935515,0.14499654451416133,0.23822851999692543,0.4403719063103751,0.19762538326976106,0.0759115947482783,0.1774955099778834,0.24670031760493885,0.08210915230196217,0.3768622228169626,0.1602857845462763,0.12557716632453453,0.12785975716188797,0.3244324128383043,0.08495641564995521,0.15218297144208273,0.04095449221549903,0.12019833118522823,0.1114867120065366,0.08094082714744939,0.09295634209908323,0.13224840743308972,0.30180880988658987,0.05275932102928136,0.07033288159705381,0.25151179148844893,0.40195669523566124,0.25333941483816663,0.12740136367533061
0.06003350878308364,0.04041758959634406,0.13274496005116188,0.18657348334819834,0.03804879480393031,0.1425228628368153,0.17734908323130016,0.196207632917316,0.03289200173685124,0.23054369508517036,0.11373972413387881,0.05177767934038336,0.14290392901164156,0.10527629722796453,0.16724513985305223,0.05100287620923611,0.1286284045963375,0.20632053163241304,0.08891690074790914,0.29839313922448996,0.45508180598132675,0.20951418411359943,0.12681162514119507,0.16163210850733895,0.23581146261200445,0.09770083530118993,0.40541665724409226,0.1699368913118872,0.17784366889098877,0.13169365177191747,0.2964337435595099,0.15381785340877718,0.11962457816553565,0.077987317339469,0.12621836294153072,0.10078078829938612,0.09454331991728604,0.0058151837805019285,0.15825046307446533,0.28268093166534425,0.041006091159879514,0.12325510781529031,0.2258228115294606,0.3703932206103473,0.24260426483474667,0.11727368899776958
0.09420079405439342,0.0737312812614943,0.17755011138032,0.26394651969534316,0.10454812481403519,0.21794983329623396,0.2754173321532712,0.18634102611717887,0.08808625207584958,0.3694706191225103,0.18316540125088637,0.09412656034235403,0.23113896844241524,0.14609220777245602,0.22629301454630507,0.0663792626619617,0.21984919065341224,0.297108079953826,0.11442721173882162,0.2687162373618824,0.5788231586412274,0.2748589478013919,0.2747693491102755,0.21610152283245207,0.28752723472337494,0.13191798150423906,0.5667238404237551,0.35082675716619605,0.18864166976431598,0.14860613003920578,0.4086562175293478,0.19267881106123233,0.1221804046809998,0.08075297699893942,0.17068240559635423,0.1799772477556837,0.12815369739971197,0.09960224321659837,0.1846489096416577,0.4227313058719341,0.10688356331440246,0.32358255005890757,0.25599603841255386,0.4046374738764069,0.36856437763150585,0.14737858910544221
0.17612568285316813,0.2014438977367552,0.3550815657589306,0.4159623928797443,0.2998498679219995,0.4782149822070658,0.42813803175791,0.2582682095571665,0.2730563924003277,0.40260287233260833,0.36625317958101805,0.2521294075941843,0.3657920561563706,0.3039666835573166,0.3250812048852071,0.2143626449737703,0.47135254061676957,0.3005491851694779,0.20006589711624495,0.29978621249673454,0.5927128258309654,0.5873475967897442,0.6260387754026688,0.4408043962032313,0.3553544723745311,0.251215090555077,0.6556386826267537,0.3992590827770822,0.36549481704238507,0.3154472843589614,0.5096671040025688,0.5102387329115137,0.2956203627266173,0.13799775986055987,0.28785293325789085,0.3026333566979374,0.39305017005105036,0.31552184069407385,0.28528427730398215,0.5725824342995088,0.1749233598226726,0.7166304166232464,0.3149866836595872,0.7060754950130389,0.5278741852740018,0.4457165540331174
0.16401554720388858,0.16061966616338927,0.5462535860219293,0.6178420692941724,0.3792786529269948,0.6181162111908733,0.4981128428893468,0.4327354521521334,0.40825975203049814,0.34015273862535955,0.478956318575147,0.4899002635152112,0.41145108767293187,0.4245905700233431,0.36684870738408676,0.500200838453151,0.5260064140684557,0.334037164582159,0.21198084632786166,0.2918503605011668,0.5166160972758922,0.6300183004221312,0.5961881191294254,0.556330964575716,0.344049497456573,0.3219591149865453,0.4937592420450158,0.6048162552040004,0.5101273427138089,0.4629309639030396,0.5166521777251517,0.5290290452923403,0.30405122187913014,0.3703925012596499,0.46043733266887943,0.6120768571989521,0.4768603426917608,0.38563884366584317,0.301330016662699,0.6514244300189783,0.180480727584056,0.6651817280790466,0.3821034563557626,0.5695523755685314,0.6230512569367506,0.4942275394611524
0.22556777623597715,0.14141122797894365,0.656105536455526,0.6211115527502877,0.29225320307617997,0.5999551277675085,0.5798388194140548,0.4618076168759637,0.43208217482593547,0.35979256933785136,0.5525522943832316,0.6505961012395586,0.4283955707660584,0.3586216458419962,0.39176902134814606,0.5302972967353192,0.6233184000094851,0.2787787597467808,0.22409741169581693,0.3469289381807195,0.47160119054109073,0.502510848948672,0.45915386321570817,0.5428951732324231,0.30565449489704805,0.3609823135890676,0.2970837732950552,0.6907981424812861,0.6053220419496779,0.5912465968378153,0.48628400040195674,0.5338165708636308,0.3743834516496799,0.4443686097620974,0.6028092530024695,0.7707758565310003,0.44553284487322464,0.3723201334292926,0.26209778682016566,0.6355629493073732,0.20541776419701652,0.5405970768509798,0.3929209228048464,0.5196306057795654,0.5513657062594275,0.5520008303780862
0.28944788993736825,0.08554678809844223,0.6579519151234429,0.5780104434555706,0.26905885790149564,0.6299632226800066,0.46518753054978784,0.5116108996074554,0.5268364492943935,0.315099454091314,0.5560769320159286,0.6252409224104036,0.3834427642483308,0.324762169525981,0.4326256396632599,0.5759522260408403,0.6351655500173229,0.3069030223741038,0.1779726545159253,0.3415865954511264,0.515066947634378,0.4718174108679742,0.43644572029225304,0.543068327614424,0.3575542503400093,0.44671524063372264,0.5269996484706084,0.715473294972105,0.6102274052690871,0.6720830046331929,0.5012535995314876,0.5179442877863498,0.39283187174930345,0.4593526571733703,0.6241795150410981,0.8082195725716764,0.47916095140714454,0.36849002530911984,0.3420371027802836,0.6580815365614117,0.2925415674880768,0.5233574270968036,0.4453939484099278,0.3511347211675625,0.6292816025284405,0.562370021606496
0.34512306558615263,0.15077342637603278,0.5978915351842788,0.5388318562253046,0.16369606570312673,0.6240844534640679,0.5043591816467139,0.5051164094178024,0.5862229965968387,0.3898817963905377,0.7106290073095701,0.6169186976129599,0.3876787150435313,0.4175424925775019,0.5192865730677231,0.7046025000734991,0.6189884958405032,0.31511285048000104,0.29271652685373967,0.33762385846357684,0.48886049960525957,0.5475209133200213,0.4193707702939712,0.5570505984708439,0.4594089067532308,0.5623842893732292,0.4866438027806342,0.5668539012279119,0.5381391228333878,0.5803733447701483,0.5024801683203793,0.5106474630057599,0.38088758169244874,0.41101233618059746,0.6372271425912811,0.6325470098948265,0.47913362019572436,0.38464576649561294,0.339557754753634,0.6674534308702635,0.3663987122554277,0.5508324612590292,0.5285524980105469,0.5540906699814148,0.7330612920720471,0.7412231719649913
0.41778876929837294,0.105459947675366,0.5046463588421901,0.47930209357693515,0.25574459709139075,0.6897236387068801,0.6007130643474867,0.6771010302086626,0.6708670056042912,0.3427695275658604,0.6958164594217614,0.4826897946963584,0.3816623507113139,0.48789744928130424,0.5656414955547348,0.5100416907462834,0.7423200495130683,0.2796880432689767,0.43455572711545504,0.3385321848429614,0.49726153901207515,0.516301336568016,0.46370213797593374,0.4618252170206391,0.3609376688800498,0.5525784493446225,0.42665368416414123,0.6273413876417875,0.6127763995485842,0.5827405126021445,0.6687621012416434,0.49141211796487994,0.4257016511741203,0.4717357851606907,0.7075258264021557,0.46662561402852337,0.4802219305425892,0.45770341793456065,0.4284247709193065,0.6195258142446073,0.4082573986631765,0.5704977558673173,0.5518299202442368,0.487180069299726,0.7108356982936335,0.7017078976337279
0.3358868148044208,0.09315011058601917,0.571699700500736,0.43440438389130753,0.3192270384539271,0.6428145896146849,0.7419150246519792,0.7845499616327755,0.5776688466167259,0.3815897021952949,0.6334417789666695,0.5283031721380651,0.45457980586610347,0.46142078715684504,0.5478756930616883,0.5014516964342542,0.7467099054286535,0.3013466803308596,0.4872128294689383,0.4130523690753608,0.4120677192053527,0.5388635371066361,0.48648484594193764,0.44652448531442174,0.3648789975364999,0.5074887315373358,0.321566988676086,0.7474515438787007,0.5130480926944988,0.6590694405588148,0.5917809843509648,0.4685512056749134,0.38957725471651816,0.48547251026721966,0.8970692210569362,0.638688082099263,0.4733086121308703,0.391288109284385,0.40166819191831155,0.6581653759644424,0.4009538859323581,0.563257108504574,0.5474972342043687,0.4980186542700057,0.5731936892533929,0.5527447920067472
0.30570743994010735,0.09677077033219995,0.5855420903884815,0.6108452857504788,0.36769926441332856,0.7469344285803198,0.7177766481981782,0.6705299873381239,0.551860442523877,0.3567148708931322,0.6843394717392267,0.5645443742795848,0.47453438826717315,0.6045450286167274,0.594192049262985,0.6775212566454297,0.866943656728295,0.3331963595740799,0.4741572920424475,0.4441884945995418,0.4478773106279463,0.5064029871087525,0.5236853312792367,0.5661117702800926,0.43932133050587086,0.5527960449260022,0.35940273217454016,0.7844860057227864,0.6120644487509381,0.7562437572341143,0.7251461058115822,0.6287228753292698,0.4103767037305247,0.5448047311458678,0.7364427145891826,0.7413545372798539,0.5870504605585876,0.5413557705322617,0.42753453340512776,0.7990714660041709,0.34363380877509386,0.5979499867870758,0.5445262562719688,0.4370197660614289,0.5339117058436441,0.616449644393666
0.3415136210093807,0.6037727900538917,0.5519291741052922,0.7111506111126326,0.3763680664897773,0.7890284116451762,0.7581278383340322,0.5596323065284028,0.48867259262561347,0.35466544847841286,0.6914950151962109,0.4682810345991642,0.494271281425396,0.4686554474159475,0.6519483498964425,0.81414980803743,0.6972084524959069,0.35901873275139606,0.5303022234664178,0.4371433158709918,0.502476432783932,0.7370850482981037,0.650300104632066,0.5853147729066489,0.40604810221082677,0.5114093494312233,0.39787686844124065,0.7784114985323645,0.7371965338624225,0.7493489634210856,0.6656943457432695,0.6120589546835107,0.45616711023095047,0.5627723911046184,0.6389761722636677,0.7389437018932951,0.635827585221047,0.5318844557350254,0.40080137923834763,0.7541929824972213,0.38045059422746635,0.6295341823531905,0.5647820594756494,0.6177122102163823,0.5757990213928063,0.5908145924078713
0.42679426005814214,0.5026976169752349,0.4940940688088609,0.6192659381230629,0.4451780756002117,0.7865613853959146,0.6975474928075108,0.5284275030108831,0.6247583280322987,0.40886151112395486,0.6593603459808823,0.47120543802814246,0.6539261707273641,0.36868395585609604,0.7631364672074799,0.7451431002720278,0.8076326986493555,0.3850231175310846,0.4977777743697682,0.3899145066568072,0.6561102900397887,0.7990424964483667,0.7352952703788111,0.6517651677104981,0.4315099880931748,0.5736054697108165,0.45600897408740776,0.7635518186370597,0.7947034972248881,0.6838619080208325,0.6733368632123713,0.6575695801191864,0.5883897369906035,0.5447012169711732,0.6203304085141723,0.6009630892487174,0.7315261549350653,0.6928142372891732,0.5034657782100332,0.8663749596009137,0.4707590289137456,0.7598414789673354,0.5905937997014123,0.8448461009407661,0.6609032753512277,0.7022109235861823
0.44075547426097306,0.2139554324256361,0.45167262536540237,0.4960614709775952,0.3135426617677415,0.6600550336654188,0.7848868407137576,0.5452315787561396,0.5948288824203949,0.5357033392763252,0.5534509422192531,0.3502117898900077,0.6617258651508503,0.33772110184932674,0.9203162119724301,0.4034573888366522,0.6105348713749787,0.3820682260229391,0.6661139950131714,0.5645873272350844,0.7303600729977685,0.7333534327072859,0.7683556004652902,0.5793468498833854,0.5682100178033533,0.586165955479672,0.5325605650301418,0.5929190151812875,0.7074819725470234,0.6287888212253597,0.6062309470971373,0.7022055428443251,0.6711719272085958,0.37562788897829436,0.528534157407825,0.38660736447819405,0.7858450019307285,0.8451899990068041,0.6631451635522847,0.8888412655414263,0.6008640274772412,0.7547010661627193,0.7526732530592303,0.8170478016675282,0.8024753999267953,0.6011935173037141
0.5295171862543094,0.25920611481302236,0.3905049773171005,0.3216204013123415,0.24505941762091485,0.6307792077872548,0.4873054533155035,0.5885486705927956,0.6071126374381729,0.6967947635652048,0.6386995658872644,0.33126503885041303,0.684594965450279,0.3988219294629359,0.7871479375464207,0.2908876568766825,0.6115635933052028,0.4915351094867921,0.7294299122262902,0.702823404475896,0.8659737113269635,0.7364232616258749,0.5317388905022986,0.43273734261195784,0.6581286928419885,0.6427915670231842,0.6214068646353151,0.4962121867248037,0.5959428398091619,0.6487340498037344,0.6261075074808483,0.6671435920634,0.5778064252726881,0.2545688391205797,0.5124187444464426,0.3395327737278665,0.3844273645862787,0.5833482012062452,0.666272753167045,0.9119892326312797,0.5813937831391061,0.562879761822858,0.7358616597685297,0.7806408357361673,0.7714398362612777,0.35883177717867304
0.5968969687437857,0.23949488783861747,0.3936087140558126,0.4789268623837087,0.2181155375959953,0.6309853218835347,0.5524221494592924,0.632689885428047,0.5628206704815243,0.721220847146153,0.6739969990394644,0.35384353150128567,0.755146480785413,0.38743473130175504,0.6400461153039014,0.2093066976619214,0.6345319059308224,0.3882107197724512,0.8363490483039354,0.7939245563089773,0.8893605042539899,0.7861129121176341,0.41828534751041013,0.3362005963321188,0.698233352595964,0.6573987664871126,0.7083651846988464,0.5576213408383608,0.7005973982270196,0.7015509125340814,0.6511245497620178,0.6378266148534951,0.5655136355953234,0.3839783924383294,0.4678536976324177,0.3108052383195319,0.4249658583550894,0.5254220902633344,0.6670996713638497,0.9562537148161171,0.559484230369029,0.6339914971483496,0.7012486725972531,0.7437673328739379,0.6471315968334379,0.449600612816228
0.5195795411004643,0.1918214924604719,0.41494366645199676,0.4863915023415077,0.17727090390500777,0.5695950345278352,0.7314138347147943,0.5578421289259051,0.44624798845768576,0.7786729439177656,0.5602767613968412,0.32062397845450447,0.6602445349605328,0.3124573503809876,0.5896725255662914,0.19745097500979122,0.755094553810001,0.35826750379855,0.7904807053324582,0.7660686637840631,0.8704995223835564,0.7744620597196192,0.446670494273377,0.3847387350755918,0.6081433934026413,0.5144539542390671,0.6590624644450243,0.6134359719000663,0.5775951821805105,0.5227424697175895,0.7155482009662272,0.6393074856344588,0.5679648967308475,0.3178181513310093,0.4116483417437907,0.31366237051647916,0.35281952354359825,0.6520012596740593,0.6302896359793037,0.9001443423224657,0.4353097578106728,0.6259088732557041,0.6620658245981466,0.8193519965968699,0.5683657957150066,0.32727337570620774
0.21244437369419147,0.11956475980021755,0.38961347509701416,0.3979705249287018,0.10296179382856491,0.427801497881326,0.7479497601075628,0.4211261523447324,0.38833227558660616,0.7706582303381515,0.46499800036472483,0.24777741446613535,0.5438697982406907,0.273045366506334,0.45920847196402564,0.19241585466521133,0.6330262298459332,0.3318249079142072,0.7580982248098982,0.6553639012757749,0.9108581742140108,0.7872655724280844,0.3528618001718812,0.318420793271911,0.5757321506235841,0.3538801241126065,0.6677553595553425,0.5560828735965422,0.3822698729098589,0.4096894156879977,0.7304731903578708,0.5444194901317622,0.5065379275648516,0.22779161127044062,0.4237246933786097,0.34210227679981675,0.31756166806269936,0.4189550147355667,0.5167365362202948,0.803090230901013,0.32593127666232774,0.4951428888001081,0.630466707462446,0.7186237877485634,0.5514760478998117,0.2697096611913982
0.18419936184532473,0.12650407378697093,0.37821063636431757,0.3315358289486858,0.06796678274291028,0.3151194560115426,0.7276117372386602,0.353427706717126,0.2634475714446996,0.6960269413006135,0.36311435134824566,0.1884246149137423,0.4384184763942256,0.2895163642443146,0.3899144787792253,0.17727007492950717,0.4247012464681652,0.265027850345541,0.5634849641435217,0.6208411460213492,0.9050953823053075,0.6993804502831066,0.2678689861809721,0.28037118235707786,0.5586385988505428,0.2408240866573058,0.6897242352923723,0.4109418278568855,0.3509797264826404,0.30104117147238785,0.6642499228255941,0.4324670611510534,0.43453649118203375,0.1327464149151965,0.3856704988584362,0.3613162012601397,0.23567281183123792,0.28510116923298784,0.3979710766146052,0.7316580180744511,0.24458538182108053,0.43301099696061796,0.5430874606503157,0.6341953970199726,0.5302177364553752,0.26517433502097365
0.14423484257696767,0.08115372304853688,0.28597852779966204,0.37084893752100884,0.04761952277246033,0.20566174739328794,0.7040833387761243,0.30101320550124505,0.224611698524828,0.6191648021847472,0.29542727059363455,0.16907443770263336,0.3134034094653228,0.2598589113284387,0.3737995106444185,0.11386869016512763,0.37699203128578995,0.32621045380957875,0.5161082782601145,0.47140096897669953,0.8142152086906806,0.7354956663653555,0.23885346714802488,0.2538698577484741,0.4380961859574116,0.2012985636724644,0.630518392972003,0.3435245807720618,0.3455733650141771,0.2771134147421408,0.5950525046502155,0.3283325836546497,0.28383754113143167,0.07875111129628126,0.3769051669319689,0.29351012353960876,0.20516458183098737,0.3255008174933068,0.34210119070379885,0.6106863538389039,0.14935849809563845,0.3906181738141561,0.43905604886439126,0.5231136487454631,0.47879889526022745,0.2428701373543064
0.09978327035863725,0.053235065471221615,0.1814072993101542,0.38438034655275394,0.04335955572230216,0.003887873698808317,0.5547436699013659,0.21311653085189844,0.20810726625354192,0.5053937242778845,0.2385819688035979,0.10439516025958934,0.28714062829749604,0.010539194876360097,0.28179322974962184,0.08520912341745979,0.25514113423207946,0.2253400519671656,0.47152573456225233,0.3445271566713941,0.7027865018719924,0.5400284383823891,0.16275144720496815,0.2203109162960961,0.36171633025774574,0.12266413415538745,0.6304686423896224,0.20287573624582173,0.2730875312649772,0.23564165335807696,0.473703646777195,0.24592840644490832,0.24310153308872587,0.07286435663841348,0.2916082638243689,0.2571414497455325,0.20823773050050975,0.10875513945933284,0.26157072052602,0.5628695699877397,0.13211083466347728,0.29400470222433206,0.4345944248063238,0.42560129319370754,0.38500740294501457,0.16890957849204585
0.07272010427388834,0.04352231884969393,0.123184302895006,0.207779286650763,0.04633727154693497,0.02077441411048182,0.3086026890240297,0.12288802730233392,0.12727948394158603,0.38344213350167594,0.17433971755347155,0.06074663964104266,0.22018348351416295,0.011295203054012694,0.29977961079590587,0.08499428627164513,0.18382408867432895,0.22641857544261756,0.3024393809091688,0.33305811098488125,0.5111988270124403,0.4616499562557013,0.10822301237191947,0.14037674826857952,0.320764534712807,0.10044846249988386,0.5952402469130615,0.14032556945879326,0.19922087531495844,0.15277178749319423,0.4584752500005093,0.19301027570959398,0.23045456319509902,0.03570164010766855,0.23508952238774483,0.14709992016871754,0.09776048200346216,0.2174753274747261,0.2141922636133649,0.45928626702728986,0.07871591354313057,0.18045620141323748,0.35126004532487676,0.3365634412511084,0.27413893297938124,0.12796818242451957
0.07386543074735988,0.0445345027171473,0.10651237064071482,0.15420338618977353,0.02602821420668497,0.02343683318879743,0.35244874203172816,0.1305729957119428,0.07619836439954442,0.3529381662272271,0.1437962985450263,0.06093611229564012,0.18062756451970266,0.03118449775656818,0.33824375010154556,0.055461887524455654,0.12438949618691718,0.20107292139955857,0.23109308885872315,0.29797339484600244,0.464704704439004,0.37067871291068066,0.13117771595348535,0.14347162951835052,0.2771796274866996,0.06453718988553585,0.41637386688390304,0.16368229848988053,0.2097819564425908,0.1082672313543686,0.34488182796641786,0.1782523366655851,0.17033533867777734,0.07905625964757325,0.17678065541017146,0.15419846227154588,0.0704705442484825,0.13519354154944485,0.15382324442841147,0.3374257109702302,0.040533930974556855,0.18577098850919394,0.26643134645387867,0.2300123941618115,0.23515451541222698,0.10387483535366723
0.02654631327772575,0.0664834801068074,0.0750260056549301,0.17311105095401402,0.026629739440815328,0.0,0.19026472738719227,0.12542101010469564,0.0499036001809677,0.3381821956472838,0.14737610355771888,0.05497946545685476,0.20073677350400695,0.009257201151393307,0.21270289683068333,0.03680517404515044,0.08529906334846514,0.0945417743028867,0.15516464090142226,0.2504384499215139,0.35636368261130963,0.28511166005197464,0.10576295499054914,0.18802522836065988,0.252575974967371,0.0561767554529356,0.3601204798449954,0.14924472744382358,0.2127744770516938,0.12506732028428796,0.2894661551657265,0.14487076822553502,0.1578270271599315,0.030158937261592297,0.13081440531423333,0.12803862208430283,0.08108292591094392,0.09255058548237326,0.13571585060214014,0.3159264143830874,0.03555419647941901,0.17626157118260474,0.23439617218358552,0.23219748180095287,0.1897828665828206,0.1949427730427146
0.03942455604524965,0.07071113246827691,0.09476567531198422,0.17149879031392312,0.03736527998938567,0.02037509454397775,0.22922731281937483,0.11198415114535798,0.0062632138756699846,0.22159809888264353,0.13036327827761549,0.024485776178566322,0.13399883664939205,0.03995447714928054,0.23211881247294866,0.04163385594166084,0.08561905048935714,0.1271144656589095,0.24779204940159966,0.25204987234742704,0.4429863716158944,0.19538160861797932,0.06336907597575078,0.1603324848568088,0.24718623732352749,0.06391875681689933,0.4656350259567567,0.13143414154067223,0.19185418249638878,0.1357990626838473,0.3216000888421157,0.12652733665723093,0.1651384652140115,0.061774394712127645,0.1541731135928277,0.11409699659312857,0.030350478132582237,0.12411451007290565,0.11372918639614155,0.2543648311246347,0.0403654902243289,0.2178109792508488,0.2188903736231881,0.1922389505049136,0.16771144683122405,0.07735971181093543
0.054987331554776336,0.05681563330627504,0.0855161492872372,0.19368548643979677,0.07341134275640514,0.01442139564755093,0.2567886474091896,0.14981990125885516,0.02542839507216741,0.2584815119127614,0.14515302170138178,0.049014681499513664,0.18595728221960348,0.03823393671253302,0.21733602285866221,0.045234555558011,0.11980973122343687,0.17557544980737483,0.24766725852969784,0.28552622111744064,0.3878385145855969,0.2574400409373565,0.08111984453588356,0.10808049808651164,0.2606712136682593,0.06940893254586866,0.4063319661682101,0.1543563380329369,0.16367235998430804,0.16597156631193818,0.325396693980899,0.11986175222568965,0.13295225407565453,0.08831953788377928,0.15790963308585293,0.14949991157116516,0.03184909862435879,0.06110435030134602,0.11682005000977247,0.2852155959564168,0.02882037215390005,0.22117114660926934,0.24026853472978318,0.20176229734103748,0.21925079158408217,0.12547593821434203
0.04966558286710508,0.057396370834465846,0.1802152402992679,0.26700677077346596,0.17144838728055894,0.006547935246286649,0.2742298237056142,0.15096831578431394,0.06393788689688074,0.31831106616949517,0.21447446500085868,0.09609846889048845,0.17021317494153554,0.014588047752580054,0.22176481849273674,0.04707493328052561,0.2002658309436874,0.25112516425806686,0.25283546442331134,0.2581176335917612,0.4141007291434972,0.316538984749831,0.2154199039726982,0.21515541757611964,0.324137443717096,0.13274589361203382,0.32180418409660355,0.273132894053878,0.19499748598065395,0.1741303223988972,0.35850204288056187,0.1753031023654542,0.10279053316009107,0.05980628086242101,0.22050981693232885,0.1899260532096274,0.10970052277813547,0.15276169882275847,0.16136954593899244,0.39589110614122014,0.05706862072351277,0.2776284677515484,0.2738181164320709,0.3529120136849331,0.2575415407106708,0.14800166629047462
0.09015280579251474,0.10264908427587396,0.2862142088658396,0.3510128198615298,0.25511741410028577,0.009868331440759257,0.3188194166538017,0.24227449154375882,0.13184538358199085,0.3846047232557912,0.25820089570153626,0.2194787961536552,0.27790051080003647,0.013102672589318173,0.28736211872642403,0.1330657288074387,0.39294598058246205,0.3650002552014068,0.2614063061233655,0.24310000687285535,0.5932490107470427,0.4992875884621674,0.38886647407759134,0.27862652955116785,0.37537251330349936,0.15988061346332177,0.518485199729591,0.41327796635608405,0.3537003668800107,0.2970823898880319,0.49627330056175123,0.33763893598771877,0.17140716140537368,0.07182111859282451,0.3725361734896817,0.3108716508708611,0.20084509407232495,0.16743461894502737,0.24053784912774792,0.5364638978178126,0.13013628472920816,0.5018390550529737,0.370635168837912,0.4355644895780254,0.35112479668974517,0.12019486805094795
0.12888644776091918,0.1946640220033788,0.5069542495090601,0.5272860802537306,0.36647814533044765,0.019283755872909782,0.5359795935401105,0.3414599715674285,0.16401931090040453,0.45408744428685294,0.38199672156782116,0.3987449430164877,0.4308052028038652,0.017416919120837843,0.3650973546654703,0.20689064612819835,0.7716841980847899,0.36305277014674425,0.3874046264418132,0.2358827451886911,0.6178176823354301,0.5598441210205124,0.49624278814814127,0.36890884849831485,0.39176752739720344,0.2747675940739953,0.5118049272192587,0.469085756667717,0.44225201838252926,0.38833690000951687,0.5645430202892815,0.5701501247826846,0.3415640622973083,0.13967136150705692,0.5050388240219598,0.5793031423108028,0.23752114247536002,0.342013870588629,0.267226424105287,0.7637965785821853,0.172973104767964,0.6234287102995546,0.42166605972619314,0.5244340197990902,0.4942464057121796,0.11429031953522492
0.18706453904064782,0.2566411631542061,0.7550741041758716,0.6117361129796923,0.5348576571351079,0.029601725918925886,0.5242260666534302,0.49923158676706547,0.2524194894303832,0.4552363947232091,0.49538528250214753,0.59128715718107,0.4977193424268207,0.01814428217720493,0.4942785246817271,0.2922965766236105,0.5703168303797138,0.41407256614875076,0.4463702903195174,0.33186932890685134,0.661190092695364,0.5573288398241167,0.5255476715570696,0.520435505699448,0.3781565182364814,0.48022894034922603,0.521753731115819,0.6209965684680228,0.5526662938522465,0.47010495697081955,0.5888998195197833,0.6656419432371157,0.47379161743755005,0.22380543557481275,0.6990855510316107,0.6516577435394887,0.35988806920166594,0.6154739931010974,0.3835465333995757,0.849465431928733,0.24248615760845776,0.6367095232747391,0.488046907117621,0.5900148467494717,0.5446005144142545,0.16412776835938261
0.3130657024961808,0.223058212752281,0.8290271249905788,0.6419995326259422,0.6656271189175079,0.013311637940364822,0.5861496303279371,0.5360571746631385,0.33494024397502226,0.4645780505713572,0.6185738805753601,0.6056149177316085,0.6372284973421936,0.013812909007109485,0.6198683866574242,0.34987442643519984,0.5633868404810092,0.4863987259239034,0.5941282992608329,0.40634392022661087,0.6356848351509715,0.4712430144069864,0.5463705403171962,0.5172924989537037,0.4365607163464156,0.6582026993724747,0.4360504769693028,0.702699891456392,0.7478998411284233,0.5911478607826153,0.5883218396569132,0.6925358562978486,0.5663657643830694,0.28286787726961843,0.8092248161010349,0.7517034546158351,0.4149143151484126,0.6139513101502805,0.444085832445003,0.844178265252924,0.28076968471594643,0.6939155205532549,0.5143777813371043,0.6821506233142658,0.6110407825300185,0.1005291691495751
0.47969319138383465,0.2730935248448744,0.7233533517366628,0.5696168213318752,0.5322203009398567,0.013877692436105492,0.5664730585190156,0.5341876661149888,0.35608034915854925,0.5412572536600682,0.6793028027239968,0.5471354855487709,0.6103506476909054,0.006484033488114022,0.6887878293813061,0.2832793161688927,0.5461758621257684,0.3573701089415174,0.6780949452484242,0.4237988157328827,0.5745154484568007,0.5471006110920097,0.5824624630556241,0.5744656248658045,0.4604806043594682,0.6957832378843632,0.4062580279161468,0.5767286381732586,0.7832534313443091,0.5814857003990838,0.5522592286361585,0.6428919601680108,0.5470017119492175,0.28619674179497884,0.6808297515192835,0.6375989790430386,0.4050406393019196,0.6084592519384332,0.5875909159793995,0.8679051481149264,0.43687847030941473,0.7437487977479038,0.588990091844632,0.7745408558583585,0.6923508101542543,0.1875966895330832
0.6406003877597571,0.22142509883168368,0.5896458647795002,0.4154107994320388,0.44635953254099714,0.01585598219592534,0.70774042348397,0.6284789160257622,0.3950909163717345,0.5895539151951303,0.6744049938820047,0.47701633614684585,0.6123931492750726,0.030230040391037737,0.6871708304502642,0.3048454539118088,0.5379105734826108,0.4201488845772851,0.7503063142364905,0.5157539009817745,0.6419505825567475,0.5700190343277378,0.6576793281872326,0.48641292433468675,0.5310658035581314,0.6574291115268371,0.6468077547415638,0.7851415275914742,0.8828715237091632,0.6895383592120173,0.5202249366196123,0.6336693800509935,0.6290242444443988,0.30406038611903236,0.736222268941601,0.4413857509676071,0.4353934029864627,0.809287714984166,0.6428320861555772,0.8788202447873193,0.5760741157297028,0.6805352388548433,0.7033356121211084,0.8154921263986413,0.7073109598934197,0.18136940583358385
0.5141496904842441,0.2677726284287779,0.6083206927279322,0.5534363554252089,0.63283077627477,0.014056561734284972,0.8210142508240448,0.612186240880802,0.36491806360830176,0.489788780253966,0.7052487726238131,0.49427941683883136,0.6435745454019756,0.03115564569999877,0.6239519705625864,0.32929415784312943,0.5556786056663433,0.46066232973387794,0.600828626633708,0.4541851023160567,0.729424646422603,0.574680974695268,0.5636074050220283,0.5789000638221952,0.5090833414483924,0.7259268085858748,0.7298815290553748,0.7395872008656313,0.8354409690995963,0.779869554969083,0.568702070702819,0.6539091050261084,0.7540891213602848,0.33368341372751065,0.8496428420768461,0.5296289073840952,0.46512679978168037,0.7295460247285965,0.5983423132967387,0.918811439449239,0.44204698580575313,0.7279532484623554,0.6851995129831704,0.7530517040259945,0.6523307333881354,0.1921300495937766
0.4373365564786947,0.281418469223202,0.6805196471813408,0.6386427748729638,0.7117040997895716,0.012429683152755461,0.8182603966600569,0.6313229135110223,0.38711658117017106,0.5300525306698058,0.6882091056963893,0.5567748697469581,0.696569139772578,0.0,0.6875249760449916,0.3769708194764493,0.5529364652648789,0.40838900500821435,0.7292000747698405,0.47986687210420537,0.7174645458478162,0.6819691520083402,0.5983982522365624,0.6642831900804048,0.5078250664676437,0.7205396726842803,0.5877773342816808,0.7971196372166226,0.8869861555154068,0.8822469836294159,0.572350492951632,0.5974002952276783,0.7604693259921426,0.3814017576267532,0.8706809043580094,0.5892555574839379,0.5188653544039787,0.8311218138288171,0.6378856559719494,0.8289062549414891,0.43656709473952177,0.6840593448039636,0.6469615277039407,0.8086639704803142,0.696693503569829,0.2607952925821738
0.47582457263548034,0.2675412204048204,0.6536358524020099,0.5513866900850934,0.5701759458122164,0.009967747345511174,0.9508394859578029,0.6008200470413546,0.442337975913206,0.5128580039737707,0.6811289411072992,0.4776477852707912,0.6777236757326734,0.03838073875654186,0.7610336624739203,0.3379603695813939,0.5430789673560797,0.391391155929531,0.7548956705230889,0.5471297529264273,0.6713718065308483,0.7065965921340734,0.5991062388325658,0.6298421090494978,0.5802308054140615,0.7638397722828776,0.6500778454946914,0.8610755272744925,0.9994864759678661,0.7630412098061512,0.5719300174941047,0.6082454363028457,0.8119243049740053,0.4124060068901459,0.9614114786442663,0.5975626583981775,0.4801279644234354,0.821304481983761,0.5111745275241996,0.8709668893554358,0.4640825627041922,0.7153220149562647,0.6786420323336015,0.7637634305195286,0.6021995053188799,0.187611566334957
0.48483049435186226,0.3543486236266146,0.6160736929089132,0.45120848652925033,0.5459804184484791,0.01260582950439143,0.8105289731955974,0.600419801973694,0.4822517990961148,0.6055956420103408,0.6826445288911536,0.4580550753624038,0.7640656481539257,0.020579824014106247,0.7687152176253326,0.24059823748695564,0.5705992218494059,0.41114207551863463,0.7952879325033314,0.5237961660668189,0.7776318947581013,0.6982025992344376,0.7053008233236013,0.6478918999178476,0.5913830153874875,0.792162293712768,0.6087456246918302,0.7119286382923867,0.8775447441667444,0.6987107601623708,0.5915817023352958,0.7002687571406939,0.7162771165156407,0.3568074145579506,0.7588906422916675,0.5172991852419025,0.5592340388163126,0.9999999999999999,0.619215796392462,0.946235364898752,0.48876365403971384,0.8411334054767142,0.7170081050410599,0.9401685389190331,0.6133520683932959,0.05700967991737723
0.6670103690773095,0.24279985985420435,0.46015760029709496,0.4120109097300897,0.3206455662751959,0.039852738627597015,0.554190054436033,0.6100764642905415,0.7020669564168515,0.7487858269356402,0.7114966911021522,0.4129819131927941,0.7536392596468108,0.02769587581632426,0.9602185296579426,0.226914743717178,0.5788469312039821,0.391800401157266,0.7481914033442372,0.6551662323645241,0.9335141282633745,0.8006833477375361,0.6748425320252288,0.593978917173805,0.7324667067442531,0.7889040293453046,0.6352167168688079,0.5547165511539933,0.8323731033568403,0.640306679640335,0.6037663000298229,0.7651528464561557,0.8072950008122651,0.2875281282335866,0.5240320049345204,0.2773401200620129,0.5194656319864892,0.746899111018164,0.7397588214662021,0.9633356300345026,0.7395895361407094,0.8637829529652276,0.7130444699594933,0.9894475497538553,0.5719005363362968,0.1511163428303608
0.7603432010053622,0.23198356089662392,0.42006273636789254,0.39083568804441476,0.1727953222574324,0.020932627585740448,0.44413647722647553,0.5719810950151726,0.707207195501384,0.7261687588289264,0.6475159933972858,0.33209866536491045,0.7036713046754578,0.01956756209694467,0.9481248153736266,0.18308311953551745,0.6480117282199708,0.3168340945912279,0.8153575428776183,0.6759854750926457,0.8978451820679827,0.7503404588847864,0.5422591784319298,0.39294188252886536,0.9200032787341126,0.6993768319682561,0.6181342042711195,0.401797670745473,0.6433302415692691,0.607823209219629,0.6481887822019673,0.5572581704671856,0.5600865614417433,0.21594104712780196,0.4463669509004047,0.32231971872256604,0.40446684233264363,0.3972600978776731,0.7108846696203986,0.8973351233284802,0.6156202960814678,0.7013059426336702,0.8184139964425685,0.8346251594280413,0.7142306438122401,0.21874896222962031
0.5949032685322061,0.22598661239113413,0.40654552279959894,0.3727894031466966,0.19905874046075978,0.019550002940266282,0.5906052844277327,0.7852152450744335,0.5496317472571788,0.7945986586803196,0.7008626115320146,0.2894049446024547,0.7730744396112281,0.012555194415261324,0.9606365077282395,0.18318363736220875,0.5547006058025713,0.3888821614951657,0.8838440194713144,0.8005272285069581,0.9145254346801088,0.8435202117840214,0.5187024734938013,0.4395010908485846,0.8426119209118839,0.725273267311792,0.6740762139336113,0.4827894071149621,0.6370053405561341,0.7020818688248268,0.6061699764957856,0.7332000141573958,0.6087529541399882,0.335688493273987,0.456641212946689,0.39387815876361265,0.4108442206132181,0.5938540526101187,0.7217799556784301,0.8799868061193771,0.534517792761438,0.7974536441353434,0.7820294599927933,0.7814722702887035,0.7027203722939579,0.24431538347812987
0.4951246967481076,0.2045987194505193,0.4579132475729985,0.3593953465244536,0.18739373922089847,0.012384867936849321,0.6023124495782819,0.6273194195370709,0.4526327390726609,0.8656895165056214,0.6286621446890243,0.29883575526331346,0.6633089147773991,0.03759575585653307,0.8030459009220418,0.17594319379667755,0.7962687124393955,0.3100314463492719,0.7214409626431514,0.7278748857994253,0.9068402748914025,0.7268120440840008,0.44156159337884515,0.4063108703466846,0.7524155808108559,0.5552267302967436,0.6435897721250116,0.5211469322711778,0.5667085689402689,0.5999632078650744,0.7388280838424695,0.659900554493624,0.49075134968300393,0.35308922845593277,0.4935918867967018,0.3956703331067189,0.35119264031115105,0.7369889148925621,0.6906554923044441,0.7599896386102227,0.38222293165254206,0.7237245605965267,0.6825394803061301,0.7819079847370558,0.6649565076713421,0.18358498837451234
0.2826267762839801,0.15538937633285552,0.3846829642135642,0.40125449913169675,0.1950340126047994,0.014951929279740633,0.666901550105437,0.4778587112857694,0.3835751650524151,0.877080784388171,0.4845377818343758,0.2565134143219678,0.4805304960560084,0.051318218976408904,0.6557537030888477,0.10740008472453591,0.6513482682913759,0.4018712799590108,0.5815603917747323,0.6004323862850949,0.9532373094850107,0.7753832007396816,0.33744538058605633,0.41767487782516804,0.620760806134217,0.4208293748637492,0.6061328912820947,0.4142366695280191,0.3951634745443573,0.4140351607510851,0.8403384789562687,0.5203489208994895,0.5444338525029945,0.21374192435919676,0.44592595494175236,0.3696706703414496,0.30895806840013806,0.3989890812701749,0.5708575842738703,0.7571447717497808,0.29584564632693094,0.5365807164726464,0.5959639947520751,0.6747150279493803,0.5677831501842078,0.18278576205828645
0.19343773195295427,0.10625716865845426,0.35392731468316824,0.35477305443880885,0.14890685011383492,0.010426658222503032,0.6755089020559552,0.39122794166974617,0.2386915088903291,0.7359916384166553,0.3443575050817752,0.13573849742536084,0.40032480880514626,0.050078601445229,0.4707341828589898,0.10726184022501098,0.4041678512635772,0.386123467615214,0.5724904963801929,0.5805890465626102,0.827291216885994,0.8169304039007355,0.2782237109672073,0.2994329900232953,0.5186428116313743,0.31426072379009945,0.5340452619996728,0.33094351144521905,0.33169825003614894,0.31610887097393514,0.7930359678770459,0.48556083421288454,0.38893145311371635,0.1353400980376759,0.3955782736752827,0.3219700251883336,0.2710884254604726,0.368616967567189,0.4912455563523391,0.7088891667402604,0.18016585590976036,0.4649530226603426,0.5384342756853068,0.5976033199997326,0.49561307024231016,0.1756536529512975
0.1382810888310605,0.10184962797597788,0.2717892290110513,0.3214182099131225,0.07086105204210563,0.05541827960704547,0.5244384652590517,0.3480528017828178,0.2185768292468266,0.6937038755352112,0.3279282460717169,0.09145869612940322,0.3026095383689631,0.03945967945369574,0.4065480374965015,0.11145157399879801,0.329427575830821,0.2930804457084047,0.6105922456779603,0.4494846952096529,0.7498917643233156,0.80563402640182,0.18970789682659944,0.26983685903595495,0.400039983410445,0.2138563005859767,0.5169633980358417,0.3039840324335502,0.358471031074886,0.2590097416297452,0.724756306332255,0.4273088818066936,0.2898714324891185,0.09942922439707409,0.3081087192539159,0.32822688233623776,0.23212083992422836,0.41088398553480293,0.44652334456703535,0.6084031491848215,0.13695358424794118,0.4584997787809931,0.5295883457655886,0.5802700045757283,0.49573535931448587,0.10982436200169546
0.10221951544142348,0.06813561995102921,0.1725615990369655,0.2792933440070902,0.04991542948766413,0.19681954494304532,0.571377666315909,0.2161298910501433,0.1359602196182016,0.5721534499012461,0.23441679831451845,0.09202544827699949,0.23816972145126933,0.24172798395943118,0.29841542801365917,0.10406179990061229,0.236566279388411,0.271576295562318,0.3792447417351159,0.3883381946634717,0.6394678976955276,0.5533355106352236,0.18789938419948377,0.21612722333977222,0.33526657675877203,0.1832820365292741,0.6931970792888471,0.2874178506711569,0.27769755267700036,0.21911064965903063,0.5567351889338654,0.4043879274780997,0.30584367775910604,0.06710067218574112,0.2559490520549266,0.2372979798071469,0.1584733630055295,0.23860612607213738,0.3387516068908095,0.44624289246800164,0.15741745211267089,0.3352608192244968,0.4956782156596673,0.39516331081209277,0.38758677718440954,0.09354106841846221
0.1248639718123744,0.04679645409276381,0.16255871582614673,0.12526459447021937,0.07413106329441549,0.13279740155973527,0.403291506620246,0.1813994097461484,0.1344595218057863,0.4852580232785628,0.1810992819795316,0.05737455840686397,0.16270107259595865,0.13954908921259232,0.24016642494527807,0.07056057585773193,0.1464795956396726,0.21530792496351575,0.29383138527952474,0.356878488292059,0.6427904276133845,0.41162835362259653,0.12693389260943,0.2238484254286979,0.27239964318519005,0.15593139845596876,0.5953338618482633,0.2510415635998542,0.19266934735711622,0.15195435089763434,0.4422508238409329,0.34386345094142823,0.2662092108129501,0.0694552205622447,0.14394393917977122,0.12474978775194191,0.17709914551001182,0.07111860244282377,0.22730688992748918,0.4271091935571955,0.07146561649536101,0.3353469320204015,0.3859488966729938,0.32638907388762195,0.2916756363440993,0.12926219167121364
0.04400163953168171,0.07043808279496029,0.10944544838052096,0.13824986814803036,0.0786594239595262,0.08359059712966874,0.2673377161391751,0.15487425886899467,0.10235494224173369,0.3654664979442933,0.15411030972356568,0.05083005748544763,0.13985220906796472,0.12689807629410393,0.197915449928217,0.055799513290683035,0.106253061112177,0.21493954721076525,0.22531538538642015,0.30689603013939826,0.5557094806390532,0.23463182949216935,0.10659657814191881,0.14426052054936894,0.22651360956404082,0.12676403259511754,0.4738106335527061,0.18587656855191492,0.18451504277681444,0.12081611356791168,0.3423807712234225,0.22782395151893176,0.21104278225384163,0.07863395066800957,0.1719383943859205,0.1300911224139824,0.09332135131963118,0.11325822421005376,0.16773782456452127,0.3229630660924238,0.07705460129701927,0.24131768942709092,0.27984892869314176,0.21735228254602415,0.24372782402754728,0.09815635671845824
0.03711156785881506,0.04201969286562596,0.08092454304888574,0.10621165399641448,0.061761518787704445,0.11514214897955431,0.14781361621650504,0.12975204622074277,0.11623402635506536,0.3143188949987382,0.1646839276982316,0.026708375175961918,0.09457737237488534,0.10653975244457875,0.1425961492933439,0.05077244096160035,0.08684866812555508,0.19522920988942782,0.15836511348906393,0.3122032056583945,0.4822551035843914,0.20917559847644027,0.07383742734410476,0.1795326430633972,0.19495427970300036,0.14113610161797585,0.3026133727996756,0.09655793461975583,0.18834339569147304,0.10336730063715055,0.3321573704451857,0.18635270282370456,0.140737419622216,0.04587231439524507,0.15369456912052099,0.0670170780097378,0.04928314108877001,0.08313159550247383,0.12812739703339737,0.3196759524802428,0.09543441207792597,0.22279540109037366,0.19831647063003194,0.2399864389411974,0.19884847965456068,0.12581298548072126
0.02727210843803041,0.03920514042246373,0.07473569835891784,0.05248872336853189,0.023020297394775943,0.10337428779112719,0.1956157545069712,0.1296238676278946,0.1631070394539348,0.24540744557847205,0.1414148049673123,0.02025090802237417,0.1035467979107918,0.12032541870044952,0.17437411857849333,0.0636736644823154,0.05016236608137761,0.15590857395837676,0.18328399325615474,0.3759664085623011,0.4325095309768085,0.13142980888552191,0.053364779913270766,0.22679331714259796,0.18737059183613788,0.13642910264541375,0.29925504994935803,0.156510333808493,0.12825161318889844,0.09763858606536388,0.36579912307078943,0.21462848097990977,0.13705566638849187,0.05243873973014357,0.14476496932652494,0.07831206875847671,0.07602760950111644,0.1470532777245358,0.13753104746569902,0.24876097738837266,0.07216782570772207,0.29266544878349565,0.22250842873136764,0.1717951784412034,0.20660387766872013,0.08970713210665288
0.024358859271048753,0.08365469467126328,0.0506674819450868,0.04703444916122568,0.07123955470918261,0.1255751192465373,0.1939687454830903,0.10683371350051266,0.13317323011734442,0.32568788366073215,0.10858677145086348,0.059475074639296764,0.12976498892502505,0.11331199417169935,0.17350745429850667,0.05355712952904567,0.06708141630220009,0.20929690974464643,0.19057851267208417,0.32712572774799414,0.44886601721237396,0.1526807247435149,0.07425367072831575,0.22256207676239034,0.2357784019967429,0.13864593138682546,0.3530739707057472,0.16679615416071006,0.18200439818690098,0.1172708595843459,0.37303130037009696,0.21943634404113344,0.11737297345455938,0.06251072401346487,0.2091608156158034,0.07213788986430522,0.05100030564364891,0.20898011474662198,0.11084732695666949,0.27202686493232087,0.04914523226546414,0.25775444882065157,0.20147134225745322,0.1291544803226337,0.21613631911924372,0.11751454683243603
0.04762871331856329,0.08360537648888115,0.12090064143771721,0.21754218507799683,0.12224971628839912,0.17287280480616488,0.22764141560316584,0.150743041187127,0.11962887494284957,0.3823169322887358,0.1353981724095202,0.09754803593764486,0.1866008826095582,0.10918481464428823,0.14693126717304147,0.08603191225515097,0.1619315900262287,0.268181095822248,0.20675339333008172,0.269177278865492,0.552881572440309,0.23793874349783276,0.1309215496470749,0.19641863382926597,0.3135397291611689,0.18737825960395327,0.3876951934953464,0.24818711477838265,0.2373559644660507,0.15891011745277694,0.3684526865338363,0.24096695461101153,0.11513597462514344,0.08007058208262657,0.2608887739297044,0.15264866845119035,0.11936361242831364,0.11751518395318598,0.18448386069120362,0.3857821018646102,0.09875972530130678,0.3266476310165999,0.2273544140827754,0.3002355038911093,0.29108990781903715,0.12455225419701305
0.08313603623651486,0.07986963987955377,0.2977694552738438,0.33233489379124614,0.25425291983206955,0.2909859154852457,0.27830442920302567,0.23363325702224683,0.15142907839126582,0.46953983328293175,0.2536338177109872,0.18222099125604216,0.26358058714281035,0.255330803974198,0.23280054426255914,0.14570279217400556,0.27815246208587174,0.32738979670718754,0.22508835642361147,0.21071551053004686,0.6356943943776288,0.3643361381127545,0.37816315540961454,0.2520046659910571,0.40349892825768185,0.3497182390537708,0.45183369846756943,0.4112039119832107,0.34439322935347183,0.22426324789018479,0.551855232144756,0.4276461687210814,0.22508152341286716,0.10121650787146276,0.4384152494230972,0.29661171744561654,0.17919757834067393,0.06630508952984553,0.24805757642857099,0.5506401348405973,0.14479467903513257,0.5777054880071791,0.2980770611485857,0.4248756325474914,0.364211698233676,0.08008980006641236
0.12194479344603658,0.14168795151141264,0.62296713900427,0.5846785746972292,0.3986507786832476,0.44867805162552443,0.39442001284860007,0.3813954807794719,0.16377151697855336,0.49837997576037396,0.3084989720085188,0.34947890078416843,0.36413825097151803,0.2637812395721932,0.31393306456971337,0.24481214324551842,0.4984500458244048,0.2716780357548712,0.29407052285085417,0.2623369806305784,0.6535826179176258,0.5541530052782873,0.4936005480769917,0.3492949335502978,0.43867886042300547,0.41574803010629263,0.5921535112428098,0.4944109928781548,0.5017054398349268,0.37920563802473684,0.6607392424584813,0.5650857248245595,0.33784026981316073,0.17110584184423025,0.5680325711631783,0.6972928451256045,0.30998638856203964,0.26199481856185725,0.29304883176044627,0.6119301752600679,0.2332421933045093,0.6223354838074477,0.4303845141901233,0.5764159781264316,0.5119227698280769,0.10878755301911847
0.293479521586839,0.20176176151966066,0.8439321565634322,0.6980675511335626,0.4351023711975025,0.556584845708383,0.6066119999962212,0.4713045729244087,0.26223408535639436,0.45131334821919955,0.4757695299998075,0.5719302156297958,0.48640203498311707,0.392217578069213,0.4792271489842324,0.29130536627894826,0.6630747409314453,0.4469443183462956,0.3999641603646363,0.34575277255761283,0.688247768745118,0.6075994319678651,0.5662104094600569,0.4369885338469693,0.4681932713281978,0.6129086157745032,0.5304315609951183,0.5731885162100104,0.5888540575348269,0.5522216256513964,0.6295241760281722,0.6833206192770991,0.43387201828914046,0.18512535523785104,0.7213953060947685,0.8182951311484828,0.35729235843574514,0.3095462044048757,0.32799036223733646,0.7868920260199276,0.2540459723092341,0.7736606186242672,0.47362824871431464,0.5714496078687844,0.5217546278704338,0.16779623648608638
0.29499927497666006,0.26430325666908056,0.9274241331205052,0.7779567747165747,0.5142529610360408,0.6427826869547636,0.6444181636799173,0.5540506107590275,0.3297923596379371,0.5180174873668381,0.6598329413093993,0.6938448215975838,0.5921122593305811,0.3412481070883565,0.4507097761867244,0.3513309346774564,0.7286299430798057,0.4152409689636167,0.4218824263257022,0.3681321404381791,0.5636828931565497,0.4378089891703461,0.5427703102588665,0.5448488839588621,0.5311460346364424,0.6206310367228265,0.431202945116013,0.6201838531578339,0.6566941905848895,0.7139627892878124,0.7311516976129138,0.8438549338237096,0.6427885722343897,0.21902434471607174,0.6810749596536378,0.916530580906362,0.3568664392947031,0.39757175874332645,0.4389905003921726,0.7739480670707998,0.2733815059996907,0.711595283021176,0.5680834123838642,0.6606153635265734,0.5591867898017663,0.17768283421294648
0.46657541173974204,0.1849577834829207,0.7909507197907255,0.5106968695498457,0.5091421420434408,0.5903694724518779,0.5789782029544099,0.6529948540240852,0.3749297607482907,0.550563157055461,0.7287061256958202,0.5901695960750343,0.5970325125220616,0.34808034427818185,0.5470027500434967,0.3204828254700338,0.8645134939675158,0.4049234378143928,0.46593019563916976,0.4163697911875282,0.6520299151249674,0.5083743508612727,0.472658595216946,0.5323022802940273,0.5746881621805354,0.7313736592662804,0.5612902245187551,0.6683604362094053,0.7029778861147691,0.6434290599347021,0.7360092989342746,0.7317560755050527,0.6408651569891375,0.23165459943032612,0.767723217071131,0.7079659184933074,0.34254523011606375,0.3318715246949228,0.5450335152905029,0.8186472763516084,0.45421843782377097,0.675275996547132,0.6018252098768607,0.7364754237925348,0.6607716720822506,0.2962834437437793
0.5310735052238896,0.2245347948398679,0.5287468898723727,0.4386504554339581,0.4756417492693493,0.7220963522710748,0.554119560893524,0.8508999115625834,0.40623604414804165,0.5302780618769092,0.8317081589507055,0.4169194979120245,0.5903025094288582,0.4431156510708835,0.5678169941094644,0.29918998101433064,0.9351411673498328,0.4423532517024528,0.6304788812428067,0.4351290232416502,0.6116067150460889,0.5839609261756011,0.6041373420893497,0.4284941860603335,0.6222450322802852,0.7194912681245277,0.48055015211970303,0.6518419957373501,0.6541879071506361,0.760723500970572,0.8230207192141702,0.6650583342412474,0.544171164563373,0.25003200976052675,0.8080548689406928,0.43466325895060626,0.5041973235730847,0.39990540321373585,0.6204351873604675,0.6928326445383787,0.5376346996976211,0.7290487353334644,0.6104379997229556,0.7315799394837715,0.666474997813874,0.20598905717423316
0.4915186467350224,0.2548227465507125,0.6397168446273833,0.5755842712468203,0.5895030875523769,0.7670559138028531,0.7201793112719926,1.0,0.4271192337779577,0.5576450623108115,0.9351999745179658,0.4895838052569673,0.6138143874449423,0.3619060664589464,0.5821215168803957,0.40533681352288053,0.8960587556709999,0.4393791714353796,0.5598049046714741,0.42273717518981,0.5521003412016168,0.5769956838412915,0.5678861906277353,0.4973132508872893,0.636809741977133,0.5164986429537942,0.4358135394844609,0.6149510019434864,0.654352995064911,0.8573320542337826,0.7430366048880456,0.6917523138019137,0.6806952162187329,0.3043170417696719,0.9326498299017187,0.5725838282818535,0.5871292032301131,0.4532077759983684,0.5496318762092466,0.8552901493552278,0.43709756341896794,0.7492033725198848,0.6399390018285772,0.7535541332326249,0.6895635406030396,0.11372003465575245
0.5004478434827672,0.2569431057896361,0.7974368563623824,0.4805195947159056,0.5995317268406487,0.801559704508396,0.7708481990793856,0.990214378998657,0.36914231010617876,0.5641362315897084,0.8982542578879138,0.5053778576565551,0.645244611635888,0.4019912092456438,0.6550036741070051,0.4714021828516488,0.7391791858032397,0.3800481560518891,0.4902010283709036,0.48860744184699806,0.587712389935119,0.6114328498817456,0.5717264861555615,0.584077452654685,0.5670510552930481,0.5796459494207272,0.44809500417673537,0.6938530868797685,0.6808018308640768,0.8921860177456572,0.6770312351966463,0.6142610807444217,0.6316860882229131,0.4246861812390307,0.9457697509684012,0.706165455457207,0.5219706132500559,0.5783801964973704,0.5279019305715367,0.7530921351754261,0.46174388791880255,0.7889959390694609,0.5982586696347296,0.8315169188757482,0.6582781734109777,0.11431115589568355
0.40755754494476604,0.225627135488659,0.7402623374239005,0.5828403017034406,0.6664049923186431,0.7892723128916851,0.7214412643800553,0.8783903966993082,0.40209736407323465,0.5692488447689455,0.8306924872321767,0.5574856217376187,0.5714818106296429,0.36572467635624145,0.6938010224872828,0.42630860009421545,0.8510571142938121,0.393697165335272,0.5242683896382259,0.4376527627556744,0.5666425587022005,0.5980621585548501,0.6759129590541929,0.617497269838686,0.6318169535955052,0.57420131438708,0.33415612743584305,0.703713652689391,0.716143000142232,0.7919188304333847,0.7577015732934439,0.6237259596420931,0.6531802599021158,0.40300336453679597,0.8152803134066552,0.6512707551915935,0.6074451764534965,0.579936251487104,0.5676892742269903,0.6845832795686259,0.44670273415867773,0.7896716247939245,0.5747417319543702,0.7451595599056302,0.6293531065796903,0.2050841474509178
0.432201108731799,0.22443806616337794,0.5011456337675138,0.5447202573583073,0.5367117331506868,0.7467960267569287,0.5932904288392705,0.6504140608927425,0.5011224900535082,0.6123437002619077,0.7190505692881128,0.4572514434986781,0.6423001249084644,0.4667004980434641,0.8292409333463053,0.33592423890306294,0.9222409017064245,0.42512920578822205,0.6164278953950443,0.4624815485268745,0.611322542276677,0.6623917916409018,0.7772782223075019,0.5282001638827591,0.5410525386160288,0.743210232777918,0.3025078081673886,0.6853183866415818,0.7421359220582356,0.6789193051001605,0.7501681073646148,0.6948747078448306,0.6146553466200221,0.3269866451603481,0.6103260700077214,0.5538515067042278,0.593674512907874,0.6173772416577082,0.5336554765493515,0.7022164954425542,0.4251880410453781,0.781467869782994,0.6165693920545378,0.7804634224510665,0.6837209592470707,0.2484178214800028
0.4995149196443354,0.18332653026466372,0.40698239615981285,0.45775818608091196,0.25943094639254227,0.6543492461993058,0.5209694512624665,0.6071342867730662,0.6885762093737506,0.6531106376811198,0.6054912301782666,0.3564164499725053,0.7277230805914513,0.3196990745258183,0.9815552696009943,0.24047859693359724,0.7580238131338919,0.4103019619900219,0.5570641336562384,0.5718361543980951,0.7183963499928,0.6597056403293896,0.6958443030471954,0.5009563106107172,0.6507504328228404,0.6225489752552906,0.48935880788922975,0.45277542140617033,0.6795494443597513,0.6201946034051729,0.7178185076079463,0.6542035265704698,0.6124402535691442,0.2536312158100938,0.48385165829184246,0.37770955300806114,0.5195774633744498,0.46950514270851224,0.666844965743336,0.6554186538769173,0.5559422505681633,0.7398292481722449,0.7700486271141358,0.7685848538208466,0.7786356089284351,0.16386010126197453
0.6100168438392813,0.13685377189070722,0.38098040424279483,0.37460817780838895,0.2148902049102194,0.627354150353769,0.5077352481237642,0.6560821920813961,0.7015920422962821,0.7310985232926046,0.5971210768374079,0.40858763504161943,0.7706893557686553,0.31793252220557566,0.9933715791795477,0.17314467247037368,0.7481486289783242,0.36441414467225763,0.6413529236995112,0.7169600449369032,0.8355727281972039,0.697239780198298,0.6182856571882296,0.40967112625565255,0.7976936008142094,0.7057125082426049,0.5389618300500448,0.48217969118238146,0.571438365370427,0.6305394437071477,0.7744292042785985,0.6406650551333427,0.4803492488393495,0.23702702347625515,0.483913793509459,0.3318136296164965,0.3460346848345871,0.4511059694025498,0.6903279486959916,0.5823500881898294,0.5356739808180876,0.696080311986137,0.7600642702110002,0.809477756918987,0.7961701312532654,0.2446775686805001
0.48037861150638955,0.19718726720109675,0.3535186414602571,0.3900361465854908,0.23652767552778978,0.6294560613961934,0.6493218556694929,0.7491576988642247,0.6322300978552303,0.8462822069257079,0.6557832017868882,0.39529241947267646,0.9162095128276762,0.4320438828146317,0.8079152416334808,0.20453832282091958,0.7680221695858295,0.4640368215480059,0.6434356893063096,0.7295683488612441,0.7933157252703325,0.8905612006642918,0.5620802744122685,0.4376654530398525,0.8422702633296936,0.6651335529116015,0.6369590409144068,0.4731683219991982,0.5589066280460564,0.7323949836013798,0.7638684250412291,0.6733875779994167,0.49844279161226746,0.2786974980785676,0.46478711002200684,0.3382080040783375,0.40056360522194556,0.6335613025510503,0.6710089735512371,0.7172930280748392,0.5463877893238789,0.7513677429132943,0.7810157905840094,0.8944143729189696,0.7614649451795518,0.2565559122513025
0.3472176962697875,0.15727484162836644,0.36242969260507724,0.47213600338100675,0.15464310684356986,0.5471906286774798,0.66959780725546,0.6046585004371877,0.34809219849866296,0.8299437219947037,0.6194341074601658,0.32105912445814855,0.7333429780516874,0.36244531153935455,0.6248655693153728,0.21675792265402333,0.6712367126465799,0.4484715369556666,0.5522405762257355,0.7904292867549677,0.8268387005325624,0.8226582950546376,0.48100991200780097,0.420966604318818,0.7255887024471909,0.5343864194786629,0.7044085889689143,0.4711192114447794,0.4978085576911012,0.5426684560461184,0.8303000846720442,0.5791697011256512,0.5876597214421898,0.2665345305251593,0.4347960228031934,0.3517117153611541,0.35106666586611,0.5752620255191299,0.703204703459726,0.7440483006184,0.34197915615519736,0.699105268759979,0.6299611970663027,0.828107468785261,0.6286959752266745,0.28586088805149107
0.20841398812806775,0.11429319798799242,0.4244374848072045,0.5033353816941287,0.13729559088679086,0.428846049701439,0.6667403804531127,0.44661136054304307,0.3179023940908024,0.8394037029821177,0.49962802694173714,0.2235151096052732,0.5580155283490293,0.2889818149363922,0.5596698651464916,0.14130711898097126,0.5840634434455991,0.3708826174506532,0.4918195699744955,0.740136440207944,0.7783991372521618,0.7114771701359639,0.349086281985713,0.3931527065325038,0.6065479774983497,0.4151260414173133,0.8741586365455498,0.36297591742370205,0.4428947635822952,0.44012193629592045,0.7710727319645687,0.5927903039218367,0.45710985686181704,0.21776273879521496,0.37657211237401966,0.33580764316373096,0.30123783837058715,0.4485678433433636,0.5627514595698868,0.7878003551749548,0.24328163845669137,0.6239919470989969,0.6032620853459598,0.7091930451889901,0.5642117730803841,0.2477235414111249
0.12039796890957923,0.11514385939984767,0.4013901296878201,0.41308018217333803,0.06290053068924539,0.36467940810020155,0.5700081942974968,0.29027279938359424,0.25706488711571596,0.7817384565838082,0.41479044674546567,0.16129956272493784,0.34215492918941504,0.2791143002519457,0.41507720610372195,0.1513380422756335,0.39243971786654586,0.3423352232122631,0.4954127451459599,0.5526675726762824,0.798988712164967,0.8298512501027472,0.25250852655236755,0.2839079880853035,0.5328790114646901,0.3551938420383273,0.7496266262323625,0.3490195792567544,0.4072868564377746,0.35748278363259717,0.7296447556010576,0.4467263018222261,0.30770696658013486,0.14887271329249485,0.37828019103998634,0.32532676433870705,0.21114272276534032,0.4837676789053819,0.45941275163394785,0.6584914437059004,0.18303864127104585,0.5066995766494331,0.5350582445399995,0.5947930483079822,0.549676794972726,0.19456194980361788
0.16056462929805562,0.09023785826245247,0.22716550220932646,0.28866028580793257,0.07502500664291525,0.3098856764377866,0.5120189867825529,0.2313040077152659,0.24788216332043242,0.6743905030552955,0.3059224166077903,0.07991050339462136,0.3031015767756989,0.2667989244392599,0.29923896974807734,0.12936321324333833,0.25913323123380777,0.2630350641538099,0.3421179662307985,0.4450300108091957,0.705978678596168,0.7753039572704578,0.23378216188097958,0.24417736690834305,0.4302402980260798,0.27567382450063926,0.7459271157273781,0.28259039493914684,0.3559768058701489,0.25658766698171775,0.6610506660822402,0.357921648726142,0.24763085104911045,0.0686550005688815,0.36017988237748017,0.28351052449347564,0.17888621951635195,0.2605422964947881,0.33688267308716674,0.5889880343356837,0.15689576469978708,0.37595158411933133,0.43099297408166515,0.46817758618494576,0.4530223498057851,0.23608098730955207
0.10912899057367818,0.07416260397313403,0.16006766124725408,0.17766594040620365,0.09305341714032242,0.23094662657715398,0.41916543336389583,0.1727111805392018,0.21632714840840225,0.5424454880395934,0.2510419503782475,0.05923690920073175,0.26020980030470786,0.20908000432726787,0.23857307329197092,0.09810184324607243,0.19302257479103666,0.2539775493650707,0.2290448354725868,0.35542679081434486,0.6144761522326504,0.7155055364841597,0.14866921280881013,0.16772418764716793,0.35503648324157566,0.21619117038379737,0.698723944662537,0.24575675106022235,0.30545409464628603,0.21758839368468483,0.5171975152939254,0.27642343306535766,0.1893837353487179,0.03981443360325093,0.25715456893227334,0.14654651013855796,0.14828242014368728,0.30862075023025287,0.2895162141546176,0.4665400265968997,0.10173879067959712,0.2703658470318509,0.4349007244854458,0.3838676429063782,0.32530334444542025,0.24895534061747265
0.1135346211077808,0.11543742038406288,0.12841224499099163,0.16542002833202968,0.06795574790188513,0.17638478500678642,0.2807749365886547,0.11257083653813799,0.17690777463879845,0.4413730364267669,0.20811961924219993,0.08743315697152526,0.19841314279474934,0.1335197667810047,0.18015560037630557,0.04645311992076231,0.16490239039568055,0.161914069615879,0.18224088408569095,0.32601917255607893,0.5632527901046063,0.4569628601431492,0.1388313296822733,0.1438320319048214,0.2599168429423507,0.1429185628083004,0.5761476672265393,0.24280081602094447,0.2161383654093571,0.17319714164692956,0.4119007284598541,0.20126231151355803,0.16199438419424855,0.07332983027667804,0.17619156616609766,0.09856382962126954,0.0952459349957262,0.26557693229413776,0.21417238914784792,0.39600827162213925,0.06747355765833521,0.15357890881387787,0.3668395808170809,0.34711399512240704,0.22715990267429798,0.12350412227863689
0.05373703771599091,0.06472790878934433,0.05940027256287088,0.08354045582505558,0.06840076971903011,0.119418522473606,0.21521855125035735,0.09726353435932927,0.13082173251403478,0.2958307489102877,0.1800446640307247,0.05770848547120736,0.18321406507201746,0.14227487650405268,0.18906136354763797,0.037585677128608205,0.08287072007319897,0.12380754717306187,0.20904972867627844,0.3372913264271251,0.38612195256561466,0.2896531679034072,0.09583572012029773,0.15131710780825325,0.2267984826160229,0.13172838298954215,0.43825576924523213,0.18614356461665585,0.20099025930927317,0.17268669528002048,0.3438167460912634,0.1750557146864868,0.18265205819635472,0.028216475463889206,0.17065545609228416,0.07059580383638826,0.08447497884004697,0.19637517204451155,0.14749268204678287,0.3337634213466278,0.07177136810673154,0.17314802384116057,0.2799295472254979,0.3169834824921527,0.18654771309265936,0.08881630674344593
0.07947192945527397,0.08285566864364255,0.08089117980589704,0.0717898677958622,0.10388294532005646,0.15277797812354646,0.1247839401438248,0.0987048407926713,0.013184772323061249,0.29579162632291284,0.14497671349700464,0.04859623929428538,0.1371735070584985,0.1211855863777786,0.09725511650874026,0.044096336871277696,0.07623425191738417,0.18433434936496695,0.12361628529598265,0.2594570875074527,0.34397194679044396,0.22470482390753385,0.0770038680437393,0.1535155769190165,0.2332768667503469,0.11766943805922171,0.5074375009729947,0.1632254955093213,0.1819404022366888,0.14384083113377752,0.34215488931036825,0.15710199455997986,0.13216017557233667,0.049407186116534385,0.15503754130042652,0.07239828117306625,0.034257317945718194,0.2933858941296108,0.11875428744180289,0.3071488925880019,0.05625893388810021,0.1412854835734305,0.23155982271049805,0.2798455699475073,0.1881542062574551,0.04028342205222201
0.02922344799170769,0.06768072404006525,0.08709368034721927,0.13467291524108171,0.06259081281785184,0.19223257745610942,0.12597594432909215,0.06676987545010951,0.030000778012167426,0.3021795032534321,0.11335165193263821,0.050843373812805064,0.13368138567159435,0.1263164468431677,0.10260743092065748,0.04848498920178098,0.06869190662437777,0.18435364398396042,0.14480748651345032,0.28822445221403253,0.3769268236667637,0.21381274707359368,0.07029535196908206,0.20267150890695418,0.27082779350834296,0.11004894238818487,0.4848158096812342,0.2208817752721994,0.2207903651713072,0.1317979172760629,0.34231924070209,0.1530530305738029,0.13307559472043196,0.04264529256827748,0.13720697350054684,0.05203677417741168,0.015497549305277955,0.15860636673772005,0.13245410803625388,0.21946352193678753,0.019792523790141743,0.16047084751105709,0.20489141658955065,0.21237515661443115,0.19943204148795665,0.07649211574540771
0.033435051592957704,0.06076103464000408,0.10507175174599624,0.06267701586261563,0.07764986305315572,0.16748116514209999,0.18133672527296002,0.09981261249759485,0.034342654385027795,0.3885929628084877,0.11364852565598679,0.09017428552707743,0.16336853236915744,0.12145185708985262,0.10837226273125483,0.061467797366141545,0.08924240529700937,0.2023304589815061,0.2189082803806235,0.30289998414173147,0.3952034213335066,0.13751532146641335,0.10163754847644985,0.17795286940724409,0.3038764045265638,0.1968565565748272,0.43262398258489637,0.21383449354100217,0.24983674219324123,0.17790629208027048,0.3711823956827847,0.15687160802669595,0.12430345155174591,0.04984148129277982,0.11529180934854878,0.08732219781435895,0.030466098008865017,0.16747575771303186,0.15818667794756505,0.3569103380138646,0.024816845761998094,0.1828968889363785,0.1952232678078405,0.3037226877748648,0.241177019184455,0.0885007743559372
0.0775764469171842,0.09300215697674125,0.23171548089865057,0.2216034824070568,0.24552211050728692,0.2729471770707987,0.21212377328532658,0.16546123863935266,0.11062475977505234,0.3719910355691674,0.1981298500011073,0.1316771501514668,0.21979345097995395,0.1522360890923708,0.11750671249690313,0.10501619427836192,0.19265345547342208,0.2528697475584809,0.19357247117313384,0.29072310209134167,0.5203980967230388,0.26555396351671723,0.3128241051453038,0.20427007642241327,0.3843465190721201,0.22542349744451706,0.4452066957479483,0.2936778381305949,0.27588182968474995,0.2115655839385196,0.42584600896983116,0.2262269326221003,0.17620099819987148,0.08527748296244682,0.2013309289115478,0.1662399863751567,0.1511852916164112,0.2272989951244963,0.20874369778991164,0.4083388422213888,0.08674603803596129,0.3304379729620798,0.2602914203999909,0.49452645905530734,0.32952219832327756,0.17370576045049807
0.17433081522342975,0.23353948881542366,0.3032673439786555,0.34294747830092137,0.6171226007276915,0.5435071816631717,0.453314650361703,0.2824683203869438,0.3078964359774391,0.35518108094949713,0.338489737982162,0.3318921748824087,0.45027652264616747,0.3296979099092106,0.3411638349944995,0.2533386115292103,0.5072162746549729,0.31385075114754485,0.2855663371426842,0.2783185613552694,0.5577292989381081,0.555063247029147,0.9559174544131842,0.4539548294823632,0.4476754371751075,0.37904054306083135,0.5677491372195156,0.4752586346842298,0.49011159098023216,0.32998567875760293,0.6202477025140785,0.604643017760398,0.2862135628936807,0.1366414873270206,0.28660075233374815,0.32096388258563674,0.28604053131516605,0.3144565127272554,0.3141380878890101,0.6472126889672773,0.20448487085811587,0.8245225178639651,0.405989732238737,0.7295097480585105,0.5325062109555954,0.4395138115484988
0.20002837731660805,0.2378332409142961,0.6369331949739588,0.6248560056998302,0.6626837097619797,0.6938291835513917,0.42893986110726495,0.4418472565749719,0.42849016737114637,0.3656348829489052,0.44897908425343996,0.6771798757267959,0.4336831849517931,0.4925875770899372,0.3859015539152734,0.5822026505462132,0.5888578959503075,0.32673803624070596,0.25621115001184247,0.28101434712231177,0.5267124830244135,0.6229116927863405,0.7660388428549494,0.5628729189750322,0.4309194492448476,0.40697764828637983,0.46074268428250137,0.7332939210671973,0.6500658142820172,0.531724454752509,0.6497981884787934,0.704788550017474,0.3532937817802938,0.4581009561132145,0.4705822093456244,0.6918089457478407,0.5627067671962681,0.4542743426609685,0.31274931914914594,0.6299495594431889,0.2795431170582166,0.875979469036081,0.4249228442594597,0.6355511122963468,0.536687896762709,0.5244723738770409
0.2020877819068556,0.12824657329128483,0.8427619916855553,0.7854420429837577,0.628273209893935,0.7388271935265809,0.4555332160279741,0.5114132005413449,0.47518273498132496,0.31720608845286674,0.5086836477405131,0.9292423826816126,0.4962433524504728,0.4087779432804818,0.34120431443096866,0.6392809557597074,0.6891239105439317,0.4299862971326917,0.27430783837042055,0.31737720784687024,0.4303243687123857,0.4315746139045259,0.4953980620079005,0.5475220790038907,0.37990207917264446,0.37485613404074153,0.354307737139155,0.8218184097415449,0.5921339272962103,0.5997439726275365,0.6011145387642903,0.6378587727531918,0.34011418686516703,0.551543937837387,0.6417517474204715,0.8209460755698542,0.591809367679789,0.5464838086057432,0.31841158436904066,0.6139483749795601,0.2824006865209281,0.5987125233832287,0.39296087981012906,0.4929628968640476,0.509608416097601,0.5093664585525882
0.2928601491384205,0.15527200140473194,0.8245883784693041,0.6112319240526223,0.43389513908169874,0.8027184435784653,0.47330449879906616,0.562203879928006,0.5126526716528705,0.3071112343128769,0.635550155882746,0.8018582608492513,0.4107642499501416,0.43494253831465973,0.3753599928645336,0.7154791640532092,0.7464030570499279,0.45344810979845535,0.2979624691471202,0.2989870805846968,0.44674220648258745,0.4091163582583962,0.4613181268236236,0.5913987232830533,0.43161991492385804,0.4332016792329179,0.37920442845393254,0.8575840719537461,0.6011277102926957,0.7235729454886121,0.6300965261803562,0.6520459795535185,0.36241420667099267,0.6121679103818987,0.6520781234732452,0.8348483142763656,0.5943323668013157,0.6038670312796379,0.34415442187763395,0.624921591652513,0.3249313978544168,0.5884917737591278,0.4175368543072984,0.49717538247337734,0.642383622186471,0.6887150804301065
0.40613276050723063,0.13250703733152974,0.6582596010772043,0.5919682108655371,0.38644008706772537,0.7671945259791334,0.5470115329621151,0.5893704650001182,0.6799199674501558,0.39885845811374515,0.6922420563681685,0.6550046503571472,0.4394044459300133,0.36993105541716753,0.5247791641572482,0.7846671152838771,0.75750179900336,0.44206438879940907,0.3986708749650818,0.3421045186181873,0.477293304116861,0.5059747970869254,0.3978489075804982,0.6143346868729782,0.4053057451376664,0.6403408360311026,0.32201028153787564,0.7708284195025668,0.6310368850428214,0.6599244904987085,0.6054027162310223,0.5371069985763693,0.4025923644821059,0.4915031295495353,0.6300436445095947,0.7728183356854998,0.47511507607615333,0.4712991050460312,0.44215759503123364,0.6191585335662455,0.48375827342328453,0.6259500750676326,0.48277404830090576,0.4916715780036768,0.7290000760976448,0.7343776324326863
0.4728389143790372,0.14429765641634582,0.5305001357242916,0.5052209751812861,0.4784053035275898,0.7969389203033489,0.6233904208051638,0.7492667606579713,0.529299900560252,0.3807463743839392,0.7629443774286208,0.5184620932189354,0.4337800366377744,0.4252099971305564,0.5418327363201154,0.5474728229917125,0.7607536479311838,0.42804576390120425,0.38516245658862,0.3378770780466637,0.43150676975573415,0.5097052300181752,0.395536864089978,0.5496302375493584,0.42071158548771387,0.5980927627052202,0.4049416112105949,0.8074768978912823,0.6557921177304002,0.6970724531043482,0.6127562060443051,0.4691172914208446,0.38838083519607747,0.5202813841575112,0.7165883713751793,0.5424288667811432,0.560222508106057,0.5240330188528038,0.4752185522358589,0.5810906742885676,0.4513863295189687,0.6815854917025217,0.5371092081742243,0.5914008245485965,0.6123046553963786,0.7532626829769514
0.35671409591611203,0.17992181081156514,0.568339674306129,0.4234395719003293,0.5824098574194335,0.7487631439218879,0.545311359410599,0.8533942366955847,0.5888370303590755,0.37038625875386844,0.7030373020314332,0.72549994669858,0.4073205699859259,0.43555527817775513,0.6362196646879921,0.569950980402442,0.739200450386513,0.46916605715263854,0.37045106053788013,0.36775573539455686,0.4279898427186677,0.4657734951485725,0.43179227693289346,0.5528978239688088,0.43567880029862727,0.4089097535701395,0.29460940395908475,0.8083775695463385,0.6836664954612687,0.7276278659929352,0.6299080887860792,0.49861165535129026,0.4526964947718968,0.5765206106399362,0.8995315410513284,0.7113471024705209,0.5881007013151469,0.468408125115193,0.4351343502071868,0.6120179565439101,0.37321949869597965,0.5995594237512898,0.5243330693389787,0.5297059808609728,0.6007368153388738,0.530258621127517
0.315638027797675,0.18475556085410602,0.6385522991653128,0.49984868736035243,0.4947125634775599,0.7928659917513917,0.5486309816005283,0.8164884993771809,0.5824242677195846,0.372938076393336,0.7452270072097449,0.7733512406062087,0.4216103736532796,0.49896360028441294,0.5544411831796291,0.6997420663467371,0.7041597159977376,0.4184423115632717,0.48079790995641936,0.3462978843921667,0.46066957168089306,0.4792456214783691,0.4560426033514545,0.6164840027791655,0.3757355734623074,0.3805341766712497,0.35317421434261914,0.9468068995946856,0.6270371091072395,0.7375154921998842,0.6383888317902244,0.5756280898033266,0.5023605716511588,0.6647301713874135,0.8014281186913808,0.8325123165933096,0.6223334735295566,0.6259411263979271,0.3692555913250527,0.6681900784326675,0.41380256181306796,0.5918866549177508,0.5244480879642408,0.464497398805491,0.5472104709780765,0.6488747688019919
0.340863639533689,0.3422078009970778,0.5759589628547859,0.6392135779524446,0.48367351260850777,0.7184894102359946,0.5954591738793572,0.6776794382462752,0.5904237901375948,0.39136091492755093,0.7094203582151904,0.615538095720112,0.5192050275876251,0.6239711952349851,0.5826377461614946,0.7033361991541811,0.6715763409820827,0.37778152436473905,0.44986414786626067,0.40193947712540107,0.5525872684857427,0.4522711647592183,0.48881403603821694,0.5811238614472836,0.41213185266104535,0.5039932335712196,0.3098471857012291,0.9868714768153685,0.6548327631265911,0.6390576315961762,0.7531396209536866,0.7933225337955903,0.4343652142918045,0.6477790354351175,0.7028075739713516,0.8023341952900639,0.6621052655303017,0.6975047142577169,0.380748505797939,0.6530220772747064,0.393998763068452,0.6359913850342758,0.4890230166242491,0.6616567207897776,0.5757762212975717,0.529447109269404
0.4097678111494527,0.46603358755085994,0.4824308476373112,0.6011056568074178,0.5445657858334464,0.7549405112309715,0.7394372652561766,0.576995292990424,0.5918933980453916,0.4348409803983634,0.7454621660756062,0.6248574486530103,0.5418764592080858,0.6297796248388413,0.6005905747376659,0.6010363408888983,0.7303544515569368,0.37162871674220654,0.4879551085362267,0.4244582585428542,0.5668556668946084,0.5735905639091827,0.6958696883496057,0.6846817281396395,0.4056674518482095,0.5502392285863105,0.41853860557354405,0.8535919999489295,0.795768029368889,0.6616624364184032,0.7733814015479229,0.6673658677279491,0.4699559800730386,0.5021433147165636,0.6218311455244974,0.7490162914990256,0.6724134248105448,0.6691486428420653,0.450841619658158,0.8142476698714805,0.4157384099188947,0.8046390300776795,0.5881775994786005,0.6595706169914033,0.6545756240062475,0.6293219150646976
0.4058342249389275,0.46866481641562213,0.4663933670206322,0.6633570182215993,0.33942408292733584,0.7472512020403312,0.6067216026556155,0.641178673176029,0.5825131560522195,0.6297555880970801,0.6470755839851836,0.46560922744102656,0.6029148007374551,0.4793896855983833,0.6952644851079862,0.5070733332975665,0.8334584825363686,0.4382273631166564,0.6437838303656485,0.6231943863373696,0.6920385868344519,0.645668753802925,0.7902879086291749,0.6635722772435704,0.5437570783993309,0.5235552424515784,0.5768876916905957,0.6050322722002648,0.6645153938961476,0.6769886521874704,0.8165819160130875,0.7111452123125344,0.4876320593325598,0.3745406678920442,0.5079281312079609,0.38897188258270804,0.8212381021341922,0.7285739873690227,0.6794377894870479,0.8118279421294508,0.5456963603368716,0.7774828227003433,0.686118504950424,0.7058507232329895,0.7812811305336829,0.6763864879009259
0.45171567793245154,0.2188516918688226,0.40314953014615984,0.4241298885129101,0.20271921172689997,0.6591433628676668,0.4396391828700695,0.6553237609484219,0.45534416729554,0.7412583839724424,0.688551208595227,0.4658634590998624,0.6658957086210799,0.3767199596151919,0.59372441221876,0.3536893178773182,0.8131874248691993,0.413747773148162,0.6895310263492342,0.7653644990029196,0.9494097984671552,0.703771810120252,0.5359843215167964,0.44765381104177715,0.6876739480381595,0.6488989636836378,0.690951911314588,0.5611918862101346,0.5454206700980282,0.6311481672752302,0.7821086198195528,0.650771264698589,0.5785426700420756,0.3877325254636417,0.5004373003976099,0.2984548063389485,0.5423400466693407,0.43367485858062377,0.7097510691540901,0.7990614518293705,0.5862542523008262,0.6879449673994296,0.7650508500987806,0.7553725846676106,0.6977985581813815,0.3543106039571105
0.4774619665769953,0.16513105158940378,0.4249743733966732,0.42033711693073805,0.1819077054075771,0.6474310783987735,0.49744672561812825,0.7024966400802244,0.4421636350561845,0.7954461306428408,0.620862789281541,0.5276345489648613,0.6576689365935798,0.4720152314656156,0.6310375891695251,0.36415897196512764,0.8038216643996542,0.4813674450274508,0.7050207185179089,0.883632340306495,0.8859581622203724,0.7692697310867533,0.45902488724455004,0.3626394008628872,0.690888352452448,0.5456908422840354,0.6036999136719827,0.5006553813849838,0.5470003975022547,0.6831478015837346,0.7916753324838168,0.6142813380246279,0.5469471199632299,0.4132861792163523,0.4751054976936699,0.3277145533113446,0.4326273754112282,0.5424738704595669,0.7653782484658731,0.8033830135256897,0.47508716390127986,0.6864539655610269,0.6731746401241062,0.6242602012742726,0.6991066511768362,0.2787644793827529
0.41723198268759787,0.12716850417654949,0.3751928487686362,0.4480847939586318,0.15266210653376178,0.4679375013982865,0.6317881704750361,0.5626172368456387,0.37474088020596946,0.7685654913134828,0.5765274166266431,0.4601824892590265,0.5840936080717566,0.4156968852905794,0.5906803775276442,0.19431796037865565,0.6980973774274538,0.4025219717352091,0.6054223302821159,0.8105444031603288,0.9074365183560766,0.7431318404167163,0.4194176300146525,0.44342870782876637,0.6659079221899142,0.4450907963255431,0.7149413349156626,0.4792263701210865,0.5736777243743413,0.5719716582468437,0.8511346847413489,0.5787555888717291,0.4531590831783109,0.2703039221841805,0.5005117003286313,0.31605516055201455,0.41049896637647487,0.4895748541731669,0.6623855245465313,0.7936993393401325,0.3411833378706593,0.6453199154077524,0.6324828108430334,0.8165592683840922,0.6723103793139683,0.2728084156338932
0.18857780440693267,0.14410367069197694,0.3859312166973824,0.4348983019257549,0.20467395073020161,0.3964032132570353,0.6605504333889585,0.39219974221627835,0.3016453249669126,0.7448069109348422,0.4692199184259821,0.3770003877136357,0.4696845967818664,0.3312487584901179,0.48866449048233224,0.1608425421633946,0.48902509255300086,0.361665357062194,0.4434606952212238,0.678504917109936,0.9170184948506691,0.6143388516768358,0.3190166576472898,0.37364496801376107,0.5742419278609007,0.42076793453384387,0.6899316571770918,0.468157664597341,0.45947019886258345,0.40161388553883376,0.7543406686051665,0.5012138927161519,0.4242166420124802,0.16513014172507798,0.4672339897628989,0.3012952171275086,0.3149336547957319,0.3410993607582615,0.5742632861565788,0.7376525323597224,0.24905417643212202,0.6458553013883349,0.5218390730181979,0.5639464795782244,0.5823897934083417,0.21149148031477782
0.1406325622798629,0.10916899537129107,0.28648242107651467,0.30151897432958413,0.06740487248502927,0.27954377130547564,0.5740667349009584,0.2890633110628427,0.23614708620866423,0.6625666417726406,0.4042965807449583,0.24944867840278642,0.34188482898436795,0.3254567188169079,0.3553587464390953,0.14475694359693872,0.35419066950425593,0.30533809549390656,0.4236122067636471,0.602993023352779,0.9016156082746988,0.687748087915433,0.255266294341402,0.3659817900952597,0.5340020226192722,0.3570715579804056,0.6348598163097978,0.37493863619887124,0.3583102454239223,0.35203285061055306,0.6451769333304674,0.45362069660745685,0.38275433747178056,0.10002622619811853,0.4123386126431567,0.3002234402193411,0.2860452189355034,0.25229051621030435,0.4507246267022593,0.6498318235928191,0.19679699128310904,0.4584020225388982,0.5084722188831365,0.594669845087077,0.5396730658061846,0.21680261441566157
0.09199635208140454,0.06324513726698874,0.18932862403130513,0.29571785485218177,0.0698365185838425,0.17686120186139445,0.5322677072238191,0.2653126224526893,0.16817700947750036,0.6189149799673654,0.32300120525846704,0.14953933145724152,0.24084255082613018,0.22801730519219315,0.3345012979913266,0.12412408933637145,0.23815812394448202,0.329034390371652,0.4220851738086372,0.5118606891643023,0.6875070584600633,0.6081649728475043,0.2261385381885941,0.25715035890457627,0.38681656495401245,0.20870660514112271,0.5675631614789007,0.30806732662958236,0.3429961864638551,0.26171454226630825,0.5961110092592269,0.3321149465403566,0.33282129647551095,0.09517996751601854,0.31485187292485817,0.24121990334696708,0.11751292745488243,0.2409936676720581,0.36232097028309884,0.6108081375916311,0.13894212041368864,0.3713899983993016,0.47753639203210724,0.44970969914407444,0.44099967753111746,0.23641110965578016
0.08370522831901943,0.042574910792318885,0.10892881397375788,0.1310686405625215,0.11076657005779308,0.17525060708998452,0.45540280874710043,0.19817531210083963,0.14132339519606357,0.5260327396611489,0.24219929131463552,0.12141838235440444,0.16548098730387234,0.18611317093108992,0.2779630382333929,0.08119244975974688,0.20370615604162443,0.24080941121024052,0.3320772902593554,0.3695898913878565,0.5678358742599198,0.5070267878656652,0.16783399902589743,0.19536720164410623,0.3154602037087336,0.21727768505483913,0.5974220623409567,0.24909790509698296,0.2670385943743627,0.23307363502913092,0.5269243898730885,0.28180378912242177,0.30157288721043574,0.055843173646108635,0.2797741747710884,0.26278798308529566,0.13364163024042933,0.14144232414790064,0.3277127140359964,0.49860937393256816,0.07501123842572735,0.25147995052438205,0.4470986809755633,0.387975125039861,0.4100414496812706,0.17213618268593442
0.11691418286848883,0.05534353948604703,0.07189356810154941,0.12228912151691972,0.0,0.09840144980913303,0.43080136752457365,0.11217295389456933,0.1272125305149503,0.37006089656989977,0.19481202412383675,0.06749968029001946,0.17978982702876503,0.1531916324742346,0.29022347004758836,0.059387587693464076,0.1793688130772934,0.21749895206236547,0.24505538574020713,0.35431620858996465,0.46737929903651265,0.3393463964861461,0.14998698844187214,0.1772111080361468,0.28996160802973764,0.1690382614613588,0.5398779753950838,0.16828127717517533,0.2887675481549349,0.2114224555589202,0.43978325568263443,0.2354343687086321,0.24149463696563092,0.04121854530742414,0.1670856626371635,0.1601778351385681,0.08537055911648826,0.1577677506275822,0.24775670001885228,0.45538081274556635,0.08795233444592998,0.25961417705736634,0.35881967543398424,0.27481147385921734,0.3121779058937316,0.1789635441598783
0.06571301579817372,0.053576967774564596,0.047942029358230526,0.11734758073825745,0.046043762605196215,0.10689324872302158,0.34284374265734724,0.11554747804510271,0.12602355905710394,0.31248873674619637,0.1612523393064374,0.06770331940149735,0.10021236096202157,0.134165488054159,0.17442900528118124,0.044140849639888215,0.14916706518837852,0.15388698239827858,0.12095536389274783,0.2636742972752304,0.429430194579417,0.25766311068038855,0.12555482000452506,0.17589974776210818,0.2825172393850687,0.15497575359111837,0.35515413231256465,0.14498040001696175,0.17913594640897784,0.24225240736212428,0.3541901937419427,0.16647204552044867,0.21829516130359258,0.05473647270707163,0.13688558723949146,0.1647882251265993,0.12507811383397024,0.1486258773978445,0.18692876470465292,0.4410358259419445,0.06213750307624074,0.1923719289672076,0.30134663988821697,0.27904495575539545,0.25763027002724376,0.1448217437730948
0.06758159550484914,0.058723016634962946,0.05109932109897987,0.09888122649385599,0.06750487105277758,0.09778386138558522,0.2363223036286716,0.09867164370764903,0.036719261800859083,0.3020882082146671,0.17673474558009447,0.0280889425366563,0.10316086757517096,0.10600166232751962,0.1657247969145905,0.048764710155535775,0.08089239099551586,0.17583315221711404,0.1252153267099636,0.30646710449335807,0.3327068651726488,0.21784951622430007,0.09167381947408239,0.1983206144228112,0.22839642932962156,0.07123229302352613,0.3836387196659951,0.13425047312443864,0.2130171142427125,0.15967682735938182,0.290802882640002,0.14492657414287877,0.1392276432640107,0.036969757159298636,0.10386044812490915,0.15182544358915157,0.08136382086136654,0.1651684701683223,0.15666772974973203,0.39458282832987057,0.060228853394233235,0.2155575012223857,0.22689304537203514,0.268211392900079,0.2219014840206232,0.12955642158113606
0.04318408528344439,0.01612000295466141,0.03284655927151171,0.23926413832904075,0.035891704089054385,0.11323115785427272,0.18582245044770376,0.12839238378045345,0.011609401799969436,0.2247883337707739,0.1337771044636884,0.063091766574665,0.14471355806313815,0.09137685122697903,0.18201875278406374,0.043885643607162815,0.07466537357804233,0.13779631032060397,0.09675608836488317,0.3532888000926996,0.33034235654014066,0.1243762573062632,0.06215357424107189,0.21334425596376122,0.2423794847994775,0.07617371213297724,0.6074145082779241,0.14719038531987377,0.1990137149559971,0.1629531251915299,0.3775145463066883,0.11267495992787593,0.08693636678901867,0.0336120774887165,0.1493460761227023,0.14984105373203882,0.06017533274107151,0.16514490783609165,0.1524865533385498,0.2847421286424299,0.06500337802482553,0.23592289801820815,0.25098511298359094,0.28854068254446275,0.2589991122092716,0.13095086948530799
0.022876255750897235,0.09744929645363484,0.05656658069913187,0.1252178419857652,0.029495967539888285,0.10533460853895556,0.19876919911405214,0.10541120964830444,0.020214928917159,0.29349642710268,0.15490777555186774,0.0997796440834457,0.12697421611467233,0.12206088879340676,0.13191882427134216,0.0704174917298202,0.11578246948292957,0.1338714116840083,0.16127937324997496,0.3692844368509593,0.37427521076956155,0.2268464845543907,0.11920551766872975,0.18362387370914138,0.25773732577968383,0.13885900890363784,0.474327236373108,0.12517906868903686,0.22391105968015104,0.2301912066300968,0.37617817039063833,0.15767935805075795,0.01082673289186696,0.0446925468815076,0.16562716561307028,0.18037969386013097,0.022386620858323894,0.13667916409543657,0.1564137813193416,0.37819391062064633,0.0491266977345158,0.2737329841390447,0.21770630891682344,0.18107238662230662,0.2346771049755501,0.1926864504144005
0.10414109817802673,0.0811854030832089,0.1368248618745821,0.21546820059530625,0.11813071351083348,0.18983910487368652,0.24103651696179332,0.15454513403456954,0.08681948241338339,0.38439313593776486,0.19144542744527807,0.1407713324790029,0.18134754810914028,0.1880170923017641,0.15918006064475418,0.07885296372967379,0.19971659262492544,0.23527661018295742,0.2890089309033242,0.36286874219440984,0.4972963930858084,0.27055063175295324,0.2870497744556947,0.23632074507934178,0.32742416014950276,0.2373304356430177,0.40552455700478074,0.2762774273109466,0.265977807185369,0.243639851574601,0.44171146759896596,0.24881459567032665,0.12862670968431014,0.04869814497706999,0.21749840680034332,0.17744091365596876,0.1272015668376976,0.1639101333517346,0.26711710995253596,0.4459195374663681,0.08982662352367052,0.3837055241325837,0.2397543182694221,0.3446034551165007,0.3785530782832666,0.25696870277526057
0.19924897491172752,0.21067174417376042,0.31772924312672113,0.4548599528049287,0.40607392337934545,0.5214986245806543,0.4806123060203847,0.3481127096046667,0.2563591155360091,0.4399333905690115,0.390575384831963,0.38669460552602525,0.3828839257302658,0.29689469976149696,0.37525649986917936,0.24774131233530383,0.47559848122392756,0.297194232598816,0.3034126932805835,0.39964644288820916,0.6388573880130929,0.5265943154085915,0.7240458316532002,0.47510601757559223,0.4263241020474088,0.2926536037429172,0.4040991444028083,0.4383646628316006,0.3715528785659985,0.38588093500540793,0.6225073661676621,0.5316857857987348,0.3364255587556849,0.1508969732987721,0.3079212058231906,0.3182139943773469,0.37423954806725435,0.45354210706888193,0.3291792700632752,0.5922647267318636,0.22886038573938866,0.8553171361455688,0.3818577446989142,0.7473673839270991,0.520170211721211,0.5370889021850017
0.18380908488602637,0.21621675524936476,0.5893463281660997,0.6750291931926026,0.45660248754209753,0.6513959857552805,0.49485596447117536,0.41546427515300305,0.40500356419082134,0.42028912883315744,0.4939543154376046,0.7637127408479768,0.39253471165589776,0.48426843341135634,0.3742403723056273,0.6641932961410465,0.5680242592676042,0.4215423268155024,0.3440351563709686,0.4016188146681372,0.5545194341850608,0.6627700287008887,0.5991527313238747,0.585630220756337,0.44488750537908966,0.3592548050795553,0.5111086632834929,0.6024917868383948,0.5516753895797449,0.5582019292754647,0.5919317533840456,0.6858724903011438,0.4459443879416628,0.5560241779434099,0.4433232229395826,0.6227112347013354,0.6114014894203317,0.4702096443615203,0.3531052668399058,0.6994859391727776,0.26692501527126217,0.8410871863641493,0.40912011651699964,0.6006831901038405,0.6263556856916422,0.5500758190966327
0.21833536858215674,0.20284566121121728,0.694080981195321,0.5249056419101354,0.3712540477237839,0.6590541370380191,0.5967226856791271,0.46407719469949255,0.47158752674413695,0.36200072327001837,0.5247605242746509,0.9734816902069374,0.404762806616136,0.4034242885203524,0.3921516068607379,0.8264446607207,0.5600832134069235,0.36648237613757656,0.35181964244503067,0.4954468592569676,0.48682063722276714,0.5739191922524788,0.487303040264626,0.6419183918628097,0.45958189361709434,0.3870762850322055,0.37593443282860833,0.7820146502675508,0.620640467262872,0.5634889506615114,0.59530265787238,0.6421799351746958,0.44741578716050834,0.6642580437638049,0.6592468728733387,0.754835484344913,0.5561967712067892,0.34218237065193097,0.33282076868280563,0.6086886282994524,0.2597678487855578,0.6143043501788119,0.3660206402329639,0.4784324821358886,0.6671704803292133,0.566454094502012
0.2999687378874423,0.17126151080322474,0.6997493518553367,0.611668862504779,0.45405449408126297,0.7084428771328508,0.5111124049498883,0.4936520658049188,0.5485018696274028,0.3730376573308781,0.5468594620407954,0.941369195409271,0.42548816262085254,0.33407935522119364,0.3808300753127781,0.7578411792736266,0.5836540816323698,0.4419324502368445,0.2588236411000414,0.4521745090079948,0.5173625290996168,0.5062643748589061,0.37663086133223367,0.6990587091234586,0.40242846606716826,0.4099600567231454,0.3596000474844783,0.8553019572437174,0.622979143859417,0.6384694904596193,0.6239842957234274,0.6196283682793782,0.4401812674369172,0.6375557319521449,0.6488580102280503,0.8511558765645756,0.5706816344317468,0.36779402901420727,0.37789355376598366,0.6131226515421437,0.2867680807071869,0.5029732544864609,0.36903091657608106,0.41776243631127474,0.7197721258425921,0.5480188158307836
0.2969400365361097,0.1385639763724672,0.6560326547439902,0.6133470929680156,0.3454669363137792,0.6586891807523264,0.45290042523172064,0.532430468269222,0.6499683450609496,0.43204498797952484,0.6751712309464205,0.7972711376291851,0.43120259237647,0.3709889865243773,0.45458371418069776,0.8121072169740502,0.6217933756374213,0.36080534895698624,0.40589650922936293,0.45640402512376926,0.5179693253337762,0.5567321331201213,0.4118198644245219,0.5460306821454755,0.45334937212789533,0.5484710888211717,0.41563700196037184,0.7020521650140835,0.5986481616990139,0.625934812629058,0.6018714324026138,0.5596095562233623,0.5419374665696387,0.45717576156274536,0.6809194194891113,0.6459320589442918,0.458714267521368,0.36298896079672466,0.47982500302786507,0.7057863806571587,0.41002452625892477,0.556435448458629,0.47924480925568863,0.46170300782137463,0.7490605393752611,0.8185583213683995
0.29611937425047885,0.17495554075449016,0.4560039869121881,0.4962096631468991,0.3933564177562233,0.6106795108934748,0.5123911357310502,0.6611869308218549,0.6716197815730751,0.40663042783096487,0.696590080921877,0.7338136725589752,0.4220776954884218,0.4582689470369723,0.4448634668195296,0.5934633381142629,0.6382508847051979,0.30643578886823675,0.4383301587193915,0.4777964860993164,0.41236214263889204,0.5018840577407,0.44534417865923914,0.5763159492896974,0.40268093057035736,0.5801745840606263,0.3887524213976417,0.6277530826630158,0.6068225017794853,0.6252021109926735,0.585012669634986,0.4816071516748457,0.4410769878119831,0.42994707790159487,0.6541800814195307,0.5277099835772661,0.42331412246355216,0.33624158471383764,0.46879460301614784,0.6659190791344479,0.3716688500006514,0.5424383154857092,0.42987753659308997,0.47675131337999377,0.5840467565818354,0.6340601339313525
0.24975254403454453,0.1474362069971069,0.5093329337587753,0.40443460042714335,0.45940404974339133,0.6392581942089371,0.5250250460266039,0.6822629570779316,0.5305417639223343,0.39006520087845825,0.5654320415616544,0.8248316946988513,0.4165750674205723,0.41439825947695774,0.5162283232718071,0.4776072620425371,0.6335740053609807,0.3721703926011672,0.42015659413316403,0.4713715435170939,0.38836542051236633,0.46808078674461256,0.4417094598374729,0.5728135021263949,0.3928654434364742,0.4233658139381434,0.3324357826553297,0.6746924455914866,0.5585851004441358,0.5683794998121355,0.6237046352877889,0.46676448239052637,0.4144996964890376,0.4081669833051393,0.6429158250333665,0.6285581117421926,0.49841018108961355,0.30492713748831196,0.39493177455371403,0.6192941626673929,0.2647073286121743,0.5524126678163572,0.42114174780405184,0.44964765550133456,0.5699039420688445,0.6046701075337334
0.26347535683056494,0.19925097737342484,0.6162984096486607,0.5169153980900679,0.4565901436369072,0.6143681943137805,0.505005194603344,0.5441558472297613,0.44079395876195804,0.33760346210068815,0.5812322765414286,0.7571176933715928,0.4187968492618296,0.4243288162648426,0.566071093713947,0.5868745521477557,0.6457629711251156,0.33078174455158493,0.3804190423955948,0.5188734771842465,0.3586377753572738,0.45948435391845494,0.42464836894399016,0.513478899277094,0.40176743110490754,0.47928790763308216,0.29709730093224773,0.7578184940782089,0.5618423601882564,0.6100750009438983,0.6049645650572555,0.5821418763518764,0.40241500406653186,0.5715500943617066,0.6190241610648018,0.7085711348796635,0.4793982446443066,0.21401572502438487,0.4037689983565598,0.6190050748632658,0.28061273414129545,0.5427448935678134,0.460704679170398,0.40522688665179074,0.5980604139202729,0.582387397903214
0.2620540005027022,0.26871821746557323,0.5263778111411727,0.737215907090958,0.42849307135769965,0.6344155271834773,0.6169967763856422,0.4714947535859833,0.5366613445357831,0.3773553044241307,0.5731440679587971,0.6843875664895778,0.41172119342834695,0.5601844173432012,0.6185064954923973,0.5962616310992922,0.6656315776301744,0.4200563533248343,0.42354750161309984,0.5201320859125422,0.42251662280990904,0.4137117435743268,0.4060591835568158,0.5879385078589425,0.414852746981733,0.5210988457004236,0.24141742410930048,0.6747216433844876,0.6428650078163908,0.6317731508273342,0.7407057735672768,0.6905761212418492,0.40084267689631226,0.6262000410591333,0.6114593444265207,0.681754948480728,0.5091767026647873,0.4080415142035911,0.412064432041232,0.6814827109156065,0.3166510752402934,0.5701253834691339,0.4943385093594881,0.4555960070332806,0.5782478861462201,0.6341347382149398
0.2678796747543874,0.8090744230107615,0.4256210607729151,0.6335538143013363,0.5181835285769663,0.6469353211461021,0.5571354882509886,0.5180175291549562,0.8189945649770931,0.4514883254388191,0.719594989511372,0.6295710439242044,0.5906781133540941,0.49152931627243795,0.6885034871927304,0.5651675321672454,0.6921461270115081,0.37344981648534903,0.4387938170092424,0.5029763902566932,0.5229866874829837,0.520609605315841,0.6103111103160966,0.6416576067248442,0.46014101818414255,0.5613404967728419,0.3452407862678489,0.703077042844308,0.7111401718334395,0.6271833081201719,0.7053888302455139,0.7771565281204271,0.5130256457926238,0.6004253096626155,0.545382487071866,0.6705467521963179,0.678340583312969,0.39678541353360613,0.4653631352172284,0.7038718674928042,0.3320630578601945,0.7220872967493487,0.5119099665616725,0.6949514413258528,0.6247597921076175,0.40353498752352845
0.37735005402690186,0.4420754356729072,0.5239112550959301,0.6080271756010885,0.40767031236274354,0.708590528962674,0.5873902098991137,0.5268503275745116,0.5401896700297527,0.6165150802088479,0.6160955826304093,0.474645138203289,0.7222345460097555,0.4339946523129169,0.8216046038806712,0.4445264021614655,0.8253500502544653,0.3701633489901328,0.620255499886296,0.5405599689433286,0.6637836310257904,0.6915778985035332,0.768750416544885,0.6060347288678913,0.5531060443049106,0.6082143474135763,0.4822858459167865,0.5570279935341732,0.72366601144682,0.6377936960533765,0.8111599305242274,0.7772131358814544,0.7177664641368241,0.35173239070357887,0.5058488817271508,0.33251043248047535,0.9370670376791747,0.5321680086081249,0.695391861515025,0.7676402915207269,0.5175097476012842,0.9193952153772754,0.6502855484758221,0.781916188807883,0.7761767694911291,0.5213339665161325
0.34597481499546284,0.18263621763928062,0.39819193513223766,0.4643295252424499,0.2010774423230229,0.5689273574364123,0.4701336525428009,0.5482923634481505,0.44856005052064785,0.7543125652948275,0.48905833214138383,0.4278507936707515,0.647863249363206,0.37431414613082814,0.6384542022781466,0.30486804577564824,0.738365086178879,0.40700809286278217,0.7076951091978513,0.7333133967841172,0.7334279605714068,0.7615390534489783,0.5252350064383359,0.4416087220259352,0.5800806913433724,0.5524085503553872,0.6813149402527867,0.5122551283027243,0.4770048652446407,0.561534384681785,0.7766616834969529,0.5963621168635009,0.46222802175598565,0.2340650175062045,0.5348479395313519,0.3298941141012774,0.5100223446025385,0.38144891120638974,0.6590572822965332,0.8140294576276358,0.41773218352527247,0.6500468687082558,0.5869734284024011,0.7031606510657473,0.732770306118537,0.26534663672238296
0.4701476979311703,0.18730166197257048,0.42190852196878376,0.4173968468864449,0.2015893110486434,0.4835580726650174,0.4711000246232859,0.533937477326391,0.43708510264338923,0.8415987942189911,0.4664320259913646,0.4801815141656577,0.6155717267553693,0.4725406273957958,0.6776966301041811,0.22878044438178735,0.7214360285592238,0.4017564051419063,0.6427991074903159,0.7973763364617216,0.8038944435230313,0.8361453908621623,0.41914868500627855,0.3889750151372045,0.6052355650796682,0.5349344445753201,0.7150286550285463,0.42824487784862597,0.5340487986836688,0.6261206531452006,0.7480231665648418,0.5858975725870881,0.41494004943202956,0.245278692545904,0.464868298863774,0.39556234089902914,0.32437562728006186,0.3864487382284448,0.6168052964812809,0.8509502479772286,0.37397937796946407,0.6181480884482393,0.6420273760155073,0.6719397913907117,0.6257731423924815,0.33333034018987445
0.5020438018861507,0.13162250193525182,0.40441080710003563,0.3524503670157251,0.1768675200140166,0.4128937884975659,0.595542905700262,0.4859432137489529,0.3082183839064479,0.8436579408196637,0.3719951303503279,0.4118081103593613,0.5198855347051348,0.3534360837071801,0.5732454669687032,0.19607088810505213,0.6195020978145074,0.39430309816655135,0.6502585870485167,0.7820924630252184,0.8027929815763352,0.7670737937336454,0.4058398654922727,0.3939464744204485,0.62518663715918,0.43024691714982227,0.5632125926404584,0.4784586661410902,0.5629967735395065,0.5606936332744656,0.77335659141494,0.571281231028083,0.46609376267674096,0.2094782148488136,0.5050575119687224,0.3417803062995503,0.28302359970891156,0.5454463026682135,0.5738724577200055,0.745496559510128,0.24018666485711376,0.5591066859507091,0.6078198828409878,0.7735171980624865,0.5676301239449428,0.28874605699583944
0.2804492066154101,0.12517115218093225,0.39130349820245586,0.4614243518988402,0.10890893430947446,0.3464937488743661,0.5932514985452942,0.38451485844759437,0.27964155097832843,0.7876196481326648,0.34896329715715174,0.29200182561371635,0.44117610674337976,0.40188171243937454,0.4616964089539215,0.1650497462192286,0.5143769424992842,0.3415778763554853,0.5728120245130047,0.649842353783408,0.8836283074224826,0.5980279213752268,0.28619553366327344,0.4041849367497343,0.6129342782082509,0.3657885552679915,0.6054113890353774,0.3840281812292763,0.47814105882148894,0.40706940017201243,0.7287003586835671,0.5806276810243224,0.38719909700743727,0.14070082413463078,0.43650489283476607,0.2957842971353738,0.21590865004581825,0.30560412264633696,0.5040003883148988,0.7543488659748092,0.19349074040111233,0.5709584342590566,0.5347571360327498,0.7645737447191234,0.5945669858190057,0.1566567106267305
0.13747015473467297,0.11234225772519904,0.3793229453802137,0.39536369948933797,0.06903625956242192,0.2622958972911794,0.5368122215924261,0.3438844884755551,0.23862994875906304,0.7070722930010624,0.36990895039700816,0.312692202111398,0.3444113105633353,0.35839757193418187,0.4158195258533197,0.10896554977937978,0.34304857196175836,0.30422129282036436,0.5030434137892786,0.5791948622117029,0.8379420899873091,0.7364174548649892,0.2814373122365116,0.31864170061669844,0.5498461296850886,0.32526984961415656,0.5950015168062626,0.34099729413229407,0.40167465976175976,0.35365431469704006,0.6768487620878952,0.42263388473027,0.41752180702079955,0.11684931349494974,0.40453972318281173,0.34371103308044043,0.24155030940631997,0.346415369361308,0.45313257353598885,0.6915147527582709,0.17007323680007902,0.48711827980732286,0.5287849225235448,0.5521525800962032,0.5054809731461484,0.14133269873980442
0.1598491318983416,0.06853437575411742,0.21392781663711036,0.3569032640568027,0.052371250110745476,0.1992883274827607,0.6056957186046608,0.293169570592576,0.16789775307807187,0.5722053326862163,0.32037843256420034,0.2497190106034258,0.2942603307170968,0.2805658750181056,0.3052755174089475,0.09731022427623215,0.2870125514417733,0.35709605586570514,0.39444550128363026,0.5048429314214673,0.7364812269472036,0.537984779346789,0.20168803749919126,0.2758278932549919,0.47437713032419837,0.19210432148627765,0.5495830569200872,0.2670419970700334,0.29789395702179766,0.28167955272543616,0.6409879736969474,0.34080979729216954,0.3780235834447565,0.055637631989810074,0.33238146024931076,0.2524477308957425,0.17710125838175964,0.25421634077589955,0.4151227665476954,0.6145998586885579,0.10948820036781512,0.2874092420105622,0.4443457431265511,0.4515982035122337,0.4339159806484227,0.11894639825438691
0.10061712145918973,0.049993607155027195,0.1326459323949829,0.23781695796016467,0.029038771088710655,0.15946844264533278,0.39624706604931276,0.3005660675227667,0.13751835069572288,0.5411663075896195,0.2970378016593612,0.13605421495856004,0.21484175654601997,0.2109297187364429,0.25183157722333205,0.07634485686859616,0.2213909462156818,0.28502646160342165,0.3429534756919997,0.3968660387837061,0.6052289083256689,0.48677070967253117,0.2050335937839823,0.23689915952782817,0.3609139858975909,0.17791282479940368,0.5364361134601283,0.2915138384930024,0.3080979828078124,0.22331907264126627,0.6061851956329718,0.23240683487069985,0.30176092646808694,0.05523544980907011,0.23420042307505762,0.1803210642293258,0.14169436762896961,0.18422479001462516,0.2889222577328505,0.5124788280140806,0.12369072961624167,0.3088284188240885,0.37366642740370815,0.28329367443474684,0.3751777900316083,0.08096684097446788
0.0934462449547737,0.05435028736257451,0.13302721249845062,0.19265884700462949,0.044937827828950824,0.08370305116249238,0.34895319834349775,0.18764297123687712,0.14190742114402186,0.4462368857087365,0.18855360999222814,0.03731189826172401,0.16655781149445073,0.1754349730744418,0.20460430634791407,0.048215864615365624,0.1558852425373042,0.24592633221556032,0.2441299790699411,0.3586567545420644,0.5316133989425164,0.361706957870871,0.11278227307937794,0.24112550932072005,0.3173188010117194,0.1438741535976173,0.42659510740387646,0.26906659369506636,0.25628388459156903,0.17513447504030732,0.5158478961087517,0.15751798995428062,0.3142077961134092,0.05172942425109506,0.15556481383644316,0.16578915297390168,0.14254735142719605,0.0284772024247711,0.24676723971189715,0.4279040781177115,0.060049869218159586,0.23786138939000978,0.3534506608285225,0.29841793235193514,0.2882188944535522,0.12651864970315344
0.08644358902010427,0.07350241261438312,0.1336508969342678,0.0918991587295888,0.04254541608604846,0.08991424731414475,0.23670362526834862,0.1381292915752286,0.07474704833995388,0.37840870162548984,0.16744599051551246,0.05268959904871654,0.15721186695185932,0.10113791983103917,0.21852142573396216,0.04927114767659751,0.13635938402761213,0.22265599132486646,0.2283136141804124,0.32727383499935525,0.4727782746458322,0.2170178366483426,0.12056945001321503,0.19925095574041993,0.25806005532945464,0.11523385749738861,0.3817970944828876,0.21199258576593544,0.18270232001569894,0.12905882338878782,0.4191034114278959,0.13895919092502457,0.2182247486807006,0.03782850768777764,0.11094260823544642,0.09754872115328396,0.058260564653769095,0.025810696231687677,0.23700721683498607,0.3101924873216205,0.05279666408783621,0.20291554180225255,0.24832793978991022,0.192920231466053,0.2449063449680563,0.10490673317649382
0.08715622348914089,0.08002606061748631,0.09342524494607925,0.07453506188568908,0.05209651426332254,0.07920430542903985,0.17642438429808188,0.09616013593755285,0.08655319987823043,0.2940299467241379,0.16568409602072712,0.051207969797638316,0.10610607879592804,0.12987446122241772,0.15675259653874643,0.0321939124327007,0.1209953593424452,0.19254240713815007,0.1576111036491168,0.2775138936828363,0.44413545901230284,0.15910552447505605,0.11308424949265844,0.1822398907400347,0.25336068258779165,0.11952685330016065,0.3149146096929626,0.13753261880300585,0.1598939719862411,0.12108225570411009,0.340539279332656,0.11824604938994929,0.19724934415337564,0.023592195235189104,0.1352625156482793,0.09312166303643436,0.07658921860295279,0.10317228028804877,0.18892781863044278,0.32617018281836996,0.06971271284406769,0.2413676900732764,0.22385856754750869,0.2212817439964557,0.20254979504292436,0.07499463489581912
0.0301472762988193,0.03967156169535849,0.0846192796608205,0.021419775309720265,0.012774727585473725,0.08737349866736682,0.19483916416434024,0.08564649311124994,0.019983861588293697,0.221590087539784,0.12023026289046221,0.07372144466678301,0.13866650468736885,0.12225452823810229,0.18460693351333152,0.09041753923012166,0.12144530278181433,0.19971804966128048,0.06771473791898394,0.288180246358203,0.41379394461181146,0.18009470276759132,0.05520011465979455,0.16543936976363458,0.25047331068250256,0.06882845249643237,0.4269055621970226,0.16561400230098225,0.13374116472585248,0.11571933996925658,0.31629888982663423,0.13917919675576396,0.21546058695253947,0.047321838986835896,0.13660839195500257,0.10860753262335675,0.05537777328886896,0.12726687597866176,0.19127464209271056,0.20236827879099184,0.03923911097727179,0.21381569956869334,0.22868514502259332,0.18585596064166768,0.1961479978026337,0.1049137118715768
0.024026935460608165,0.07008429587493015,0.10531490932042993,0.08823225920632828,0.03245032245834051,0.12114939125452971,0.1935886303289998,0.07125233094574096,0.011030524836383691,0.276043343784078,0.12772848810001536,0.07000459174541765,0.1770539332708715,0.09654162157673263,0.1624973776414999,0.07281140282194021,0.09361834782539438,0.20944255552083008,0.11195855504417115,0.34121215177440967,0.3708580614090409,0.1880166175819239,0.059135175276573804,0.2006168421269045,0.27512606457370953,0.11922009767813542,0.3526412206017195,0.22891278976449084,0.16872594777244937,0.11051462151409668,0.2988098195327866,0.1515910769791717,0.2454794234225605,0.03999506952961823,0.17705780112427694,0.1753028028795705,0.06024639464712926,0.005822774004049555,0.18831759135356071,0.22014993232577545,0.03986796685322925,0.24531247171622134,0.2340725708542,0.2272554273033732,0.2315157527549893,0.14391184002397372
0.09935989887420264,0.06652967497938846,0.13484355258608122,0.1695398673849336,0.12445477011196945,0.22130483679129107,0.22734088419693474,0.1599989091005728,0.15013936244792947,0.37446245848947224,0.219672657256254,0.1415154658979168,0.1972740561907841,0.16557288875774057,0.19612326385050508,0.10472498574873412,0.23830387776942955,0.2944484182886128,0.16898561245119337,0.2843712502557165,0.4363067601166137,0.30288684464403987,0.2564623880951411,0.2768277979332202,0.41098069285516176,0.1838314283089736,0.4341446828111394,0.3105006544024701,0.20603367536482933,0.19317535555019213,0.406632612548952,0.2823779221192451,0.22306382856913884,0.07865210831915402,0.2237570890405997,0.1482128586417757,0.13522151041377153,0.0976825190613539,0.2650637080371439,0.36839655228915247,0.09496565399211943,0.38517681814622406,0.2866220754024344,0.3736497926841933,0.3416542359088322,0.17127895310424593
0.2563660231076332,0.18823881549959293,0.3335509681592183,0.574644167665912,0.6048137595048657,0.495128636713574,0.3418149198989987,0.28759054493225045,0.2797216032692246,0.4294965154417973,0.4345035011920031,0.38880958160776513,0.382379483937599,0.33387299170624574,0.3559957320008841,0.2678696704051287,0.476817450915034,0.32321861039924604,0.2441578756230135,0.27434658101485226,0.5777794949107403,0.46968853457854803,0.6669929976531415,0.5091693342899801,0.45663423063873604,0.3429057679125343,0.5012951138447818,0.41977284559111916,0.4020671680266825,0.36469393908658765,0.5501243503845685,0.558647178526951,0.3283463825138986,0.1693298179884125,0.29263494870889034,0.29344052659082775,0.3602979379778293,0.30108497455495487,0.34446718193308745,0.5874639633509975,0.17032463771880907,0.8237875149877729,0.44441969488512184,0.7218121476692845,0.5552292925342875,0.46807631856489595
0.1701036381535191,0.19841746764461854,0.6434990195902035,0.6266774841567125,0.5873700626707219,0.6478064912306318,0.44565209335785677,0.46297094329183386,0.4224642389443882,0.38904981010527867,0.5328359108468399,0.7647192111521737,0.35322398911207925,0.41176879568412794,0.33959755367654465,0.5951761465725375,0.5350377777450411,0.4154650186646142,0.2307571354473817,0.2795046490065054,0.5653397289255597,0.5775678582948636,0.6498451158953927,0.650993820423377,0.45453497553084904,0.373516454199152,0.37825361470402713,0.5556579004525282,0.6084044207773266,0.5164608327459704,0.6227033132437023,0.6346910214529199,0.386040559656167,0.4986648651998317,0.42786342986784504,0.7384543023870261,0.5928075318536223,0.405804475421859,0.355373238932245,0.6871508156381891,0.257372372098575,0.8119766164620539,0.4469438563293996,0.6473210031368649,0.6316648684271667,0.5376285249705547
0.26375046130219615,0.24789304877423732,0.8021988559827062,0.6626140831063192,0.5509324190498861,0.6548260397445231,0.5327393626541075,0.42609931986975913,0.41920997405547783,0.34476838756192746,0.4898040424512299,0.931284962329017,0.4041651573737593,0.42139282653853655,0.3852646021697419,0.7264788692948462,0.5456832361444474,0.3267354771698763,0.30122883656884164,0.2907552671971038,0.4630455074834262,0.415774188171936,0.5314691883526825,0.622013624567668,0.3772218675256251,0.3394986368328695,0.3475422381471599,0.7978527673213185,0.6090994598061268,0.5777745778018525,0.5802091031492629,0.6307180361639931,0.3534301094400417,0.533944526465152,0.5408967806327377,0.9502398428841417,0.492602291849753,0.33848359688878343,0.36211350832052064,0.6687545227308533,0.2912652267174834,0.5120862826202442,0.4411545542176766,0.4837070085395636,0.7016477975035905,0.5522244824510475
0.23077581614866124,0.17736412307173377,0.7911209292529369,0.4265257437377079,0.47743392822947717,0.6669660048603008,0.6300527324449776,0.5478051068146379,0.5741489179263175,0.43320674376102897,0.5862016644680396,0.8731529398074316,0.39357190009667464,0.38634220819935194,0.44014681854582227,0.7455911582213876,0.555823573422328,0.4261058775012971,0.28530213637524576,0.33167005484226947,0.4762610988625907,0.46447212807440624,0.4383545626976403,0.6500012539264847,0.42624523900995787,0.3880784889407425,0.3838590293274385,0.819047508060862,0.7048785095225495,0.7232134864354659,0.6378561814664518,0.5824301917491724,0.3750923141731014,0.5297865542181357,0.5856253523093049,0.8910124243268929,0.48946621374520705,0.3268598596522361,0.42661222319849296,0.6461909873568787,0.3073691089858269,0.5367586399375585,0.48145605449232876,0.46183688007301404,0.6761239731446155,0.6615380713739266
0.3880411690915685,0.15395674480995247,0.7589435870354813,0.5578321239304653,0.5340701550345847,0.6962739617492526,0.5851859887602199,0.5387307368013782,0.6299285754314135,0.35420514750375587,0.7438337518648898,0.8087629176811809,0.3900288913545446,0.4220326911566005,0.6106616719438348,0.8156132691192581,0.6274495014366018,0.4608060355763683,0.42977088041294687,0.3581767852516135,0.5003104102113871,0.48938559085207717,0.44677302229886373,0.6079948255996758,0.5097236399838022,0.5590600339180404,0.31833650919438633,0.725286506647461,0.7463453821546028,0.6100949934778923,0.5883882721124875,0.5793706414207864,0.4415157980607277,0.5444716490618227,0.5764540168160631,0.6751345728768932,0.5338369060012857,0.4133942080456024,0.5209671233403477,0.6550706336858412,0.40604987222878597,0.6499716294979344,0.5249450912765296,0.5132781277936558,0.7376929461267763,0.7574744619256281
0.40105879374466524,0.1932919783089085,0.5261499927237248,0.5065191120443793,0.52940881769532,0.7020691898115898,0.6717674881102959,0.7012336060741132,0.5429936587381063,0.4119283850469115,0.7807129423908942,0.6687762717223437,0.4050013071054162,0.4845905677364584,0.5905360263525152,0.5823965445580713,0.649867253790563,0.333399279560028,0.4161163044566373,0.3693349291338541,0.4613942779034764,0.5666958609117702,0.42744715912540754,0.5928699956075376,0.45041853913975494,0.6429756288685484,0.24308979215226575,0.7008716104125059,0.70261114330205,0.6677498733003926,0.5567915893553658,0.5798315351898314,0.40234565058100014,0.47830478194050524,0.6739294360166831,0.4832866965726718,0.5801430213158052,0.4839671895206115,0.5504165081230749,0.6562795812718123,0.42884807143348175,0.5689119250190767,0.5383763692959945,0.4972646640824133,0.6670194235523916,0.6107606899364265
0.29021264516596784,0.17846919347280008,0.6410648965843636,0.4684209918476711,0.5119725826311778,0.7029452134193305,0.6054158773936857,0.8140714067305517,0.4744308164679164,0.38608117461486136,0.7715777845583608,0.7146378375235395,0.3732014816844537,0.44072798231150095,0.4572141789664726,0.5777738754070076,0.6906743342768323,0.3550609017725593,0.4589702596242882,0.3817210183445443,0.4708427305565991,0.4489554653431271,0.4241718914611242,0.5795329689014478,0.38341277342902413,0.4183200357846238,0.29773805362768896,0.6786652637510502,0.6820651146816233,0.7174345342973621,0.6402123362585005,0.5445129180886353,0.426002243362688,0.5239173724119964,0.720690594509802,0.6558155595843168,0.6251160312493342,0.3734176040093972,0.4516568798394938,0.7859633453464424,0.3950347013893359,0.5987111989724638,0.5185858567301445,0.506635717535576,0.638202814737991,0.4676264236909182
0.35720051612151243,0.21139235737588066,0.6489791446379621,0.4551770292785248,0.5000260910671929,0.7042371004693567,0.6133552848721006,0.7200386602542135,0.4179446878073938,0.4514172110424409,0.7251616700523674,0.6949918597528819,0.39034311227250207,0.47388166444411467,0.5039136543343451,0.5623898805971078,0.6718044564848796,0.3214760330276855,0.4337925654453456,0.3652228195101435,0.448867868625818,0.3993569008263652,0.4853237479635274,0.6244788500875385,0.41462927797851423,0.38629479355171514,0.27917399607100185,0.8438325955264379,0.6624654701825672,0.7613708277656867,0.642222325904128,0.5690859679421156,0.40069515963000224,0.545380473319803,0.6536657346429808,0.7298445020901023,0.5824927232092019,0.341117629213521,0.4447722896409875,0.7086337375539588,0.3110249903123392,0.5762103408964832,0.4782730501808273,0.46078978036402807,0.6298717819063736,0.6645467465971292
0.3130572678091038,0.41947375806538356,0.5688521415585749,0.6287014142126938,0.5053269185839165,0.7264683557923654,0.671481319498386,0.5899807402647818,0.5674883799098374,0.45911935289216926,0.6819318868093823,0.7339376575865354,0.49130030741953157,0.6104781083886042,0.5647924849722715,0.5473897972599864,0.6588485637935585,0.4066618599186581,0.4337420369603371,0.39026026933700203,0.5079184324294612,0.5003005957555265,0.5021277038516143,0.7641143701141125,0.4238368429128004,0.44896804904906507,0.29845864173225023,0.8829237435222819,0.6053693984178145,0.6708058213884627,0.7270808703180038,0.7548803258522697,0.4602257833048322,0.6384454336548995,0.674571192633618,0.7068705058718688,0.6329256270601106,0.5720246903692751,0.44960649023728,0.740649990521346,0.3521522844229168,0.6307295748508125,0.4934759569624816,0.5535746388860967,0.6441094479357988,0.6365268832907742
0.3523251593192167,0.45983546354808924,0.5051273292593399,0.8184046573861886,0.6087998390076158,0.8503062752825826,0.8173063004600194,0.5916538748315847,0.6912019862696978,0.4065472386963883,0.7756390644052705,0.66749891714246,0.6114617350710232,0.6080718670440463,0.6300214501764148,0.5382190594499842,0.7015416609574471,0.41357921425973604,0.4693581829647143,0.4972411764795713,0.5904279766839038,0.5813615318905776,0.6650412589551357,0.7702288021343572,0.4226959755616297,0.5391692683231645,0.3617224078005953,0.7985101976622618,0.7991451510724749,0.6614678616788108,0.7431587871518647,0.7154952326353093,0.5860697556516146,0.544215772523129,0.6267993720822337,0.574094422758692,0.6746328112767129,0.6661071567444241,0.5374385375706175,0.8436535202837383,0.3904234382391362,0.8791845660782518,0.5469618621262454,0.807613645798764,0.687570857764634,0.7204218396825135
0.41238053303868866,0.4960272240761322,0.45333928641758203,0.6308158861953395,0.37291391380183103,0.7864112912320663,0.7520773980124075,0.5764298233908925,0.5508615705049983,0.5913782976129731,0.7484033210862575,0.5163848138630172,0.691184859414476,0.4029633262330782,0.849567891598523,0.516015067328357,0.9047760106424798,0.36170904416218946,0.5901481918679368,0.5872504830640148,0.6956028617816082,0.6895087110982432,0.7878577381951248,0.6462234786967164,0.6162761011585914,0.6187389943645022,0.48574242129645256,0.6046657691389159,0.8091825396067315,0.7285305308161717,0.8631641675395806,0.8467747270288875,0.6225026157004243,0.41986192883017276,0.4651845846731921,0.3590170453165269,0.7893571174782645,0.7794077793857724,0.790128019670308,0.7959769596057235,0.6180474570343956,0.9084086883264655,0.7177740999410955,0.8275882218536399,0.8882274528920663,0.5431531487637073
0.5545155917134762,0.25455506062587524,0.47807844334533517,0.4176663250171588,0.23128478129851068,0.7066302583321044,0.5962087506326665,0.5737532282071544,0.6051895088564331,0.7258463839042577,0.6998480727755355,0.41902178664705775,0.702258826899909,0.38770970505850355,0.6482299918555503,0.41870359300998955,0.8957663120409538,0.5461060989944942,0.7027192145307319,0.7813001798692499,0.8732411743340465,0.5381178293049634,0.5583599912647568,0.43896155883775934,0.7832025801536263,0.7641854495081567,0.5124139731502798,0.46769459631956345,0.5844083488352653,0.7186940361205985,0.862580902498901,0.7768344459568528,0.49854226346436414,0.28832560508374416,0.5271809421798817,0.35195478749880604,0.4684138079949085,0.4130628114270866,0.7681831991445206,0.8877884173778045,0.5607100934448875,0.7377051936601563,0.7139186001451634,0.8189014715525071,0.8475055160027433,0.32455921224932605
0.5366755003444875,0.3354814866282199,0.4412119324107396,0.4801218774529457,0.18436018142557328,0.693390494088292,0.6259088188128454,0.597395033093164,0.574198930237483,0.8587720610825893,0.6006340899446881,0.44481256820157805,0.7146916905730247,0.40347070831775295,0.7102257075274261,0.34962504432596664,0.8539787058192431,0.541908173302145,0.7764082383508425,0.7926061213565471,0.8672165834840088,0.6818965079170628,0.4525554878749767,0.4272064932488745,0.8947762240249608,0.6699341106531642,0.6171464727070799,0.4469627934129594,0.6930623010470169,0.7528261818911082,0.8789641878755159,0.7943019219140874,0.5613585425807821,0.41046443734341775,0.455164472113428,0.33400987466347104,0.40543169694023884,0.663666384368071,0.6834901733564035,0.891477744443834,0.4552297077682248,0.795327544000355,0.6825888798979238,0.7954695344451274,0.7995477364865974,0.3390887607997535
0.5186258765328058,0.161835347583113,0.42448393244126464,0.4252250908788655,0.16219758985725113,0.5927179311786577,0.6919638563167058,0.541482308089124,0.4036441275646392,0.8170873969647445,0.5794600028310813,0.41886946421592336,0.6079285963660456,0.3624985970730609,0.5772727633171674,0.24826678345899594,0.7630510241614202,0.5014645011716211,0.6363609942027747,0.8428184983490592,0.8719458516548803,0.7971414958413938,0.41266587500855123,0.4703989936928775,0.7422297063844759,0.46884289662859335,0.7022289642496446,0.5347207299046983,0.5223336923138436,0.6214728189184285,0.8270537816041625,0.7509362889136195,0.5933416334530379,0.3011813309119804,0.4635444896466521,0.3272057810624124,0.3514079495262098,0.4484463824980491,0.6742743513936241,0.9162847262261861,0.3849383619049961,0.616411451923459,0.6340665479282581,0.6548260332054476,0.6725874431152988,0.31124267037434694
0.27063485248665603,0.16749794147128352,0.39071001012625584,0.42305037430157105,0.18546255066953643,0.4756328594309063,0.6868164440803605,0.37898532542456526,0.30495427170384554,0.8023354436305492,0.5025807278749818,0.3488000093702788,0.4640125668145681,0.295821357587818,0.5456411046800915,0.17389524559734515,0.5733510779208415,0.473403858546329,0.5989472707762964,0.7545633920548943,0.8827281545673282,0.6594639833017016,0.3321747173929036,0.3754856904583126,0.6663500032686283,0.46645533001527384,0.6456218170766365,0.470105367507469,0.4956497624319447,0.41424775043778833,0.7590936577732074,0.6495498832257597,0.43836517034656886,0.18020983155833362,0.4351839520049758,0.31829067072346456,0.2946759348331912,0.51760572784373,0.5777121609093003,0.8004903279814374,0.25721621938762734,0.5457261887732989,0.5443786928737395,0.7091253841193113,0.6207469745301961,0.28107397646482596
0.1755637921007257,0.09438972688043355,0.3038866079931985,0.27491520733453584,0.08776401563426658,0.2966665804593225,0.6818998199159108,0.33099489852488706,0.2254490858327301,0.7820518076423341,0.3597195027080694,0.25032632378525044,0.32695123352406513,0.31923450142986715,0.4390050822014401,0.1351993802458315,0.34911380049942664,0.3523822024024934,0.5535131095109922,0.7195391064245328,0.7820591702585558,0.6706540545048341,0.24008610817538759,0.33335269935161965,0.5804577826091415,0.34983172883054203,0.7741355779852039,0.40511800752673344,0.44181492830894975,0.3772372047653107,0.6804490981771647,0.48765492935906185,0.3541689967439474,0.12194317005169426,0.44370891930604434,0.3171386255907474,0.23692104562909463,0.3051086976018196,0.535384539624631,0.7440569065258831,0.18107493014534878,0.49372534086553693,0.5590744600601711,0.5135660962994231,0.551265400295383,0.251584927061761
0.10491527087093434,0.07629205316749703,0.24907190286172964,0.2554718113300566,0.09262814015505763,0.19665124989708024,0.5753701731162081,0.2720375667364628,0.2083184257436724,0.6876717266700556,0.29815145465869936,0.18289960938784694,0.2863918278152712,0.22670612039969756,0.35981111396466103,0.08904101309837187,0.25579611595601587,0.280670397384456,0.4519176879800458,0.5439973210005121,0.6635294625042513,0.5566418067986252,0.19482894067897732,0.30497437215260254,0.4681108851635852,0.25826045287437827,0.673996897017064,0.2935794326893898,0.35777050076251815,0.2883453044181353,0.5866016070366008,0.44813940248917356,0.2820567803424874,0.07563735698912533,0.2817623050321373,0.26264980754865247,0.18784802877505044,0.3023894659940994,0.4422417299368964,0.6309533248816485,0.13358226412840266,0.427656041393411,0.47648563742360517,0.4632730829084135,0.51401767573474,0.2163920603925784
0.14980934001793367,0.05717112213162892,0.18050395250194223,0.2659256574587557,0.05593973669430932,0.14068127775612146,0.41721890858080285,0.21487931324716888,0.1472636181460433,0.5568674848155238,0.23432398116366993,0.12263320979447923,0.18833844040333156,0.2200292380660332,0.25778053309297627,0.09367755419281867,0.2018892259345824,0.20751993875987984,0.2693920225431235,0.38971250452526407,0.5639756935580332,0.37132733284979297,0.13424490580023626,0.28005083013930315,0.4292316878431216,0.22608272026053383,0.869796760903472,0.2614047681751389,0.27776872134794794,0.20519725142332926,0.5005272315683078,0.27074272054020215,0.23747488500157035,0.06525348896692763,0.23064652619371206,0.15516322954286227,0.11898283394993417,0.36255334255711474,0.3632194957836969,0.5320700863445301,0.09299967329481595,0.33340877486907666,0.45179608303990754,0.3125941436411691,0.39758649650668243,0.16306300973953222
0.08583431854075645,0.04020340249907241,0.1582085977831813,0.14040947450585306,0.041324964033508604,0.10166380218295153,0.33187329313480823,0.13157881049490197,0.13022622534368616,0.38454086499303913,0.1798377943257384,0.13953672390106853,0.14361498234141484,0.15550648489326402,0.23777345898510266,0.03830429302924197,0.15645187405159183,0.2548907745698927,0.18293848137982008,0.3976725108727218,0.4392229782243443,0.28990944798368057,0.11788028357224245,0.24507466974913725,0.3393133140039209,0.1260160211776316,0.7909774009438747,0.2025671649863783,0.2700628641412245,0.14988724979277257,0.46608317197182375,0.22472808269172823,0.1359271629398851,0.04846112558118365,0.14894242615581882,0.13662807520983422,0.12034093781520164,0.16574945334470476,0.2735752937198203,0.4381630434442672,0.06482544511160818,0.2960659909064893,0.4679542356646538,0.2668377393126793,0.3290574542222364,0.19592921897477883
0.1313240137751178,0.05133785504540607,0.1535751237889389,0.12358801893648814,0.02988457896995493,0.10528614390774776,0.19473820719356527,0.13225568789862582,0.12425324599523377,0.3335991900571286,0.14437674717165538,0.12293335001787642,0.13742043233120324,0.13632184682562307,0.16915328850734898,0.05041203059609952,0.1005146546450475,0.16156476751417487,0.1781173677294554,0.3754753158102684,0.4390425508051385,0.20791574408042005,0.07132803313691188,0.25682115089134844,0.2782258867806207,0.13350627275526084,0.5998076333621856,0.20336806262157064,0.19072486723696075,0.12646288882022952,0.40267889246233973,0.2095727446525162,0.1562708510314816,0.05265492899908335,0.1460808677083727,0.16150611131470055,0.07724571490392704,0.16688020018474964,0.21753613329508867,0.4051326160567815,0.05274401921775048,0.17902317660501194,0.3930358738005391,0.22791043564632466,0.2899959573677245,0.14723717984836132
0.08791137796270658,0.02291148064965345,0.07951755924140862,0.09314413088255614,0.06341752952676931,0.07950911018018898,0.16127677670321613,0.08011778418837442,0.13782290095903052,0.307621443755212,0.16872864643113808,0.07553524267969475,0.10817824046548147,0.13669045622797527,0.1660688091925801,0.032586719014661265,0.08923725369013924,0.17627388841974767,0.1725952820519195,0.3315964180511648,0.34407572516215323,0.1643864721615084,0.06687428457586599,0.18928633520920218,0.26514749462432746,0.08106219171096869,0.4732049550900848,0.15356479353195854,0.17993840652121376,0.09916955256883414,0.3834411168110873,0.18582882563069783,0.09122883747707247,0.06281486109763874,0.14674001000873554,0.1442088249169598,0.043573629690379964,0.10444411753421283,0.20019118359904073,0.39071070445071004,0.056363146943371266,0.18202118731175057,0.24314653373110115,0.2595059211072528,0.2513315408642339,0.11899664868375878
0.08934915750527286,0.04420751517526374,0.1366682836203552,0.18162946023005783,0.05265952787550254,0.11740423745516042,0.19202367449029087,0.09364420768621015,0.07498341760173441,0.2515698073909158,0.15307306204645912,0.08655386406020363,0.1511228838049847,0.16413807650697607,0.1465097937314351,0.046237600727013266,0.08488629038843162,0.20700421053165718,0.22479914821167568,0.3274140809271137,0.417598696081484,0.13852063950332158,0.01518138797901479,0.229422725715161,0.31835580817025244,0.0863629082400471,0.5271354943636781,0.14809809020036505,0.15602197593716693,0.1347976344420979,0.36456690512225726,0.16487011780733432,0.014162661985365255,0.07777567933926476,0.14928477780168292,0.10841701442673073,0.029479473328526226,0.07482205075354491,0.26115312820257636,0.27334501541072376,0.06443813134334997,0.21156133520723375,0.22968609420875136,0.25116237155265053,0.2992899960272272,0.111072230365451
0.09230331531533302,0.05241585050728165,0.09722909087864377,0.15568063710075902,0.09087183140995594,0.1323658888428545,0.2088695370551432,0.09702177760111336,0.03178340907963794,0.3488644461247875,0.1855360366132595,0.10197186735642416,0.15356981222097524,0.16494092858473472,0.14997542002934594,0.04081988474716564,0.11039647150406372,0.1243350654227695,0.22554369342731884,0.31307195705894536,0.42913451670941033,0.18300891829277294,0.06802916527539866,0.2198067088183517,0.3567261621994365,0.11497500976353549,0.5368741616936478,0.19278753435973264,0.1614708535579526,0.15367367116072564,0.37223842086393205,0.1744686987200755,0.026244205300623935,0.03480479088111793,0.14383467189976867,0.149440381381663,0.07213379237966082,0.10108296647549501,0.2587772855106833,0.3627622903529945,0.03278333896744206,0.20107409297089282,0.2551854009376149,0.2439658303014595,0.2715130037069165,0.10654886947034375
0.12983831150284816,0.058584424732741044,0.17349257901856013,0.23638150147582643,0.20578174146374165,0.23083501609300183,0.22928299462428683,0.17086259224426398,0.1800606646550313,0.47049650761374323,0.2238468156341158,0.187205791452255,0.24240731949306651,0.18697138248927936,0.2461944852411389,0.07264535522110174,0.19454522072771188,0.20768668216237696,0.20809873132487328,0.25637815374645584,0.4847057038992235,0.3398384792443486,0.2731209092874627,0.2017093544699449,0.4014020058394468,0.21364534931182289,0.4128972504064154,0.3537152162246511,0.2369631283902707,0.18637175468069458,0.43523586445037094,0.3085043955112267,0.16143760754826286,0.10890992571062393,0.20117506035369953,0.22424533561868693,0.14976634502852793,0.18478866699447494,0.2870261841690033,0.44089949597031003,0.06427285653544093,0.3802143102937271,0.31154875988357256,0.44509109172363615,0.3712629177481824,0.17549436308294414
0.19133461337158914,0.17663541734303487,0.37490495552251335,0.5583413421541724,0.7609683904660991,0.5310881128414425,0.37336290730724137,0.3084118588521708,0.31147510176745075,0.4372133095231512,0.4076593235378068,0.40237359591411276,0.4261470156366765,0.32302664633953626,0.4115018095084728,0.25305239344362035,0.4979926846838665,0.4066011851456436,0.28477203641292614,0.22754624923987318,0.5285000323173583,0.578396705875042,0.6826933118134578,0.5312217472114033,0.49584743975408285,0.2870314834775002,0.4077457042345976,0.417946305184406,0.4170654448034993,0.331647464537065,0.5972504353923683,0.5679809120214756,0.24402896661641085,0.15904255180279472,0.3441608134873626,0.3222084515863219,0.41310169246929795,0.49608787609564525,0.3800214389180328,0.5979630055311951,0.21940482034110464,0.7949554390595595,0.4577409838276895,0.6631313029255185,0.5100757859712459,0.5350077769146412
0.20428714363298,0.1853559446802334,0.6000356201008022,0.6574674276501363,0.7748775020933906,0.6215446290769022,0.4309421798683913,0.4298371354230319,0.5150708357293333,0.37674015430367197,0.5074102952724787,0.754863233139983,0.507463642245544,0.3970492067382279,0.36228392438358104,0.672377987238809,0.5890966603417571,0.48590323349096803,0.294040896880276,0.2465219742096493,0.5128261127489651,0.5988732827316976,0.6613472804012207,0.6379183769621636,0.4157507943017896,0.3947440708768914,0.4932339845146482,0.6212070508361064,0.6093680029391987,0.5782056986085946,0.5506277585139727,0.6970735850558571,0.37694295093280716,0.42659676518959033,0.5311228579555763,0.7374495925409219,0.5962582219785502,0.5884146476501437,0.34268233156039324,0.7196118987529857,0.2546652939605031,0.740819687106438,0.4619259072183587,0.6872234252485829,0.690469028753215,0.5638007867997757
0.262105327244891,0.16421129021102426,0.7872414587288538,0.56386920065001,0.6966447224583026,0.676139468823818,0.4817099244176976,0.4790837697908277,0.4868490025095157,0.358667254668566,0.5902171048488909,0.9999999999999999,0.5273157951213914,0.4104496623871082,0.39184617864218596,0.8953434923529497,0.6553172586850475,0.36769184634267027,0.2698301347955872,0.2374686291306002,0.5652330596370265,0.547808905676115,0.47486671910631606,0.6504968029480833,0.3575355723227016,0.4053480181245306,0.5520917293958831,0.7892313421321507,0.6118817193685053,0.6813073949337334,0.5410225297514444,0.6164750333014878,0.37995965018930666,0.4889638940300978,0.6372209466263917,0.763987364683175,0.5426642360877647,0.4086138201354153,0.32527713766989674,0.6127809384849315,0.2617764884356278,0.5968605071877904,0.47600865051654084,0.46718390557209777,0.6809315122482236,0.6396567424971658
0.3219470471165754,0.12920632069094945,0.7246643401506586,0.5821085197762129,0.5677110626584934,0.7189357517635744,0.605098957409921,0.5775689120104861,0.5117500059843872,0.32875713167376003,0.5893425049162142,0.9113352346645576,0.4410696353412121,0.4558918991948715,0.38240095954857756,0.7743862693246173,0.6277652874992931,0.3538486915259434,0.3333774828231358,0.31328843648196164,0.4784234127294529,0.4924419116309659,0.46936388244258376,0.7103211309844163,0.41852741955139494,0.5113043231226396,0.32920266003479953,0.865776161888106,0.663146194114861,0.7829004793348271,0.5602496510531872,0.646048195746752,0.40195752126017925,0.5412939906473772,0.6800012931283346,0.8131803631780715,0.5470408537055984,0.3730040725169639,0.4332089040621394,0.6952475943875798,0.29772481173925447,0.5357645950827333,0.5091268963295867,0.3842949681666269,0.7035316113474149,0.7210792618811249
0.36710092395177774,0.16754863526843267,0.6080632422475185,0.4561988214054014,0.5311404889173329,0.7631810044062385,0.4909255953563945,0.616601865033187,0.6542293214267025,0.3983191733750146,0.650525004590837,0.8111920736228307,0.44989229633314914,0.4098246980738163,0.5033619548792707,0.7860589117197899,0.693245653666477,0.3802681815381791,0.4926910230422201,0.3360906075702073,0.48717248946918035,0.618453284980872,0.420761720492536,0.6039425783406139,0.5276582862833317,0.7138735639871918,0.3673816504215624,0.7946898544255421,0.6661419791271653,0.7169975508861995,0.6060925127399639,0.6026915816342456,0.41091834204878375,0.49834379465114237,0.6524555589778753,0.6133480574138759,0.5942880825651384,0.5600365396749641,0.4462727970183646,0.7301608398347691,0.4969645465584665,0.569342705752887,0.5478668508513889,0.49554650233453035,0.7517485800105372,0.8496571922418829
0.42676526495067824,0.2315093300627961,0.5424761458421024,0.5070908791400807,0.504116881962065,0.7236144675504558,0.6102006909290116,0.8045379305798294,0.5507839893461459,0.3696204430008744,0.7362014936242389,0.667227678834026,0.48258821463165624,0.481258556994785,0.4790602055005753,0.5054648570907867,0.6735720882958769,0.34294947179495844,0.6111262261637826,0.38502304310768287,0.5226364787518303,0.6049657221904786,0.43958925407509075,0.6234225383099522,0.449837170142991,0.6950740008230918,0.3336717329992313,0.6058764700948216,0.7752397707811269,0.6817945058634627,0.6364189868150887,0.564203211013494,0.4088921615089084,0.45085221575537343,0.7445199190506122,0.5159044150081975,0.6382996787443351,0.45057445278865144,0.48015288331162304,0.6628702797444899,0.5344103093962506,0.5977375065888919,0.5914507816677242,0.48568077966933065,0.6420042099415364,0.6824458529428459
0.39258974881572056,0.18961708001237093,0.5786752139624205,0.5168472875116074,0.49170505706416034,0.839749365759537,0.6640571732200397,0.895294686954305,0.5323652345096309,0.38602445070874036,0.7604636206530351,0.6995964155709525,0.4522555751976684,0.4365528766281013,0.5033437956775559,0.6051340328750714,0.7099844195972481,0.378069057623252,0.5011942095210717,0.3900117685411181,0.38405742865589027,0.6191360889662494,0.5012553967681084,0.5774432591816442,0.4140080356098199,0.47788151502725706,0.36676668141603674,0.7341980195757354,0.729652328625843,0.7299905383802637,0.6881002414070584,0.6154858819295741,0.5100280669941594,0.5283591531815447,0.8266968140425747,0.63192506016827,0.6709707226720452,0.5646281058945276,0.4687140559349802,0.7030821093270064,0.4357754294076112,0.6636705853764978,0.5322403674155396,0.6208078909666375,0.5953939559469735,0.6726433990635603
0.33868177148657597,0.195063691924848,0.678920824842685,0.640480396574274,0.6136537475475874,0.8089592116345461,0.7087087533785101,0.7038541189534432,0.5286248875172734,0.3827142273389173,0.7691115485988085,0.7440331128261783,0.49116636935717295,0.4264416628846332,0.5475191469569554,0.6634023690182776,0.7224763867958068,0.32197413151010534,0.4486741167735698,0.37769030414808585,0.4266186019205485,0.5539583122745069,0.4593358717508177,0.6220704669376603,0.4169221886422101,0.5207535616626867,0.4765257378898115,0.782725106532095,0.773049244415165,0.8251289920033321,0.6900145000096681,0.5806714342916898,0.4640309675080041,0.5254360629494851,0.6426640001531635,0.6907805403297633,0.6838560268866319,0.5665666459398084,0.4499980101203606,0.7670540018603416,0.430601164151201,0.5961017380642213,0.49796876960090863,0.5826777267835515,0.6441755200418233,0.6742438866987747
0.3356940038914161,0.41539126778331864,0.5287075030016956,0.8424237229760355,0.5874806052403414,0.7949986933993549,0.6923409673956895,0.5694545254562386,0.5604655797889745,0.39441452492415074,0.7260653371412026,0.621543869591475,0.537651254873238,0.6460032188701371,0.5572160504528479,0.6652302470723345,0.7193480340696191,0.29177627282619634,0.5195916815756683,0.4191944525824012,0.46026771097868857,0.6555527726068129,0.5193287921842494,0.6180971832214005,0.46928604228613935,0.5109360928823946,0.32861049897891953,0.7504596851090023,0.8192963049075955,0.7952747840279486,0.7063929860793186,0.8357686109366493,0.4520508634584698,0.5747808771103345,0.6871898240511289,0.6461801855010905,0.6743112123858763,0.44170678146211934,0.4143060917127529,0.7507785582923231,0.4244795370881055,0.539532149911005,0.516920745576543,0.5924186714341575,0.6266331370734977,0.831684517622081
0.36740339718993936,0.45032851253820405,0.47120266039033304,0.6954448502213305,0.6070238994376798,0.8606461871691152,0.6693358503275311,0.5617468357961098,0.5908502921913507,0.4728864701543851,0.6876538952935826,0.5374312737803681,0.5847437397645565,0.7006897086032634,0.6394854018956436,0.6005076937351705,0.7945802770860987,0.28780709658419595,0.4843230345511571,0.4251603321939667,0.5248482342973296,0.7289783275852434,0.727844062410923,0.6798042496043393,0.4715605042601613,0.5264535210123715,0.5223812342857506,0.7439308238672017,0.795748353680669,0.7278319138322918,0.6395128856337366,0.8753645239640154,0.508845054928165,0.519643042688055,0.6479162448166356,0.6081851597521046,0.6633198746691541,0.49279712753351107,0.5053162856614392,0.8390191630950256,0.40857188337131034,0.7416372599623726,0.5972500040413946,0.745219486651923,0.6641749027000916,0.8470785124721243
0.47312316708874175,0.5275133021841322,0.49635197442539397,0.7491347212897044,0.36872903648751476,0.8577523691278687,0.6041959963803396,0.5768337618467997,0.7036284582630488,0.6297076311980666,0.6617507098415839,0.47079338103615936,0.7425545383867956,0.40533530273171764,0.8923544150721103,0.5472261742928182,0.7864651797836396,0.3764564773132031,0.5986721668327172,0.538151847486184,0.6727125441574299,0.645811700767046,0.8082737005838043,0.6857955325204599,0.6248003578879532,0.6886992689083311,0.782761436398625,0.5991303336625247,0.8136118221464739,0.7296006523887917,0.7244739496800539,0.8002772473061552,0.7295726164160159,0.4128485811638352,0.4278260076769685,0.40063336564199337,0.8839134092364577,0.8756376877264975,0.6027457006045999,0.9470588238787784,0.6164089014008836,0.8716532424916187,0.7551882302589371,0.854716810189593,0.8198491708952275,0.5842140591313661
0.5413111932064762,0.18258946888814573,0.41714173047149267,0.47433068140783846,0.21676836450294243,0.7091266279973245,0.43554885342125876,0.5521251102856342,0.591931704254372,0.730886175327714,0.6296309931396105,0.40465546029926086,0.7786662250023114,0.457060828654477,0.688949413661922,0.431343017080435,0.9122208636659008,0.3628781967404163,0.7430174472745669,0.714742317801157,0.7579151038020498,0.7611022996087979,0.5649628161824061,0.5129426662996674,0.7515665055276634,0.8159470310480937,0.6594564700636384,0.44719184890321784,0.5655338970398837,0.7209408386674258,0.7653174149218904,0.7993671617280232,0.49149190086644634,0.3186040775673861,0.5016304323064478,0.3770638998678548,0.6870790621648718,0.4091355513940104,0.6787287056558682,0.9143495563338704,0.6917933889220902,0.7552161312812475,0.7745918083076833,0.8346760198836061,0.8147152569959322,0.42973473969374076
0.5677143734579749,0.23780330736793345,0.4566469920714765,0.47005515510715107,0.20390062299555858,0.7155445112803778,0.5349012888323674,0.6907516089071238,0.6576293539074265,0.8023258870199844,0.6591571025845114,0.4732778633378002,0.9175957116473684,0.478805624796568,0.7385758174163317,0.36116462216268286,0.8111963295141692,0.49513218635017725,0.7064955490453287,0.9104622754720433,0.8777917521479799,0.8016915022566864,0.5232486080964303,0.43143611535320725,0.7832021863289608,0.7388608878017553,0.6911802503943522,0.5349392471788141,0.5554135600333041,0.8155597624877745,0.7895317951334622,0.7464526870661822,0.6347054902669951,0.39714867464899106,0.4757980331348521,0.3822751907280628,0.6430558873495473,0.5884665188022644,0.7505408303309858,0.9177589317372842,0.5455965332647181,0.8100783280642623,0.6973268987871986,0.8435763419924308,0.7290066025595693,0.4326065807625077
0.5814350430064642,0.219851370732979,0.4575452251170784,0.4618705862467281,0.20681518129077575,0.63036949020914,0.6876854218593519,0.6183632659108896,0.4161167069967382,0.8281957342425305,0.5882396253177746,0.36621114087382045,0.7162994580130585,0.42376441402262527,0.628677659132116,0.23572092905757508,0.7954554763285525,0.48872131804540747,0.6737670882381356,0.8490262768687294,0.7874995924863453,0.8428909118521296,0.49960243058586185,0.4621200374962482,0.7182765786616903,0.5446294177014952,0.6957511082062321,0.4937855710053555,0.5007128038907988,0.6774796959427651,0.7976323675220693,0.6415613205117587,0.6111203834435683,0.3296272789393192,0.5590682344488922,0.35621917049968055,0.49004982954149734,0.5691035745606893,0.628926184111115,0.9353793163195784,0.37368417589158215,0.6932553313214024,0.5938500213588325,0.8451096131264791,0.6429958907045652,0.44150755310429896
0.21842396271248465,0.1666217188097041,0.4547015216945387,0.3200411761381036,0.10872070128236641,0.4329069441784384,0.6837009380166309,0.4691439223491202,0.3283513044775788,0.8931707073619654,0.45106998711620044,0.30095911923632046,0.5098884795255728,0.3538826432071758,0.4638677136281016,0.1578751362588499,0.5529375089823839,0.4636865464615844,0.5307807595746947,0.7456196965899027,0.7651984509319805,0.7714658695803137,0.3450409461233117,0.38319355492412743,0.6341753600322451,0.485542838129584,0.768223631226699,0.41454494277798626,0.42372014979313877,0.4472090674460042,0.8172431515802087,0.5657786817984252,0.5136530492838984,0.25926861148972336,0.4781219456456562,0.38839871018619143,0.2657190329419721,0.43206601758502133,0.5043202062058336,0.8504876989751948,0.2524101436844193,0.5958314886579654,0.5762857397959938,0.7981111109392404,0.603422488583824,0.19792595434219762
0.11409850575471299,0.16309533052580255,0.4315836881480763,0.3722235032421726,0.13803031927729953,0.32626744197852464,0.6399993543319328,0.33614382518004937,0.2651161220663282,0.7451517165025509,0.3418304241829678,0.15964761036632583,0.38173883202849146,0.28310428460157794,0.3967867643754345,0.15037045226672924,0.3308494383916174,0.49490000980226084,0.4221259525902608,0.6830473858463151,0.7424828565593093,0.8505765589241608,0.2600818619073245,0.3447304631339,0.5482086592070085,0.34097393906691875,0.770778392890787,0.37679420511263795,0.4364801563118582,0.3334587886630917,0.7180359781572614,0.5002647553003485,0.5262474994791134,0.10890927015162134,0.4260544438271413,0.40946858780334894,0.25981358521846787,0.41056581821088406,0.44727182162987594,0.8245321192337343,0.17022205365455143,0.4831925679570673,0.5727552898039527,0.5647883352697362,0.5314773494052455,0.18178542600407005
0.129202170054268,0.1361932782059381,0.2938502097745177,0.23675916929482493,0.06324296857298704,0.26062588427242767,0.5024358113977819,0.24875813199416055,0.25514031519870345,0.6643598933412899,0.3008373571159084,0.12733180316038228,0.30521420559765244,0.2640778550125163,0.35640869130938263,0.1138016731904199,0.25626232230403356,0.31938778865954764,0.2998371982848001,0.5301699405069158,0.6440899790486323,0.605942493114324,0.17646590267970697,0.27311351792399213,0.40677189557616183,0.23000730984817552,0.628859891550683,0.36491306902468845,0.33202406046868527,0.2755517031644084,0.6142598454721098,0.36592178902961814,0.4101863038299002,0.0749748765809198,0.3740673572234201,0.3194043914087691,0.17319152424668396,0.2897683560413171,0.3462424250164672,0.6270386201480647,0.14357658523844602,0.3754656320142442,0.5456748723973547,0.43023902056044006,0.48012222848514885,0.19166061449851865
0.08122264768977935,0.11276070646430289,0.16634662868562344,0.10761459811415795,0.0288048273202358,0.1870931785286964,0.4310967550236877,0.20904470405164838,0.1555220175769729,0.5188555767871599,0.2694332743605712,0.08497914843158419,0.24967063484330707,0.15215123362457267,0.2483688126767678,0.09438330646407209,0.21077862420691904,0.3621366317135359,0.22607619375042715,0.47530753149389954,0.5231377176250681,0.536012320899636,0.15236703274476146,0.24082782271485562,0.34934730781824797,0.15781911467812637,0.5619158375919991,0.23313249804307482,0.27808102753498865,0.23530303498988092,0.5186656744836543,0.2745377278849305,0.3789359152998465,0.0610866651720777,0.2703408599037191,0.22158923981932227,0.16753025258495383,0.18192045092138803,0.2175863415189087,0.5462252282189937,0.08338496031847814,0.19587541732317315,0.43695139268871447,0.38916912592575437,0.3304284483379168,0.27359081931624585
0.06810105975536841,0.060726340644221374,0.10692971966536648,0.14109446544943693,0.08353593607286187,0.16672967105956488,0.3008583059375015,0.12589721771242182,0.14953701175937073,0.4111586421522043,0.20042536609335984,0.08384035022473435,0.16246164175941674,0.18909924775829345,0.19292000929581846,0.06068358210704115,0.15932974512410844,0.24095820413503838,0.20373382142766758,0.35462801279630257,0.4429957372023285,0.42563043352039326,0.11165342107404927,0.21202222329211082,0.29274302061964597,0.17542061416260157,0.5958469880333228,0.2455338444028766,0.20711626389644708,0.17715824075063052,0.43020408153230555,0.2307637322635358,0.22887809317199923,0.043380692118738254,0.2254205528962076,0.16435610849408527,0.08955741721320809,0.08635601535142513,0.20068293673838458,0.46594865823938686,0.05267556896718804,0.2269907399388708,0.3760066669134521,0.28712322281708436,0.23768960842957143,0.19457306724048273
0.04061425862172091,0.05794638658298913,0.061109108781446916,0.09669280080077992,0.017681521088548334,0.12489286470521054,0.19398358370982438,0.11829127533919084,0.08610936465677296,0.37322810179927074,0.1523580565401759,0.04926034339715501,0.19897447617472658,0.1652274389291752,0.13983298156571705,0.05523805627643245,0.11349057342962664,0.21795324712860337,0.052570164821207896,0.36852979830822996,0.4170958994489121,0.3371679881572814,0.07495884022154693,0.1908111867458789,0.21003858479878054,0.10643394580341588,0.4009539549233193,0.16384515554660556,0.15943217133534776,0.14010845942070377,0.3395526352919147,0.1513108147446861,0.1388979801850904,0.03974408237559794,0.19149779463410316,0.12298608550665623,0.08327519854366425,0.11452101035047661,0.19052604371855056,0.41496802756409285,0.07337492020031103,0.1988920299192862,0.24747621929042332,0.2921288046316134,0.2389262755610605,0.1019570351442145
0.038559095612000535,0.07430027046535974,0.08005150173493887,0.07709783694569504,0.007407560628392609,0.10329792569268043,0.08713609038163642,0.08915805964151041,0.01942617446435524,0.3323325507409768,0.16361493007418831,0.07747310144583233,0.16207752873453574,0.14144423531837622,0.11422384627408981,0.027161513521125405,0.06781200459287305,0.2107909227990175,0.06481774061834389,0.30390254105320474,0.36146328298985764,0.18006596514090834,0.07819261692025176,0.18104193218182354,0.24074385183130256,0.08371338690706799,0.38197188961735246,0.10873452954824081,0.1387891187936734,0.110912820607535,0.30602281062619013,0.15325123498441662,0.15633933869716177,0.04523175882619081,0.15485637712761602,0.11435822882143169,0.0,0.1599159367083236,0.18703687213392997,0.4237505628869394,0.0782261546806538,0.15211480064749278,0.2551229528354975,0.24593522808227594,0.1577421377818106,0.08839940247577296
0.05250704155069277,0.08802817695824082,0.07729789617424081,0.032577532275434515,0.02974406867605839,0.11390438207182145,0.08631545091461071,0.09956578772921576,0.02222729947203512,0.25741492662742016,0.12637899629000995,0.0884413422755718,0.15138393829495114,0.17466425068656766,0.10002779875080038,0.07457862640656956,0.05246741661653928,0.15555361254645506,0.10928381825408237,0.3367357674078405,0.3604383838180487,0.11848536275735072,0.06623831635820608,0.19455417867044633,0.26725879991464235,0.09430700715173713,0.46419131492134785,0.13937912862369922,0.15325069400963154,0.11764992045454269,0.313363812546924,0.18458745578829597,0.11837668797769982,0.06387413932581282,0.1721522914119083,0.1047550771471445,0.0317279911120807,0.14615884234149001,0.19915807412182507,0.246152692040902,0.05247883585097938,0.23173770581678843,0.2218692741047278,0.2526611457717751,0.20725791673270003,0.14005106222311114
0.0,0.10082362454703081,0.10437759865827313,0.04452800155311713,0.06648235731832969,0.11564439513459772,0.11039522955821013,0.11269666388398145,0.022483843757174334,0.28944137265908026,0.14871753180644537,0.08463657086505028,0.1913448447606222,0.15711107478898717,0.11538660274393579,0.05439375384199314,0.07405048345507267,0.26430544958632146,0.20025212068048023,0.290088173745029,0.40770677481288153,0.19139943204697465,0.1038131662878374,0.20833599768788533,0.28099740153362657,0.14052308787546086,0.3110727132491353,0.1912601830802332,0.1672377870084368,0.12378880618034817,0.2993423629754606,0.15471829471298237,0.13290100247019845,0.04269435684444889,0.20874542525700646,0.12989035276260397,0.011624132255061738,0.028710489508192175,0.19565228164392448,0.31161371924781933,0.035715629497113426,0.20176957535037937,0.20254023428379409,0.16195852361760252,0.2329311758873882,0.13671234135971416
0.09762205400889724,0.10399895958405311,0.16330161171534163,0.3244142595443024,0.2692149203948908,0.2432561571466984,0.2139454967327238,0.15633382275488975,0.112642860677523,0.35671648672807704,0.23140503036028437,0.14628547863395547,0.25123949041023463,0.25604924394429457,0.17082888793248466,0.11916199499986446,0.20689622054975865,0.22174699355302596,0.2202638410241606,0.2681993342755939,0.5049528189071106,0.24374203190429686,0.3083327828426605,0.23123875673383318,0.37932141020613447,0.22641279833789102,0.4584380195945916,0.3808343608735123,0.26235790892994304,0.198853633078572,0.4510287315473897,0.29260876375181966,0.19026935605027698,0.08434113763164895,0.2958769161696457,0.19035069435487284,0.0875275306935426,0.12093971358983914,0.24948937789324835,0.4659646962846234,0.088829105647178,0.4400532478997888,0.29998126232733663,0.402771795179532,0.35895521614573317,0.13482888479157498
0.1838926135825792,0.2040408729985139,0.37930327407455255,0.5254277358444132,0.6897835575839678,0.5403731138811202,0.4372200569977362,0.29665274379357554,0.30057423735610406,0.3808256567215112,0.40270031890140795,0.38722351850633213,0.44064868801192636,0.3458437257313752,0.4090665295633803,0.2950301325545854,0.49390672583568773,0.4234413404580092,0.25507449219984196,0.2738658986454632,0.5087591540676781,0.6251794874068074,0.7074928711250781,0.48398163234950997,0.47436869972410856,0.32383827097028844,0.4889825956003038,0.5354123545205666,0.3681503338976836,0.40182497872123346,0.6094828711258935,0.5930145423086489,0.31139406830024685,0.1478767294685598,0.3452826781848869,0.3742444955476775,0.39060380228493896,0.3444683639662285,0.3630155771435629,0.7004109719604984,0.19152298105400206,0.7805493199848218,0.4095150140997971,0.7118816423271783,0.5063274844972245,0.4411938931161603
0.1894127800661528,0.19118180490166653,0.6063390912712278,0.7178592387722607,0.7936201689202415,0.6535825488691368,0.5491464571488666,0.43810904584044436,0.47327232323484864,0.344637118850967,0.5770128725956495,0.6241346480434965,0.5121548158807866,0.4764722004246325,0.4156485847246456,0.6597844121819924,0.6267160674826763,0.3825776178516808,0.2767636788230181,0.24910657613958195,0.5385478493850927,0.7204661884887947,0.6166266070531107,0.6620113218510948,0.467248039502604,0.33877816941420247,0.4908728885066656,0.758374016293283,0.5454368674298555,0.6521042956359799,0.6343627217978414,0.7363147413134138,0.5022478796933331,0.6239899187704556,0.6020446438524809,0.7370580937108839,0.5530377412034331,0.5080685443786166,0.3496306055930408,0.7842211069490421,0.27685426698362586,0.7255329279642437,0.4814449685731381,0.7503294970918222,0.6392519266325538,0.5321555305567266
0.24280194677424785,0.15395261450850908,0.8593013921623055,0.6734998785544625,0.7577024739960765,0.6995271568875253,0.5309879540203712,0.5499754745550384,0.5104620871026453,0.33708015448495504,0.5787406911164729,0.7754659476961804,0.5039150916794598,0.40693201113749294,0.44235821553659205,0.7989684182638763,0.6672867232422255,0.43342850865351,0.3153237740844889,0.2830631294102395,0.4957795584164072,0.6401653106176847,0.5402836887673451,0.543698892387454,0.38886550775311407,0.37464581147812787,0.5518690452324136,0.8959294137508,0.6309891972830567,0.7832242500992459,0.5828858626810762,0.6608291619608062,0.4771327176599677,0.8788295474243962,0.7287818742250376,0.8728725337920803,0.6746808335118419,0.4506214680161414,0.3394818318858652,0.8761554747219442,0.354948155791817,0.5840232147534558,0.4346934435464882,0.5373147424741365,0.6351594555416767,0.5550118687475298
0.3567285299486013,0.17032979435780873,0.7563073570438712,0.6701578334329563,0.7370553165444959,0.7589238226632398,0.5708349229730882,0.5714395691636751,0.5751804772652409,0.3654426363427771,0.7187289689279586,0.7848635682774229,0.5243762916175058,0.3949560528017341,0.4777358722067684,0.895979204294291,0.6956896741770545,0.42183310914346617,0.4030842337791168,0.34470572045369385,0.5152711177259715,0.5123678556246194,0.47387987572767065,0.5653902796961555,0.4239833187853018,0.445448718604933,0.6732286810206023,0.8520847586904242,0.7307961364351934,0.9954926863126131,0.6309217777506804,0.6406135700850141,0.4972197732785494,0.7663210771044788,0.8452301959078686,0.9143541184308638,0.6767732897589251,0.3907787695246336,0.42427585772888593,0.8201135852287762,0.42100977167180503,0.6374313483467772,0.4576296848920849,0.513181150334071,0.6234282584291153,0.7140400677969694
0.5065639906259308,0.15865000788707456,0.6719966044809931,0.42636788910866136,0.5420356577071493,0.7768942512202143,0.5294756449759752,0.5821580212738713,0.6894429126371153,0.42541134862796665,0.8115238513114323,0.6934780946309963,0.5078003601275585,0.39015501531110525,0.5573155146951924,0.8812768420513115,0.7410797277359266,0.42948985660080014,0.5429915717403503,0.4310234437979589,0.5776707471396156,0.5763320667174668,0.47051403600563446,0.6396956791526512,0.46092863050247873,0.7163486232607686,0.5663010113328426,0.7533816134817898,0.6515987408518326,0.848434526902326,0.5843111101234444,0.5846436188637916,0.5152001250591663,0.5073082034989245,0.8273823711236217,0.6075530992285225,0.7154270669360498,0.37971712396408813,0.5279619068454352,0.7586135041657126,0.6819790609366013,0.6681776974824759,0.5878619836563056,0.5791267432090419,0.750612778959228,0.8322249819544638
0.5214184722604698,0.1581418860498684,0.5242991502554813,0.3903907553687556,0.5442903975466091,0.793692042224526,0.6763008561535897,0.7721525779104709,0.7332619181881417,0.3586988418018454,0.8897157969598078,0.5862842799919928,0.5608139675817944,0.5309295800213669,0.5544585036544764,0.6446178728466326,0.798784874926148,0.35907888603246046,0.5436871338511534,0.46386117054327614,0.5136056915179666,0.7375079535880823,0.4872291092668767,0.5807142230247757,0.4672768370958824,0.6990697811352131,0.49156526190293776,0.818346071570468,0.6622974131066965,0.8613776523884771,0.6057386775268282,0.5415798358157252,0.4955733257827264,0.46508769151022533,0.8527310104395094,0.43490793255698906,0.7910340889448618,0.5518912887653686,0.5188154740081607,0.7511844612560821,0.6263746225675282,0.7060778372791067,0.6512241733108016,0.5961148795820735,0.6680048220415145,0.7044686734944253
0.48642489738402467,0.2351178554768434,0.6054690321426776,0.5114909596239207,0.6137208140541045,0.8076772284514588,0.7558803076457169,0.8378973123398186,0.694163787903997,0.33870087856126857,0.8427004375747029,0.6507484766109609,0.5484409763890151,0.5204619953336008,0.6041318958534169,0.5981851500046583,0.9051092880394712,0.40469562726751407,0.5339635941044552,0.3600995231740846,0.39764746543258844,0.8086418163716472,0.5241874433994795,0.5565784611254447,0.41304806726285576,0.5871538102392598,0.46743257835707935,0.7771495685057557,0.8187787967709526,0.9642151003481871,0.725921047951029,0.5103586370374605,0.531387119114345,0.6165254001532924,0.9999999999999999,0.5700147728343985,0.8143576363477575,0.539876695154209,0.4447531269114441,0.7643733469934644,0.6308059373467372,0.6752447588112823,0.6089287933904997,0.6024299622325126,0.6235684880135876,0.5737155360287531
0.4934020554729694,0.8508728906204512,0.6810411835029002,0.7116397175881198,0.6772059132238087,1.0,0.7280936305727803,0.7692945319723398,0.5713916173221107,0.4174948044112486,0.9551750328641259,0.6055748593510898,0.6134638413626825,0.6854017177388463,0.5961572211623228,0.830907494410408,0.942421277313224,0.3378148798517146,0.5342583535801497,0.33499993600884,0.4997630259826745,0.8841311681148123,0.6463881491517626,0.6486315083451116,0.4870476583977408,0.4703833702606628,0.49059402570646343,0.925980335282412,0.9014142006071639,0.9840482401294736,0.7341029047793198,0.8013900840742167,0.46824632982951797,0.7490274431178913,0.8682445432607371,0.6895092479624989,0.8899620525051822,0.6045154311608073,0.47542844325307215,0.7219864946707956,0.4815170584308583,0.7537176308885393,0.5639709056235495,0.6382513310813087,0.5640680764427065,0.6423765755018463
0.4025327319387025,0.3060455703564619,0.6823079926060227,0.6855872656321778,0.6979974907155233,0.964969455462781,0.731547236339117,0.7320279640556909,0.5015345038465162,0.41512551685866117,0.8908896695492892,0.5914342418102885,0.5600733296377506,0.6588112589847646,0.5538097177309081,0.744522424604258,0.8624556909306448,0.3925977024017381,0.5926687298063942,0.38363480988739257,0.6180350411326888,0.7040486772418254,0.7105927363464503,0.7334981159525414,0.4951273179273734,0.5580265417840767,0.6334941105092137,0.9382211245591605,1.0,0.8854043730962925,0.7385234211326167,0.6776087586749752,0.5950830532542712,0.7162391857978814,0.9029504237683951,0.6283376988488287,0.8897092941334689,0.6414194370474664,0.4904026560783668,0.7404491110549709,0.48468583667173565,0.7577019761661756,0.5834155742922735,0.6492176028685102,0.6033722835226346,0.6808817604435299
0.4082844583072707,0.2847484974923166,0.6028680387748869,0.5758868663516504,0.6839069323178192,0.9162122287097253,0.6688566460099723,0.6485866666151672,0.5856867682257553,0.553065794425169,0.7752582792632954,0.5703540968883111,0.5957438024491061,0.45157428785378195,0.6142220700016882,0.6604252578005866,0.7714416578544134,0.417300166824492,0.6766916531486132,0.5023037745415045,0.595554599913188,0.729122002575861,0.8063722771477789,0.7868186599091437,0.5222455742985282,0.6503356478409219,0.6294954720037231,0.9312010529689073,0.8789255501019603,0.8126615383973175,0.7099634002093976,0.6786191573366039,0.7354209187590932,0.6080246310908366,0.757693648572563,0.5321146222920615,0.9309944067262212,0.80200622453875,0.6313012550943696,0.8117035825650252,0.61745902545901,0.8203017957348842,0.6572231253557081,0.7555156508023945,0.6801449742131029,0.5827800554882752
0.7620178830630879,0.20819320889885742,0.410788575196428,0.4378689037600611,0.34715465441237037,0.8756539383036049,0.7882299760629958,0.602304043948421,0.8452691775471337,0.6766050846191206,0.6981107244090238,0.38475304213239475,0.7851964348570245,0.39897054368389284,0.9997786864502536,0.4142680197965896,0.5619411833913521,0.45490688396813944,0.7169891410632607,0.7209420198410662,0.716275571072951,0.958167418772147,1.0,0.6697171325122088,0.6558727133872684,0.6371525003106447,0.5843847549156203,0.7358248468195533,0.8989788504602946,0.7651720788584349,0.5536726146763253,0.7611489037209008,0.9999999999999999,0.39828857581125365,0.49692611768969724,0.3076431774682602,0.9999999999999998,0.7828516583021415,0.9119459175766873,0.8304842468798429,1.0,0.9500139033668794,0.9564418599664246,0.8918650584307833,0.8817672960212035,0.5210655539937076
1.0000000000000002,0.2562174230944863,0.3708805289032692,0.3271412963188776,0.25066182491339484,0.7798537394125379,0.5047876617511622,0.6127142214824515,0.7968664733809393,0.7429333942952084,0.6404644980544519,0.3626881623452179,0.8067980709086084,0.3996799064195021,0.8923135348449629,0.26522942481097833,0.534508474079079,0.41122605463331363,0.8280678809342104,0.8306478642069866,0.8693478414583459,0.9176471714370892,0.6258392658372768,0.5014421927341334,0.8727785164181779,0.836708990638183,0.5544726937530449,0.4202335870195141,0.6135091861888724,0.7472328767286294,0.550637669531943,0.7373021867841314,0.7954050752053811,0.2980848778138969,0.5115304400618714,0.22633021113994067,0.6493041963285621,0.675216303661323,0.8703934761750957,0.795381037020056,0.9260141631077554,0.839106420458438,1.0,0.8466233173397152,0.9999999999999999,0.33096225254407025
0.8548663823828,0.25998873725442034,0.4172131209190629,0.4289153939445246,0.30402524423438715,0.7834438570850029,0.4672649450472229,0.7238497458187942,0.7941902914652704,0.8664141941409216,0.8153214771573332,0.34469045683317895,0.9764650197888101,0.459170058763204,0.9243323436965356,0.2520463186022892,0.5596679707486305,0.49800646946520627,0.9517810838405002,0.9703241160592565,0.8736588354411063,0.8830228473419547,0.5463467634913228,0.49614803486571224,0.9207985480186522,0.8668170270885517,0.5583021381319568,0.45797333222408343,0.795759353876461,0.8977331181551391,0.6027109325875166,0.735343128665412,0.7319884144824844,0.35536121701809775,0.5563004961337422,0.29483770665391795,0.5780447356343997,0.9367954833771907,0.859720365800402,0.8275936480646536,0.7503327489982865,0.7464097135853404,0.9168330959428199,0.8559968351998716,0.903926643954182,0.3472686258850152
0.7603072106002146,0.15144112036085697,0.4150525062502825,0.41623356370791464,0.2270567784763969,0.6096406294612201,0.6382831878064814,0.6720808139081768,0.5654037715340473,0.8707335598032906,0.7314708660832738,0.4059745988630902,0.8497520720409456,0.4480853587185894,0.6980490724281738,0.24280670889003786,0.6617068270370314,0.48427440264649063,0.8185461262525079,0.8724003010602305,0.73592661089927,0.9654887497867575,0.5707186138402803,0.5172127956039982,0.7795222494297359,0.6349358551904879,0.7319650549785454,0.5132312177511746,0.6312551492514211,0.6990952262289114,0.6387019700723939,0.6915412691467083,0.5863658253985,0.338791174394939,0.5302296690840674,0.3049632578522687,0.66484055031169,0.8286780508491391,0.8174468895432183,0.8235098291600083,0.45551334964043433,0.6778396809632632,0.784529747384496,0.86067535942698,0.6789978872005634,0.35507357324529654
0.3783114466598344,0.14770024271896404,0.450851072666717,0.4728813770344675,0.18375841677450527,0.46544451959966027,0.85541128457187,0.4558617967047987,0.3770681044500278,0.8455785868191139,0.5290849229030627,0.31105197526143774,0.6460421928011418,0.5253214341766096,0.5294436705740382,0.18291880267719,0.7016942071703113,0.45471654337457496,0.7157960095291406,0.7354432341418881,0.761455668249714,0.9998609068157016,0.40476564629048206,0.4598457300243146,0.6867567380677694,0.4025356472301391,0.8828040185669196,0.4323069759459831,0.424865247131358,0.5196328738762017,0.7180845656493734,0.5710437126828718,0.5174848362022456,0.2151419194019457,0.5515975903277823,0.3509288427104845,0.4463361422444171,0.6926095551822272,0.6858219981129466,0.7522258550119478,0.38919733665815665,0.5278875354252228,0.6938580624266928,0.7534313195660455,0.5571559040282383,0.2098741226821491
0.23852944088955577,0.12425584725038885,0.38865506067129013,0.43673411246655697,0.08325474197815327,0.32462216248803505,0.7803792089212259,0.3169345460982219,0.31338611952900425,0.8018601786610056,0.39967412074995307,0.23057548422925975,0.4586137434741909,0.45508647149165865,0.4052435328960461,0.13018685802626198,0.4964596534089223,0.465500016291959,0.5394055014069893,0.6757329073484523,0.7159000700341115,0.8167904755381822,0.33031211231061486,0.3774792414697712,0.6037288760848406,0.39250089128775373,0.9009461593976738,0.34479713375402266,0.37914420399517024,0.33048976776498323,0.6652393768688261,0.4946089485868004,0.5218650778875378,0.17019939205941914,0.4062602677006191,0.3703184471577338,0.2993033529872583,0.5029996043693022,0.5066436106630856,0.7416669335188176,0.2522003705115705,0.4438185351123313,0.6445202462341572,0.6491202049952738,0.5154138411829737,0.1672928967653009
0.13099262619462207,0.09672873185654536,0.23902159758629693,0.2642053845411334,0.09515889648038464,0.24125914100059365,0.7214852784374224,0.25088181431369594,0.2511779188820725,0.7612959312310097,0.3047566089728584,0.1890885970734496,0.27607954175171173,0.2923629089704393,0.33070820113640664,0.12597653728279906,0.3867804048538051,0.3982330342827091,0.530181147096049,0.5139441630756876,0.6778574308190446,0.8637778159139201,0.2186988850809717,0.26807908540219083,0.5023093832311984,0.24080544516067387,0.6660371162992464,0.3310106824917719,0.2706845815464377,0.305859218383247,0.6111055047522552,0.3986137606187307,0.4181207210485456,0.09166170970663151,0.3826231570115661,0.31184285916284643,0.28772097558724286,0.495584639766857,0.3785989500624469,0.6906124745438984,0.16057355547159619,0.33179147786278457,0.5605695299955358,0.4602632156301877,0.46227214775102854,0.16626117465240078
0.08293276903619662,0.07273111484653597,0.1600467050079214,0.24362169684477986,0.06141577456830791,0.1599671374934682,0.5535968981998957,0.20364853932986482,0.15201121176101443,0.573974753494696,0.2881493719523921,0.101979090179598,0.24651721945476998,0.24760360935353204,0.2639526522190545,0.10294045785981337,0.25765380775926217,0.21499473790570328,0.40101851897940244,0.467617386078332,0.5265353832027652,0.7768124710521647,0.16032754677647942,0.27845431014227906,0.41126464176695954,0.13577317428488156,0.49913569852041867,0.24008962765038785,0.24316706281460163,0.23948742391296202,0.4984213711965618,0.3224086934482054,0.27280098395436625,0.07382636070688278,0.3132605990277606,0.21894927764606104,0.2043513348885193,0.4922828082275707,0.3344750207547139,0.5236236662295013,0.1515737459946927,0.38144907179109855,0.5343921565138743,0.3890091227541891,0.3864108260115385,0.11454074062026073
0.10211960565730878,0.06510375107487906,0.11432734268028551,0.1407219104385623,0.048845931477350446,0.08674783124336091,0.3694160249342896,0.15165813763338812,0.060547094015681764,0.4773087689412058,0.22558806205438559,0.05902259725873422,0.1937807411170931,0.2468068059027525,0.21946603954331492,0.06321537063972685,0.22322575621704935,0.18085546065867258,0.3138826256290176,0.36606936096860826,0.49879699571791136,0.5422675341157419,0.14226732821110444,0.23307224839629867,0.32055314947460184,0.12150466037559095,0.4577428669861821,0.1987971887582221,0.24831535567313331,0.17084467507442128,0.4405219692438818,0.22382469693409907,0.29928093402645184,0.02069240350442784,0.19620829494003544,0.11857379900165498,0.14320513817505515,0.1890911550357185,0.20336972125466193,0.3362325359700706,0.0766937558733981,0.285524649670093,0.45650809786485413,0.15532214107156214,0.32796965180486276,0.12176574343223681
0.07465809071394303,0.026868846726754467,0.10492877777777944,0.1042091721911546,0.027098545891543355,0.08249747860934213,0.2073063498033246,0.10308438131165712,0.028305073407107396,0.3614048588510431,0.1564834407423184,0.08321812313464849,0.18042828321289436,0.17875747334791717,0.21766897386588618,0.08360030923993914,0.14546443086941638,0.20834776396889976,0.18614660128119742,0.31186595449218424,0.47075093455410777,0.2956978149270845,0.11806430455937078,0.2475909188004715,0.2398071119934033,0.08906182401324726,0.4560856579232783,0.2034865083991177,0.15965828933149226,0.14571291458411467,0.42945560497008695,0.16348801799512708,0.2225788402146127,0.039882148734315864,0.12760317351213313,0.11628909906603145,0.10973869660075905,0.14753553428204425,0.17333400674841948,0.3866078768933132,0.039326234744316034,0.22116767027572998,0.3475986485129428,0.19025846524467435,0.2432596752371738,0.10559694268512987
0.05569478928491359,0.033778593848500765,0.06652483743785402,0.05314401705431959,0.024566810914229534,0.11436879736349496,0.19329562195424665,0.0735578335340904,0.03872054098699596,0.3165017877832694,0.16037140215557485,0.058570009656251455,0.09808595609012055,0.14182981271812026,0.17834691137559172,0.049208553075033086,0.11027703350394803,0.2183490202377984,0.19012474321856182,0.30184820837845805,0.40334093277508626,0.24624301068375695,0.08631018460626741,0.18894841199813256,0.2030556266985862,0.08091936960759756,0.4530728952407031,0.15862064161666864,0.17807933614537733,0.1264525174355074,0.3585351725879577,0.10376293335230888,0.14837068762241296,0.024792154099311712,0.1379932192178785,0.10873792543661144,0.08449033749806717,0.11247968621524808,0.1288713838735254,0.3404853602927634,0.0518382261850602,0.1977481655522266,0.23725686971573748,0.26395641095877354,0.24048956638289815,0.09215698007234166
0.022780003910173072,0.06412989405726383,0.12218380198219327,0.09013240080672273,0.09188306913874655,0.09652762972295134,0.16395196146597327,0.08625157269926728,0.043551329338272084,0.21659166033130003,0.10847336920830764,0.061570400069345645,0.11524722114262687,0.16459470995202732,0.1842773945083265,0.05274976782601338,0.08862202118676996,0.17259045929382144,0.27189648623246965,0.31693656622934885,0.3989165290917686,0.1657961579437255,0.05097834381451859,0.3063022713653349,0.24539193646325438,0.062788559176909,0.49841890672341244,0.18361082634485373,0.20761956355628342,0.13783848748359576,0.38111722758672145,0.1718592259239573,0.1275038201172394,0.042832530743048575,0.1167346924406087,0.09119229124276527,0.05889731453254071,0.13118307241914273,0.1473177582583875,0.2432708892045375,0.05625384664395373,0.1695996837754509,0.18821594836605698,0.1397902941885285,0.22981027336422633,0.06655173709734527
0.04188586757875855,0.09385608759069743,0.11063367094617245,0.045288100415161084,0.11876267120818434,0.1133378355484921,0.18911426622791677,0.0767873491076348,0.028971998515399604,0.32841029580544695,0.12935191228619417,0.062071105420487084,0.10825936181738272,0.16951727872503816,0.17308632215100253,0.06582414809665721,0.10170734356804788,0.14244586691672007,0.24924588547137633,0.3549945077231316,0.409771064979184,0.18883401203738864,0.062292609814531774,0.23973180253103413,0.23104279920575468,0.07453085518878962,0.3408093924621219,0.23602912085733593,0.13882888376316435,0.1067314208947892,0.3494387323028517,0.15905368437017123,0.13405790460109807,0.05400107006930491,0.16850138019547029,0.0949667861545803,0.045353834884790306,0.15836286467478855,0.17568912571055656,0.3357202332556812,0.060441629864927994,0.2559148518425075,0.24587775399381126,0.21218360529248262,0.21982312416309174,0.1293280422821515
0.09304859498727867,0.08698971745685645,0.18009305687460875,0.2797458669550396,0.32352921530551193,0.1729475660408206,0.23701830930268755,0.14598566566773707,0.1378273256582272,0.35793231278351545,0.1999593292823854,0.153420534559984,0.19736800957330553,0.22744795708781723,0.21697486211911238,0.08768982459413238,0.18005935830208714,0.21307833988134428,0.17818964048327007,0.2957832532117418,0.5323814502488707,0.26471264398068595,0.2244094709198983,0.2901709336482516,0.33754044942178096,0.22219645318945014,0.4742541728819312,0.3346083594405562,0.2642069009299185,0.16833822529318818,0.3928868567418039,0.2660230837434334,0.18220664659427052,0.055066519330463595,0.19812505593978108,0.2692944040030622,0.1017016908872195,0.07896734605265242,0.22577398232581716,0.46227970154941384,0.0936465086757157,0.3321282329684092,0.35136448531845293,0.3717904609216033,0.32426819824760067,0.13153590358598682
0.10423969237192794,0.16394365458410595,0.3398718232006141,0.3578252858644502,0.6096686371968922,0.3444886613559196,0.33050500166232405,0.20210517931482766,0.14715518377512748,0.4275522578989393,0.31977957395052686,0.2619215975471288,0.2671812771636127,0.23042511731739274,0.2685298539542143,0.15016586309189967,0.3918057846454356,0.3633830787726497,0.25953786815246216,0.25512266638273595,0.6321294647002306,0.6266170380504048,0.4622167962652175,0.37447872904084134,0.41623812907301866,0.25437620885646245,0.5619734595401977,0.4586958736838702,0.34095831207838856,0.26898851369073584,0.5109830874392403,0.4432686380710538,0.23208121163150877,0.10279627233308102,0.3584565810797431,0.3063490292711975,0.1952085038496328,0.32942895525314503,0.2978602320155421,0.6737520690305147,0.18719791837026664,0.6027383184083898,0.422898492422726,0.4779653771744976,0.4475648871065276,0.08870228464854052
0.15834955592832325,0.2080663771043419,0.583434602354607,0.7020560467280997,0.753655479491812,0.5084507430116756,0.46095146034341133,0.38640072773882816,0.20051293967763698,0.44475835281402265,0.43652391279979946,0.4418581604663214,0.45542480244274774,0.27474907333121557,0.3370196323088912,0.20056215197772298,0.5457842026302562,0.2907765506793265,0.36618763784509906,0.2793308580805937,0.6141906711520331,0.6789995939986813,0.5193174556498074,0.45153596681591385,0.4619623919170106,0.4278205592527538,0.7808277448134068,0.5444390661618913,0.4601465946824945,0.38958672295376723,0.5756743204758229,0.6338859042002537,0.42504350213432573,0.19532928199411412,0.589082580519815,0.5781834268802499,0.3259970036593408,0.3738381789765209,0.33337266000247245,0.7884982914517776,0.22743202949158042,0.6341629015004318,0.5027856439034117,0.6182139457824919,0.49289791856784604,0.15417136438336293
0.24857649377063742,0.2524263166327672,0.8346499933536222,0.8070719342802738,0.7425793067207622,0.6066031250188723,0.6178655469078637,0.41487462096587535,0.2951840955991323,0.5078275597961138,0.4688603899148605,0.663244339999567,0.6283505072326736,0.30956933389815844,0.5153003108450734,0.345086346302369,0.7568060430267775,0.434451987732589,0.43948116231285833,0.26563588453441883,0.6280895396289712,0.5406040601743971,0.5468506606496661,0.4224572359278127,0.5237405539571718,0.6174491918695867,0.7219559833856982,0.6638406857017083,0.5574466571877151,0.4960840439034221,0.64241289807103,0.7557253675470944,0.5112098709533244,0.2595739471884644,0.7744854722948892,0.6425129064496221,0.35402473760862063,0.4349199868509352,0.41220967323400226,0.8592414592055717,0.2807520909204468,0.7468612200112307,0.5115856580438117,0.5673676866948549,0.5575257290743112,0.16865882817141697
0.323854679669247,0.3043867343501785,0.8419313770857857,0.7764155625975728,0.7397161962396088,0.6705824122942633,0.751402127947372,0.49637223764396843,0.2874702414711535,0.467007680977387,0.6053738033591315,0.7259030246893349,0.6783105023217243,0.3717408540646326,0.5035995054005707,0.383378345639903,0.9267074551082233,0.3488054927846996,0.5762599755276798,0.3401399775642427,0.6647869690408937,0.58643530776564,0.5347527897266675,0.554734850673294,0.5364493954204114,0.6346658563779851,0.6083155980108821,0.6703340465088146,0.6777490670341507,0.6692764659117731,0.7510001661048915,0.8174466751724455,0.5218920653925143,0.33443876540583867,0.7144678455106747,0.7720201019735081,0.4013313576686117,0.4954059096145272,0.5046053169358629,0.8675604297102615,0.2902739955968935,0.6966712514027483,0.5343594590765628,0.638607590176556,0.5816196808858869,0.1533244660601618
0.3756556341386817,0.2478259384425778,0.8262851979281554,0.43099703827455044,0.6402189488886637,0.726054599211757,0.6353594672563301,0.5104683556843856,0.3321438191591772,0.505605047405485,0.7471115845061145,0.6234091594224332,0.5706081143409959,0.41484116921440545,0.4743193881661389,0.37822593922759706,0.8745866369497007,0.39837964650308344,0.5358007401784832,0.3922170820916284,0.5881706848386057,0.6185521714659274,0.4825993201019878,0.5996390737774434,0.5879789989448349,0.8012158638429832,0.462626025546869,0.6113529115852866,0.7146171326864841,0.7066763205941254,0.7125375977025776,0.7872371073975212,0.5887437433988612,0.3430458129157079,0.7353220578320324,0.6375678492994434,0.4020875057386909,0.5807552306474636,0.5355583359537004,0.8131240255841347,0.4590415421933418,0.6949303327997242,0.6044911328270389,0.691362425439067,0.6835747047916998,0.17434022344508693
0.5465643082180253,0.23054084961546037,0.6585852221204608,0.3583350058798074,0.8104610831352586,0.8559419795810688,0.7430957265454409,0.7379061198130409,0.4074350299133256,0.5029520045646558,0.7885480449980276,0.49823075272952133,0.6220658188947117,0.39294453110106653,0.571268756798354,0.34841693315007655,0.6637455171047141,0.2871499169345389,0.7185304048967917,0.38880974311263505,0.569882985097305,0.7663572485509492,0.6079740257398347,0.5183790516903785,0.5688236436429374,0.688255329816199,0.5357615429740695,0.621735604147709,0.6892945811293126,0.6987187223983132,0.6143935337381617,0.75000875377326,0.5334364164054665,0.3207532372727383,0.8247419230966516,0.4364164880550368,0.5223424576918941,0.604064415247338,0.6880441843282422,0.8459494311991748,0.5313939075317077,0.6740250528694149,0.6634706297513235,0.7072542128294051,0.6774700538209676,0.14919141481320894
0.4898901873093285,0.2790370926754495,0.6923542795074624,0.5030088633934442,0.7711547335031057,0.8590212828551539,0.912686771304189,0.8400920365133517,0.3507341993648136,0.4689040688785055,0.6742621097616628,0.4780222402717879,0.6439832862786391,0.40701201396016445,0.6444778321026586,0.37147326186782165,0.797005889334028,0.29785614053972936,0.6949078234352286,0.3688090021220343,0.6050830995435341,0.6463624246150209,0.5793875230662308,0.513772268537023,0.5151146064545363,0.6553525061047021,0.46862912638642756,0.5923217262180813,0.7460490365134013,0.7477650667677679,0.7063663455402714,0.7044991347794805,0.656524952723767,0.3482802802879571,0.8998928648159469,0.5676691835711403,0.5358416889519724,0.5667381002839513,0.632922154475925,0.9099003591494567,0.43730595708866177,0.7212164826148598,0.6522535053956097,0.7086300534220024,0.6293220644149131,0.15858370550869438
0.5572608962282753,0.30320201612342845,0.6842694885826339,0.44646769542777814,0.8330348494582174,0.8511976899260933,0.8215650151083054,0.7340429859189037,0.40404561789214766,0.42943461911353903,0.809002653497143,0.5673343693969891,0.668398923619527,0.4584635189399328,0.5883687986770116,0.42935980698023135,0.8122570820191239,0.35849712202156647,0.7270281690026869,0.42127071030232455,0.6594138533067658,0.6435367939606577,0.5767725650726604,0.5545078503648804,0.5601903747599306,0.6325539423019502,0.416101060608444,0.6485765039318077,0.8462366713817902,0.8888817713402121,0.6890847795321483,0.6859438636871037,0.733006335965791,0.37050634128393745,0.7441797546594032,0.5352443046716476,0.5727245763318073,0.7339397363982904,0.5720317380517561,0.8803919375029113,0.4516446217706459,0.6259563408948036,0.6162735444074842,0.7551845382052258,0.6089573908028679,0.20729405657335437
0.50528730228778,0.2918873668718969,0.6777252449047391,0.5820369016517143,0.9802594964375221,0.8960050091436269,0.7390412818446226,0.6640062857595441,0.46433970578674305,0.465914845233916,0.7242609605072956,0.5283878729842268,0.6143440108711926,0.480236411815869,0.5376373597004845,0.46928474477799154,0.5683427396718489,0.40476303916265993,0.7412547298763981,0.47329506450707287,0.5926044971189515,0.679016912118823,0.6373886106073456,0.6144056245338195,0.5615179850695328,0.7290355968971177,0.36582850460035715,0.6612184957943702,0.8586593031324301,0.9063083246336622,0.5839125331966486,0.6867409580815188,0.7513420560119484,0.3265376234176035,0.8174795526520213,0.5332165203670391,0.5159037329134478,0.6426750510607708,0.6772648900490413,1.0,0.49750327732107685,0.7181365940227843,0.625424812526198,0.7830034070660443,0.5954342239698643,0.1267137673320472
0.4287510858321956,0.2803593693886999,0.4746916167731097,0.46283099811217016,0.9118647851230506,0.8115805061892124,0.739732034588444,0.6456677383976936,0.37150764471325676,0.5485519478819079,0.6746318968540725,0.4605839801960139,0.6888862626050444,0.5026207417932251,0.6750934315967383,0.368778085269124,0.6205328244143379,0.3366691324014286,0.6531439030810252,0.506858920446637,0.6853467195425162,0.7038112062696776,0.7414586735077302,0.6255475846187831,0.6856435523431421,0.8041069568043325,0.5854748368254545,0.6692060081479267,0.8195384013185271,0.7394166406051671,0.6205502861062568,0.7380306335157157,0.7483884935395912,0.2821985402616921,0.5729557844696892,0.5029986915398091,0.531748037474002,0.8023834037841591,0.6534906041897789,0.8870560216159766,0.5001617218151693,0.8842051867220591,0.6700567869593952,0.9625293783460838,0.6783945935918491,0.08552757877185707
0.6182298783675815,0.209556749129207,0.4116691420665012,0.45618512891541146,0.36598733175889187,0.7134544564759446,0.7090655124510475,0.5120591353657586,0.5437340942989259,0.6674636397359557,0.578450833193005,0.3706480771644243,0.6880330028120902,0.44683068004624205,0.9254835688667065,0.25315287622052474,0.5752061099344608,0.35115699852790855,0.7371127074652841,0.6077001340226154,0.775837350680328,0.5734986442675403,0.7861151099557064,0.5753498089490314,0.750032055478273,0.81531669519996,0.5393176812477025,0.5414556072338995,0.8245630178456893,0.7039639619833504,0.554175543208356,0.7084650205330688,0.7696280663195867,0.20540190764059427,0.5614532385558438,0.32038292518501865,0.4986740793593816,0.7404412096406587,0.7944005260312397,0.8373638980658639,0.7103875849095115,0.8654118226233335,0.916801288320252,0.9471480436893911,0.8021976749912089,0.09161136548613866
0.7041291632040071,0.26229551337123674,0.40653674551764196,0.3713069909715715,0.25563395382167287,0.6398551778423718,0.4784789566992636,0.6150125487684402,0.641046926817919,0.809996520009944,0.6137825385556882,0.4241758204629197,0.7779052427818602,0.3673816554658903,0.8924891436872611,0.2755793551069854,0.5633275183577361,0.3903915071184672,0.8042454315601002,0.7620056821509716,0.8782254171389953,0.6576209264816913,0.5934050591702895,0.43610997012087865,0.7919832887779683,0.8717510722106591,0.5216253555830919,0.414711857373265,0.7340108386548682,0.7295147580314537,0.5780459313105235,0.7035992015263611,0.6367734267622149,0.2164144654313806,0.48026984209686324,0.3061001198250774,0.3382513868857209,0.5108022236184683,0.840090018482342,0.8724644683027524,0.718569045178481,0.7522655641685523,0.8900841884153448,0.8328000065953408,0.7229645955155873,0.12092875474842749
0.5821740165464935,0.296176317543292,0.42511176661191397,0.2525738621294497,0.214761036106734,0.6397471359103125,0.6704297973825473,0.7196483786689954,0.5137833081000881,0.8829929149908838,0.6724983873375948,0.41471136435304257,0.865554677171448,0.44270827666259543,0.8256324922761723,0.266553540726271,0.567069171455139,0.401476535993682,0.7907391054504238,0.830279272677208,0.9018068323022944,0.8455488564406107,0.572921134756319,0.4660189518040754,0.8142463766565845,0.693231052656589,0.577565404132656,0.4704255077745805,0.8014203330780426,0.7904775279170005,0.5554119125178452,0.8288187887501713,0.7725716310638138,0.2817718568974378,0.5325645502060938,0.32640313857878295,0.39186016689179237,0.48988808315645177,0.8529237765522608,0.9135516619218612,0.5714398688496535,0.8450000237352678,0.8324874226426567,0.7505463019949306,0.6804377212756743,0.14858519257676775
0.4636387144583336,0.2197334773737592,0.42244703195372346,0.43498658002930685,0.2686183685896779,0.5922938440449528,0.8322680364439928,0.5596260416105439,0.36387662936789406,0.8743156374904952,0.5589145658561611,0.2743494501838703,0.6887352555839028,0.440380716585623,0.6904062860868138,0.2441973097888675,0.8005225647564319,0.4145036048459215,0.6434024888044108,0.8630737864187248,0.9053181419478088,0.908699481960186,0.5465134649020963,0.418600844770266,0.7454871439378885,0.5637395145075487,0.8174468387014284,0.4913946387690943,0.6397394168777882,0.7264817954500452,0.6940948169192109,0.688167941788809,0.7580935253560309,0.2932500395579294,0.5083602014083983,0.3738689596535351,0.28274490003770325,0.4552221056774531,0.7551091615334652,0.907114774717287,0.36945036508767287,0.736584706194117,0.6974168892531024,0.8016058607458115,0.687583607910662,0.16541419598682086
0.30321808871629147,0.1387012686268612,0.3867062297335341,0.4261127907715789,0.126373361557469,0.4122552667144232,0.8064751279572099,0.41677466045363976,0.28421852972252476,0.8282638358607696,0.44883148930696265,0.22998323526616027,0.5518995065306218,0.41024187353511626,0.4388467494930989,0.18624351878122652,0.7513091882829201,0.3509445018801531,0.4793216777381053,0.8033081931139151,0.814589641818254,0.8669869252203599,0.38150785232775986,0.35413803901224583,0.6426591351144338,0.4216977750676258,0.6321456745345526,0.466359861197284,0.4482416605795212,0.5038863528638324,0.7285042960397811,0.5760917243256467,0.5895093968364253,0.13826771503418753,0.4252743721305718,0.37692568162275636,0.2804312228653866,0.42629813297411806,0.616103857539361,0.9016599375014832,0.29922282211921425,0.6778827956147758,0.6452525409985225,0.6936725281712423,0.5392147677725152,0.16606406544338312
0.17469451131713432,0.07509666610535842,0.2572481592677193,0.4978374456257713,0.11222511579992456,0.30825426777338233,0.5350431478219884,0.3189666645440367,0.24879784750396652,0.8515191471259339,0.3806357404117302,0.17621435047080464,0.38881452134432387,0.30394413957069066,0.3861599768888685,0.14687035543561242,0.48342629952125854,0.37039083382862925,0.38693952250551555,0.7152977666937762,0.8238605944758024,0.7466355081952795,0.22360441340317663,0.3105364404611128,0.5703258741086396,0.35815998756041567,0.5407437210446424,0.4506026268226738,0.3109479898212161,0.41971742407796825,0.678552333322535,0.47541122652016554,0.5000709925346083,0.11919511181365332,0.4014637876056837,0.31458127537353076,0.24945027007927814,0.4721967015671997,0.5484091084083068,0.7822874591647693,0.2719395076300082,0.5285309602121625,0.5636477037365262,0.634586534414138,0.48854224602250795,0.19108927633911896
0.0763893591422905,0.0418547735546239,0.21377389245280676,0.24805614134477677,0.12733807322911983,0.27098320438223217,0.5499854891969451,0.26852519482735027,0.30901473988183603,0.7003046470537464,0.2921887646257285,0.13948527925087342,0.32715508221906525,0.31566618032398397,0.30819864045362,0.10271704079447427,0.3502534757560183,0.33485429577694226,0.32725927584815107,0.5370439404624425,0.6878152134885733,0.6367408659692038,0.17317962069155868,0.28441533306757805,0.4682424075990478,0.24467546330891426,0.49901083422669973,0.3199851956727403,0.271635826947802,0.37215066113112527,0.640027484850153,0.41476465703460036,0.33765254487957397,0.08369096903401285,0.35251177884828605,0.2404761301206062,0.1877646097320696,0.25194161664197623,0.4811927241852955,0.638461763828697,0.17856337955001322,0.4369446212118884,0.6213251708806223,0.5309510904762123,0.46125272641256504,0.14346195331724632
0.12620922885125305,0.04617584776342373,0.14214404243771,0.17021325924592945,0.11501425341447974,0.17914688885213964,0.521249625020854,0.21386076330710202,0.22863730843423644,0.6103411023567515,0.24843783690052484,0.07247554487846786,0.22380780379384843,0.24107244161055574,0.2325517449710753,0.09410917881452335,0.30244460003613216,0.3176257728755508,0.21351387539979286,0.44678479165212787,0.5175330257685453,0.5507374984008669,0.162880276398192,0.24509577918690154,0.37965507799880843,0.18713585053464055,0.5730418933508817,0.3399907443177983,0.21219067323401242,0.2740607398309936,0.5564899975275281,0.33399673240912847,0.3386906299386906,0.050536882560239596,0.31072153632906574,0.1754159068195083,0.18099577225494662,0.23650710694719268,0.33393067773163804,0.5723636768569986,0.11872661635633325,0.3397646566785375,0.5659200578195189,0.48823538233408903,0.39059733529334906,0.11147922269773936
0.0984818640396674,0.04805117133503703,0.14285253716162405,0.20294832003807334,0.03345856790198884,0.12715346814173883,0.38227229124272494,0.14076367887222152,0.15419820316731767,0.4526272259560603,0.1407080962241062,0.09174914687081459,0.16249897897054608,0.2317835026648042,0.20785984559887644,0.10982899503210916,0.1800392943795391,0.21285782180480112,0.18583871721820377,0.392726718234314,0.4491917497746357,0.4804850054351533,0.09541359739595257,0.21364072906647974,0.2645076939689425,0.12144655136173176,0.481521514037124,0.24832063808517726,0.20258043989279398,0.17179081609642985,0.4869708349097026,0.30181775273314726,0.22189255760225987,0.030055542590637,0.2681865424660714,0.13927986966583544,0.1005103100378126,0.3093999956591107,0.2611921263730122,0.5361758270811582,0.06822883494395593,0.22797798510729028,0.5037154183245262,0.3132531996796434,0.33705823662402684,0.10235682569269872
0.042734170634229476,0.03066848879819371,0.11260858271505027,0.15308592118384184,0.08176036022842988,0.11418827359591134,0.30769918500125254,0.08812501299149106,0.15994257584209184,0.3583049267199225,0.14534352779111162,0.05099111997739308,0.13578791476585989,0.23676794965122921,0.16929473683435214,0.08640649752943722,0.11918783540659807,0.20209574092256605,0.15978894663010046,0.34440802766731754,0.3964045079759187,0.36648353597621325,0.061171929527124996,0.15756342220896477,0.20669966897966632,0.09585368268094165,0.40961584946522167,0.17633619039782852,0.11870004006865364,0.12194504893381646,0.43428237379110074,0.21206820938845258,0.24347857209912196,0.023449784534071188,0.1630801871884338,0.0801900559943213,0.07346656875607008,0.174213669752792,0.22829702883164818,0.3422479194129618,0.047169924549598584,0.22646242456463572,0.3815229286129945,0.23440831260904818,0.2759047282748275,0.058582195078535675
0.05395614842865276,0.043805866653366415,0.07417984594352366,0.07160333871067724,0.0360384522214343,0.11951301672672122,0.20640868824123357,0.06461381378441847,0.10004071646587681,0.30670120263562467,0.12245611893778033,0.04868626691261963,0.15154091500841219,0.13767892339595217,0.17548318785937628,0.06580132597445976,0.13344866048072498,0.2711105084821331,0.14270779392766245,0.29245375270542845,0.32813137057924113,0.2512368914889054,0.056337792440111154,0.17602918388310163,0.200190669934508,0.09850017292161696,0.4116853733815367,0.1534116912412727,0.08596795127473669,0.13226555017528988,0.35720450732648457,0.1845340332491052,0.2285710773863168,0.05971932241204249,0.11140959206616906,0.09123297816350547,0.09073267757623796,0.18924770804460572,0.16660189524642835,0.4049591737444815,0.06020726945030091,0.1627138830590434,0.2635907544244968,0.2602583040654126,0.20015563706876516,0.05757199340960154
0.017763576538529693,0.050940460526546535,0.07216516841169775,0.24565398133225747,0.09361140424329431,0.14032492866572532,0.16488592697547072,0.07504136634352174,0.13424061605562057,0.25345157380919836,0.11504166323071005,0.06555902949924089,0.12611530350491545,0.14877639086653419,0.17567453229567562,0.07677063468008258,0.06471423802082371,0.1546574865434832,0.13080284301663253,0.343172028842149,0.3466183002089365,0.19872282443111056,0.022827515844263055,0.16361790060379064,0.2280356558346739,0.08132110736552799,0.47644997728010835,0.1818183642486684,0.14119537408910238,0.09670821571773444,0.32798074904488733,0.1452282693844582,0.19761255989184018,0.050365392499690034,0.1390648652380494,0.11266541159570152,0.028426358364019952,0.13599816769585032,0.19860096963649088,0.23250302378991422,0.08223464167457678,0.23712368680585894,0.25819387215225026,0.21400969615262858,0.21216490393008955,0.049153628245698806
0.016535315368415845,0.07492625440718635,0.09921355587512605,0.1811627551701448,0.059921258215871104,0.14935278944560662,0.13474062242983162,0.09994839182875767,0.08957035809343258,0.310040381444487,0.12536971706075384,0.07310258716077911,0.20288490619665422,0.20073472990496666,0.1476677507722866,0.04899331423115464,0.11298435041679188,0.2152126775831782,0.19735469777000153,0.37124057621775386,0.34446289266010155,0.27240619124600274,0.05798917214014945,0.15310543759147557,0.23162507388966677,0.10067250850275782,0.428577246259264,0.2323668498508086,0.1622892658937709,0.1266849788046347,0.32838942075117233,0.12164530104675783,0.16964040676080938,0.06098715577188181,0.1287642627986555,0.1158187500076437,0.03345262282118237,0.08606614790571564,0.19141247065199463,0.35344156506395513,0.06895782374958226,0.21895095947354243,0.22506816548047934,0.25838844586866183,0.20702393485533355,0.052719341226603926
0.11072696116372792,0.06866887397129726,0.16477526700163414,0.15458266893162265,0.19844588740372265,0.20248392019960912,0.24412437577269605,0.13081010603662066,0.15723507208333334,0.3665675798545049,0.2039840076201129,0.1571883129205726,0.18061358345082085,0.20074874284776123,0.18402295633946228,0.09793807283688155,0.15734040666905785,0.2778398320094528,0.20181026055292983,0.2847322495906275,0.47504007823533023,0.27424300287094516,0.160975738054063,0.22579395055300525,0.31827743410946124,0.1300211473528875,0.5840921907110199,0.3671592470114706,0.1985648398275281,0.16704573980793985,0.4234789267313443,0.21931199418413977,0.13012266515997384,0.09880834342453686,0.2529903673310118,0.17380042240240018,0.09258919360995124,0.04847320558713973,0.23749854780412064,0.43421962212855053,0.07131940273643098,0.3188102534593108,0.28359018434013894,0.30350331093460536,0.3045864734340185,0.14457875634380563
0.08779414870599318,0.10605422952265922,0.23896179580043697,0.43271018625335034,0.4329454920537904,0.3427889234128277,0.3292335854921258,0.2660262403922185,0.19572858767697954,0.4360783931446326,0.31157940975960297,0.25919667209581854,0.2537049752155008,0.20896558222905404,0.2672912951014978,0.1752776136847395,0.29488061028321716,0.2900020591049846,0.28400451778679203,0.2834495123256877,0.5625251014377209,0.5334832961413654,0.42654010766012995,0.30389842103747167,0.3757044872072104,0.22573499342371622,0.6662051425370015,0.3828872043760444,0.2837516339958863,0.3074826622852264,0.5307715693155101,0.3991433102669189,0.23045326716908263,0.08273349068534876,0.37331104257767495,0.2998464962976519,0.2305091028848377,0.383985015497255,0.30436887380446065,0.6282367222815599,0.13820496682790412,0.5451637832627699,0.33609055796526566,0.4405430471190144,0.43736617667444994,0.11327127009698532
0.1357302435195798,0.14612560624554224,0.6415665350944,0.6747560995997453,0.6452196456169469,0.49253652639088197,0.3994019060986509,0.40984920932789565,0.2377040641124464,0.46838459540904304,0.4070448381809997,0.47430206951481685,0.3755288819903242,0.3193776312437011,0.3492271260832897,0.2961856352715613,0.5009904015645548,0.3345278504780439,0.3934097370239317,0.3179534859889556,0.5800361943164466,0.5647693476995213,0.6120116716359238,0.4594648799134873,0.43718783116130494,0.37584404955392686,0.6214361803202325,0.532105341130084,0.4710536764176404,0.4201547074583456,0.6618891631383793,0.5653118984264782,0.37812033030545744,0.1817753813584322,0.5723603772413852,0.6344296491035682,0.30766185311119,0.4166198723624472,0.33354916536009654,0.8415727213875343,0.21948159473921475,0.6275521288140908,0.4597221172852082,0.666989668511637,0.5473002707465884,0.12378360289407667
0.1921020615231531,0.1876410694965495,0.9141792279055788,0.7352043457336273,0.7305274560415665,0.5978009842696699,0.5242845579138999,0.5451821328788039,0.2993191324809848,0.4625568361884426,0.44837158314690573,0.7315319694593313,0.4933784848825137,0.28949213133147267,0.43696670580290703,0.4027379983505799,0.7239196412884,0.4357840348704271,0.4899708794821437,0.31581410759993533,0.5935919867007441,0.5413436523381436,0.5615248306617638,0.4890360926880588,0.5005040833042527,0.5917302987205371,0.476148777190275,0.6013489915797292,0.6544435845526428,0.5499227742903539,0.6925916702011141,0.7476840407599945,0.4591781517503243,0.23673908843579905,0.7377597084949404,0.8405794859526187,0.3781513975506645,0.41528450667171674,0.40398795816747,0.9238082173041905,0.26439969140556197,0.8055134148509057,0.5053371158481663,0.6396058694987798,0.5637129880285596,0.13361028104190664
0.37875730141532327,0.2628262297719778,0.971785123158606,0.7383577061965874,0.6178577729087085,0.6401933071946951,0.5610482633709165,0.5938103793428294,0.36887705185335024,0.5442562594626038,0.6232444466566617,0.7573063577211729,0.5798300095890567,0.29682006385771176,0.5047267846601903,0.43995394300490165,0.8040442257443264,0.38686598999402566,0.44177121015512266,0.33071390938595435,0.6518719516177149,0.4281534866726685,0.5567908778794844,0.5099170619387468,0.539617384309481,0.5964712211585157,0.5705802515838441,0.7736455417783665,0.7149265456517926,0.6473598300300915,0.642596433879711,0.7868219518180513,0.5163544783945817,0.25135941339941303,0.7998056175905051,0.9146591049339877,0.47870720816884493,0.359967045255374,0.4955832898251263,0.886409951439586,0.3461931802761553,0.8250227839207257,0.6316599397203082,0.7059907089460792,0.6208980447771972,0.17235636901571463
0.38510351259200865,0.3185195395927846,0.7470331649540594,0.496449606192411,0.6477190226847647,0.6539937331685407,0.5772229459428162,0.6236098793030564,0.3367946680264908,0.5757909371590638,0.7115760073945954,0.6124508785590524,0.5445738247305874,0.34092167660481026,0.4812485471271846,0.4023610540146661,0.9214295374356369,0.47423257237023636,0.5523316277410592,0.3941868845014921,0.6715341054752575,0.47751054968252243,0.5016187759579527,0.4993256355924074,0.6387765617403681,0.7122148179054558,0.6336697967385992,0.5636802758502486,0.7823406992770079,0.66900835069291,0.6933005784870279,0.801518618806401,0.5836881800211414,0.2496274360805248,0.8769062706646436,0.7967318462465912,0.41360653967918726,0.41859069362538187,0.522311500200444,0.862330658306623,0.49773874028186155,0.7879257901707076,0.6559522111805888,0.6857655989605249,0.6662606326942779,0.1334351016822945
0.48956765044082157,0.1923134033436735,0.581607695460802,0.43123825862095994,0.7356492334497593,0.733300971547764,0.6726064263182953,0.7532914301758274,0.3291112931521446,0.49740798199124736,0.826145568588784,0.4192800513008762,0.5630790369324283,0.3513648615430005,0.5903516429510528,0.3900784723554225,0.935775200987047,0.3147186027348376,0.5521784822517649,0.40177236831533586,0.6465015805623869,0.6583942207186654,0.6055467084118166,0.500692932126577,0.5877166052091031,0.6241677832472119,0.7039162659797178,0.5791118401742461,0.679186359921506,0.7090428542125752,0.7231986584563436,0.709461882851162,0.6078567763353406,0.3085782806895466,0.8582158891187883,0.4250146899367195,0.4664454700087761,0.37672632497431385,0.6434303897458657,0.7653371989311977,0.6126654949888078,0.7101038420698371,0.7079414267421732,0.774599953652038,0.6359487695240194,0.1698488144461244
0.5224156848218025,0.21306190537018185,0.6404867052754143,0.45624891400353634,0.7824200572945424,0.7315992527942605,0.7589224733718922,0.9114803969512725,0.3750114690658928,0.5330758598738877,0.85515017478577,0.49141811725621276,0.6310293885643791,0.41277433640061173,0.636264493985284,0.43913611761389815,0.8229725316450387,0.38782919630513984,0.5000328826837495,0.3839792058816408,0.6623028652883967,0.6024157211588299,0.5976005845762846,0.5454596816385318,0.6491332354053214,0.7025828220812781,0.5746561079701955,0.6451928170148397,0.7089872877223334,0.7325593272855899,0.7665979232825326,0.7394897269124243,0.7473028722309414,0.3223004429266338,0.9579061990890566,0.5679561315937166,0.5487401098276363,0.629248333117292,0.5815404334774341,0.7428917440898467,0.45712514745978244,0.7599710990683526,0.6019991480607837,0.7241481179286794,0.6162230062311247,0.21867553120577976
0.48998027820387774,0.23151977037066684,0.7760867680690454,0.576693271078638,0.8014155054425467,0.7576592042021861,0.828472598815989,0.9275329429194243,0.33037018002561025,0.5584250705769572,0.9311997203665828,0.5281036170943679,0.6141846021733337,0.37883808557134724,0.6456648273762435,0.5574165150515964,0.9366855050739488,0.3384152598265391,0.5509737327922697,0.39880203406222187,0.585535960685574,0.6514307632170967,0.6124218839875857,0.5375398822026614,0.6141633862567862,0.5703795019130831,0.4159892040389432,0.715928384229152,0.7270393650201893,0.7814405665182036,0.842037254704336,0.6474396439059209,0.8248287666625664,0.44353334474052514,0.9393689646744956,0.6124504905527977,0.5752664748216227,0.5857041236275107,0.5803683982567918,0.7711900244105077,0.42001230800231515,0.7864812420686853,0.5378324543323976,0.6491280596424885,0.5423466991363329,0.19895667232336967
0.4405659891493963,0.23067256046029114,0.7316843688554827,0.5803410274160279,0.9455754381276014,0.795058520489474,0.7952315357481792,0.7006062110271873,0.3981454968532414,0.5359898242030826,0.7979504870747508,0.5521280932523576,0.6403266475528707,0.4048105678107319,0.5636239424365113,0.4869442227581277,0.9563928970706421,0.38066181083871264,0.5127827611306092,0.45292158768199026,0.5914862154785041,0.5246496541251289,0.6012604339249067,0.5570399722120704,0.593905091203229,0.5714796818958434,0.41745687720316293,0.7425041775120985,0.8185533015010522,0.8063765301480232,0.7975149659566604,0.6121331739466825,0.7708792693326432,0.4112674621143365,0.7860159562799248,0.5169819273489031,0.617734118241978,0.5840003607774201,0.5611928992846711,0.7731071592719282,0.43568671628190425,0.7308593249031611,0.6009482032310158,0.6567975515468162,0.5209341686291441,0.16505937311171526
0.49086817677889355,0.25656489852738446,0.5658948238305814,0.5844710543973679,0.84971493480777,0.7429537721643228,0.6726467328661067,0.6592086722940856,0.4593593827979825,0.5813545900094529,0.6890419294992842,0.4432810947358177,0.6783394135119869,0.4152811689862011,0.6263340922704183,0.3875386337530227,0.9194122403502419,0.4194797751713874,0.4296567185617694,0.45011310673070276,0.734003650383321,0.70715037674443,0.7287216108962761,0.5569796835279992,0.565713099430212,0.6120429217530349,0.5200059843944611,0.747616758536515,0.7938793126105563,0.6818723356435036,0.8147892099708628,0.6711616834337492,0.7587216790628929,0.2533821482245795,0.6322719978137334,0.47928496999910747,0.4914294224098942,0.5154912521361753,0.6663574312263101,0.8827131573628841,0.45367321613989736,0.7945214296973949,0.6346106818228455,0.8648126582447391,0.6616769653670026,0.10085782872952453
0.5660491938182072,0.2280502118504469,0.4120295567193658,0.3902075396026083,0.49996536652204915,0.6191193211779901,0.5978495319296401,0.5553232057706962,0.466288931000782,0.689938086915522,0.6516439140050838,0.33689778205691057,0.7643674808767047,0.37355449480990643,0.6495231217831143,0.2789281982979398,0.8521079484277051,0.3757834096335278,0.6320995229437343,0.6033579566061958,0.7215694490547282,0.6567493461304018,0.7165174595536744,0.5036227335172065,0.6645902730070192,0.617428928384405,0.7106414659198622,0.6537715065128653,0.6722393627939094,0.5526937873952413,0.7199462595494784,0.648514705992524,0.7246530228464437,0.2072101654897295,0.44778362841405733,0.32532293406378027,0.4019016576881044,0.7584212621693363,0.7250412991504193,0.8597899019158253,0.6998293505618884,0.7531909363223539,0.7075026016129424,0.818486701559677,0.8497207318241866,0.17650369433552224
0.6254218919586848,0.25519670310359716,0.41182662613969206,0.43792104376331215,0.29260458789303156,0.6268169859951006,0.5175312689074743,0.630378953631395,0.4138558284023476,0.781812358065809,0.6536393909503899,0.30518458945445276,0.7464157292016869,0.3794938873405449,0.679369551807546,0.2553679084211716,0.8321142449456413,0.46590472792616905,0.7536228154172145,0.7595112596309954,0.8550980394652502,0.6812116988128117,0.5860771349132561,0.4250771783867834,0.8450295797834433,0.5540451409524647,0.4974871343750001,0.4427204369202662,0.4956397121135804,0.6421627739603233,0.7506211941591099,0.6906119380176732,0.5634121592748487,0.20355124783423656,0.41705435583987904,0.292002591079856,0.38203318632264616,0.6209148192735842,0.9136094978485689,0.9321519092500391,0.6992321315884162,0.737702974209823,0.7515734275611868,0.8311135453129599,0.9013498993374619,0.22387074398654072
0.4800862482494503,0.19991485650974006,0.4012546504624321,0.36236479734230254,0.28447555611260067,0.6469967081574356,0.6452606983868018,0.7131327233172747,0.43715349581500107,0.8555390937427735,0.6563710000631043,0.3653013017348675,0.825006057573497,0.4347755428932382,0.6076103132440965,0.27670287381291225,0.8461282542289547,0.5662005166658539,0.8061447859198946,0.8813012856640472,0.9333873666907324,0.7929164117298302,0.6327766081781175,0.4410564590161759,0.9396815392210497,0.6128438584025518,0.7781473583715957,0.4693535725771939,0.5798285803180873,0.6278352713894592,0.7994311697616817,0.7680746963245559,0.5202269027850954,0.2690798476987444,0.5103302827520316,0.2884247872521948,0.4863659955719295,0.4986051948969387,0.8368109669450066,0.9417141535955086,0.577107434645571,0.7926394211255423,0.7581536656730187,0.823681264653773,0.7969829168237897,0.26685794940386953
0.31765709429104455,0.2023830052984994,0.42601164768844213,0.43927254358537987,0.1989154072042101,0.49675872620301975,0.7307185639237036,0.5998682031957797,0.35498910634298947,0.8929865890983804,0.5709895714447089,0.3552102184192253,0.720802202731369,0.4010538374004298,0.5150303229616516,0.24683175756931386,0.7289131374072981,0.49012226730860425,0.5400551288450415,0.8185576885395196,0.839072806947082,0.8724039040148681,0.48840616497807166,0.38549225544006116,0.6987034702285191,0.40477010602633995,0.8039857194463671,0.43113421204650815,0.5384754379860638,0.555319266839288,0.8656218750391603,0.6980195294497216,0.5178393244011328,0.2583725373728676,0.48887020927517727,0.323238424983254,0.36435710123252407,0.45602164814196394,0.7527816952053806,0.8814871441815225,0.4130562795335173,0.7093846838081119,0.6017690981745806,0.7824554829914072,0.7343353782548329,0.267507411524587
0.25672597456855556,0.1460167770568004,0.37022687526564,0.3694533243472071,0.12599874644038025,0.3691787265048808,0.7069643541103459,0.43191808811074534,0.24303884759924912,0.9286361250853852,0.498640466200586,0.3276254610245145,0.45503863344957707,0.3518638413761471,0.3940685656365037,0.19651967798661316,0.5611609347922346,0.4511615359485975,0.5653198092270708,0.7337645220145517,0.8152421799602974,0.8813288416611011,0.327941385700104,0.37677107448923625,0.6688895969615173,0.40382932671513394,0.8091260203294227,0.409596058870633,0.3895823652336804,0.4564283424547346,0.771397958593106,0.44019850132658017,0.476453291022229,0.16484866533501205,0.440466266110536,0.3087091525929,0.2618699502236469,0.45665039063857443,0.6367348414163649,0.8349234439687152,0.31086399143066723,0.5592633160146415,0.5044280873560323,0.6674286801752394,0.6169077796733783,0.24239470200058416
0.19040451836580716,0.05358031254418916,0.2890803267868945,0.38622191430185565,0.09960576709648422,0.33018721045687766,0.6084402754960319,0.3340404083578202,0.24131586132293706,0.8187841123651852,0.40827127291960247,0.20330531799873566,0.3677466379122911,0.30646691320947245,0.40596886083223277,0.1652098122024715,0.41747530442490066,0.34650588774269786,0.45873887636601773,0.5713286616357148,0.777484220510344,0.7666649506629853,0.2510589460030269,0.31677059770705623,0.6041420073263463,0.2952569794156401,0.6958123449419421,0.36614009019378935,0.30907916352778486,0.33502650996599326,0.6756050946789433,0.44681052101781077,0.4112749384563832,0.12628833147014798,0.3606009604696449,0.34609831622797893,0.22453092914028847,0.2808822352806527,0.5026377567817101,0.7356712464215908,0.18969450814699737,0.4299853456779036,0.534649139020078,0.5326590774149326,0.5618122370657246,0.21429055982836293
0.1557161595310458,0.0792915940928405,0.24383665288804296,0.32783997486367855,0.03750648867443657,0.20718025156023884,0.5299043894917562,0.22757198668554587,0.2001703790355072,0.6166462506689337,0.3244327031152024,0.12304771965412489,0.333475783443392,0.21309409234719917,0.309322330340843,0.12074353026843487,0.26845596624731694,0.36434469125991453,0.31986553965731956,0.48443617207231054,0.6133679879850699,0.5261416254536451,0.1862413001378257,0.30287322432696306,0.4926489577539259,0.16671703880564126,0.7309203903686059,0.29466201600831154,0.32530451705158314,0.24858460928576326,0.5709261097346492,0.38009719318217994,0.4212002699967835,0.05608406147534696,0.2399464371568557,0.30350003095932804,0.18356877102140634,0.18107499451867676,0.39440454697948507,0.6989947981976659,0.1547551762167581,0.3875338173106178,0.4847283035726736,0.39396306980458273,0.4716331696249848,0.1251228777510831
0.12971259936331636,0.09395314551646636,0.1228806493674313,0.1607420728999026,0.11033216182422753,0.17026125119465038,0.5054744167183042,0.16771662375123073,0.16088143965795595,0.43210302361065245,0.22864246179935632,0.10701921555691993,0.2943814495798166,0.19509090361091647,0.2765928221666629,0.09541522793995283,0.2012361229973812,0.1900870882558912,0.20614034249184962,0.43605182585636204,0.5752173319194327,0.5189883921361507,0.161327485176867,0.2285389358723491,0.3596714471979912,0.1181189385715586,0.6693395725382053,0.2959038240002052,0.263522937310524,0.22643193212836515,0.48657035347900235,0.24318578657592183,0.3267824859751681,0.03531653297020765,0.286962312436394,0.21329394691007203,0.134136466249368,0.2482321358281101,0.34027571136212154,0.5781647347171673,0.07724905365780829,0.2285021632563688,0.46473085829516525,0.3634417549123601,0.3967205301826358,0.09372112930288165
0.04831231278540982,0.05512422356213109,0.083655433846921,0.09733263423591006,0.03905739688276931,0.15914120477851976,0.37878775542570975,0.10960435724323025,0.14044894263512295,0.3587834341464396,0.19645066908263237,0.0642713140456744,0.21588657337919245,0.1976389703106148,0.25063484497353233,0.07519190679166299,0.17307797692347657,0.2672121956558865,0.13967359553430048,0.36180661230508027,0.5472739966818767,0.4418867689612037,0.12032170078427518,0.14155817610113425,0.2826575570769919,0.07703385350182176,0.5894659920917328,0.2105315556849476,0.27195543198640293,0.1718896150439699,0.3647124161914315,0.23224788956919817,0.27044370616218394,0.06930756683093803,0.2149171474543098,0.1600391165838863,0.11387822634178635,0.23279275039868247,0.24644004034786823,0.38249377155301856,0.066011518613671,0.1902055769055594,0.3757585628602659,0.3011531282352884,0.29886416638813296,0.07576825957029476
0.03929800565053704,0.045348689448958646,0.08806966805341991,0.18406556187321094,0.03359426316907464,0.11189635694281132,0.25616161707902246,0.10638731903579593,0.18019424352524308,0.347731310431925,0.17376142876141756,0.03987293011469015,0.17146255567236657,0.1470679903469139,0.18874635438223852,0.04641845085448055,0.10427601133137704,0.26280089484850594,0.1780486385387046,0.3581541169443562,0.45119551577006717,0.37416236336584213,0.06816943753888309,0.17350447051273854,0.21729814940780878,0.11253590773924323,0.4569526132984966,0.23918638670780926,0.22466927078967516,0.16860742310442106,0.36612425044961533,0.17659529061980933,0.18340904557482116,0.0333274067379848,0.15527099454047266,0.17288703361424584,0.1062314613225723,0.11928809082189336,0.20925070760001158,0.38197901684219154,0.05248846004803389,0.19733314545993413,0.2720210589816875,0.23450038676855398,0.24797282751831345,0.05595325165681601
0.03125433905134746,0.059732755424776435,0.06809415463306297,0.1927919088425759,0.02214278706044716,0.1145750651915013,0.1432399088854708,0.09744307175566233,0.011183428151741275,0.23919006231530615,0.19582814273134133,0.0584515272879061,0.17234134255978556,0.13330964827446,0.17394330000166183,0.04987238092937402,0.07652910955825891,0.22996562260310732,0.07865566558254805,0.28974412151528317,0.3980594406412189,0.23366720714662628,0.07695569285266625,0.17899541097289617,0.18027595816915784,0.09857578989035924,0.47702862442639743,0.15959221253971648,0.19302540067365237,0.16258720638950067,0.3415014518782606,0.16678850663262826,0.09708960958786783,0.023843049376356836,0.08077287140245,0.07788291113044528,0.1282109466205499,0.11136233685511256,0.1357112041473384,0.4243116349687161,0.057117737216560376,0.12837904929122793,0.2365894256319309,0.1880933774223609,0.18551012108268883,0.050638719123845495
0.01973006114672141,0.05556715254343991,0.09262389380973161,0.1491380337140804,0.07422297096708969,0.11405126869621922,0.14782642625761033,0.10317333167391204,0.01055768730786405,0.2252066564881452,0.14046348874497416,0.048584466208316655,0.15196683925608825,0.18185124272957254,0.176191668300966,0.055313741342345145,0.04250891019352872,0.21995391270797082,0.11489531454041738,0.2872861911584529,0.4545334191550281,0.23572371263915284,0.08327237580970444,0.18877389872831543,0.26394732488581996,0.10169736446183593,0.5115164836214351,0.14295944143393052,0.19445440941299943,0.16297669391597358,0.36595526939297707,0.17045452818627532,0.10348987807721072,0.016157713103320686,0.14282751338351496,0.12827125967847153,0.0809305900534296,0.18827918043057823,0.1665307833275438,0.2807198863170051,0.04062047426617483,0.18902578184683352,0.24787756164986738,0.12792161787776463,0.21942090111013668,0.10551145172684231
0.052538616981618866,0.04880149502556265,0.10405828142801397,0.09427854264279693,0.11093146737532791,0.13248292653800167,0.1519575198483418,0.14026744133860375,0.013549432156294186,0.2538452668108072,0.13434718093518133,0.07714230880277728,0.1994010520737452,0.15093307820453328,0.1424899953209487,0.08333784501203637,0.07155037996792284,0.2392864416517284,0.1137425496080895,0.3167703500067508,0.47708913138465603,0.3218425057130695,0.12014798166306892,0.19139299313919025,0.28406771751780946,0.0916945266331221,0.5216668938101094,0.16670526619182813,0.23227721051357372,0.1624295359936918,0.3555605510721198,0.18348222248962315,0.10503686599547477,0.0576488301692768,0.1818920999075238,0.11530384177679705,0.0332299297639842,0.18027203547411552,0.15318658141055347,0.38248631310454806,0.06087420500436496,0.17210531802776746,0.26770888823215205,0.20965064765364214,0.2542851389682528,0.08584969898001674
0.08207171503525396,0.031774731083506425,0.14192695877111,0.2684144489328301,0.22222017196814667,0.27030707780568014,0.18216321806210206,0.18865904553248591,0.133498929398331,0.37264961675618247,0.168564726679611,0.13353875424316103,0.23148971996330062,0.1888783506702468,0.19025034861602744,0.12069965419605297,0.20591229568530323,0.30490076919667364,0.10034681116771971,0.313642369536507,0.61120328298698,0.4058186446787722,0.32680840709728953,0.281613415079391,0.4190756876515813,0.16431728142640606,0.531702191175738,0.303109944870091,0.2806008439291461,0.16354082210392665,0.49608830042437013,0.29418075987046977,0.15053007340710303,0.05942393049113438,0.2235790392209291,0.1610435359370443,0.1153547267358179,0.227441607200433,0.28154341082521367,0.49311901046806145,0.1024922246704141,0.3793961168134414,0.33814334937846935,0.42133781741861986,0.35612941664420944,0.1121923854056413
0.1640865314327262,0.257834492879676,0.3536112278460123,0.5039913028758194,0.7117169069156577,0.5314589345279142,0.40552442594189,0.33694194854149495,0.34541025226847266,0.43201496157588215,0.3683138627897253,0.34114323876995223,0.42328139963910444,0.3158245886347643,0.4023111496104717,0.2825491992952207,0.5178210726410698,0.3380486713336033,0.24121265380004908,0.36487934208388856,0.6284735757708125,0.6049580747936331,0.9042047108487561,0.520397816548159,0.4664850056328981,0.27326713004536124,0.6404791631448361,0.4722296851218879,0.4305430858344189,0.3574934224642609,0.5984424909675229,0.5899290597449011,0.37253174534247635,0.1615399791010449,0.3495722657717141,0.38351214385585636,0.38710734732793417,0.5270901771907338,0.39904528000409556,0.7263051620394235,0.19547593566851912,0.927583995093846,0.4475409032508511,0.8406118933674995,0.5237070092587294,0.46829783288962
0.1363020909708636,0.2545921588271414,0.6912111499411044,0.6930735662011837,0.7777310476844154,0.6909520489262935,0.5879741442805744,0.4276336841087988,0.5146649345932901,0.38616354145581416,0.49440639986603896,0.6673457614551221,0.447104589759935,0.41549159780742406,0.45182339876929484,0.5739105576319296,0.6023844678492772,0.3547688959236418,0.23840829436929506,0.32806521824134405,0.5660416541555975,0.662437680467536,0.7458951194732176,0.6122646190278221,0.4501853906911596,0.34694965055185933,0.4872730936492194,0.7076252939262049,0.5839517402768084,0.5834155931809143,0.5924993352552842,0.7687859337819603,0.47989985179404726,0.4630839200100251,0.4992667218905818,0.7447520934937115,0.6089576424783384,0.5076681933305612,0.4031509325531335,0.7211450136071099,0.260056805829539,0.9999999999999999,0.47781540401310824,0.7597775171748424,0.6603716757050883,0.6063782392345533
0.27880348929923565,0.1466758405183377,0.9265638750918628,0.801157574767202,0.6356533061254485,0.6591828529010899,0.5675436767569503,0.47885023145411465,0.5699782437398336,0.42013020160559317,0.5201335702324291,0.8422801594875077,0.4812021505069227,0.3969676122033162,0.4719380858748828,0.6547089817282231,0.5767343373654266,0.3911797870526668,0.2518665148174513,0.35022049079189466,0.508905821977296,0.6238897374095858,0.5029062614030495,0.586007942300154,0.41867277690772076,0.38542652881399514,0.3940892388501082,0.8253160738570483,0.5704617437160476,0.5345474345482643,0.5660203814360165,0.6887870616742113,0.42534944656508633,0.480015943386839,0.6120260709932124,0.8627454252058645,0.5351419802621213,0.4403349711177202,0.3830892736440837,0.7789504774971304,0.2434418394818188,0.6691508178208035,0.4646781680958249,0.5273084824590714,0.562915662943767,0.5976302716331839
0.31033662868400186,0.15580049076791222,0.8107180969837925,0.7249224542780217,0.6171046272712443,0.778695582190282,0.5398694615574864,0.5383317976626385,0.5867705321401394,0.3391408483399825,0.6090990039335485,0.8865475911504921,0.4993697862460428,0.3613711636513957,0.4574521654847562,0.6352255427287409,0.5463875621871432,0.3776553064211453,0.3350320587161273,0.3197886470684994,0.543992491509758,0.5050767527280565,0.41517550020509364,0.6980015417708204,0.42674774359251166,0.5061944060717729,0.44793654777816866,0.778429122844795,0.674148182646367,0.601159854080171,0.5866288390170951,0.6593884739938913,0.36223718255211834,0.5045133707783303,0.6526429501532874,0.8701376495389979,0.5308188349588837,0.318644842808762,0.431188991809875,0.7970853434952383,0.2780514684168544,0.642012933742446,0.4231623448319806,0.454430433803102,0.5475372116125286,0.623821282705452
0.40721621163662436,0.146469329302496,0.6906541514685858,0.47932408420499545,0.6657698979856328,0.674231280145173,0.5106306156546168,0.5392096500761397,0.6326577264805084,0.4118927485782214,0.6066393082529897,0.7067961454970874,0.4613713538525105,0.3396859326903549,0.49609896500362,0.794016797858816,0.617180730884224,0.30106210125269467,0.45857648775816007,0.3163035865435343,0.46442108968507934,0.6587870565930598,0.38681896613823386,0.5443922339594913,0.5145244706165172,0.5649607904477145,0.5069091098052031,0.7577993992739678,0.6763679037162422,0.5952282833062282,0.6022470241039036,0.6383937511021327,0.42510365007440765,0.5044551109798694,0.6018423645301855,0.7826174907381451,0.49583993196882026,0.36738091275360624,0.4999151876320775,0.8065603269628551,0.41147443239458703,0.6112273360741304,0.46560762611265466,0.5143070594999931,0.6070271941021378,0.8034779936607047
0.3977897947442075,0.1890064859684324,0.5580168302849198,0.5216929595051283,0.7497977871921787,0.732448629881187,0.5711311339756675,0.6419612011089315,0.6299016270761535,0.4294066409963117,0.7435566148032101,0.5567123168545951,0.5070342888240211,0.3678729380498013,0.5349908606185226,0.5499502938116047,0.6333723505784519,0.3051632066880365,0.3069341585820158,0.35030362799564585,0.5512510706644494,0.657790376697618,0.4537740579575634,0.4958802187087207,0.4511754468934486,0.5576934196876971,0.4396265112325587,0.7310548070235618,0.6379709362233378,0.6302247319390989,0.6101125518071288,0.5640154242611235,0.49503883781941616,0.4474909165701833,0.6008333618554663,0.4574464807184047,0.5388302643704543,0.42025822710702126,0.5115075142430181,0.7336998997182339,0.39400908142050334,0.5249410819175875,0.5468044518982051,0.6053665882098859,0.5630214173908206,0.659165331386922
0.3325258277951191,0.16608208217909506,0.5794721462572192,0.46451812715922497,0.5985948747847772,0.7243336453150374,0.664494541028738,0.7245017640659376,0.5593515137760179,0.412674600962548,0.687278780670864,0.6566845578854588,0.46414063374472014,0.3254567200253135,0.5473222395057156,0.4806259201136191,0.6556235684426783,0.2948382308036531,0.4456959516516139,0.38703020216833944,0.5536456198638856,0.6554776614121529,0.4425447010904565,0.5100006955799441,0.41601890349315507,0.47568226978534545,0.3626361131996888,0.8062749215573668,0.6714348759595428,0.6032806666140996,0.5903117644183689,0.5245745227997584,0.49406042645021786,0.5373555700555834,0.7715524263911836,0.6197413278672346,0.5114108086432858,0.35398500739919864,0.4645205593320868,0.7703531085806785,0.42295836583530594,0.551285283880691,0.5270642364590067,0.4505055214209439,0.5113552210813236,0.625616471458689
0.3280698772370741,0.14266628954158866,0.5814361090932451,0.4109667708488739,0.7706705410068528,0.8203345543231564,0.6083989529667823,0.6884961852007164,0.5775455456121928,0.4611033630666803,0.6983643888905277,0.5897948931442576,0.5455402590039982,0.3705167851561881,0.5414430337624154,0.6138518073515813,0.6271357627374116,0.32349281228540083,0.4127454006377482,0.3990362826676663,0.5157097486414263,0.6687427320577862,0.42041974019655004,0.5922388970819727,0.39541737875882854,0.4608533150976534,0.40163880953653935,0.9520181960033693,0.6477764426847424,0.6898534067697885,0.5868639645313691,0.6354232467238331,0.46526484750838415,0.49907811773556904,0.8138078216070523,0.7045343926435064,0.6243814134352803,0.38024670771491037,0.43975772237590216,0.793193668075018,0.39524951312636825,0.5982923249043104,0.5274744740359207,0.46235387014253193,0.5460169507229875,0.7346936639137979
0.366590506798801,0.4083538241468022,0.47000082155111195,0.6702042280238709,0.7596909758418819,0.7676324165221465,0.6231570832025118,0.6290325102387637,0.6423811523871553,0.41447489797282444,0.6704893195523075,0.5578681431953895,0.5851928581471976,0.48842681741780264,0.5405987264998868,0.5991688310540024,0.7893707672667468,0.37317324132380403,0.4829258496013301,0.43360904166729625,0.5538468265971916,0.6193881819779896,0.46145396574142206,0.7239084412965225,0.4114579894865202,0.4991354777840219,0.41426686117093237,0.9092620136602003,0.6503487400150113,0.6394098550704045,0.7044393980003318,0.8304515287070922,0.5610986575683861,0.49870318954868803,0.7811409396844479,0.6562333684698064,0.6541765120556366,0.5929430372759468,0.4514423087283472,0.6571575179712883,0.38945394811876416,0.5827219394560508,0.5664384884463942,0.5471117924324087,0.577598501138705,0.7926915405839169
0.39783592282801233,0.4095135134170036,0.5608946821471317,0.8030869207004593,0.7947628992775814,0.777006958441883,0.7058884139216309,0.625100505228095,0.7915572512584357,0.5002612157519707,0.7824543347148032,0.628526640226896,0.693416670124718,0.5334098674101564,0.6456974581992563,0.5443782296814689,0.7721592132291679,0.4021770597297726,0.5843810700965263,0.5045600501227058,0.5808581492607829,0.7825443621624655,0.712202399356547,0.7309014225094421,0.5217044475641616,0.6437435839485406,0.49520816545738816,0.8323539216354213,0.7089707287184578,0.6270038491139719,0.7728619911864364,0.7080467529564977,0.545158330294452,0.5035394187181529,0.6415769802027537,0.6304646814312312,0.7021599708352115,0.5741776502741693,0.5248644631631144,0.7367136992513764,0.3932900979295448,0.829298292396528,0.5267892037866149,0.8562783703214635,0.64512867661088,0.6740059654839725
0.44514957309435177,0.45172306508790805,0.5155508624977834,0.7709620297510742,0.3819371623304213,0.7781847794110676,0.7138177146533764,0.5813421339647769,0.6406811188514225,0.671294709783227,0.686380889732364,0.4485267110576173,0.714809634272398,0.45617621242604883,0.7959191884476247,0.5643151786443864,0.8973610728663854,0.3518986420439513,0.6990071954297916,0.568929747926964,0.7707448309033539,0.8263617129800175,0.8054497579527191,0.6877363239061373,0.6405748950696932,0.5816087847530977,0.4695561836010483,0.6727433936641029,0.6379266920832726,0.6527037428902536,0.8996516973575082,0.7524469935489447,0.6740579622256141,0.38912889063769307,0.4563962002429312,0.35922351127352237,0.8047222964636244,0.8341184423063414,0.671066228875185,0.8816450097153172,0.5351665630844848,0.9492216658286264,0.6542986916134872,0.8617154496892242,0.8440234447930095,0.6129301362245043
0.434623138535692,0.16737651049235036,0.39324402170321177,0.6363813022604551,0.2865433595730258,0.6727815121297835,0.5924665103740095,0.5918991937799316,0.5702105650747673,0.7679035718957313,0.6400899009981917,0.4022725214273871,0.807685286665157,0.4700856807141814,0.6883562297538306,0.384701154406201,0.9189128653131055,0.48454127625358184,0.7346362721841841,0.7914375058859832,0.823030142158803,0.8221361806332789,0.5976729472844458,0.48473350552874406,0.818162631330143,0.6213645904468394,0.6673037601391255,0.4996465674605578,0.47776929540213575,0.6318103360075328,0.8271310087688706,0.6648021996877489,0.4697995299984521,0.29266470674977335,0.45382218597473944,0.3013091169351661,0.5100499668579802,0.6551364449724656,0.8225513267701421,0.9434124621608839,0.5574156166076334,0.7924947297103274,0.6543340332934374,0.8075260477781968,0.7806311928093325,0.34680087726434716
0.4796492892223418,0.19939477641401018,0.4151532431031112,0.5997492441044817,0.2384714522295127,0.6846483378490886,0.5361172705080316,0.7119063932090322,0.6374360112345366,0.8627693482622004,0.6845282571429137,0.422280387901165,0.8891132704528586,0.48809131790670585,0.8445206474465891,0.3284200054133131,0.8209367558496291,0.5490311684688313,0.7365178251732722,0.9664102823983026,0.9310110684679174,0.9152846507659307,0.5061971640248188,0.5002165313081265,0.8764203694264631,0.6711737004766841,0.7112318835879824,0.4442719709053533,0.5109495624252933,0.704803578489091,0.8112807850645438,0.6598895944688505,0.47750354868305833,0.2655906478554725,0.40378866455370427,0.3268881974916249,0.5249925325928447,0.4760015041634313,0.8082531190206457,0.9304233383270194,0.5248242770912003,0.7504141610559704,0.6824505145823845,0.87302695406513,0.6546924852648094,0.23589279602452695
0.5060916891988511,0.13891672769623228,0.43876060855858434,0.5116388207737915,0.20028277726519056,0.5548109278465325,0.7036988536941459,0.6072418256288051,0.46298131645028956,0.8056090576505255,0.5882694768010934,0.38489022465557693,0.7125668361156433,0.34399245679765866,0.6370174195779656,0.23523806972350003,0.7350823962617634,0.4916498459658432,0.624959741818364,0.9518595109522832,0.8807980385575334,0.9390469751041064,0.4697200125312918,0.431752463164557,0.7754720862939424,0.5551793426567947,0.8252565144785364,0.47740567149334967,0.5910048533294803,0.5687569609298019,0.8354170492240379,0.5523905417459813,0.4422937248266535,0.25969603835479776,0.3878914383293559,0.32738632647209015,0.38967006299541584,0.5809330340154234,0.705620653495546,0.8518658469935896,0.4071506286456041,0.6811561278451385,0.5799396390195842,0.7649593497762271,0.5643552251911211,0.2955310118459505
0.224991041693359,0.16708304280612324,0.43669601878771486,0.6489777866775287,0.14165369939654365,0.43710913614947655,0.7011512290321119,0.3767434700797709,0.41397024264508553,0.8109993599436655,0.5018811118123769,0.31149777841838017,0.5000374373046464,0.30236034765070197,0.5533221506106791,0.16143395154835263,0.5511889881394626,0.4009601768111039,0.5065142147575742,0.8126111031936483,0.8642913087937769,0.87610650164838,0.38881443402280413,0.36495059307650063,0.6352371403507054,0.38446576541378213,0.7816058771617247,0.42413142387750025,0.4541446299957824,0.4119604647002712,0.7839817308197499,0.5574112190915145,0.4560597093548856,0.15425301662949972,0.3436658268641225,0.3715970496498128,0.34172197879714217,0.5141880380633479,0.6097482794342031,0.8376907677281762,0.29306533945874125,0.5728631330904366,0.5729566833871006,0.6818048433439378,0.5646520860748628,0.20412408351079586
0.1715863568930261,0.14098120041041146,0.3957442551769411,0.39360717861477196,0.11553954380324621,0.3320776988970157,0.6990578491116459,0.33018841859350695,0.28916671819418305,0.7727563159795441,0.3827290963486993,0.2035866578855533,0.37232083751793504,0.2791348056836001,0.3795593376724407,0.1668483839883255,0.3690179923991118,0.3262218018603906,0.4245911558232256,0.6316704707776415,0.755241470011422,0.7948694503765402,0.2707906371527702,0.3264731753989118,0.5745454735638509,0.3145406535213903,0.7751061356468675,0.2737005182270197,0.35420245345961765,0.2647965855406072,0.7366900116180791,0.4782852719806222,0.38742843216659695,0.10076851473638616,0.35883635508066614,0.3689386722162797,0.21579111999026232,0.2568759256678271,0.49213779509939864,0.6924342962283925,0.20572209448424947,0.5046167412991781,0.5369610388964775,0.643275523103471,0.47708775620907984,0.09169612529016602
0.14300087002238354,0.11253597707476895,0.2699789204622663,0.26207284192501945,0.08001723291123002,0.2476689142651668,0.548696152904093,0.24985613172367607,0.2264044592137725,0.6387030005513629,0.30480609858431384,0.12445713982987128,0.27227165536160397,0.1853286364292098,0.26599375066133574,0.11093622576240247,0.24849978836378903,0.3830844084098852,0.3853627482527565,0.4883977211889366,0.631942538103103,0.5590074101200139,0.22397704209189898,0.3535770889675623,0.4718740668177756,0.2068873904510149,0.8437222453962108,0.24541127914673252,0.33802593776154355,0.25164299142654273,0.6244355602711016,0.3762438326858835,0.31664007956144724,0.06423365785927579,0.33099385065831904,0.2646669331115933,0.15237753429375264,0.2309065854036914,0.44015471149250757,0.6015884616023377,0.12870912675310006,0.3911921514213076,0.4786836293167877,0.4999652511301502,0.43710597980957866,0.10043059176744981
0.0854545267524994,0.06089022673132834,0.22155934376351988,0.21917805688948255,0.06080779781838244,0.16831760256199743,0.47020202674160566,0.19179423431109147,0.17023808700854354,0.4772548743788576,0.2553361553604655,0.06917319757524262,0.21845504496814802,0.15127210081152898,0.20943080864955904,0.06162579478266412,0.16990365888111883,0.2793783547365469,0.22149164427208345,0.39192880601890545,0.5013116436373877,0.590850644315938,0.1576115350248334,0.243993547826749,0.3571958773400207,0.15257333693356728,0.5949354587891315,0.18219972304707033,0.2770343555605814,0.19802075686856527,0.5387267153461712,0.2825966970786683,0.31196883238299733,0.038802676446912446,0.24112580637900483,0.15807147066023708,0.11511257656524324,0.06392038444989086,0.3456297508242216,0.4225055440253662,0.08940668989668396,0.2812697215915095,0.4380641347017472,0.4778914115042334,0.3272366285571065,0.059118175674635294
0.05992226735631752,0.07651771630219659,0.1849044776758506,0.16593035055662675,0.06005072067587153,0.13508276613748457,0.429492168759314,0.16970976985271563,0.07778458643282987,0.3917788617769376,0.20126419266732984,0.046661752396908625,0.1814145260758648,0.13465182749000604,0.2055323688236808,0.07555024713265451,0.13935142890160368,0.22166352300186065,0.15381739357935129,0.3267412409770586,0.39099672523698886,0.3447302895080058,0.08842784417296883,0.19741590110397136,0.32742398594839967,0.1586018188126388,0.5415729563668095,0.12441313259305581,0.234480277076452,0.1544908090752709,0.4295295746129788,0.21080232882823335,0.19872138887643756,0.04945122876653808,0.14844847337449474,0.10810726513383224,0.10280733366783967,0.1849317206438596,0.27633537380525114,0.34049694750925524,0.07405980296847472,0.21010254899071873,0.34030511932973684,0.2674130773074255,0.24641953815481898,0.07693593830455264
0.06499225710376252,0.048833992331818926,0.12888411646648545,0.10225011809578781,0.057771121953977475,0.09652137980357516,0.3338429114604543,0.1062266312218012,0.037024187624772685,0.3023887833943858,0.15455332189177864,0.04812167026324773,0.18824516745279193,0.15118686377118065,0.13402086843915897,0.04455281798132444,0.14354688301484164,0.23593616124026384,0.1072906250866624,0.32745392009120067,0.40658047342037396,0.23433027736843523,0.07841818632471026,0.16376838995498327,0.29043457200854184,0.1778860514057095,0.484084521497029,0.11571863108057834,0.13265965189733964,0.12907314752225585,0.3649797772216371,0.1790033785630639,0.12255803620330499,0.04900997093269785,0.10752121577728012,0.14227663194062584,0.09469608177098071,0.05408983100298424,0.24514408270179303,0.36563416127198456,0.04615329092063588,0.2224317924292516,0.3374139498981135,0.22907428705861546,0.2002577336816662,0.045132361037337164
0.044116500562682015,0.05743935583276266,0.08897543802213446,0.15826829259164582,0.02691794280453369,0.14829349863835178,0.2673411529769602,0.11308575902508869,0.12602175687547346,0.30567532424524857,0.145006724650751,0.0351320465786086,0.1615653890955429,0.10166700927715552,0.1184396353261533,0.039743361852581656,0.1120035314755642,0.16118377038496962,0.13569089602927364,0.29631101479615224,0.33595849303711417,0.21441551231620223,0.06757650857709677,0.22851545818061705,0.18381627499850045,0.11683433851618232,0.4079328621817505,0.13354989443871498,0.1394352402746177,0.10688945280478808,0.3349566310131993,0.16700994382160786,0.13822755651139107,0.03884684841999628,0.1238925757815575,0.08711294905462034,0.04170518111141251,0.1659395519615922,0.20397625998185662,0.3709606728901379,0.05917020497368871,0.13423412159575604,0.27053290097093985,0.33851120758628006,0.168430755728263,0.06919610082780725
0.017201233396847548,0.023802406985512965,0.14114835280769789,0.20303515463311733,0.06011799584320818,0.12886360248325865,0.22639925425474008,0.11305476429157202,0.119398050941389,0.2638063035553021,0.11169277204143427,0.052671333466250254,0.12466024104358656,0.12962838981601338,0.14520088610389387,0.06855900329952117,0.07174198004222486,0.21183004150957807,0.1363521752462974,0.3318106618099646,0.38776754012376385,0.17478135041668078,0.05437093901093587,0.1860072199383328,0.22505404953897262,0.10956333904695477,0.5058430777584965,0.16898835204051163,0.15028676530477927,0.14120005671980673,0.36642091379332586,0.16678476981735607,0.11017449844289923,0.03668435275525511,0.11114437236424586,0.11899403410117589,0.027372789584515972,0.1483393113722219,0.24090450164627233,0.23302758315321892,0.06297978617663957,0.15721002929391584,0.2527618118612417,0.21786731312465477,0.22553288652767217,0.037215946150356984
0.0359428527664879,0.047742511266541596,0.11707362900288153,0.21075580235951524,0.037014876849891604,0.1298583245455079,0.22203503266430955,0.10719779698630208,0.04329982725130429,0.3182878352591609,0.11736324471791024,0.04715930990667195,0.15541521177828335,0.1725696618751846,0.09467604920002641,0.06297758941054352,0.10232936036878171,0.21643531300641045,0.1290367935046462,0.3193351260832325,0.420636170293953,0.22296759213664094,0.11664047550216258,0.20246426503204998,0.2790303278011572,0.12762684368916122,0.4333348878669337,0.1781873224359262,0.1575981550359846,0.1614549142610814,0.32664352929666746,0.1610506354286827,0.12355551128803086,0.06226714955387082,0.13335860529565463,0.11160725959141075,0.052591832144782344,0.07547966582901956,0.2448453896776356,0.32201604272743733,0.05794655230041807,0.214417874714942,0.26032816518243557,0.23650670680674926,0.22106974601689205,0.07148101112288771
0.10735712673449214,0.1255684687722165,0.205376949618592,0.29565118079171077,0.24588839175393326,0.2611150836810085,0.2393447983927108,0.1605128691905394,0.08556275114114312,0.3827006974030601,0.188846024627919,0.1248629980880929,0.21609193980703137,0.17240950621771378,0.1561568156525935,0.09972493538021673,0.22401687435618495,0.31954989895346597,0.11730369979561187,0.27992399711528504,0.5626242970468263,0.402625217195551,0.3047502388129001,0.28511503441850744,0.404289954634497,0.18901801110985145,0.6316330100977906,0.3186948115230932,0.26450091583632296,0.20118239794895587,0.41750504573925123,0.24004024523928247,0.13637768975612738,0.05646324617228572,0.1849803881557217,0.1655033653821522,0.16024500140788672,0.23124785099846445,0.34234422789489016,0.5016090033548914,0.10969667342153067,0.40459207124531293,0.3419153464997133,0.4779488919598345,0.3381879660449366,0.1352747976283933
0.15449156540210288,0.29276016287916784,0.39021646091092105,0.5767667333280556,0.6034896503828822,0.5302411663219888,0.4483279577393941,0.3249792626077781,0.36236409335255454,0.3966137432025836,0.39572009947940295,0.3356251882161741,0.37693402741410187,0.2768906488843058,0.35211214937779556,0.31733289221702404,0.47434519155538174,0.35754219963808537,0.1957094809698723,0.28797727229428005,0.7169968580836519,0.645916126448083,0.728794208126045,0.5042792842847852,0.45094638975969853,0.2816629155719946,0.594743917548669,0.5284185491336263,0.44170622238620594,0.34377690124328036,0.5811153876814216,0.6499761641007494,0.31594596747016923,0.1826823793115517,0.2937969019166697,0.3656407343071913,0.3379765765518151,0.2775703264400397,0.37504707130885345,0.7588634780205072,0.1941004744985454,0.7853018254408254,0.3815101833999128,0.6453988433534434,0.5053721999249845,0.412343355225348
0.18928776674986555,0.1880147014792781,0.7015419960000058,0.8216094833535137,0.7217482617945505,0.6392019170155449,0.5127541931216982,0.45901327991612184,0.4676768217966021,0.3891204449018179,0.504353114913371,0.6979967174367456,0.43132707617064653,0.4101229197706053,0.4117167630144431,0.5909769607421899,0.5646287498915386,0.3670685791910118,0.26846027011385726,0.2626710573488407,0.5296744438564408,0.5234371188782501,0.6879518446433669,0.5596497954087595,0.4037913454515227,0.3048184068669211,0.3731460315855978,0.756019595713162,0.5285826513999601,0.48349358404580944,0.5892153445741776,0.7963292362871085,0.33938193268642314,0.49904356296268465,0.4957394982979058,0.8221722664771726,0.540771000366606,0.4341755551397269,0.3328284269377447,0.7882699885739595,0.26029004104711445,0.7883798970416285,0.42450197482849933,0.5947538225219544,0.6037232565780818,0.5664515866835075
0.2702288134547906,0.1336527051859537,0.8382593757120225,0.8395401866337815,0.7886520715155413,0.6236764497796239,0.5842217579013979,0.5553745110219657,0.6199203842946357,0.3661983999624961,0.5692712699017834,0.9198221563820608,0.4713574891559561,0.3397846641240409,0.44702671179667175,0.6340594603485092,0.6036572760321398,0.36686200245655,0.25704154380905414,0.28575913332682273,0.5324441270010022,0.5229400145711351,0.47260505608193293,0.6047359859127934,0.3453060095415519,0.3353926234683375,0.31468319432437053,0.8316024573333349,0.6057573550427089,0.5486664157743035,0.5220399475320003,0.7051516081169218,0.42827433822800154,0.4858003762339895,0.6083060334128213,1.0,0.6328065726498822,0.5367632207552895,0.34575678417849426,0.692618798449275,0.2663786635496035,0.6385470156147441,0.415237893107407,0.5190880426377741,0.7751599612495979,0.6923292305109223
0.3412812456015162,0.12369915570569667,0.8549416617457712,0.7287676063002512,0.7781861048012908,0.6664227104630103,0.5670104362278627,0.5295278103515514,0.627775271955285,0.42683158916845215,0.6747986622489247,0.8338075762147953,0.43370471608750916,0.3815345856045264,0.4510253356614202,0.6335317064921141,0.6035263877430103,0.3175062422023565,0.33788000834031007,0.32373383225527047,0.5254244994428479,0.5412652631831498,0.4146930613696441,0.7512558410243757,0.37373576962684335,0.38501811061660224,0.3736407572571488,0.8500431041748913,0.6382924726919971,0.6256506274456024,0.5892387763610053,0.6291560061778048,0.4377147563660546,0.4664260015459286,0.6760539125149501,0.8730370439732131,0.5679063890135123,0.3649386639144056,0.4104957925318159,0.6396866781629282,0.28947629088771387,0.669362544922382,0.46294485771380883,0.47466976738239564,0.8013400215418988,0.7628835388516281
0.3865737900034012,0.15939451749262656,0.7141034264322099,0.7135603887913549,0.6823090953982539,0.6801056513394205,0.5101085543936329,0.49806180914777665,0.6837452168450752,0.4295785276285823,0.6958205637764575,0.769332765834119,0.44340260953675115,0.3185895426896694,0.3915526518855554,0.7638513128671032,0.664589140204141,0.40338402750903424,0.3720031074114751,0.3284899892180859,0.47081140182092607,0.5704058658672303,0.4303964811455313,0.7001566232346144,0.4860904208101753,0.6012900108850906,0.47495223296957984,0.7814115537485896,0.6875811055388796,0.6036411334172472,0.6216706774007618,0.6853883075408777,0.4408633484536596,0.464364407821883,0.6028102928597199,0.5752680560512328,0.4915361589446944,0.5460350384902715,0.44927857463772425,0.7259010402553079,0.4459084303635901,0.6386061580695295,0.53444636821927,0.4579910759651423,0.8268355924238681,0.8312568511154829
0.4040573416781662,0.16359699630113458,0.4854685078536692,0.4993245530692471,0.6667565798053992,0.6840974588546055,0.7390153079877801,0.6879235467511065,0.6605386561711711,0.42948233293957805,0.7511481398975891,0.573546533574594,0.44136785123323835,0.4252129072400463,0.44341185634618985,0.5329212809378927,0.7936081520386884,0.4079951743105392,0.48990303035131955,0.35273049968601966,0.46084879423991265,0.742620620141772,0.46129960230652345,0.5978278557701772,0.4504049703198529,0.5565873321273389,0.4464566834080122,0.7892190316728549,0.7315136346685521,0.6612595044793873,0.6495389930441134,0.516791802171359,0.46959102531078345,0.4482237071385594,0.7816951605554204,0.3832313305461029,0.5084014082950522,0.6027233542476311,0.4389450266439649,0.6498429715157014,0.41993563834825903,0.6147474876164587,0.4826269923073284,0.506533462956394,0.754678796534367,0.670133491779031
0.33045578134342657,0.20395823132925928,0.6033401119267462,0.4709431583241472,0.6450760904861843,0.6916157117603963,0.655179119056661,0.66558418394398,0.6703743335062509,0.37722341662341935,0.7000489744841263,0.5999030793706448,0.42007420965744646,0.41935886226014646,0.5636540169707932,0.5576470542186694,0.733066887061177,0.37707379135734664,0.40326793014819023,0.40913255071503696,0.40766229874985643,0.6592991221087015,0.4417969018552187,0.5946130156895824,0.39350865553928893,0.48637324070309107,0.40160059973598833,0.8899198951211328,0.7176458406476572,0.5995922595897674,0.5782809690086047,0.5673974341367627,0.4500387072548212,0.5056220247472409,0.8434165005062939,0.6211884888135867,0.5963151157429771,0.5011058666935767,0.4062554758888856,0.6406412936729762,0.3810435906066567,0.6492337495807899,0.5110457847924464,0.5118353821403859,0.6978176757624409,0.5249148417786208
0.27437902328443764,0.18833483785682378,0.6670252385323938,0.6648745054614187,0.7370717996741728,0.7920075632044898,0.7358072559115519,0.6011223634175007,0.6226628668516191,0.4709723615497256,0.6170485914190418,0.6279722928861503,0.44914316264725296,0.4146525777659273,0.5254544246309736,0.5743467808546442,0.6154847654304016,0.27348233619847356,0.42776401510481404,0.3682587711503319,0.4778509563438583,0.5691429333064167,0.4470403212084795,0.5323400133636095,0.3485651815598972,0.44925846680374415,0.3529329962911148,0.9268098589777675,0.7145565921225805,0.672066973377009,0.6335809515794831,0.543779705918922,0.5108496762222215,0.5180264841310367,0.726443242067426,0.7312125586905731,0.5712799742883347,0.4705709353167648,0.3908486505748225,0.6216606649938529,0.3365612628465968,0.6000135343979602,0.4898892461589891,0.4732466082744494,0.553503145736226,0.5784450806999166
0.36778240615233704,0.38402636425051884,0.4970854892880823,0.8717795848490065,0.7264952265543534,0.7390794135631681,0.7147984863978031,0.5208600752814893,0.6632132701954493,0.5278167373971708,0.7565534036295128,0.5266401994701919,0.48363720680732947,0.6447038171966675,0.5492463433676077,0.5568561162996348,0.6294207031575185,0.34259563199080345,0.51206063072017,0.4249756636864317,0.47768362554021115,0.5446063980883834,0.49749578890754986,0.6363140215717469,0.3564552321210805,0.5146074552709579,0.44178794732637755,0.904776065266065,0.6852680088770758,0.6679088822445886,0.7418482562793673,0.7114580628572929,0.5893701469953964,0.4814832335312485,0.6856751578489706,0.6587976866318566,0.6596120166709493,0.6565079275375285,0.4380622530241534,0.644490542304309,0.35505576766340835,0.5830871347101199,0.48833782379311563,0.4468684295747388,0.5653728011784868,0.5996343500345092
0.3816303225954941,0.42490679943877235,0.5144354982944048,0.7047683928990779,0.6007561616270412,0.7374907005397646,0.7542489977637821,0.580077160841604,0.6755131770635175,0.6101595130119478,0.7044740845759624,0.6435809389958892,0.6072805842101023,0.544617282740449,0.5729961965090822,0.6559124173731722,0.7124687866843511,0.3089914521068061,0.5324674420739328,0.42698338630666843,0.4913184902535066,0.5683817284466547,0.6884745419320834,0.7370778622670173,0.46103033065645904,0.5208061379625383,0.6163880279078188,0.9119365231929744,0.8138650780961828,0.6422400114428256,0.6586854806477063,0.6874694540626628,0.5770876828615562,0.471212171113685,0.5882889142096619,0.6114511624973374,0.7401404822161126,0.47199384493180857,0.499256326289136,0.8231643297788422,0.3805089566445398,0.8286777768281068,0.5133747568473859,0.7337396507608718,0.6401610389159074,0.6132622232395148
0.391933002592812,0.4171677306220058,0.46532900560777596,0.6461617354166217,0.40369165188258105,0.7357039398233046,0.6399967353089252,0.5566690303796628,0.6851003596639549,0.8381459555400451,0.6305132149967593,0.5189400105887324,0.6924300342330528,0.4376539278868851,0.8202604812139124,0.6286049102761334,0.809360662508569,0.331850432377084,0.6191417192854827,0.5679321947095062,0.7669742168515166,0.7171117847101377,0.7555353875860075,0.6190048297433723,0.5879097966093828,0.5930783949286098,0.730563257461697,0.6314208547707041,0.6896640563794616,0.6168609421899202,0.7509779272180557,0.6767415443343047,0.7092415538788603,0.40672320903194553,0.4349179929725354,0.38597121849752974,0.7170878011032068,0.5648088601828075,0.6188405925743029,0.8104737079362039,0.5471024341177013,0.9361568298673857,0.6877192310042347,0.8167565187631094,0.8071302276131972,0.6251434402395615
0.449917059330946,0.19142788628710114,0.4690045408455517,0.3241515507568411,0.24132565195067915,0.6707412267333285,0.5374807463846639,0.6385224252963855,0.7079236756922056,0.9137426518998282,0.6379834771442897,0.47472119958857395,0.7553556924439655,0.38561122167473644,0.7795617570331975,0.38902059122954286,0.7211047048704691,0.4620688665720119,0.6688641753958785,0.7990150602084116,0.835711547114487,0.8137826424421624,0.5633425476426424,0.44121878768726486,0.8270792163489804,0.6804595788499992,0.8660871175232978,0.4262948243961434,0.5650457288033134,0.6044196508549137,0.7049447264475877,0.7855685970305808,0.5663723994881361,0.265131819461829,0.5026419424460625,0.34526002849505505,0.5203147696316313,0.42619083170749533,0.7305551614969815,0.9104552791304115,0.5953897658747141,0.7966094294943947,0.7043114550545483,0.7156666017700007,0.7747426128728127,0.3104416578794492
0.44829149532623547,0.27025106672212623,0.4242228751214552,0.47656831349288203,0.2704405603637745,0.6503288695383792,0.6408170317339128,0.7186571728698068,0.5824408373755237,0.8706458850551629,0.6405590197242682,0.4573416166661474,0.9181400620879755,0.3715341315611314,0.6881381944517995,0.3069008565932494,0.7776876754591405,0.5695562013915102,0.6368711297516867,0.9083243562061731,0.8605542672678579,0.735369604137252,0.45590899607107893,0.42044001932628294,0.9122212864234274,0.568848175702247,0.7706308798504328,0.4811768165761673,0.5450956167165847,0.7171990381778041,0.7710218444090752,0.7056166346487998,0.6091992104302129,0.28978807557463787,0.3914982068473301,0.3252168051654051,0.4994959947880432,0.41283271352904644,0.8027720599599131,0.9061606073002836,0.48307289553925276,0.7768317361795187,0.6074113116122362,0.8108415882011184,0.7502229873816452,0.37790719771239195
0.48120925368196593,0.16535178008763815,0.4418455246608133,0.42590666155961365,0.19161332327992237,0.47803086885015844,0.6944394183653666,0.6016990327603466,0.37621051746052725,0.7429323190881312,0.6136624878096427,0.4043402655997246,0.6576165081551596,0.32805183333899046,0.6015056903691332,0.22974071145023417,0.7685996611396994,0.4708287753731499,0.5912200899866307,0.8919949107769156,0.8128896790840806,0.8870093990687851,0.4620288978976145,0.4220563600514168,0.7820629963354688,0.6243408255730976,0.6868769584971062,0.46021851270451075,0.5109560398202911,0.5847945057037147,1.0,0.6304923676183541,0.6066076476642295,0.24886566040516506,0.4412201606704069,0.38440788235873935,0.3863772484765118,0.5231106415882091,0.632579061216391,0.860093752952053,0.3579052453792514,0.8014150209242128,0.6005408947613913,0.7790478064974179,0.6323416573463095,0.2969721237742938
0.23075718392767683,0.15026500453154373,0.4318387827947634,0.4623485069972935,0.1185726806482835,0.4049090094539629,0.7961438252816257,0.4236385415529448,0.3010337038490314,0.7783645929114007,0.4877476181797521,0.33502973476081965,0.4831897356396776,0.2755559617429263,0.47408584719455854,0.15877694842779375,0.5639447814033751,0.3937229632330763,0.47953210942597646,0.7420299173889371,0.7864901134204878,0.7809640515666411,0.3386994859669782,0.3643725793865945,0.727257503032782,0.43341323197621384,0.9374512076829584,0.4201771077526488,0.469467378521349,0.4534064695733408,0.8684304511146372,0.5159502562891604,0.44103501913296506,0.1840767649679515,0.45229638304169106,0.3051904243375948,0.2592902083513009,0.3903751888405133,0.5736061152480073,0.8265197954505201,0.30050087624202193,0.5571210493131701,0.6053892815474198,0.6994609474510127,0.5667028504036129,0.20544717347478625
0.17425010210701591,0.10329871076034176,0.3897835665323086,0.29089877914292467,0.1547990733131039,0.2922262513357526,0.6749752048647563,0.3146767082817022,0.25621522827744164,0.6693964563722009,0.3812667623328141,0.29040232945789257,0.35321434652991834,0.296395404327315,0.3615532940181356,0.09548497109501394,0.4319311067286265,0.3173541913025542,0.43019904142559573,0.6267894641710974,0.741057068949543,0.6443696849814902,0.256086171376935,0.35872174479140345,0.6215550235854214,0.38497877098991745,0.6426978422357075,0.37899019724326455,0.4101124209044239,0.38866888855650966,0.684371160071349,0.4629238357610094,0.46078628461532645,0.12238643154065192,0.386756422351376,0.2961153171018424,0.18342543507810394,0.5172195555103158,0.45652303609185607,0.6533701705831512,0.23536649571791196,0.4920685477053753,0.49412021514759497,0.6174043321901258,0.4231953815333559,0.1520238975910952
0.10980201014641579,0.10337387777871744,0.29387080308817304,0.2984196412942963,0.15749975966645305,0.20942061571410972,0.5753270114331451,0.24085426752104463,0.22062103849326473,0.6082695518686201,0.3122729429858519,0.18829138160554817,0.2742121199482389,0.27335898532397107,0.2676074120831623,0.08394760989386615,0.27050213639476806,0.28724660485560777,0.36009306640463173,0.536065580247091,0.7267446661330608,0.5925956302342585,0.20521598193988386,0.26429577414156574,0.45522170385602695,0.2626505487751508,0.5907626365218949,0.2859477551293138,0.3288881932382538,0.33228100415436507,0.603627569524701,0.31795274835494874,0.4030389305591342,0.07499788463785137,0.26417333938163484,0.2627292119288845,0.20673023161504436,0.42342151351763796,0.3687077536698155,0.5598640354257105,0.15358827846829817,0.41965220293230654,0.41919809470928215,0.5403136702632253,0.36981014169578497,0.18057745335146771
0.10229998838574443,0.0715489991703536,0.18127559745060184,0.27773715559435913,0.08227719204087708,0.12599782766858594,0.4497223549162467,0.22128439565864594,0.21413317689637024,0.45098869457971924,0.23471645431372717,0.1358560308011942,0.18111426789137686,0.1860194007922126,0.2689417738678491,0.06548449748413651,0.18484232407189236,0.23985403403739491,0.2500777090473894,0.43540666604615164,0.6265355489858999,0.4659468230726605,0.1372227596402377,0.19669123227763768,0.40094902240773206,0.19509557798126664,0.5742178774505152,0.23428650216976651,0.2582423246488925,0.2841071063226902,0.553786626383905,0.2564023050057936,0.3105742840820771,0.036443215582969285,0.18055943700564292,0.1929570406654041,0.1708846644110756,0.24529157525269685,0.3222084993101966,0.47741725841608623,0.11571900614037808,0.29389780723664666,0.34895560518407004,0.39431060626847847,0.3150001910696962,0.13403972158869645
0.1008003649659611,0.06362909445142172,0.1316888313631731,0.20437222541869804,0.04321812004985988,0.148218075145069,0.36211730135136505,0.15982793339929688,0.19087634468488415,0.4431432908823423,0.16514224162043165,0.0957033873090361,0.12439487845202443,0.1806507526336453,0.23304218712270697,0.0639517809836544,0.12380777695152707,0.14725229216300206,0.20039423081763616,0.3980667108133569,0.4738077944229049,0.3844081622695906,0.08169694427020772,0.17121932280397262,0.3227656490562998,0.17971661936801242,0.5240436901550797,0.16996884450348274,0.2103252755873446,0.22190111025901957,0.49356756188830775,0.15036708285708703,0.2360583812070233,0.022938585850063416,0.1726688029376372,0.0960935766057358,0.13891187344684838,0.28419397338633257,0.24607166265152777,0.4074513417907036,0.10222336103418866,0.23411422986120983,0.33414384842583345,0.39655856021811464,0.2119455902714346,0.10564443822173059
0.025186428201037784,0.06908986043662353,0.09558852406581787,0.11854276451024474,0.03849469925112051,0.07263340144581457,0.1904156871071185,0.1208786763825683,0.14151435884374328,0.3524006323662767,0.14640487162789703,0.05424367120517969,0.09661749912600004,0.12618195961962358,0.18908163898591487,0.061375921247636016,0.09534039374995641,0.21803541875097948,0.17844311315872227,0.3788855594070488,0.5020966586692931,0.2320071998782788,0.06323985221197963,0.15899949360652035,0.28836926541277247,0.10227236946043054,0.5147300580468809,0.12904927628328122,0.22450357115002414,0.2001102641559685,0.39103631313293447,0.11897930169745174,0.17094699833584587,0.02069159277591447,0.10527316631025348,0.12543687771346956,0.10564310012586231,0.0008366491772072854,0.1777847443217978,0.343658493942606,0.07066479608878962,0.18943570539626847,0.3201684711545964,0.24682148087470665,0.19194442275266124,0.11817819647205108
0.028891963112734956,0.09134738054386153,0.06327099592252147,0.1321578716940584,0.0790640348788885,0.11947170195522534,0.21096002017466783,0.09971350189898151,0.14429752867119136,0.3367833533575293,0.17673503394766207,0.050225532829417587,0.11364200386813114,0.14163039471544112,0.14822657669240288,0.06548478574686109,0.09143840094752753,0.15961253500944134,0.14894935391284833,0.2898521568884197,0.4264473836987681,0.18684561167099079,0.059791719765786025,0.18040127821280233,0.2383248597456891,0.0912343164098579,0.3843348819139642,0.09846780578647882,0.17357443177231754,0.17668287738562619,0.3281638076459865,0.10701198683035523,0.1380004766779421,0.03345279243844311,0.12202854883004578,0.11520274084769296,0.0623058182889626,0.2129670203313611,0.19729675297831278,0.3206617499019249,0.0658912483002341,0.16872181128073377,0.2252092978299818,0.2893748717378757,0.1980611294366036,0.10052089720649643
0.0570965934584723,0.07708165456459438,0.06572712049461195,0.028706064241241808,0.08292823268476537,0.14425624977550958,0.16244387650238035,0.10328108454930207,0.19926754315107198,0.2592957005509712,0.18304455800395764,0.03327268358455939,0.11561901531535154,0.1441455542878753,0.16703750288286567,0.056889156079716126,0.06462511010162832,0.10810036389190546,0.12224544898276879,0.29685442646951227,0.44807145734901443,0.20392908843814012,0.031968018492135125,0.21279085251506039,0.2747861986339212,0.04525063361240306,0.49785126775265426,0.12473543770091963,0.1655842917821329,0.1697589278263309,0.32919364616205754,0.10826423870105151,0.16044809702626397,0.02991749252861255,0.10635353465581786,0.11837365847915919,0.04330869822624639,0.2203669050941307,0.20096783637756058,0.2530972446641256,0.046504770679556266,0.19256719207420425,0.2439301382236124,0.1817100788846506,0.23458668428198381,0.0893231172265434
0.0732554800385204,0.07189633480823931,0.1220158973550889,0.14633280261212545,0.03783382457508351,0.13885990672123602,0.19256180877838572,0.09691693959580214,0.13944750682991638,0.28580234663664034,0.14544915239430098,0.038579684788551505,0.15710267741522158,0.1365233155519307,0.12154940512588215,0.06852973943060489,0.07211894848245148,0.08769611243517407,0.13299808996770707,0.338578507539014,0.5001379746911704,0.25775821136392096,0.08180816639650929,0.22032387007619694,0.29385101384347256,0.08984084393498197,0.3388114942905162,0.16765998991547562,0.14703013183558644,0.15429309939119382,0.3798939070275352,0.15361398788085914,0.11987318099297933,0.0316946282484494,0.13642305930545656,0.1288627106946168,0.07826710081120576,0.15459047809925658,0.17241833247839808,0.354111851764761,0.04949624076820724,0.24719956745388355,0.22025175242714812,0.23347147738891563,0.2372683594893384,0.1428840511792018
0.09180526844201617,0.08441221935138951,0.1360186604470519,0.2574311574467661,0.23105673004358654,0.2353689806608985,0.2273287095056952,0.18039900876760653,0.1377936342734605,0.45203530985446083,0.1971031192711825,0.12304301918435168,0.19217826646944086,0.19290877353782956,0.17017919761200329,0.11900267541336715,0.22865687032272194,0.26612725956922056,0.2205853849341469,0.26431657396136193,0.6613430299709012,0.3831812884336966,0.2700057300545895,0.2803410871322317,0.47395253389630276,0.1594027833161974,0.4362182444708719,0.3019269451513692,0.1758155063912928,0.20512886425039548,0.596977231275483,0.2308748573399012,0.2147994118431704,0.09530283927614754,0.20496364125539196,0.2095493244256319,0.17231215724462348,0.1783930304494773,0.30373448280468246,0.4814480430500702,0.07183452101981744,0.37546471546768867,0.2651831607095871,0.39548116766136987,0.41226184372308516,0.21793019958896254
0.14585422967904402,0.21634149147936632,0.3595488657308358,0.5368939289914333,0.7352183240238283,0.4876357460714269,0.45559883087968783,0.3106606037907846,0.3438366899364669,0.44501905931904595,0.4113910225427802,0.37407918942533197,0.36914241246244894,0.26698875974431485,0.372768583546941,0.34490733723790906,0.47711550100851136,0.3289723216999333,0.28281796884719024,0.3013326909555955,0.6287131522707207,0.6750951416555,0.6720308106972671,0.521296060490062,0.49025183468181666,0.2889557585384009,0.4421553714211562,0.5358034916597031,0.40058158820205103,0.35893026903896164,0.6314072941535893,0.5573909569029389,0.29605111732884803,0.1773345393538776,0.30138994808747055,0.36328814822454014,0.3573537792894359,0.5816287694681498,0.38388130605824256,0.6912342627287089,0.20175285099183024,0.8253707868737107,0.4316348740167101,0.6872802643208791,0.5340591807032077,0.49526192216786535
0.1962694520519454,0.16415977971247334,0.6850056422749509,0.7731773466903795,0.7882812047893897,0.5800150363865726,0.5264462267349592,0.4669549101059526,0.45899565060166,0.43476086001986464,0.5348404854736151,0.6246969362308282,0.41298098730733274,0.3591821983529009,0.36203815006068263,0.5665623043875944,0.5712002883054188,0.3994424694127767,0.23026128292177012,0.2634241690371397,0.5856462250809719,0.6532771661366569,0.6334372167126691,0.6410557690293678,0.4302876611568997,0.32814490002216545,0.48968879934813153,0.6895108578612755,0.5935493412076908,0.5799219037938861,0.7091162034154209,0.6618889456024446,0.3862552461265042,0.45232176054226914,0.49237035559843195,0.7334576805579904,0.5646587970709139,0.4302729953133351,0.3349213316721105,0.8383310065784372,0.20446960918453858,0.696022865135764,0.426610829935476,0.5807176105839095,0.588717424013708,0.4533249264338457
0.24557161733480046,0.16665656235966417,0.8066667278650658,0.7215956232658611,0.7608149641512105,0.5624028312792213,0.5358747325036123,0.48522763566560023,0.4818820152850677,0.34486801626330155,0.6010677731327321,0.6959867354580823,0.41671971791969137,0.3384461007267137,0.3699442122710139,0.7701782166747304,0.5924549782933232,0.3947237403183949,0.27076701278408694,0.3220612093570648,0.5295650542000248,0.4775703831612675,0.45223198051465985,0.5841626399984738,0.4383472164198788,0.4034320003997977,0.4533582508723694,0.864106406016855,0.6221683231850392,0.5833473288582692,0.5900234463745636,0.5714889761699614,0.4568010354986852,0.5661090637713514,0.5955275401156658,0.8619587719672523,0.5617779737732005,0.4595560503707287,0.29823334898038956,0.758995600304272,0.2330772181175937,0.5967581498553047,0.39318676392961915,0.5275262516675134,0.6248155852491971,0.6010665212211617
0.30183305665412247,0.1089828153372682,0.7505060640694523,0.7587016158515557,0.7197805467496298,0.5706783746356779,0.5024911238816572,0.566040025835886,0.5004491079858212,0.348394951272688,0.6436595211155013,0.7285325613818386,0.4959727701092328,0.40360382392863636,0.4219249970435357,0.7673691354710656,0.6106333795299673,0.36226458388146293,0.3444629052780713,0.2832041376215711,0.5378787787123954,0.4474078499854368,0.433723662962599,0.6768083330691326,0.4260218366639087,0.4156181403055032,0.4297769558189458,0.8351043963830532,0.6203783569916855,0.6181248818499546,0.5680510760776332,0.6054408312688054,0.3854542150867044,0.5459999300843388,0.6203954619173224,0.7915008073036376,0.49361800345533025,0.32987565597361934,0.3587170855605853,0.6914854740440226,0.28636517024436986,0.5622175065701216,0.4951492071160245,0.44639619060172653,0.6145891908416093,0.6839789733187209
0.32234172310388054,0.15529083516935638,0.6091212818450493,0.6237013174161576,0.5912782516959875,0.5812543853124584,0.6125994646512705,0.5741162124580541,0.5836243442039254,0.3769669679819563,0.6838972731061126,0.6627198447300315,0.44421890125267743,0.35381300693648826,0.3932185926458355,0.7991020874662144,0.673294843427943,0.4213524671081888,0.3748488473906218,0.3832674938522207,0.5172907082091134,0.4520119035487075,0.40581783487222944,0.618249975463876,0.4702480279065922,0.5200866405165374,0.43462082062215934,0.7564710681399405,0.6256351195064017,0.5723384294326402,0.6282188896444973,0.5437764055298813,0.3993316399331496,0.4866161645276437,0.6792918154148619,0.6997492209692839,0.4947219007661158,0.49004183852876454,0.44962741058557626,0.7618716378223556,0.4572030272817781,0.6443565811098029,0.5214801746189864,0.44506915987584583,0.6352459578867375,0.8042769867661304
0.36933032529687565,0.14097299878861633,0.5114364481745148,0.6101823046908442,0.5667312913935343,0.6144318694014256,0.724348942557689,0.7001784153104806,0.6771727815924089,0.4022512911689104,0.7598768403773997,0.5444436766217086,0.43107984547413,0.4419310080861268,0.427967820824609,0.5769392365355107,0.6912276012565648,0.3069884149958972,0.4928966514627341,0.4180696439534282,0.5434238481812382,0.6165497726987805,0.4156787196890882,0.5986247533381632,0.4966901522010958,0.7011195968799075,0.5172344489467714,0.6792724403433608,0.7142182487482295,0.5431710809091745,0.6059371123819526,0.5236749356645009,0.4148964352196348,0.4183420216463349,0.8659019336634541,0.43678571423352786,0.6275818795506829,0.6131040403505962,0.49385682323423413,0.7504948482340569,0.4759292227479132,0.5398181516196559,0.5347426917606816,0.46747160417054745,0.616123458627485,0.6716955790259841
0.2776861560346678,0.15439748040624937,0.5600537104933029,0.4607813885930196,0.6279185718301773,0.6180372376516073,0.7330230061499039,0.7796528988025828,0.5432918592681053,0.37825856930713675,0.7087553289309856,0.6175744006321429,0.44849284366647574,0.40608530809337917,0.4543593482279332,0.579609695874258,0.7003372907158286,0.3493246586809889,0.36636560063222906,0.40876910264923777,0.5086243134914626,0.47722092304545255,0.4352395632848137,0.6265289915519953,0.4304865809692452,0.45920034948565047,0.4749661636824987,0.7333928923907976,0.6319120733590343,0.6728621533417897,0.6208678481095001,0.5493522680272058,0.4226679087831854,0.5163135877060383,0.9057857244452677,0.5497424373504147,0.6224439716287133,0.5162258767705711,0.5208852691605992,0.7711677779841929,0.3920349001143804,0.5741049637728919,0.5008223289405543,0.48304379611226866,0.5222413579494551,0.5021893588359303
0.40035121027674286,0.18341549475959104,0.5315902022295175,0.5333128179659953,0.6919394128792395,0.6092308020105476,0.7589858239665792,0.7174807883370014,0.5391374895170051,0.4108762939910876,0.6955288774507585,0.673187096052599,0.5306876971778585,0.4121124270811265,0.5152954148316368,0.690800616013264,0.6875104650747389,0.296461076410577,0.3865771103592653,0.3927249511920121,0.5019118428612077,0.5122909796747624,0.40227563642660136,0.6894639234346984,0.4376692151952898,0.49550531686210697,0.3116466293042733,0.732301188419413,0.606951170542228,0.6816030831199541,0.6146512466583894,0.6004474798728937,0.43663273050967255,0.5817702253498169,0.7583961072461337,0.5528683371765971,0.5969051580656016,0.5127540282766506,0.4875341264605078,0.6812869462832818,0.3856292410804981,0.49123900971639817,0.5436799336508567,0.47686495247281524,0.5154143422519214,0.5719985371093782
0.3363899284546737,0.3533974289027064,0.5304096354642589,0.6635903505997293,0.6881290203185016,0.6154430849115633,0.7576490136628287,0.6517831931522321,0.5945167282434225,0.3761158230321407,0.6617361505201704,0.6591840335825128,0.4900493046469371,0.5803602191954174,0.6253833096177399,0.704284198919587,0.6682757080949154,0.37242234996734286,0.3749414456017356,0.40335201578166946,0.6474225033471637,0.5672311473222372,0.47294618886015927,0.6958589095061571,0.4453733919965878,0.5216168500293001,0.5083523339298803,0.8328625992603989,0.6870621267462738,0.7778164771888904,0.6846045508120114,0.7744573615458309,0.42504505827261807,0.5223569893456788,0.7626918296792541,0.6139634207140904,0.6345286802485173,0.491650172029825,0.49102977296785705,0.7117634724404367,0.396798163451961,0.4987195473785499,0.5154493534536534,0.49081621369909056,0.5020158831233075,0.5349559894860989
0.3246958975394565,0.3841884197325328,0.49579122236989964,0.681946402255906,0.8862651414904108,0.6364372515946347,0.7446500612729605,0.6118239616645775,0.6255976225196574,0.4270055830206422,0.6714480704518053,0.5651158750716863,0.6018901558525505,0.6484004889749032,0.6469155242790856,0.6336360409999412,0.7584638448202984,0.41736877547025786,0.3690682713214835,0.4584810855397013,0.6498875574610732,0.5304630950905236,0.6800707332535374,0.7806718459218286,0.45966266566761177,0.5362789956260405,0.617278550109421,0.8383156637034849,0.7581114875743095,0.7528296036257501,0.6504529457869657,0.8249704944724453,0.4771702833222642,0.43181683564017176,0.6233124027818879,0.503727719074971,0.6389744289594923,0.6299648193368662,0.5537411278610833,0.8060816908202084,0.4439743695538738,0.8039056381040735,0.49051989465858936,0.7350820589018844,0.6008587345596663,0.7310398606505943
0.45324778984570196,0.4694905114053896,0.4596316484214553,0.6686768736642554,0.39877087463925087,0.6738115879474698,0.5970448616205414,0.538915231654219,0.7087781207943236,0.6424618964155231,0.6340575359164491,0.4605848958925972,0.7134740814692256,0.46924325573326015,0.8562978065355186,0.4659891853512163,0.7553528162605244,0.42908792027963677,0.6892602612539648,0.5704501468561763,0.7994406179543713,0.6062299111640433,0.798035397831446,0.660122001953665,0.6344958425204636,0.574328201740655,0.7996746499643634,0.6250204952783291,0.7623508257595788,0.7318084250670861,0.7440378540478311,0.8051116273119752,0.6005789355151578,0.39602635797346475,0.41086653844842286,0.2883953298486152,0.7705967451220377,0.6559540956817523,0.6890595522030438,0.7558266564483358,0.4863671698525958,0.8319317392557873,0.6329469223745968,0.7635689996047864,0.7662806923426562,0.6108906332812082
0.46643090768305595,0.17732710933350637,0.4461800993166053,0.5728606473105899,0.2395481197600752,0.5859055727289738,0.5877195219604884,0.584222233575066,0.6188659599169944,0.8319911777754884,0.6064311585377745,0.37243914829276725,0.8560133874094814,0.39547822153965784,0.8421002977987293,0.3747783488661964,0.8215144615139384,0.4255525621576418,0.9031572156834096,0.760671081085864,0.7772416749077645,0.5892058981474886,0.5798261198545871,0.48197013208938944,0.7985624090900476,0.6863125493726286,0.9236585080300603,0.49936179412249493,0.5884343864207596,0.6163034850129283,0.7344153990288875,0.6799127258574408,0.5296299023512304,0.306586939516986,0.5042416471023183,0.32103311288586456,0.5542818534624251,0.42322200967178053,0.7311950547914792,0.7564340531967362,0.5184970683182883,0.6450385114946674,0.6820516500516361,0.7134226565636065,0.7301606938502028,0.4103564541860257
0.48791753301216406,0.19157655809510174,0.4703491289354567,0.6241941709910457,0.23797369784450775,0.595501670838001,0.5685085945317275,0.6162587556404415,0.7014161082237779,0.8536170989973916,0.6097987831201996,0.36308479730672283,0.880954431505665,0.3944918925001325,0.862372699687905,0.30247496300545357,0.8122866141334546,0.5851029046218564,0.8307120665910557,0.830685605717801,0.855230767853298,0.7383548762293226,0.5406036820217596,0.49341872503215245,0.9484335799419342,0.6449887372037088,0.911928030632053,0.544059060948275,0.5982478334307062,0.7287579539792185,0.7155399253871854,0.6884023542672311,0.48209839575880264,0.3689026571217603,0.44800160575324693,0.38607079975237857,0.4091232552561871,0.6061704669772832,0.8087606848504799,0.8282778175267342,0.4529298822220173,0.6553164051864261,0.6527003267046447,0.7863089902631966,0.6321775105988992,0.347885054330939
0.49263317520182676,0.21186779905587425,0.4358145144827013,0.4710747109115943,0.22789510920080272,0.5066176427501704,0.7201386334963717,0.5779279436655448,0.4724345054163447,0.8159464435797528,0.5772972168509285,0.4354814649986438,0.661154712270188,0.332043234438221,0.7012592964130491,0.2423319522792891,0.8045295750383598,0.4857643475294597,0.6460335108077201,0.8008140569034097,0.7738677102206851,0.8672589500019363,0.45405176385608226,0.44488229407184726,0.8008165352429254,0.5164077547241077,0.823430189346125,0.506070120076493,0.5226659010261875,0.5903408227488557,0.852105151112041,0.697577522485427,0.47745556837461745,0.4185973419813574,0.45135151620858427,0.36346416980977964,0.42897657810169687,0.6283368929005857,0.6914592542302741,0.8049640496253875,0.32852456148530035,0.6198193899259432,0.6293229732940896,0.7055847321107478,0.6039695937191223,0.34150199479279697
0.18995546006724043,0.1278628688366596,0.3767500719975385,0.46979662723323784,0.17157459712899906,0.3310697738550644,0.7033264171637791,0.4482455729659612,0.3366511724565362,0.7945408189547124,0.4847268664100507,0.3394675060842205,0.5122509932322357,0.3204946501900611,0.47891901131939196,0.14235508097235097,0.5694120763099225,0.5596798480606547,0.49872746942876933,0.708204370191259,0.7590786314928066,0.770198060311635,0.3631007259040927,0.3980219846553788,0.7238823141398069,0.37082854795523307,0.9999999999999999,0.35525747899588356,0.42322947970818103,0.3900131535095485,0.7583277979047578,0.5290380794970445,0.5370648422490641,0.21903349507308784,0.3698200259836636,0.38457457382346294,0.29369018968470795,0.6133633241067025,0.5901551963537021,0.8058193886372333,0.2567400194433345,0.43353310121644945,0.6058946976121905,0.7170130144537084,0.5585310138064844,0.24219595147087924
0.21306795553280602,0.08528587427046913,0.3168186392188641,0.3899064506060623,0.06128592033970484,0.2773468132921717,0.675793126614778,0.35561437708066895,0.18724661790430633,0.7995772806789536,0.3547712733682325,0.23367889345148915,0.3475991158734266,0.2942394285912146,0.4130820405467685,0.11873680316194168,0.3449225948541256,0.44485121882801953,0.43847605876805745,0.6609937326984477,0.6879159736421055,0.748825940480243,0.32271731929101855,0.3307339014747955,0.6604726114721986,0.2938713974480451,0.9209138729713925,0.41192826211272604,0.37102419807201503,0.33234385343090633,0.6891161512040255,0.5000619056018624,0.4546726002871614,0.12975007787077755,0.39846482420822604,0.2973521861112556,0.19512381539576404,0.32951711353533886,0.563787679074507,0.8100040837395901,0.1393179558454089,0.3747282108115827,0.4715895772259771,0.6188814154715407,0.5267902128062888,0.1568758383190479
0.10576628871302655,0.0661915046764673,0.23194704117297466,0.2985554529588605,0.07809462869468228,0.20540463192421984,0.5808570226859965,0.2884921744134683,0.15932569070824915,0.7525350660706583,0.3149268869161557,0.16819725488165638,0.2447405106498499,0.20265272271076926,0.297961947836356,0.1177664420513955,0.3192717253381321,0.2650824062851877,0.43715944714353,0.5326633319540927,0.6718481862672938,0.7054208017594813,0.23991841620778018,0.26028490519856357,0.5060276233320202,0.30666960315656583,0.6334057667004872,0.35959925671064175,0.2999832648148655,0.29161150818418724,0.6311290791232397,0.3488622209645024,0.31550665245211185,0.07173441204960938,0.2548127642688366,0.2516085692233078,0.14669266583211862,0.2715781627669782,0.4150983529053945,0.6932940985054199,0.13746194206964277,0.3817775123707705,0.45706864564127786,0.563427093766128,0.4794252795408597,0.11396292648373788
0.1120348802961713,0.07998890658123073,0.1326778084012506,0.32969370163975764,0.08863263476370437,0.17530749340179969,0.4939743718319201,0.20920591689586,0.17779824034865988,0.600911890068308,0.2358107114963292,0.09312165174866227,0.14632686469712136,0.20231666855494518,0.29488297083723164,0.08521709304132144,0.23753462794310762,0.21107845045733514,0.26673541077273505,0.4842890666529723,0.6130942675490662,0.6484123406279794,0.2001777431846698,0.18118904107384198,0.37096430636840794,0.18111019733838285,0.5531539552156705,0.2504223122458822,0.29092448508006397,0.2374125303897372,0.5167622597641045,0.2445641105353285,0.24391506815877964,0.07169998818749651,0.20288899364813023,0.21149356432689276,0.09675783836212892,0.242576852569387,0.35584581743091964,0.48588532384161276,0.09949993682418534,0.3634989063755477,0.42636858881324813,0.4081126446007023,0.3817734147147354,0.17373394035096035
0.11144552546461743,0.04042710171562865,0.10467442274988693,0.3144234398049824,0.050650753034946636,0.16601415164244626,0.38266610643489946,0.14683035786512516,0.11341848174966279,0.5160421778345826,0.1879476629052011,0.06843452705272338,0.14913101460554182,0.15970894670384905,0.23559681390791581,0.04489079873116587,0.15284126132214376,0.15647220556570463,0.14459093649414073,0.40919318041065605,0.5000722839081284,0.4654690468684693,0.12980769117342178,0.2068105344005356,0.30950156388507033,0.11946668846588486,0.5915096050511938,0.23197583507215017,0.2700914914856317,0.20274259303707334,0.426159455559217,0.24377255463663283,0.18776092488486917,0.05629476376788996,0.1316466480452138,0.16709335572215422,0.08243777263171988,0.1337246124960248,0.2652588045114199,0.3835754234155039,0.08100651494813696,0.26077494029133147,0.3183409260417873,0.2828881062944768,0.26276168347305323,0.16011073763683342
0.032136024599304105,0.05915337926684314,0.09754034748909444,0.30299182269055275,0.018106413390660783,0.15341061492486807,0.2476823869259406,0.10618088399828052,0.10664845538097642,0.42727222284877764,0.1267736453111496,0.0446349703361724,0.12548400768110607,0.14862330470552168,0.1696303513304461,0.05246630782528886,0.1257837575195927,0.1943519921104142,0.1504018809391156,0.3818637731291854,0.46229658055649747,0.34117946742617866,0.10400390503804305,0.1463457218275642,0.22749333924980103,0.0772759268940609,0.4282709833411565,0.19527256808265012,0.20270644490988998,0.19337869308922953,0.3757511560281589,0.1907921990162813,0.1769706471788436,0.03404346277715689,0.11889534966838732,0.11586157692190287,0.019707643510857444,0.082173711801059,0.2121764656300062,0.37187796195564476,0.05504670203867936,0.2142025199016812,0.27903085671710803,0.2002862435913054,0.24925700912624293,0.10333280320354157
0.03053671310291192,0.0691066383277197,0.07908978471921918,0.18129587862266727,0.04367777666848381,0.13150334845526032,0.12217403997816131,0.09595346882947925,0.0840920156834501,0.41840235486962823,0.19715286670506285,0.047792379946699944,0.10468933153480209,0.09225209699981002,0.1225286404582074,0.06291277329392214,0.10789458004158044,0.1294084641135741,0.08087561702790756,0.30181174014522394,0.3970576132148472,0.32463937182412017,0.10846239119809217,0.1895973684888279,0.2126530792617641,0.06224920430465168,0.3027783219222845,0.13627573543424687,0.21531899502127702,0.17882358327789388,0.3694166336293733,0.17555231386136666,0.15470462191353687,0.022718072146614417,0.05052277848111507,0.1523437181042464,0.04513321743805378,0.1085437722995035,0.17862791975605186,0.41478453631623347,0.0743010731747211,0.18287862003926045,0.20097141412930902,0.27390806310795346,0.181612379293845,0.07106059098066958
0.034168890805426025,0.09722722660730976,0.1103497258757647,0.17577057177747252,0.05206093806828542,0.13202323307170818,0.14082925887988973,0.08591490604693144,0.06878296759862382,0.32839183730286226,0.122438107599873,0.07274267818390875,0.0959553343247061,0.14750321239268194,0.11041697916561626,0.07476106407305433,0.1014063532553927,0.17790634108850562,0.059940230427766375,0.35397588771531313,0.38541104782588326,0.20108953753477435,0.06453372033344235,0.22356343286922536,0.273909914369972,0.0913163745712778,0.42996688408852246,0.16483736618161202,0.23869954665424106,0.1807971580854178,0.34193243439598403,0.20250101802310858,0.1734365021354116,0.048899012299543215,0.06514249728886402,0.14068353136668627,0.08678915456705452,0.15588276752196534,0.22543373072590964,0.2835435284609079,0.06883781955003407,0.22962074589645814,0.2189134999611477,0.20794716375322228,0.20712482229498727,0.07287205053523393
0.019642354280126968,0.054593550755396986,0.1269947929458039,0.14013501063708955,0.06307215429811963,0.1484371312606679,0.1536551747046343,0.12752729765327167,0.03406379450525974,0.3771702201767445,0.14438739544606094,0.10599241720012434,0.16252279158943397,0.1522327396854022,0.1046311041248475,0.10699323284001352,0.1241940855059092,0.24545011150686763,0.10543737882835141,0.32059689407400493,0.45004517163378355,0.2372005418812185,0.10943842840471243,0.25254500065764995,0.26590389579015655,0.10060636475787284,0.4313379258655643,0.2095765297066129,0.24753255006389288,0.20326949849040069,0.3616616905215289,0.2311494706603569,0.0987937307330854,0.039097498451391766,0.12564067732807077,0.11902768969614032,0.0955084708055064,0.19669483779450547,0.20948083814948437,0.36214040381756263,0.08907278551921288,0.2621162622347148,0.2233515033620146,0.30017353674345215,0.20932538199951436,0.12147146198811068
0.055265988684981796,0.09578076009562571,0.21007511406105067,0.3708424491999933,0.2760722260606039,0.2710955269566351,0.21230656463386963,0.16430013411395814,0.09995696104352297,0.4367624531757346,0.19076023381035656,0.1599766324740381,0.21328554553235524,0.20873314458713738,0.17795449118866913,0.12427478396112615,0.23567916467078878,0.26627422334879564,0.12879541562012206,0.3295565542167139,0.5840978978901384,0.3581464941259339,0.31390107159743574,0.33837592616538215,0.42214596156790724,0.20668398994365111,0.5031772013263272,0.3065791334152407,0.2952428902433424,0.24922064693509344,0.3924378717437313,0.34034557505142,0.1672965885123202,0.06298494782761561,0.2087271839309729,0.20165333132062996,0.15665371642456777,0.2204383068379922,0.3161208099414844,0.5903776675036794,0.10336374765500214,0.3848540484259172,0.2709082602350565,0.42728970424064106,0.35965228568285007,0.16207894352668076
0.20027510493364598,0.23337917151239015,0.2951920970270749,0.5077464841302692,0.687181365739493,0.5162903633993161,0.47185009618267243,0.2590986835469474,0.3084533603358438,0.4665005737203239,0.38272018187925283,0.35270579268879143,0.4007675446379734,0.30751807058650704,0.3685013583057799,0.3158519335459655,0.4693702519310921,0.42272924453653543,0.2093593940669624,0.3119304509460961,0.54478917520339,0.5845460585735468,0.7270836835835592,0.5735973578338844,0.4170941171418563,0.2734749031010753,0.4220143333253805,0.5120286596401802,0.452524375406668,0.3890177809316253,0.5729719940275905,0.6567431390707675,0.3184650672148108,0.13439510848592062,0.31533688749013544,0.32053680361631604,0.4359908745187371,0.3657790728652543,0.3758897861755808,0.6955574164545594,0.20136869517397862,0.8174022794284604,0.40262620225242823,0.6906138274541469,0.5549074260055462,0.44335437857910176
0.16558713929549876,0.1497370301316707,0.6336520290092323,0.7278300055408284,0.8101522816136191,0.579110398103121,0.4967157438302953,0.4203314067975264,0.3777099157028554,0.41308867752868894,0.49095083864889855,0.5950550850617892,0.3849183271503341,0.4664785299081247,0.34715389257478074,0.5376839434294235,0.5291967703378084,0.4038944693126579,0.26582878295822165,0.3073789408026556,0.4586669137204651,0.6225551631887137,0.6565022292335938,0.6275591924466718,0.4302191816821821,0.357362764392048,0.35704685731517927,0.6746918215895568,0.7361641989916543,0.5261857572652074,0.5736588914417695,0.7731225466465745,0.38470406225030596,0.409876000272917,0.4088136928405131,0.7306165593159567,0.5572379715229109,0.4451700282828663,0.38189647462179277,0.8114862581432246,0.23812163299143307,0.697046533579918,0.3637640392522433,0.595660624752931,0.5764892794120898,0.5140853110029501
0.1845215521625952,0.12220608881822584,0.7157055785516487,0.6474127372521632,0.7854889601845312,0.6110485764735952,0.5216799455832986,0.5335195461647543,0.4114433355989989,0.4072547037848054,0.5128994391122053,0.7510131785954488,0.40176766968285754,0.4083106392148613,0.40647436595965486,0.6005342678758566,0.5488966819394582,0.40094108792320426,0.24062688437620144,0.27668978419776263,0.43376872926641247,0.466374105462044,0.5027575771704215,0.7439387782001332,0.3839635670419371,0.3124424931406725,0.36798089083781654,0.870390249092949,0.698888786522818,0.5727095321017226,0.5456357368601898,0.6510855799153913,0.3606049488652918,0.4471169181048521,0.6283216398418023,0.8576089503183439,0.5251222166938645,0.37329985758563483,0.3575256069150715,0.7948379242574132,0.24285525249492002,0.5579076653620609,0.4160302485607818,0.458951120488135,0.541639203006704,0.5699912244811386
0.27359376751146247,0.13127285466711908,0.6781899345646853,0.6871696774982773,0.7422604768911407,0.5917982058768061,0.5736514700456968,0.5614205905027986,0.4208271372392482,0.36787629013851125,0.593141615632944,0.8251003581566099,0.47391685061981126,0.348973500380034,0.3824094083005564,0.643266657748337,0.5501243336776142,0.4253437144374761,0.3093763446594679,0.2843626446473177,0.4270747806655543,0.39914065830740997,0.4682300620836879,0.7900601279925338,0.3850221469207077,0.43222015849009704,0.31828361948903605,0.8780583754021727,0.759448029738127,0.6649032365725488,0.6113621109899092,0.6358521694625688,0.38162573933027333,0.46703948635260406,0.6407774348041194,0.8254536793021301,0.4554202225630224,0.3438700619255862,0.3640728161062887,0.6572403154813877,0.2814788261852461,0.5511008294025227,0.4348765155076718,0.5297900255955007,0.5741131569914342,0.7265645550289991
0.2903248648893868,0.1724365063617065,0.5739415176402785,0.4816160031532815,0.7046644277007198,0.5975415567144372,0.5468894228383695,0.4960459600643983,0.6165042765488465,0.41943294131626935,0.6268780888743767,0.7155442179924661,0.5136135893892647,0.38254942103577294,0.40862409667224303,0.6918307160948404,0.45731559438746655,0.417693294182721,0.3804306913216521,0.3513534872331844,0.4472886580391326,0.4903306500918408,0.38154233949804195,0.6371999957216306,0.43189609051277994,0.6930715296573277,0.31316509230317296,0.6969204334242345,0.7164154785095361,0.6589309540756956,0.6459232676891975,0.5787518921048733,0.447562663428955,0.4570006550067092,0.6582756461174823,0.6066014165611665,0.4945333540441593,0.5581994624754,0.504273529497153,0.6315546788879597,0.44154984647455087,0.5416838894015943,0.55091419431628,0.5217993837311904,0.6170009775883719,0.9011113950118701
0.40543880169451474,0.2195982063303048,0.5535632076770802,0.6519341354027175,0.6811786091544989,0.6399287475061968,0.6792319294346281,0.6368512398113637,0.5809963075903524,0.3967106535895154,0.7587648404063712,0.5657470053529745,0.4385734195432117,0.40715024088909996,0.47450924057114585,0.5127626469260209,0.4288243600767505,0.35488194238730986,0.4556561292015824,0.38216352054271746,0.5025225338800162,0.5754993219314116,0.38962850117284265,0.6302368820758346,0.4246264900135075,0.6179223211499364,0.31201635551937723,0.7255507127186854,0.5583651570475656,0.5840275684567756,0.5943843708475517,0.5611208259397705,0.46674979435480934,0.39929889060484447,0.6876875123684821,0.49336590885133597,0.5166214879223389,0.6335985317546999,0.4768173820440416,0.6669649422935777,0.46282428904946393,0.5661924245190737,0.5542252174584575,0.5546159280146935,0.5866346970019893,0.6019362156418864
0.4081579295208083,0.21336448752319015,0.5735178023542002,0.5809811813461094,0.7847345277640946,0.6311682944690299,0.651850191278865,0.7011716492342022,0.39841268483935793,0.33339527931455387,0.6527035271371441,0.5423334793042741,0.48587170789270107,0.36786167342568676,0.4504909130965012,0.47758936424418136,0.4827098707192385,0.39396826363868787,0.3779220239960713,0.4173325469590961,0.4218280186928419,0.6161108669890407,0.43034451736462387,0.5684830387731509,0.44059899897384824,0.5589698090056829,0.33001286484513254,0.7684873713187347,0.6138399225360733,0.6455312744225286,0.6000971258394042,0.508237621348681,0.5825687410057637,0.4663994014080969,0.728873402815153,0.5424966300652588,0.5349647634336071,0.5880710743925875,0.47031321933962406,0.7046329445122352,0.3619381706546894,0.5464427458450004,0.48215435814587115,0.5503800660786492,0.4502941680391121,0.6434756656794731
0.27755416778922815,0.19957876146022893,0.49304471556459856,0.5398365629709148,0.6873550431203577,0.7077144119577369,0.6807190339595361,0.6133796473415368,0.43276143511577264,0.36364396546669037,0.5590729426965568,0.646688443966047,0.5059686229489356,0.3973123286060915,0.4437263047192794,0.5515885077632723,0.4622713954065926,0.3980422311333668,0.4699559312104928,0.41304153931707094,0.4231534750814347,0.5176749868307389,0.43837477548275927,0.6671092956485356,0.37560179018645995,0.5339528092368425,0.32918234251027373,0.8337148223399921,0.6248665743285047,0.7355244738757988,0.6213907004532312,0.491242775403508,0.46187753849270086,0.5315638944137182,0.6908222946468463,0.6482059864257678,0.5635329084371428,0.8444241377734387,0.4193963996841133,0.6395613361603182,0.36235482871788377,0.5094401624449574,0.4509312446737249,0.5084702219186777,0.5947645878353567,0.639993344859891
0.3440329602933937,0.36250423657327563,0.4786218962606266,0.6770267971389015,0.6717140064098379,0.7389453682530943,0.5748263585779767,0.5493795659957567,0.5473885852495255,0.3979370100692725,0.6068339035553848,0.5378951212122958,0.5274312468313656,0.5662278581691116,0.5626457864429438,0.5443488959451448,0.46866580900367677,0.3343809367055442,0.4592072846951978,0.3861224440202538,0.43157283464334234,0.6617851882972815,0.49272747909933223,0.6650409059764716,0.35502032258705585,0.475238781388336,0.3273421806636671,0.9131628337151668,0.6583600865805307,0.6829196697948223,0.7201233193405396,0.7905931940080377,0.4983550629451332,0.467090468042196,0.7097491579827045,0.6309285020728344,0.567243333689076,0.8270872873458924,0.4274764576580905,0.6814028372113453,0.359585437520507,0.52100983628605,0.44980867161280597,0.510901633989778,0.6185000453413139,0.7097851531234326
0.32625380896421874,0.41351785263345003,0.4747549560090429,0.7075807860991784,0.69057229390883,0.7771489054617411,0.6160403088106844,0.5264030063886131,0.6221649214078057,0.47266400404002795,0.616440207702057,0.5346569543951404,0.6309963044473372,0.6135647369511582,0.5286401646222343,0.4985739861560497,0.4950252034822413,0.46234424257375845,0.4383965753369197,0.44455177029608134,0.5381488519801243,0.6304659469412693,0.6794868905078946,0.6634775637675422,0.48024839525576113,0.5696003266109078,0.42568182647735026,0.9240665862045894,0.7370636970429459,0.6753128061240875,0.6830142031968958,0.6910312016833396,0.5291616820639111,0.4570553334729173,0.5758343685141608,0.6401384262793328,0.6514508908218833,0.733307443586825,0.514251958682817,0.7401084008046125,0.42044766914943604,0.7904279428590517,0.5046365564592455,0.7010573633095976,0.6705345996841163,0.8743370429536574
0.38729754634067126,0.4783403341248658,0.42043191183367457,0.598206011665098,0.3010703475745997,0.7441725897743984,0.7480633571858188,0.5380390329967338,0.6103285711203876,0.5955891240760748,0.6124848496025092,0.4446165090178166,0.7326838731125843,0.4179108532943393,0.7338771502941015,0.4382633343003087,0.6145372419918733,0.5226870210542102,0.5853072769502248,0.6338933143610178,0.6921967769162505,0.6737768068564252,0.8073722369893268,0.5887966923408989,0.5886412108254098,0.6744021894938356,0.633359814890556,0.7282182992729148,0.7314845385163395,0.6602495868772573,0.8705391251051816,0.7998545024525688,0.6685512014463708,0.33602193705167943,0.4354957515364451,0.42241385786121766,0.763032067509911,0.5973825702831241,0.7293854772054428,0.7930454444453708,0.6106315989994995,0.8351946126782315,0.6654554775171193,0.8369759714431974,0.8311355164058745,0.6798031961945217
0.4396159686013523,0.2569019542990353,0.3882686877902061,0.5021049915824085,0.2702310153192893,0.6158558286050696,0.6170688538709738,0.5878111669202944,0.5291368373942849,0.7447343040236036,0.5587021697383258,0.37909258440975874,0.8232311322513266,0.3712960110014525,0.7025439161605023,0.30937948735391396,0.6422242206655694,0.50199784809807,0.6947142506749102,0.6864534365973856,0.8154823664345926,0.7573692514447856,0.5580149592389337,0.46909724105544587,0.8575803122352283,0.7531752155198747,0.5719272364537834,0.522393190904545,0.6012299537967555,0.6433345504307683,0.7898543228103951,0.6994740958284714,0.49997156562770995,0.21883713080717146,0.45354154937992447,0.354927889386325,0.4801770591833272,0.5470549385244866,0.7885572772561392,0.8452366266505819,0.6293878574442248,0.6670736135074998,0.6703876487948891,0.7428096180582892,0.8172181893782211,0.4121160170099027
0.394371989962613,0.3237989565713023,0.36354550073457553,0.5384001967473012,0.19546611534690544,0.6087872854691745,0.5928410216610911,0.6222051655202152,0.50150930505187,0.798217360829328,0.5860758304968824,0.3873939026955603,0.8257525922685418,0.31563003257229,0.7095477432078326,0.26851483251584324,0.6832251684381992,0.544438383899477,0.7996398356287485,0.7728390761908606,0.8760008407351336,0.7806857656363657,0.43797931852518235,0.44065719515078744,0.8496212509583639,0.6798265718317478,0.5083308696457197,0.5385691531338742,0.6461169011088759,0.7287473844018687,0.8188824015554901,0.7343536983553303,0.46565758461006423,0.26198480744714125,0.42545132642940137,0.40469604428756445,0.5244997183379226,0.5059204799291805,0.8174374699330744,0.9112148020517462,0.5891694239431308,0.6569090992230089,0.681409192287187,0.6948942844137296,0.7311128742039211,0.43479397934083897
0.4018136160383952,0.16790068591804075,0.40654359964011955,0.39132922937595727,0.22664612365255174,0.49873246069569643,0.6822475373918265,0.5590600831528131,0.38735883147885747,0.8028864714208961,0.48976356068612603,0.3913989768069048,0.6842561105485415,0.32772809507800105,0.5564771404152786,0.22380074553371337,0.55972171458238,0.49570531724527905,0.71035817478275,0.7726970424190347,0.7761842975072648,0.7613567974787145,0.4295222845820382,0.3884706151851354,0.7566703289888332,0.5640517143241671,0.475240638985391,0.5016869246639516,0.5977522659230161,0.6217473334134745,0.856825999136136,0.6906752036427279,0.5969158320215939,0.28938993914651207,0.40281353487297267,0.40215126780769134,0.3915925722195528,0.577151802714502,0.7761906154598347,0.8398623619074169,0.4337606318264951,0.5841749535523977,0.6093692338022216,0.6708748523247902,0.6767607374276502,0.3716613185494473
0.18349859652413014,0.13070710295682245,0.3976670830956335,0.46686066383901154,0.1404854121096335,0.3731678373192052,0.6827537426767893,0.3868370322460971,0.3445074193644522,0.7786152154852995,0.4461194412406902,0.2856902147337631,0.47985272964954007,0.30621644041708346,0.5020839924729009,0.1532875059084973,0.4515353114031262,0.443194380409809,0.5478708130078366,0.7041702032313742,0.8398321429123442,0.615083944624425,0.30889867907715096,0.35286664599147466,0.6579052972318714,0.416477652472092,0.6111668347869337,0.37961728642277526,0.5220467430234574,0.44560141132191294,0.8026884018668758,0.5967619026478947,0.5509132621210463,0.1739473451735976,0.33631205718921636,0.3920889007290384,0.24802632875253752,0.5387455825670306,0.64287208526217,0.8197822296157542,0.3061511007732378,0.606600901672994,0.5606283698997158,0.780262190015623,0.5881150118053711,0.2348830644852421
0.1428643376347588,0.1352077634175815,0.32300774558346573,0.37838305270754696,0.09686886637343167,0.31214744990454096,0.7113881671170045,0.35175002047066406,0.24281372361135403,0.7449557798357649,0.38787813288253914,0.2203106257629235,0.3922591022101637,0.2490550491303095,0.3447788381516393,0.11487501611113282,0.34117430086148065,0.3468461578084842,0.48994781281242883,0.5835342727471119,0.7468515244575237,0.6815227461272794,0.258947291236133,0.3188489328731802,0.5894144423726385,0.31874664024888627,0.6165590577242207,0.3461643976456684,0.42599902106160403,0.3250294517059672,0.7185734114126843,0.5019114835157792,0.34107082119545185,0.1500270537233008,0.3488600168647425,0.3856921280359154,0.2560870506009004,0.38283308871481875,0.5273031132759359,0.7825825538809494,0.20425035650519802,0.4337249994340141,0.5061270948263842,0.6201998248894409,0.49627325057661476,0.15149791610654864
0.17979018280417725,0.09987048464995463,0.22769682524532758,0.35018997503147853,0.07302169944048989,0.2157539922530376,0.6129390866525246,0.2418171071643125,0.1968337947026649,0.6730820172579526,0.3750931223040399,0.12835235859908162,0.2863497605597646,0.3042855426465374,0.27801506798189035,0.10484686857764147,0.24752324156606373,0.3005969573892462,0.3734471895829079,0.5454190556322646,0.6721545330524381,0.6180302066357477,0.2549782645599381,0.1913489829503494,0.46817022260303043,0.22082549994895667,0.541081339411987,0.31456018688209153,0.3278872832555524,0.2794694543075872,0.629346624967547,0.33089575200287824,0.3150848677228526,0.08436548782699144,0.23947474345053998,0.31342709954934933,0.22066561482248873,0.1844083866828931,0.4136473983302639,0.5674302220074565,0.1780492734391215,0.3465827498992842,0.5533380953523666,0.5212072734818445,0.4028568842450839,0.16134354658492617
0.11046348888878273,0.05816893540302488,0.17082576932994586,0.1702638711667126,0.06407197799658929,0.15142681905006336,0.4185755437916641,0.15916758330429867,0.1406348236227209,0.5606231034620929,0.31725460589069665,0.09910550056037185,0.232292825425803,0.21385752419435106,0.27166402183090455,0.09348620162334934,0.15376283512949354,0.18253187033058005,0.2437123147616838,0.39186583203942593,0.5604054993466691,0.565204062594374,0.16463652742709425,0.21277655400860288,0.3982221680442754,0.19078935069642833,0.7333735571198415,0.25864327566216916,0.26646240494558415,0.21916747550426094,0.5631682335959899,0.2505403085591113,0.31245096074891243,0.055899627015121744,0.22849076305550936,0.23876092168044227,0.15904148666848936,0.23713046655234565,0.29960558979674745,0.48075342330989956,0.14822015800230648,0.30150527844434855,0.51992894702175,0.33577044198435424,0.32930614246850504,0.12325298332754278
0.07580640066236234,0.08864241843516242,0.15359748521971056,0.2364740644015066,0.01720028444761007,0.10940036110441807,0.3173629856856909,0.13641521266899917,0.08498316271842443,0.5001980373031618,0.2798925398943386,0.06446077004872774,0.22008369705462577,0.12073657498870663,0.1999263085626167,0.10769925628729923,0.09524838504074638,0.21118103129072452,0.13537237355679932,0.3766861896173243,0.44674985107407045,0.44712339188666905,0.12929175076842178,0.17376356547627447,0.37377671625600506,0.17957088424276363,0.7177237235938879,0.20186582236943912,0.21749072142283696,0.1917702355721358,0.4637108526253744,0.22477508474696578,0.24720423067584305,0.04724949807915707,0.19289325158551213,0.14253527709437835,0.11227253998864858,0.09810999982177458,0.26940948245801727,0.3383233816348842,0.09100457025180955,0.1804094213057817,0.3406342757059876,0.2349823630494525,0.281058296739496,0.056680377562707156
0.08565204732845326,0.050780553836884665,0.10113877671376363,0.10837771922939411,0.05295665856530127,0.10894189330482738,0.2548851118384519,0.12442909237148742,0.014890861725241025,0.4323808535142846,0.20814786265516685,0.05898540356045067,0.1851502342085671,0.15974594644279982,0.19133451610367055,0.0590622817879879,0.06649198086251494,0.20290970334417774,0.13766740019031878,0.3339432027885978,0.38010111030395527,0.3497064828586661,0.10354888405485688,0.13340482133922624,0.3194638480165827,0.1300048102571711,0.45377313219478993,0.16134815263185276,0.16962760124399262,0.1906048301942569,0.41269734383635814,0.2195941227577392,0.19897383547640127,0.039744705969991925,0.11723814583454946,0.0925590785168099,0.09048993226903793,0.14189622225119825,0.19899126412921253,0.3115886626305014,0.07331742060942953,0.21427509402518352,0.300907503666583,0.28231960052991534,0.2068729789046176,0.0928722659814745
0.05587475667974136,0.04982068191811084,0.06853489845791971,0.0581861480104893,0.013309341244230125,0.09732098493419351,0.1527039263268809,0.12745031584769625,0.05138127279450295,0.3838712607656281,0.18724304527856422,0.03310294188859362,0.1752954364278903,0.13626057072802625,0.13369344927113036,0.07467852508682882,0.09916845726193785,0.163356886224567,0.1122140234683563,0.3179387105889426,0.34359747628606124,0.3116901228853686,0.1257823380527071,0.12883073288526145,0.2677310476257837,0.08945530670305053,0.4566097223674291,0.1257222834150203,0.1909499656549222,0.16771813740889516,0.39230317821239025,0.16943065439912794,0.16637090576635252,0.046324791425763734,0.10455820739656761,0.11058809543020758,0.06026343857897366,0.08234351805459801,0.17767366998855574,0.2949506642276231,0.1000708942236066,0.17233220233491547,0.24865482833187005,0.3137574222727286,0.16556156467217456,0.05699865710711866
0.05793254253595033,0.08889508628851148,0.11353123632298394,0.0974693307024765,0.04219120154667007,0.10444101920159593,0.1471611390291465,0.08560783675986033,0.0,0.2826047624705518,0.1856602220995137,0.03321950822508033,0.17917716902227732,0.1950520568922589,0.1913463222335603,0.06816123684196274,0.0555442347530003,0.1271536156637097,0.0870401217123498,0.30100033261261794,0.41268390739079397,0.25564175542168327,0.11371142245452068,0.14892507296174867,0.2678111817024254,0.10103516981610496,0.5239786605758585,0.1667206012811601,0.17751033002813815,0.1961896416844191,0.3534058736240342,0.14707642260206577,0.12186369679840142,0.07080759505106744,0.10781556417088832,0.13667694186253038,0.08601802756812486,0.024035374633805187,0.19121524887324803,0.20591783679547698,0.0414238681809098,0.15951452310667877,0.22313480090885923,0.2938767632423218,0.20672629112930935,0.08185782492676655
0.020621074307139494,0.061518950681792486,0.13823394774322673,0.06785354227834293,0.051058637862448644,0.15929017320304584,0.15388534650784969,0.10881129451169397,0.042926523810323365,0.3692238411045134,0.17247468532491195,0.048020772860253046,0.19596532522859134,0.1645124268884598,0.18591914190642062,0.06360138656274197,0.06648682332476596,0.23557080781497214,0.1312721393543457,0.342471031917197,0.3751015279236562,0.2393129038257236,0.13864583735077304,0.14066190555164831,0.2581882370103904,0.09638738123584294,0.47393035454152527,0.2404856530534671,0.21802777623441685,0.212110652249599,0.3531823147146173,0.17338804892144724,0.17001192119927092,0.04222715446402352,0.12545920033785957,0.13765323140972208,0.06161143895476209,0.09589488835847061,0.20434012901160065,0.29774311135877596,0.037352123086618734,0.19625728755410446,0.22070377874749336,0.2881475034122124,0.23125786658095632,0.13030164410072503
0.06068047615640729,0.1110004891886334,0.23631258859426352,0.3237991562373472,0.31648914249171434,0.21885162690221271,0.253685020969987,0.19082488101520562,0.12526894437594113,0.42126055748974645,0.2854278779569021,0.15223366383427858,0.23390564033884562,0.25118678225973873,0.22555884551934718,0.10402349357180132,0.16636682033318542,0.2147635324934205,0.15805619005218124,0.3222530494202221,0.5739692727753222,0.3611429865974666,0.34542555993112434,0.25779915750082105,0.42673999856176015,0.22340228070538926,0.587236334102279,0.32650848428610535,0.26839708905968407,0.23569289301149815,0.4716406870243802,0.32026160708078477,0.1822837231722433,0.056789243168574616,0.21233137965116322,0.18782546522668864,0.1294894774014805,0.19879771525077028,0.32278831781179984,0.472901472568527,0.10748287408188875,0.3640182201725668,0.26098587401243495,0.4169560078891652,0.33499574777178714,0.1374416074196832
0.16449482146068928,0.24206627396429356,0.3689719505683625,0.5054573646652639,0.7350360024118573,0.5218234906206881,0.41882543671455297,0.31513525065913384,0.32113555901067037,0.4188178445472099,0.4486907226769748,0.36490196973849576,0.38779454703773736,0.24396520935695432,0.3421291754155423,0.3778427874940716,0.3692804224527323,0.44687219828197616,0.24735415370427272,0.315639946552472,0.5970310456957308,0.6255742339732708,0.7000719483198176,0.4989554589407904,0.47975108554701257,0.3226487787638984,0.3875755910383706,0.5066688651309103,0.434796565712102,0.3733082514503687,0.5623773822672783,0.6313985262339181,0.333767667965418,0.1707650698912251,0.297955063759305,0.404179785915691,0.3770233426083013,0.4610600527895296,0.3795362837174095,0.6807733308434053,0.20397470972633455,0.7464820000223662,0.44794239676183223,0.6349636250216173,0.560288046306931,0.45653657940651926
0.1283258402410761,0.18910951226695202,0.6931304461004544,0.9344784707615973,0.7491901435269049,0.6027504106031862,0.4916407880145656,0.5201166981617098,0.5146774792405624,0.40652216526406243,0.5643844603876454,0.6937314461672268,0.4366726482606742,0.3983407970217042,0.3669348997380534,0.5399172278383217,0.42346222640943426,0.4546960446205072,0.26946633825211963,0.2945008898814597,0.46858742479402105,0.5892129619594302,0.6433028495496027,0.6052217237140608,0.43353544402911093,0.40964802975136144,0.3202587270378892,0.6914872293717917,0.6507255932100382,0.528892632070789,0.6351593526847753,0.7323934676423425,0.5136029682653556,0.4886557309957415,0.5039283102774903,0.7856150080494181,0.560895354646551,0.504989775980926,0.3573453686829131,0.7634814763284491,0.24917340451334086,0.8598698511616006,0.45733578479770937,0.5680768581867857,0.5704524216912694,0.6373730447404871
0.21972586679767434,0.1708135797128953,0.8295820388990738,1.0000000000000002,0.709353916715616,0.5847199558025371,0.48444936802193056,0.5767903896347549,0.4988027344463556,0.3121963512202827,0.641944917496191,0.8575446080435033,0.5238201700444373,0.3866156343790902,0.38640271729200454,0.7023762529746902,0.4447148375083418,0.4061173429394672,0.2831919508441604,0.3094541940529767,0.4624810755416585,0.4868143919784946,0.49035617151802524,0.6314644349010837,0.4302087570454715,0.42248853075998105,0.34397380011285794,0.9128354694492209,0.6143860754436617,0.6867117094108459,0.5713343844346417,0.5698053360115738,0.46633549451264256,0.6114770285308404,0.6134448080951621,0.9583048559397395,0.6019891030366814,0.5171341799592268,0.3466614120985605,0.7576354773645562,0.2707173529886574,0.6048907642091341,0.4050946193951412,0.49864620314727703,0.5148396242985307,0.7181532974147102
0.3003904736448591,0.14588138913423096,0.6536693181774678,0.8003644630635074,0.7068879877811727,0.6893902003995063,0.5508378544282468,0.5392481356730553,0.5806895700401088,0.3650511595754319,0.657296908739034,0.7488838993409279,0.5470711140137515,0.334517400700185,0.4610896744841636,0.7504757506970962,0.45295405250185933,0.4390121609145765,0.3562786970330977,0.29314344754494376,0.5498371437044037,0.4582423348168308,0.4155317245256709,0.6379152162898957,0.4548555264652096,0.5020103543084025,0.27455297861616534,0.8786171606886731,0.73670328484673,0.6992131443164793,0.5703395225184857,0.5141633971254504,0.5105342457694184,0.5653648672305617,0.6621735092519868,0.9690631235472915,0.5317034221305798,0.5640523166187028,0.38106016184503133,0.694399977790766,0.314577904680837,0.5925688913579762,0.414787664167039,0.41307952968200135,0.5227521043839224,0.8102116834681778
0.38183872042553835,0.18598154946717455,0.6135734582769728,0.5967025373358157,0.8081731542732775,0.6590076920478677,0.5339264261029707,0.5868522786127368,0.5343215964744357,0.41792551590931537,0.7261471989788298,0.6631215788622123,0.488901645424495,0.421824014411567,0.4664952256894014,0.838215003681686,0.5077108940137183,0.44393046231765815,0.3808925129430696,0.3925591454505317,0.4634137794720703,0.45381362159618266,0.4290981134622939,0.5922306230203803,0.5237477964749659,0.7288596418216634,0.326735232862514,0.766176753307549,0.7053010770024383,0.6934091414705436,0.6317911071476064,0.5337050932778076,0.5169213728070142,0.4499328104570039,0.7126753927644416,0.7192007296988475,0.4795224248992721,0.49183770396498,0.49879499926058163,0.7526139655168218,0.4044560909858417,0.5977924662140436,0.5115843223100754,0.5129108204808144,0.6558705210829778,0.8653755808176454
0.407210019376972,0.12981084997067957,0.5638161086517763,0.5833873969650353,0.8757282893314156,0.6719156620670653,0.7563457647647538,0.749400115328498,0.6276328415810304,0.3877848021632452,0.7267343678848348,0.5481358522041815,0.4238824577051004,0.5028294514726072,0.5293380136759561,0.5650635697353265,0.5935871758435495,0.39551739163576927,0.6174976427481438,0.43572719484314903,0.4650152581721161,0.502976538486341,0.4396828349850439,0.5980162143485205,0.5050453305146254,0.7004637893839969,0.39539474054932816,0.7566869869486237,0.659930665577613,0.711548118173766,0.6640030844417061,0.5375261754939624,0.4691946933029183,0.4306030080337606,0.7979365257360916,0.5047878090541269,0.5164917340487969,0.5857644176781317,0.4739854661750273,0.6651953410285694,0.46303410783270793,0.5342089749971531,0.48714542237761516,0.5929437369070802,0.6375638990540029,0.6685500219476529
0.31929949462460117,0.17622689552567783,0.6727467726918671,0.5018518389576581,0.7193990001572302,0.6481145804340854,0.6601385150018587,0.6734783374240623,0.5443501497417116,0.36906396817540366,0.7430426459814732,0.5468132930731663,0.4879645693041761,0.4082402082104148,0.5066295570672614,0.49550232266343314,0.6170818761888494,0.35616069071425516,0.44689701557017597,0.3968732379706988,0.47621124369698176,0.5970073292938771,0.44726923817272335,0.5526657907447741,0.3870396318313036,0.5296414190372646,0.3621870184708659,0.845468644269954,0.6096718085853642,0.7859713899414317,0.6678089310539513,0.5280488742727873,0.5451603640172956,0.47413896191409793,0.8286426151160845,0.5640689593921877,0.6281597663956084,0.5704856406838706,0.46179479030393417,0.6247378584518495,0.42777353238081406,0.6657330397824266,0.4846826558362962,0.5296449274468847,0.5602963032411014,0.5686333404774733
0.35238093372563345,0.24153886013245754,0.6187405215087316,0.6012684585150665,0.8295664183245365,0.6554254746363296,0.6498982135879412,0.7156538544872147,0.514671047199595,0.4199522423913192,0.7239297087863004,0.6257228488756009,0.5010461443044136,0.6425984296208236,0.5043897668032815,0.6223179524831727,0.5747119731567297,0.3633381585543875,0.4024579857612917,0.4240860010056958,0.4561001174431646,0.6261573482387074,0.5566024364038279,0.650429065663742,0.42570313896612727,0.5866831736944836,0.3037792788758447,0.8851615221846525,0.7159107174935381,0.9151868447227242,0.7039425268418944,0.6827881084883786,0.5243287515045469,0.6083774028243547,0.7865720407114224,0.6297610015740213,0.5508236466528712,0.6083314938237765,0.3848211081955328,0.7158597955636103,0.4112819643566326,0.665212220617023,0.48875792111230953,0.590930205015245,0.5713301853096515,0.5989838903136466
0.3137559618866821,0.44833125788861533,0.5108809427169897,0.5425812684772594,0.83935326584656,0.7023089794706886,0.8409657860614913,0.6833706848117217,0.5810418698960225,0.41346652787989163,0.7358845771950695,0.6571671600313806,0.5521063375874959,0.5646050751980878,0.5308343783499024,0.5803812723753067,0.5940585719396825,0.35629825069524995,0.4461965602719851,0.3786712667604648,0.5377728567034078,0.6589864658165897,0.5935624751421905,0.7204576801334244,0.3967155092169726,0.7155450149019135,0.4740642341434171,0.9708479507761948,0.746489201231716,0.8068018495105288,0.7375485943471817,0.6608555328378269,0.5859885924314705,0.5809312535979477,0.7920496716379839,0.6642031647678472,0.5997807694922582,0.42633150531211644,0.427977144943308,0.8425320806813421,0.4312643890980076,0.6648096064164991,0.46732494613615744,0.557347416492421,0.5055526666136669,0.7593510749971766
0.3699143945186268,0.5013961489045139,0.5301287522620209,0.692475910224176,0.7865854476835064,0.7643935765345591,0.8202079114900049,0.6499145477910133,0.6857718980309208,0.5151168875765347,0.8093244773407131,0.518431024296757,0.607202903859492,0.42257322373856787,0.5698035710358966,0.6177298950475423,0.6731387491625582,0.49529834799166045,0.4564779119108943,0.4231452543516842,0.6106323169180605,0.6166931348791235,0.7583133614832827,0.7437024518750821,0.4065084662635094,0.7852697113272352,0.495098650177862,0.8968317386601228,0.7622468998280898,0.7509620782240048,0.7093542021877,0.6793736604861379,0.5758978813460943,0.5061165693720332,0.6162904643598808,0.6123153818929542,0.6568245711718504,0.6661848260329809,0.6087216884861838,0.8922317696598504,0.40783058684146334,0.7896337672450864,0.5324786581776847,0.6326608829899946,0.6302043622343886,0.8301926338232473
0.534367582197588,0.5127530774398553,0.5225305042398635,0.65252760095856,0.3998934542404292,0.7042742804510586,0.6706978395038785,0.565215428088047,0.723001702244613,0.6636820314926404,0.671756882153567,0.4591131557348949,0.700211013813974,0.3891852101406178,0.793499997184808,0.5380309708253187,0.5988830708957957,0.4157060912919117,0.7093959247588627,0.560907810333869,0.7947057776269492,0.6541206998787454,0.8986602824664738,0.7179290478982366,0.6298500805770767,0.8424576447569089,0.6136562143331133,0.6685209932526219,0.7833319769975255,0.7144915772616955,0.6217735220358943,0.7382180820350024,0.6729525332579124,0.36912550774476444,0.40870117578893644,0.3571434915885808,0.9094247701876492,0.6805519205998122,0.779541145764896,0.8547459749839803,0.5921221456906546,0.8621236679263964,0.7794502220795313,0.8137155240236443,0.845762875383497,0.5563262336783655
0.6107825176544539,0.27174048802309453,0.40131803780470476,0.36466278305803196,0.2583122583679629,0.6671022187618817,0.627903859619377,0.6746436028730494,0.7040281323859783,0.8153668705335486,0.6919999925616138,0.3563886629321784,0.8969030734218241,0.4151679744166791,0.810090660081558,0.31234572044973136,0.5683715717184286,0.399778454778915,0.8877998833380313,0.8257386574339123,0.9041986973251505,0.6711358363651755,0.6159900750008721,0.4935599762840025,0.8421124872375292,0.8907488994155138,0.4738827298290374,0.43111692900630705,0.5689958959394743,0.7201490399011944,0.5949901447464894,0.7364252471446883,0.5854103352630939,0.22008068481006035,0.5000141479558006,0.35795774681636494,0.5276734747449624,0.4696629571383915,0.8781628077780881,0.855133933432395,0.6412100518931978,0.681036397535276,0.772966258403665,0.7384569976024769,0.8521527239686477,0.38046857428489883
0.5245209628863458,0.2587465528770515,0.3937716621600295,0.3610786064873787,0.2526738064371651,0.7015067501708284,0.6375402338703542,0.7047056660947502,0.7444605779060439,0.927303864706878,0.7003660351208977,0.3447740904733664,0.9277010792584941,0.4135157415491228,0.8615168872271601,0.25802976875847417,0.5897266623247149,0.4426257864821556,0.9684659754836306,0.865711035937195,1.0,0.7891264940257681,0.5180024443180198,0.4920451382608224,0.8982754853620325,0.8376125159244485,0.5081364445099853,0.40091183774763683,0.658368791933116,0.8288396712533113,0.6165326612656008,0.8085352737579712,0.4379089298082197,0.27890257651009903,0.4995378849907078,0.32791435249937523,0.4765112458540953,0.5439502671355774,0.8629879781837747,0.8874427421340206,0.47430777232252536,0.742276767021536,0.7265767429200055,0.7327089764714038,0.7623102548304683,0.45856252167625855
0.5560442075810066,0.21634544554830717,0.4438338038457513,0.4186689847575405,0.19908425891170994,0.6158381877217202,0.742048038196906,0.6076080831271874,0.6046819963770311,0.9521027026684289,0.6154992064201588,0.3308130253066687,0.7609129333001773,0.3460191060928183,0.6319899814917505,0.221014426663506,0.6714920084741945,0.5705944914006724,0.8275757335537242,0.8305960345516866,0.9855907348832909,0.791720449415441,0.5049939671293833,0.501918366100568,0.7966708452704293,0.746285378883388,0.559261607775569,0.5041171944530742,0.5226606148004413,0.7447916583575733,0.7769434272016685,0.7125993977988155,0.5013113214778807,0.2777824817234319,0.44569860197421884,0.3963908462276246,0.4972702271015347,0.6101808879627585,0.7970122937812034,0.8671033072581285,0.3969468533375978,0.661167671354233,0.7242865222150632,0.85858620019712,0.6296913550957605,0.4699987276371548
0.2838864483892923,0.13979225308847573,0.4414536394906734,0.4305295176730093,0.11226668219608874,0.4207134867310636,0.6049221053693267,0.4349802377326286,0.38842549613819366,0.9234633115418869,0.4699194205641993,0.3199896883536292,0.590688124533276,0.3090494274696411,0.4494718631846594,0.14071055949653627,0.5344885957362763,0.4506331091416625,0.6881199672367637,0.7418678072546284,0.9258124663527875,0.9999999999999998,0.4114223228373515,0.4226406695361308,0.7080004571603162,0.4681841656068815,0.6577873117984459,0.4784835848508363,0.43275246662870004,0.5299279633634093,0.8495345627728995,0.5515346160892242,0.43271354142702956,0.1635534006415422,0.4010895063745134,0.3219630188033713,0.2824683279489586,0.5404569558358939,0.6304145686061112,0.8274254738067066,0.3333709783107001,0.5483394953941445,0.7033046079807713,0.775231857630288,0.6071924159119626,0.18723291012572785
0.19938699874622084,0.08972574639577008,0.3990502087532878,0.3239895072062275,0.10909823659504131,0.2861614075442281,0.6301848576059496,0.28039620361701867,0.35321903780390884,0.7878589856902237,0.40378692077822176,0.2804492748726502,0.46150902628938567,0.3257525506066176,0.36200801244167224,0.15137926352241665,0.36604092500103097,0.3706151898843121,0.4898871518643444,0.6457159202857021,0.856399436406341,0.9399560959202254,0.29983567248824594,0.3498998487649322,0.6354485729651669,0.3476342962120543,0.6912862079561859,0.38198904540356526,0.3760616168567905,0.37802269330403954,0.7799417750498843,0.40551136608448624,0.40670124352297055,0.1217030297209812,0.38740398704047374,0.3371602138822133,0.2421948816807232,0.6405554838281136,0.521552782206424,0.7778257978053886,0.2478887983492003,0.3890557613035857,0.623195015568158,0.6606819606773868,0.520153866750779,0.2367132568309671
0.16340929418185046,0.10470100081357792,0.23511924625809433,0.22805969377068536,0.05560896583526373,0.2124573626979018,0.593168437985767,0.280046230116314,0.23469048710879867,0.6879339801113854,0.3065459645444514,0.16212968815824075,0.2973422447925442,0.3056131913988622,0.3038008170745118,0.12501551972389624,0.2545856191929687,0.3352385487755785,0.38032869374785244,0.4890862099270296,0.7503188642355284,0.7354909930011754,0.26318561623027015,0.2914300619343168,0.45944397352165317,0.28082954255221876,0.6024346903476732,0.3681603373241392,0.35937548935135755,0.33586784900399536,0.5877207291538464,0.31973527130151275,0.3421850111497965,0.0849492894530738,0.31626306968162876,0.24252351903431935,0.1828961836089757,0.46071788758178595,0.4128184038980086,0.5967346742445906,0.18237905677544675,0.37970608192195243,0.5920463723808661,0.527875282457277,0.41108885885407775,0.18843641161391791
0.14620180025340307,0.11885539096418751,0.14251954234954944,0.1676682508917044,0.05119946399430421,0.22002667687459215,0.5587049230422579,0.21174123979415038,0.14412122359208612,0.5707243221370741,0.21867485158507607,0.1012416839570569,0.20367001416087088,0.3540547825812104,0.23485943555948252,0.08048359619710821,0.16009119186327675,0.4127203887310093,0.1576431321384298,0.45085993987130557,0.6497891026001379,0.5859505558742564,0.23596053503066886,0.22208933205776638,0.3702993606649794,0.17032978987778297,0.5130057133070316,0.24883208136815424,0.27919276382698155,0.2503101411276062,0.4833508687729956,0.23212549227490326,0.24079901619100721,0.06527305677834937,0.2954392856346009,0.21794660189361087,0.1306104092950407,0.20467107123498512,0.2935755292452939,0.5176339172985733,0.12859237717034236,0.2883969534183943,0.5685269426632202,0.5116674123977746,0.3646833672565239,0.19365893035602472
0.0838907866128093,0.055061395926688114,0.142208966547119,0.12424180732178954,0.05465944611758497,0.13397105827456243,0.346691232001992,0.18164417884778772,0.07628742398648025,0.49618289174497465,0.15521398641957856,0.05769103474576558,0.2157661117833567,0.25146482069586656,0.2180816851913289,0.08412643800789862,0.11349160032437662,0.3123372434931096,0.13552059032094724,0.40395514626984025,0.5681868230705984,0.5043755222117169,0.17158117960962593,0.21607145609060435,0.3195889269568736,0.15025709955459093,0.5124728113119816,0.14895001202666272,0.2960452857985395,0.1712486127332191,0.43636636976564896,0.1751474849840125,0.30883395592900864,0.056125264475770084,0.2618058483874796,0.20264546450122745,0.09895147910587035,0.1021162880675155,0.23747703792553834,0.3467439796772276,0.1031294318437849,0.28429447331159585,0.3791668599201529,0.4553020737538005,0.2641204023937045,0.17825789626491303
0.01820991817989605,0.03247702981041034,0.09262272505531773,0.20612842291050226,0.05370597927125123,0.12633766150384565,0.32096645597107876,0.14150463326750626,0.005770703356372479,0.392432234013931,0.12414614785500855,0.03369097124256867,0.1767564817121709,0.22827322200249678,0.19969039453798024,0.0534533355469488,0.0822908281997724,0.2756584690539579,0.13290171390787434,0.3316445323513947,0.4866341206079372,0.4032219645071451,0.08887045127357,0.20400387373972256,0.30605652758620644,0.12258708815312395,0.41558420075377833,0.16664365843110848,0.2295867199821449,0.19354720019719657,0.3708874157174781,0.13651470686008185,0.29453599713844913,0.029147322875181934,0.17858002111673166,0.12332099799631348,0.0416755486404988,0.13703357111606423,0.1465470445297488,0.2797623686445906,0.0515040146653823,0.19949077007958588,0.29039009790874115,0.3375504508297301,0.1727759151925508,0.09326284355370026
0.0357306010869764,0.04643062562945535,0.11481623373110673,0.12956842452703343,0.021224745162306886,0.1335106142801725,0.1954990785524112,0.09045332660030792,0.045179822589933076,0.3622107921670897,0.12079447553792441,0.023107046730288912,0.17890381029705557,0.18098593115300354,0.15814554715173437,0.05306535636336932,0.0786640062956899,0.28336986536603126,0.08679977514791033,0.33047099072155905,0.4072320625557207,0.24710872162343542,0.08418677074379975,0.18632710863791035,0.29048559734754775,0.10182549999012273,0.3515340244878406,0.1344779476406646,0.26757075730463387,0.1523932003764276,0.3497489372522525,0.151855771254008,0.16375852050039205,0.03721489980076978,0.13453535510616127,0.125650706316714,0.040281360347548395,0.18404062578921615,0.12162575552515731,0.2683828025218791,0.09251730938197034,0.1516907297304117,0.239159672963301,0.29440924881937747,0.16109233090693834,0.10785228815631737
0.02385416312402663,0.03654683297333905,0.10009341851631622,0.1430463821440751,0.04233856253375097,0.10295182775798245,0.13282419053243646,0.11679058299287501,0.014360929985057412,0.27883101444741254,0.10331418244799392,0.0319190666697885,0.17434445034401802,0.2113296879529411,0.17687860539975464,0.07802076158697085,0.06053031081217296,0.31493726222914525,0.10259855001154172,0.35496464133778793,0.38832847394835146,0.1766855339694819,0.0601334500084042,0.1919460583064876,0.28224133491811704,0.12123224477113821,0.3827739875120717,0.13355881270464767,0.2787582742928919,0.1419269589503739,0.35074156371640686,0.10508275642217202,0.14528687309740307,0.02528310170044513,0.1434917564062721,0.16329714154795488,0.08798507988665774,0.10952581532116916,0.17965827281957783,0.1882778983262619,0.06147800252692475,0.21499241971348187,0.26611061924690915,0.20445594211221,0.22056988123900273,0.14684075224846346
0.04820755507168323,0.04830201965481459,0.12124503755847797,0.09783215197088939,0.024030454253130357,0.12531219518591072,0.17072951301066563,0.14656259554112225,0.010365633432970728,0.32454639305292005,0.10880128943409079,0.05515564832973651,0.1537387961420232,0.19682383394834418,0.11980190010091017,0.08205097005743214,0.0780998422611052,0.3589123491591268,0.1169250274256998,0.32875354959222136,0.4596363784101779,0.22599465950421352,0.09816855731853438,0.20411305535084073,0.2985528675425641,0.0980958592054187,0.2658310404209445,0.14833369719614314,0.2689907983720179,0.14830344551880648,0.3553882310114406,0.1456882249878048,0.17393654120824048,0.05509334176974766,0.12646668980968057,0.16471559487308962,0.0982169307159785,0.0642324273468942,0.15536472710781632,0.24975670514487097,0.055531233285896826,0.18197652667673292,0.2916828295013335,0.20422494814059924,0.2387889418977055,0.15935821913199003
0.03908947255169788,0.10048901144305505,0.20070469022497323,0.32677831903118343,0.20055029985516376,0.2715350360737255,0.19614537307963295,0.13773942991274818,0.12939976653272534,0.37742807152844987,0.20569008943273032,0.13226586414855435,0.18427684210379633,0.27298337959565033,0.17046376988308223,0.11359839492026713,0.14911377761192682,0.44221253399990207,0.16373291641956425,0.2560229992274574,0.5850205327668089,0.28350935177215547,0.2328515012308688,0.3063822139377425,0.42043250034610086,0.20857158457834046,0.34732819214529276,0.302860574216005,0.2991782187017322,0.2246424687131471,0.4554459837951126,0.20900574494539198,0.14723498215616368,0.04745974535876665,0.21211458990382076,0.24310357237831753,0.09853471007607861,0.11776084650215589,0.2676036500086174,0.36104282159724654,0.06564405942650864,0.3723373701144544,0.3317238962166952,0.3477159640425723,0.30005997511476235,0.1680171760498378
0.11520291410883089,0.10630109670588112,0.38066751760618833,0.39449743595912984,0.6795674378627975,0.4645984330206242,0.3225431484651698,0.29896981519562327,0.08554226342384055,0.45087936019115865,0.3669448447770468,0.2934046221998809,0.30820550809986946,0.3986063182016733,0.2993658136006078,0.17734914983701702,0.2816721258738476,0.611162782061622,0.272699353270768,0.20984926023073347,0.5445751158652057,0.5163194325323843,0.44000156363553455,0.34269722366713545,0.43914379028590383,0.31459939307544743,0.39433136853393036,0.41077980517751234,0.4253421275132203,0.3418823035457637,0.5622499441631348,0.4707403128479637,0.19005759329605307,0.11826967081669389,0.3338315645718984,0.36135754936483294,0.20385190929691693,0.25117218939290187,0.319267758579097,0.6272839325636617,0.14824864277869518,0.6265478544739833,0.43612106534255207,0.4586800277890296,0.4143514488636007,0.19488733663899904
0.14178234865218659,0.19904551842321136,0.7260899034170073,0.7193121026709796,0.6696050953400721,0.6521028667146154,0.47814844333960455,0.4312970759993095,0.241587968000511,0.43259516405410386,0.4307463000824211,0.5507887237349764,0.4432323899046301,0.44290037254566084,0.3737035331722524,0.32102424754547176,0.42336174268013355,0.7031175217158925,0.36450808370497384,0.3024544169326763,0.680816069588349,0.637998756034257,0.5781793177648217,0.46609586946254355,0.5018707620522295,0.46561127387240386,0.35623827400524277,0.5000891653829487,0.5575151460993321,0.4848643345749819,0.6600073744315103,0.6302791155763233,0.37509690562882037,0.18561163911661205,0.5336623897024644,0.6520065112243778,0.30779522495427825,0.48060696158443866,0.3520636462152295,0.7239749635898852,0.15915948919358835,0.7181399651774383,0.4735564583305142,0.5982722547956005,0.518528772152041,0.16717543251496378
0.21637074146218074,0.22671521418696822,0.8862446987708649,0.6404660251177127,0.882506452210239,0.6916973647650907,0.5430036464212612,0.4855448429710938,0.28082967249004154,0.4646029985219704,0.5443807530902263,0.6709021102937432,0.47475243059346156,0.5005466904016735,0.45208172807748226,0.34638998328473003,0.5631889805479784,0.776283575374784,0.3572903969507084,0.3333573535103018,0.6566487950970722,0.6065434021687759,0.5002558883085626,0.5223040021761672,0.48111972988950535,0.6397547492803065,0.42845614269703414,0.5753586466346695,0.5259749376750218,0.5378046040959581,0.6364447375468602,0.7609797464672508,0.5365775330995116,0.29187138227697096,0.6825727935943711,0.772733262522539,0.3608982838594985,0.47231940000835965,0.490397738720976,0.809646620772619,0.22462751032485678,0.8079038851876241,0.48102799833432364,0.511251024958192,0.535049706095986,0.17104320373816526
0.26813089974073057,0.24407151455895118,0.8837765559321553,0.7088645882345741,0.8030609332896769,0.7911552759127901,0.5890540343714867,0.5087452470201037,0.36458304244227585,0.47391054996702453,0.6754069509107626,0.7091992292428189,0.5476866022320791,0.5259912671676674,0.45359050351028257,0.42011343842470183,0.6094907586502537,0.7544932034473807,0.5481966470269471,0.37381689600951,0.6441743267099257,0.6136158422012524,0.5261336630860758,0.5596438239766149,0.4940581230142893,0.8775572814172383,0.44530029128878285,0.6768514252407495,0.6728740119756718,0.6577708646195183,0.710744139742609,0.7995091552690562,0.6084297225567469,0.3801197221749036,0.7736133270706239,0.7813751557732479,0.42575234055275,0.42400435155302435,0.49624855358079784,0.8436573103218908,0.2692847126316081,0.6920744912989412,0.5274476404233144,0.581714827043352,0.5345584818613693,0.20978646872937556
0.3550710711044972,0.26661122157659356,0.7296854606769015,0.5445877803938691,0.9829841114081214,0.8274046802161753,0.6012988525305384,0.5475348751721653,0.29459139532195355,0.5303353445953095,0.6933316884787168,0.6762252987467374,0.5037782040089128,0.5731490979111086,0.5376217113865936,0.40154888836629393,0.7460842953543487,0.7208039055665904,0.5064849637830249,0.3283746553517891,0.7365533861536568,0.5857721384652455,0.5209929344717984,0.497848539025034,0.6112855765532196,0.8681675896946368,0.3043813263232795,0.5229081578613182,0.7858489725514871,0.6960744094544652,0.7521045246884983,0.6967590317808402,0.5886376180981496,0.29342319521678933,0.8396889014303669,0.5327058165183256,0.39323679238987497,0.5544106984012244,0.5917560570867662,0.7673034936224257,0.43705378343064716,0.7099814120499445,0.5576815857602062,0.6106956473053666,0.6036678900806313,0.2616998354397992
0.445802447368209,0.23704435548685363,0.6905781349505582,0.5201926133489227,0.9999999999999999,0.9161154687723801,0.7057052827277747,0.6719330205110365,0.3535513537248575,0.5067721605420099,0.7789617724519214,0.5231403183505635,0.563715886401891,0.6928942768830298,0.5402538426350321,0.3986388444868367,0.6834103887920843,0.6970099172434704,0.582714506700187,0.36612778988631434,0.7405236798937636,0.61016520180076,0.6097795063243492,0.5228199683205025,0.5859802815823525,0.7509859027449461,0.5434780052581852,0.6419809861470216,0.7091751876683388,0.6941617927122016,0.643327052074231,0.6325573806189877,0.5932829728596274,0.34761982492899995,0.8143173369545534,0.3842993769043082,0.44009773379746997,0.33300182713535253,0.6400199501547937,0.7970585253787249,0.5388220162276078,0.7861220919163364,0.7027229349556697,0.6085432021777049,0.5935269332933669,0.10066409182574246
0.442724843678017,0.21984973802571325,0.6248887467917126,0.4349454880371132,0.8846995074579735,0.8081175805976157,0.7642840392014266,0.6912277875616665,0.2932205995042429,0.543343878827674,0.7923151749697798,0.5376921745158129,0.6277709527402326,0.5889244643037443,0.5263394532106437,0.4409278609874571,0.7259795649469115,0.6953784009628099,0.5827403118606482,0.36356571676734045,0.7198623073814736,0.5711981606996781,0.5977510692514325,0.5243425811131925,0.5001007884167691,0.8075664547533147,0.3719488201434439,0.6838034517314621,0.6820800112540926,0.7709430509453062,0.7896499301161384,0.6156342328763071,0.6128964005113714,0.3660683387254827,0.8800425787813987,0.5510511770863739,0.3916420058799438,0.6169540270961409,0.6370909150517945,0.763076199302554,0.4345592467041921,0.7488493187103269,0.571173473094112,0.6376421834072185,0.5200628434872928,0.13041289566628736
0.4553969348833815,0.2633427542703565,0.6524599377687318,0.48086868520128573,0.7669322790962859,0.921253639698959,0.6869262899188362,0.6440180790205222,0.33937498941684024,0.5212740049339538,0.7937646306079699,0.507633064479159,0.5658166814484236,0.7106325782176925,0.5666394881178599,0.44082847261499575,0.7462883177540243,0.7228828517807533,0.6037754959350566,0.4166235922854861,0.6499775674649414,0.5248299184270868,0.6001493470125121,0.5911429730452911,0.49937589888045375,0.8240204832214583,0.29761805915052775,0.7144350046742423,0.7204635257600863,0.8200552475696035,0.7739871450480537,0.6510594629659872,0.8061059370269753,0.40689224487109404,0.9443670257449848,0.5166244051805656,0.4904081733212621,0.6202497972864883,0.6707295738473771,0.8346245736414176,0.4105438065590438,0.6268464088226112,0.5183235528108255,0.6207906217601857,0.48961290785526523,0.08856807463974609
0.4243132762559702,0.2441782988077388,0.6429948973393793,0.5117528747213039,0.8953133633012011,0.9138372800300597,0.6499419803239537,0.6169123290968362,0.37470307094146066,0.5056487484431605,0.7110263030630791,0.5346587872863977,0.6002441545259599,0.6827856842231196,0.5542677585707542,0.4202052748767657,0.6264524277114366,0.6179431330056311,0.6615618142594488,0.4300481761678735,0.7199967922168619,0.6321165662306362,0.635289969105721,0.6157815824383333,0.4885902577804795,0.8572214657525136,0.286103783524793,0.7149606694077216,0.7606273287833148,0.8274465298283976,0.6425845369623259,0.6154140798390666,0.661505841509552,0.4338173888764937,0.7734000942496555,0.5382286376174045,0.5342312903948851,0.656996885906806,0.6215528993566087,0.9252900890884742,0.4459166483027936,0.6191340657154653,0.5369424003629787,0.6212574204590803,0.4878401157622292,0.14520818082092418
0.4892962023228205,0.274415051790784,0.6097519493554996,0.49184344420592535,0.7586915827945646,0.8522573785869308,0.6961780805028946,0.6489347258944749,0.5966661977374541,0.5671658155972124,0.7354141256327696,0.5243567395847128,0.6489708099236866,0.6906391477737933,0.5797495906917471,0.3605597516463998,0.6312941230930782,0.6678493779081756,0.5937189891704947,0.40748359553186475,0.7800118941714826,0.5889443036103895,0.7322592259094414,0.6250238179865748,0.5436738635804242,0.7797065422090366,0.39878741617152247,0.5922778689472904,0.6913528854350912,0.7295493317011678,0.6706878578539786,0.6595283313609953,0.7374806617236874,0.4421163273050327,0.6581495422200941,0.48408728651983185,0.622502429477574,0.5459373260198628,0.6861392739889586,0.8601425040277914,0.42798566621198236,0.8567328701099965,0.5460237478036104,0.781125408198276,0.5211295712398625,0.13256952234904235
0.5935922009365585,0.20752972323089944,0.452415115208305,0.44186863131799625,0.4007394525521045,0.8300764854243572,0.6548740949047742,0.5421966732989744,0.7196627825100274,0.7474127946802898,0.6868679090537875,0.32836165374244064,0.7118843230157208,0.5814595952552959,0.8725732580164851,0.2663230801279836,0.53787609630557,0.777945650477794,0.6717740808846866,0.5447633378622764,0.7349511501772962,0.4992550021511111,0.7849914003026877,0.6082890198219102,0.6236328626677748,0.6802313880168533,0.39512932180369903,0.4837531411890925,0.7235036248286252,0.8037946155629261,0.5853557662239647,0.6370152170040627,0.7523819173628439,0.24716836517702223,0.49496333459289793,0.38677895185244104,0.6153442829096702,0.6952333413749192,0.7299026299630569,0.9023206917469422,0.6965556532418604,0.8814278000827592,0.7573230998250848,0.81961222525091,0.646098695979264,0.16284962268922948
0.7806790772723147,0.2686212731063278,0.33667367298369644,0.40786407468023944,0.2737883313627981,0.773120153958556,0.5758762175676857,0.5723594224326034,0.7479337414120172,0.8527157810264695,0.6658493387260138,0.33549865469941026,0.8447722680033877,0.5631605021973636,0.8815774626188635,0.29767741156140676,0.5390896611645614,0.7266444364464499,0.8150734058428825,0.703839615899732,0.823938008298689,0.7612572279514898,0.6362667676709325,0.5184708644086542,0.8026946262340114,0.742054518226833,0.3778723128367898,0.44938645694851354,0.6695721005510568,0.8491873409260264,0.5891254789979478,0.6411059141001548,0.6960799212072393,0.19328823385504498,0.49482031828468415,0.26247254184464075,0.45120615622447946,0.5210752559026336,0.833540033837927,0.9123161754206501,0.6364737559761524,0.7573468157733483,0.7919354202000669,0.8261052579024227,0.7101230921285694,0.1996532965838309
0.7073675269912219,0.3072036463932365,0.38260932583580065,0.35998084753542187,0.1829940486316831,0.7829880573474683,0.8155100693153032,0.7816746084181049,0.7502834059663033,0.9078241331818099,0.8260867166626498,0.3396357563163122,0.8984998617172216,0.653094657619668,0.7907628997636805,0.27597558362574026,0.5321306528515165,0.8373006478207399,0.787012339098867,0.8406645358114918,0.8306443168794635,0.7558800384903106,0.618906641058078,0.5274587337328095,0.982552101941356,0.7632738453735518,0.49760726528237237,0.4849779016408784,0.7674185687160903,0.9999999999999999,0.5601657805385686,0.6897274827473182,0.6265322812688526,0.29288170242497735,0.6137702225041175,0.3530864522244022,0.5486112214997247,0.4845220253251877,0.8612962469415517,0.8848802860331583,0.5419905929670505,0.8318051530231388,0.8406692473748446,0.7971629828657456,0.6537240349957549,0.21365258223937172
0.5771585025373798,0.33096194398446904,0.3818726323399646,0.5126817658205639,0.2000026227229727,0.6892367035176256,0.8655299171736496,0.6577325201250381,0.4454980141367756,0.9499836510648791,0.8082178784167786,0.3315225340602737,0.8851779190717992,0.737127542122743,0.5951806133835761,0.22288636285297916,0.6160633820294024,0.8694346461783495,0.6789952635372575,0.8799525465612433,0.8367914578574133,0.8095260282009467,0.5208541394903977,0.45904592199817273,0.8442172283411137,0.5869311566681641,0.5097185435440883,0.4469897570917918,0.7128424921975332,0.9084648100854459,0.6947473590720464,0.6698360783500326,0.5769444817314433,0.2745210001344865,0.5992178714725821,0.34222061219275507,0.49048268723041843,0.7127744407782769,0.7320136247186442,0.9373244662323421,0.4269583691690966,0.7594458156808936,0.6785907851437265,0.7770888931056781,0.5850539586959489,0.24798265181980944
0.37924661303283297,0.16207600987429233,0.3389868923169743,0.4592783577821686,0.16527906086422903,0.5748401237901185,1.0,0.5079545749382621,0.35471946500472734,0.8786137176417372,0.5837305556468267,0.25619380591027396,0.5452077572740895,0.6361464431556726,0.3583578060372334,0.1549020672263038,0.5528856402496616,0.7302665196186064,0.48055093582850394,0.7831992102625512,0.9465275967921564,0.8583567647604486,0.3927570373672262,0.43468031421499354,0.7550308193921604,0.4651069460557159,0.55324642910262,0.44082291828496545,0.47939804866722935,0.5194410525456935,0.7905904302458155,0.5259148620692957,0.6503971753996742,0.18924785365798186,0.4684721305914003,0.4124781007689194,0.3436603226367486,0.6797777544877844,0.5739880096644522,0.8943805269242812,0.32821450252344464,0.5987098380271666,0.5863930551383933,0.6680788150605543,0.5297587966037739,0.2382648892938844
0.21852211667814614,0.12474617126163318,0.29194824389978535,0.4377212219113667,0.14490126381176133,0.38876052316037313,0.7729917446181397,0.40493193735798055,0.26574270172497927,0.8845605502977832,0.38726893974877785,0.17523773876967738,0.4090790475780072,0.5057206907284144,0.3574158239167116,0.11800199315363552,0.35925541396880667,0.6747678464397506,0.4660140698971398,0.6380745373727609,0.7723611562511711,0.7968484347586325,0.2994624851735658,0.3869379105725429,0.6974842777542423,0.3697600587191309,0.5050855489433368,0.3341613724032696,0.38948448433569927,0.32813429921051773,0.7178824710122225,0.4480056298572981,0.5053234441061187,0.10165672669432627,0.4177678375039016,0.41132448593304355,0.29792487015992797,0.6648117001429004,0.5113663209606877,0.8098132666951628,0.2799882915697657,0.5017092098531059,0.5555365096258946,0.6844624295025149,0.4831515966691309,0.17647595280087117
0.18868161858603183,0.06080146999630261,0.25711286327039384,0.3477232052422047,0.1084926138358023,0.25722648773927725,0.6125152688587329,0.28929582487130573,0.25642309036038485,0.792051609421268,0.2977589615469857,0.11332746758757617,0.3715347290201239,0.4110133367505208,0.3418866925194882,0.13238419299800663,0.2281159870913699,0.4394773203695266,0.42844417529541895,0.5408792843096735,0.6239625717781813,0.7483511312095257,0.23450805785885595,0.3004927063261154,0.5321222877030023,0.251180205692946,0.5956001720315615,0.30378628274651664,0.38034116249494754,0.38176044385292823,0.5612152787012318,0.32129462015969706,0.42025410867671564,0.10996379324157639,0.3443824668389984,0.273759264880598,0.27603382023993217,0.3311736063805886,0.49737049701322084,0.7196108047686891,0.19287193570760816,0.3968336473919892,0.5075592805395268,0.6021288888259739,0.4545122275779066,0.139816840787972
0.1272513972973844,0.0534827572316377,0.18790357469174795,0.23868374019768535,0.09819681752506124,0.2069093591154924,0.46924836937608866,0.2551381685883452,0.20624519005487002,0.6862251083763605,0.29651993415329875,0.09656773561116364,0.3330697226423105,0.3169479408762688,0.2676794179744285,0.09914842477048252,0.14351579796426106,0.41932652284149596,0.3003005661664266,0.4583438626012327,0.5278208001660746,0.7156479443480573,0.17163461689637147,0.2463576773289193,0.4490623688961141,0.20482681907539263,0.554283662602695,0.23107757887331828,0.29898086375973787,0.3327691651625637,0.49881758984605007,0.3258492127417335,0.314694997498164,0.050533057098647985,0.2766190283895961,0.2884627777956259,0.23215838392120283,0.2557081217424852,0.3835905832421267,0.6124752847366116,0.14818292037154626,0.3073433049150464,0.5271394655082201,0.4822317443231052,0.3825093961298544,0.07036923659968491
0.2200239655075953,0.06838978833414631,0.15280066683486565,0.1854362175632857,0.09580052212529197,0.1635973278944046,0.3452941349083107,0.20337699608696755,0.1860179245137514,0.525747909909014,0.1664544748736037,0.09240432542256419,0.2301574136534811,0.22530229266813157,0.22397485189042776,0.07147786139857959,0.17549179658824984,0.4307401485434309,0.20919268131509636,0.38457673409290805,0.42950275479220984,0.47424752182351043,0.13807354949933104,0.23413031393521253,0.406015623529706,0.16567681210855717,0.5212349050548966,0.20055829481682133,0.2948210437669606,0.23648197629278045,0.41616541516156025,0.28421403438235193,0.3364429074105648,0.05144830073301282,0.240910972443581,0.1964625110795209,0.10985029625817813,0.14035518037171024,0.30861405725135954,0.44234247700770885,0.1084829992396528,0.27137599042472677,0.4145160055200789,0.47703972366084113,0.2985164546702822,0.10084298500790118
0.09281074576634603,0.04684989964732196,0.09550130330567087,0.14981195909613143,0.10310713864774318,0.1312283011764245,0.2545847169182448,0.17331632323727608,0.17206931097160955,0.47598799599759534,0.17497222700917042,0.07765563398317663,0.17313560314278648,0.15919652754131328,0.19292697272810855,0.05949044619943387,0.11617009985280428,0.37928276004344874,0.2395987942220585,0.3295835239448187,0.35606662607921946,0.2710984353923839,0.07499963722297527,0.19331468877902214,0.3659583422123195,0.12904969698830981,0.5244926554189125,0.11188932167406951,0.20919884973344882,0.17104503803448493,0.3512767354416883,0.24455587190533112,0.2276405950600229,0.06821585264074984,0.1698746044898921,0.1628072587413819,0.10995391299183616,0.003346731036120279,0.25324842083729493,0.33547918113055714,0.09424740663249453,0.18660283490907875,0.3571054742206739,0.3617548662800091,0.20226237125345553,0.04256826928149209
0.07958792081066503,0.05328083943112656,0.11366831624494668,0.1617406164377107,0.06418507597127508,0.16749328704727093,0.2057411122149533,0.11212931135521528,0.14638966607598464,0.4238408905955221,0.1357254120536807,0.0763569713915194,0.14944551914226378,0.16316298474540028,0.13844213682208995,0.03802243032680896,0.08549302131514784,0.3062716983674765,0.11525775189976661,0.3000989216405768,0.3440291367041307,0.2409777841775775,0.06828776398811122,0.21543364704719262,0.3043057295949677,0.07105451644965864,0.3160041358875136,0.11259953609634932,0.1483748846949383,0.14990076061419347,0.30299407220457375,0.1491835918246398,0.1453361706797194,0.062090364685000635,0.14110995870594495,0.14008313852633147,0.03479434740043788,0.0963285427520771,0.17959704227580883,0.39142382827884714,0.054279269284034266,0.12372518511840672,0.2509437941884788,0.33728328785988604,0.19463440099752802,0.04640995086092046
0.08673601274213648,0.054375168232819585,0.08758157647959815,0.14056614005054557,0.05350296470877784,0.18609149066492814,0.22337799174470765,0.09500330895461304,0.1209914832864927,0.3771341403762157,0.09710878029928713,0.06346890306354164,0.20996703345371337,0.11918242137796362,0.1370594446187423,0.06136577425507104,0.0695144062362627,0.32616267812229066,0.1348509472066072,0.30120057366317415,0.32843089162035066,0.15746605779425027,0.06201365676924718,0.224046736786607,0.3546356518577276,0.08397901557081267,0.39424877803191516,0.10408907921904494,0.175070428795749,0.18030944361434942,0.32887373234006395,0.19729603778206045,0.1826666778756912,0.05458925700099038,0.14356431652580737,0.16196582289259392,0.04100690986108568,0.14496720408391395,0.19988412197460417,0.27122062552785003,0.04324848315709421,0.19167330277009453,0.22228692144294654,0.29552345961901494,0.1870393781250026,0.03879364467687595
0.06645463407899904,0.0562856554972201,0.13007465862455947,0.13441678265879636,0.09187850817144205,0.16659155016048258,0.22133330249486097,0.13417703961837887,0.11421402404254641,0.4075643442078375,0.1103888017478376,0.0862748389523357,0.20282385347061463,0.16720139629534778,0.181589639333895,0.061809657756792126,0.07242534254274001,0.3895972426758486,0.07581262006907212,0.31389490819416954,0.3809226490479323,0.16521376944795943,0.0947752055342291,0.24073828576292552,0.35475004045398884,0.08415630749551098,0.4049484853410702,0.12789219187288725,0.21723725602536262,0.16390970461564444,0.3109725696743964,0.20473353954031173,0.1611108210644476,0.037371612397898823,0.17625146615008913,0.16692372174693698,0.035264551189191515,0.0901251809270394,0.18296937946538358,0.33697720703383777,0.07135000728154661,0.22478840947588108,0.2372037305748517,0.30540227875697323,0.20060947337139715,0.062111639432620845
0.10144775270605151,0.05626269009207985,0.1380002922266248,0.21355730869335027,0.23705002009323586,0.2761811201054798,0.30237081904871166,0.17964015964621485,0.14422730334828726,0.46420933087477906,0.206735780711919,0.14877235153866714,0.2304759477450445,0.1789812289404186,0.196033757196882,0.09579056071469569,0.1426582830527825,0.46454794921701853,0.15415428774329684,0.28549226648277937,0.49482458123018336,0.26668342420836083,0.21518278772476881,0.3151558212618,0.4227333581869677,0.13775446945853098,0.4977874847880694,0.3026736179823426,0.23164377085864699,0.22939706341717137,0.39204285394872246,0.2723327772019387,0.19049259224769205,0.0471318101955468,0.2542101780338968,0.19890729533733792,0.1371409632445008,0.21976586099354534,0.30705279029056404,0.4631996046768011,0.09808076378880726,0.30330521378544556,0.2778808549417567,0.4574398339827669,0.31963001520941775,0.06966495765115102
0.09866166981324177,0.10686093681999696,0.40476697773111886,0.4886015550012302,0.5083348274656506,0.40305625072933504,0.35858864569728804,0.2936009436793086,0.14495170607609772,0.5387240198480672,0.3303987378250924,0.27858810717800164,0.32611928021832093,0.34773461472846856,0.2840607175645461,0.16949744338867007,0.22580233958135043,0.5563513490431301,0.2398080129306367,0.1864479437366043,0.5993328602757425,0.5375185657375073,0.372865281280352,0.3846692976660563,0.3837133229246586,0.2673316154063341,0.5087198529613691,0.45193873015103236,0.293897472353981,0.33847150475977245,0.41968543405312597,0.4092585718806228,0.24516032023309567,0.06540768188774744,0.3526443301120083,0.37151954404477944,0.1997955933563982,0.21327231656783446,0.3271518661904487,0.6212386505229279,0.1337121584967682,0.5585392471291197,0.38196462175728785,0.5285667697764572,0.41840755402713603,0.12915629533600875
0.1182006983298023,0.19647970416637942,0.7372791517099974,0.6402634923148603,0.6040930374053021,0.5455137626875012,0.47215215661454873,0.44049004858119317,0.19881019041651266,0.5765055835344761,0.40813948935179395,0.5319215222282265,0.4711847963143308,0.5569739360629615,0.3618110935383684,0.29187507690038367,0.3670019740247775,0.6344873074016772,0.2222743042592501,0.25961088960271256,0.6655722503288196,0.7032609593827794,0.5337316476396315,0.49187597963817553,0.503237615985249,0.36394668880045145,0.4060807351317543,0.44672968722535944,0.4237450860118186,0.4718172037845838,0.6003378710443456,0.6042423963142208,0.4362779665527854,0.19641674499492842,0.5528107207879356,0.7311211633313666,0.2877735097165057,0.26545231965101984,0.37736452073197946,0.8299062444116723,0.2066956289441612,0.7069744142128636,0.443243688682017,0.626875291130576,0.5101715716492888,0.13847128728924796
0.2269414212704116,0.23877007793014546,0.9784766162950308,0.6624486595283628,0.7987355653992839,0.6358001110830466,0.6007353338660495,0.46363672183359284,0.25555578425991243,0.5877653943558064,0.5228370998292379,0.6942630346700768,0.5424751463785836,0.4635163219421539,0.43461739128863797,0.36486409901335226,0.5026867640231197,0.7356912906869514,0.2528564627018859,0.3481716239968719,0.6608158875935659,0.6969458804891487,0.5423718624173596,0.5266396547562578,0.523596021455421,0.5069383032697651,0.3577839574735671,0.6331426858021036,0.5920793022363817,0.5449890849726166,0.6665660756154866,0.6459065701674239,0.631120527180637,0.20537770223587584,0.621861617870118,0.7954048858300107,0.3517053946782842,0.3008047703302713,0.4463840539744363,0.8574106312288943,0.2653661479063657,0.7390224706726,0.4679414099363032,0.6211275091614321,0.5491109768777497,0.08460636235868574
0.3092946556319419,0.22536419581987044,0.9817431732719616,0.7161389059736114,0.7446820919544866,0.6707653592295668,0.5712397649165084,0.49454369777601626,0.3136870140276406,0.6022291157065891,0.6367454112063969,0.7909523259681449,0.5655615347054663,0.5167667527246179,0.4555122075709618,0.3513549217906599,0.5661107614160781,0.8690542734024554,0.3520145484763628,0.327785980316992,0.6726587341492749,0.6350883556099312,0.4707708587456464,0.6360431702152319,0.5609688805526301,0.5200229053849859,0.2545072323128917,0.7134814446748171,0.63936994467268,0.6441904955544205,0.7301879274923428,0.7597395313947265,0.6137378600881417,0.20884283345458154,0.6426226619961355,0.8551580255080069,0.2865767241003879,0.36230220970435933,0.5029340810916951,0.8742654383554453,0.2807119750171391,0.6158147988421071,0.4850958204717757,0.576886368382289,0.5221144486465598,0.09238335063850267
0.40103773099010753,0.23598277807456167,0.7712195829960733,0.41902028783920187,0.8099158922883237,0.6975994645620038,0.6048165516663467,0.5645568477674194,0.364639092879601,0.632910107395283,0.7225231090272611,0.699477399160722,0.5714032668147582,0.5427328446832167,0.5213249007085562,0.3277162789618023,0.6046544853273755,0.805735647803658,0.4501954331123404,0.4057511772410361,0.6619303619808872,0.5981121762552724,0.46130968922024174,0.521439388590171,0.5991733618178545,0.6827486480913485,0.31477503448909283,0.588243945635904,0.6926050659221707,0.6350653555003689,0.7441384914559674,0.729840430427581,0.6130668877501747,0.2352746292126645,0.6689920317139137,0.7413818758532986,0.2918220515443928,0.36776988189256987,0.5685737732581493,0.8263142112146383,0.4097029512949435,0.643244540474148,0.5948990731183981,0.666735024440994,0.6008250545816625,0.08506822700643532
0.4822610681503183,0.2304477726610539,0.5661056973205675,0.4679327908746777,0.6647947828877148,0.7784406510963767,0.642707796241298,0.7203980457889575,0.34918338553495265,0.6146597657963735,0.7760715820395306,0.4524164529006161,0.649441739107973,0.6316869015012206,0.5886348512917304,0.3497893231458405,0.6786760874893363,0.5955307417874393,0.5753190060671782,0.39901776975748166,0.7494877938118565,0.5615718380451272,0.534857587101024,0.5507684875445453,0.6162760779152401,0.6366011569992415,0.5153655600349184,0.6071156844672423,0.6668464592789003,0.6684804291818226,0.7791131008136115,0.6682105465666708,0.6396869963621553,0.24690409046639444,0.7519848375529632,0.45280200643381546,0.31104615223706933,0.45805161120376675,0.6710686640756571,0.865701093354594,0.5123991045060656,0.7317562196607343,0.6185206073417742,0.7077737221425753,0.6763331113912476,0.12169971388903442
0.42237734490975287,0.21643306270217563,0.6724185076712236,0.5465277905030969,0.7678738876979857,0.7520711728417804,0.9627087882084262,0.7760178462832574,0.29920836102130177,0.661548983252259,0.7585151706251066,0.46288411916752953,0.5577486264775946,0.6146275603624528,0.5312616113043546,0.37283799830498826,0.6462770967258382,0.5943065193074988,0.520659089341301,0.4820081978142869,0.6777027592163222,0.4706847174023047,0.5357025811779125,0.6517669849002191,0.5130631570318492,0.7779040578854332,0.5188720764142476,0.6521907528524408,0.6468267927359519,0.7337479440686312,0.7316915441930184,0.6234425514327683,0.5744613907872945,0.2935013050067208,0.8990905569399424,0.5678346640147417,0.36596678988368814,0.5359042662161713,0.489990522053013,0.7966700601307304,0.4546129328317863,0.7793812029265026,0.6093668621228903,0.684810221614766,0.6142124900135167,0.08328036579329925
0.471269648614941,0.30260612558461336,0.6774570489930206,0.4848973478251742,0.8127082006806409,0.7787946008961062,0.9142219288780544,0.6744613576461479,0.3072460408504613,0.6028635076726734,0.7251923653623582,0.5466382712672455,0.6863220970587267,0.677048598231864,0.590242925885873,0.3571837482179339,0.7061857569707906,0.6387549402929454,0.4808182491675528,0.4836358899162862,0.7523454919554244,0.4835019069530864,0.5709861096540558,0.7014510903619484,0.5487999385442313,0.6928890764934569,0.35581985407825156,0.678088961520219,0.7182209356153355,0.7754322491248518,0.8265835663286542,0.6725006752990904,0.618883016020677,0.3257005072323576,0.7625654395059293,0.6451801889863318,0.3405637091315725,0.640579487810289,0.5050001005358634,0.8701144475456297,0.44081826743395214,0.7608734158583097,0.5926141653847422,0.6715387565503417,0.5515142668741502,0.1194490352872383
0.39222502076685317,0.2793059558029239,0.6889049451703169,0.5407422105070324,0.7505042292521202,0.7551477121557225,0.7238734620079813,0.6371481322956786,0.3478577886864397,0.5729804790210369,0.7217815381204814,0.5154723886176094,0.7652252567219314,0.5876613401535862,0.5181259339203824,0.3426044413827157,0.6837144949227701,0.7235631341160951,0.6578206179096276,0.43940295854957706,0.6799875375890025,0.6030860450959497,0.6206982040969031,0.6866779025730642,0.5462316339516453,0.7780779007653004,0.5001466071904852,0.6650322569929609,0.6775511228673892,0.7033273457693802,0.783695171629981,0.6002374468694016,0.7062963430480247,0.36951645402838657,0.7694595140848777,0.6096231335686781,0.39061820660425717,0.8785043259908528,0.5499140949016357,0.8810487837407797,0.3832023782998864,0.754377863489701,0.5750494316384447,0.6048430543567527,0.5511216022907515,0.19778752447569142
0.5132341357552248,0.23745382198731443,0.5557990192684467,0.5631347209455256,0.7206761349536851,0.773524303945599,0.6920954551201222,0.648638117366733,0.351934555102579,0.5808353035629885,0.7147596413287665,0.4466422549432421,0.6585775936727114,0.6304902098086307,0.5755873900133912,0.31931906742969,0.6620584751392138,0.8023110034685678,0.6107730225931561,0.44371926525048117,0.6745679831778365,0.5133114649242351,0.7210850926337168,0.6655931593226311,0.4915563284463277,0.8059466527316349,0.4380246771691705,0.63547660396183,0.6759607059679763,0.6425887036889535,0.7431294489523745,0.6443699868497262,0.778714603962333,0.24657429037964274,0.6111882411766963,0.4642932700680947,0.4289288044101478,0.6853151102962157,0.6006230274773053,0.8749595846365573,0.4264779694408304,0.6990113874859883,0.6006062730994356,0.8099824637893791,0.6204848809856669,0.11273157853001733
0.5114352383571268,0.17019225734826482,0.41711811182976477,0.3618543285241158,0.2940639629292163,0.7363551494678119,0.5382379154726761,0.4893242543364309,0.5854612149079995,0.6832164625106103,0.6530068467968568,0.31502929324019807,0.6361106997422524,0.5955168040019578,0.6406939706432373,0.222910220856712,0.5856931686472587,0.668395594860758,0.7163916153405718,0.5662163032322057,0.7366218331881139,0.5391449315481245,0.6843285293519831,0.5446665511264018,0.5799380311896131,0.6737129703556877,0.7907406339794231,0.4811487871454859,0.5596801484002012,0.5714931026464549,0.6551528592672322,0.643561982579277,0.7011647861358874,0.16262501453752187,0.4431478602752525,0.28722322969575764,0.3989829309224814,0.6951042816178873,0.6806911371741163,0.7098450911848357,0.570694277291816,0.6886015671037878,0.7133667797147686,0.6374265467348506,0.8107138829269182,0.17274501463726966
0.49164292006807014,0.20486602300366605,0.39543833605466067,0.32338751633927304,0.18261246030325476,0.6857557566225082,0.48894464982926905,0.5248156312223412,0.6207135214265532,0.8033417601642648,0.6375311545922957,0.26352166512061437,0.7165206466119637,0.6221719301322983,0.6988523409734347,0.24491571314740407,0.6186709059480504,0.7158127812983258,0.7751179040983197,0.7495906782249886,0.8359626942601166,0.6164246934371097,0.5803367840742727,0.46377002420794544,0.7363876069934886,0.7499166313546201,0.726504999355521,0.40521340891989677,0.551707719616819,0.6350156364370966,0.729003312597927,0.6089501384155699,0.6757523640524278,0.1864383068628422,0.4506970521908149,0.2623434416374471,0.32353589883039313,0.4527660374651152,0.7836523287994588,0.6604566316151038,0.5099484475605365,0.6976299196149417,0.7178498349764184,0.6536239033500856,0.8688227205387927,0.18389768620972186
0.4360582556598987,0.23902235489889342,0.4055270932204807,0.41334059418278685,0.24973836117616657,0.6994157155841169,0.5720411120545018,0.5803463227316769,0.7168511922238111,0.9017151351203379,0.5921806272370812,0.2320706215557736,0.6337387923025474,0.6234094803073084,0.7556997096683485,0.21546756921012403,0.6798150639779759,0.8955869142867058,0.8033584774254134,0.7951623960359663,0.8394738971134937,0.6946923103858892,0.531792409660583,0.5275824093463064,0.750590274047833,0.7699961445681964,0.7589402608459133,0.4250942229909742,0.6048833876414598,0.6688803676681462,0.7345539743871483,0.6925237689901778,0.6586289602655176,0.2306175875880816,0.4905653014681343,0.2708888781189761,0.38470395435376126,0.6522773855157806,0.7920887515873527,0.7607599845319056,0.41297380875034084,0.6928365536109494,0.7124345089088922,0.7375999161701114,0.7614846539862383,0.1469850989133885
0.2701599932268122,0.14145989816709506,0.4639036830447552,0.4530405136654209,0.19548831703222802,0.5288231535077341,0.5307138813287264,0.5035524445768749,0.46859169487684155,0.9427872297775396,0.5593028635878229,0.21370318512196504,0.6466044670876578,0.5690845087852874,0.5407124407478939,0.22698822143672956,0.5003777911797651,0.7955598608672945,0.7347579058917514,0.8110989202810502,0.9223904292531598,0.8053986632189222,0.447918523410171,0.47272753965337655,0.7862175788499216,0.583083885163607,0.7108087308595433,0.3756544060128366,0.5560142160430003,0.563490336146959,0.7744938855476787,0.5702086647536027,0.6316531802255245,0.21062909924447498,0.4475239742676945,0.3766275371899252,0.3534411518139434,0.6166997797765702,0.6287513417045645,0.8990833471890789,0.313440083359767,0.6353673737084365,0.5887792455225694,0.6647966678256177,0.6596934263307344,0.1336889968268122
0.20549917088495828,0.13104601475852073,0.4167484697882694,0.4564755729589857,0.07556214901698788,0.4468698381469424,0.6135076637780107,0.4381608661559779,0.399030570605833,0.9764672873174025,0.5130530764618486,0.1928065474963894,0.4861247274497825,0.5030880182716361,0.4476836609952572,0.1691097947608544,0.4271341515727199,0.7187906038761956,0.46496320922775447,0.731180344810979,0.9222547267556627,0.6528659767826002,0.33725848479735987,0.441550331605034,0.709891235815004,0.38278384762400947,0.6426698271590043,0.4066372684277255,0.45406578041279,0.40614642055351813,0.7362125417136591,0.42756062636126707,0.5348627984022233,0.1363943599597142,0.4100454992275109,0.3951193424511991,0.19967804260671504,0.3991770203161417,0.5881362525742907,0.7778179591956161,0.2257638018074648,0.5746807444367827,0.526228624386357,0.6835891907883203,0.5857124059786283,0.11334147595608665
0.1552202530764797,0.12951305160371465,0.38644795423435935,0.35626817580759224,0.17357623797289493,0.347416086346231,0.6073491161298653,0.34409036734605697,0.2755950088374671,0.8687486268244387,0.39621329543886635,0.12555890746229603,0.39142724071573537,0.4868946331250033,0.3423316392770307,0.11680315351821885,0.31352300452337606,0.715092576965332,0.3365252683899823,0.6333262147992244,0.7093223537061545,0.5485086328849698,0.25091542277918877,0.41623403261620284,0.6044965841659344,0.2738126849739691,0.7154690628366149,0.3060823216556233,0.3053068184747356,0.3062724380878415,0.7165796278351408,0.4196793826439351,0.41891759858635513,0.09201843129470612,0.3247786167051355,0.3656590788442683,0.1787502596772998,0.4652978312745834,0.5494558892407367,0.6723271444242018,0.16123745010277848,0.4213024644044491,0.5326136269700366,0.5462533400589183,0.4905263888918633,0.1373664954332033
0.08712329428994756,0.08301638507340113,0.30815441455473097,0.3425340534201549,0.07380368677940372,0.31142765525038524,0.5531553372339274,0.2715445108296895,0.1826607713885451,0.7138374733909718,0.36384725572057486,0.08470965786233325,0.266300956392463,0.42579641103201,0.3013578239389658,0.08466582047313259,0.18919268138218612,0.6412794834346448,0.21887626764045023,0.545013525867065,0.6024631486363179,0.590368723194789,0.22615406838400406,0.3165383784273389,0.45908492817199437,0.20434097791131006,0.5602373537849448,0.24605421097409344,0.27978548129578096,0.28896185608811337,0.5444760087174938,0.3611358245162039,0.3780859826332257,0.05426435764138811,0.2629427232446236,0.34341683108763005,0.15035442040881128,0.27297751562705175,0.4913097915152856,0.6645749120181419,0.09116298931840855,0.2961191372381675,0.41611612027048084,0.6060153722247577,0.4153855653243165,0.12029579122879816
0.11966603545231284,0.06006030409391992,0.20504967807045255,0.2562512144650893,0.03261083595950742,0.23928620954069596,0.4080348544986027,0.24313732299964316,0.1817738449458469,0.5885802472852353,0.256053660646852,0.0812593373084814,0.18225013656030903,0.31662625007791284,0.30353188886007054,0.08221412722895952,0.15941024001590148,0.4537671395622193,0.24938402893994405,0.4180573156855118,0.5871451897830505,0.5668830173684649,0.17058147865137951,0.28029405911867816,0.39364298677320986,0.19581723929605888,0.5668586241757544,0.2241008137418345,0.2824918126716589,0.22936545562048463,0.43845838822722377,0.2704967172381321,0.22968806446218284,0.045625510439829056,0.22470384411727706,0.22303861193963864,0.15514826398398224,0.17393819209449418,0.33359891178430684,0.5567801530969431,0.08973186383825696,0.2072863928396213,0.4219595051248999,0.4655280107489773,0.3763355128833649,0.1357994863412398
0.08273129513467735,0.0355377383882637,0.1248572324898189,0.20629967635401647,0.05318877847442739,0.18957354712487254,0.33129370994218205,0.19206099240621596,0.0868566491921994,0.47007432883119393,0.19487329813494114,0.04807962934442902,0.12159398537409127,0.22953229471099185,0.22560019824704064,0.07808146475770958,0.11607779824289409,0.3651779425576766,0.15396610381572992,0.42002634361224717,0.5138647529751853,0.34816087227580017,0.14587465104938271,0.22003589727722792,0.3339586417321518,0.14627236331946153,0.5201783322412052,0.21026495326827876,0.22238376846681537,0.1720296024620012,0.4053446709893948,0.20562661178332187,0.2192499789271032,0.0656879357576302,0.14641749571972773,0.15778255574983074,0.13826105615378342,0.1827368920440326,0.27403237605913167,0.34571400149113546,0.06608915538276183,0.17085066215406977,0.38591985009617313,0.3226889534429779,0.283464119888461,0.07540919219652198
0.04720686132802632,0.04778829708904567,0.10580894284481164,0.1341679436560108,0.05879641920173467,0.16283630461053636,0.16813020604286238,0.13258941665427745,0.06777270503038729,0.3932121672410935,0.1530788827421095,0.0503395947245913,0.15037872688627324,0.2363088858310915,0.17077085225767477,0.061193465766284046,0.07534636169834218,0.3252094295085442,0.12249055649612092,0.3451744928876943,0.4464689807402029,0.25608455152287457,0.1237072467839471,0.14955231064821947,0.318282611224584,0.13281544448052246,0.382418350426231,0.18182317895664665,0.18525833674172823,0.15544105509541095,0.35069181905841335,0.17660343386208574,0.1539725791502332,0.04905254239104176,0.12680956820586597,0.13687428729311762,0.08981939686403831,0.28325263127328765,0.23543744579696865,0.2947574935538121,0.06171493413436011,0.20262798940167784,0.2780163485784345,0.24558730954451738,0.22233088066381457,0.08732067324648521
0.01658946999918603,0.028252079326912236,0.08563787925043091,0.1297995661932786,0.06894962205549475,0.1829183556568551,0.11559696095502053,0.09774310206854361,0.10679450356571304,0.33098814467577786,0.15921871245525318,0.042386838485353164,0.11209115821066712,0.21958643353235913,0.12245573969943456,0.06240973672427098,0.08023439753062052,0.391155634545911,0.16426991050381093,0.31224452238037353,0.41614968549482173,0.19323042865856468,0.1326292085675778,0.23843699896570728,0.29014784918058034,0.13217843082931968,0.30051315511772553,0.12273850055213748,0.15040431853034023,0.12196450155368803,0.30852734335606735,0.14214442882732206,0.13683249190565086,0.056595513560021654,0.12154816756050944,0.11096123548429453,0.06526892230816579,0.13099170966846369,0.18659908519131405,0.3889229623059268,0.0658211131356074,0.1351977339017704,0.23774709197779778,0.2735334079898226,0.20593516892449554,0.09192556839043695
0.03085557449212537,0.05362788694798554,0.07739490907664041,0.10978345416692271,0.025881233439154286,0.18178356622596942,0.19020789254830164,0.10871672281828448,0.04181884107772884,0.29527729062717795,0.14280644727324504,0.052833809702858704,0.09870959624076012,0.20147257112677808,0.13852466822367018,0.06437416220765826,0.02651526035368782,0.31631856947569487,0.13124644885469297,0.3648180592459799,0.37518549000515117,0.08977750555425365,0.06788391119422309,0.25383276460156257,0.32612359726187057,0.14497129101625555,0.45020970902198537,0.17907206639622275,0.16248137602774188,0.14545377182511834,0.3222836126950099,0.1320110673643526,0.17308893807731154,0.03871887367641942,0.10295394741999837,0.11438399738307951,0.046381730210903666,0.08488227931784402,0.21509347415258026,0.23144646896186166,0.03879355844289454,0.1540506727051276,0.20357821606722265,0.2838983932701663,0.23846937522544248,0.09553007447676212
0.01769336486220974,0.047475683537156005,0.11123297403663925,0.08212849371627419,0.01893959647383165,0.22525018573092728,0.18901717004351112,0.1422199446685483,0.018870871467185545,0.3558590082019212,0.1869503776725154,0.05391898937683944,0.1392963543213434,0.20680966572108941,0.16153711555461597,0.05310535848391256,0.068540623901786,0.31968646472652723,0.1554960770480896,0.3710219173898706,0.4000921200818783,0.13047555249138854,0.10019584099969148,0.2458669060630749,0.3750952216030895,0.1736379795989469,0.45093487624655565,0.18835863547900167,0.1689112846022144,0.14750674319271503,0.33875395804717917,0.2036805189727001,0.17966852378611584,0.07261037846371864,0.13827540948338835,0.17623939974579633,0.007763480971478193,0.12588734096459098,0.2196599465243121,0.32928630560584776,0.011690039856237254,0.19503956954008644,0.20599724736333633,0.2896759260537196,0.2451305420038708,0.10772232392704392
0.03219850282191865,0.06359847694119006,0.2044939659050074,0.31872111717625856,0.18246741336353203,0.3114507742768373,0.25077599914484666,0.17719683358760552,0.1267961861372578,0.45121765669327746,0.2385593303577901,0.1332154408375856,0.23809622697802432,0.3355199841531298,0.2023147382497719,0.1172792196062109,0.16379337368131652,0.38726682967318043,0.18844716319649765,0.40343971328963407,0.5802306024089604,0.29352264720934523,0.3001604362710546,0.31281143406896234,0.4549238013138919,0.2521603222584802,0.3720562173177502,0.23166474924325423,0.26064308862154073,0.17228897788544076,0.41520474971712346,0.3196056172864521,0.2082669058403235,0.0463399957975731,0.18269186578297797,0.22958949699454584,0.15140713534184508,0.14852028608040874,0.325979216885578,0.4489754743189264,0.09633742213216859,0.38752215066986456,0.2752169827036282,0.3585582338032721,0.34544546491155226,0.10436881954508526
0.17409064157090987,0.20077462738133442,0.36927364517868705,0.4296281710944055,0.6783234506679534,0.6471024028686023,0.42278505212926865,0.3385798115373239,0.30956040757580167,0.4597959499839219,0.4130553631373932,0.3103526536330377,0.39205936714294,0.4584532740989406,0.40165350766438657,0.2986493528668191,0.44131334488212903,0.5728891636464631,0.2693306176181889,0.3728855408996544,0.6176954752514865,0.556897097806827,0.8241898848164467,0.5672690538316987,0.47346427629996185,0.37111550012009265,0.5158631927985462,0.35209799061802893,0.42331746483262755,0.3397905077452952,0.6171995819558995,0.6283590368364348,0.33919437524751517,0.16054409732814137,0.30435515971173754,0.3582774367049745,0.3962900442813003,0.4479627016629702,0.4265085070197222,0.600371502115792,0.18794814524253875,0.8233419458882544,0.45219864724509495,0.7279797028574785,0.5723295563338763,0.5089698080135918
0.11982588534403589,0.18955709216690886,0.7154370195727167,0.7105579852426323,0.8206206029520862,0.8106378337726127,0.6171926670848048,0.4536411932865893,0.48810673247849357,0.4297269900636188,0.5072061254122691,0.5509428101673524,0.3827953293435035,0.6083579360168319,0.39892295735052397,0.556011529576364,0.415918297053332,0.7576246236882281,0.29373272616196106,0.368220035541764,0.5025202537014161,0.5827489089584436,0.6945399088163994,0.6165884653228012,0.4553502047795058,0.33582132152609045,0.4135481630131615,0.6816642179521633,0.6926417786036209,0.498229110365875,0.6236828816149743,0.6822210029410761,0.395478492788794,0.4636237792231847,0.4979477485795853,0.7177470570571302,0.4651834743136991,0.41436660211870474,0.38791687766633925,0.7306775393712371,0.22444937611317028,0.8473069163871229,0.4664260953206612,0.6088658648385612,0.5942741471269637,0.6414864276925415
0.19605029112797584,0.1228775844357769,0.88255949486757,0.7925677882921464,0.7424505564160894,0.806955538841113,0.5736538063140149,0.4580159782718762,0.49595782150918233,0.4382203512676172,0.5938771806375734,0.8110216904436386,0.44758005884833457,0.6829876550147373,0.31708635584219874,0.5410503103614837,0.39431301540314434,0.6145209918805288,0.3101838367256568,0.36831438295284347,0.43516946060129685,0.46125766104538707,0.4731766455322377,0.6021170397368162,0.37484897633216624,0.4199964312603138,0.3729166689869493,0.7944816672814446,0.710829431905758,0.5654663437082014,0.5255432471215761,0.5878328221794691,0.46313289236145916,0.45190932128451683,0.6444661179579765,0.8895017475808292,0.5355638827094023,0.3247251374254678,0.3393037150728354,0.6441662609364073,0.24188231517873582,0.5848125479123595,0.3876554152686512,0.46170408913937944,0.48145142795908025,0.6956930373100384
0.26391242155210587,0.07616550601882888,0.7875028134731822,0.8442188139006793,0.6775282841892147,0.786499039388968,0.5632665436930239,0.5134350021217079,0.5028792691684268,0.4289110987342415,0.5894885106245729,0.6766686138758553,0.4651717923761913,0.6486240988293178,0.3439441864564256,0.5882997954927343,0.44478258885958055,0.6645108947714732,0.29569147192672424,0.3678973597426664,0.4634868835802697,0.40645538747264637,0.4060735218492041,0.6889350677107565,0.4228880755522331,0.5110917907542839,0.536193664164529,0.7647286253299045,0.6153533382126639,0.5594777893538659,0.5214056520585069,0.5354754829613514,0.4383594211398135,0.48090707129540694,0.6437185045590241,0.8807893307885146,0.5704361633337435,0.3898274959133669,0.35474129550334116,0.6611547654486332,0.28311578932896087,0.6280624015736715,0.49189106191396703,0.4409120796445771,0.5170698049694338,0.8578609036142315
0.2938554954308208,0.09192801294824142,0.658913235312668,0.6815746999713459,0.4997150897129561,0.7636284580456363,0.5227973913653636,0.5121593350585482,0.6371942025254916,0.42693480068713774,0.6543282043065859,0.6087817635088288,0.43979616508886776,0.5858859772172009,0.4277240099894672,0.7539194801502931,0.41579865848123715,0.6697131607078003,0.3590971400301603,0.3388871112898061,0.5015337021674315,0.44474737158663014,0.40209597831702715,0.6111997342995368,0.45793032201171857,0.6356899309274529,0.3310390907482006,0.616527982361004,0.5853882385150849,0.5930912693671453,0.6186846964757265,0.49791894795039815,0.44536531662637135,0.4779266981206793,0.6478142877063396,0.6917481614435584,0.5137544131917674,0.4220772452974461,0.44295488133154687,0.6237117584661693,0.3594255690271633,0.5869402302998968,0.4421998472897011,0.511319844769106,0.5777399202838873,0.9186225660308314
0.37092479247739313,0.14875806425404065,0.5336273836028874,0.551338119298017,0.6232763453542778,0.8039111500022651,0.5341891009843912,0.6165892169947914,0.662517035756204,0.395338178178637,0.712652911687962,0.48783626017888904,0.44419415538776824,0.6801291371699342,0.43775174453242055,0.6422291713474254,0.44029012259009565,0.6372652900369042,0.4629428930585457,0.3611500720777673,0.45095663268247166,0.5358890025758237,0.4387785230246136,0.5800887838806575,0.4044462105349241,0.5973634457956926,0.3889392887399529,0.6712259794855673,0.6204638108179754,0.6467258741519768,0.6142677742951098,0.497716117899057,0.38499343010860254,0.4249580997596737,0.6977695429552956,0.4494946188624263,0.4735707067929871,0.42769912261700566,0.509542456839228,0.6631058169427871,0.3855777895824798,0.5637691463281261,0.4488244187910336,0.4910693091931815,0.6064409091283589,0.7033909900496511
0.28815344869937126,0.11912828070152953,0.646077978061437,0.6069068123159872,0.621904871228503,0.8482112011684412,0.5856293709804445,0.6915788891569743,0.577159750985603,0.3759683768148252,0.7252034061809379,0.6027895399585168,0.3848439573661742,0.6871491271328871,0.4380946107422339,0.6088431921415245,0.44324796764063445,0.5941124991307155,0.5020920325135335,0.3748543256551474,0.4652309847842868,0.5401406669840428,0.46239827858357774,0.5905473960096385,0.39134653323869273,0.5419900072447029,0.3843873850182232,0.6961842395197612,0.7106332324794856,0.7089110854541165,0.5633456000752424,0.46342509406561777,0.46548415489377737,0.4681294808390267,0.6140624197509703,0.7049238272183806,0.5741310418430059,0.5177223742350099,0.45280030957780854,0.7102567026064249,0.3763857449004933,0.6474455026825033,0.40778165663036414,0.47922417304736586,0.5973024977046384,0.5659409600317785
0.2723142961084015,0.12064722774677716,0.5524383938846217,0.49413718452661365,0.5256047705886666,0.8301464035011283,0.5769371032070361,0.6573071438519903,0.5427228789695708,0.40478343688408774,0.6524161780357152,0.6597186606494482,0.41518646184320923,0.6339450124670337,0.4912847244509418,0.5977007258508159,0.4333261790837449,0.6270713449824157,0.42237566414875627,0.3681684608125613,0.48217460430452674,0.5387492903869848,0.5012826517325378,0.6033068469682019,0.44128408327008767,0.5561642188295562,0.2303101202052182,0.7462125583890497,0.7012954821274621,0.6818646070445781,0.6302139165859184,0.45953682904209975,0.49356353385732843,0.4771231524983272,0.5842910238362732,0.7429568015093486,0.5282492720602364,0.49128842358444175,0.44225186550500056,0.6210780866850166,0.40960108877905715,0.5346443888994918,0.41656352964614834,0.4848093528310713,0.579329959059392,0.5974634016349019
0.303720297456139,0.34237711613803795,0.5254748619399254,0.6178194884586676,0.6569405367237015,0.8015173139053191,0.5152886464662251,0.5190302873356456,0.5369332559173932,0.42243585244051457,0.6311796259601288,0.597286167279193,0.46522644208946945,0.8994699409932148,0.44917046747411066,0.5568564057761275,0.42211296534017523,0.5749119090301967,0.43769118907355775,0.39868700125217577,0.5079771098945263,0.5264115232743899,0.4506944017897885,0.6113549139100619,0.42211428275196017,0.5335520856298985,0.36978789352195457,0.6863579378218765,0.6392792890179221,0.6253457514621603,0.6679185664384178,0.6502712765366743,0.532745362647694,0.4826213345739225,0.5567115669428104,0.6991232068213461,0.5137319794647304,0.41890531414186033,0.46288727003308877,0.6938132698486091,0.3566163851475479,0.5190545610321654,0.40134676189674307,0.6170320147644963,0.5302412805833102,0.6590737935485367
0.2762622743162162,0.3864665820817052,0.46646000481279354,0.7479112878463843,0.5279764082331736,0.7695258854081933,0.6939751047306024,0.49598764209204305,0.6592035299099548,0.46388320525686016,0.6799931569214079,0.5482280901977904,0.5320210673441498,0.7304552802407487,0.5305296769661976,0.5495193251305934,0.5114141548794517,0.6256184220987964,0.45100774691789464,0.46405308950150026,0.576564156385266,0.5781746299893988,0.6046609169319227,0.7003801513630887,0.45365965750099835,0.5626603702583766,0.3795680075847297,0.6945393451688312,0.6281851667446171,0.6362747706760014,0.6837567441761088,0.6097508917899426,0.5865467101856509,0.43376333170476455,0.4433114015920415,0.6971265744992555,0.5891095742763661,0.4749044861515835,0.4891455980309794,0.7312522386587337,0.47760616444052334,0.8133295258430346,0.4803640226475503,0.6400137940563466,0.5160900703222826,0.6091761534191381
0.3415641980138887,0.4328591637825881,0.4588261302324035,0.5648792806779062,0.288625619396256,0.8103125624892132,0.7094624446195869,0.5157747906002642,0.6125966365728353,0.5873958404553897,0.5874720255618564,0.37198166688340495,0.6676153668795518,0.5875226664111953,0.6400816164168652,0.4532425983242908,0.6291237314351666,0.683186305540604,0.5772111752060165,0.6189595229610125,0.6936592385861323,0.6682364909026927,0.6678285703841442,0.6214105156580785,0.5571767020424233,0.6228572608607763,0.4485393703527923,0.5689165366166364,0.599043506728204,0.6014073426051045,0.7789509311296757,0.8082576344768454,0.6568956228514492,0.32264263989992586,0.3551023598878086,0.40757853046053344,0.8208822814354749,0.5111040083374114,0.6773774597141919,0.7747118695925814,0.5416634718365091,0.9386871374125157,0.5973220354946064,0.7341862850883615,0.6889663713728741,0.6248733405204212
0.3551633298370996,0.13549106284898832,0.35889148142257304,0.383430378021962,0.19801159305979693,0.6459932790488211,0.5653554249796238,0.4909355506366311,0.6457186590625916,0.7891201185678482,0.5195854165700129,0.28728899401407026,0.6923810060453469,0.48556485862748316,0.5499489804990323,0.25900221795037914,0.5665495829529341,0.787173422156303,0.5434555879950423,0.8157015387478231,0.7336951765134311,0.7549778235760591,0.5153276167846563,0.5205904764166068,0.7118183552306927,0.7035984992771682,0.5160707852721169,0.4408678803370264,0.4809046095011924,0.5178141234864009,0.7594230434079555,0.678563678108832,0.6286651904810421,0.23867566181962668,0.42372872266978767,0.4016297085992995,0.49130179404975993,0.579791638370187,0.6071673486186608,0.8336001187313562,0.4915546557599115,0.6694320655148962,0.6600026470593504,0.766800313286235,0.6183507173419112,0.23033375228289776
0.4259126046682461,0.14916671213291757,0.39510454534953715,0.33437200548432827,0.18080076374255077,0.6160010125985598,0.5684158658882138,0.5073379495909225,0.5059988777236932,0.7841652537450209,0.551922601921833,0.29917737562651386,0.6724337781800844,0.600390242230914,0.5004025291554657,0.21084913395246488,0.5638837293837052,0.9446193939698494,0.5441241320394762,0.7829376096782652,0.790109221692114,0.6552787763319071,0.38469636527102613,0.4625487133142156,0.7702652757892066,0.5938725113604242,0.4071205332088783,0.4778324641922299,0.5313289151550433,0.5282416715226435,0.7594141358414871,0.7249533864647223,0.5587628775152933,0.24106680324958157,0.3775127034378312,0.32400473471782015,0.3335596181090499,0.43304905226594875,0.7324296061593748,0.7394716690056077,0.402873541757184,0.6386540949077355,0.6587169895433571,0.6095792075944121,0.5475793267167642,0.2869482496906114
0.39428122331224247,0.12165100597368705,0.39695538467057867,0.4034749213944846,0.15787042928940478,0.5640630363768457,0.6565066606239786,0.4257931853266035,0.4679807850644776,0.864993690165874,0.47782064849667794,0.2772632739836648,0.5447083819755125,0.5587347491029632,0.45931633446695497,0.20420323559478354,0.46912051154579365,0.9003232534047729,0.48292142126665694,0.7119228764061644,0.6580290399905209,0.5547645634747616,0.40676233455762334,0.44089865355980123,0.7460110738220285,0.4653722615592485,0.4722967902689255,0.38983244493280245,0.5280392898651479,0.5252528126459964,0.7477082287612518,0.6776208287687241,0.5944606091401435,0.2365722058902751,0.35477202247913003,0.34965530225893704,0.2755227245108045,0.6407788892291764,0.6730840840682514,0.7578654352570727,0.3695523644020086,0.6309306848032887,0.6584297601341437,0.6102414724998216,0.5517670229467725,0.22443420314255874
0.2268640919697755,0.07283337680992519,0.4113103184320523,0.5241690987257482,0.11358809905450176,0.483419960686956,0.6817562070758657,0.3260187646369552,0.3099010659871397,0.8991496838338205,0.48575011964226056,0.2441511303812169,0.39412155370503765,0.5287511141765198,0.41883655189457153,0.1748136458927241,0.3477438987482566,0.7212494686353851,0.4284383831931826,0.6839001119111335,0.8297046182084492,0.5782086525904454,0.29480092460094354,0.4362163581196064,0.7030142568955051,0.3931268718644145,0.4970126629354205,0.3205176057340039,0.41817678889780696,0.3796256309117579,0.7176326550126717,0.5789267233591473,0.46940063045771885,0.19161351006682165,0.31400022248527326,0.3536787613162376,0.23289431439434607,0.2846277122968527,0.6043734255637667,0.7692269325444012,0.2296091959767611,0.4955221277498249,0.6099583785106109,0.5931609628805415,0.571321039827978,0.1415655489890996
0.0922855982406074,0.10427233254117153,0.3962217672654706,0.41774927540725915,0.16971959659006286,0.3289110015359959,0.591759344355845,0.24930699690101807,0.21243327931647163,0.784519594901899,0.34700964932035205,0.1661212788515839,0.3191439590174786,0.5726885189644849,0.298329245877471,0.10350668018144449,0.2805947254377046,0.7772773469629098,0.37765057993289874,0.5994165487687926,0.7410085070111266,0.6254245195495501,0.2331218525052761,0.3876411520910355,0.6450286513924997,0.34710315386360613,0.5033857504712026,0.30314105247139433,0.34922469101909825,0.37319881819807094,0.6332292869876123,0.4531552651916044,0.5058183025454207,0.09966800890050105,0.29778214157702465,0.34346563829782484,0.14613769234173277,0.3072450890559903,0.48365912226556,0.7624715858413039,0.15760930576619178,0.4215301072681496,0.5405347649396364,0.5604429570335603,0.4931723301574201,0.17462831919999786
0.09153083322010915,0.0689729475559897,0.314508866584269,0.3240471786838192,0.10587621058154767,0.2859266256179397,0.4568756464890868,0.19264720574718136,0.17786790321634052,0.6639334484310806,0.3013932186131646,0.11905249596175677,0.23367757137489145,0.4069426043052808,0.29342677545545104,0.1080107307431799,0.19707181317043332,0.6963191098603035,0.2679667897438916,0.4464969139534528,0.5857723948641471,0.4468837843393687,0.18834251319010364,0.33259262575896437,0.5202029231996732,0.2394064047875477,0.4562019742688514,0.20232122877617262,0.2622013390239235,0.2963782349630345,0.5514065614487339,0.3530154844518213,0.36442086323096956,0.06201918361804336,0.22783552107195104,0.30485000237186444,0.1694299777770666,0.2758193041179933,0.3703827030930391,0.596400252824157,0.12618687956597158,0.28570205655926856,0.48214063931336615,0.5809457890026436,0.4848676004244383,0.1336012919040819
0.10137156785995015,0.055368039916558934,0.21801378892883905,0.214619500014944,0.08696738273035748,0.24808959074066456,0.4918983391576532,0.18394979569957484,0.1570494163982908,0.5257034473156412,0.2398337649972953,0.07718773595368084,0.25589147810318164,0.3399058154464337,0.2411416632064875,0.09111558921680035,0.1767300196095886,0.54490633467216,0.22634792079961935,0.4209734277015149,0.40570284257953443,0.4266313618379019,0.12288949464064527,0.2351730763432118,0.448164140011214,0.15814183021370898,0.47414470762788036,0.15793171326916108,0.2337295526365559,0.22801943234694333,0.48559688280618163,0.23433735349624685,0.21531808845865344,0.04253468105339486,0.23788916794829157,0.2428416326850633,0.15451998140528916,0.10305940838219625,0.3124380706865101,0.4549072035134576,0.10608611521871925,0.24636049978534807,0.3795197790786194,0.3872181714668257,0.38654401439508157,0.11313403466164568
0.029025553676201427,0.06773108756238244,0.17771126491905792,0.15283357875043813,0.06718425028482339,0.1899441522334232,0.40902480157904775,0.13389353398537882,0.15962138700991788,0.41824870743783504,0.17802852761575164,0.06327073347661011,0.1390746171311652,0.28238964932620286,0.17214181731279776,0.08215840377328773,0.16631324061078787,0.40367276851471273,0.19920812106869817,0.35605297983649686,0.34571424481703744,0.293374014223677,0.10691952514149866,0.2255246782829249,0.38132681648268285,0.09303137090478437,0.4695157468222289,0.13449801967264488,0.19063910500294481,0.18862251806772903,0.4371974464725504,0.1959289230836451,0.24090337629136685,0.04270356769302487,0.17184988129651102,0.1744709417065699,0.11911021739241212,0.08954467853730459,0.28279479080338116,0.3962821364648875,0.07666790695921016,0.16975275547349236,0.3541428203839932,0.2998203524746569,0.3107459864421534,0.08454018879622535
0.021328747217169732,0.07026825955171492,0.11771445715516653,0.15005862836088274,0.0380937308145233,0.11673793954978569,0.29840433199209626,0.09633703308108854,0.12066827544769013,0.3608321335192189,0.1356283577952143,0.029104848633227695,0.1100837774016144,0.23711000502495855,0.16199361621303549,0.057325535843009624,0.1250452546537464,0.36674675959502323,0.08621669324174892,0.3164167367169753,0.3472575149021743,0.2190258407240199,0.09640790955398501,0.16799177851871347,0.3096704864559918,0.09982938813780474,0.39349286287202656,0.14263590052143058,0.179566262258904,0.18622078917997775,0.3201958591077475,0.1634479557106855,0.27216199117232565,0.02977007301479857,0.141233758156236,0.14120220445780163,0.07729322179601242,0.21072123870818982,0.2051807787870423,0.3370523808483725,0.04958027391548565,0.1589232193515188,0.2890942885362704,0.20627000370640494,0.25476243774077034,0.038325222658432335
0.026158196838390924,0.08893510956395116,0.13172998564176358,0.10975213389216139,0.07087115954365171,0.1408442188518043,0.24527314927717256,0.07831522564205032,0.10415333467098709,0.3224802001126642,0.17020595932251797,0.04359480816742404,0.13240653949420247,0.2120052018606171,0.13323142237092472,0.06235035338753161,0.08862387049048986,0.28101188536080596,0.10529868938282227,0.31691552233208936,0.3008183185949227,0.14965376644702827,0.0868803185629829,0.20124631813490626,0.29423404995431096,0.09260462355545147,0.27989345210011335,0.09742858761624992,0.1751544174922207,0.1365895458003046,0.2779313653121456,0.15783644916205414,0.1757726231161745,0.06266023986777217,0.14584217092598606,0.16305193057309025,0.09570463254786593,0.24181153571493147,0.15742268547226426,0.3466191479351365,0.05536667777835665,0.1854473589635359,0.20102777268805266,0.20676618181069487,0.2457964865522913,0.043740829776467115
0.010870217388916376,0.06670834591277733,0.10922378763959516,0.04849983908680186,0.0236661364454116,0.15993999231828476,0.21399000035701257,0.08033566754204571,0.04596670248773876,0.33405135727117896,0.10411476037118866,0.04641495820976858,0.13345262035670963,0.2875737631286544,0.15295482225719131,0.04631382853620394,0.07542337638492826,0.3568087444360064,0.1306089131146289,0.3376123273351055,0.32345545546725274,0.1427360814149347,0.08975295043386738,0.2157322314255884,0.3708340696605187,0.09242291870489715,0.25266532941074243,0.14066041730718415,0.162107138963659,0.1878889629826003,0.27241764659574796,0.19361643523957842,0.21434192027169005,0.039564984269205586,0.10308168647088813,0.15208806252065005,0.03345096083490752,0.0006107704355418769,0.1994865256366924,0.22860991877425596,0.0695747107762523,0.20498975525602492,0.1929720082428215,0.17797366967055903,0.2961435142965974,0.029592947517220795
0.024684619098800032,0.05386765269213002,0.13317770504558674,0.16404008147507865,0.03988983152708282,0.1903040156977932,0.14931872031425947,0.10151762227078057,0.025946132505783086,0.35997664501525756,0.1348122778017205,0.05874843655864218,0.1429180529725775,0.28110277727482313,0.1878312164131306,0.04365518607093468,0.08719192199392228,0.402526922876464,0.15574550069992218,0.32100729440803355,0.3517816444266659,0.16974365335063965,0.118844966328493,0.20261735786423976,0.37873105325242623,0.1350982207984417,0.18125542849722617,0.18822854943464604,0.1823576886243464,0.16882790377764703,0.2952323362625849,0.17042145174210338,0.2040651053717292,0.04677812976680823,0.1441786033916555,0.1853987569296336,0.030417394495364222,0.10927097165049392,0.21411254439322752,0.3464115710718726,0.06571364408553285,0.24142455120190254,0.18322936291187708,0.18797832435847242,0.26463702983918347,0.04718252380894903
0.08421877485541139,0.0819392106434019,0.20862678937507512,0.2857322193237128,0.27430221186308223,0.32088943680748294,0.28775067644027724,0.16515630837280365,0.18910694022365204,0.41866038769281905,0.21648022000434156,0.1422211273995667,0.25739309252358417,0.31049335261701716,0.23478951840173867,0.09600746705102264,0.1572090117896665,0.40610780430862425,0.1620446257353901,0.27983355835819107,0.47967454333894255,0.31556843396497947,0.3185607780739127,0.29648523616685807,0.48756811633507025,0.1958231985951473,0.41079488152426713,0.30316548053755377,0.2412837181206954,0.2053829655683193,0.432103981690393,0.27177259706772966,0.20486184829925694,0.06571007133803285,0.20818341232465515,0.22849785365151337,0.1002467905599709,0.20624936194619792,0.3130153912863353,0.5654934326717169,0.11961712309976771,0.4037591955520808,0.2846417840181344,0.3814052822228532,0.38782923035357064,0.13542824174443532
0.15166730545356816,0.22719794865008475,0.4068695915973124,0.5005493679629601,0.676946107021148,0.6593003062650585,0.44558033414696463,0.30999537502790003,0.38268353216645495,0.40008711234124983,0.42257707895214003,0.35074884129793393,0.4303913917366577,0.49626741134683566,0.36958701068541777,0.3371615444869524,0.3538153300846244,0.7249027705080057,0.2096768610883099,0.24402025715637546,0.5937977901868154,0.5720234818623336,0.7053487869979809,0.5366065197369323,0.4505783133290876,0.3162199551896692,0.41989714488553226,0.4664891596691726,0.4119150321363083,0.3824707565126288,0.5346011706155094,0.5910615354387125,0.36582618835974157,0.19319262809888718,0.3260172692218445,0.32908268751441044,0.3973731768708608,0.6596174480816046,0.37537565947206164,0.6971311448385653,0.19930355658082424,0.837494416857484,0.42148824488104064,0.7372186166749423,0.5872133978080222,0.5508782417967114
0.17331822179402653,0.17034862481822718,0.7125847386472615,0.8618282119574007,0.7867800778091726,0.7970017495459506,0.5145207609274373,0.4374967045273766,0.48027694868205484,0.3203344277968476,0.5441225689398227,0.6721955135918528,0.513861126039021,0.7237528340176023,0.3699503064782127,0.6405024747112564,0.47747146342065244,0.7260787340932585,0.20549047918994326,0.3350178639633553,0.5076610649262069,0.5900592217494817,0.608380776974921,0.6609177489030561,0.43891203799614936,0.3779106515632185,0.2821798449690427,0.717008559272923,0.597771749742784,0.5063822139089204,0.6394798250590321,0.6749892257884526,0.42921306074809684,0.5083057887752288,0.586593422010027,0.7044116297295298,0.5623317258009416,0.5348631286634759,0.3397398738353789,0.7578730155007565,0.2871632034302147,0.7525826363653784,0.3632128973149617,0.6488342663852279,0.6865553542986498,0.586950366652602
0.18184954524246558,0.12436513890958281,0.7805769550646459,0.9621056142313517,0.5841287755829073,0.7849368353999407,0.519106100976926,0.4804056503186175,0.5578389158483071,0.3528565662565929,0.5917841291008697,0.8165569401825759,0.4453904978772798,0.6348455765952148,0.4017173013968411,0.7559612964330074,0.4903278478517662,0.7174942997081128,0.22685803190934956,0.30406186361162557,0.47406412369746875,0.4649711443266437,0.4376871275293793,0.6625153068775931,0.4340975920830343,0.45008595449804345,0.2821910101679407,0.8705810074037772,0.6291596220924701,0.5630309078593315,0.539333980069906,0.6237454580154461,0.43488278691518756,0.6033883800580607,0.5779767071041269,0.7988508929304434,0.572103931768051,0.4945970172614132,0.32765804068049365,0.6885109932389335,0.2487406011309672,0.5892559870168746,0.3958377514144065,0.4681066365562586,0.6102334578343934,0.6125562081806286
0.2512720525306472,0.20267413212686908,0.702431908215255,0.8047529493082237,0.6681888795992182,0.8427690430790085,0.605571209797637,0.5352896460085306,0.5721220344332206,0.3680663497708902,0.6273985832316921,0.8200049361859945,0.47089415144279523,0.6939062410974314,0.4050193367706809,0.7699763361788623,0.44173915707660855,0.75588039070916,0.366221396457713,0.34035205953085795,0.4487542452895219,0.443753002998971,0.44373690208858385,0.6593496174870224,0.3956761514581421,0.48882819225825735,0.3806772508405255,1.0,0.6393358537722512,0.6288265632759871,0.5668956497300032,0.5604756300467842,0.4833115505653004,0.6252954739591726,0.5854167895902964,0.7672837485194681,0.5468631933118763,0.556087550211583,0.42219324709045586,0.6089800043865075,0.28758093592921546,0.5570111683914013,0.45604587673200875,0.4466451684994497,0.5425467932823008,0.7549976276849617
0.3130885435399661,0.17766641643127398,0.6349991204554395,0.5400672773121228,0.7438380879696599,0.852915488530945,0.5202888289972504,0.48608794334972727,0.7078519431308029,0.3244748416913806,0.7579879240055571,0.6818975555897469,0.4115666795196077,0.5866024307735924,0.4247465423401165,0.8252911733351044,0.45890067880213387,0.7203830547517498,0.4758674224873177,0.3569064201617503,0.5042715840184951,0.43565571049609664,0.38761081494209504,0.6936587304265245,0.48498033442603083,0.6383963072057575,0.2572900963791134,0.7831933264246673,0.6747829487144834,0.6463738190901467,0.6375626969598166,0.568035358948204,0.46654798184433854,0.4561623705817324,0.7026709503713883,0.5766258729913628,0.4920075206679764,0.4377632017972079,0.5235718082722446,0.6743600511252137,0.4477152641842867,0.5677475387985278,0.5206308601948036,0.5434403961301,0.6711153526159468,0.8137082325735338
0.36643335633498486,0.1354898787335065,0.5530568684788439,0.48151517020295714,0.6444997696821907,0.8310017872528089,0.7438100392083714,0.6553550795270642,0.7478657266993428,0.4411256398305704,0.767128703968533,0.6048873286674283,0.5402130935681712,0.7022882848957323,0.4275547385698839,0.6318557198721563,0.5414555159686735,0.657146889235204,0.48404491577665176,0.42047640135575826,0.47030375469984875,0.5208099888270123,0.44442781713813795,0.5848140604071043,0.45079995449774457,0.5964995001336988,0.380879702842245,0.7541012578531461,0.6536959927292125,0.6786597616396005,0.6577741048929087,0.45349988178545775,0.4994195150378695,0.42335825176686226,0.7170236503671551,0.3948595085178199,0.5468577427504672,0.47895824189011377,0.5259554013154835,0.6858533401757383,0.44670938809135385,0.5691037064012627,0.4632747411545836,0.5847702450639283,0.6371238947175097,0.6307118953312311
0.34393472320462304,0.19507724928764417,0.6395375100940777,0.45818866259368835,0.6730288567058144,0.8484938113869056,0.6672696502624499,0.6716260139131364,0.5681300239436506,0.40318607479686835,0.7836430173628744,0.6177093737256835,0.4406171825613628,0.7768935400929732,0.4264542474574899,0.5502226142746314,0.4828643698185934,0.6025913960594955,0.4505777699066362,0.4288593833499921,0.4824239862924794,0.4918609632146938,0.44843129084268585,0.6475370684300881,0.4109791142746748,0.49978506494011854,0.2850170935001359,0.7696818461092244,0.6515992926695682,0.7608278337576779,0.6928605128881673,0.456624818667971,0.4236818426364538,0.4689089465919062,0.7924329293814483,0.5336010475832833,0.48655722222226117,0.5718947017007538,0.48520666693028763,0.7328517678588182,0.41717443779638436,0.5558507748999943,0.4843491241145079,0.5309681225704866,0.5709852941214837,0.5744121190016983
0.32260427057925134,0.15508818842649294,0.6130388141137922,0.7499066219115094,0.6596621201776895,0.8703859237469592,0.7113552207292019,0.5700515325595479,0.5385824913755722,0.3954900846538972,0.7207426026865956,0.5732631175822025,0.435700990306622,0.7056577239797189,0.434201933204259,0.6599301153452728,0.438397174625289,0.581238735912593,0.43290907100715154,0.3749811440506569,0.5084200261653256,0.5541499675285183,0.39442375476823044,0.7932958777791675,0.4053537940126702,0.5035811907350508,0.20277046916719352,0.8309220654314752,0.73978902442397,0.7057927280642476,0.7119307075994314,0.484923521321056,0.45741174284223507,0.6076636966827454,0.6675826965694961,0.6053108641974845,0.6190933388332072,0.5170930973174629,0.4663138745187718,0.7779584437060681,0.3375106666748207,0.504946775904533,0.4551070962493961,0.49130999850854395,0.5328470334852448,0.5815334905928145
0.3147559770630346,0.3412369131244092,0.5761661701290389,0.8112837478882023,0.7017587438647952,0.826771314212454,0.7260820554298417,0.5735903784662901,0.6255687569716902,0.3761402842363024,0.7598786455513665,0.6249942937347551,0.5320073530440746,0.9668068040070074,0.548632818107987,0.7050947708023854,0.4045555912493155,0.6632965773633162,0.503013893067764,0.4058382623124096,0.5205796742647986,0.5518874290329968,0.496274826668307,0.9999999999999999,0.4064808893716927,0.49288289047642186,0.250196701136666,0.8302107131623506,0.7784229796150935,0.6407798925095255,0.7299585754430613,0.6458416797924073,0.48459313439438545,0.6328356231076306,0.6498497887707287,0.6066365665010115,0.6189158208871997,0.6281896262895278,0.46863133797885254,0.7841815092925392,0.37003139074360847,0.5519176410926071,0.3956375755281052,0.5858342738724716,0.4911432119211737,0.6499596549980882
0.3291751038343791,0.3987682199555469,0.570126242735222,0.967513410239181,0.7218065253986057,0.8645361228810834,0.7354613797673392,0.5639322916210524,0.6976700756457097,0.477437393520619,0.8133690471770251,0.5466072188637778,0.6540226426125704,0.9342142644195771,0.6078808539762812,0.8316049395740274,0.49050718528528636,0.7520033001471769,0.5612644705719171,0.42422310849749983,0.5591603933440817,0.7686881332582424,0.6359798329399171,0.9604815998059738,0.4120048683589787,0.5934554299580445,0.365337085564848,0.8052056016057199,0.862143895863437,0.6008724699141503,0.6896874639833636,0.6718352563236998,0.504095090846965,0.6346946201591395,0.6228212167348341,0.5173545568465433,0.699026958857128,0.4859720741310936,0.555062617024661,0.8195902900284124,0.3738768280744626,0.684107858379891,0.4543191365945784,0.692743679257704,0.6264003250698607,0.7715075377482917
0.39093838444397333,0.3945391604888496,0.4458226121172056,0.7058476599891117,0.39161881932193476,0.7797111643047034,0.7694488910961637,0.5554183067141646,0.7590544636946026,0.6106848771181479,0.7243569521030139,0.41740506701384633,0.7131911076140544,0.7003826095131489,0.7871947650311488,0.6158359022341362,0.579889617394225,0.8032373144444448,0.6443055444033828,0.6092403205449131,0.7274996839785703,0.6805715144699271,0.7530469347827036,0.6857747229938074,0.63477493104515,0.673097032266751,0.5555604463001219,0.6211657123814188,0.7694484678780911,0.6948753491352602,0.7813923618070525,0.7004023748072024,0.5902827134862791,0.3776671461408837,0.446480655151564,0.3633503117795514,0.769685677557787,0.9191740559756544,0.690512302196805,0.7840406355734268,0.5729806114496551,0.8264701241526362,0.6094429979189253,0.8034422837821243,0.788845744818126,0.6224337656000494
0.5136587230614403,0.22949036270969944,0.40698652105029126,0.44957272158752865,0.19591365791789914,0.717021316424748,0.685244144936223,0.5575480658247327,0.5773522403797764,0.7673219453608132,0.6354341843815591,0.35869187428396226,0.7247901918509776,0.661641449182281,0.6377560862633906,0.407248210559894,0.5885999174323724,0.8229808997546861,0.7580947949919329,0.7293483328462554,0.8290090916669899,0.8753025338115422,0.5712171941340497,0.4692153925739223,0.8296669489692203,0.756151553591629,0.5800619226279025,0.48224012619100476,0.5671725485323,0.6350367858451248,0.7383296625831122,0.6689727625567886,0.4555207209256381,0.26418642033848416,0.4863597272974242,0.361878350388101,0.6253378136353014,0.4365936732855164,0.8120827650277328,0.8435249741797637,0.5187406120338938,0.6959463125170373,0.6724393159733448,0.7859344789125424,0.7206903685102816,0.2859871359186811
0.4233231802713191,0.26441035319482664,0.46278319292694964,0.43273555689342347,0.22537950223444772,0.8079857041371549,0.6584548032888421,0.6060870855851287,0.49089804832019923,0.8025315484977786,0.6974670297261422,0.3747401762229866,0.8015058504789958,0.6950125061218275,0.703343169271561,0.3414676331989068,0.6689848549050061,0.854415942319004,0.737306796215648,0.8633064241038604,0.8538934313928835,0.8460782201401122,0.5243077526419087,0.5002304145229748,0.912997561632979,0.7056151515389284,0.5532865444948725,0.47900131278321045,0.6032570654185403,0.7690618103730164,0.7224670502469276,0.6636395655580442,0.45772045337659406,0.32997661163855063,0.5260525615800354,0.29291112400897557,0.6318005321431643,0.5306463574683055,0.870514944608249,0.8711074910036646,0.5007444784273352,0.7207619182125218,0.6988210007342944,0.8119581564875106,0.7125271625430041,0.2591359550020465
0.4216457638173093,0.13714707928268494,0.46975194100081913,0.4491456131695694,0.22969455261846847,0.6976693318144083,0.7089836446583963,0.5422741555262037,0.2867644529645204,0.8644821312296548,0.5826277488360152,0.3622188826050726,0.6087565513118803,0.6432565445029764,0.5234635529603621,0.22595470977602497,0.5838426281741029,0.7605203759030685,0.5162455316587585,0.8563058128350789,0.8866624891683649,0.8116657316211098,0.476761398096898,0.534351027786274,0.7776082863248339,0.5550808829100266,0.5470561773384256,0.4934388477249987,0.47199783748841184,0.5380255512872503,0.8410509050091469,0.5978376833812141,0.4722883136676741,0.303686814616522,0.45342990964618546,0.29155529230570226,0.42831408441264807,0.6891126557293084,0.7814803329899406,0.9151615717099283,0.3553760740599764,0.706283152563497,0.6146751683430169,0.8111800606898736,0.6088754270504086,0.2776303001358408
0.2394707622577236,0.11979092713009476,0.4206731726110462,0.42042580086033504,0.1394941172244843,0.4744973563205246,0.7254006602469621,0.3290876021430928,0.2514924946252264,0.8478293181164465,0.46477201321092626,0.21956578400364324,0.4125516345515511,0.5521534208092641,0.3865117882021387,0.1708498368866102,0.43826672548797396,0.7131636468594532,0.5021024158136411,0.6705478639439204,0.9003122076707311,0.6605211066469483,0.3422448586024872,0.4365990616814091,0.7188780798485651,0.46146652873729943,0.5681179228156015,0.39397252056307064,0.3629541882876105,0.3851894889081222,0.7641291203398536,0.5321159291693838,0.467298408041785,0.18355205185953463,0.4616047424830243,0.3628980804757015,0.30075142395932175,0.3888146201446719,0.6661292453338329,0.8473471103309698,0.2781298507782325,0.5789626561093099,0.5553543737001024,0.8507800402044553,0.5519502474300353,0.03755739018901467
0.13967110367152066,0.09235988900603329,0.38390360900680187,0.34878232260231157,0.15966910437012774,0.35767865502049784,0.6546233423288249,0.32946417860577126,0.2988341463490254,0.7681198487775005,0.40950280291894564,0.1593239480965968,0.31316542354248433,0.5315964269893417,0.33745403624322867,0.16272893069210223,0.2708781274036057,0.682635664331147,0.4441055733119936,0.6175213790512988,0.795948386080314,0.692976480090879,0.24991334723538547,0.32948011941646826,0.6777263141001933,0.35695168938394106,0.6411019158552655,0.32023638699742973,0.2550514034925748,0.3447011610758393,0.6440101555835466,0.489566125683363,0.44911394842323327,0.12399977852753748,0.38449995423083144,0.3636761956968121,0.23810500195986303,0.37322552139509657,0.5678230754847462,0.831255003191296,0.23288491943176348,0.4551303409583774,0.5362330858712804,0.6451280649310978,0.48875835722550864,0.09067566740480495
0.050069502118144815,0.04221635142140387,0.257485233717522,0.25411889694280826,0.07119566772823757,0.3026275312032581,0.6388522095254432,0.23269566204600525,0.2568660348545359,0.7244438332199903,0.35904388782401625,0.09304791076692306,0.27865032514228455,0.37129549246161136,0.37933949873500206,0.08386649627780357,0.20962577035668367,0.4477408507743906,0.33776314091064363,0.5279319375883894,0.6842242244565333,0.4612544527967863,0.1618930796180329,0.27407159744171533,0.49136804428271874,0.2946678323489351,0.49682931236938793,0.2839750430104978,0.2680688700660576,0.2877743539587878,0.5329402083906037,0.3606508388734881,0.3857946259344309,0.11069396753894019,0.28790311151850767,0.36340224489547235,0.19162982942620022,0.4196303478286148,0.4795699384538104,0.6355301204465229,0.1680143779755567,0.38807206837042185,0.44541605138871065,0.5602484373665223,0.4316173868113531,0.0559927066575981
0.08363201435942161,0.05176161730920774,0.14934887660805302,0.16332152987586762,0.037597490275148956,0.20420997117252263,0.5077864698578182,0.19533137422716498,0.1475399954975088,0.6236641127090824,0.2586301733303031,0.07233686650306856,0.20275872736006043,0.2741580387637154,0.26084691571129454,0.06534515368960972,0.1809975701405438,0.4294436825711661,0.2437818270586503,0.468869172128956,0.6224773504973786,0.32750355302790746,0.1254376890442892,0.19980603945331146,0.4462957400463315,0.1393340700653835,0.6352690526541354,0.14818305464218892,0.1830345295237739,0.23379260874616342,0.5225448538746188,0.24844154079379238,0.2632056519247349,0.061063003286536174,0.20925915062299089,0.2408116969118913,0.14500149138915833,0.2939635165757637,0.35174147938858435,0.416124858734807,0.11492041326702498,0.26425166651283516,0.38606208254599517,0.4514688792835988,0.3450865784238462,0.07336280070784695
0.06289770767381524,0.04642095101852722,0.1113812831032699,0.1353703081962585,0.06050956240959954,0.15853701716824906,0.36887749104984685,0.11895602933988608,0.1878191217757709,0.4955648091520688,0.2080360965560128,0.08609340160910312,0.1659252419218635,0.254028213984481,0.23400588261661864,0.05853993879711638,0.09529628244044461,0.23493385948326606,0.27353361223075257,0.43745706365146286,0.5205157084314763,0.35877277651313366,0.09331164925050496,0.18876432757742437,0.3944229038894297,0.11517617573592966,0.5689689962693726,0.14906865846438733,0.19424878025214662,0.142364861287702,0.4404221550058742,0.19903916809034689,0.18569537881064488,0.04036124741148571,0.16954931881498303,0.20517553300545144,0.11765660566093486,0.13123774175334008,0.2867616988774621,0.31887701095630394,0.10086514785000994,0.22043932506612002,0.3498918173061762,0.37787246157329,0.3079290651967199,0.05877388220950124
0.05208932233153232,0.08176453303167823,0.1310706227999916,0.12649122755103154,0.03612085334583716,0.10145442841819725,0.2454357659784787,0.08635966356968489,0.15926191842585405,0.4268364825837349,0.1651790856133406,0.05551417347168563,0.1602296861426721,0.19253707944654105,0.2196392065518161,0.06269774334348102,0.06293960174191518,0.2739678874094243,0.18642532532300654,0.3608551402219906,0.3778359720817451,0.24362205578975019,0.0727747552223836,0.1658222998719557,0.3450103500230669,0.1249579228676259,0.32971437319727076,0.15056333525349844,0.16387490783658548,0.11370672570659988,0.3630168109620607,0.1864454880705833,0.1626065710058905,0.05004682712851993,0.11473371462113878,0.18190497018922747,0.09628806597495154,0.19746830784051622,0.23471157154090186,0.28072459213190487,0.07439579624714285,0.18673723775255255,0.28411991224810274,0.27167827008282686,0.2204375306433189,0.04927700395637175
0.07021340925732707,0.021606894960881137,0.07974813449112049,0.10196221789753825,0.038397254686573526,0.12992261075705433,0.2034065284967502,0.10392426903709137,0.10254805778285409,0.3843224020915615,0.16316491025211666,0.058267649985180865,0.1295358906249004,0.2073412433566395,0.17496582973375277,0.06144635058654049,0.05633437533246101,0.22046396960603276,0.13219546221504258,0.28669464298546926,0.3128215784784804,0.1435307901354788,0.05449644179010518,0.21377213887091404,0.30641256956706114,0.07711942946399228,0.2911528006122698,0.1770003333745264,0.18670413616369552,0.1264179044223955,0.26687154161756266,0.1615949148898971,0.11702313130886755,0.050145353212590546,0.10982141370149183,0.14213024318690048,0.06904464883116106,0.11246164744887437,0.19303576998732871,0.2687153951621364,0.11004425529479842,0.20986753475557313,0.1989396568426864,0.30784199605822193,0.18053884938161976,0.024576267897720876
0.02328503183079351,0.060136274688897984,0.0911187172066535,0.09546005294603298,0.02547337372956089,0.1818238098139231,0.22014515642065277,0.07514292518963203,0.11075317396317558,0.27785323088155733,0.1415422539959277,0.06730745048216452,0.15271984014684473,0.19674750655725257,0.1564517352637341,0.060857043812689825,0.05188059792946585,0.23891033820821894,0.15162465870952574,0.355171603280372,0.35503773602951244,0.2143683427975305,0.07370477035537867,0.25345338383351484,0.32510750893158985,0.09787190896939492,0.4198616617832727,0.18288297832678327,0.15175476520853254,0.12853792263496788,0.33272436968550473,0.16482364310550476,0.11479181031826155,0.04190242126726687,0.16420403759481805,0.16592134378936274,0.03504457211010702,0.08591475574208966,0.2067506086174227,0.29294020934300197,0.05216498218805724,0.20656672853711205,0.23215043492791773,0.3078870197032537,0.2340442490707545,0.05870759292602332
0.05542411039644285,0.07351114977688104,0.150787251964967,0.20164924755009678,0.07121288435733354,0.20602509549606307,0.2681516295626934,0.10364042556019468,0.07886178458685048,0.3708141681012713,0.16556262039278832,0.08212616624613331,0.12477462767198316,0.22824835656680809,0.19582485439237085,0.07616556857383133,0.09223751477496403,0.37794801055993116,0.16615307976788138,0.3443430437709193,0.3753882382468681,0.233507428724423,0.07095023399355775,0.21864700779651566,0.3744937003030256,0.11870638388303732,0.5087376266404824,0.19045123555815285,0.18668282401996458,0.1460270309566278,0.35056787446149945,0.15753638194821917,0.12182339384186264,0.023245370709376042,0.16781377704365763,0.17155016046848315,0.02330417594951629,0.15981843298610948,0.22748401650103264,0.3317608227720456,0.08302169525382483,0.22728830359722324,0.23943416035842482,0.2498890955311898,0.24204682816379697,0.09291638775950786
0.08040670527907334,0.0689038213533031,0.22049094881429288,0.29147707286773256,0.29625509514900006,0.28295941101550276,0.2682029405723997,0.1509380249971167,0.1695681271785293,0.47422565597068966,0.2438084735857572,0.17964090129786894,0.19751603428820416,0.25895797755837235,0.21494549056145587,0.08996120907328897,0.1637511374827243,0.5163417223262559,0.161630370884772,0.26362503745580196,0.5171489359573933,0.2746689397722352,0.332698420485675,0.3142353412031598,0.42382444910763795,0.24089146997013877,0.5003100274959424,0.358961957631456,0.30532718663489344,0.19699468937344147,0.4523860569987024,0.2846791807877924,0.12104827710501262,0.05441963246556142,0.22522716879888688,0.19247768071740246,0.1443698629229016,0.16462145112304793,0.3113980001283684,0.48395967522582106,0.16034841371554398,0.3740817986029338,0.2782591300768018,0.4601417049505133,0.39678969131821556,0.11294006745705276
0.1730723061361159,0.2072646242974485,0.4102195319636105,0.5717466107368034,0.7123185152902812,0.6619005768157625,0.4593481910063439,0.3175237679767674,0.32384628336070087,0.43266031261938176,0.3911212456287712,0.3463533311391558,0.45456915615308136,0.5102674557550835,0.3615460785226666,0.31810770141573114,0.3632885863886125,0.6886921274881261,0.24374287110531373,0.2651450063029569,0.5283916393014321,0.49910984653135354,0.7667886895322731,0.602492495668321,0.47678402083869986,0.33246249879329604,0.39572535081199744,0.4810296936696655,0.4519738952979684,0.32889551617371177,0.5385377445797788,0.5422178151772614,0.2634055529314705,0.1832979563973642,0.29919017841165146,0.3673961231178774,0.4536579264623921,0.43921554665919577,0.41595510798377605,0.6486667567873453,0.19635259470613836,0.7898916611695811,0.40933814326606255,0.8103139910442494,0.5041863993041649,0.393764435039187
0.18091097379074764,0.18818928115890277,0.6323928185148023,0.7545477138421848,0.7846485431306048,0.793908650175044,0.5440109644307777,0.4337814033471876,0.37784415761655094,0.3757864647888892,0.5389211983977159,0.5955930676129034,0.46466158457379964,0.6246446750321121,0.38732440793358675,0.6316177692494407,0.4714267534505652,0.7293816411265072,0.2266054198536257,0.2910955492148138,0.4949478818813907,0.5050301913106578,0.7029761582658305,0.7082378294851999,0.4483682316365418,0.45049570086548835,0.3519852283450973,0.7230770011244843,0.6166019943774711,0.5024866586162352,0.6027888108886696,0.7120025119272329,0.35920548101383865,0.4731341819828942,0.507037105497808,0.783998757037538,0.597772109253344,0.45786198276939444,0.38831791912373886,0.7628793231611825,0.24272245389997987,0.7300539973345267,0.439789055973079,0.7014012383754907,0.588226976393224,0.5518366869308955
0.2237790796955472,0.14537286995048168,0.8299344113189124,0.7716267934888501,0.7612136628016156,0.7850891732994203,0.5676440250703771,0.5289649331007261,0.5317581115004001,0.3107492845777395,0.5455552779449714,0.6480688885635725,0.4448881885028403,0.6048023446440977,0.3486512016896211,0.7439552152232254,0.4187536516913044,0.7814869730201371,0.2536618199595405,0.2637760388058438,0.4902366727354307,0.46667816129444367,0.4688976556146871,0.6524261499275625,0.3707951790086438,0.48845199755685553,0.3202296503047998,0.7967234157374647,0.5759090801769449,0.5652886815774142,0.5307960507689521,0.6126766938389482,0.3555909025971177,0.5396369115669473,0.5476160250142352,0.9728255882480541,0.5281691587713303,0.4613467204900405,0.3568835794330829,0.7600846445697249,0.2314665117581186,0.5340595309986323,0.4158156473364262,0.4947550669431078,0.6157407724357394,0.6399460077557333
0.2688837841787889,0.1486284862111894,0.8122518431058466,0.7140392739871116,0.7716011230663924,0.794496785660974,0.5677087903552503,0.5420921938405017,0.5028864532300951,0.35117481248583715,0.6548194076454682,0.6537269039192735,0.4767669818820799,0.6246725990152552,0.3762378744106618,0.7414771713026531,0.4379067820586321,0.7554324111500422,0.25500732118131103,0.26816069798349446,0.44835818971988295,0.4296399623018475,0.4498287921176959,0.6883715983950695,0.3931750434456781,0.4956142768576296,0.31744833457414867,0.7701205025333314,0.6569366997461381,0.6318040127710328,0.5413056535552337,0.5596880973936773,0.41020747589956963,0.5573299794869176,0.5496851654889294,0.9678352040144016,0.5284898181203139,0.4416464167072626,0.4053483302774341,0.6560198820186294,0.298828784470765,0.5203868454430893,0.4314561027772939,0.5227703660822192,0.6677318713400574,0.7270670995094592
0.34071946313966933,0.1738032614224187,0.6414364962004344,0.5219335778652935,0.8229733504299664,0.847973935546016,0.6166824442784002,0.537587226590207,0.7059156500255734,0.3632017629264147,0.7601860857409258,0.64726984305026,0.4883912575881688,0.6381622809380411,0.4171917824461181,0.8536283636319426,0.4501448247103299,0.760730767090592,0.46172016534606036,0.3446644244621034,0.5265994307902462,0.5016118348095928,0.4117357361411381,0.6570813337113985,0.48104697519583206,0.5591351007959602,0.2800962552556711,0.7067456025511575,0.6269074453550438,0.6034735569225583,0.609577844032711,0.5783263573660948,0.43371075397219727,0.45648787972626576,0.6698332701819654,0.7578860871392404,0.5251256756543183,0.3725937544986591,0.5205362657995618,0.7453954204667759,0.42904794690274634,0.5942022471794847,0.4949651976441045,0.5200041580116567,0.787685599962805,0.8174055064971381
0.43709637490257797,0.18380488311844673,0.5494456106376746,0.5124297801550676,0.7263251207737959,0.8164504011567778,0.7925831566365099,0.603588751704262,0.6138685180087771,0.3719556611109367,0.7165967533276,0.5591489153047947,0.4624527298925721,0.7015379689135538,0.44833307457993055,0.5406198485751803,0.4899216669549705,0.6730290678087357,0.44559158903241297,0.34895151615825015,0.45541063253693403,0.561966459131628,0.42058807423778455,0.6950135277344512,0.4395226200812406,0.5906366787812226,0.25353605507267546,0.7093384546632968,0.664413747269653,0.6008677911883888,0.656967196008385,0.5736569430524904,0.41448654928326834,0.3790190751640843,0.7351844519422384,0.4587334514197631,0.5625901058596613,0.47233195342249873,0.5306186065342642,0.6657987291131675,0.449231042145205,0.6312182374685653,0.49916175820014275,0.49898340792954876,0.637603868752763,0.7951421223058204
0.3627537541591688,0.16074373661444516,0.6333103040856153,0.5273967510966808,0.8218231675474409,0.7737200168656216,0.8794128827217657,0.6646241985928215,0.4556356537197172,0.35324573259786973,0.6562782867003649,0.6214863032582578,0.4356943548773561,0.6846412847263749,0.48068865623125623,0.569913749083201,0.5299458769874134,0.6693671517824852,0.34161752170819903,0.345885793418177,0.46214241511345233,0.4384558311069774,0.47450030829392964,0.7204493093989243,0.42273720227135353,0.5893939902955363,0.25574776891251033,0.8002533997789485,0.6539929535575244,0.6251866021520806,0.6016182975671174,0.49079319121439835,0.44779477746783936,0.4776635585833257,0.8071961717389231,0.5337626854852783,0.5948996975175558,0.5496545999559814,0.5361603100927101,0.7177288617284469,0.37228176771864874,0.5788272121233459,0.45879961624873394,0.49926942046449563,0.567211984267625,0.6003075755923457
0.27152641266898575,0.18787938837651214,0.5633820537887511,0.513748023487651,0.6996407242789514,0.8217300974445405,0.8913860335578014,0.6255623916778646,0.4588286185567932,0.38578013358269847,0.6957619951577119,0.617087113569226,0.5172437117840759,0.6971639347650189,0.4578118297489458,0.6313635035839029,0.46666097326176287,0.7134764053622786,0.4535095989028609,0.33506318603988444,0.46253696652568,0.5152619811830641,0.43596198296601063,0.8524880277626999,0.49256348685002704,0.5021510076174345,0.23587009752014257,0.8874216139681028,0.6643963200733672,0.7212917317398969,0.6219249872274903,0.44550775275676546,0.3905359312754042,0.4761486134493521,0.7791236252887448,0.6846912075786873,0.5999101088682756,0.5689208111727595,0.5009987453044079,0.7872693613040408,0.3771232909004818,0.6082832482532706,0.4467066238923754,0.49299016698436493,0.6422565828860737,0.6255704341990452
0.2604969740173811,0.3754635439383896,0.5239990920732559,0.6724548586428423,0.8087553830029804,0.8240201132592322,0.744238555696188,0.6123044771251305,0.5700399156989948,0.43060777046079707,0.7078337814346527,0.523833062821498,0.5089526498161286,0.9366864051444806,0.4984461970057052,0.7585697592509419,0.49478073674169476,0.7206448674519933,0.47302102311687566,0.43257856504780035,0.4425478545122932,0.4389078336384944,0.49646071369902234,0.7469463575528711,0.45038987438401706,0.5450512327787113,0.166808375950989,0.9888447094417415,0.6664684874303594,0.6403149404668893,0.7049908352199994,0.7022994543258454,0.3873552549357675,0.5536776634450978,0.7052098832136693,0.5855606963056732,0.7349017002035819,0.5221523668732443,0.44805338232829955,0.8014561124155465,0.35903428866623616,0.614766023305032,0.40516613162327336,0.45807513561550894,0.5513401224036959,0.6630409019209262
0.3160147025887097,0.44528253937602125,0.4475931068976058,0.7864075084781588,0.7138853927766711,0.8676315834195517,0.7480792253454167,0.5437666748635752,0.6470182882439622,0.45257282261623194,0.8061083878730376,0.5570790892884571,0.653317392355537,0.9313373590750175,0.5672918117049247,0.6170674287641441,0.5350840288855253,0.7493740001830527,0.4429940821901539,0.44404707576211405,0.5337253955045743,0.5309408394089496,0.6086285983826755,0.7526070597662602,0.4922424953590655,0.6205506834905694,0.24261740823677916,0.8615090529721803,0.7437577607468459,0.6236436936661038,0.6286061271219795,0.6985050313875579,0.4520690871220042,0.45168342124862565,0.593096363148012,0.5377507125808094,0.6416138840616206,0.5818708767357963,0.5337794759495627,0.8562347812081318,0.4006958086328655,0.8107751268070625,0.4843014200213175,0.7125138025904928,0.6024926947903059,0.7681613274656567
0.4164465155480105,0.38066247002108566,0.5100955650992861,0.6894974334182952,0.36613541973879116,0.856134717677816,0.7928114788673961,0.5469612212849434,0.6298061219658804,0.6300531354323589,0.6413063403784749,0.43260204077343495,0.669438894666052,0.6781195875624962,0.8140538103898703,0.515828279482936,0.6427746768978904,0.7861347133170788,0.5553742347132543,0.5891799511990369,0.6936133077574426,0.5797221724429009,0.7106053286116777,0.6727369289682005,0.6366015810000397,0.7057320459418829,0.54023094760268,0.6145289685983212,0.7393656303195106,0.6488683999010271,0.7477696360742366,0.6820700371934226,0.6395499417227605,0.40320902581547874,0.44286909155166243,0.39436869217769555,0.8262569174684158,0.8153855883071712,0.6613676793324854,0.9070768067844942,0.584672485152544,0.8368025402021569,0.6054257440664274,0.7966298402504739,0.7605367568768661,0.610618654340498
0.41249480722525467,0.3277199523713404,0.4801608977709831,0.5112576690093275,0.21783814895330608,0.7454198380836532,0.6377871487606552,0.5985517060557456,0.5919854596281753,0.733287187919013,0.8777091833254232,0.40277524427652567,0.7890239978276639,0.6702059576474242,0.6844913686278018,0.4106357671257759,0.6182209544678033,0.745358440474933,0.6780868613024803,0.7443351238804694,0.8231944055440873,0.7880077112983445,0.6041638933018217,0.5259290029151297,0.8543672088896458,0.7611135035181995,0.5418563078677531,0.4553357564860133,0.7318197462810919,0.6817197625026975,0.7078932691598823,0.6563452971140677,0.49682456558403043,0.2829062812496313,0.5105004228623118,0.3939678054625909,0.5085667255378358,0.5230678070939588,0.7590235121323172,0.9162459394574173,0.612550194285111,0.7345771791039063,0.6642615705838347,0.7551201325360601,0.79072953243044,0.30762225009380006
0.461137057336198,0.28258814106275215,0.5212584085063521,0.48529938975541015,0.19501659912344826,0.7731743016206317,0.6137805822497207,0.6472775746367743,0.5935553938269219,0.9123167731209534,0.7373548308957975,0.41506872914000803,0.8530144635749146,0.7048070341767558,0.7611989983292522,0.3323630840889037,0.6635670305589579,0.8144782587851487,0.8181405999800058,0.8280491333615226,0.9176818975677451,0.6931645227383156,0.4976378257109524,0.5454064413648924,0.9793000299373854,0.724275107063171,0.5940374669295885,0.44924978610494803,0.6525502743158837,0.77714188874641,0.6665529541716035,0.6594235335253166,0.4083819987109114,0.3015594461298551,0.46106439199516863,0.3169533813297649,0.4900209768684278,0.5900016554782953,0.8503954904454112,0.8870226281638766,0.4327993881733282,0.6091260886338746,0.5964343634659331,0.7658255210987748,0.7105183417966313,0.23520236551117463
0.49476855214849563,0.20071885446664375,0.4874424341108478,0.490945565279101,0.19146793580214305,0.7260351408892125,0.6130662872676036,0.617080859670953,0.4261857171009714,0.8720506617240402,0.5752574451470549,0.37395378389851563,0.6814211198342943,0.6039112111178148,0.468435016318753,0.24794120020651722,0.5548692255015132,0.8159381054848023,0.7387211916168102,0.7823136037583466,0.9267328978526718,0.7898735399612757,0.46881999553972686,0.5517805829059349,0.7912639477701052,0.6341480288171614,0.5550638429740684,0.4618726525198479,0.565296065305775,0.6350587186377047,0.714513575729301,0.6131535757126403,0.5585336253731258,0.24943570660104242,0.4470509576288294,0.4372495833089067,0.4530997433028755,0.5665468367933648,0.7863344441063569,0.9223566854532814,0.33177866397130196,0.6856294172422752,0.6254465938409683,0.7579573591622508,0.6239797492744716,0.22214757557641274
0.2319972360881495,0.16383108952719594,0.4993667500914472,0.49432942853839773,0.17145623484081854,0.531642086643455,0.6757001014849064,0.3677738997686574,0.26318166010748567,0.9999999999999998,0.5075076032800557,0.31000177112827215,0.5079041043374931,0.5820185413414393,0.36839033865158555,0.18221481721776672,0.37775124603955657,0.7678478925315458,0.519716157989603,0.6885460075976917,0.9290159899636318,0.7770124022658389,0.3089594879056732,0.5145333653411577,0.68798532651395,0.4643753620226321,0.6427879049763403,0.34165308426416285,0.41322862633811774,0.4272944727173721,0.6995783413416858,0.575137485286365,0.41704082394918196,0.18524284245181605,0.4054258479338005,0.34642691753115645,0.3142956208893243,0.40718373889659304,0.6720612906709365,0.9057467625547715,0.2829278867916362,0.5965856454597332,0.5345861689761076,0.6818835289164741,0.5496160530531249,0.15984638744847146
0.09520873144257973,0.11343444466498037,0.36474169747411933,0.3367749875592597,0.15343112914026885,0.416533151683264,0.5778195573967222,0.3093911055166024,0.1717443193195451,0.8674180864168772,0.43068178148603303,0.2444003015466911,0.403287023603988,0.5751584229797061,0.32711869439249935,0.1248338568026755,0.25665483244288134,0.7262467106318916,0.4288299321836226,0.607163118841537,0.7696315347730783,0.5652818667120305,0.2506246329164489,0.3794726423706649,0.5532450604512795,0.3234561512238561,0.5683631922938137,0.31513316819276715,0.3914198855511768,0.37165173120429096,0.6658818208445677,0.5435765897275117,0.35461525144014905,0.13150036243270438,0.3816648604076785,0.4256853577919983,0.24806668312738953,0.4238562309505706,0.5707833244408276,0.8544042850784433,0.175903053667678,0.499126716467508,0.4812912634693405,0.523724614419458,0.5670304145848991,0.09372226911635706
0.09378068102701931,0.08508575517822656,0.24877949064893023,0.36226038019305207,0.12860308805515872,0.29498692076650324,0.48894132624526615,0.28229168536946264,0.1439432672871132,0.6987896382155736,0.3076126992424524,0.17088815978182334,0.25840281503262874,0.3950409525627671,0.2945405380808744,0.13691979653267855,0.15901742268661728,0.5072918738830269,0.3752487655475448,0.4975885335567399,0.6541088947331043,0.5613545676158215,0.2221804574981797,0.38414561197846026,0.4629041764570875,0.24752064576766136,0.4475171769384602,0.1912744032061392,0.28274434762607903,0.2717917018935705,0.5992935836389339,0.42200975675147356,0.3746814755758925,0.07111978419716208,0.24092668185381017,0.3254960459773096,0.1762262978976934,0.2008383750081773,0.41506067941007735,0.6792719461372458,0.12852395675668243,0.38232188255103783,0.4550549628316666,0.48442898384755173,0.43372857819948163,0.11127126285076719
0.0898334321143607,0.052755705967460154,0.1890869489250609,0.18008079324451332,0.059740033024042724,0.22801721996105978,0.37121717901678486,0.20798991847162746,0.13245481288659142,0.5651903347725705,0.3083641836714815,0.09202420062872646,0.22734213439804526,0.27311813496335413,0.2997994742047693,0.09023208629476379,0.17272066487527882,0.37346524393672725,0.24060875736292886,0.4140134661908418,0.5343972288602027,0.436180069920444,0.17599512994624017,0.30264783644370463,0.3757858542988664,0.18579571428263747,0.7002182068194056,0.18232594604590344,0.24034405645397974,0.19266159492029403,0.508056199290651,0.3086234796877948,0.2387414428885066,0.0574049306386529,0.20488565315652513,0.23048757578044093,0.15572799672587956,0.3155651818767101,0.398060980999003,0.5682049089059928,0.0860572923499513,0.2715215232298893,0.3899245480544268,0.40616228281777234,0.3779956005770047,0.07370769564127505
0.09446384311933792,0.06021494665107552,0.12191377041100905,0.26185756319057935,0.044269464447566964,0.16706511605125382,0.2718028212204109,0.18873322047562247,0.13938001704694056,0.5088027621644053,0.20098056250034707,0.0844715111145862,0.17707643197428768,0.27774219301303565,0.25751575896188306,0.055716464029174136,0.09429014441274025,0.40701269796766987,0.17329725963427306,0.4122175310003163,0.5453356860985644,0.3943496939944297,0.1334513673545201,0.3180420626344216,0.3695644054190476,0.09941170932188843,0.6136064229019145,0.2127666787743526,0.22147408610056876,0.15556415506965127,0.37440695661771073,0.30760801898751905,0.17070866237720944,0.0430264348724293,0.21885233248407315,0.20577380990644228,0.1002378568804092,0.08686789173045527,0.29775470647589586,0.467855624806428,0.08188975940901558,0.2558346093858065,0.37251805551795547,0.39146978751253414,0.32029287221468766,0.15008124332213837
0.016212226137909038,0.0744114460572237,0.0880375019753472,0.16852943095866096,0.036600085071103614,0.10283849591024335,0.18652568012169396,0.11565380128009906,0.1266042738848373,0.4174483103963963,0.13436769656788622,0.08643339751154464,0.0969807087621011,0.21198187994224016,0.1833130085989089,0.04811269186784859,0.07910915290155911,0.36594337600515686,0.16172093912033667,0.35222209822244155,0.3953057801875766,0.2269052447486766,0.07089554690193012,0.2470676935329292,0.3185918830871132,0.10551005993426678,0.6233952971565032,0.13091072500792794,0.11210507941515696,0.12989502392760813,0.38285308131091217,0.24139677791382969,0.14228812940267604,0.048456082544214754,0.12478159547300972,0.19578278742312194,0.06046113174170191,0.12202844620928734,0.25513892153319073,0.2952475122402007,0.0411962490795599,0.25968620023567024,0.29546764645796536,0.3738425857334605,0.2394517819661155,0.08830368551047182
0.0479809931409205,0.0952646366817041,0.0573488293119154,0.10942195444727883,0.01907104765238038,0.16752595459155986,0.18911461780239666,0.10340072428589017,0.021792364316389375,0.39196879457440975,0.1155974276458312,0.06859562629767066,0.14722812561863693,0.21280659396269003,0.13184324671823427,0.04361008776651503,0.08218407510703366,0.3626682322193579,0.14009753700723432,0.29121250027892903,0.44362111414765454,0.22616098554486871,0.06659587746353866,0.27441515495239677,0.28186721602067083,0.07762295419644592,0.3894807137083087,0.1254394870750661,0.17041524116560067,0.11451675806250634,0.33561945879232546,0.176327934740513,0.1697752410391786,0.03322879472422928,0.07960193844328622,0.11781266582512735,0.1010367748547667,0.08235681820571579,0.21905404735212625,0.32984002880992647,0.07126789183344173,0.24538680400146995,0.24495313154802575,0.28254487137216655,0.14137342504900455,0.07789307839991683
0.05908405684666175,0.06577815050584981,0.07012312160720126,0.0975066573828265,0.055575767013264235,0.1534873449869491,0.1993367757116027,0.12589979135037893,0.011604907533951832,0.2851927068530328,0.08375737586296665,0.045967485374125115,0.15462334048779233,0.21056358417296694,0.1649455236016951,0.04750378325931388,0.07596540730074622,0.34597965364330163,0.2105576916237262,0.3224241596066314,0.3779437213729694,0.1203260284467689,0.07698318383749521,0.30303584436797915,0.3216367985776768,0.08126873539168103,0.37365175610683865,0.11743828116362706,0.11732602801630818,0.10679941413832224,0.292048267910008,0.21925218144260727,0.141255294635949,0.03157803494774153,0.12394344532455658,0.14967497882001468,0.08157027632694853,0.09618559607834858,0.2304700470473157,0.3004806461560612,0.05122987868906211,0.2905120445155203,0.2325474806353963,0.36046374327362574,0.21041381742876342,0.09557669458003401
0.013580863387447028,0.09208453544408227,0.06572051818929914,0.1444849142617074,0.06748285323475928,0.1745725525052698,0.22709782309833484,0.10061596549290944,0.01900330835373837,0.4143764692502839,0.11014859550699044,0.06508184501306541,0.17238689729743512,0.15860099207605266,0.21050815869463277,0.0867359752211383,0.10199673990057558,0.32144605376014895,0.26870224770999807,0.3285583404746889,0.3838689137068826,0.14778603128950957,0.09767891053400757,0.2532117229789247,0.2799143898461641,0.11849632405694362,0.40559855467004424,0.1391842320849845,0.14339040392752017,0.12362465427798218,0.3551773258329352,0.17915792074773162,0.1263396240697554,0.06829128261914923,0.06430593306130633,0.1422131222469611,0.11482578796116671,0.1144398686790717,0.24414783912841206,0.37496625746423207,0.04131911324253384,0.2990855645002607,0.2443681494871293,0.34427767527552855,0.2518293303175606,0.06246044583642358
0.05350728260328513,0.12033466380920946,0.21285457322186208,0.35200321081816155,0.23034845089936437,0.32780910709767663,0.28353752056295717,0.19028904357909504,0.15099659097058032,0.4760648465382692,0.2290142127682449,0.15858987081680223,0.22295114302639368,0.30355626875492187,0.24233297362643175,0.09285352954885748,0.175718978667853,0.37363875287619125,0.2242548799016536,0.24740850394701522,0.5945215111499136,0.33812969769111145,0.3356176953833887,0.4096138899637641,0.42618915151876374,0.17369596274805915,0.3658685399078836,0.3087738411764823,0.2842685798896968,0.2039232973950919,0.48799673962933066,0.2502285837216087,0.1978706517139337,0.08148209624369813,0.26574469967866265,0.25284812338039275,0.17650357757166418,0.1638624618136833,0.25877003312466923,0.5419906820037104,0.07928863146853948,0.43225596624034096,0.31915069960941383,0.4615220251725459,0.367858371810165,0.13376154442831573
0.21078720400888504,0.2511635376565765,0.39939150637699683,0.6576475982906902,0.7663648497346185,0.6592075899902471,0.5119778137374067,0.2993506248825507,0.29779161189094133,0.4907831306232894,0.43074600787317663,0.31781168110964664,0.42657225903561075,0.46037706693024644,0.45293048069888225,0.3019811705308652,0.3987362005182745,0.6908076378608986,0.23444141607843583,0.2098884929481045,0.5736554903179742,0.6035783987682333,0.7950831903432457,0.6418410864872488,0.46682912500158363,0.35451607909317456,0.3237158508415511,0.5041960497284794,0.4553511190350318,0.31450765741485553,0.5976051677066728,0.633478814878219,0.31211260715621225,0.18124460157584957,0.3430231923405935,0.3693655975541575,0.44079878953073404,0.6028974261027075,0.40363943927171575,0.6113452459160745,0.2515971061838654,0.8693957408159443,0.45641921098828814,0.709030918138734,0.5475744276150845,0.4162538508080573
0.2060743682397106,0.22337627951569933,0.6960073278541618,0.7823947576737164,0.8029958482859227,0.802627900958452,0.44296135835086903,0.4251019950293359,0.4474520993429734,0.3748120462645815,0.49151794429199,0.607396216058263,0.4905750885653182,0.5843525834558192,0.49820291432324665,0.6662794693227947,0.46565102943915465,0.6732129711672816,0.28139908433123806,0.27485428789888555,0.5127366631775409,0.516276674613251,0.6979120736804394,0.7241076076975754,0.47802608468997476,0.4578528177950008,0.2156966538931008,0.7472504132778828,0.6113727686614954,0.5273100523980653,0.6674818068141781,0.6928900027224053,0.4040439264638107,0.4864890047182639,0.6323842097191532,0.7667010424008343,0.6119321627218608,0.5456469333420171,0.3437076171776708,0.7940901877324751,0.26853262789484367,0.7451250743881603,0.4458345257281734,0.6451811749267635,0.6210649206231652,0.5995675971571839
0.28194274762092425,0.19560862153336342,0.7064637210638725,0.8058703774822455,0.811176672754612,0.8294976537198254,0.4881812374018472,0.48343272289285477,0.6308697110837148,0.325814793717095,0.5314857521899726,0.7834386125380975,0.4390215135194881,0.6529623292816201,0.666134562662188,0.8595532219668914,0.44632720096539413,0.7096794607048623,0.3060156046301378,0.2796552341951679,0.5687607164360767,0.40875620643314153,0.47350436011674046,0.6520141824979134,0.4031372415997321,0.48725053688978615,0.20965606246362087,0.8243488666554231,0.5842295895240032,0.5691024539969498,0.5370145353077509,0.6281761901521989,0.47619796747356635,0.48569039571705414,0.6552698250624002,0.7968246787595893,0.5541017279910744,0.6269794383831058,0.35792925021462374,0.7662888451725097,0.24014184902730318,0.5858961108450939,0.41044229480819655,0.48173021872961264,0.5627210779162911,0.6209629290328493
0.2473562030383201,0.15025015434046135,0.6596541860649151,0.6983908316935128,0.6606317098122991,0.8043855706631321,0.5469716646492087,0.5403298780288912,0.7309897668006521,0.33988893287830324,0.6104817285104708,0.7487597498074685,0.4306141841621204,0.5483807328514038,0.7634489015077522,0.8993712628964338,0.5186734793796218,0.7534868876962894,0.4207628934845995,0.31455604249070884,0.4702144135374584,0.4590952833864211,0.41094710862574435,0.7455236607661447,0.41562684440843023,0.5726620231979592,0.25738501848594925,0.8917513785696468,0.5628533564965235,0.6451669527730683,0.5774088456827922,0.48732586787127496,0.42675983362620273,0.5356874242077567,0.6723095575901216,0.8068174901390109,0.5817026259089076,0.4532254940818858,0.3735098950863478,0.7752358929139741,0.26558001614187565,0.5203330393977791,0.43709461314316855,0.41940884863269734,0.6152724509178148,0.7706092549693516
0.4026995992713541,0.14235127383484233,0.6429989264965139,0.5225957769790444,0.6740090595434696,0.8031190493949975,0.5739126974496873,0.5245898990293779,0.7404070742153182,0.37395553393778214,0.6952469215643069,0.7305465156021285,0.4238199670790319,0.6114831764417847,0.6893095382811045,0.950633661714224,0.5574153780865202,0.6824270463782393,0.5754409433114636,0.34832496212778064,0.5817325671939575,0.4567481704003193,0.3931438818708647,0.7227241165554462,0.449432421666271,0.7173820596683327,0.25235660247728686,0.7510583304402906,0.6296026639183119,0.6530300368210932,0.6217821163284478,0.5025752606294972,0.46932099771469116,0.6821698694368328,0.7032360568914497,0.6457809920219254,0.4987371131712467,0.517924775363166,0.5326195948221063,0.7645251376961909,0.4172549525597527,0.6653793277570741,0.5068719566589011,0.4955623146735294,0.6761011540208874,0.9078124283926114
0.37025506482853004,0.11212006915443976,0.5236331691014063,0.5002145720211979,0.6716796768520181,0.8049311417300392,0.6288972772384018,0.6853520345914188,0.6696427226608013,0.37720997460132677,0.7628209603437556,0.6199046589335264,0.4498527313003231,0.7288733019759337,0.5472462697759024,0.632116614939076,0.5501827267289635,0.57880589613729,0.6210960678181424,0.3440315365127191,0.5900345694007114,0.46817217943778494,0.41923728698925067,0.7117524033636012,0.43922027396286883,0.6634306781457106,0.2334733839278759,0.7470835874126072,0.6287859104629258,0.6789509009251533,0.6371139593125313,0.42906446346615373,0.5598723202819282,0.4940755576140599,0.7336890010025099,0.4821697643759058,0.4784130693417914,0.4568755281530796,0.6172592584379283,0.7047748746178135,0.44712446531220856,0.6660785967072448,0.5143282572309295,0.5654888875424453,0.6536714709547604,0.6956278145307646
0.36447246376794173,0.16434667889566168,0.5317388211414321,0.485091289776223,0.5568336853041466,0.8576874376707526,0.6937121893779329,0.6814806118305119,0.5511314793114112,0.3597053657141782,0.7496871832259369,0.6343896649668626,0.4186297239352567,0.7965027801944418,0.6088819506199137,0.5502411716364488,0.5300720594016515,0.5251998642515263,0.505122233593846,0.3453710274071171,0.45105206321742164,0.4077660992102216,0.42864048170663605,0.74837956668271,0.41517430833147895,0.4912873189781014,0.3493947212792591,0.862432151416074,0.6850854785945307,0.6571707871657418,0.617923486323497,0.4195381874482494,0.5235147517436519,0.4631675598317716,0.6995619011089436,0.5791402976052966,0.6083175692404852,0.6543059478523799,0.4928218309754659,0.6540614602305692,0.40974830922455185,0.5665790853793152,0.4652501874436698,0.4947285411893869,0.5494155009144522,0.5268052434460453
0.3091725156557727,0.19468910809945011,0.5790234856616252,0.6130867416117648,0.7173810213182106,0.884308684079606,0.6869519819650733,0.6317803303287688,0.5993634640006436,0.29697854723009026,0.7391395704248974,0.6285450384109637,0.3893225552522214,0.8292085182577053,0.646699613304381,0.794051652771559,0.5354956362831838,0.5767837189810905,0.43827738068519,0.37874805395604144,0.4717526490649585,0.4909359852987772,0.40630823798961346,0.7628759661553617,0.37667944470078635,0.5587423676633222,0.20843740812714504,0.8684332767577971,0.6599207949707044,0.7550281541012234,0.5660965259530296,0.4611215523261987,0.3929979706515968,0.6962690129602749,0.6155447741238458,0.6166852153347753,0.6095157950694798,0.47737586686907113,0.4171953864578286,0.8091582373384214,0.3536226499857648,0.4973762815436538,0.43483771894242995,0.3876142720088894,0.6141798115217856,0.5797635671980347
0.28623400015409844,0.41146217836165194,0.44913433995786894,0.7265626740473119,0.7640585526512128,0.8288735758183821,0.7332024224931749,0.5393064123307636,0.689605651880815,0.2882159282144121,0.6864121017392176,0.5769548020898201,0.467595035126454,1.0,0.591823363999332,0.6876564700904879,0.5339788621647322,0.6781824666224879,0.45544258270593574,0.48860392185390183,0.5382578655760649,0.4807082410903037,0.5072980879017255,0.8565141757780986,0.41379417601563495,0.549754381646515,0.28553237259632863,0.8176137551628537,0.5899211083917799,0.6970309185787162,0.6902523294546242,0.6395556355846632,0.45063609239617264,0.7487396867917009,0.6401769296982716,0.5405914862235268,0.6069401909381505,0.492762402646899,0.4506118616796192,0.6654874287554922,0.3444852650775272,0.5676273335117799,0.45868328867111335,0.4778519044708952,0.6346802488593166,0.6411483178777476
0.2856770606802292,0.41418286689162837,0.44905369253802435,0.7516559229567155,0.7116597872087259,0.884300666890123,0.6953701413404495,0.5768309970719019,0.69456117772771,0.3904777729790341,0.8036280990106637,0.5825670939418504,0.5258359618708285,0.9953786926025886,0.5757882067845999,0.6971757492219726,0.5712204116670271,0.6435466549307193,0.45077802957963686,0.5602055282574041,0.5502614115306909,0.5833503632747756,0.6676762224979753,0.8309934917120444,0.4847621515657605,0.6027420977487474,0.28747627680758736,0.7802590036798164,0.6927205706961079,0.7244611698149276,0.7283527092504203,0.6944886876200225,0.5421697309681954,0.6741670195721581,0.5491325908818488,0.4556452566686162,0.7190839609517692,0.7481544587389639,0.5430062604486008,0.8007572071201506,0.37955716206472284,0.8442727693805382,0.5038981402416679,0.7601057827509677,0.6300777112122148,0.6181038833866704
0.381393438342976,0.45879593990628964,0.4429625473301905,0.5896245970848611,0.4224806993748129,0.9513020077349127,0.7216305973238961,0.5795328617698943,0.5708001298230959,0.5935941584340789,0.7534590456603737,0.4740293389635659,0.6590734183654517,0.6926404031723639,0.7887017761028566,0.5794607540041739,0.621328888804769,0.7953965323628728,0.6949329658449291,0.6707219273397036,0.6974728760375268,0.6966203788942597,0.7762138720949269,0.7183820370049757,0.6802797932817387,0.6083400999765467,0.45346187706922664,0.614678195590484,0.6623210820767359,0.7228269705673145,0.802654353500416,0.7322451962476257,0.6537246192341751,0.4759331219276445,0.3777158911784146,0.3585224902432269,0.8008308785023192,0.6731582766868469,0.6989970633339427,0.9579741790746313,0.5588241482557479,0.9264218926129933,0.6633275132235421,0.8217155148756032,0.7432182689406784,0.5670403957357641
0.42837980777122825,0.188720906755971,0.40905950622477477,0.4144664254166479,0.21041673844652944,0.8352241941492047,0.612767651496241,0.6092228167410727,0.48913106818011964,0.7487950846473266,0.6825700955389521,0.39739258918846687,0.8405101605028099,0.7334085412727928,0.6336576629693773,0.39596130710644867,0.6379296201914978,0.7144294635413785,0.9300861659045857,0.8161920935154575,0.8179098364520897,0.6392947217997406,0.6019402267817558,0.5663386716118647,0.8514907670301509,0.7620150321880944,0.612448886515231,0.48575774199220556,0.5874694809742123,0.6674511652750864,0.7558051861645119,0.7196313686190712,0.6588802750819531,0.2590629230370129,0.4379714864129376,0.32167897380328686,0.5784797542618795,0.49201762585091807,0.7915772872228749,0.9279876925367414,0.5448566771928011,0.6721066778672938,0.6472304780573596,0.7934854811070675,0.7430614711543325,0.3071217731927338
0.42992730333869167,0.3282589999159667,0.3869824656476734,0.3930871032071,0.22719699403469804,0.8894673545184557,0.645677237156743,0.6237260276705354,0.4695046947128536,0.8864740747100252,0.7102939706730248,0.39456172891851776,0.8683927286516784,0.7398138284405562,0.7229327802022391,0.33617225804539425,0.6990661402216622,0.7937703730104408,0.9137988798694956,0.9219953346253061,0.882820889020328,0.7892007288447249,0.5109791628361322,0.6038589407127726,0.9631677642934302,0.6179871206702733,0.5248041826419269,0.5174058027013142,0.7136349665338841,0.7315862969016755,0.7601803467298016,0.7640899731589365,0.6156967461738507,0.3218168565777217,0.4335084493603599,0.29891903693474486,0.5195039326710241,0.6246292398207208,0.8836059472259749,0.9343881146587469,0.463662777060964,0.726632186718389,0.6022164986828259,0.7956193300916787,0.7390310239130458,0.2959863944412149
0.45694433696175396,0.17320655848658986,0.4710687399843458,0.45177792058459504,0.21277043992032366,0.7330316657944835,0.7583329859192582,0.5884686735162943,0.4142409152004232,0.872964895112429,0.6667928010192679,0.38403603283233817,0.6751558476369255,0.7069314586185955,0.591327029229808,0.2513381438583321,0.6226322239887176,0.7440524595771946,0.7165946031690368,0.8025650160834231,0.8354622520222924,0.8896882412380788,0.4677795681785769,0.5337481238426993,0.7666677913839676,0.5146955821230236,0.514103330229298,0.4165843110770697,0.5492502535634911,0.6226158690142934,0.8386077083194992,0.679635768654474,0.6199271677664292,0.28621586943739763,0.38171141013237764,0.3784455135903215,0.43537767797399474,0.7979149570308539,0.838767507958558,0.8902348748718365,0.3754712719417121,0.7002642435356564,0.6291772503410253,0.6929385759961447,0.6418919712723736,0.271131597762336
0.18466880336781052,0.18255883127476277,0.46518957798612565,0.3713374814763533,0.1623485152949541,0.4903679177367811,0.7403545875543334,0.43279642391553547,0.2195100371688086,0.8906367683746708,0.5640905451880427,0.36376202223484894,0.43239262418943647,0.6479486037734493,0.4650848147649874,0.17270364776969319,0.5263717623899477,0.7942333082517389,0.6253242206297962,0.6811699024824727,0.7705185022113626,0.7775443622987852,0.3533834986315686,0.4768810978457625,0.6706611981691499,0.4191128442581505,0.6832408892944363,0.33238498290986807,0.4530996386244964,0.4870173253667486,0.7826268087315388,0.6079090858307461,0.5949461086242515,0.18297595192686977,0.374328423890944,0.36975689950270585,0.3039583514654819,0.5199275258986074,0.6385965181880321,0.8641416341220968,0.23159892276910782,0.5447319231299859,0.615069534433916,0.7234755116382295,0.5269108207242472,0.15834376707594552
0.11995931159335536,0.13100401153945826,0.37348642376558217,0.2952882105526563,0.14281975573805286,0.38126544774612103,0.6989605935119826,0.3601497727706618,0.19366576996000195,0.857733024439704,0.4207842427268227,0.27890376576874154,0.3537036728747856,0.5221929791730687,0.29422765606388496,0.1348053210924298,0.3136821315618328,0.6229682031978392,0.5403994243107546,0.5677994935057316,0.7760647179635277,0.7010966659195906,0.25939296359975594,0.3893846768576659,0.5725462975626794,0.2983118288187684,0.8268069750222106,0.27591109720203066,0.2973341937524778,0.3896719499269284,0.6939582223684805,0.4474545781137397,0.4546778642768181,0.12637383552953108,0.3226960614582215,0.33591047009972375,0.21531056861033201,0.19363463809771286,0.5622549962905772,0.7864750946723265,0.14405523007480114,0.48097323014031007,0.5827419138390764,0.5178053551872972,0.5535047994506221,0.1343535637112449
0.12431134152806063,0.12092642914004398,0.2452323459926759,0.3468141817654597,0.10070934627284062,0.2560020638991371,0.67598766854221,0.2645455673658847,0.14933842230482408,0.6417929577474164,0.31394415625032496,0.19966601077287555,0.28420368848474514,0.44452659330311034,0.2776534694967645,0.08943983484691104,0.20633436471474628,0.5110413609076613,0.4655494845221054,0.5341034613908486,0.6421516571930109,0.6358315814793234,0.16888782432731558,0.33849047403172633,0.4925033489083427,0.2145583937912589,0.7072886315900109,0.23903553947530107,0.26914074055633097,0.29279583141951876,0.5747272406851438,0.34498233684083995,0.3548049853957953,0.06208419786783803,0.22636462885130232,0.2783757007586674,0.171300567959321,0.22287224578592146,0.43680972479702623,0.6401033529496767,0.11878475467638169,0.37098902277985474,0.4373034645650322,0.497714792943872,0.45652479303514,0.04636861735926593
0.08592998342129599,0.11095451690612865,0.17127264431042216,0.2255368562121835,0.03419356870638858,0.21225607604037916,0.46246686694894706,0.21149860657550387,0.10914996462718005,0.49714419533325216,0.259587887337327,0.12866117647839073,0.20959698529313595,0.27019267632846977,0.26814247000056346,0.08038147690027928,0.15544065871432058,0.3744779443930406,0.30270967609106814,0.4876082479561455,0.5752915270517399,0.42878585868308583,0.2156471355568692,0.3154766031646126,0.45492277075760773,0.12763524253812658,0.5918209686722848,0.22537298529725502,0.27917597149568363,0.20702373118118192,0.4672108932597465,0.25453999703412117,0.28957409116776056,0.03902100125197687,0.17675872285890798,0.24105792528158493,0.09530449221956847,0.18355753570972932,0.3731992320077165,0.5229161503113133,0.1058146771144029,0.27934422151216637,0.39950183714647586,0.47541714926658907,0.36278608783717564,0.0609053602616497
0.055838892932862164,0.08084993399631156,0.1284346274631311,0.22772694726912973,0.021797459628657423,0.14153053452293696,0.3875831912121987,0.18005744187351316,0.10156187594519805,0.39276136808179957,0.21003618151371642,0.0913682890349723,0.14158715941368774,0.2060823422016879,0.2319829760433136,0.05824830703873216,0.11802004244707852,0.28757320722138063,0.2044241560940931,0.461055246557521,0.48059897051231604,0.29281330421260865,0.13057771732926976,0.2755957600133093,0.3867211202598787,0.10798644556143853,0.46550096475321406,0.14553193257527802,0.20229004598752642,0.1503736308354716,0.4132228485080388,0.21866684647074297,0.24865644897398284,0.018858003980374547,0.18120545614308936,0.14737665835120956,0.13236875210673296,0.1881720448014889,0.2789155217389847,0.45841264851816693,0.052758233765992306,0.22247795278972493,0.3209232663068064,0.3421082013132123,0.3090322933098314,0.0755684031185849
0.0052861384299124035,0.04139035021510715,0.10441006167075685,0.16613500198434894,0.04587849708339124,0.13638863336403534,0.28642218234834543,0.19029338401610865,0.09576797821845073,0.4063639278229126,0.15658990062203995,0.048105490362252805,0.17937247101693718,0.1765784782424973,0.1836794951429562,0.045984577939843806,0.11086760289956955,0.26430245183567097,0.11507380105531728,0.4431760998678113,0.3982357450937512,0.2422467497039771,0.11305374374491076,0.24726830466665786,0.35160568439862316,0.1139186561662195,0.3768373734778153,0.10201055193009204,0.1385269587498202,0.10658871930259801,0.3553601395279254,0.167690729871099,0.20681108123503342,0.0408312869763455,0.1342392076844398,0.14378079966224128,0.06280731703031502,0.11409157393237156,0.24375881458537577,0.3410896431545979,0.07342214010146972,0.21623124537292931,0.2577496703383078,0.27025060693681646,0.2293913198606437,0.02754013410616541
0.03101259521393521,0.061644228869835116,0.04772763775579393,0.17122811803543897,0.040063133540114176,0.1557222511577596,0.14928846964308443,0.13189339360437238,0.15254186587176863,0.34782240172817536,0.16512750571729823,0.07392226776493527,0.12331406362547767,0.12742968622386883,0.1735966189750256,0.035458063795943594,0.07966013281295775,0.2966605995487211,0.09819495480030493,0.3113671909374511,0.36741081054599267,0.21849881883874558,0.09545675196509462,0.23464050142534568,0.3065411376210275,0.0775260214027082,0.38650435639686365,0.12121512233425641,0.17522676979043073,0.11524765312987344,0.2955312831663354,0.13782516042374154,0.1607287638532094,0.027450280763869007,0.15304059734400594,0.11833185277606313,0.0654598812597146,0.11579172649453569,0.17585847267671842,0.35298750813342256,0.051621908912107016,0.2095748149461683,0.1989299067850691,0.2634381949719229,0.2071629822737546,0.03600232614051561
0.022023418194568874,0.024767776830678292,0.06753126606108456,0.14747189075613892,0.052723064532312805,0.15247903299217186,0.1914152673705153,0.11292754221218582,0.14798318947436265,0.3255552042979796,0.11715087665795348,0.07286330958640214,0.1372037660205593,0.1557578741729598,0.13131152073091118,0.05704994870231594,0.061119749674245605,0.2530598738603672,0.11980022316784825,0.34317025537195117,0.34099258482004685,0.12712662709582628,0.09017573878833147,0.2279360168453747,0.3291172057696403,0.09719079251817243,0.5578434730529832,0.12546342532267274,0.13870173182852943,0.12612519101850306,0.27810630687954513,0.14957603047224644,0.14637559744211628,0.034165334448098814,0.16372719830284127,0.12291864602125128,0.044407959274938055,0.08139897283836602,0.22288173691699717,0.2472517290792114,0.05911210909144924,0.14154417560571006,0.17956440307088642,0.209977997203925,0.2252974516641803,0.040807867904981206
0.027265742000903866,0.07047975573681547,0.09253815428598101,0.1661854997908616,0.08398363089620525,0.20175919060886569,0.16057681168407983,0.12404430723990825,0.15445355109096462,0.4052691648394071,0.15025625332728484,0.10420850527782785,0.16894342599686696,0.16969586596429276,0.14290067859632047,0.03758931335208178,0.06759989570192426,0.2486903321780961,0.11720013643151736,0.3606450513020014,0.37600959693333247,0.25026196501737463,0.15815896314869177,0.24336364419903025,0.34908537855278615,0.13130712151560464,0.5381454126156829,0.18841191266432222,0.17543698225057067,0.11773254507053564,0.3448381968695555,0.16417829668752043,0.03840403447315284,0.06287074945768564,0.17117637692970616,0.1342469766976176,0.02229184146734526,0.20060784533105103,0.2313631945859074,0.3425773382833715,0.04912556039303922,0.23232126024994648,0.18619579461630273,0.3155434736517385,0.23302796921744695,0.06911274261100747
0.08335698820103264,0.10627985268208194,0.1951722719872716,0.32216018794303,0.36690263340761264,0.340085519070819,0.23489284834100108,0.20218787983458028,0.1313668268980582,0.4458146554692864,0.2874869409928623,0.15061532995556073,0.21147968368058517,0.1160637819857557,0.2694795018425906,0.11033545512771645,0.17548894553856195,0.47771350214703007,0.2019868259265468,0.2623440013549372,0.49854597072353857,0.31705702456256885,0.3586462636880292,0.35631384707543085,0.43553066197248497,0.1838849027486268,0.36525371899211984,0.31224084861327617,0.31751479696028817,0.21059807689011042,0.4875200702136876,0.32056830961196786,0.14654258158159172,0.06760673907539665,0.2575125529885705,0.1754237857827673,0.152118387150109,0.11287513592410696,0.3395321716167641,0.5457468802146773,0.0826733801559219,0.44606730115161963,0.2436463983529801,0.42684080247065626,0.38017985284948774,0.10880983744198189
0.14682699732822474,0.27439702633893354,0.4291569798694692,0.5936605047564302,0.7990445659528511,0.67526286059651,0.41791330083156375,0.3634157529944234,0.3587752057111982,0.41575779059535967,0.4196122401404831,0.400238676543105,0.45631160758866374,0.20955884520824886,0.39638932799222276,0.28913692127294693,0.4169719302416567,0.7149739005236645,0.2609818017753336,0.2790663768437055,0.5500125523132602,0.6381510516537909,0.7699816270902645,0.5876122407934339,0.4831415150449655,0.40114111719069395,0.513532369120844,0.3938506829458428,0.47285700192027813,0.3474967407700433,0.558598785173027,0.548823291808095,0.3748119047674975,0.16618194369155856,0.35886161870316646,0.3382510801824109,0.4379819985748614,0.42042218816639815,0.42570916842240103,0.7732421889953834,0.1737867438506446,0.8306809279451576,0.37057308000859,0.7565377352158535,0.5361224446132791,0.46940911687871134
0.1544419276084269,0.1790517461719435,0.7470420442212263,0.8409537757043277,0.9784969010050916,0.8891106625946853,0.5266862873918127,0.480846046966644,0.48770695061088964,0.37858482498935675,0.4985225591087,0.7943427094617596,0.525180143311646,0.28031772712680264,0.42276770598227387,0.5727226488595872,0.46151358690569005,0.6067331220765713,0.29022782684689075,0.28465838231921703,0.4625440315017939,0.5666639446123232,0.6334537713899353,0.6895181847728201,0.45284543692396156,0.47389948282232885,0.2658131878146596,0.19005121919501367,0.6544916258182036,0.5349960238055816,0.63271254755591,0.6135349375746997,0.5035101516224767,0.4680920445367227,0.43089975669871244,0.8013989134930773,0.6507659822417078,0.39796132812895585,0.36541286506710285,0.34422682428436013,0.26774104328283677,0.9626898030509213,0.4573133431497973,0.5556762824638286,0.6493773488677491,0.6177116218456208
0.18679726456358664,0.14109368543082404,0.7819998146155173,0.7660045135199443,0.909808462409195,0.8743193603385165,0.4966876296778043,0.5812296759523282,0.5757493326508634,0.3717526950409119,0.6059754343627766,0.8163147563754761,0.4748315394904853,0.27343891127949665,0.40640463056415865,0.7027678653538482,0.5068093705110206,0.6479487044791139,0.2838237216916134,0.3196354326168423,0.49141692401280324,0.4913217088673005,0.5305552685078055,0.8023438113940038,0.4303152168581005,0.5246623945009512,0.2737269530640076,0.028856868315385184,0.6634012181146148,0.5737672347476985,0.580135787685879,0.5585134250451897,0.45896992732271,0.527796849488364,0.5932637227515807,0.9162115579684453,0.586694821017769,0.41678251883579526,0.3407502603556947,0.0293325914584273,0.25640528303109417,0.6250085707749401,0.3993416718711447,0.4800464116433132,0.6143643530027785,0.7743678848448097
0.24011279278583378,0.14978988221292208,0.7816734853676002,0.7051575660759398,0.8475455219754843,0.9451655970126681,0.6223209183073091,0.5726906102393753,0.5333526777665626,0.3468553052103396,0.620044271962474,0.7234319755811026,0.4973144358714586,0.3196116064744811,0.4364049200084143,0.825572321861813,0.5007283248078436,0.6801465589828699,0.4045648800669717,0.3224257177279174,0.4650843884003858,0.5595944560279017,0.4560995841058533,0.725882068291143,0.42576768838134554,0.520802141372774,0.2641687474935409,0.039796667267535224,0.6463035531344469,0.6687346588713143,0.6283265063101839,0.5052384549560668,0.37661939088047924,0.4899798185453122,0.6510170078218303,0.8899230420716732,0.6030261476044373,0.3978537584793837,0.39532010155494784,0.01793762285567657,0.2923324599405501,0.5921947795193447,0.44520196722385746,0.4369986316889837,0.6358283444891059,0.8105206426710756
0.38573739155330683,0.14766834747355523,0.6490465504799957,0.4958768318773585,0.7174937348992758,0.9405030519394955,0.6528575154460369,0.5503928029370819,0.6374078728229431,0.363869356263122,0.7365473536086501,0.6563945466485588,0.4758320063518341,0.25549671344155606,0.507462806159029,0.9999999999999999,0.500284011693671,0.6685091523734455,0.5149034732864063,0.40050242484746196,0.5031853520485181,0.4895258365665635,0.42881345640378665,0.6633341274372052,0.42864507128432566,0.8222352531088797,0.3172715513736922,0.043986675161324415,0.6154911355544793,0.6788844709078117,0.6111803043791239,0.5100922222668963,0.40030741940320325,0.44099142464201246,0.5736662968707056,0.677370136011721,0.5602012576820079,0.4374292536944216,0.5062143742435188,0.023708331353049894,0.5019177002663046,0.6108170788155753,0.5154453475045766,0.5592131523611338,0.7029388853257775,0.9999999999999999
0.41720900714175047,0.15781091685878149,0.63084230542811,0.60447219720927,0.7693398486406455,0.9182627264616223,0.6668155681139587,0.6787578746927693,0.5652346359173875,0.3515890176419593,0.7269678163388378,0.5824763093475315,0.47387495683651976,0.3243046588409372,0.4540426997742833,0.6402669647057126,0.5680987942590648,0.6294813137317974,0.5350363202348626,0.3917669811145859,0.49046075208125295,0.5562730523448414,0.45246903586587695,0.7228776818598827,0.3744954632653634,0.6435544121162671,0.3372808953337379,0.0,0.5980089002134066,0.6620310901658694,0.6537738036181282,0.46093681953163795,0.4541505657797177,0.4252612232767263,0.7003199919359201,0.5850098421085929,0.5786021285175396,0.6032994051154604,0.5523275867764831,0.0,0.4402918245133373,0.5456704719916201,0.5054455265920875,0.6320762491066084,0.6412600613368455,0.7046571887205748
0.29917774787421786,0.1673651738193923,0.5905830806549367,0.5749743086796246,0.924597737741661,0.858968322535647,0.7674653236375434,0.7302964460014656,0.545501716141563,0.31546143168504964,0.7624431271759761,0.6735369971839706,0.46155463455872525,0.3049694076506852,0.5136306233053989,0.5412639592094627,0.5766064807637551,0.5517781013781361,0.5100018488807115,0.366520465684724,0.5307922304404323,0.599551691742659,0.4338550745426185,0.7439748476152566,0.37672439135421343,0.4895407800681074,0.2570771191089162,0.025597562400436154,0.6851811705295479,0.6549858071923045,0.6982931949958276,0.4942241182806083,0.4551169928356329,0.43165694203230887,0.6906264139327377,0.6180676374104725,0.5414988691908127,0.7501264195914736,0.5132436134717187,0.032317245589770824,0.34512218897075553,0.6231280469054634,0.5061778464420672,0.5840100540172575,0.5852795897219419,0.6105180226551818
0.33416295769505805,0.17361662179177717,0.5488605661552525,0.7384118365214222,0.7381454479564264,0.9348522204657166,0.6552479125468988,0.668699386528065,0.5480055054770975,0.05591073602642532,0.747319204786729,0.6326328417291143,0.5064970778384311,0.2755298137107563,0.5079424190295455,0.601508854967783,0.6112575713756262,0.5451082028658765,0.45223048161924356,0.3811592674217344,0.6005386300058764,0.754276878710554,0.5286399225422704,0.7803949166759421,0.3979863933422762,0.5429823632954557,0.38068103097461176,0.03702824239712336,0.7511944437745592,0.7729548426134982,0.7124368666816172,0.5440580819346067,0.42804527010357285,0.5616914340635794,0.7080338064616092,0.6864151125737271,0.5609682226869389,0.5194341567827945,0.5121975419589424,0.014960248774430453,0.2928256858026634,0.6672433418362517,0.4939478108058606,0.7155853615136007,0.5734234608606119,0.6500505460812314
0.3389807178361469,0.41303625286724943,0.5150887591806923,0.5583896126370883,0.8570736624770569,0.9880981072118622,0.6633969612227602,0.6466202655333094,0.5629103201998027,0.3397001997677589,0.7771506451316413,0.6127654586234921,0.5740819214552122,0.30113543701577655,0.5566834303917121,0.6795995095306062,0.6800613387423159,0.6503914475086802,0.5080071306310684,0.4394417084961474,0.49850400249473026,0.6312822018393823,0.6197259073435873,0.7583146886944786,0.3857977744958079,0.6302518771179881,0.28572896857787305,0.02489944535641124,0.844970659924176,0.7710538205297734,0.9557501585304842,0.5540889902019168,0.5588669092457683,0.643482302923106,0.6991661425921097,0.6972602091577368,0.6534374661442189,0.586865279993757,0.43925454871104735,0.020579213015805668,0.33897977747850716,0.7756205196180421,0.5011391257840142,0.6830709984825133,0.5840320411849859,0.5691464929432548
0.35721522955365986,0.5598294934599051,0.5580414453988763,0.6533838384084251,0.7710144650609595,0.9694865198712519,0.7238791229228378,0.6941329809541704,0.6478628810479347,0.44175811765744766,0.7142479334241701,0.5798519889614141,0.6694426616610786,0.3679485190078651,0.6342615593337249,0.6428245282356618,0.7177522713881301,0.6468432997124522,0.4707813652328505,0.4934357362180341,0.6373382554515975,0.6010179926007388,0.7363999338923821,0.862392317545768,0.46361202667999446,0.7518440846637017,0.5964671491744394,0.047301084178491964,0.7942031192295862,0.7011161939493572,0.8506289777715659,0.6202295401089153,0.5690846388292482,0.5964476197497525,0.6481169308891933,0.7058352960068768,0.6751114623211646,0.70430875909037,0.617791957703485,0.011492899782359126,0.4443021781238204,0.9709563354582734,0.557454498018396,0.8501020689443965,0.6266405901008821,0.6883955272997996
0.4768724155048643,0.47754389143703213,0.5098367422992546,0.6358806770741703,0.4093201271621526,0.9337980166864648,0.66720394875089,0.6576053933122059,0.6800804909687728,0.6662236975136124,0.6323546535609902,0.4271191678113886,0.7173019146073703,0.3520767429434328,0.8001206059500036,0.6376396255274953,0.6325327857482819,0.7826003831853042,0.7035025837528956,0.6620719415417176,0.6706937122595938,0.7827340856871948,0.8419430768140996,0.7291974843512703,0.735985668088209,0.7757814140501058,0.9255740046701217,0.04329580917770358,0.7713231914964764,0.7524537430700428,0.663796958110312,0.7443066883754926,0.7032148865726021,0.4891263805811424,0.47994997362011066,0.5531462561750762,0.7815850217245149,0.7651349350299163,0.7145993117888282,0.026945934580125674,0.5554874531013027,0.9961486937970591,0.7034286783662749,0.8524186642925263,0.8914015076884413,0.4990400099251644
0.5055455189699088,0.2505291000385708,0.44103031204491444,0.3233274858824153,0.28013857679250376,0.9704841535791511,0.5413576933227822,0.6778082055247447,0.5501546677793568,0.7966672994173668,0.7132463300019751,0.39278096247819205,0.7710837411450115,0.34560510077892126,0.717393910073239,0.35667705678171346,0.5884936264187949,0.7264337319017725,0.8948881573732645,0.822345854620104,0.8349626005643759,0.7323574101773427,0.6216890904324971,0.6017545011741227,0.8836023873345786,0.9277497135534437,0.7422332554068227,0.02655549863046508,0.6507346407889609,0.6957709311710759,0.5755613795555364,0.750647549211805,0.5419199224001454,0.2390386840687912,0.5044962416079211,0.3560640256629142,0.5369612616573102,0.5933446811382226,0.8765334933754024,0.018882132261777727,0.6298866740457835,0.8430731727578095,0.7928590389810315,0.8781042417627285,0.8687817182749525,0.2928116708390822
0.578801247722643,0.24381146631544773,0.38613197446373554,0.34092418528909885,0.23229844735005942,0.9143288919273916,0.7581821118588117,0.708367809667538,0.5441377355647022,0.8188293456452715,0.8033730901753517,0.3691242586250933,1.0,0.3680984306789017,0.7254364200778592,0.3270343265055414,0.5808945076940488,0.8989118844407379,0.8970346763648646,0.9414810083500856,0.8812069732201269,0.7914372794245736,0.5224631848243609,0.6777354775470078,0.9058327023122072,0.8604680046686262,0.4723182537317944,0.026702188375682417,0.6954108966942458,0.88975362365103,0.5736160865174219,0.7669043674787975,0.6047734740192174,0.3234091917447805,0.48250413210380566,0.3478937297834519,0.5752748262672228,0.7995104218076812,1.0,0.02651343718363223,0.5771227790569394,0.8103024368137023,0.7478168353990596,1.0,0.726407240532453,0.28086814498336937
0.6016538629199902,0.2270573756906653,0.410100004170059,0.43790383609507844,0.26536933175033217,0.8851194654403285,0.8012866068750034,0.629965408626817,0.3868690283206144,0.9201600849954648,0.6904965461446501,0.36792804589125383,0.7918014701469476,0.30367164768566607,0.6151161574939794,0.27242701170680245,0.7203311509158258,0.8797555654478763,0.7196292870600685,0.8482088054097222,0.7788679999352572,0.8986641650095465,0.5276940050176935,0.6439951038147549,0.8195497302330509,0.7219408580591752,0.5750197653758882,0.037733859521515464,0.5866056046432981,0.824221743278991,0.7718742645738543,0.6710022775493842,0.6143898840581121,0.3005801087904272,0.40699772291230246,0.39382376730498386,0.5478965331337489,0.8305056738349839,0.9169629089804299,0.01893513108501705,0.4590440188203072,0.7929418211249377,0.6898693422904538,0.877363233924291,0.6220582256317371,0.3094351670485373
0.28813323720190603,0.14972599007258927,0.43544750091796086,0.38997207915748117,0.17497103080391999,0.6354400065974066,0.7711500653023761,0.4231691556712291,0.2436417298520883,0.9835108095621294,0.4980926109353607,0.3075423095140942,0.6096344754965043,0.3173071430486801,0.5241598704938724,0.1653898479986385,0.6680629543756007,0.8035220101927097,0.6483553450726427,0.8119950782417904,0.7851451336765324,0.867370379994893,0.40920506904186627,0.46984401453306135,0.6964302638822656,0.5278986507126111,0.7276481975850346,0.012732302484299206,0.5047829079535218,0.5074263242481395,0.8406045401591375,0.5348067762943078,0.5784934614605286,0.2553678774005909,0.3811526971033674,0.452536894300103,0.3745281370195398,0.5226493468177285,0.7406142081046206,0.019128256452816496,0.3545741146897951,0.7195108346684396,0.6634997001681467,0.7522125671451275,0.6290664014119034,0.09002205997592475
0.17566932056481,0.11463347716846609,0.40759570073944024,0.3573687007735825,0.0952546689800299,0.43154322036218706,0.8408464971459666,0.3289467092447209,0.20673454299517988,0.8491190602806498,0.4392693784775086,0.22356402245040202,0.44437462388232374,0.3069314197901123,0.4160897658172187,0.1307660358174512,0.4110482799149167,0.5908243880224158,0.5747372057887506,0.6248649631739125,0.791353461067437,0.8663784442222515,0.2598537984819683,0.42743023613955056,0.6143546708125782,0.30797532268652594,0.6637905297161614,0.05225656210213617,0.35737462798602926,0.3422985849586517,0.7205148541302022,0.45549353968142237,0.4175906792592352,0.16673649886780278,0.3410375126240139,0.4584142858396012,0.29264765533938986,0.5574432497029322,0.675839574000369,0.023336989892782427,0.22743644553419323,0.5380694030425631,0.609090116071389,0.6353334225242214,0.5740887142966234,0.026026995435007826
0.1469114426354176,0.13554861605623425,0.2568584388586646,0.2625488415552866,0.049305796153898435,0.33243248385180385,0.6625436073889198,0.23387164302938226,0.16351894521904037,0.7475555538351933,0.38337083456078874,0.13428378045573117,0.36085003302612156,0.29804509341220564,0.28490516269742083,0.11016248265672388,0.29390364472109265,0.5053174486402349,0.46432262018052095,0.5791910047081462,0.7350361447524413,0.6976677998884148,0.18963670366823546,0.3192087481025564,0.5358615754643339,0.2838828368867304,0.6160775970989074,0.05546553364156463,0.27572667260990635,0.2653396967799322,0.6075375779336373,0.32482083160678377,0.38194517155678975,0.09730120048157506,0.25705476352683715,0.3617295981347438,0.1686596757576818,0.30846099043928804,0.49864481017998646,0.08909090199816498,0.17520530054916864,0.4843449613883077,0.5623701626210967,0.5891798228300085,0.505888719681176,0.05185574010476927
0.12140704130707457,0.09772509066726862,0.21164207777090266,0.2176951810302546,0.08370525386137462,0.2334679603992289,0.4789177470518356,0.17964043183614928,0.14145297698318704,0.5626587489260135,0.3538046164761284,0.06564949229983347,0.27158676061129433,0.19959308548234977,0.2792278368527059,0.10743455612212616,0.17953253268157413,0.34381744960371785,0.3769517992212406,0.4704281416388961,0.5085744294684251,0.5315197354341521,0.141574534479225,0.2822104059277767,0.4112195006002992,0.19325096758161114,0.8383650153472644,0.221756640520565,0.24725215548279397,0.20609983749608116,0.5041941714466271,0.26465006036069927,0.3558013481410792,0.06347161320846044,0.22814740648635,0.23706258991725,0.19915059007802088,0.26454823149519724,0.40027261131535163,0.5446873671501338,0.10541318247921208,0.34747305184563665,0.4557185690753091,0.42622285927566994,0.3970189337888125,0.07496171199259863
0.04673635733794783,0.05113103958470468,0.12328895136689495,0.15351238721123694,0.04498881411603094,0.17453544055579906,0.32183149663482885,0.14970688263270165,0.12146963600469121,0.41332867234276355,0.25009932941733454,0.0733459425506214,0.1919446187400563,0.186370512166085,0.23403914448932955,0.10321346704735523,0.1762984345151647,0.33430640104698267,0.23997816166427655,0.4371030301348294,0.4858698448648332,0.31273583203916167,0.09868446787139595,0.2927380706423947,0.32576393688512173,0.17868322637017536,0.6958838350703862,0.19535994951745048,0.21869140393390366,0.13226944287917108,0.4230149801294169,0.20934962914052557,0.30829962251726284,0.03779907591608407,0.1558617108884321,0.1824795650308355,0.13126045023128433,0.25641559361914584,0.2905045770405164,0.42508828083672334,0.07123525195005084,0.24137126368263823,0.3925053797552359,0.3772190323421637,0.342511051544555,0.08461394495744229
0.01761235470252504,0.040221104466488924,0.08542819592297267,0.1377543812578741,0.06392125016922823,0.13672868982874803,0.28091758285916757,0.14166612911816565,0.03790288101030225,0.34753757128433904,0.16790752927895336,0.058404254925490846,0.17864157473466183,0.2167266353922117,0.1708278410950441,0.08784825869499183,0.1090355897827243,0.2181422206206079,0.17107427220093774,0.3995971874283541,0.4090735633711427,0.227572554439576,0.06471663055107528,0.24176760009564083,0.2870001948153106,0.1231278514959077,0.749892796547444,0.1551949346130567,0.179641069219783,0.14865298518559783,0.3706387214601015,0.20170616902756983,0.26136941626734234,0.044254455536515136,0.1369236462529737,0.16532294383294532,0.11572928020553958,0.22081055120345128,0.21555372636854805,0.338242606502441,0.03942232027938972,0.2047681259015106,0.2996828683196704,0.2641748922490187,0.3020196801959589,0.0381285171589282
0.058661066723064856,0.07368513135072,0.08321784680201812,0.13978687530917883,0.04516174129219158,0.16189620951570677,0.26522088698658125,0.09057772093270039,0.08423608818614337,0.3358528802142363,0.14987456220688,0.06392163013870064,0.15963890586207327,0.16603275472270201,0.12203256601334266,0.06663559916188036,0.061122021226652584,0.19698270302856835,0.11798202365748123,0.3030324309373367,0.33544157658228063,0.14293860917840173,0.1000903826921768,0.25964568787493814,0.27430105768194335,0.10483804738308171,0.45334026743281247,0.13545821234376743,0.15485426433581226,0.1167460844088178,0.3558767995433668,0.14734144464598029,0.20398802993575807,0.027551046730393613,0.12090149090357798,0.13440912480555145,0.04999903160627778,0.14306486820219894,0.22277279578112383,0.33219544679238966,0.038052307414737634,0.1771272304163717,0.2464521731477398,0.2854074815761428,0.24807001607702972,0.05826022940875122
0.008030053284133986,0.06805132440358441,0.08728808767363912,0.11066980518304291,0.03003706231307529,0.2150873977322226,0.28755463987679564,0.10656829946139101,0.0691751163055761,0.2904923929931552,0.12407054470340143,0.0630893783046976,0.16091999438744448,0.18500696953766518,0.16747540186575485,0.04300994616920047,0.07421312799491049,0.19114299772491333,0.13685811588949576,0.3336546480472015,0.363609317712213,0.14249213736179106,0.06170553017857312,0.24510462886084247,0.28470163430876927,0.08457810452840916,0.5046720299772337,0.1975391158189993,0.10447849483931393,0.12408657506598751,0.33333183692117385,0.18502631538670009,0.1140241043026527,0.04040183475528707,0.15908431932487915,0.1213552470580578,0.11257341101952784,0.06500018630475239,0.27494424573829945,0.28711755195140554,0.054484691476253906,0.1942285931921811,0.24017703050556236,0.2613979555343796,0.3021099371007201,0.07288788075533528
0.010592036963392868,0.055667823452110396,0.10033802213230304,0.09716804744859008,0.10896778076941965,0.19274949564015983,0.30852865328956425,0.1264414756681015,0.005287987909810318,0.34568096447724467,0.13749065376789688,0.07026157327900934,0.18045971457470303,0.24909041149879418,0.20907641238085806,0.09074633857829617,0.12008112747279841,0.32982386993191154,0.09877760843771835,0.3396941905056235,0.4081390893276725,0.20538215446417737,0.13659272970320063,0.20506626493796018,0.3447854954670893,0.10518959179746033,0.5501246382567268,0.1929906274250392,0.19044895873583992,0.14661879904891642,0.38910664185511734,0.15823774789571543,0.12841076583872746,0.017235462631780277,0.1620452967239649,0.20422249850403357,0.13495414586513774,0.23819172144556883,0.2632727029362578,0.351632629206794,0.04415659944288449,0.26809685749443596,0.2175684654231531,0.30382304172845054,0.2690652015319834,0.08124734698946526
0.05102250327383108,0.07825546898266994,0.1926774733778751,0.32783769682495645,0.4431046579657638,0.31018551475394057,0.33811551234746917,0.15101858455540262,0.08462798532398166,0.3620197383377778,0.2637872229681118,0.1578996852163131,0.26989892529690446,0.2234350187630713,0.1860254820788084,0.09110402411611587,0.17756026386601406,0.41077832767699257,0.16483032852670265,0.31510729197002296,0.5308233661394224,0.3613096259296523,0.2710741382098041,0.2788691698038329,0.42994184778834965,0.1671879372235689,0.5573065264531479,0.37032791002460963,0.20210090360699262,0.18285289352714523,0.4564684193730213,0.30165110387291855,0.14945058426986776,0.07187817326752942,0.260559945358593,0.2658094195922263,0.16248279633738358,0.14057805296914339,0.29190246894517374,0.47499690617929297,0.10542222148792355,0.36772683411009616,0.29793234423260007,0.45549011738251366,0.36643044251991214,0.07620900287546639
0.12120260453561528,0.1163073065526973,0.4334962037206343,0.44394241211779867,0.5914692816631864,0.45642164082289205,0.46005203061705563,0.2782837787051104,0.15010511375460683,0.39110973402994353,0.4229677694139501,0.2763770467682815,0.4234362924851335,0.21462802429951494,0.3179104202564697,0.18460224555410742,0.3278878880698896,0.5866298619542482,0.3594866780760708,0.25480060977456265,0.5834772349369057,0.5445267064766858,0.5077122792781841,0.3998762471042885,0.5080997835608136,0.25987302246676325,0.5406497391529468,0.46385129727004226,0.3755022609115335,0.315120544943615,0.5877103925961559,0.4597304364703375,0.2900439809065548,0.14166240155630608,0.3752598294612219,0.39034674446196643,0.266052987393251,0.42765675842489476,0.35032579848307194,0.7097116348347775,0.1599656665529899,0.6628526283343832,0.3588593199629033,0.7059360841818654,0.48251819786286987,0.17466102877422743
0.15862902872646048,0.19628872057679303,0.742012661876034,0.7092570081574988,0.7197472118077735,0.7084560013732403,0.5594424914285562,0.41835822088872404,0.19987168074380565,0.39815837601729037,0.4850907523165602,0.5172424456102581,0.5664652037162395,0.2666132919270071,0.37202174749227357,0.22016236174786014,0.4575256441174069,0.6833821929212524,0.37239544721767787,0.32908253819298927,0.6038016378591726,0.5875757031885807,0.569096223116059,0.5859493618939763,0.49582005186715994,0.4423433687919771,0.5082806678542103,0.5602518530917375,0.527476543477275,0.4548110776249483,0.6432715310287653,0.6570207849221356,0.4214394915555455,0.22007436634920188,0.6310950622360416,0.6869767618801657,0.3737479932440213,0.5454401450012998,0.3847070399278343,0.7706706534574655,0.20557904203050412,0.7798424662409881,0.43940536965937727,0.7069507840192024,0.5582470605438122,0.21361456270438967
0.2513697323278579,0.24647846987931535,0.9071334106611795,0.7381776463581271,0.7591978034792586,0.8257051877354058,0.7200842989834567,0.5439170360990144,0.281135989090728,0.4265474680637296,0.5832936920835533,0.6906652173025297,0.583679400913085,0.31288813683917943,0.4437204991787658,0.27789847141363355,0.6037508481755898,0.7419852065887517,0.3889384041655383,0.3363949585055507,0.6392101837070244,0.6732614290462529,0.5645021245740858,0.6927487985116607,0.5194917200708464,0.6725803658228992,0.5427092022325712,0.6801021575590176,0.6103596046330292,0.5794533333868742,0.6340483398369241,0.7621779961413141,0.5164657323657188,0.25462616842610325,0.6727374086076588,0.7876742546013575,0.3698671620958375,0.39515156710505656,0.5013057770140292,0.8904478837632074,0.2717501633109794,0.7517435589705466,0.4223322491295604,0.7077996848332841,0.5550315053692394,0.20708396852343736
0.3510461812402446,0.2182755953155539,0.9100869909353047,0.6253661256130829,0.7408603344824655,0.8506557005921229,0.6906462693323321,0.5452248976364896,0.3195252374591163,0.4951652062044587,0.6289189049387487,0.7220242704376105,0.6860689387397441,0.33983440864674164,0.4596680197695292,0.3340510972197874,0.7050841218471319,0.803183661254891,0.5968894592437217,0.4339158859907719,0.5777684844870405,0.5841128387512233,0.49911608467610247,0.7665070196137618,0.5474148936079662,0.746579829210382,0.4988670395295632,0.45308163875317364,0.7460455464386452,0.606736138378502,0.7144055712176083,0.8186941453617398,0.5783183179569181,0.27289778765410966,0.7512008476039788,0.9183393670884482,0.38320103041954456,0.3814721906521396,0.5550724994478625,0.5932456549889258,0.28972853103213797,0.7356323340795495,0.4815261107212617,0.7256955917013734,0.6112980790508066,0.26696033332448016
0.42013331532512505,0.27777229910202117,0.8724102373133245,0.5953447595155628,0.768525440758497,0.9511460130731921,0.6745019102825585,0.5552823209873498,0.2982874351427128,0.5389293829595199,0.7618463554933825,0.593128291248269,0.6025212185132962,0.32503173066554514,0.4812273891545572,0.3133820475989325,0.7792000547060142,0.7952783818341701,0.6511827792890704,0.4346194592127124,0.6620155555405172,0.7212221738760339,0.48791333747727983,0.5790241189743239,0.629119448408096,0.9400802747026898,0.43368539862427374,0.016172141733485537,0.7471660092199721,0.6004781567319961,0.7611742549416625,0.6472679829154885,0.49894127364237106,0.2864041396944658,0.7124656922986726,0.7748849771894377,0.3933870023041953,0.3946361872841941,0.6983421806172345,0.014291650126536708,0.45412745079843514,0.7914413358161704,0.5944251668513144,0.7767844137663439,0.6612048791278777,0.25545132965924566
0.47362187459424104,0.22274817010003758,0.6901586266591068,0.4793234069924977,0.724081091068978,0.9693352486532367,0.7583815568062775,0.709115558289864,0.31002223452966915,0.5297293076325736,0.7601965756178997,0.40606385501822106,0.6182526887214299,0.372750238639115,0.5164795107142907,0.3223900126686834,0.7612152599752645,0.764146800032055,0.6788844277457703,0.4540124565894017,0.6203503131127569,0.7350769771206941,0.5731149753929635,0.5070641080546652,0.5968474648245665,0.7535783101686487,0.749696491362569,0.025795808148273737,0.7448568070670225,0.6480035712110314,0.798727172338018,0.6044246933255503,0.49689510630092415,0.297510010430126,0.7733063978853447,0.510591246060097,0.4123735978514447,0.33514759955141377,0.7297031298814545,0.00864987161118555,0.46319550561540873,0.8050704516143835,0.645445440286253,0.7968502782503918,0.7060742128634667,0.12505858059017488
0.46007665489764504,0.2850150460517801,0.6577865490009305,0.46524947316436865,0.7391768956910013,0.9761202930812778,0.7027465738337753,0.707855163450421,0.3840213202563998,0.43894237308926937,0.7676284843444237,0.4615420210785246,0.6428666425345847,0.4160540003004031,0.525135825871765,0.3600555291186676,0.7974148065256514,0.7672407221467679,0.4878290612346593,0.445105467263852,0.6250527276056181,0.6556602135032934,0.5765732006455366,0.6147473957658464,0.5712810514076778,0.8632547693913262,0.5655740394304388,0.02796272024782663,0.7472905011621046,0.697165956238676,0.9055286961321078,0.6250790037669228,0.6053865942473468,0.33691996689370235,0.805284634861286,0.669864728938468,0.43942473419480277,0.5978386890331424,0.6600146053214052,0.01948313006750886,0.35814112922542124,0.7360366040423033,0.6117428939600064,0.6675675927422652,0.5823444017634385,0.1477329865423969
0.47103452475616653,0.2254305107887285,0.6827595579730542,0.674675379595782,0.7310429101644765,0.9547253778077359,0.7186000161050973,0.7088616382322973,0.4396968791348414,0.4300881575125418,0.7402673833271121,0.5560375256469109,0.6329128313687308,0.3844026531943607,0.6021011755163425,0.3192658565106406,0.8075420684570959,0.7244598398792915,0.5656635424316526,0.45887383221129807,0.6743563985384826,0.5684894510225813,0.5641923803193779,0.6568512230653111,0.5100938630144346,0.8534821166784156,0.403826258445111,0.03914117331742873,0.7945501005173595,0.6705213892156903,0.8824552992800895,0.5576126394412785,0.650190087992965,0.36109075263422036,0.811035108399778,0.6093519897378071,0.416856315073149,0.5596417598977196,0.6025450373403916,0.02553356873586051,0.3723301532369464,0.7130172731945568,0.6039679817928993,0.6403081185533129,0.5694362763248558,0.14827785405910254
0.3962907369838916,0.22976730941262496,0.6526839725463588,0.6093915236196846,0.8218360341512253,0.9288288884294438,0.7537487494786195,0.6507362958012975,0.5589931041374199,0.463562721771176,0.6995925420085044,0.5433593520350513,0.684614133856779,0.3863192681651512,0.6011312052943282,0.3325719388725644,0.8339564584002847,0.837525196632908,0.5869601424443471,0.489473048701576,0.7143052237398605,0.5621170277799561,0.5757408472482367,0.6714651906812793,0.5399635211446446,0.9088782735103409,0.4054549179994306,0.014892132523457426,0.8610202188916521,0.7176692993785646,0.8589848403894416,0.6828359285228244,0.6007919454831234,0.33724096615940646,0.6907578456239071,0.6395592304473832,0.41679039651300165,0.4749167688790133,0.5748711374378065,0.03936027089036627,0.3819928230565117,0.6509469584734769,0.567707679187701,0.7827879839082797,0.5149011736182558,0.12018904468157149
0.46024045985784773,0.21197947583919735,0.5335559764003415,0.5121572202244675,0.7064946669799055,0.8898156151143979,0.6396775892445582,0.6047331081080133,0.5365654195303007,0.4679395805210382,0.6669464861950911,0.438567734862838,0.6525473476076226,0.3583342737907137,0.6465562807201315,0.2904333815404886,0.8720321347470675,0.7548987990989439,0.5842941602116546,0.5596327924503355,0.7544872317944162,0.7097019920431284,0.7184544664352573,0.6527093947392799,0.5606584809113196,1.0000000000000002,0.5848564208640598,0.03627810891549321,0.7633308741248195,0.6516890573201055,0.7826752445220705,0.6717521281605381,0.7302425335777148,0.26329743416541856,0.6216891592415841,0.5304810696337977,0.5333257085976627,0.5501093732998837,0.6635837186379604,0.040965045168850626,0.4038422786225482,0.7731488591599152,0.6420999148446429,0.8653242310506136,0.6339935070160442,0.0883555185451255
0.5517265255958411,0.15553858556074682,0.4084821498949359,0.4030588084911127,0.30554513952841755,0.8380573273181471,0.571248670529096,0.5774359055764586,0.5917410173934349,0.6889066660405508,0.655637887182552,0.38318363550633217,0.6958740164751297,0.41967250544569307,0.7449142652132251,0.20672782149089325,0.7343578289957182,0.744684749384112,0.7558113074888216,0.6749262554195338,0.8559072923465865,0.6145210691226097,0.725775943791695,0.63033651570046,0.7177313413265379,0.7996995837679934,0.636835952477926,0.027901568473030533,0.6929759464217242,0.6085374600957053,0.6975316783003157,0.6471892286086162,0.6903135159703737,0.21616646984156965,0.3689543560998408,0.38810965050875745,0.5770084663234865,0.5548519244307744,0.7501403151433644,0.03007817304498616,0.6533952801991183,0.8794493633532238,0.7093986699883325,0.8552963656130943,0.7480705098568018,0.16191317551215748
0.6620276160835747,0.24076409858876716,0.34070121573138457,0.45494239580027535,0.22746355183335912,0.8195737663908311,0.561486184378084,0.6362419549792735,0.616837857372352,0.7800974008911598,0.6828949293057998,0.35731697289551423,0.8242571483289955,0.39123642365540356,0.8125794600459371,0.22478246267317237,0.6412736052189826,0.7233380013673727,0.9435590825916619,0.7954069743073767,0.9393949548647534,0.6787576216357987,0.5831104624843947,0.5718110621243279,0.9180660614395652,0.7263064792873526,0.6044741384062845,0.020226403645078946,0.5684536613037168,0.7657290027724759,0.6619143486044289,0.6560719799228371,0.5305520561416256,0.2399831627713488,0.44587723854784345,0.30606294693178104,0.4207103104512133,0.495381980026865,0.8688720726184063,0.018380995936359473,0.6582716065157135,0.8456329153144494,0.776193758736382,0.8833969024522831,0.7063273431329805,0.1622644241645636
0.6928378664632606,0.3011755867630783,0.3870449957293445,0.5321936528835942,0.24981886607928286,0.8758410959031371,0.660570506559601,0.7335856935355772,0.58632655759954,0.8844183537342789,0.774141283122653,0.3605147593308638,0.7960117857378873,0.5341465853319646,0.705288584407113,0.26822245322798405,0.5861400112903011,0.9152933107607485,1.0000000000000002,0.965591674979919,0.9355481796521121,0.8590681812267341,0.526572291848616,0.5836176408498794,0.9999999999999999,0.7065589026449077,0.5964836712153588,0.02623135913566347,0.6927332547790094,0.8672630195258346,0.5875175694380079,0.6952478568670172,0.5409667183898494,0.2793691071482766,0.4737495281420187,0.36803652484096927,0.5985991909579453,0.5456230377206612,0.9046862560127858,0.006894654197974012,0.5638976710153916,0.7764709532159391,0.7866950069275772,0.8770652062259768,0.6498950388139635,0.14015826165226208
0.47486068031974976,0.22743118992880915,0.43002127022538106,0.37370442588133357,0.1757511406855132,0.7475345909929255,0.654087219935717,0.6693553643418213,0.4595962033746463,0.9244302650988045,0.6935952058619771,0.3725555631611803,0.7749766502596743,0.35894551188278384,0.5443399170290617,0.17765460924240498,0.6980145890471142,0.722256051364703,0.7996215461911274,0.8746521697908594,0.7839559286693545,0.9306244487326087,0.46854755918831015,0.6082204983973251,0.9230859679133953,0.6381543229738961,0.74570297107164,0.00715401334811144,0.6074722297188716,0.678903204820792,0.7504657732817148,0.6089451634135233,0.6153114242227079,0.25348344811561885,0.5125352904824239,0.31973352471454736,0.5131207591547848,0.4763485382027825,0.8238295717447728,0.029131463879328884,0.41334538587920333,0.6934918792251312,0.6444338696379127,0.8255629178866082,0.6380349552138096,0.14002856135596872
0.285240799797821,0.17028722702017215,0.3571651089041119,0.3156244720945339,0.1207331543419643,0.5534019700075469,0.6579469925418798,0.45984162670398077,0.3017652782505097,0.9208348299072615,0.4823442113225008,0.253071865950013,0.5727162631695956,0.36414917675682096,0.48471613936148494,0.1381337493343749,0.548114031422695,0.6616105884422291,0.6866595069844229,0.7534595503205679,0.8610784499821453,0.9380838087383422,0.3237199087096022,0.45407302328152477,0.7432153688130498,0.4491020206656457,0.7244156547673596,0.0025605915391401883,0.43758083962209193,0.3757821448810294,0.7657368450574349,0.5048249907914558,0.5806363980603714,0.13256104919262623,0.4286103964266815,0.369873746342968,0.28907328346345107,0.36890962435819896,0.5996555760270983,0.014594593671825667,0.34564623173063874,0.5735389375336849,0.5972889170443038,0.8348948895688356,0.56910171722775,0.0972949476225207
0.25820994590820134,0.08369982966073543,0.314517292433796,0.31298271726215304,0.11403929678346889,0.4044902151438562,0.6183911933577598,0.31699051770726233,0.2420520240697062,0.9520537107303049,0.4400909219487435,0.21091625808461698,0.4333131974276887,0.3265730078686906,0.396120324739432,0.1207005096161182,0.3721537502235527,0.5717492233807742,0.5414798693073543,0.6462411202052755,0.811492087177686,0.8989017146439696,0.22676877126429454,0.3445794096154824,0.6567318518513819,0.31716581379045333,0.8636394246640307,0.0336105014203294,0.35978974317517265,0.27991312943440116,0.6543258470552508,0.41435033238928354,0.45326747739901996,0.11187285446281885,0.3382285019725505,0.28590429279995794,0.20968909448556222,0.6247407845290514,0.5470346035917479,0.041169400020982475,0.2873343853135541,0.5155823171188397,0.5610094979142989,0.6454950877335903,0.5395580899463418,0.10627154707568628
0.13246148459209608,0.07451272704923413,0.29989947791618626,0.2976812754265904,0.11200782626616282,0.3088849015140738,0.599952105014127,0.2986276675076669,0.2841614589071992,0.7974770867106038,0.33502933939788077,0.15207246126419324,0.33126856093423124,0.20906479033124853,0.30122208001710943,0.09475024649666178,0.3083872960694994,0.5068652117223206,0.38912954394588906,0.5739733472162045,0.7313171311081043,0.8139671462185819,0.17990241056609085,0.3212648768709831,0.5468725599596398,0.22849827026206132,0.7378860561543649,0.07161258262297597,0.3336370196182017,0.23810124515605086,0.5950550672473178,0.3748633530062912,0.37573093845578054,0.06116630328864478,0.2914236720893673,0.3141517063325744,0.24244046788858506,0.32004803914470936,0.4495899868147391,0.06273441964897697,0.2516417378417516,0.41998895212206344,0.5388224031338436,0.5904341413502738,0.45983167344858605,0.127548493495047
0.07504889207706904,0.04936191874830957,0.18026695146557942,0.21467327469386283,0.11714932349923096,0.27587109079140126,0.47502046428769645,0.1982378737620233,0.150908458872844,0.6358232925749997,0.35635392843967917,0.10549039647608932,0.28518853414451506,0.19997199865793538,0.2716568942077536,0.07016256545560637,0.20953149527377476,0.4971874645700945,0.30910122717081057,0.4913927521638846,0.5703098504663877,0.749682182355852,0.16151540503239645,0.2712184423886889,0.43030793907488346,0.1319674617043663,0.7027892486653416,0.3121267537463487,0.2538229680230145,0.17473707381252007,0.43541189479596487,0.27390330429643617,0.3067030873793434,0.04015210573616365,0.26920832675746753,0.16292993733984712,0.14995180738478817,0.2707106208691947,0.41840385128956625,0.5802169585111541,0.13258133686244483,0.361078267087373,0.5674802278990426,0.4952027693721981,0.4124974342520981,0.10899194325378733
0.05006609049232566,0.05801877042712339,0.0972539236191539,0.21520632079503665,0.07230498715704202,0.24031813054306178,0.34446901506238353,0.1641556381039179,0.13217379314571281,0.5019779737580229,0.23648057384661386,0.10689639680934049,0.19863686169073538,0.17094822049166578,0.21506762773806895,0.05912811192748504,0.14847538512416072,0.4345062782072155,0.2754273294086605,0.3876149991885693,0.4684310713196598,0.48970218994238385,0.1253229656429511,0.23416989025786608,0.31481159437775436,0.11077474535904773,0.6321437377954182,0.28107862901567104,0.19524950161819063,0.1575614652897184,0.36100314477457734,0.2499367778173796,0.16616386714973877,0.022615872199657692,0.24750881002410546,0.11263222697162388,0.12711235795787681,0.11847336734377654,0.31700284727200356,0.5265343347880963,0.09341074930798124,0.22814889432873586,0.4894284359842299,0.3352670740393954,0.32715170683955125,0.0664980899766025
0.03503696852579087,0.0362964243892365,0.13034246329805232,0.1500631568152837,0.058549981971464715,0.1472123863545927,0.36712626677581245,0.13066292224498285,0.10311675104710166,0.4011728270214407,0.20879483595772627,0.0749046124904198,0.16372048578541218,0.10638712204715672,0.1858554299490526,0.04321092523271878,0.09364235279910454,0.3605444657881782,0.14250691588492,0.39352047292600423,0.4016892770347629,0.3603088165069701,0.08743288317469591,0.23251509750079255,0.28277808108590885,0.08217326702652278,0.5136155228449906,0.21856540039138805,0.12638248676932962,0.1488644916781182,0.32564371506286544,0.16393289246997317,0.21250326500275543,0.032653289836981195,0.10521192223316024,0.059581195429907016,0.09703743864432854,0.03461647206814068,0.2678462145683274,0.5193190113001307,0.08629599315743691,0.21917242152412947,0.3868302764078075,0.3125637476256833,0.2382274299384825,0.04519514584314691
0.08576520393011408,0.039176825632110945,0.09545854157235485,0.0962887912550048,0.03162113418964253,0.18517093885564484,0.20310597018833168,0.09694923806777819,0.028434180811275744,0.3504036019131512,0.19313475538791464,0.07152886756497717,0.13831937971205974,0.06775569517013155,0.16442466799936048,0.06080991766006812,0.09475195556165251,0.32682355808636865,0.1170535205601888,0.3320401260321397,0.39000083205304775,0.3028281874255881,0.07879509471936902,0.2137129557441181,0.29000492657026994,0.09498436306752049,0.4606033795574554,0.16623828874516744,0.09659485683069732,0.13328169117922045,0.3203171973628238,0.1034540299077972,0.1442211817377921,0.028714593057955023,0.11610766352373657,0.057810449454825136,0.06107403736057698,0.12712821477687825,0.21982603090295355,0.4499622803377508,0.05923477161336658,0.2061746513320662,0.29261697539829157,0.2810999448475786,0.19199992398332438,0.01714093257591561
0.0019559738622089914,0.05353504038094285,0.09819747450953566,0.1314412060075485,0.0008438292185781182,0.19586449247452895,0.1746102361739899,0.09054673393122387,0.0026893793542480428,0.2717160784783199,0.13089043059566782,0.07601709350568339,0.15810895102558392,0.1145623412058164,0.1596460074458117,0.048566567099984255,0.060394260292765775,0.3490435993728475,0.14260245039227068,0.3429644728778544,0.385307945010879,0.35347533856578595,0.0448747614746747,0.23863921965654147,0.3365759561519344,0.13997268905133153,0.6170242289360791,0.15125574646932208,0.11454900537413376,0.11805205093573791,0.36549878489434084,0.1427280514593171,0.15944590346326434,0.03790555149027457,0.1112675345318216,0.11254095592425999,0.06751294072004387,0.05472022561566196,0.25731956859142247,0.32017702186916286,0.06262078606165358,0.16819964797931414,0.28893481369705915,0.2103425973466662,0.1785633475135766,0.0
0.019174531082342443,0.058505201338817064,0.12018940960088369,0.18485082330813446,0.050675853836186835,0.22972990996473394,0.1483365416272977,0.09660938329323712,0.017198447785705027,0.33555601175733973,0.1937020441358021,0.06389863927505798,0.16391516829505903,0.16524151497363382,0.164205225482639,0.0412814368576618,0.08155549683887363,0.3869666833665364,0.11748438655779506,0.2951560950769852,0.3981032219222416,0.2603911623715583,0.10905358940027557,0.25035007517762997,0.3763316034339547,0.14786609662654476,0.5235339696310398,0.17045427444565367,0.17473767789948494,0.13404920852089758,0.385098053254221,0.17575417677983218,0.17742617786834586,0.0450475488331175,0.12867332651125996,0.10507527315502767,0.10436431285949233,0.18542312866196953,0.2772904017811744,0.3365795347809193,0.035929530595184604,0.2696034254393586,0.26341209157697004,0.33114573941098957,0.19586305700450826,0.07294902084615845
0.06802393787765923,0.06094462178022722,0.19853797998896483,0.32656358752488973,0.3083447912824583,0.3251215126300683,0.22871186843770988,0.17826924658370838,0.14165029949953614,0.4083095683852666,0.2779284788976116,0.15428752900551168,0.20068781143803152,0.17944056853643725,0.20058434270576267,0.06518738809045455,0.1615092213094133,0.4442701046335093,0.18992069050291646,0.2791475773403989,0.6098518799508003,0.41693414444224725,0.22114717088250566,0.31819129364130866,0.45818661477480915,0.2192379581815163,0.3535706952816792,0.29968245506936053,0.2507753886448503,0.19688599825094127,0.5231526590729559,0.22347305800244405,0.18295523140978012,0.03540462104303513,0.19968688189031364,0.12602895368600192,0.11215025981260313,0.17576609340063454,0.2868152454728675,0.5292393036110616,0.0995840378728993,0.40754110251777104,0.29115384813071565,0.4159138353367958,0.3322557365381604,0.06328216754717272
0.10519553345552289,0.11941571041639859,0.36815055540419384,0.45401707478373526,0.5948394173756603,0.5137738083021418,0.32852685300690593,0.29581560604973806,0.21519521346099887,0.42199758316653907,0.3810972757184022,0.2892142745521789,0.36350173208779657,0.21237549924957283,0.3508141307190265,0.1414746469045962,0.2921410720445786,0.5478150187052441,0.24937491970939607,0.2552705596228718,0.5919365968148731,0.6303690966188795,0.4261270435917638,0.3803688417121566,0.5074946652182265,0.35510949780404283,0.3351041737834046,0.41564574631163387,0.3197332773068473,0.3515876742756069,0.5839621978561672,0.33846931069733793,0.2917902769897811,0.10500617954949094,0.2910921203279762,0.3018055236467878,0.19844848645293778,0.3104029102309151,0.32032943016381815,0.6681717441386172,0.1157546978046868,0.5853874628719629,0.3967396485023092,0.5770923030427876,0.4165921504949206,0.13017506456098607
0.13617486815311708,0.19336933566327708,0.7998344888077418,0.6637527826748426,0.7458963309726995,0.6424480575449935,0.43881170935353725,0.426604501989168,0.18045602783832407,0.45784494891138655,0.49069085100298593,0.4842548894601567,0.43346035654388243,0.3074218587644161,0.35337321204854466,0.22663218655120126,0.4444846580298138,0.7786471120258411,0.32491045794820056,0.2968281009157658,0.5910408437574821,0.7641414571985001,0.5291096708573614,0.48809808085500395,0.5432826053194766,0.4600469626526337,0.46654191611682844,0.5168979292311341,0.4880326515124137,0.5022477042993831,0.7299165928964322,0.5995282718828926,0.47982553624882185,0.211942081390832,0.5801263534536504,0.7399254507146058,0.360260301601111,0.41083291478508516,0.4188538585666931,0.8199203257205671,0.20534384343228745,0.7961333165978832,0.4348048025229813,0.6679299815671442,0.504324261746713,0.128874627501152
0.26950918803405555,0.21482003771820554,1.0,0.8377451548319194,0.8130795421889062,0.7047147234306508,0.5138695282923038,0.5583282626066292,0.28778093176578223,0.44356066672168676,0.6514157286954132,0.6173036022654519,0.5570964725957067,0.3013183313072905,0.3956060999440389,0.28500888223856824,0.606424405844212,0.7644507063745142,0.4193017627891252,0.3774908199934945,0.6439341990532526,0.6545138979231928,0.5715943534468185,0.5920953391164723,0.5624410836641405,0.6165034007013818,0.4739832726958089,0.5718986965426154,0.6045879174812048,0.5472157368830309,0.7146166468098083,0.6369498309237827,0.6256998946232066,0.23419277402143607,0.6162255221259781,0.8220875875534132,0.3984547569687963,0.52979267636587,0.46416892105488283,0.9133160061008474,0.23414690717511155,0.7723951479238662,0.47816703759631424,0.6611728717699497,0.5796919775634394,0.16133523398550884
0.33724052345942446,0.1888698333199637,0.9047457757176177,0.6710599093449804,0.7113578641384115,0.7934028199334602,0.5418368722269036,0.6513791607840466,0.3164201826152664,0.477658616572063,0.7999195778465295,0.6411150958082905,0.6127957855979033,0.27283529774644344,0.48560577702217356,0.3446645870551185,0.5706524368274063,0.7441387321172644,0.44987578382945337,0.4391141720274587,0.5504043398628021,0.6411804416685958,0.5109028383201523,0.6590886848290278,0.5338980180386464,0.6401993968528847,0.5975933061389354,0.35437753949502215,0.74375491201564,0.6283486960250215,0.7215158605011056,0.6922199725018521,0.6435270577437011,0.22750349931666497,0.7236538979961875,0.8336234784414615,0.4340155072295909,0.5662599954331629,0.4456695539615037,0.527966823291173,0.2609912903889685,0.7159367267538497,0.5267813880241198,0.726093696274218,0.6079812013045084,0.14190229492883522
0.46570540677886,0.21607149197686157,0.7542121953712774,0.5593076721094614,0.9199914900776,0.8726866450956193,0.5099166469681738,0.62368886017867,0.2886092840109948,0.5176751721988375,0.8663820313653408,0.5065151624024122,0.577613978732008,0.269306197494565,0.5438381368936451,0.3112054373403819,0.6135195241657069,0.7503603813859656,0.40340675399517456,0.38611567643094824,0.6412240534418117,0.5888601588388174,0.5128154663520915,0.570699397762985,0.5420386882833831,0.6286995597692716,0.5884193671368528,0.004352941421381009,0.6216883008002203,0.6291584561967901,0.7951806466435238,0.5776262417508207,0.5941385633837755,0.21730727128680302,0.747881482939613,0.6454823298007585,0.35890496760615365,0.4956877855272574,0.5999690584046703,0.012630867113296688,0.4433675958689855,0.7678204355755758,0.5611133568369574,0.64521327777493,0.6899683326397466,0.17289594311026418
0.4646869503022234,0.20315503020322562,0.5212492275078824,0.5247766435301988,0.7289273451083113,0.9412013758535511,0.623452955352919,0.7003066518605799,0.30738575274494945,0.5583707519160088,0.9100510698797064,0.4290708201969861,0.6475435548457357,0.32356490354172684,0.5547067667047072,0.32154725598292916,0.6973981177061002,0.7596828868910246,0.5645140611960061,0.4135234828382849,0.6897009741081161,0.6288808559724285,0.5428329812985482,0.4855834384229817,0.5429504603032125,0.6199351126429246,0.5755770698223811,0.025251169804197074,0.6677101255499513,0.6736648880303003,0.8334865172832847,0.6176263580668998,0.6096731418352925,0.26401033429930026,0.7077307644563934,0.4002205222787089,0.43678747201427315,0.446363179864179,0.6107356834664669,0.01812500391223016,0.4986354752839713,0.7562717856587059,0.599892275361557,0.6790427697620163,0.6542768551993958,0.09210574307331529
0.4244393105869582,0.23029632425614824,0.7295907128898232,0.5125096670808486,0.7973225908250215,0.9176618828683785,0.7749463730329046,0.7810083850925031,0.24962799018909368,0.45289139961787844,1.0000000000000002,0.5042008259695654,0.6093611990310769,0.3450859068583944,0.49508421008790165,0.3666108973664767,0.68725897679969,0.7042230315662203,0.562825713587312,0.3942875505234132,0.5889606608014292,0.747370168719367,0.58109507865803,0.5734685490055896,0.5229056304972002,0.5967331403417612,0.5385793152777714,0.030429742966611696,0.6613165627326263,0.8630069132709277,0.8418605799428706,0.6348268369488107,0.7120450115240382,0.346353128323449,0.8403253774291832,0.567486737992805,0.4222548456355206,0.4587810792597417,0.5943408269048845,0.02410129547050055,0.38713052979261287,0.8382207974662014,0.5792331316267398,0.735026425906696,0.6119502829550151,0.05437795995640025
0.3816174193664089,0.22481579723626235,0.8077493532509702,0.5284866841608987,0.8679475086547147,0.9636871962616484,0.6953730826398522,0.736268469284514,0.2719663337872241,0.48309754113013637,0.9388009977104841,0.5212910308724275,0.6098781460883843,0.3545885006040008,0.5281065875988655,0.3257640229630551,0.788880949906261,0.6639469183037783,0.4811350553810325,0.4279453638248271,0.5942807342161857,0.7161523715395753,0.593460718781385,0.6196387131251726,0.47429362017384297,0.5724105590066592,0.5111501552397145,0.00941276814814676,0.722082798706197,0.8160477993083743,0.7543294483925421,0.6667713064106819,0.594335841565435,0.33014738898605334,0.8231755525132651,0.6954085244704553,0.4151264454877859,0.5795104930184265,0.6563789879451233,0.028187478214684668,0.3888653530301966,0.7793238401221696,0.47722516239770413,0.7120951018082985,0.6546994459002276,0.12038188396684515
0.40009138057784616,0.2742919116226042,0.6318917842825494,0.6727612878507452,0.9406571150688865,0.9011349595174644,0.5946737304661965,0.6063720741370942,0.34439140455446166,0.4792523385758577,0.8263762443681034,0.4911886752945396,0.6112899732136101,0.3583617504447633,0.5147177321845366,0.40087568439876226,0.678605184519524,0.5361668442108865,0.49558470334163396,0.4384888594081747,0.6448983113453007,0.6246705404044621,0.6063673231160577,0.6003490713673335,0.47427788156080186,0.6733950734322838,0.483886693450086,0.026775694830930195,0.6982604106894136,0.7137862351375347,0.7585123153676276,0.5743717476435822,0.5477188770964059,0.35138281556874906,0.7541325913397674,0.5538387278340006,0.49039901329071756,0.5254835547445211,0.6602662158050926,0.01081450453586148,0.3695650187612641,0.7243731931636632,0.5146410124252568,0.727452830203401,0.6121359620814761,0.06343407916256949
0.39858334465245987,0.19566754653874815,0.4444596830731215,0.5528878907970611,0.8030263390046586,0.7838374529601031,0.558063408503211,0.6660598153487322,0.3577219385727712,0.4987779837098889,0.7952221387061071,0.47013475589788667,0.6789752536665353,0.3843120514524668,0.5279926847273602,0.32878098346982504,0.6777943533855867,0.6613512008620964,0.5885673617519184,0.5284552431631218,0.6675989192707564,0.629887435496968,0.7394984181846349,0.6323497765424664,0.47809202263049694,0.6778094956930784,0.6352135721191685,0.04089195006351328,0.7125485726545736,0.6456690186046484,0.6755459818770286,0.605118711646079,0.6640074577530884,0.2838594029379392,0.6871306881516925,0.48580776084083027,0.5217725373080675,0.4964936920216308,0.6777455070465168,0.03289466132604993,0.3821273627903152,0.7654476015325657,0.558979770647492,0.8350774152217821,0.6288104591316862,0.08067589593530411
0.4288064626529203,0.23556617277664718,0.3366179408309527,0.5335621660872113,0.32693860314615164,0.7706823548396853,0.5491691914708142,0.605456469286,0.5023016205262801,0.6420715466329343,0.7018826357469526,0.3884727706745943,0.7205850461926324,0.38983121219908684,0.5925049865909081,0.26023984613246276,0.6878338697125509,0.7032662943524721,0.5551387477704295,0.6381227614720789,0.7313434825595437,0.70137226112436,0.7008546163167191,0.6130719691537047,0.568840203490967,0.7783391747036248,0.6248572553909855,0.0200753197337976,0.6057180055598622,0.5821992141454625,0.7137501677026771,0.5956540623949851,0.6490091833848022,0.17108426028385001,0.5209959183517044,0.2999007266751446,0.40079045231755717,0.3477988902601299,0.7234157185465265,0.0212161378986851,0.5580097116332431,0.7917455832630186,0.6741759415239085,0.8557595817715715,0.660795868575375,0.10097255177706724
0.5849454282636833,0.27709281735366287,0.3799704434124683,0.5410713907697335,0.26191837181174227,0.8077194103187895,0.47002403284357247,0.6330076116558012,0.5162283095146394,0.7658665908278337,0.7129096527950619,0.3229134368749191,0.7999643016407268,0.3363133777857938,0.654352391686356,0.2991882382206996,0.623637175478589,0.7205254066523432,0.7783357304401158,0.6764443496479959,0.8717279056919817,0.6737303992996393,0.6314443771805502,0.5099794819272606,0.8062973182388307,0.7731785972569517,0.7926812991832451,0.04043088966370037,0.5749842608455495,0.7643189449693035,0.6523674715659321,0.5995843396036024,0.6466967373421957,0.2442734346979324,0.46946647124738744,0.2981439299323219,0.5439268057032653,0.3181459500824367,0.7469101192959348,0.03596104326233023,0.6077969121482036,0.8074325180630443,0.7999491682933484,0.8361866882730588,0.7612581368337873,0.16781198197878072
0.5027099815830062,0.31001391659860694,0.34686501938311093,0.5284076484591896,0.31229033485682745,0.8403261415759683,0.5454038210166273,0.8072891673029616,0.5900290558065383,0.8763397977709825,0.8237340977637206,0.2925051825939466,0.9864771348897292,0.38325649525180283,0.6856324881867759,0.33158741157136007,0.6610080612698856,0.7556252416118225,0.8002565031602837,0.8727426535775303,0.9171499037581876,0.827815088940842,0.5829780399149935,0.549069144637555,0.9167207861594134,0.7871719887415559,0.5467713822219549,0.0155459208403666,0.5894570504725001,0.8070223618176798,0.669189369378328,0.6300105398146354,0.634014015083734,0.29947695525131823,0.5378592476976953,0.3350340087184544,0.5371189612244704,0.5026371639037799,0.837725118919795,0.02751907550580772,0.45952460975028364,0.8440651806742471,0.7512477899860245,0.9556688826186279,0.6934821353623617,0.16127257913090554
0.39311637692137275,0.2125765742711799,0.34219215810982617,0.3914751743177408,0.22055947552887992,0.6794887864795653,0.6032013679834712,0.5997206149516981,0.39387709100008667,0.9656429066923764,0.7246463651033559,0.31067321173802054,0.6853301233694913,0.3190286105389697,0.4619509813306677,0.23310008271809424,0.6442688657614417,0.6978084160784348,0.7841434434018909,0.9021895829133924,0.8505306513309567,0.825281295995207,0.46845095622576205,0.5929287281294416,0.82806887101914,0.5234996368632707,0.6178401693670278,0.024845667183911582,0.4867845054085721,0.618562722525004,0.7710613728997102,0.5718583048657866,0.6735053336948885,0.25819053283909865,0.39585295137497367,0.37081892559708474,0.4255062655472359,0.5236285799685201,0.7040680181817327,0.02220004453406777,0.4090566697159183,0.6561833388301119,0.6487311627159894,0.8974033668366446,0.6926214227612748,0.1551136476522641
0.2590208335660865,0.1743991226254863,0.33349865563116926,0.366675251311689,0.16033733671477318,0.519026001658488,0.7609921972494459,0.4159142413202498,0.2652103241477272,0.9234526304407886,0.54384139925745,0.24515935971598893,0.5353253769189824,0.32495316771507315,0.43693671469773604,0.20859838544301337,0.49638483641708664,0.7758864353601532,0.7369652802720585,0.8046519437198417,0.797832072554911,0.7599053305563336,0.3414886471031783,0.5534051231280974,0.7591870593557446,0.4148351692103984,0.6094374674060834,0.046902859979774406,0.4513524791149013,0.39832685429890974,0.8013813904853089,0.5835314897762178,0.6267860649666501,0.17691906583700426,0.2764041715953182,0.3968388879177157,0.3460537352526174,0.508563343738741,0.6221929085998156,0.023073002439323233,0.2187437062256296,0.6438496560524183,0.5851257080302857,0.6872950828029193,0.6138683365800696,0.15842111589473498
0.11148637181365388,0.12080339886407074,0.27082724170272304,0.31585179714454426,0.09420256720695416,0.37121854062553594,0.6154757559016888,0.35879902878836323,0.20404238020392676,0.7918373133956244,0.42575345265816655,0.18491665804447485,0.39983565544714855,0.2709191420856969,0.37505960421028095,0.1540830311283897,0.32912456116503724,0.6273174050274976,0.6368537113071141,0.6714818797033739,0.7563588311505554,0.6148899922949856,0.2569030613357426,0.4200275278228466,0.6727893597112227,0.35750296564032985,0.564341319555927,0.020642146917452607,0.43828360387081844,0.2872376693016607,0.7486358814165534,0.446009861092284,0.4741006524252279,0.12335173102706372,0.261074743852559,0.3900969410863332,0.2923990036885379,0.5247199197312677,0.5660446028591031,0.024994438613998242,0.20272952470659508,0.5797512817273603,0.4931894820913101,0.6421302534733137,0.5819490790292177,0.1338170409337848
0.09253214059572691,0.04779640509124072,0.19607607683495903,0.2821697750545631,0.05356554083808372,0.28320906078524266,0.5658162243660273,0.27789348802924396,0.14553435559621888,0.694354866745694,0.32487673428154323,0.22045774024443107,0.28115815821518647,0.31746880735466965,0.2719693160804629,0.09952291855407605,0.22802225462771522,0.5591741789476674,0.47759149523338407,0.6380410226584053,0.678844693193105,0.5540288347004679,0.22918528038168576,0.38687483433472564,0.513893931710369,0.2501373822308972,0.5605594141946444,0.04930031029022297,0.340375658731476,0.2519111769270653,0.6104683921172801,0.40603859273490756,0.39504226635725737,0.09168832484384826,0.2827249043886505,0.29031799292095073,0.17450428815227012,0.39668291680182616,0.4649553727051428,0.08461664715858684,0.1902990068073879,0.4230795456921064,0.4398191953962286,0.5853367683380808,0.5042601666052043,0.046923090952722644
0.05870746296691365,0.052463955089343386,0.12030000328114833,0.17387401756881254,0.12711501608651812,0.2216395039417298,0.4016812820310284,0.21566576283699884,0.16917771469689497,0.5992823921302672,0.26169190621285154,0.1252655125209359,0.1989483095715477,0.239002035852104,0.17580473675612554,0.09534198302636035,0.17409382456160774,0.3889518188926442,0.2723472905876099,0.5253555733516642,0.5091136310923406,0.4226007572742949,0.16965333583702633,0.32707911140406376,0.40580406806941144,0.18260953099977756,0.5677070141231455,0.21781099580616325,0.2635769244884951,0.24332735154035567,0.5072060888915234,0.30674919681772744,0.331152797942585,0.05517227638746851,0.20295961752395636,0.2635784704588006,0.1246963433070217,0.3032821242188446,0.3680068610747906,0.5943853978324187,0.1501426980780542,0.3738399249089659,0.34980194241804924,0.4415218039527189,0.4304726404214049,0.05187755056523625
0.043234236840322404,0.08762053073930019,0.05470525032337767,0.2692087769974012,0.06804877150330611,0.1976265740709597,0.29482538107673056,0.13874420779847207,0.13128247461355952,0.46421363511207414,0.19155200357451585,0.11473869784530538,0.12835279397704386,0.21672447470763367,0.16013135081235216,0.06004133835451176,0.08279567643546583,0.43090381336918016,0.2213877214788067,0.43749829482332236,0.47018724913175625,0.3767923626139141,0.12973673399844723,0.2871267283419494,0.3418291306051484,0.13101590068991342,0.5544624416027061,0.15698695960141898,0.23416111718467,0.17175495671205854,0.4264219645739378,0.21215743723491556,0.20399654885590768,0.07065897884702814,0.1505378484186804,0.2078975636264952,0.11719382178174151,0.20153457569374572,0.29988356002953165,0.4948728576634008,0.023235319008663373,0.35034463590284615,0.319020087744702,0.34554634324892153,0.28399944293102897,0.07973153275682121
0.03467049577130202,0.07077662065756529,0.05705358368504193,0.15548864622903685,0.019746010548062312,0.1630131605545378,0.2269849015754901,0.12389226297260278,0.12035106008192331,0.39519598085384994,0.17829166614036204,0.09950555576809708,0.11048278037585418,0.15126015639636833,0.12482123054258647,0.05331802636067399,0.09474737294251442,0.276804131565961,0.1408519225399095,0.42243768058138914,0.37073519346866224,0.22958065102503036,0.10775105786573339,0.2353462783739931,0.30415234633182686,0.10252240433309552,0.4970390512580534,0.10403197202035178,0.1477090497379988,0.10949991701166471,0.316216778484316,0.22088254376322142,0.14880678287070956,0.04779992704512556,0.13327845289756374,0.1558506417751232,0.07477465917489283,0.2718773970410838,0.21568817468054519,0.40579321320339157,0.04922507120141243,0.22098360287246482,0.2492574864667906,0.2574943603591451,0.21702806998995347,0.06779989466828593
0.027667786566079208,0.0581153458114477,0.0511469085980618,0.1286195813816523,0.03729132470280361,0.15281271848799038,0.1339445557508217,0.10238426752465543,0.12086830000158194,0.316108362567213,0.154644199633167,0.06681732492348613,0.14840970070561582,0.14516407242439913,0.12965948637291472,0.0612874873142221,0.08108262352201695,0.22735399256274297,0.15831483221434137,0.34695419029178726,0.3406176933655612,0.17837000752733398,0.07043184026752287,0.2621418921926621,0.2812753573395284,0.05360335161672912,0.47067203850821876,0.09373739613017638,0.16830318141336878,0.0853041298243491,0.29374281588563483,0.15657185754856026,0.17321919797049223,0.04054709566018634,0.08187517036866218,0.10611173921976881,0.041059624754010704,0.22149842690567367,0.19333890217562202,0.4413702067112221,0.05952178657571127,0.21692390321389204,0.2034603533594387,0.24329781756241456,0.17160001734015018,0.065970372837799
0.038722255522002744,0.022514978298619214,0.051768391852577283,0.11648566978765885,0.02238289420948189,0.17143646027199624,0.1622024537500455,0.09997559810236104,0.1297501471267047,0.28085366340544293,0.11068965660159538,0.07463584651819294,0.14442370519186087,0.16063450302385604,0.19132446371391273,0.04297015346420228,0.041687514408329907,0.2860300551624567,0.15794089388099802,0.3859789389269348,0.3432054696836442,0.24346003273641467,0.06283272787186453,0.32415302493756737,0.3054455801062856,0.15940469278583852,0.5398864336555417,0.13196325585480173,0.17739396250073627,0.11976473331972369,0.3232567767482303,0.18194736308534798,0.12961745177763193,0.04214741258492498,0.08960342825786023,0.11484193384680806,0.13511425166791563,0.2503760913579653,0.22383258970411182,0.30509911317412997,0.04161474094011033,0.161488822085865,0.16095068746298016,0.23773401264795715,0.23406426731319596,0.07255599721615927
0.050226746481343884,0.040174093069331215,0.09315978932113216,0.09004281923486145,0.05372855810595936,0.23682700651932087,0.15003640042634583,0.12481254276728043,0.010658367234245424,0.34553728385260724,0.14700719203113236,0.0660087282742394,0.1129532102157822,0.16827818799435165,0.15917160814125048,0.05904407749539462,0.0683434328786694,0.3783094004142455,0.14055282679273004,0.3562874152296066,0.32452481810957723,0.18421560514703558,0.12444161933532502,0.23029663902322814,0.3440505764056054,0.1167033339652525,0.4561057380123626,0.16686899244259187,0.19616748180984397,0.14181517452595488,0.33572348902044963,0.1964745004394211,0.13608425177438907,0.04495480575650232,0.12223761954816449,0.17648821996914243,0.0936172052691294,0.18344443467656957,0.2268563960599381,0.3819678339310193,0.06228782817638671,0.22861004147663122,0.18225346450604912,0.21910851570362275,0.2525697605802557,0.0714715757075787
0.08355258511254789,0.09021322880847345,0.1876651601888628,0.26478228285262057,0.3473574790802101,0.38132168508503017,0.20134312333521248,0.15896206314910938,0.14557028129804647,0.40113006970425225,0.22875657532429988,0.18438720673516418,0.23943809608149005,0.2520239335069385,0.21973401311508975,0.13021187913019,0.19925145700107938,0.5311296626741582,0.22653690857533842,0.3306847495558941,0.5091791264546172,0.442460040452767,0.3745054170123746,0.3960185425926437,0.4848832874981759,0.21127594930622767,0.4049749580621077,0.3248193821080336,0.2684162303055089,0.2272842142846498,0.44844352461139164,0.2848098427748197,0.24990608525862143,0.07918908947550392,0.16167157036789553,0.24529864125817558,0.15823453932268156,0.2782140259424807,0.35059999905338846,0.5625183067499074,0.081982144491422,0.50131016697076,0.28119919492912354,0.4455821881104002,0.37736182911721455,0.06023679089466243
0.18421926389035886,0.2548873310015912,0.41571870699955576,0.5456469381332888,0.7888669153378611,0.7500382698414326,0.44917139555305763,0.3304539787421655,0.4047706509199496,0.3913135819053924,0.46355227805307875,0.3695264725722402,0.44665558721788357,0.26178259685209976,0.3670115510557025,0.3454229109701686,0.4374599848572232,0.7379220656352905,0.2775352551146292,0.3192133853031539,0.5043381686722154,0.6569373933899363,0.8752216805626514,0.69115498121817,0.5057813897399455,0.40759181508732656,0.4731428666291136,0.5203387565455467,0.4367948108558556,0.3547728074796624,0.6136983655326718,0.6685396305350518,0.4468320735132012,0.18737317181000862,0.34394467350021407,0.31087485012280375,0.4995501553009627,0.5182856008530783,0.4119850671909492,0.6600020476410798,0.21974123557044178,0.9139960921852942,0.4002423929257445,0.7755542107528804,0.5940618718039887,0.4560306887932972
0.19985144194808444,0.1342480209003754,0.6747089528154241,0.7642549159734517,0.801836599552443,0.9266530784711126,0.6192719176801785,0.5061498191511143,0.4984252292489364,0.323178313038257,0.5348880510654183,0.7469189130663125,0.4784104315166391,0.48159857542546086,0.3928432901790982,0.642807650773562,0.4734324467697011,0.7565254976835558,0.3231953672296797,0.30113202130049604,0.40030712637208177,0.652158195496065,0.7098303489062848,0.7241442071207341,0.4918033700354404,0.47434974148982323,0.32544490156213896,0.7184283943983863,0.5691816882486056,0.5001413484506982,0.632824010621471,0.7732882662600307,0.4512870080873852,0.40959584652589637,0.48344061043596603,0.769185862418452,0.7273985811826584,0.5832284138235344,0.47214497563031804,0.7262401116236425,0.3462218643629658,0.8995982400111119,0.3891647144155323,0.6992301845920892,0.5977049136471412,0.6789633840153196
0.2611126154546205,0.14775999113615298,0.7720865339785127,0.779830207155166,0.913216864350713,0.9257415199426279,0.6939790354531368,0.5396542219576083,0.6166036198015572,0.3163498984787064,0.6427049519491151,0.8108045566937728,0.419248954344836,0.3557400428431325,0.413735290359514,0.7097662928675504,0.45134017208655364,0.7563146605236811,0.3098665397246225,0.2999549039300825,0.43152608741852555,0.5909564426539878,0.5040137234418826,0.7579254089477049,0.4556341300620947,0.5267212499221339,0.3021171789039841,0.10377851039369786,0.6571607408722835,0.5754780915705908,0.5608749106822963,0.6543221697496794,0.4598867853822739,0.5313106348410297,0.5257701452146148,0.8465205999276685,0.6079900359801571,0.48186951054431887,0.41606522663384066,0.12955392153551282,0.2739925440780029,0.5882248983541377,0.36657432215560215,0.4861939922917763,0.5605166788294041,0.4929839842740782
0.29693694961345335,0.167430013392163,0.6749518285999272,0.7178461419506705,0.7439531025730226,0.8836400481905518,0.6030802715798648,0.5371362715319971,0.5570309477352148,0.3417680843501403,0.6290171360545993,0.744133744353166,0.4561261322071346,0.3636550834122869,0.41799562347928526,0.7230688760113674,0.45505364922121994,0.8015649770910388,0.43678329280237044,0.3288955254505686,0.4971178530635342,0.4672832852725369,0.42600731636742517,0.7390183980530105,0.4572632983508216,0.5425044882909102,0.22498552201164743,0.014542918304165146,0.587868140833103,0.6272372765364223,0.540162498336601,0.6855487997237529,0.46239639926980036,0.5451051022837405,0.521957895336412,0.7795459995652765,0.5473532211110552,0.5367007955168251,0.378549411531757,0.01690661647282498,0.22852637169748297,0.5986659991899914,0.4059610257388008,0.43466525140496115,0.5919832963008869,0.669841042653403
0.36478861046664274,0.16603078938330657,0.6039103723635377,0.6027432662787477,0.7050893785499139,0.7893537100570286,0.6773339625416557,0.5709588138413596,0.6368835477325903,0.3500859733721941,0.7189013766638556,0.6312386541687814,0.4363363145173613,0.39893009897483317,0.4495529707784835,0.808139715428839,0.49918697325370875,0.7696772370971758,0.40909480169605067,0.35702374063786646,0.4615543179036269,0.6136007457095204,0.37395094965602693,0.6483311895901446,0.47367103998245375,0.6771869595290663,0.2637589533369084,0.025933005481145112,0.6178682362054944,0.6325888413193548,0.5311823944370865,0.5330470410419693,0.5281650009771501,0.5361000317455147,0.6495034710509625,0.6825728465982099,0.5325962234802232,0.5560303736067408,0.46220648585630403,0.023335398316170305,0.40214392367448976,0.6496291504345987,0.5142175700246683,0.5338446036457132,0.661108889202584,0.7837624802287944
0.38066784699833106,0.14626842239773927,0.6198561315955289,0.5005388462880406,0.6432956743821145,0.8729725043608219,0.5738181564871727,0.6669378879350119,0.6130077534014058,0.3827023643588507,0.7398809328490963,0.47939416165145154,0.40251238896733327,0.4530300780010675,0.4511312774069178,0.6071046269895894,0.5188525329812164,0.6914975023301873,0.4657789518436113,0.4142046863417282,0.4390668539245469,0.6195945174393122,0.44255049666089996,0.6244115570776403,0.4330787644177252,0.6046525954365191,0.2782147074578188,0.03642577271394064,0.6338612790355445,0.6585380380209938,0.5714765336250192,0.5040272380406459,0.47938697926313345,0.4414009785659411,0.6823935695725767,0.4989160700275181,0.5852196031531116,0.4368162097606522,0.4869681106574861,0.03279876655020513,0.45189019025158583,0.5161821464920714,0.5493507085912985,0.6719349978495142,0.6004138094546374,0.6344947625720697
0.37881569472597687,0.1744320214330967,0.6313035110745706,0.4032662316055636,0.623054732298964,0.8526881466493555,0.6053377942334046,0.6505557801943093,0.5261587816181997,0.37202299628894725,0.7252388635836733,0.5726706626977095,0.4283886839525063,0.4154150588202083,0.478296380627819,0.5185711282455777,0.5175373277839657,0.6786934140785318,0.3337959971529079,0.4369535650168772,0.4691996562784918,0.6380995247922546,0.3785631094735262,0.5944079426772907,0.38524027971724534,0.4580783042365581,0.27068460647874215,0.016418338506673194,0.6598511638319728,0.6646959376763829,0.6046241530751937,0.49031700149918744,0.49503026643457315,0.5109558553145687,0.7048053069246957,0.5393677742816211,0.6396646795181857,0.5738954447559957,0.47187407114837215,0.013786793311407732,0.35863771954324875,0.5664107638614555,0.5529188254569233,0.5743107225394309,0.49648201748482335,0.43445355349951065
0.3189078906106167,0.214976706752489,0.5894014867130188,0.740780513420225,0.6694657588272418,0.8539252582629504,0.6491938107942828,0.6088987039686471,0.4997136561038995,0.38564451858213095,0.6645747117338733,0.6166841119582668,0.44489614124826793,0.4293953391730476,0.48883279275304387,0.6396170375558157,0.4722386160074298,0.710048252981955,0.44387241694996593,0.44963625682765623,0.476365744737713,0.5806072127380915,0.4384346817486142,0.6887385583437411,0.3550611949740326,0.554345225037058,0.2774572885399688,0.03106354097421584,0.6375493054825775,0.6034563428302733,0.583403152846421,0.5310957868257123,0.47566760111360284,0.6109956121517982,0.7682608778767344,0.5664345019398954,0.680085550301815,0.46167908502848737,0.490368208768767,0.018657250243143783,0.333026558781977,0.5733770136571902,0.5173289103884275,0.529932590302902,0.5665498438073256,0.5681614787754808
0.3200493330610308,0.36297498782879084,0.506546307228989,0.6841978062230993,0.5896969097380653,0.7560381706799397,0.636307054592023,0.5769628301320657,0.5755382171760303,0.42248431749176274,0.6465759860364222,0.565472425865813,0.44693392037978674,0.5159919653488602,0.4844180550263789,0.5786658298359035,0.508203001355228,0.6943280291272761,0.4495752455436939,0.47334289223484316,0.5370492996625617,0.5547366489219095,0.5032452772003201,0.7468054692332738,0.34031769375728194,0.5634314359276082,0.34463967219014946,0.02823377778875786,0.7160086864735777,0.5376097693152365,0.6579059546946644,0.7680044596338291,0.5654610225796226,0.5724753462522472,0.6476203238516991,0.5978442538899668,0.6058339987484359,0.4797784283434738,0.4792942109701051,0.023092085845945347,0.324365659340211,0.6436145940537374,0.5196279542163361,0.578738675038003,0.574432830560776,0.693020285716316
0.3586161396397664,0.3618169491911063,0.5195201445412938,0.6600559285517165,0.7193937065907758,0.8105481159491918,0.6540178784258285,0.5543632628724887,0.6892645259447042,0.525804169989949,0.7318021638627631,0.5272737295764406,0.5722888506955258,0.4847961757791553,0.611403573462746,0.5661664005560585,0.5252419497173574,0.671441393422998,0.5762970156017532,0.4612827072526777,0.5473889081170075,0.5245934626514501,0.6990948923234468,0.8208500754024827,0.3628157130222294,0.6558873009953239,0.2835885674983108,0.012365947471991386,0.7353902401893683,0.6189232860134404,0.7272649322380343,0.6602317872243918,0.6452225443622535,0.49676962918476125,0.5614596876428566,0.5855673719896253,0.6991284773456963,0.46923179794836506,0.5641867523194823,0.020231482359314525,0.3316498902157759,0.8648419738656684,0.5594467905303064,0.7584482663835912,0.5696214102609708,0.5628759553603129
0.4631722191234139,0.42219996962119505,0.4726941152972643,0.5674723233425728,0.30946499708459296,0.7978370713513856,0.6521853106692997,0.5638747859691167,0.653271085087271,0.6691694259754363,0.6061332238190182,0.3934716275075895,0.6830973262253949,0.3768876513955684,0.6997382470930805,0.5496940362309514,0.6906113603665595,0.7275185138146909,0.7474698957529066,0.6663976659150885,0.6816684497828928,0.6294376955998112,0.7663333338415368,0.7596516026494329,0.6493474676743741,0.6303639820370384,0.47787824083092284,0.020881665976970783,0.7620746491394005,0.62009611838668,0.763286764384647,0.7408733019688188,0.8026892188930851,0.363723255401679,0.4432159932985601,0.4048365345636197,0.8677403151742716,0.6830922458360434,0.7054925352552611,0.046662512869449925,0.544214094774352,0.9642628033763782,0.6895593616441181,0.8935401810107153,0.7042117882711226,0.5362994936629104
0.37048143042051346,0.31966241025997766,0.37967819387490515,0.43717568696347786,0.18203697105929115,0.7156499705148536,0.5475634744157721,0.5586806895600653,0.5721723522820324,0.7814349915862883,0.5069369868732378,0.3043424101837904,0.8234420094553535,0.3382072808181272,0.6451850298095084,0.3165424612105057,0.5789441064815773,0.7446639263426434,0.7588324770795605,0.8291432991422155,0.6668572726884591,0.6852316129836692,0.4946303558321543,0.5919981032757619,0.8284605989978107,0.7287570667642935,0.6018220308161238,0.018651815152951244,0.5923747561354159,0.6164782777650372,0.7546741671147261,0.6394239004017439,0.6034448471277505,0.2039967615348477,0.47974981031893954,0.29895162976943745,0.4912996005086029,0.36628170951464123,0.6614463405075075,0.02004920734494687,0.4946757929408499,0.7067565839870555,0.7162152199841042,0.7501784772506638,0.7174765112796379,0.267612983332793
0.4342390173827409,0.21037399624978317,0.3462334967105395,0.5048229625033737,0.15031683729977333,0.6854202257154117,0.49223700911710505,0.5425293449508009,0.47936616780310426,0.8464738494638927,0.5623135535038248,0.35871395968617587,0.7152023298711118,0.3374678207174776,0.5388389695338953,0.29091676843824094,0.5937779794676,0.9824819275804076,0.8115851782160923,0.8854465383240561,0.8091217103862596,0.7135062012939322,0.437431972892966,0.5772688256216166,0.8566527554152581,0.7171778696063785,0.729833147381277,0.011420042233611413,0.6874976705726573,0.6774287468471094,0.795120925207993,0.6814922585116223,0.5873532055324177,0.27628496251594203,0.40645406582890764,0.32602765997249394,0.3776474104728713,0.3652071288141152,0.789510080502175,0.01608447817197552,0.47507836799859365,0.6702574792683201,0.6696727349960448,0.8147142713184098,0.6339824751083298,0.2494129947288805
0.4637098050541915,0.16395014719908974,0.3497266451261416,0.4998124410194929,0.1714705244735586,0.5464988962197546,0.5662804460482254,0.480651624514994,0.3477502050180138,0.8390110504908654,0.5005615134229159,0.28607835571950063,0.5178299289248396,0.30745258301614814,0.6124671604722374,0.18361616881562473,0.4970543646606643,0.9999999999999999,0.6372410262421379,0.8566688473019822,0.6070961932729037,0.7749406322533294,0.3799744579338631,0.5639679086259487,0.7323880504145678,0.5024001095755566,0.7438566088253002,0.029802729003259497,0.5860543127881971,0.5634995242770237,0.7877701313787323,0.6031007455798647,0.47997222134154893,0.27435955161695164,0.38560307054127374,0.32332843462179217,0.37259995674738033,0.43170481629135365,0.7612629645916046,0.030063783249954533,0.24121962453351853,0.6566311063209808,0.6268374274228339,0.7756968092519018,0.6366757514342697,0.239358652645083
0.20559463795836255,0.1424468557580583,0.32533220078483405,0.4084331980951078,0.1401406100320938,0.4193572685224991,0.600421485605454,0.39827124317790524,0.29242705398839947,0.8968141215079316,0.4449393688344622,0.23136124391398158,0.49890470131183406,0.32693877480138805,0.41032066851262233,0.15987541136186967,0.457447261246711,0.783217946141715,0.44684459084693756,0.8026105243953717,0.025254528462454302,0.8267343810687104,0.28476111693382233,0.45787373396372927,0.6693288675216663,0.40454495996960066,0.6468941281761996,0.01286503899185603,0.4780053540073185,0.3907275288815553,0.7213616961838663,0.5831927408093419,0.4699489788599581,0.15942387480416845,0.3148814120836028,0.38391268571889053,0.3541717655738613,0.2918757615154272,0.7689020731085994,0.026441902948097257,0.225141740015546,0.562609118320043,0.5987926205251692,0.8380736602768739,0.5508162295783015,0.15790577545029977
0.12782550266243636,0.12659556459845842,0.30329767063005963,0.3667537022805602,0.0743753022320015,0.3370894553134659,0.5371116111803643,0.302188846495417,0.21244869360718757,0.7534846427290453,0.37215567824245227,0.1632439099152093,0.31909085122981634,0.31590634418924374,0.3265953296623138,0.10401912285112655,0.3062778673751589,0.7542125408090423,0.4918002589886762,0.5831980405980244,0.5344372737054861,0.6507552007156634,0.23019549689850713,0.3738974772962028,0.6444721378506748,0.32924158025076955,0.5531162264850984,0.02862187211530144,0.39937846844086267,0.3216604465246898,0.700312742155348,0.49458898678178576,0.4068187854221015,0.0660798740190245,0.31493790545215,0.3613017890850277,0.26987873524281314,0.34197631985874516,0.5877187229886006,0.014657507282427422,0.19547737835064138,0.4800046915857597,0.5560158859971082,0.591053160703581,0.49264841975271234,0.1459620752506132
0.09297498982652656,0.08720287057524338,0.22293437681143974,0.2564758901551676,0.09721639948857608,0.25988521414314203,0.47880623377097203,0.23084621198268354,0.14105951319364848,0.667623204338254,0.31415113223567986,0.11307256641046765,0.2501813949302524,0.2483253016624672,0.2866502740877794,0.11192418981701543,0.21200350735468723,0.5951609228391298,0.3661167320517808,0.5135575191551928,0.6466590473275855,0.5481340296261942,0.1642372752771701,0.3141932034467266,0.5110581058404143,0.20167523744530474,0.43570262088484696,0.02470083235884575,0.2744324194150286,0.2401252767978121,0.5889435021544654,0.41273485949566957,0.3456464315476121,0.07993350589948502,0.25575173833099535,0.2937060575458455,0.216543109448509,0.2258384102637015,0.4442011849386362,0.07389788794323304,0.1343268423802321,0.4481394844649919,0.5081261493249004,0.5183423124665709,0.3897596641116313,0.06800044949828632
0.029571357414850234,0.07438686844450206,0.14780721601661945,0.19902756508803582,0.05262618473945077,0.198990458941634,0.1110760038639152,0.1765266770007199,0.13366456149484268,0.28822890126828715,0.2529141409351111,0.03375929023952625,0.19297500731007378,0.20255650355955662,0.20145338929364728,0.0860571856223846,0.1469838316284223,0.25046976914600144,0.19941980314391794,0.29813453053841393,0.2636283017589138,0.24168975449514438,0.10322272105631186,0.22358840659837576,0.2674685629030087,0.17449280063058398,0.2968173253049613,0.1863198833227338,0.25600710590098485,0.22270284176178498,0.4810519620908339,0.33046830472103067,0.15234446805776974,0.05849564561305283,0.22168465286420186,0.14370219589544475,0.09713559291857443,0.2812764199539639,0.20831984421938887,0.47739021288824635,0.05152147116363411,0.23675351879619538,0.4056936079556617,0.1745977708392713,0.3632723703165369,0.06870422858887071
0.03942825929745461,0.04950145736874986,0.13397036097170095,0.09630051714667627,0.032452472386239176,0.16940151623018004,0.1932933606030793,0.09033880950133547,0.15966340133697685,0.44703840703462266,0.19303530740057825,0.05273024960000781,0.14818728273298684,0.09809596212467653,0.14031183369366887,0.051717473081983205,0.11841983416048775,0.3473081916871363,0.15396510593866813,0.40303476527547344,0.3605301617048543,0.2708743948461358,0.08267436468236511,0.2385442931279659,0.42864156789977476,0.15058889767431916,0.3291782752510081,0.156898989538201,0.22137144545835905,0.1730235896536131,0.38996507395951857,0.22942417645535107,0.27309547365048015,0.0660764977792184,0.1648231555063016,0.16801709434300915,0.14248514330157697,0.2154318057498526,0.319550412892697,0.4360934304184236,0.06133262107681429,0.23058729618454032,0.35634515845560105,0.26688453738257045,0.2807348038417512,0.08393177808337057
0.037714579262032824,0.04094433089313444,0.12892936492869944,0.20444425260868387,0.05562180842212083,0.13861980219208703,0.17052025744721774,0.10420541985300996,0.15198571669383132,0.37284303762626353,0.19026475841649224,0.020250375301875533,0.15914187259898177,0.08507070395672162,0.1653202900591454,0.05011361074253733,0.10653404908754671,0.3279605801646362,0.16303994345075787,0.3521233335300213,0.3097151657602692,0.3074303634371483,0.0638297569929799,0.16880861691422858,0.40042016310580036,0.0605326217817342,0.36271512413063745,0.15780258777233835,0.16725116860982478,0.16051161513773207,0.31014656023953835,0.18705287281854285,0.23005437186642283,0.03423528913586707,0.10169006718497141,0.12237137586328463,0.11278808535416615,0.0720278211413226,0.28806168619923705,0.396798107343103,0.05421565799569785,0.22403056541078847,0.3452661916706537,0.25218047515315656,0.2448175147986631,0.0908774284311939
0.011665895758140195,0.04965340308336014,0.10570980968171283,0.11866894218961481,0.01989126668611714,0.12326940542178562,0.12654326626723697,0.09264377833983867,0.0947321407994729,0.2982055903123181,0.19963186205736452,0.04214485969376521,0.14289128065796167,0.07413507569946187,0.15134963606893673,0.04996859523121786,0.09179983148056992,0.35844434232171474,0.10002389439116252,0.3344348773797649,0.2810321634501166,0.12277832869466099,0.06307576322563976,0.25368284542495945,0.3268965541954604,0.07402281624207215,0.34818629614205227,0.14027629612203787,0.16176371597824454,0.15001415139374424,0.3086016176013846,0.15243348624027395,0.10054943950241507,0.055655750959201916,0.10465999063836655,0.1087367208711444,0.08541849244699047,0.18700560926309823,0.22987975928447055,0.35167312759879943,0.03962860806858962,0.17806204305316375,0.2229802462321518,0.2134618631796346,0.21372103616027288,0.07822751328298655
0.02545201833407405,0.05196466045997969,0.08345641037624052,0.1352138093667154,0.07030314863226729,0.15754441875614236,0.20670138349376674,0.08407878733456406,0.10762876729698884,0.2727128918292038,0.14690673843284402,0.056291734623956015,0.12566590160906357,0.1351313303961172,0.17320303948603757,0.06026713019567353,0.06832029023366197,0.405715717683306,0.1261733504544812,0.3435523807915494,0.3060659699958511,0.16613235058807518,0.04252834865512868,0.23324624247551104,0.38365050241199333,0.1004074835288583,0.33494127039225885,0.14665339590079646,0.1827660731176783,0.13202942287674707,0.3039690770113612,0.18694453208926118,0.11851458139047291,0.026008090673246675,0.11366037591848425,0.09689472710061194,0.0991614196432127,0.05032880588889792,0.2772161845590384,0.245315073246048,0.02655865849465619,0.21858647761344124,0.257118167439645,0.19393869530662058,0.2714336526259295,0.07571030359728625
0.02851194103124557,0.04517681707507101,0.13926364998689295,0.19706951293749225,0.07403740536473111,0.14872375954577174,0.17868743955150904,0.08843115706576987,0.02039008304364668,0.3436604968909944,0.16455582512603592,0.057741404294142575,0.1549253926160352,0.07782777421738923,0.19817421900733506,0.07546976280784332,0.10942375491860852,0.39982362490641055,0.15487363820433325,0.37557595060503707,0.3783947543978451,0.23235052506257406,0.11177674282434671,0.2036785364433362,0.3924761746178023,0.12961877046770454,0.34644267371696746,0.26161754640036805,0.17900322004823463,0.11692670948063451,0.3414836582656099,0.21513041877569558,0.026417861573264714,0.038839766577227305,0.1279579957790159,0.16166115626404942,0.12119942836961531,0.04792256331348953,0.29533288629132604,0.33883081436055357,0.03539219638264076,0.2774158740608691,0.24260616067528232,0.22909443144025168,0.30527166715019843,0.08749061681658402
0.05402536536319842,0.07378787996398294,0.1816702697566142,0.3460543631234806,0.33718574995872985,0.3158098336692671,0.2662296476528399,0.16789120153489406,0.12148136140990826,0.4722872963612158,0.26089921087057977,0.16260086269964574,0.2554835221317822,0.16260602495157864,0.265104099019785,0.1240612005288198,0.20840106363514943,0.4884011154566337,0.15887213139666895,0.3213725876315409,0.5099895988611588,0.4807973070328447,0.3472855816663917,0.39057842272699267,0.47543636352422797,0.2037942962726474,0.28902025553571137,0.33829019729426923,0.31047568806383075,0.20240819621929584,0.4580650314143293,0.36572717059110016,0.17615085374252074,0.06202913619484983,0.23481237204163163,0.24264165171322793,0.16887849443151284,0.24947397411850064,0.36237735735761595,0.4578894563011802,0.09397105680246223,0.4773052435291933,0.2983995819433023,0.4647445074789929,0.3781736548225442,0.10149862198600493
0.17836095172863023,0.2735484199092598,0.37583586057731033,0.5746566225979626,0.8802364012349773,0.6978220298227115,0.45861606400555993,0.3373562116980255,0.3811301446847902,0.3587901745091737,0.4169183719780338,0.381604589772323,0.49399476481161686,0.28592190388520405,0.3808333400188406,0.30846029008666925,0.4263791065820012,0.6388131380716804,0.2585789760726808,0.2893374158700748,0.5624385108784464,0.6958234210790942,0.7511901726581995,0.5565564340294786,0.5499065848791936,0.361842286583792,0.32856972638956833,0.49578005871908104,0.4530062240171212,0.3492724126855089,0.5959697731902168,0.6133151365377607,0.36857267338303235,0.16479261077995372,0.3127142892116028,0.3357801184914636,0.4401420711817071,0.48676259542430916,0.4704849929334102,0.6377592687598146,0.21492369462042282,0.8832714544658611,0.4313915663499221,0.7272792213235957,0.5454743664617037,0.5259558316365373
0.1931877491414615,0.23200608370794548,0.6985939203202723,0.6702388020340739,0.8167849519674887,0.8185679614751253,0.537835978055926,0.4183399660913389,0.44277603944902083,0.29982289393305406,0.5257348163094931,0.6216717724776091,0.48932486780001205,0.40045530847180066,0.4079842286126277,0.6350370054772038,0.507149453853268,0.6538010909129909,0.2836682617157867,0.36048163953447127,0.5059799766400462,0.6950344146154582,0.7025770016387247,0.670673996960772,0.48555120470067803,0.4320328941615921,0.3399252178246586,0.24981064600496586,0.6092012156660699,0.565653199343363,0.6332575610695925,0.6754941979730105,0.39970631486356256,0.5012357948496204,0.4793899001407093,0.7396548029018006,0.637273790556971,0.3650924935457742,0.4170807732009236,0.2939601295049717,0.2870593988131742,0.9083115621136271,0.4345008912170438,0.6447919741841838,0.5640485538530053,0.5443993729281968
0.2366398006275395,0.18753607491178415,0.8518899755517292,0.6443933943648118,0.6828427069434766,0.8191753429161336,0.4929727664056773,0.4367585793418055,0.5173809561767905,0.3030204587963626,0.5954757392326601,0.790436066320567,0.4602973467730496,0.4017855363489287,0.3830925270423139,0.7047573077709959,0.4318908715786158,0.7226233572639665,0.38304977333711926,0.307982058689433,0.47476738658065554,0.5692143421677077,0.4976854238339672,0.7507490987014065,0.3839562276299728,0.4560612636073844,0.26008643511679186,0.004066573091969908,0.641154656804555,0.5866505258246849,0.5574068081823244,0.608578708062458,0.44101069341435994,0.5249453648802183,0.5810637503087857,0.7448909150753332,0.6488734462038448,0.6856893627411532,0.38719590848912877,0.016417302883842928,0.26436292944849005,0.601697886289742,0.39925685650522197,0.547186612156421,0.5836930761561187,0.6277353536926827
0.27881650773246675,0.150489166879201,0.6241020665100028,0.5678206491668667,0.7554639535059877,0.7964809233308356,0.61256000934632,0.4817004811098101,0.574081750987116,0.3162161658694557,0.6552724646457551,0.8225493353247477,0.43866596554420617,0.400663675911699,0.448199724324818,0.7503048695713065,0.45933124804448683,0.7249762556855001,0.4421586195629093,0.2893317952962867,0.4460844356639182,0.5069230927368849,0.3968456796580502,0.7751871529169314,0.40777515683493937,0.5357224159646347,0.3452057008388541,0.03263528179846119,0.6046150191250624,0.6714203985192105,0.516127222202444,0.5237414524540156,0.47352747910591364,0.5368576275897188,0.6037342811327326,0.7827287316235735,0.5751641785551727,0.5484802090984251,0.41375420639414584,0.010668569165939886,0.2944308959321867,0.6117008589385974,0.38600945589633734,0.5113330287003238,0.6013515681739989,0.7964847988093556
0.33890715593571447,0.18073447842303547,0.5671200353298731,0.5179383263149773,0.7428470985250861,0.8274372495075415,0.6019345401953814,0.4861179123648329,0.6347216493563074,0.3448325101399877,0.6781687257568771,0.7126141371961628,0.4568397897070568,0.3492936763575431,0.5026588890146397,0.8889020482189197,0.4961316275018326,0.8301066444286784,0.5151534645210526,0.3148407859842816,0.4986316956959266,0.5982727097064712,0.410089998085568,0.7181516568085912,0.491940763935379,0.7731654768354665,0.26945748552409776,0.011176147737765534,0.6379439303543091,0.6115576073309914,0.6309061491389032,0.5133575943668365,0.45610446303638996,0.44310150586515923,0.6528692637444646,0.6457558722666533,0.4968733379413106,0.4766748714102705,0.5112867744727947,0.039446398191640496,0.4741266709179735,0.624981490140062,0.5085927585566082,0.5377167396790676,0.6665076148031134,0.7477822960357848
0.38511988388645874,0.20587145349100863,0.4938457382537192,0.39531831168536424,0.6222354609800496,0.8489737860947406,0.6444069575573932,0.6049112637336088,0.6215053492130977,0.3489137623795851,0.7316734187455787,0.5654580111210901,0.4926592509219152,0.40221256870980754,0.5530836030986824,0.6564075072472613,0.49626964667701723,0.7234551696920076,0.5501557163093502,0.3716031227028522,0.48555821225439166,0.6474140920226059,0.4340703133248588,0.6134566486026884,0.4503526158993123,0.7079898014232452,0.26444089672359106,0.02884352441999751,0.6299426867355385,0.6001796996707978,0.5584252258250892,0.49474113686884835,0.4296600932075395,0.4380816149948581,0.7561152258597141,0.42762542375535256,0.5030656499690014,0.5162927674406883,0.5109087123462613,0.02881418170937451,0.41194100890247565,0.6088306533596382,0.5639710289114831,0.6187897763692309,0.5397419335152123,0.6683560146705597
0.34832897519005124,0.20040652077524143,0.5413974168693353,0.4178318516644698,0.7178044523346088,0.8213266301340194,0.6684690923999902,0.7049098085568433,0.533040677210947,0.3192227467977052,0.6969019907796895,0.5901222016978079,0.4709916175973394,0.3769874277939903,0.5642309737155883,0.5399555420405167,0.48245138682749195,0.6904438362339259,0.5061969631374353,0.3237237140749633,0.4332317214258703,0.515926798842565,0.4520250027118591,0.677184455738399,0.4201585791822153,0.5876807390294404,0.38598616497673754,0.017284266373211808,0.5808457199740152,0.6299975126112206,0.6306325373991136,0.5459311740537416,0.4722444098733528,0.45470774365308914,0.7803750842482219,0.604425854571539,0.5515179491985629,0.473451430065343,0.4440909384705725,0.0103276057182295,0.37249534599784007,0.6010925332065684,0.5216798034750584,0.5434300510873284,0.501619708621058,0.6503464741285779
0.27449991311611494,0.23567020703766847,0.5528676213019963,0.5746658212517423,0.7132851297689079,0.8414973232869285,0.6838739005065507,0.6022321338055975,0.49993832094254076,0.30116073393627835,0.6990074511165334,0.6188989925219603,0.453113840882584,0.38970992408926786,0.4929296482011913,0.708072788069144,0.4799785416184149,0.5935983288775458,0.48301322418493264,0.3032826210241246,0.4638919789080984,0.6813697688098596,0.4386816991689747,0.6476435101614573,0.4211139689150347,0.5160801852990278,0.3507781831038545,0.012226383909463602,0.6208398368021202,0.6949165345376713,0.6579323181629297,0.5474745067051188,0.40451717916281227,0.5374570358405294,0.7069968134996769,0.5643236217766967,0.5571684332832924,0.4572922922056824,0.42463513842191786,0.020277982113649874,0.2971711294148966,0.5910986509385111,0.5906398523713632,0.6388728618100395,0.5188589503166147,0.6993790017936163
0.33252085146482274,0.35778944186581496,0.4869681676120767,0.7368629822717035,0.775838538463224,0.9087655178875957,0.6424262544281205,0.6005331627384283,0.6524625674912053,0.30235252482669156,0.6036128900821377,0.5296994277296909,0.5667258415500809,0.550683116099009,0.5663658044420655,0.6461843254309222,0.5439532093201043,0.7178439383388081,0.4979756575797908,0.39618404459997825,0.5073247529371515,0.518693153833375,0.4930614550442932,0.6624030391754588,0.4107404092713108,0.5854361430542576,0.26314446089802124,0.039152127484899414,0.6518940432977578,0.6948862627667747,0.711709436296716,0.7618211116335412,0.5076436991099476,0.4971886331664041,0.6880898918350323,0.5724563592936909,0.6150877368999885,0.6260581245200699,0.45544056845348874,0.022270503918817137,0.31221946318158067,0.6135946336167769,0.5705160579884916,0.6333359194477571,0.5418748245541105,0.821406080604626
0.3530851839838831,0.3864140127432574,0.5145530542920449,0.6653058884267975,0.721702978848574,0.9306816393377868,0.633092085144315,0.5959649027552615,0.7045390233822147,0.42319336764731563,0.7173150161959899,0.5396598415780918,0.6685608918568803,0.5633730510564102,0.6965214760465088,0.6109691167380831,0.5504444586764096,0.7936668509843283,0.4839075189069654,0.447927637385715,0.6628869840864768,0.7270952496429026,0.6392732024019266,0.7672054911038433,0.4815039482493596,0.6821622532002254,0.4581625834879241,0.031543001400480615,0.803296816349349,0.6855492421329891,0.7190555052672398,0.7035723049326159,0.5468518197099206,0.5105513604779577,0.5464680608260589,0.5349775517687602,0.6742573715163306,0.8464022808641855,0.5714681286258299,0.01833430965025127,0.37811637063834025,0.8520269998024393,0.5510099274271928,0.811603930081449,0.6360143514034478,0.8621942118819185
0.40891515101572207,0.4252634932731695,0.42998674454659597,0.5644008153876654,0.3813206029804447,0.8952070598716918,0.6452678874818745,0.629307444136739,0.8149218653869021,0.6554489823830195,0.6939058229104226,0.43334422499571235,0.7082350398310651,0.3511159118570737,1.0000000000000002,0.5301712652042507,0.6711228480499856,0.9314525394894813,0.6912308007377276,0.5950621635912764,0.7563798381416561,0.6860466390763857,0.8981890579732763,0.6555245710962556,0.6482266878324704,0.7662211636094383,0.6207083020743105,0.01870158743232174,0.8681186066715546,0.6605618756366725,0.7674208135858929,0.7359698612932634,0.7292672131117649,0.41609956424278405,0.4389652452710077,0.355483069396653,0.7363525495425419,0.9947173475700527,0.7618583669460592,0.010502204289472426,0.5568437119484017,0.9525573188086023,0.6424255368574989,0.9420040299980237,0.7481538961759067,0.6876248015814134
0.4789094988330776,0.2382021786143436,0.38067992170236936,0.4219192508177662,0.20293312741379485,0.8146714913353689,0.6596148527155794,0.6276549244830324,0.6939870530857594,0.8013533766929372,0.6689030017699163,0.3110464749852698,0.7982900585149106,0.2981688692435977,0.8843217161663752,0.3408320646313373,0.6716957855024084,0.8062588336959602,0.7882986523918308,0.7175011244006865,0.8497892096042854,0.6997061836181564,0.5390005148882638,0.5096251046941416,0.8497183994268989,0.7146694069906128,0.6029350454999044,0.027273854701902085,0.6093774369959922,0.6170314319669106,0.8228913750364791,0.6674198361445525,0.5692403504614945,0.26742718673589094,0.5617365674644952,0.32204414751818694,0.5223640940597871,0.49495426652777913,0.8269402574241832,0.029026470010287297,0.5171513177453408,0.7291322226895618,0.641221773239673,0.7875643369898099,0.740347823810755,0.3175461793337745
0.4192790526712305,0.24151129747377045,0.33377538291252207,0.4097756580763314,0.20996591609170925,0.8562574192994085,0.6790540848868952,0.7207337528975852,0.6490754726905906,0.8554511716505493,0.6584703192312581,0.3112379566761627,0.8815159179730442,0.3352643697789837,0.8396938596954797,0.322551806858563,0.7671648747921332,0.8272593598165198,0.9551773035567873,0.8926060973731723,0.9086035643529066,0.732635159225273,0.49648975077193447,0.5003764849085309,0.9693124941029947,0.6814341566160675,0.663809549364996,0.031748809520039674,0.7148120673377278,0.783952556907027,0.8702647042438119,0.7098665823006703,0.5583911433258646,0.3091570232795988,0.5535064763599249,0.33981871275581715,0.5116557902328274,0.675627559981064,0.8684710193854456,0.015204473642720259,0.440566468348021,0.7999969296121797,0.6539494929039504,0.8522304158754926,0.7091666105062886,0.35057608658444217
0.4204993529404783,0.14496935430006505,0.3583339253289638,0.4695425092732361,0.18758341359585975,0.6443577630462621,0.6661014683610575,0.5553183411518077,0.48078917372729935,0.8872619817357558,0.5557985764990725,0.2366802134532159,0.6858466203716672,0.25641705928863573,0.6295377790974884,0.24885690733110793,0.6093208588257881,0.9128034271700344,0.7137442232487435,0.8012219710940807,0.7614762370560115,0.8607771302948153,0.4457345962350996,0.5251705405295105,0.790919317628317,0.5877059755071907,0.6518443303460363,0.0338513087674378,0.55020368063717,0.6614916921470879,0.8509942222646795,0.6552992958803241,0.49616246940354325,0.2523606356570903,0.5381310583476956,0.34187855300769654,0.4873165275138758,0.7401631918398203,0.793703028712914,0.04077780536345919,0.32202112691012585,0.7606052031719892,0.6187441185617384,0.8223269840358175,0.6268808062134652,0.2783816517523993
0.2129601092348438,0.17364184065827262,0.3603814784468858,0.42300604279744436,0.10799310783155808,0.4769166052689295,0.5349184531739295,0.44374368210175075,0.26698848964919775,0.8868823359208085,0.5118233533888596,0.21474858323830898,0.5411021123811026,0.2288360229010769,0.4071813176400188,0.200866751717005,0.45378872157186234,0.7318922775743848,0.5693010699464104,0.7082951913210915,0.8174364362640948,0.9295350784302361,0.3226475739862229,0.46567160308239613,0.6016769328847325,0.41782356573474194,0.629075907542928,0.02641201310213001,0.489262777923513,0.462971670677359,0.8363198419124291,0.5764152745292048,0.459827700090082,0.2079207370131071,0.41769893395921637,0.34686800792474354,0.3111410458185523,0.441498664858391,0.6209606480662893,0.03674761742143119,0.22175042199218054,0.6067889290382846,0.5139207072442717,0.7652221661411828,0.5998859548763114,0.17490566766487473
0.09379137231034801,0.11124240475115532,0.3196762927910092,0.41394909028411386,0.10363950963899823,0.3458791353730515,0.5401151891965636,0.3382314265442611,0.16907574326476554,0.881781496841202,0.43837426485007636,0.16268543943334307,0.3491290289769103,0.1898354584789412,0.3668554516729612,0.1670677078091259,0.3089373950637417,0.5893278170714606,0.5021936834599602,0.6233651979051967,0.8122797877646606,0.8060937164434586,0.22101059110653073,0.3509171451637873,0.5254579114525111,0.3566178620448181,0.8485569805588137,0.02720795481674214,0.37192879949089963,0.3699044300696225,0.7928392455353847,0.4973096823832025,0.34258077494182637,0.0834848455489496,0.3406932206345553,0.43074052049903716,0.19932593338606838,0.4616197701579902,0.540791634849822,0.022250138923426845,0.12473235131139676,0.5117473553041643,0.44097526156194505,0.700832941436315,0.4794696443566694,0.18377185767961554
0.07252864229818647,0.09064216444127526,0.24510057521426565,0.22447332960400035,0.019953172278559167,0.26670712824518683,0.4538377910179923,0.28854923304156743,0.1387479485305369,0.7194206305357926,0.31969727905330864,0.12901486778898624,0.25273092348273474,0.16811948118530456,0.3329293149794095,0.10365367328250444,0.21937117750413296,0.48687698791508843,0.2948603893966591,0.5552249517744144,0.6998637381687268,0.5996728812248987,0.17241883564801036,0.38539745945904197,0.4452724918626245,0.25200436627879563,0.7177750578274554,0.042265082376737734,0.31015027817773333,0.2886126443950702,0.6275918549502438,0.4356456686185725,0.3779276815524615,0.07455639215155639,0.2764896423150894,0.36030421111039107,0.16112012964635797,0.34909511924528197,0.4247693804948018,0.06950531360282977,0.1169187331988539,0.47410608075806787,0.43343723852457294,0.5415916034841217,0.4178100692715349,0.1237446617075231
0.08430807829803534,0.06638553715463448,0.20897060423961916,0.2220208448242058,0.053184156089287116,0.18928861566079988,0.466708817932646,0.277680920710852,0.14450985087030482,0.6408237965044189,0.2775087345358421,0.08821517283753377,0.21125195775260455,0.0817639574110039,0.20103351865010752,0.07337381619361749,0.18031433289558846,0.341575157560067,0.21624404170177555,0.47025493605418583,0.40471514874806136,0.4278542280086235,0.10366181459688331,0.29160022389060797,0.35528830133395606,0.1497652368454539,0.5320314285192121,0.20340625895795383,0.2735778085007936,0.22076472787249724,0.4033773279040621,0.2794173490908025,0.21250546274596463,0.052087842035770826,0.24817999015449188,0.24841480844434277,0.11389209199905442,0.21857830840436882,0.26029474160445126,0.4870826878862308,0.10598576834392931,0.4064975061558977,0.33654232659237593,0.3330313231554489,0.34219031541036365,0.10290009915070203
0.033073624649490305,0.06045425319811239,0.0994376477659417,0.17902692532898645,0.04714838734224017,0.1261358638571732,0.32421249301144306,0.1861002677911739,0.14057444953679024,0.509120978811294,0.19731745785473123,0.05743651849119178,0.1639047788006391,0.10777301605192,0.19324310164335853,0.04007049640209265,0.12977279021703547,0.32219574471481655,0.1805820960674575,0.41414797938845277,0.4020616055663975,0.2988670191095153,0.08703923323956397,0.20339977200481701,0.2993400152653749,0.1635633367142229,0.3724432292689628,0.16554775348859113,0.22223946238184886,0.16759756636613218,0.3384647351540059,0.24041645329385036,0.2204757041308751,0.03569444107500935,0.16916164234317066,0.1862038712454565,0.06722093921235138,0.17429913918662027,0.2515046502056466,0.32778826654716703,0.06836219934470572,0.2989745321804856,0.2803996783399144,0.3519876617329727,0.29109850256103276,0.08890643834430284
0.053251634347573504,0.08069040308587096,0.08327077755988134,0.17995059285650783,0.01930441418588775,0.15476520389829912,0.21875782394393237,0.11999714326431576,0.10369766589308968,0.4294654948461909,0.17626898479890682,0.043013567415340355,0.13097475131199046,0.16215488229915215,0.1327478145225423,0.06992971467064044,0.11923177330014532,0.3054680305573699,0.15270906283432098,0.37556756705702765,0.337473420070403,0.23545822896961197,0.08621606816018872,0.18204338009471038,0.27473402729049806,0.12269060885017648,0.38315851292707087,0.13064157987791267,0.14688905373799058,0.1543969503166034,0.3062801270710868,0.1871552451050687,0.20765220055247272,0.04068966112961553,0.13486692324838334,0.14624316776425822,0.055041173207503624,0.07707037953350597,0.23000745670461362,0.28839961077231,0.07759899580580695,0.2971883659715521,0.2603699281150671,0.22152246338896306,0.222300196688488,0.07554890655835306
0.037344807543166686,0.04297407831829521,0.06515275636072945,0.1522385597750056,0.05852434216221024,0.1306570018473385,0.17338640446246237,0.11639123346524138,0.12878098575498023,0.38562521899019,0.13270391932835718,0.02834715526556989,0.10422711276275357,0.1866951673462705,0.12800528773766323,0.03978401159683799,0.10453206053913157,0.44676951359368694,0.12497491988294782,0.28361705388934466,0.3446897410714182,0.15785008376298806,0.09027649576582931,0.201907599272577,0.30757583675717287,0.09332537750226262,0.3512719773400247,0.11527241624630877,0.1547875570150374,0.14128979622372964,0.2684057308320608,0.1459451902087848,0.1527118686815163,0.04610778818657803,0.12288103935116322,0.11223870189197481,0.06937285645125404,0.14139054607155,0.18039295952353718,0.3129311283935093,0.049510196345979494,0.2304061084845701,0.20192274387555068,0.3872256588558668,0.19389385790049618,0.08877743790869069
0.046353372020933994,0.018449779249246314,0.06909219853991123,0.08192428396533315,0.05138301009371779,0.16081104836002205,0.1510572313951491,0.10209918749989075,0.07348518086105321,0.32199673172203236,0.044145306578581456,0.03126074732357605,0.10774096292204716,0.10315873250261148,0.10101627255382542,0.06994372181513772,0.08540802658368903,0.3921093023012669,0.16947843362655657,0.33684717149170723,0.34903628041692797,0.18750882674522704,0.08117676769475161,0.2606400350005679,0.3241840334326976,0.06344108817904488,0.2507569591805945,0.08095282737729162,0.11759898513554731,0.11719082387205872,0.3471411077169406,0.1758344928796442,0.16676997236003557,0.033945411949760196,0.09615065825764145,0.1321069375220395,0.030825518206587618,0.07642476356071319,0.2524271911237098,0.2042558742117837,0.05089062493723081,0.2861290704103239,0.22042621273207427,0.3785850849371777,0.21003030655526753,0.0759675606117036
0.054018396093377635,0.05707408138583006,0.10501007130689834,0.1470706237460756,0.0553939321498817,0.17385481269134645,0.1737212790412205,0.11668690969595794,0.03355987404314566,0.3730409905557162,0.11061423782580693,0.06289162309697377,0.19419062294156128,0.15030192294194636,0.15533509613862168,0.06924666720427372,0.10404369826271828,0.4317343470512497,0.2007055072279056,0.317776490320517,0.44679429334287674,0.22402132370308084,0.13303217987201482,0.2556335401020239,0.37310351806538994,0.11407098538942036,0.2649707319336424,0.14648141879579107,0.14511123934256653,0.13835409582857477,0.3137762629740392,0.17433396439245777,0.17682666632680596,0.06701799312624095,0.089662631103084,0.17978185638260463,0.04519863271180059,0.18525563351589858,0.2725159634471231,0.2867217285421383,0.04111750936784667,0.33644638380235264,0.2092993635154248,0.28449899557608116,0.2340990848755079,0.07301633428601523
0.12013397580771949,0.08745536864334408,0.20465902490149368,0.2360822416595389,0.39209176601413465,0.31520976285611596,0.27198692148974046,0.17361793101756723,0.1305542727018349,0.3997042777884858,0.22946848622397503,0.15004195094830602,0.2962408151929417,0.21443477458652466,0.19620312061688955,0.09710421325434682,0.20556837642304934,0.5384934126701656,0.19600069081705324,0.29766561124506064,0.5119140436216542,0.31184320868368887,0.31470031302977886,0.31715691175972055,0.4887161260306472,0.18055804136196985,0.36593806443214194,0.2924265153647444,0.278161114489643,0.2294409467074819,0.4324002879893963,0.3080219711540198,0.17876327172021342,0.09680159199747869,0.15766228437500335,0.24473090093181848,0.17525800707272585,0.10151774525521946,0.3445474697153318,0.4982099842433904,0.102548999013655,0.5395810701230567,0.2623064166763423,0.4890199522208958,0.3995191823861417,0.11574462384889284
0.17219992054591543,0.2440360259146522,0.4033831363755433,0.5287068709468921,0.8852371619575297,0.6703458427968116,0.5144422951992946,0.34000230080021954,0.32715027209653996,0.43856440486203974,0.40930226944623793,0.34776902217674177,0.6238125038686184,0.28372271201688704,0.3686429530950889,0.36932940355971117,0.4004706455259941,0.7329263933486052,0.2503952263722136,0.3125803424091,0.528489807065218,0.5651808319981702,0.7219165645586649,0.5821007740933832,0.5302049867868435,0.3590498516034199,0.35695699979545603,0.4567004566988033,0.5033594286429042,0.3695609161953315,0.574664192866565,0.6732655012812506,0.35793736895696704,0.2042818968988437,0.3274684394020348,0.4164505255008715,0.4691048925602994,0.4692805343612754,0.4116536157981726,0.6660497036290391,0.22064089992481717,0.895583327516714,0.3678246693054333,0.7918772718191646,0.6020307290068293,0.5180559292483518
0.13648511132815028,0.15671482621224553,0.749927336979155,0.7729090428942972,0.8425615750265566,0.7976207175147674,0.5999306439943508,0.4322116212041048,0.5153324558659638,0.33161168350681797,0.51304508020932,0.6345220680227011,0.6954527588358124,0.3974205001611491,0.37255248957674236,0.622855025463742,0.4813402711897189,0.708751102231419,0.2167956616336382,0.3406028786445168,0.4033441773828411,0.5300908326793435,0.6376907486832222,0.6278631797679444,0.4811689567223517,0.4379922975661627,0.29305154456558913,0.6272667009564533,0.662979562666349,0.5429507308899233,0.6173075358141059,0.7294766647157906,0.4478642386452498,0.5084263858612322,0.44713071942271376,0.8494952067578121,0.6933551588504471,0.43184462945394114,0.36098881571474567,0.7554793429028281,0.26838515134521984,0.777421030018061,0.4156671450190834,0.6687016726555776,0.7214933410939811,0.5273036527830212
0.19568213972249393,0.13635904437663415,0.8498759768714949,0.8215313812066115,0.7877280829727502,0.7973562785062612,0.5706625925396096,0.45284792136987256,0.708148504091244,0.2987046337331398,0.48852364268589143,0.7090902153521463,0.5986475914254245,0.31542143875116235,0.37249968954264606,0.6335517753391543,0.45225318569616585,0.7997975255294988,0.2909242444165941,0.3161270826564172,0.43912756842270284,0.46284831063605564,0.40349377395936536,0.6687736526102868,0.4562204781647039,0.3857939481740859,0.2524580115247476,0.8081437743062646,0.5362932304700196,0.6426021457399916,0.5326199475804186,0.6292745627857302,0.40026612418238317,0.6226390506135087,0.5648797262796144,0.9723539760467641,0.5713040093726399,0.5977940089346577,0.3608823590281783,0.7684453421725577,0.22194135100372714,0.6495245303671602,0.39211339435756354,0.46937666742111606,0.6620317868891786,0.559292009520752
0.3062103690244958,0.16011695508691595,0.6505258204040721,0.6925762434823486,0.7848279164790035,0.8027431380020597,0.5069951603323356,0.5014024064919403,0.7016554883909846,0.28749228571684304,0.6057519948787693,0.6123108540869245,0.5206794521719811,0.3150290736396292,0.4385366153787926,0.5479616439936011,0.4249832229959517,0.7716755087277453,0.3207294352860894,0.323794453835594,0.49192015751467566,0.5438179984022379,0.4071693324752763,0.8342043584112123,0.4641917148856919,0.5115165715586714,0.24575715569924786,0.4699158117261242,0.5987659862634556,0.6770271678676588,0.5944047268852456,0.6157566459382061,0.3196382685304475,0.479751028003416,0.6135784585817069,0.9313996567124835,0.6375089703888487,0.5272619038645816,0.4243730342034706,0.4833057639520923,0.2795736895009376,0.5515025572169704,0.3901303795461942,0.4840855679966153,0.7030430262591757,0.7461152977274438
0.3780458143496723,0.19211669370270934,0.558422227794636,0.44058257472443485,0.7161483677085724,0.787328951341654,0.6165508097992127,0.5000380718342556,0.722074760789923,0.37786695456250796,0.667495185014603,0.559157513121963,0.4655782433580244,0.34324533462203105,0.4822812933303287,0.6363645408062085,0.5240616951020848,0.780097382007025,0.4525379093226595,0.37433705507713266,0.5117503355536064,0.5988094748425177,0.37293962772600575,0.6759226475195481,0.48630627083123723,0.6215827721013695,0.2203328129005465,0.03326064599194966,0.6423013316599154,0.624980302676159,0.6259405958661336,0.5192484066201414,0.3839189817433608,0.4694183790698816,0.6486859799150588,0.7667202416254564,0.4998605208330821,0.5725928074078311,0.5347574109777912,0.019947289292627027,0.42082404288859604,0.595535181490153,0.4726140575623331,0.5978155180805798,0.780830958259365,0.9075880402311067
0.40440554773314596,0.13620487622537383,0.4739033752398227,0.4379122311507328,0.7283123092008393,0.7927674957685364,0.7348175547332393,0.669990695244526,0.7443707966014942,0.29820264855699996,0.653817362342971,0.46592437601091674,0.48020404177494014,0.37170153139840995,0.49570084624269645,0.4825253124126259,0.5091480897017644,0.8142391809215108,0.48602371843539427,0.33893239881088627,0.4536612103212218,0.6142978431633203,0.4293755728205607,0.5522371061846795,0.45530309879078673,0.6472670979359026,0.32203137774956564,0.04812282106719286,0.6375559893115019,0.5987542712642785,0.6735992892082325,0.5003906490180723,0.41490506403202665,0.4363499787525631,0.6405607566712078,0.4953977190870034,0.5421621319533811,0.5860389263082147,0.5008690602478602,0.009962221584122462,0.4622710564934638,0.5664168843109235,0.48277700251944444,0.6047520165004223,0.6633915082848528,0.6813818070581645
0.3043661525048282,0.17989124340813065,0.5133339402436711,0.49143690361979747,0.7827205675794243,0.7563875208093296,0.7358385647271498,0.7301930216833296,0.5844188146158221,0.26968595936709533,0.6391393970614102,0.5244153581351114,0.44900836745148637,0.3470883008191439,0.4785876686320644,0.43492974396117967,0.4804472935053555,0.736668740246671,0.4303318029086277,0.3959085940200779,0.42783104885668305,0.5779560977319483,0.41973845395203535,0.6374016229313566,0.4073749412439813,0.5074565927382809,0.2281753310226208,0.004388248981529355,0.616473161677536,0.6493750432747081,0.642704132334456,0.4862104017457307,0.4130873977794973,0.4456744484915971,0.6617883545238855,0.5703431140359247,0.6550793454422471,0.5643945875158841,0.453400906433687,0.01708729187062893,0.3340116353865718,0.5819145796402144,0.492430236252304,0.689502845653223,0.6066853887317967,0.494314717161651
0.3141625562551805,0.19786082257120302,0.5466558123014457,0.5993156186554836,0.6689571335747978,0.8266333886637479,0.7176422039264343,0.7103196903601473,0.5031422293157257,0.32701976773440034,0.653368112795707,0.5941586261357034,0.5200059598243411,0.36722643492023327,0.4098452318699174,0.47972272811367217,0.5150109961105762,0.6327605286724958,0.39555994334757333,0.38567916596490864,0.43318144749553256,0.5903293094496448,0.45423094644906314,0.6576171092460275,0.3791789391478413,0.4602858463527968,0.2876815619726168,0.050265193639074654,0.6129498891605627,0.7540763558716387,0.643134008933262,0.49601089866917136,0.5564673539051113,0.5269065197763113,0.6999092970198697,0.6347555101767407,0.7809155235320088,0.6410091408919739,0.45405496816327984,0.033053903971707044,0.34908697266063465,0.517968486045844,0.5389053595272913,0.6204516066717936,0.6201683645661286,0.5264472642199906
0.36954734901129754,0.38294801123445044,0.4980013025986663,0.7585264691720096,0.7537043456547384,0.9006908430635133,0.7740789981291728,0.6079363207114221,0.6574931460391905,0.3559031037552066,0.6681339908690795,0.5890147564532782,0.5587442582579812,0.4486493942409349,0.4854610791798962,0.49146201155487806,0.549192504984692,0.7262567202791921,0.43395146233998305,0.4906262907555577,0.4615210185527565,0.6940186700068673,0.47319653176892074,0.7117555857089984,0.4070951579333395,0.48690868723338354,0.35552608941288677,0.018752160484929635,0.6689449949535763,0.6975027840376569,0.7103247568538461,0.7113206455202705,0.5403144409615424,0.5110641654771907,0.6722449776762899,0.575691935398274,0.7217800894696577,0.49266807563778,0.47883696092297573,0.01276976400947677,0.3677393188418917,0.5960425124283654,0.5518862640278518,0.7415056892280906,0.5749521504192554,0.6846315145226085
0.41488659688228224,0.408893699455368,0.5076302351894749,0.747934450477632,0.8172152109312892,0.9569303398731598,0.741901602948836,0.6260088233494404,0.6756577625111949,0.40566092923377234,0.8117923613902641,0.5511863293263765,0.6709031506192796,0.47748952181986565,0.6303810957423378,0.5724259995893722,0.5593157390495443,0.8308233349536396,0.4386232618997034,0.529835792135468,0.5413965917957453,0.8258976667544131,0.6378708545019188,0.7827881561318063,0.47620769216714526,0.5736440839466665,0.4431698225450326,0.015657811860148273,0.724247015715291,0.7109479602658353,0.6641453858278521,0.7472904506236714,0.5104720814881846,0.5081465840587218,0.6079186025482523,0.578893444945401,0.7128170896644,0.6132064011539583,0.6082443962856526,0.0442507694907464,0.39794782229323905,0.8567015428285154,0.5563140193766314,0.7228162369892228,0.6679215203652183,0.733860582490491
0.5004136818178987,0.427456226783808,0.4833295949280146,0.7719469784869017,0.37087221467166454,0.9255990114434256,0.7892403946869143,0.6321270585740737,0.6401350395327884,0.6005244544618857,0.6652868655202471,0.41192289895553325,0.6861127191458841,0.31991409600831794,0.9073652614732993,0.48725396238458335,0.7400980369182462,0.9366640423794349,0.5892262618703558,0.7092569999423752,0.7313473099864991,0.9600403151264474,0.7980687481442235,0.7094755056434002,0.593939853781577,0.6985903010981142,0.6646674091395316,0.029471968854682326,0.790861392894363,0.748287820462304,0.8313986140925176,0.7949466989959812,0.7123195208789869,0.388792080580491,0.4322615347381299,0.37861811277142154,0.8051034359165036,0.9020741167866048,0.7371684118741414,0.020217641767033077,0.5241114805456295,0.9226165710522899,0.650510209715932,0.8828840449745101,0.7551138211548959,0.5903983601921824
0.5301393653584492,0.24830594822175364,0.3783174902889825,0.4499179103785374,0.29321941628729387,0.830666642260388,0.7023743019868156,0.6118493832135055,0.574594909588133,0.7909036822947249,0.5887144790340092,0.3601358959212533,0.8836969934640977,0.34126484751801883,0.7703912465972919,0.3925562598327666,0.7116138363864775,0.9078956648072259,0.7803493322922698,0.8955490733807006,0.7829098151231504,0.9410745096099893,0.5509426401302786,0.5615837581122626,0.8636361267411787,0.8008280456391453,0.7738505490164818,0.025236462456236862,0.6763705499939904,0.7009906213776698,0.7806443052955153,0.7006225621010724,0.6267652675165137,0.2995540901734222,0.44372318418840767,0.3775687989556442,0.5158183443164119,0.4075654639236784,0.8454409043179498,0.014200258146424696,0.5245634850638212,0.7916543793875408,0.6973632901614654,0.8525940122084762,0.7217840840218087,0.3020192114613946
0.43181287680161257,0.26019120290227643,0.3525495222308983,0.4537632041476192,0.28721847300594805,0.8225046818779215,0.6696129826109141,0.6369685459452628,0.6382645771444444,0.8404601098554416,0.6315967033468572,0.379625526794742,0.8828683626106807,0.36412537104671533,0.7809922831048945,0.3227163824259461,0.7285742654478973,0.978700973489128,0.9074414971581444,0.9999999999999999,0.9416867113207028,0.8972389610812591,0.5332120369904768,0.6043992311530934,0.9951965155507146,0.6690468966942189,0.597760536283874,0.02081924593304188,0.6152535019315518,0.8265410491209819,0.8026278466734879,0.7026390241380357,0.6484773916294819,0.33027898335914174,0.4786199434751289,0.4533135622576508,0.4802967015612777,0.4927795043632311,0.8781059611203599,0.020068478106402998,0.4435171650387196,0.7621166435531171,0.6223039007487755,0.9290220549345668,0.6868045850737439,0.2832791148172249
0.48363428631831445,0.21242412723825538,0.4253062877297341,0.43570314208577926,0.2125163950565969,0.7091796911928517,0.6677938760562776,0.5429163611652841,0.450912807876669,0.8635285066514877,0.6042956185710325,0.3911685590545879,0.7035872918596311,0.3242335579914694,0.5661312992580156,0.2619298650300365,0.5527734114128556,0.89713499174005,0.8407585685962826,0.915256788186953,0.8881019024582746,0.8673895520160554,0.4556186843548591,0.5519886658119451,0.8656059589070746,0.5823019721120346,0.7014845426943492,0.01313792220960032,0.49680798536484394,0.6017049098790243,0.8312829054457945,0.6281692188977327,0.6092092571038198,0.23595781962404444,0.5192581898356782,0.3695292258612431,0.43306946869199425,0.5718958395420711,0.8509996283601488,0.01739250577821482,0.35180128254843196,0.6920497046108423,0.5728856152712419,0.9286641198975152,0.6262940860170625,0.27170772849826774
0.22081604703571334,0.15504152057188478,0.3893685077615733,0.4316352799664723,0.11356793505222268,0.5405718737609052,0.6271853147900276,0.42987493668117366,0.28186122729553564,0.848688295475174,0.5171813607740089,0.28382288704979636,0.5683220528055557,0.2232336414683459,0.45657583622376546,0.13842181228096667,0.41662982113478386,0.8095549546927808,0.584918981934297,0.7906876441671025,0.8508084861211885,0.8770727019620633,0.3387468742122428,0.4551399572068912,0.6828830811500516,0.44611685543109353,0.8952896371571347,0.017712391644357145,0.440574589165192,0.43694093892327185,0.8411074856816336,0.5495174229200953,0.4539590323900471,0.15486338677251585,0.4005683102203493,0.3912824638463426,0.345563597548034,0.41010675719905915,0.6489979104089106,0.023860151603446338,0.21744830293439532,0.5641076409590782,0.5482704189733091,0.7664484277946065,0.5488973371489796,0.10818311831169161
0.13628886810774407,0.11859303375927352,0.33536955811404884,0.45178394390380044,0.04938564334049263,0.39536820033887377,0.603272195963857,0.3241153891750041,0.2841810151915493,0.8383223602088055,0.4423907588297498,0.1789408716534257,0.40392664421358593,0.2299173972132052,0.37752745730764253,0.14775310057680943,0.33498370679747996,0.6713315083499695,0.5716586420751512,0.6245060162667433,0.7856504115825986,0.8629491062537581,0.23892022969929436,0.3800523946681795,0.6029178505208567,0.39050372271331213,0.9318465725931173,0.013886208818559363,0.3232498485440207,0.3439414365449591,0.7411978170146493,0.5113585639728876,0.3297739836305199,0.09990726387826071,0.33588530531570393,0.37762263466498336,0.2479304907607088,0.324251356607352,0.563445638244091,0.029715615179623775,0.17486019799978392,0.44975943176724953,0.5091668788669615,0.7159014612745491,0.4535029729497355,0.12349646259504435
0.1429867458527807,0.07297294993449002,0.285570863210938,0.30160057725011824,0.07792514744944037,0.27495405727763494,0.42236247359191603,0.27855797613704986,0.20335007608629535,0.6974744513448841,0.32061719222666946,0.14323685956701493,0.2946374035541951,0.16785060799867865,0.35359288602952593,0.10417185827314762,0.2478960678168283,0.4857960728813648,0.39135658031632475,0.5520952382501676,0.6038073207358081,0.734330956500657,0.17627842610596298,0.31014210760344535,0.5116973325516366,0.24389320376658363,0.8387678536092169,0.050018981744723676,0.3267585973638518,0.3062988667819331,0.6297944312290827,0.40422571203736113,0.24756319269453045,0.06925788205566705,0.2442993028365288,0.3134464880695775,0.17485398532939844,0.13297109081751385,0.4702235257477036,0.056955287563504334,0.13394927099296056,0.37790103517959045,0.4185181574070818,0.5476690964713545,0.44879561774508575,0.09749095722906542
