C1,C2,C3,C4,C5,C6,C7,C9,C10,C11,C12,C14,C15,C16,C17,C18,C20,C21,C22,C23,C24,C25,C26,C27,C28,C29,C30,C31,C32,C34,C35,C37,C38,C39,C40,C41,C42,C43,C45,M1,M2,M3,M4,M5,M6,M7
0.05253858919930104,0.010549173516509164,0.0,0.05962159304219822,0.056891464796174844,0.004956073010683244,0.046799066107878054,0.019086207846951052,0.04535055666612671,0.0011898930194577176,0.018544496557257054,0.00509224635015797,0.0,0.029741759042954535,0.0,0.02292647339030439,0.014455947454518614,0.0,0.04522609044650126,0.0,0.0001695371364363249,0.01144896999018679,0.014606662626116419,0.05666188287453372,0.009674609712454697,0.01663918023960804,0.04914226268509085,0.029398883286831608,0.015105715960311017,0.0,0.0,0.0,0.00672647122102513,0.03781944862115431,0.011051331005721587,0.024589354459299613,0.0027960776093127887,0.04444700647735958,0.0,0.030611499851428456,0.0182559751684805,0.015979899116617194,0.0,0.0,0.013639994507504357,0.029879609918931252
0.03843456283737585,0.012387487120642901,0.009766894172386437,0.09070155553645665,0.0554986504786087,0.022426346929070706,0.007330539956781873,0.0,0.05315376326822127,0.014572498816968801,0.0,0.0028244348206515266,0.013930388227712781,0.03126082557756015,0.01612548221472017,0.0,0.0033250503622956895,0.022572348382247004,0.021761041682553654,0.006604698906044183,0.0004162165633999279,0.014553458422810306,0.0,0.03563046189144234,0.0,0.022375975383883372,0.009187109500862128,0.012820218894237484,0.00987495326126709,0.02296435637026614,0.002027976008745741,0.02522889385942139,0.0,0.03387231164259483,0.005755750002404136,0.0,0.023471641258592336,0.1464148820565171,0.013054707940037609,0.016249520949922186,0.039008190376320875,0.0,0.004945559736845732,4.161146521061698e-06,0.0,0.025205311937682592
0.01394798328700074,0.028910688611813486,0.008400288693745483,0.0553058646125176,0.0,0.0,0.0,0.017132154750607517,0.015298252461718235,0.0,0.03817044999677188,0.013839807603932185,0.015300321963538727,0.03382959356902747,0.0039190274310027945,0.011583598897601983,0.0,0.02825046436734037,0.024771406247518953,0.011025205227409046,0.000846638768356528,0.0,0.018255494781639767,0.010470020607844563,0.0029905072925951355,0.04292372324774328,0.034783317521120405,0.005726428796811782,0.0,0.00028149329062458067,0.02676390539298,0.006164766599056459,0.023816446697159464,0.019922332214176247,0.0,0.01398216294727763,0.029988213017223583,0.05061520943884902,0.009553266775829329,0.03769342895362359,0.04077444989690587,0.032544967951799036,0.018961138878781005,0.005173840417533271,0.017005854988858028,0.042357051683072314
0.04290453122738928,0.02589956301334214,0.05209431423881401,0.09992208175879011,0.05204581372480716,0.05469404409587976,0.12076453771966525,0.11648085294264751,0.020327554369241312,0.1451377580409775,0.0990785600599653,0.05067684647723218,0.047086839500321526,0.17675485603000451,0.11097727895131165,0.0690668705999043,0.043846639939840865,0.06585007214704698,0.08595660556830254,0.06284019824622686,0.28314459302578,0.10513549077198564,0.10067887713166658,0.01630303098710044,0.07152522952506785,0.06650335958893071,0.1315460487301006,0.05875211213355636,0.18578839216116605,0.16230353865341163,0.16337427201244192,0.1314446162618233,0.038160111620877915,0.038584973690583384,0.13710887449441178,0.0688765394539064,0.04878964419565633,0.1166728163394337,0.13140746505642203,0.16153745676380632,0.029605451518044945,0.08256926191640684,0.14229891365328382,0.15184275864920538,0.14623787533010568,0.08370710090174541
0.030381197813320042,0.060184199788092016,0.07836051525768481,0.10218560652702582,0.059724662763331375,0.01644874879361619,0.12240897270737272,0.10219530467382623,0.04329050651038811,0.06714093717934475,0.07224998621470773,0.021199536606848184,0.06697618795010522,0.14122101001896145,0.15189351732407247,0.04372195960582425,0.04377681613470784,0.19504397193454348,0.0305532357756082,0.03197531383211629,0.27829662450574055,0.07155134936756555,0.06759776580126109,0.032160169764906696,0.09108071745613844,0.09678467069137629,0.28955152512888227,0.09889703142926665,0.19586379572944995,0.13367084057479617,0.15941874221586727,0.09376478600715474,0.03562899968712491,0.01753621993613335,0.1341685914488009,0.05121337445042947,0.029844467050380727,0.2608732792678087,0.09734437724247004,0.1098181765475015,0.035287221706348765,0.08812787378008675,0.09715064473455032,0.20207970611484016,0.17158850224568384,0.1472276242939824
0.022336806371412846,0.020187703839724923,0.04804687255615088,0.09858385719004445,0.044674647706890995,0.05790721516084307,0.05127215786650645,0.09438825862659236,0.04171065720907466,0.12424041960350574,0.08378747564684029,0.08065890089757626,0.034151668736855156,0.12078761779097247,0.07575156251323986,0.03419709625144101,0.045072984914769645,0.14832449327404995,0.03633831076835453,0.04320485032852662,0.3254330230746416,0.08559154059290722,0.11337656266500222,0.0,0.0808996942284532,0.06469578617392711,0.24959423960496807,0.2176973270235468,0.19023988871401026,0.12426279560073075,0.19271648415415743,0.09014082778118856,0.026429866676201622,0.03291251778544931,0.051657923126596575,0.06916720808282795,0.014452748829074533,0.08412844069642757,0.08371627550124033,0.11947915380414255,0.06219369428868332,0.120504356782606,0.08676382479584435,0.1725720776417311,0.26652149350296117,0.16434690225645585
0.04411332070123312,0.05182036817986024,0.07946617951993938,0.08908266410116775,0.04548629291740899,0.14348159173615382,0.13522183921022926,0.1338783743061493,0.022247073791614457,0.14065291177685277,0.10511569786659908,0.11254470846547586,0.06792350152547709,0.1846036138091874,0.08877476333997944,0.05516883661179596,0.07613333168622133,0.08388073697207926,0.02269570393138389,0.06966408101789695,0.3605241286023836,0.08392777832084375,0.14709959252724417,0.08820308850291723,0.1589849833135619,0.11076300969468228,0.2807359166125591,0.15394607912900765,0.21203477713760432,0.15984244002561693,0.18317880422412106,0.21632990102307026,0.04502156467091288,0.021712244743732706,0.2171104136069391,0.07900342696616755,0.09905543582551175,0.09535175879826564,0.07858939121109984,0.16651168843218575,0.045930474276176844,0.14030481164713904,0.13670629530695433,0.2071030702618195,0.3129317436789784,0.21099952483590853
0.09701143463694695,0.04824787055255188,0.2452168231831551,0.19944734360287317,0.1012147564431522,0.26740322020660523,0.2098053022249887,0.2699725073533376,0.14286909219274385,0.2535753967581818,0.2821703621368943,0.32839759721022455,0.15804093946348827,0.20580383752748282,0.14336065222625533,0.13382524611825908,0.2065516342434604,0.13540305383955914,0.10675919109652272,0.10961254167257209,0.47589035313945255,0.3326628766074017,0.43584937438103827,0.13629869939176542,0.16965748903016148,0.07494657428328863,0.38368851753397915,0.2155004254984689,0.29147629958131194,0.17106443683057965,0.2988429958161588,0.49914377478855365,0.07773162183402386,0.09797155554635689,0.3122332790452616,0.22002138046944142,0.2116006934514778,0.16745177605133243,0.156837632366446,0.37592368219118816,0.09034774682079016,0.47723295783512193,0.17631593979199464,0.26593548829672836,0.40778736828027506,0.05031193789461669
0.0814654046306661,0.1099475528739547,0.4316458574424946,0.34097943758310734,0.09528404100655849,0.4619621398425736,0.2658810543490522,0.47577481826399637,0.21837732625668257,0.18105254020064052,0.36645817493150484,0.5517234974417846,0.2471321462636489,0.35630595671551224,0.3974228325113209,0.49840024261049565,0.30227786648287924,0.2154666668344757,0.19538581744967182,0.089670115815355,0.49435927061805734,0.3986479701442673,0.42776480585020726,0.2979283517485349,0.2790289589990124,0.1871641934606352,0.1293592156903629,0.4729893679707223,0.42431035238521775,0.3923066444793416,0.3083720932928207,0.5066178516516331,0.1288474449216224,0.4474207151379527,0.3087676045325227,0.5373871235336622,0.50796692555857,0.35085042572452435,0.21909880880796667,0.4543739626628904,0.1792044039851228,0.4483265664000738,0.27762202014032333,0.487841900986613,0.5239225371324752,0.12802810401018538
0.16720287368956496,0.12442269083664302,0.5423323269086715,0.4185660750980763,0.1573261935787959,0.4901715406850498,0.4170129497706706,0.49957931408818085,0.3118746087737943,0.24814453537550676,0.4788479314139886,0.8048030582666917,0.46597680374624784,0.26894225448352305,0.3323487696215492,0.5549595254694965,0.3165399217275961,0.22512703026188044,0.1701546711162802,0.13023518812277607,0.35682152925933885,0.3019978639399059,0.3256251311087685,0.27575646408079035,0.3104974937599052,0.2745824946719438,0.17302431474928737,0.5701984730036087,0.5415610595198548,0.4841319881350537,0.34668618595315165,0.5745375661929311,0.17444827462836507,0.6593815665989206,0.44205965603069913,0.7563756388689619,0.4747687413222316,0.3030437906632357,0.18191398913888385,0.470990160109221,0.21039137197120708,0.5831487017190574,0.33048118837638424,0.29174057026626343,0.4820629568142469,0.1599169951681553
0.22645177518933418,0.16016904569149093,0.5653803886407957,0.4739197521481316,0.2666434058167181,0.45956014145805335,0.369533375389432,0.4229988189820174,0.39180018941626804,0.28976883793601116,0.5011570373030841,0.609229839743145,0.4498850136606021,0.25086904125238896,0.26658405075476116,0.5333504013960679,0.3696840521553583,0.26627099024171497,0.1725166425441091,0.204021236749217,0.40026666689770124,0.38214391625636657,0.35520637845749753,0.2851211272314748,0.3162526000597628,0.39609387476982055,0.07070961777626389,0.5897037702046355,0.6252611095597633,0.558169631740207,0.4823586923678141,0.6633162930764152,0.2640975695341659,0.5553484532475872,0.5292766232933599,0.7525058519680637,0.4019476006689716,0.3400046463127761,0.23880759790471567,0.5130543100038825,0.24888201161093518,0.6744335088192617,0.3621202150810177,0.4132844310921923,0.5581870959951755,0.12156240273049096
0.293425454613898,0.09665322524319105,0.4662585233504548,0.44500105578258536,0.10797532002237167,0.5808852312135033,0.34064982457556836,0.5051329966652248,0.597718343569908,0.3228269617941323,0.6358173137101899,0.5619379926702478,0.3881642301732182,0.42010363918498517,0.3736964869242736,0.6393105330688584,0.44568578858545055,0.246400062257046,0.18721250873540363,0.1508928328615632,0.3362771429809297,0.538234145200387,0.38140777037972906,0.35339433994573444,0.344209215756673,0.4990170223661022,0.4028199911648477,0.5361333011090037,0.6137247119688178,0.5038906801860605,0.4356149081668096,0.4759443010301153,0.3060660492068628,0.5447701408580897,0.6690471378224763,0.6250850701079579,0.47979387350452324,0.2386955367858845,0.3152539847286119,0.5562768970385462,0.3309194116800599,0.618526947772318,0.34125678707842794,0.5232901168107016,0.581964567783998,0.27237555628061294
0.4401306980100259,0.13097202918547984,0.4514483044928088,0.5633785053036873,0.0710120979170133,0.6594915456959936,0.5362360755400883,0.6356793389875784,0.47072798064494037,0.34159349753144885,0.5939585199754549,0.5052989251810789,0.5816319771851485,0.31743011447793523,0.5657756985073602,0.5590557088010554,0.6052434786279268,0.19171529817469476,0.47262225097119853,0.17931757090447664,0.4398537372826551,0.3418024158721741,0.4520685206232546,0.54629938463627,0.4385348796430904,0.48444930826582505,0.22885602582678433,0.577147341552691,0.7195634606353227,0.510946569778202,0.4718972891920302,0.6265940874434914,0.28690932152140963,0.5959840010140097,0.7568010319518116,0.5100471655195903,0.5446605580837212,0.27700758531826924,0.33546859993981903,0.6262439973231816,0.3503681386413674,0.7391356289263813,0.4280092541716185,0.6424494844318211,0.617337100406807,0.18150146239751208
0.36100083387892123,0.1235251646311143,0.469142075476068,0.41099091780140107,0.07743446956872627,0.7001940693933961,0.5537038645023226,0.5904011923435408,0.5077248173163164,0.29372711081000363,0.542536332959255,0.47542672621758975,0.47857340960056294,0.34345935933600347,0.4994604890875604,0.45483666312252524,0.5232919364791166,0.1812954202524286,0.3618957317220916,0.15247865129968158,0.34140498159961824,0.3674488691952639,0.3637188279993879,0.3912022224867536,0.329579498646869,0.4151653476134261,0.23992759240319173,0.5761038702657212,0.7327841840828141,0.44853632711653646,0.430242268156456,0.5655294690804349,0.3296656464931657,0.6397082420074277,0.8189408437058414,0.6290019462672783,0.5559680165620013,0.38498873442982556,0.28690841585746407,0.5737181475594265,0.3297783724448967,0.5104121067561384,0.3844777617893917,0.49882320304277666,0.6050310724031662,0.19714131835509444
0.3873634266876474,0.09935849030685727,0.6265058720443821,0.7189797128741751,0.09562121320155972,0.5266071407455643,0.5403230124251813,0.6242606212017999,0.38315887515278957,0.2693566353806491,0.5466680227797504,0.6145993249518099,0.4120967757449199,0.5317244450156504,0.4688515589702791,0.5649282504021323,0.5705450764354835,0.15867294240556987,0.3720294301382497,0.1794946156988977,0.4376776092543669,0.23320901608699965,0.39344365402895165,0.4442631438589862,0.3573288623223261,0.4367281742618075,0.1690785059204344,0.7007843064094,0.6293885535882371,0.6807428985310353,0.38595229418663785,0.528947252225513,0.2802050070396544,0.6546505805361533,0.7349629814243882,0.5676396397516622,0.5249769198320432,0.5158411784587356,0.3165572509047149,0.5651718624009997,0.3418440638654866,0.3734837443790157,0.28374786440382266,0.3664994462317422,0.6694758747416626,0.13834302354382513
0.45403519066342607,0.16660247827640418,0.42875689223527524,0.7354292701764162,0.09747099627608263,0.5539502594034676,0.4373272032789033,0.5049961763077511,0.642517835258326,0.24348600816939373,0.5276945162988969,0.5297528641092568,0.47695463912568803,0.46942535696496446,0.42623683392486933,0.5851343733711973,0.5108652433192808,0.24805114891159338,0.37003462455783975,0.22155495401005007,0.5327964397286777,0.2704288108597141,0.46715878346300843,0.4208645771068991,0.3406179306739905,0.38045515195236673,0.4718581251266444,0.7809447805353422,0.7712278921655729,0.6445853579964574,0.5051361907134094,0.6347239050360013,0.38744425248852454,0.5874505794969278,0.5466980879984294,0.5625681709888654,0.5335678797346272,0.24723343922170266,0.3247998263638623,0.5246147065443046,0.36958852187015645,0.5700745368114662,0.30441033649777666,0.4504211910593909,0.6388543287845423,0.1971937723899075
0.3997739340860878,0.1583562626302984,0.39814958700381275,0.6245601136116301,0.09449852023848107,0.6367480804807782,0.581130372908291,0.5373915595215712,0.483795072895366,0.30342506866626573,0.5118233031615891,0.4766210560934349,0.6286587960013823,0.3720085254019162,0.4799164907545092,0.49467920390081177,0.5182242115659519,0.23767077057934569,0.38247598307357744,0.2156022527378354,0.5023586598881984,0.3822924711624076,0.627831495895091,0.44140017342384635,0.40804343715834274,0.3878611668589356,0.45476940979709335,0.661081845535066,0.8204376852231515,0.5627036764505507,0.515913344861055,0.6100190062110178,0.5030491535669556,0.667191117690281,0.5427941471323977,0.49348961610817893,0.6343929320830042,0.3556148394200607,0.3739422129003678,0.5831210173416845,0.35834311122705265,0.7939934665859791,0.3472056303843259,0.5933752881163346,0.7311427270144183,0.32964500253051454
0.5636188544069269,0.17745623340774963,0.2962076656810395,0.5774092377245412,0.20539560327548556,0.6002517771016864,0.6852384590497452,0.5519471321407657,0.5155645185819742,0.32971738060956457,0.5829566765998788,0.3754425895401609,0.6447758232128036,0.3611452221882636,0.6960200544930824,0.426124467532483,0.6391033728353328,0.21224662128364358,0.5411410485399083,0.23938967346927623,0.5905823832656742,0.4559405915067181,0.6211804188770076,0.4354347992387583,0.45677363460602893,0.3761971818663552,0.43306018673286395,0.4385887568932034,0.762048858958631,0.46134609223369094,0.5760131586425553,0.6787431905605128,0.47838261313962394,0.4468200050548867,0.5468445681381806,0.25238276556599243,0.556394682823291,0.4265060608140049,0.3925720937772721,0.6512310728684554,0.5216089959320999,0.7948199057907908,0.49229547650278294,0.6726373951029598,0.8681888202234866,0.2551483863961538
0.7040270739663145,0.18883008526505762,0.3931308388653044,0.2688365296971099,0.11141280765565281,0.4655184404833471,0.4406731351332749,0.5258122621852402,0.456215963271495,0.45688926288328147,0.5448988624117445,0.5607609242529821,0.6406491944061148,0.579301669880331,0.7372372887193642,0.2354725586141671,0.6337984722262666,0.21741211794912568,0.6164988117292174,0.26131068212529956,0.5941466929578065,0.6092199565311972,0.5361676186825279,0.30933637267537667,0.48842593455228744,0.4531872739007967,0.48758006425867195,0.3428673007915069,0.7332250346888931,0.45089681089583517,0.5965969169191379,0.6047999808757203,0.5242887122431285,0.1867015841643123,0.6359684290466868,0.22780650235374317,0.34153711001093034,0.3008455762081156,0.4552860413415743,0.581365797428491,0.458284182935918,0.7850046155362618,0.4712897064234953,0.7670167730578858,0.6283850569567994,0.30739831429335296
0.5486034362897756,0.2249643972221168,0.36824245731657346,0.28925576916057844,0.18328727745368728,0.46153485345009754,0.5991425036975946,0.5499008643406751,0.5316618143865139,0.5101685780809389,0.6209915759908711,0.4002742532054791,0.8033490205522783,0.6921433080870534,0.6138496133104562,0.27158537957754725,0.6121182589042826,0.23963360492035476,0.5617455167160484,0.26229236244261916,0.5666429516047127,0.44818554873928584,0.5210155248794069,0.3217249875741181,0.33706955612335376,0.41395802609985,0.4284942251626629,0.5634295980783306,0.6566976136641635,0.5113400304928508,0.456307225018603,0.7357426157592969,0.4343828704542353,0.2830530399496754,0.7108956694858156,0.32870765842692223,0.36677900737933805,0.20992402994608744,0.34203021715666676,0.6960119820342959,0.3078606011001985,0.7041269710449507,0.4700704047457106,0.7580544641356515,0.6048384073840679,0.35807355813503683
0.4585892286590422,0.16132587636351253,0.3125680191687812,0.21117327142643683,0.11062772710325008,0.37629490962743634,0.8832547351977217,0.48795311768960875,0.28252802707663366,0.4952948376208209,0.5700043520879083,0.32593785971556766,0.7491509356020812,0.7078595110364092,0.5023556880329615,0.22592112060977781,0.4721969940839416,0.30345113281195435,0.7127850141668414,0.2587953316496458,0.575979388816471,0.6900479105814235,0.4705276810661712,0.2014754390101094,0.4223888276664641,0.3981233139239968,0.33691155736097356,0.4729731174021042,0.5060662941552456,0.4536278190769455,0.6124570628681807,0.8373109360132464,0.37984179211926683,0.34285957060388256,0.6586770143114857,0.37374829171711754,0.2872873165510858,0.3829177198130323,0.41612260580761384,0.6548830944835387,0.30057664232798464,0.5298163688385674,0.48929771002478273,0.6553853799026683,0.6484639961653829,0.26579170221342185
0.357516097978805,0.10577880135390415,0.34907979246034637,0.24034077332019865,0.1395929618069836,0.3875598659915096,0.7740519143784271,0.4697625798978305,0.30227630418362145,0.5358320526481879,0.4782834652988447,0.33297648785338735,0.48172408812814593,0.5698599788439478,0.4200745570021766,0.2125992527023018,0.36822309233741163,0.2514964667179487,0.4912536749185544,0.2432206872141824,0.694142948957502,0.7209574817292992,0.3493984836333926,0.19837741614449006,0.4864429026072977,0.3066709818490302,0.43562398720622986,0.6126246728207824,0.4176715583576201,0.42036777599959796,0.6140761240426135,0.8926349119663696,0.31300273694003106,0.2825581035938708,0.4257964808981846,0.43518911553811895,0.2379006206770088,0.33300752623090224,0.3753501992269605,0.7029750976020444,0.2661866769541763,0.5330857258541309,0.464486606672273,0.7564682630155783,0.6992906223239865,0.26281954874715496
0.16513989165900658,0.09806754355372162,0.3302391627396106,0.26831162436140554,0.17480761995349126,0.3721473587464332,0.6258365676607296,0.5090542675304074,0.3479711454300193,0.4347469978526188,0.5253366901516734,0.24843700287664192,0.38740209522349855,0.3528520750644025,0.4664399587141534,0.10733279390692502,0.2738817753976405,0.37667555090158034,0.6388167102265844,0.23835762485340825,0.7267815148475238,0.8144737934516791,0.3229170758528036,0.15008140452515623,0.4386753051437945,0.23897069888829128,1.0,0.579613079097727,0.4028415719222021,0.4053809293755648,0.6482045905392289,0.7367588735760028,0.2918710928520788,0.13942853905135383,0.5470319287518276,0.4023161152116705,0.23790078448213653,0.4155663352160165,0.3802855653469842,0.6055306339986775,0.11307521420990455,0.6735847122960136,0.4488414964515481,0.6514522288944056,0.6974834770800661,0.3358956730150834
0.2011012537243913,0.04230525944691378,0.2954077676209447,0.2753676337541217,0.09852333590838946,0.37477747772888115,0.6941122412468556,0.46467697399672236,0.3127256717627121,0.37785195789409426,0.42110487749703235,0.23680885255900155,0.29043257571569114,0.43448691990165067,0.4706207911757445,0.1163473941385481,0.20511161102885572,0.15979388766095343,0.38575193729538876,0.19116685295938443,0.5803526949178404,0.4067071938410686,0.24489616138892428,0.18616249751565106,0.2755759991925376,0.1557546199923792,0.779476411639141,0.5887122043231245,0.39236284386822595,0.32475457848617845,0.491463991211286,0.7457788084670717,0.2521874062456433,0.14510264067980513,0.5132843618959182,0.23991416432954066,0.22155518071969127,0.215837047766736,0.3204711923123054,0.6014082312334208,0.12434413912828249,0.5443320796512011,0.3571579531075157,0.445850496562392,0.48015397457705805,0.2139046299605585
0.17754073901094686,0.0495405092543576,0.15609962015961934,0.13567344617169438,0.10773710453948665,0.24872070454179343,0.3745590763635984,0.42697357816189746,0.26881895610732726,0.3040510916473502,0.26080485598812136,0.13118381520694083,0.20035090020805466,0.2802982425106558,0.36202807125471065,0.09778534071106026,0.16739291814859017,0.12319877924052844,0.5398006979508417,0.15899321900182503,0.516037506304609,0.6001026660493863,0.19197874998020617,0.19583510723872488,0.2834309683741172,0.08310467389508544,0.8373584473516579,0.42385988969445915,0.1646160714448638,0.2574513236001913,0.3231411701097029,0.47359542496361773,0.2708091141309221,0.11692031506844106,0.218857835659367,0.09594436380137641,0.10915134351765858,0.17345816050055107,0.1891091574872194,0.5347131221213659,0.09250573888582292,0.48000181767658673,0.43288319780594314,0.35936890465916876,0.48331525383812174,0.06312037218762499
0.10420744409795724,0.01969048092865694,0.054327322115980126,0.09074102080109783,0.14087991190489174,0.12559373772057345,0.2856352180441408,0.2831097966462206,0.2740633045227856,0.23707370974009492,0.24917663762859782,0.11858884673857957,0.22852157702291395,0.18970321451495692,0.29230076534572313,0.06161632822175732,0.09328178195568439,0.1418940923710213,0.2734307897486758,0.15518449507357046,0.40396274456462333,0.3838161403369306,0.14047221949962027,0.13086182534583224,0.3319027441564323,0.06686830732587698,0.478525645991174,0.34976502956970207,0.21966897147163067,0.21643067595284393,0.220625963631999,0.32420949950752664,0.15611245209504854,0.02403107106926977,0.2499514860740189,0.0609783580562658,0.13231096430117778,0.19968274832260402,0.1657982297070285,0.329552700852922,0.07903725984903165,0.2947872231018977,0.2939847789368203,0.3756254527265795,0.39126696947319384,0.032487499560059224
0.1115701680715234,0.020884812854799525,0.03317493249582548,0.06824325830829485,0.12761460446323694,0.12597031275931034,0.21644820609772034,0.1017588362155364,0.25672792419029067,0.20840392098034585,0.17799470953027777,0.05134665472402024,0.187777782398513,0.10778148067883184,0.201522856571896,0.056282618931926584,0.04739975852711549,0.133393224962006,0.05411543684044616,0.0739521529490691,0.42326688323287903,0.16701294485528875,0.07648688610161136,0.09367020086529336,0.1653804637958427,0.02306730497178718,0.40019416727150225,0.13298413965483102,0.23750708796197223,0.211739136408519,0.16744778685753756,0.3085943274252597,0.14352994038843017,0.031848324024348375,0.18844326470464773,0.016766960040149236,0.09932783397508178,0.07246486574143854,0.11212639334671491,0.2909153132018876,0.07161108889151847,0.11425662652078776,0.16732521687050275,0.34593888715098275,0.236143536021135,0.14265607808461955
0.015358957545235308,0.030977466927618352,0.007416458750081803,0.01930332342369405,0.04747092296951357,0.06930806807948896,0.16334643928408388,0.15516444998337398,0.2055181843409125,0.22005117608868072,0.12945982599323178,0.08426691805249223,0.17570416511418788,0.14961227749372355,0.15085435744554285,0.022976753726430085,0.04862199924028898,0.07805793271957258,0.07868156580509485,0.06019178731542985,0.1731932853368375,0.10772308864310892,0.06973362966403192,0.11429936938543593,0.14423809922811412,0.030660570594788713,0.2360678143417288,0.09352075084371544,0.17866097361490918,0.18602515342862436,0.15923448339425747,0.1997967288829112,0.08713545851669989,0.033300019591701695,0.11129829975021678,0.0638041635870325,0.09956776847641761,0.1308961382085344,0.14702796468063434,0.32208690721610617,0.04752723484252233,0.12562042173286336,0.11944060859077682,0.14577973775902284,0.16359263455793116,0.06213544413227701
0.017230444057619226,0.01424557791706655,0.038362476256254094,0.08307401072625514,0.0705358910085874,0.05292823155595636,0.10765429679118121,0.167811168320806,0.11191685994133337,0.19565300720554266,0.12467780415048581,0.07181868160333622,0.10725084512563277,0.11284364588307,0.22674799698625933,0.01815249293004579,0.026155828402832797,0.08922345330795318,0.09735666002115549,0.02304997665905916,0.2128942326344645,0.10037948997384208,0.09491230360190281,0.08548114111828772,0.19883947605158253,0.03523133388211551,0.3525658435934572,0.07342543370295274,0.09644623750871291,0.18295906521497132,0.17243753903754064,0.149920928715389,0.049775808697554935,0.03582440064888947,0.049760488706568934,0.06170144241060579,0.01717496378444594,0.11142014495502749,0.11511588677180186,0.20054757104427937,0.041263975145852824,0.08845176663412913,0.1052944676968229,0.18635907718217992,0.17093360034639324,0.06711020855221289
0.025606310223541602,0.039376112651233836,0.03484700092534736,0.043576734443974835,0.05475111721294102,0.08165996568938724,0.15098828353687443,0.09422376573227721,0.07329477631728198,0.18746355754877703,0.08717491882753875,0.09262061122920186,0.03742563207736822,0.08135386997763819,0.042812073124946774,0.013867377570537312,0.05251295117106203,0.13482681788392903,0.08868385541743581,0.077641421008874,0.1511026412237308,0.08463944436932039,0.0489853737431933,0.06370322694221829,0.11908196221856865,0.0,0.28804789488424637,0.12759810332564456,0.16125321957450406,0.07581186381710898,0.16414283130795262,0.19518555692788384,0.08713379008364482,0.051616775939735064,0.014713683582974826,0.03175738568447654,0.0429785130802387,0.07923784531754234,0.08553679582941304,0.22575159294899702,0.02766352422606344,0.1210175829825116,0.10564023059358892,0.16939880824794026,0.21591266458949707,0.048311709353224874
0.03522576084365351,0.0587461932036511,0.09351421718540856,0.11175064406825938,0.0506634375788011,0.14586232392049972,0.08673342261429029,0.13730076390468368,0.15366538646906608,0.17007416196631348,0.10940617742263929,0.08822724083976596,0.05342089719191313,0.14323815773195628,0.07385077498340245,0.04262609925780457,0.08527591210459227,0.0560758512039793,0.051790994913949964,0.07098077607323236,0.1513717974707505,0.06501825318656465,0.10367620743855087,0.06697294239501152,0.12267722103511317,0.07744207799203007,0.26150685667533835,0.15675538394503635,0.13771637801601755,0.09475377725984203,0.17408050040043727,0.1844476412022438,0.057379479668345446,0.0618898605003138,0.1501919684677659,0.14702374664674311,0.042647448349554876,0.15835869109628065,0.0819577010560821,0.22790315806290729,0.04634360115148378,0.14065655438458252,0.15641923305463012,0.19724733893968488,0.20114025162881558,0.11618558104924936
0.0480212887937994,0.06073553506498208,0.23547597036250037,0.24340044112455522,0.11212128242225045,0.2993946981068636,0.3300033717226506,0.26260668394634473,0.20754303038531008,0.20195979318009985,0.26902040700899743,0.3313228470058495,0.22966482428434806,0.27523099331304346,0.16229505596160904,0.17356035887719135,0.20395414332410108,0.17489822356940465,0.08021656028336595,0.09434479272189195,0.2716006515313912,0.31313355451095853,0.41315165559753303,0.1442438466140603,0.1837817296992799,0.1347933516990638,0.13697477141769682,0.32294306898095415,0.2623029927781926,0.18065795119826483,0.28143924745340826,0.39525757820531865,0.18249623989443292,0.1228604918827034,0.1942204982825682,0.2576870080438828,0.2026929682066429,0.2049264917162582,0.1451926331745474,0.41399605358419184,0.09483412936047045,0.4596309472817998,0.24350558292606891,0.2906059569506122,0.382073966449472,0.08692797418355741
0.11196825495308549,0.09092826385028456,0.39746624155260646,0.39788129796328403,0.16373876874214974,0.4931914016501994,0.33513640168052705,0.3534415193705372,0.4604476192525522,0.21681595617757352,0.45498495767797,0.4800335153303541,0.2574832811431709,0.3624150075075554,0.22714180906508058,0.41351514150777996,0.27485726215893896,0.20862344667528845,0.18329345682211723,0.15815550631427586,0.38054451415111173,0.47449452963393496,0.5153045033943382,0.3188136010784712,0.28631661284488796,0.16059026497735604,0.11762070914588021,0.4314048079886814,0.4213799170632776,0.4293773561857642,0.3125610767653572,0.502157747491222,0.15609411093050946,0.3926495771935568,0.42390887924899284,0.4215775104955002,0.46500691928430954,0.3376112267974203,0.1567684484797987,0.4460919761994625,0.1506700778930205,0.6352333569318255,0.22721290082494094,0.38475902211072827,0.513459472608962,0.12983733707483125
0.18053638277068626,0.09571389360750547,0.534612105377731,0.35826409428261846,0.1288220730046054,0.44835875480559134,0.5367161568467127,0.4816353256513059,0.3997049956772738,0.21015441151254394,0.6103586783572132,0.6479895483450149,0.31480816812733026,0.4377324501494958,0.2311902091474402,0.6223789094429124,0.3469074282146178,0.25644909632935453,0.2839225025814661,0.17503364679617764,0.2895596426451296,0.28121596837057594,0.43033151947479303,0.3458518696353117,0.2957522726736533,0.2748451817889398,0.16001531150068515,0.49689522495928024,0.4787392175265839,0.5765976716891029,0.2803674316326362,0.5968614930913524,0.18398293119402054,0.7262967600765969,0.556632564377766,0.6485054479501324,0.46699838839272884,0.29752141177663727,0.170799152348642,0.5266522546054234,0.18941396495972615,0.5551252124459888,0.312839673651984,0.4076425668838128,0.5152106003962927,0.264894181268702
0.25981107043833157,0.13152538182666612,0.4646607990153936,0.5652782708389805,0.14933044696997552,0.5028998492405699,0.569686159319142,0.571199032704155,0.5629929970136072,0.2385585339985529,0.6981811367666066,0.5808815321618914,0.4474552459319995,0.49262597793671614,0.297640934214241,0.7324507244424847,0.3954013074820756,0.26481344997121303,0.15525154552785203,0.15822121407375883,0.25815769768613794,0.425447624289411,0.425130458104267,0.32171366409782176,0.2908128627499679,0.24703473862629347,0.21429702718315818,0.6778779937691732,0.5316443519632827,0.4880149693403623,0.36851821922664546,0.5334126943892071,0.2013094722168021,0.7414805671147771,0.6770833719474151,0.7424188554615807,0.5513145485838047,0.36987426194540707,0.19625096276683274,0.5179841496078268,0.23302644217457066,0.5943188552973431,0.29213722408282106,0.45999214293273377,0.6511776883406686,0.24424001436815865
0.45567875945103975,0.06867291193133886,0.4697609506103192,0.5433671678092968,0.10236518899683666,0.5351782401033734,0.5142871250633676,0.6802116109995532,0.8164066491044063,0.3133192347052413,0.6876558462630834,0.659938501702664,0.47469016026547317,0.4622366087580685,0.4216722852709615,0.6789538442130273,0.4156623644346499,0.22716715289185221,0.2258503269324827,0.11587905833206924,0.43384740405032,0.44770702666991574,0.413427632552608,0.3611814170956102,0.34847290649107804,0.3853004778864297,0.26265046541134285,0.5104187968511593,0.6149926248030927,0.5304663283725863,0.3927113870284141,0.48230245041709874,0.21334278226931697,0.6464563835958541,0.6936690300180286,0.5850411788939027,0.5217893599906716,0.24949330226575261,0.2960117927781132,0.4727408394658008,0.2792461686289166,0.6014183648870687,0.36815694716385594,0.5544767561923494,0.6250107308157846,0.2585919688532977
0.46226758714034266,0.11678585962564224,0.47014976385883833,0.6720847480379661,0.11394127141773905,0.5995897718244328,0.5981803805705732,0.5536788747011882,0.52481795294825,0.2792492736453382,0.6580387179504446,0.5509278212499755,0.4626477725310404,0.42978119757335276,0.5117719324338046,0.6037425114195072,0.5626676851746315,0.2311136656351788,0.35001534181846655,0.19412250252838992,0.3651210171156476,0.44021924745374486,0.45552445275694303,0.3234552487241868,0.35646693285808984,0.3844856141085412,0.3861475879193889,0.6555638552712066,0.6047961630514537,0.4514678566656911,0.3853669018940515,0.7540790376755524,0.32362462439366574,0.6533709214922782,0.7890475537271855,0.5739462890669337,0.5909036361255624,0.5193529656827713,0.3181489731737437,0.5458567355898429,0.2741120559209843,0.5305308150513501,0.42014928807919794,0.6642002362730095,0.66392871997606,0.19246894600370631
0.4046915521547505,0.2611070771209544,0.5252486926810329,0.4306011963975657,0.1465947519703404,0.5730893443873025,0.7367736320032686,0.6012576383489587,0.584644313846664,0.31318058851937736,0.6501209946704112,0.4938849424809379,0.6237349416255342,0.5098233098073435,0.33965254180845045,0.5261461350526071,0.562193401709591,0.28530497522183484,0.3730036520072036,0.21694275634304375,0.3804200331238559,0.27589052158372585,0.5064959332418315,0.3493165084318372,0.4010298906348861,0.4425217879665694,0.24563274307076716,0.8143345114181977,0.5202355171687536,0.5470024555309235,0.35678991344249505,0.5601568562891998,0.39468888325912027,0.5915238317760725,0.8061924972411166,0.5558136905759506,0.5372950491397208,0.3953674363250451,0.30571517389601327,0.5438356609430196,0.28908836991194065,0.6369785146340157,0.3871472515618279,0.6409388627235866,0.5309434967301669,0.3324206596291419
0.3632394376050655,0.4674182432195846,0.5869391141270524,0.5368547949660443,0.16654362393502925,0.5633460836307503,0.7002728805211951,0.6470543026529816,0.5325568779080389,0.29112098614225934,0.7189853859655909,0.5299869646029792,0.7694094277986709,0.5107181616987001,0.372218964307201,0.706686208542042,0.5672435124568679,0.1949847103230411,0.32046136058697006,0.19105442891945063,0.37159898209439524,0.2811156235209223,0.48922650145125224,0.43843515366132285,0.3455712205585903,0.4782671594192954,0.29341720917064473,0.7693910460224939,0.5418787643399535,0.5092859638079926,0.5289672281953833,0.6417065150253513,0.4188820940039788,0.7674984180745005,0.7281281574699723,0.6445591441475865,0.7610662705010333,0.45578308282230845,0.35020662090798876,0.5587645914575937,0.3388192616853213,0.653357089608309,0.37289685080969526,0.5329542076238896,0.5063619610006769,0.4582969103278488
0.39958676304910573,0.2174077334687548,0.5630163029758594,0.5395180823933088,0.12117722603864065,0.692953471949148,0.6356867364712534,0.5724308437610641,0.5584622507121498,0.34437208348697373,0.6328946626673824,0.5550083634378796,0.6978897757114226,0.5743262523845926,0.4732911297300566,1.0,0.7119543261458144,0.24350805801761008,0.25235580909670413,0.21933659460146576,0.4213591492584269,0.31585050641513757,0.5740074453907744,0.3297110463610287,0.34323509092116467,0.4014256949550262,0.2835968710469378,0.8072462137049449,0.6609700010748988,0.6145994544147472,0.7603250052670953,0.6831776832644566,0.3878991529928739,0.8921085571722955,0.7317443510706377,0.6562055012295096,0.6732487547150253,0.520766183194435,0.37910775159077686,0.6029563298700351,0.24827626381008408,0.45955285821816844,0.40244268992565135,0.5820072390003597,0.5406190682274653,0.31680050865779763
0.40419647841735096,0.19423060398903197,0.4200386484665466,0.5267918231402016,0.1975106597999865,0.6128034783059608,0.5032709776604235,0.5442954860813678,0.792377452819242,0.3515126836998347,0.6610741923364423,0.5297575537499851,0.6314080326608038,0.33063339044176165,0.5016724033343933,0.7855545728172053,0.6370703720051494,0.2417842924875618,0.3169695219608657,0.2580059652157016,0.3783339945645843,0.32424928143551973,0.7115261104370674,0.478056395007438,0.31530569341125186,0.40590356798286814,0.5236979940816118,0.7154596411298677,0.6172941291341748,0.5663948699169747,0.47971378632657896,0.748043668587101,0.4235999193137749,0.8134183713037139,0.5224383622993886,0.4508469596001212,0.735514224435371,0.3370549974960338,0.40896847031689615,0.6858368738942234,0.4056118047934141,0.6816862901139172,0.4514995111590026,0.769239183631353,0.684180339744801,0.34904487005159457
0.5879898549737961,0.17277030267358728,0.37189959673526385,0.42605655111863866,0.19363644821776302,0.5804912151820788,0.528165612434095,0.6568153616756064,0.8135346533176291,0.34787239711493384,0.5119370070390847,0.44101555178224955,0.5847652689111221,0.4221796757664291,0.7148315793761272,0.46612691022349034,0.770141516351632,0.29907273721986205,0.6508852012444801,0.21759119832425777,0.39633666123024863,0.402798891094769,0.6555067839683761,0.4683385557015449,0.3350501412580328,0.3820317892348337,0.429072636472028,0.4776134314707635,0.6030227235216026,0.49260698326191604,0.5455909797732755,0.7092248525219891,0.45640069276283485,0.40490774361474774,0.49391354844759994,0.24313532788108028,0.7075986043029358,0.7621140598035023,0.4308741180471776,0.6000077178422051,0.5135469760077398,0.701406471832633,0.5164155620654096,0.846852156199114,0.8062781822549322,0.317383907819744
0.6674719797857441,0.2790685705652796,0.2733734833173437,0.41150553465415973,0.15700549099278838,0.4417625783462257,0.3707852328485133,0.5784847070434657,0.6930834679402734,0.3809165521000805,0.5226910322163315,0.384210393950357,0.6408251855443412,0.3351428397101026,0.7083263081606989,0.40656313735513444,0.6315823810134259,0.3077281989863343,0.6168603583518567,0.2156213589991393,0.5744477955893226,0.5559976693957046,0.5792117250361222,0.2856326870940202,0.4130531572893366,0.3922822054116641,0.4871818486588724,0.4390132767761134,0.5151533553056774,0.5161192761327088,0.5726625637547563,0.7695234277860394,0.3459018433743167,0.33603039183567174,0.5579007349135029,0.20604834144967502,0.4503518677493693,0.4347109831267784,0.4717482101477323,0.5351184989166328,0.4458871994339374,0.5979887044563277,0.496201263363903,0.8381415004907551,0.6456250176325954,0.3354155062616214
0.5307368572636091,0.12245810663811556,0.30976138480352844,0.3734421874298278,0.16341113026104725,0.4018550914509284,0.4955284911310509,0.6425026472680754,0.6664998235457011,0.3878553524695267,0.5515518658179875,0.476980475078522,0.777726956069706,0.3635441581339619,0.8028274640758288,0.3083717747818746,0.6015583845407099,0.41591541277690924,0.3755916675438824,0.2523587328784363,0.5390433666430638,0.5819408302970379,0.5378758223193087,0.24585131971027663,0.5074037222408412,0.33635589281486195,0.48246833102595466,0.46314966823563936,0.5368469320369156,0.4023775811914166,0.5727170947365599,0.7214071791912056,0.48197541546833855,0.3432340801527751,0.377229548139368,0.3097722843908813,0.34863333188923085,0.522061004964778,0.3919979453728772,0.6081317077141697,0.5640362566106971,0.6881385355519812,0.4488631368981706,0.6470176274367296,0.6421891346072361,0.34344042776272954
0.3921158859585385,0.1460673884964731,0.2894766949912778,0.34830213980917396,0.27670088064332204,0.3885607030937166,0.5182769244905683,0.648648295887478,0.5155330216216616,0.4934369857227929,0.6003927789080982,0.48904865634442346,0.6400651976344123,0.5188269059440035,0.6804553298471794,0.29367482945149925,0.4913531546226846,0.36615399839473184,0.4149534022628148,0.26021465597314986,0.5585696964961895,0.883010836873478,0.4313320169235094,0.2012956125153067,0.425930210984486,0.37801803843850057,0.39839545393624776,0.5672370523485358,0.4610023706849063,0.4098733299889051,0.5667174345339124,0.7920162330586586,0.3708239626213261,0.2894254837296778,0.45382760558691604,0.3301527232998481,0.3378865498646238,0.649271367733812,0.49313493813501247,0.6741301624929024,0.2905178523126062,0.6359497206777066,0.3714102722009694,0.742708537355008,0.4955647358774233,0.22422842380592836
0.38536836558211146,0.09128120545998306,0.3071993497977066,0.26538703686713483,0.21605030802427982,0.3372573596531406,0.49528472153987313,0.5044886623420285,0.6579179384298092,0.5105244319354577,0.6036461808703275,0.41593989725422836,0.6078701161940301,0.3987352931100445,0.47873199287414575,0.17284081060627482,0.31615434898098627,0.20621060580902978,0.49387657585226014,0.20375748050958487,0.5764891693139442,0.6725142237463337,0.38728814538595474,0.28809529912270515,0.374724709054295,0.28084748059736964,0.35072097820248344,0.7351846696934616,0.4724507157210408,0.31209052075949434,0.4540979877061289,0.7116977945411762,0.340524197462263,0.16937954644472827,0.597417407117108,0.4286696271563079,0.3879234198710514,0.9219476617759704,0.41846912626932703,0.7248411995056707,0.2569088525319645,0.8079447014739103,0.4498091392354939,0.8221588694727355,0.6799145771986264,0.30030505006364416
0.225369365746855,0.07385187306457748,0.3129092271311946,0.33304779283880026,0.07914255166552986,0.23062757149323607,0.5317020736208987,0.6070175269103764,0.809098736769697,0.6491976420946064,0.5996268755174289,0.34779604501504374,0.4447805908923649,0.2737970792834933,0.5644779476233516,0.09352268991685454,0.26192966103302406,0.2380562847407516,0.414610744127323,0.2376639312611066,0.7771497131759926,0.8108900556633121,0.32912822038029377,0.23952828508097423,0.34712926972135383,0.1984568196540799,0.6664739000117909,0.49425620768899964,0.36784604628872825,0.39721673103617366,0.5239486137345506,0.8325073414087747,0.25255738081579415,0.1641161765534406,0.6179922854676855,0.40729677900519196,0.357563538579945,0.7467693591946991,0.4278390908240048,0.7494656238905955,0.1985380375385855,0.7709065542124817,0.3830331451140262,0.6983620250899274,0.4351963668848736,0.1879137481323944
0.1614376597760008,0.07092426659840202,0.2622376079511747,0.3183901814653543,0.15026610608368657,0.16570719668663128,0.39933429744265103,0.4051036658608114,0.49741765575416036,0.6263168863322067,0.4753616452261264,0.24717002258365747,0.326858227514911,0.2920503503434695,0.47679846099821654,0.20377070917226137,0.18199606445672104,0.26017026727440207,0.25697914341384986,0.145267886878353,0.6488931529511737,0.6748664565668717,0.30301546928157896,0.21485009378433878,0.35244850857494886,0.16098339774736992,0.3830967715572285,0.4109909395228149,0.33899450573503337,0.3159443123098394,0.40170558002515544,0.6778023029513146,0.28691188965322106,0.1179230926639317,0.4376951958622174,0.43871120074820497,0.2882243354426742,0.2663124202393314,0.38532225643362783,0.6066159131580622,0.19484738851531389,0.7171140361174805,0.34002747721022925,0.7165373480010739,0.5010647180151001,0.2387356981895433
0.09102708802415577,0.044407543748041275,0.1299082739357307,0.34856003090368365,0.116715979832348,0.15510622614395278,0.3124974938832972,0.40351553725389905,0.2621247716132993,0.5088469483746072,0.4047947815300806,0.16924040883330746,0.27860663924928875,0.24532700724841774,0.3621542684339819,0.17756898007646904,0.16156160420869278,0.19295519773377237,0.21859631134344315,0.1449846079006219,0.5066050076568729,0.4432548644965765,0.1996435304296689,0.13290592421229575,0.2532445013882472,0.08204189527253032,0.32903234672433096,0.322151484197627,0.322074156543477,0.3488460737034599,0.357282900764205,0.6249372424972284,0.17794826007166942,0.10821083238412924,0.23730043788907623,0.26210344544991554,0.11935434412020603,0.26215461462257056,0.3284567462091642,0.4398674753135935,0.1027949410846527,0.594685626817213,0.37885995729880034,0.5592670996321811,0.331711145722463,0.26202349442704553
0.07020488573167966,0.04183612846340172,0.09154627154913134,0.21186776100595311,0.07387925569996831,0.1216827472846807,0.29058164091344196,0.28056662904502894,0.3118328977074768,0.3523124719010028,0.25491110621607665,0.16799856939274627,0.191090044433902,0.14853996369066036,0.3149507144765037,0.0664648560081391,0.12793361962998825,0.21560781523862352,0.0877731063629335,0.10389858256670498,0.35691745788506374,0.3027825586472309,0.12334796503875138,0.06229781610207323,0.21750355578931443,0.11725846937203072,0.5583266083529572,0.19167748927258824,0.22527754730175353,0.2438941853055557,0.2211464215751728,0.44215686453214936,0.11024368574872107,0.11353637046950135,0.1460299927280529,0.16517854239042531,0.16325145509200406,0.1397757680740041,0.25525999192833587,0.3203941117132801,0.11141742439185301,0.42865858289013503,0.255724329002869,0.502361421248718,0.3780647201898041,0.1160101569914424
0.09097638339522682,0.042306511612816664,0.1163850784138839,0.13996880650986973,0.04866787096619254,0.08658541064683847,0.18339351117843086,0.22200970714939605,0.2905225329745842,0.27903116970284314,0.2558532534449443,0.16465439950776367,0.1532723310629945,0.11124763183508488,0.21000281542550747,0.06486961670855095,0.060317849351745625,0.071895009783632,0.08343655026404254,0.05601893058470756,0.24848749031943085,0.11974461909039893,0.07264535964354203,0.05739661359836394,0.14871441915833591,0.09881916499272334,0.34040325511911046,0.1744454346567734,0.18213243158709058,0.21020145682544325,0.17395593607249615,0.3179803985696115,0.11091792488998273,0.06853784408410257,0.08624512156367721,0.10656620022091559,0.11254554902037893,0.142687533656759,0.16951043076295413,0.26363675059537184,0.04075405547651592,0.18748881056047983,0.14671239010918327,0.2884850972598141,0.22597295493533678,0.03886895433834882
0.03992324044359386,0.02112014809488509,0.04210350026486928,0.08703901804680128,0.06524465344320893,0.05927551048131385,0.17780480642905777,0.14652818022345487,0.25453373819146263,0.20912270929105237,0.20068624478307506,0.0830751590653655,0.08533710599587538,0.06690376844382163,0.1835155360595954,0.05347306453179962,0.0491770421455897,0.11405053251888855,0.16407199925141025,0.038798413610251416,0.25428005930109804,0.09518744541930282,0.04663248556324362,0.07646243049318092,0.11258885662123963,0.06241851470306593,0.22679648439196143,0.09215186077930387,0.08739450209207392,0.22337049000024417,0.13571490717281212,0.17120469027562826,0.05611067405735229,0.04854910131360537,0.08533513935352872,0.08767257174459314,0.04513444726500897,0.10939579659908326,0.1159746305813295,0.13597280507756154,0.049893765647243696,0.10643411799347431,0.1746292641009823,0.20699219575002187,0.15259378105195548,0.09361670941403127
0.0401496708471775,0.028490079169041067,0.012254182185123523,0.07732217433699734,0.022493985883648322,0.06391496564835171,0.16340378313624573,0.11661695795659813,0.27060938540403817,0.16817558922167195,0.10027239330420257,0.04546830197994517,0.12044039728883649,0.13165593958484134,0.1772296490399746,0.07818054484205952,0.04597833677731701,0.1414342041069934,0.0637746902899613,0.05609235408228511,0.14172536230000982,0.050689155474735605,0.013543444321749528,0.012672823927362915,0.09561415562170988,0.07023725356644345,0.26517546184457347,0.12333059556336845,0.07399925619641767,0.22401337201429114,0.1361686272759129,0.1866719282081487,0.018008644159229533,0.03947756172490881,0.0205707493527022,0.09227736032693612,0.05059940052198365,0.05286251167292054,0.12031152560684623,0.14018465621691611,0.01703667944048523,0.16594528541475112,0.16007002604820816,0.25307477889210744,0.1763726547903156,0.024565212428905664
0.02364464268554651,0.007610606129851122,0.03028507786860607,0.11525135242796258,0.04137434315903534,0.037789205102869705,0.16292763140206548,0.11723300678992296,0.0955172877895445,0.12098689720715941,0.11829197922066599,0.05408611427590135,0.08633800293677615,0.04588473538309393,0.15569469934551897,0.0608903862195662,0.04655422981477282,0.08750799380374102,0.03560066920222427,0.0698017446998783,0.13649137347871956,0.072610449129526,0.04683532222909652,0.009589416080909297,0.07830185716968499,0.032329178856272345,0.14867874793255534,0.1008119392381569,0.08957879864358617,0.1512910913986168,0.1733413096803376,0.14807476616562817,0.029827551709964154,0.05733887891763053,0.03604260391539624,0.016002233405047243,0.08224165329899001,0.07245299055055271,0.1130890776019804,0.1302729188645234,0.0680850623305645,0.188054964370226,0.09978917953854316,0.2884251318045249,0.12077848825022071,0.06772856208088102
0.07138303848805644,0.014009680999438584,0.061393951470697386,0.10772535875740666,0.03885971514757059,0.1364326004799002,0.1469729607990915,0.15947564614274537,0.20378651886512214,0.12126464287583255,0.1435635268657506,0.09065338548592665,0.12215516701160939,0.10016516874741291,0.2696025404808512,0.0634483143018218,0.06269876661158269,0.1398464963773888,0.057645027536185,0.061129521465968555,0.16951539177432284,0.1901460609261176,0.06333192238026468,0.036972247962739097,0.1475731361080178,0.13009457899686458,0.1417977291078092,0.08099606470237597,0.13190895834555766,0.09717759551789357,0.1840693023671206,0.17090747465671927,0.06612709055036112,0.043567338251939626,0.11914550920516657,0.09722438875917391,0.11570523384327235,0.09251727226763944,0.12791491076336547,0.19610955366922225,0.07065196211458113,0.23999913684657787,0.09151497882918545,0.22383041548042987,0.21327620742645667,0.1839142045149652
0.08811212632460036,0.09251033179110658,0.12364201765100374,0.16793117195059623,0.05514792487725898,0.229886369693635,0.24053165703099785,0.25542804172069544,0.2642097322300549,0.15857272805896855,0.23958682512597304,0.18951282178287285,0.16229665900363252,0.15459778349787223,0.2687510560157184,0.09694672699069469,0.2214775764425422,0.08431278769806959,0.061211366183910335,0.10639386298505446,0.2688098466594293,0.2984647322828172,0.2740309766855452,0.1162063931421932,0.2346329023113374,0.1366367126180658,0.23314740741490192,0.2730010842491711,0.23804230666036225,0.13399610959773242,0.3279125430683073,0.41787282608869186,0.08067763377279859,0.10558905045529421,0.3318111512220548,0.24547897739408586,0.18409836814285208,0.09977393336560063,0.15424133828772124,0.3020211275422924,0.09687083768527849,0.27302156225307356,0.10970484426967367,0.2905629772984447,0.3132529900420878,0.12788625853981211
0.10007027245315864,0.06198597560849359,0.3896475723533822,0.20750450003595794,0.07302481238255379,0.32827384747930966,0.26211898831635827,0.3141034657489185,0.1268601063696919,0.293909978341732,0.36680657207559075,0.4340041793720555,0.31798482673131556,0.21635018217016325,0.2053512181597278,0.12933734039611317,0.2332377196918228,0.1744530407178436,0.17569696995936035,0.1324668702166057,0.3664578487928137,0.42287356060351877,0.3874150708377261,0.2146526349345778,0.3668104054995673,0.11912131408946985,0.40474258931494633,0.3288514639740771,0.30759234367710436,0.30593189386705877,0.3756942721839535,0.5876987753514307,0.19403839432826828,0.15149599757275106,0.31444221224080116,0.39369043091709316,0.2788094114070608,0.0840119089618515,0.17199211780574575,0.4439989174347686,0.15901783211189655,0.47368229256412614,0.20709428327172366,0.33016409783569006,0.4288442809628023,0.0951390991449434
0.13440399121938068,0.06693046923172963,0.5648426605942062,0.5275527336156554,0.11781420256233116,0.36224955951923865,0.33518487877502756,0.4386670385328973,0.21248939278596216,0.3516229263940461,0.4859142731049969,0.5261539497811238,0.40732715743729075,0.21181413707703728,0.3530759983890698,0.2351789976404221,0.34937452584306655,0.2622394824777976,0.17166447322812406,0.1906374423293188,0.39506800450534335,0.46417357056156056,0.4211094052187255,0.2591053732768048,0.4485401143842874,0.13781424791863214,0.20232170758835172,0.5227215162746889,0.4021772915950847,0.34773639188872596,0.4011693988173121,0.683961482310117,0.1931181390820629,0.21612419837572683,0.5351464488433662,0.5132533099946479,0.33698528348917334,0.17380265134659711,0.17484894012983299,0.717531688930538,0.13693938525688662,0.5835415217588529,0.2567125015620945,0.37097929922641304,0.4884889121591533,0.033273998305017705
0.2961026610510871,0.10122685378378528,0.6888860632073246,0.5075095405661825,0.14641117106448395,0.42084964619941906,0.33840176868789396,0.495160892664579,0.20703115188607094,0.34711271544679373,0.6302492570586666,0.6847916314805215,0.5505168920180344,0.35002057429570754,0.33395879263056105,0.24739559749992096,0.3973627524765721,0.25237319134705494,0.2609806995405703,0.1447011596851359,0.4494790030356752,0.41168413793680203,0.45732539558774365,0.2414419259165676,0.3287266366818775,0.24342399754712143,0.13182461931477912,0.4835286908579353,0.49124627858169256,0.44152322400806165,0.45106440889324706,0.8765485149247711,0.27204568821070974,0.23821629611723993,0.7460295716240365,0.6389510854879318,0.3932124887629948,0.29715821623752375,0.204251090226732,0.5620858847176455,0.16356753543485716,0.6570414760506692,0.38608437333776857,0.6036518721363837,0.5469225905451872,0.07656634884038263
0.4915666274565236,0.2011114819826863,0.64460316436549,0.43408635880361773,0.10512982909438723,0.44806004763300716,0.48207033331730953,0.5550769286340759,0.4076681733078061,0.3688191389557399,0.5878406880389447,0.5568171560928835,0.5026440318795014,0.32857552892230424,0.37777322269804064,0.27584651973405083,0.41782643861286095,0.18089317763770682,0.4104571168106207,0.1816848367320876,0.416245661787921,0.3851161328212031,0.5154707577575542,0.34625084321602334,0.38606555810976173,0.1612883759744469,0.2975151391943793,0.40709042846154997,0.4911803788886686,0.42748891600640915,0.4759111379488023,0.7638906181069782,0.30342655501038635,0.2920801480852998,0.7415997164013732,0.5575794197011517,0.31742892297679853,0.3554610134840138,0.32845759003243896,0.5032195390245153,0.37602525858327507,0.7127707104836609,0.35937341939126677,0.6014396075983075,0.5730258836433756,0.13662662775611095
0.5310143667141599,0.12371026099444109,0.43882923580548094,0.3412205208398894,0.082469949048223,0.4602469692585855,0.7171321819095,0.6832252787986907,0.3799635328556273,0.42872657087246685,0.5900586164671474,0.525999719907696,0.5456882373015611,0.3712902441963851,0.4556354123653794,0.2484119802489948,0.5062551815399662,0.2418544804544616,0.49139850019342407,0.20326332092392257,0.48815609929167064,0.5319636668652484,0.5851961215817423,0.29035713698922605,0.39877979057742674,0.3702855616690768,0.3639595858029195,0.5873080999984713,0.6068156874069658,0.46399158336680524,0.4464270016375412,0.814923386894117,0.3089147836618944,0.25096747702850414,0.9652338365875217,0.4159763833957815,0.37511365353846826,0.2384176580163686,0.3850384146456012,0.5485159836333037,0.36602389971583205,0.703139176935067,0.37093849827910624,0.7343619213273129,0.5916151962871989,0.12243991149497319
0.4964163508610844,0.11771152507889714,0.6142079889288595,0.5434217563903829,0.2036281693364485,0.5363555206072557,0.818435786232267,0.7063546279467524,0.5191557195651891,0.3354738409608608,0.6241594248282827,0.5397631971584946,0.6204895735576288,0.37374927792963175,0.599947300286308,0.25520635135449526,0.5530103067639405,0.287211959070367,0.23531101736267696,0.21573766863822916,0.44601540414703283,0.49792577939334776,0.5892187960871955,0.2780856429205287,0.40375664343540374,0.3416501392488707,0.3365691203375516,0.7938516334022266,0.7286470012312988,0.4172563956190128,0.5061851394942076,0.8886880975915383,0.406891531606776,0.3402079019767275,0.7893091127882358,0.5016391115662441,0.4231642075331751,0.4118644144751476,0.38610468994041147,0.5375347485102655,0.3551050119386334,0.6587222442501305,0.4510141826285292,0.741356621555189,0.5376212730139939,0.09628357242851582
0.5028770563501009,0.0903632888708734,0.5643304640043386,0.46961350095406745,0.15353724716655046,0.5143690518334466,0.6395602410834367,0.6332042593907659,0.4542628519923366,0.3996540596554064,0.6691736608576656,0.625201518195053,0.6441668489161263,0.5339713431553581,0.5433483317506057,0.24399204357473403,0.7114812576278846,0.32626002079439054,0.26011982860398086,0.20607042917984814,0.5106032858119782,0.28045038479784773,0.5715089161274123,0.3005703361788943,0.41886591486099994,0.3932713150214663,0.40176818489661503,0.7213476180124312,0.6184768331157822,0.4162696947157163,0.6325404107900625,0.843192764105294,0.4866257301071537,0.3724271021353483,0.6432532509429336,0.5606490759834136,0.4066726806717502,0.3903876990593575,0.34961444190888086,0.6407508727412872,0.3352248758753418,0.6631886569883998,0.4302220369711575,0.7611088876604464,0.5243854313900391,0.05760755627678872
0.5232122935319748,0.11011521097891637,0.6057431574668967,0.401161074799484,0.19984914113275937,0.5474976165399815,0.6802266386300302,0.62858405215427,0.4647698580426866,0.4196223207773658,0.5812610421254404,0.5502835401027254,0.680183000165039,0.37286996947671336,0.6111697830702654,0.28541743367120465,0.6961006948418734,0.2443089587859382,0.40454949251408984,0.17389962424065442,0.4797914231846487,0.3650068260088322,0.5861175097126635,0.3766268303026562,0.43660190330210097,0.501637582731418,0.3225179176038562,0.6498518224482591,0.5366966812938612,0.4430127427441067,0.5892430057170003,0.8283948247454896,0.4364619188757413,0.3881067395345089,0.5770927418321937,0.574301715728945,0.5267918244261032,0.3114865430684916,0.35134252101300356,0.7523647178801555,0.2864878116249653,0.7668891369103423,0.46178419145124355,0.7084885128837084,0.5739970023197687,0.23234016940543015
0.5076570689936335,0.16114908686522583,0.39368155263337856,0.28163529279850863,0.19128508149269086,0.5030630613618274,0.6806611185642417,0.7003696574396661,0.408546414231607,0.4029974536232254,0.5831261104397527,0.5811593170280899,0.6548945485264132,0.40739564289310737,0.5619737909463994,0.2753045533496647,0.9967636032899765,0.2617017939501798,0.41163777218143466,0.22023459632256015,0.4631105111945247,0.511862104228961,0.7192819916222709,0.34057305152766404,0.4384485832804889,0.40613302239249666,0.401580911625868,0.5410631848173235,0.6283992266730107,0.45724192497846117,0.5310348127108951,0.7624208621037576,0.4020462534781156,0.28810144044078734,0.5398124179907945,0.47501636613149983,0.5237201692355223,0.5207471478411563,0.3603583723168316,0.636018822014537,0.28785652638662174,0.8594830278426562,0.4792829662586035,0.8600322430395297,0.5344904560014391,0.24955581781274258
0.5749975126569637,0.11109543284697694,0.29751380129888316,0.31276978392627375,0.15774949435172747,0.371650058007225,0.48970213784682715,0.6136032371397453,0.6551961404376173,0.41977956833525215,0.4952604586958755,0.3819860858982141,0.5435874588811276,0.23542271683572505,0.6177743152679896,0.23441149377266307,0.9114763626814406,0.33350244891455494,0.5347677753091878,0.20634655383673026,0.5044215370021377,0.2296147648833147,0.5612858212031713,0.3510717193850929,0.43021758214877426,0.41345783149224036,0.29871830082740247,0.4315433835537128,0.4731315875391736,0.3968434416427974,0.5611817081981353,0.7778393093997584,0.33180451958009854,0.21791902261463292,0.4650858511216771,0.32926787149519976,0.40294077799981504,0.5045235602876627,0.3475721063000733,0.4809792656926681,0.48410291008068096,0.8095642665960796,0.4714825323264394,0.6070867720027753,0.6306802622465828,0.3450906285276881
0.7314931535813136,0.06322891402585694,0.28446277991564606,0.26097015237229926,0.1706024766941447,0.37251666761510116,0.31452927837069533,0.7123947799386844,0.9581872665636129,0.39729090839385406,0.4921104167121401,0.32617559777821076,0.45099381910700465,0.39492943033752925,0.6884210028300587,0.11782616128958627,0.6923190532963693,0.41636463343181873,0.6003410040693672,0.23979064228025979,0.4914745430299146,0.48028126527050646,0.4960545223926386,0.3720124312383916,0.45507376164786245,0.49165576163569574,0.38704006396194907,0.3040816325157773,0.5187587096291773,0.4078374301439281,0.5486967153166212,0.7457024528421724,0.3324095144693507,0.18851732980884844,0.45309902891456233,0.3969391604336461,0.38927099661029696,0.3702282155486592,0.36710583959470333,0.5046246432561072,0.5797911903308717,0.7069579903404296,0.5833476671330918,0.6449035380677872,0.7372286245067999,0.2503378641708365
0.4640628124984771,0.1871603359020823,0.3308865276764711,0.27648605110189084,0.14216201559833969,0.43708905635265394,0.4744809280687441,0.654841845619209,0.8696714541639562,0.49426230735764737,0.5989867874713728,0.38327740646792763,0.5344257610225793,0.381225162353392,0.6839213698630108,0.1552694395394847,0.7486743002433851,0.32579700041010773,0.6493112176940627,0.20137069809006003,0.5157115319375316,0.6034676962004683,0.5130570779535495,0.36328148575362823,0.4724244467751161,0.2965150050448388,0.2584233344351452,0.6206423576175341,0.6594734663908454,0.4882807100799396,0.50562343807541,0.7340254991982216,0.4102528739963884,0.3565096155386418,0.4212886946448889,0.38226228480285485,0.43801993807418493,0.37529972667641537,0.369599231904698,0.5241072538332757,0.4030564702822951,0.8203367415490056,0.4347109150677694,0.6473185447655934,0.7452816993085867,0.24434593224655507
0.3611597896264871,0.06256899604234889,0.3615286798231787,0.4044367118838627,0.15417518264492092,0.33032973676470967,0.5567873071557491,0.5106469762831727,0.38510222036662173,0.507427103028979,0.6243810557763788,0.3842093809123666,0.4925306866595821,0.408521146293627,0.5179032116039908,0.20237781734022325,0.4801893810247221,0.3455680413862944,0.5059423312964844,0.20331339768584689,0.555208630765653,0.47502169515545606,0.4803092515468691,0.2769682412878818,0.45500859316031866,0.33368244820201703,0.24866738692893553,0.6553620736650951,0.5921356570789977,0.37844063797689,0.6196198634927954,0.744283751582019,0.28143492382923535,0.2807106020640313,0.4126068944125336,0.5222020129861581,0.31419923800956256,0.47515906946471015,0.37284488181488773,0.5290933416408494,0.3320289931649104,0.6964009299743122,0.4209525174382999,0.5862101758142599,0.5707350063557625,0.2851695912173243
0.23161154745414508,0.09631528093098661,0.2482233967773055,0.4059338931572405,0.07532293096235751,0.2867800663716832,0.5430665743894312,0.4829135131096749,0.3240818400988364,0.6011307567418366,0.7166103769793956,0.3019757479391737,0.6215754782906124,0.37905615807120463,0.4077800094903702,0.17549166286340928,0.31571083085700535,0.44600962220433815,0.3886021060264669,0.23436378393481214,0.6902153218934286,0.6829399225050722,0.35247161227884066,0.18218679684021466,0.5012855490581272,0.25955055789591164,0.2578887400754045,0.671155249992987,0.46281570360111624,0.28166465047834355,0.48016315058778175,0.7921510736450242,0.3265209421944046,0.14377276212012927,0.36440549856502924,0.4466342933726227,0.3395408923828792,0.5594617251993326,0.41125669974254986,0.6788082312189574,0.32486602377430684,0.7031210859636327,0.39122144933470165,0.704099082879792,0.5558105624330791,0.30934130680533667
0.17652543747605737,0.06734429020374004,0.22960948500046505,0.31691374571974257,0.10985848907287102,0.25870759679623956,0.5428648754273322,0.4113100167597404,0.2862385514680949,0.643621315689984,0.7088198810909604,0.19268074250835,0.6080020067889745,0.4335578582091527,0.3776457808548265,0.16144888390001455,0.24930999058948752,0.3473347993287472,0.47028645108203343,0.1944587190209529,0.6428937551839913,0.9182617581180167,0.31355750312497926,0.19156345797201035,0.40879773379041523,0.19262478352568685,0.5079434130833987,0.6101366248649959,0.32195228459443054,0.3141529278946231,0.4219759947977172,0.7230856164106753,0.43038711091377096,0.12866227680426306,0.475470268799871,0.40366266429570014,0.28462443446270175,0.46977819826134865,0.3420014056880169,0.6349032763288106,0.21531979284707695,0.6253385593642069,0.40879895085441403,0.7211165276985809,0.5449637424985924,0.1278487572503098
0.1925118487577735,0.05472930324679463,0.18277273641162953,0.34261016058819443,0.08451585276832965,0.21338628807151944,0.412567833786892,0.40056191739264574,0.276952060747385,0.5411003023453113,0.5827402391536292,0.1384451177355404,0.30766965253925516,0.2696193592762719,0.367335748313393,0.11150025115431077,0.21127777637156728,0.2718335065174442,0.3657091022900969,0.217152453999314,0.6193663829722642,0.5112507824094438,0.1633999699270519,0.20654372552932887,0.383118598797758,0.23708921486734372,0.20333319843581082,0.3926114458078496,0.37368337847101424,0.22327395970896946,0.41240706211537254,0.7073288473879561,0.24611766652532754,0.14118058351713555,0.3531592763042484,0.2852038953757473,0.21886741710440488,0.3730775555503728,0.2975352809546195,0.49123254478320316,0.18472856510492908,0.5634907289025002,0.3863851714029562,0.7242634563999142,0.49227061911501707,0.14632261367696275
0.20084365921745956,0.034087822000464285,0.1030948087511259,0.3571494406332261,0.09692669224001862,0.1609951808139928,0.3903247274718954,0.25512438124855946,0.17523364906,0.4673964304455637,0.4748174829402517,0.12255217037930886,0.17980650304604417,0.3593800304353777,0.34581097650000575,0.07891144281917535,0.17686465056444386,0.17065982729745421,0.3960519124437303,0.18642005757625033,0.4214791900894483,0.40515655207317847,0.14147961925983665,0.2582799502781957,0.1887229697912532,0.1285412024094448,0.3216143294979649,0.2870349792182039,0.24938052343277006,0.19414656285564855,0.3004634275359837,0.5959093263068393,0.18842823174389337,0.09076209851318573,0.16971444303647842,0.19255664955975274,0.1635374234261242,0.10021892466195954,0.32317805987881076,0.5790273083355094,0.13057116315439737,0.4878600336239752,0.41382844915219763,0.6976162983042458,0.4071326988557303,0.07496197979600379
0.06915093189954136,0.024844910263501316,0.06124885253907977,0.25220374800559187,0.08340297833591659,0.20185464242032478,0.26286259332583006,0.21333326969532004,0.1608798153783262,0.40648738174154386,0.35210580992050516,0.11154120305162006,0.0817176655869796,0.2749266179465141,0.33526580759704255,0.09286088435305122,0.0869805244052533,0.18771859504782915,0.40801177917325177,0.1264011897637978,0.3754404745776663,0.28690225136700565,0.10959171463186719,0.10261212479960331,0.18318194089826814,0.07354249329922723,0.27570829940244207,0.1514768752178283,0.13754661981640565,0.3034177654559252,0.29321033836675614,0.352356844262989,0.130356996454443,0.07072134703005922,0.2621376937408046,0.10681740797508701,0.19333571443710657,0.11642539615464549,0.16919164598887682,0.4205480295599072,0.08963630086343002,0.26358649405740225,0.3313781274941427,0.4690695165014514,0.28799097074108093,0.11627909556139493
0.04565038718031859,0.022961809211024586,0.02964619523510237,0.14803726879517892,0.0366504421908268,0.08310549810838633,0.13867037810001243,0.15776520256962465,0.03079660581877978,0.25042175007775536,0.22293190375453645,0.11785084627435814,0.04926426688209763,0.0435635519395149,0.2786686031973674,0.07042572217866729,0.055826061339669095,0.19180798207614275,0.1828666197186546,0.09198132279312105,0.29373957774809123,0.15679124749023135,0.05165498823094668,0.05934547355642894,0.16062544289157754,0.05514449681806288,0.07947773386987622,0.13145612999601383,0.1432082549807423,0.17875842799765732,0.2082119777614051,0.21774198277772733,0.08973319274436767,0.05788681083896086,0.14406947968344475,0.14263142522420869,0.138854822738274,0.31398353569739845,0.1520843836459556,0.3000753969854756,0.03898270286196788,0.20739372907810188,0.22566311695470642,0.26486623864067727,0.16309424805850864,0.07822325407760132
0.03613669693597007,0.037342869666008985,0.02311149012208353,0.03422065815281193,0.054784121509953716,0.06881759225761022,0.09676756943677706,0.19521084818477674,0.128064102981754,0.12836007212634307,0.21588758570871677,0.10489580933638439,0.08534994484695729,0.04967401276607178,0.19475489532081708,0.04727415838775731,0.041462632303270755,0.14323563483847612,0.12108752155781992,0.060034223585743056,0.24080172212859813,0.08187852724403763,0.057141647921893315,0.007785449700590502,0.1296522975613212,0.049807838709596555,0.09121849821389147,0.1088321593294509,0.1954224028807608,0.06691977923033889,0.16837879812350828,0.13250734751807322,0.06147242280616097,0.05045761109707881,0.09286222555273267,0.05985019081198468,0.06269603499944622,0.27216940126208783,0.08060838903550192,0.15589167130553427,0.003608313113142622,0.16898673666805847,0.1772024907342365,0.19496074378912343,0.10743570978139273,0.025606390731532744
0.002358692967689209,0.035343259730052215,0.027053585744004342,0.055889852737060486,0.026736632342592326,0.04902226159634129,0.0906588839438282,0.10406259224147231,0.11427552019083297,0.08435208614423714,0.1808238837408094,0.0452141295599818,0.12589441588862463,0.23028014260595245,0.13029749409333977,0.06673618508687112,0.026928811791013207,0.06701690957389472,0.055711865048646614,0.0738293329251026,0.17661408614288857,0.09934631067228772,0.0411905036113069,0.01663911963389214,0.15935466016444932,0.06561552026778268,0.052691522086108986,0.12098042147084107,0.1817622463075892,0.05558197123972872,0.1800017106957406,0.18223674330193762,0.09909967349275256,0.04831176377279255,0.11633726713650307,0.06252444579456326,0.08737938217699584,0.2553893588959925,0.0817593929372237,0.08696425705163686,0.07336195052032422,0.2056777242653856,0.16066737053303143,0.264002872588338,0.107719209010831,0.029902085593551578
0.04842502199860347,0.029137880961047996,0.07526948714915876,0.04301479588057326,0.03742111985591793,0.06717230885801735,0.07789350849655871,0.11367301702171329,0.018749830677427855,0.15174586385763214,0.13098352402411384,0.06485938639425716,0.12334868511164618,0.20749372604733538,0.1274639352435518,0.0978749396199971,0.050593210917236564,0.0760607225969573,0.1094092450325727,0.03896387095910674,0.14020211042760142,0.05414068458575751,0.037753664699140405,0.017109458622261216,0.12997571850940268,0.04589471240452614,0.05049949775086607,0.12945576741265413,0.11692014564298873,0.057218227961752355,0.190373975547998,0.19092599689618595,0.0759770183921016,0.05058696221560379,0.08477978576091467,0.029629131344802738,0.03871004892861536,0.08647084062490835,0.06865105259888127,0.14777122090571027,0.05725150560188409,0.13200928617447133,0.1334337761313851,0.3198519617656196,0.135007528935427,0.17565154796981078
0.0034337890095973017,0.04348777420382639,0.0934745432721871,0.08328764161150573,0.05209133671252624,0.11433664341718991,0.08732426433746399,0.1013314877824821,0.03078001115669365,0.1780081648074615,0.1634681697713658,0.12619356094645245,0.07485068918834158,0.15373720404214483,0.09240269028917686,0.10633123442558745,0.08708482437734777,0.13328895272673016,0.11515849728420362,0.06762005094053472,0.21370758926710914,0.1752477693307201,0.10779971256947916,0.012973150069623275,0.19061399687072073,0.05598894243645368,0.055335924358078575,0.20775147414447648,0.09450997647493621,0.06181511167047889,0.18521540407935905,0.28942579547839326,0.07567426525858326,0.05524318164872328,0.07749060322239597,0.12511878193952555,0.08916028224561585,0.08541097372309787,0.1214527414920508,0.2496697910281398,0.07745751208688487,0.1198435055646362,0.16170339227642763,0.2219951536748822,0.23595354953374295,0.1548197394369179
0.08513698096045022,0.10362192672497982,0.18216559015931413,0.16676054602662305,0.17996905694692092,0.21160775350349037,0.17317256313172968,0.1726412460039464,0.14203448868241397,0.2503460567708514,0.30924240071105785,0.26631879702189254,0.23249881098195982,0.20887398829370676,0.24308876574538313,0.07525144408507213,0.16072804310042493,0.1792967788352844,0.10697675473056088,0.07653988508110476,0.38061901303474704,0.26670113630161246,0.3792350169496003,0.14432807430527633,0.24887658194277448,0.23108473804719906,0.2575230740243647,0.3241644757469818,0.24866336264418137,0.1165688126035194,0.28261919020557896,0.5314664319565393,0.13312259313013391,0.1267681581722668,0.1945035251174158,0.2620372664972502,0.16020665243976,0.15595467381109845,0.13830498939251612,0.27478655018808373,0.07823474160310448,0.42417581728512455,0.21883898336178648,0.387339512086552,0.34814473503502724,0.0708350275415478
0.1575594646250659,0.2180822258635301,0.44000242757370556,0.4616786824519647,0.19990478707244808,0.3798042041527602,0.4226932750014425,0.3249314608560754,0.4004913334786913,0.2544848905190596,0.44919236298058984,0.45287872715420624,0.44256337586255257,0.6692013926688605,0.2968005754124751,0.24993694259512472,0.26681017020640646,0.15235388977276912,0.17774804977957304,0.13929676497829982,0.4259678946450135,0.44552407541288547,0.627250383854826,0.3589757009556874,0.4283571696162966,0.208927470224697,0.5189241794093837,0.3919572853797532,0.33868401784545765,0.31388817274086117,0.4056957990305402,0.7548447135622796,0.25129456033250047,0.22032216694080184,0.3629384054980434,0.4856142645586438,0.32038488294349476,0.3148520939529206,0.20421053694614477,0.40138621759061605,0.2153522851047853,0.6758002420520203,0.2928386141878215,0.4881934181843242,0.4331267970247599,0.26630846574965505
0.1683123528151556,0.17838264005992327,0.7456955796484283,0.6165928001205856,0.19696900961561598,0.4118244156753773,0.4200499000572476,0.46473039726155146,0.31086465641330535,0.2866535924683212,0.6057273140388366,0.5804739864047977,0.40049361372958214,0.7807376540813781,0.37453795742096424,0.27388210378332,0.37736247746462775,0.19573040918424295,0.3139081158184347,0.16625689187463624,0.4168883865110082,0.41333261023893675,0.5842662992965646,0.44553326547660693,0.3523398620539174,0.25144421867106237,0.20531204031999384,0.48192947519497736,0.5119322634147226,0.4595026187352198,0.46059568402536794,0.8072699719983203,0.32652191575326256,0.2969364553312129,0.6066990954747923,0.6362622835814744,0.37792814713704526,0.20114047372316796,0.2529051732261295,0.5945836538106354,0.19160436158292327,0.6356982175179597,0.39677128046609633,0.5685825506429187,0.4484614132053045,0.439341331917813
0.3112053063668522,0.9081983991545931,0.9135956570440867,0.7082178974193454,0.1421941032774146,0.47298426565396096,0.39864373049614643,0.49856656692554296,0.4163816947710692,0.34603331385268143,0.6536277494715887,0.7148243943063013,0.5936952234885298,0.6215792024758306,0.3225606959277358,0.34417856286006576,0.40902184913962714,0.22419736535119442,0.4045745387297599,0.18803927111924404,0.48919318114633487,0.42651699898513484,0.5387134356702099,0.5501975468097694,0.3591485248832265,0.2698946322301848,0.41624162412438465,0.47350390517263075,0.4577660251196185,0.4445495547029796,0.37931944757915015,1.0,0.3900471297184502,0.2922670094233093,0.5984678797149001,0.6789606215291079,0.32813442125379527,0.292968312749944,0.28984826907484856,0.631443261060683,0.24341758063557464,0.615842500514226,0.33860444333435735,0.6136452640252628,0.4524357103262467,0.43805640427453774
0.5380424741608315,0.29101195162635024,0.7035670696201873,0.5088656646757246,0.15534148749576934,0.5007261382037509,0.5333558631234929,0.5280178205018998,0.4435776593053065,0.40006648410440365,0.698803641698764,0.524347896483522,0.573824912000202,0.47592596445570245,0.35197750874169187,0.3112453979069639,0.48201068137426767,0.22738095977808995,0.37700095200608036,0.197183725862873,0.34739179482907884,0.38357087170625426,0.4971031286358677,0.2793118227175349,0.4576096202431964,0.3559157295805225,0.23200236610295677,0.4415871158907771,0.5694612330653064,0.4361986086662689,0.4942351696887833,0.805870766130941,0.31795662698650445,0.2837482888794802,0.657618810657684,0.6694607493313425,0.30680890522431103,0.32297764268528256,0.34037000868361883,0.5430957746930194,0.36710656974191347,0.5540657849346552,0.4170631743091822,0.5681719531545446,0.4617080998996908,0.5711411548799744
0.6387792111985573,0.1055058492453012,0.4721850030226288,0.34842340468351873,0.12340900574226166,0.4814537852046831,0.47952815086206235,0.6032408867013753,0.41655666704820676,0.48021137375623596,0.7206433770777856,0.4431561978662305,0.6705112637132614,0.5585490364493014,0.43434289257203934,0.23692233650084887,0.49472518342720917,0.19272041750673896,0.36720165445140923,0.18607813415023622,0.4320473092082547,0.3859481416113095,0.5771397845072436,0.24909509517612322,0.4160627778414503,0.4224583307744241,0.2663971869796669,0.5075550735633484,0.7306151893881413,0.5237759508020021,0.47957970387552623,0.7885901646489923,0.39978125035352813,0.28559242568514664,0.7763631533288146,0.5233646405762867,0.3460412512202103,0.4326095464957377,0.37995050840162875,0.46739870237498393,0.3723102250810346,0.7128496450299023,0.43540967282521376,0.6210510375805849,0.48114167566811,0.5948577942527831
0.557178406969011,0.19380904123284604,0.5535232691979943,0.37245918090840674,0.21288630495408986,0.4729276095805465,0.502588405864748,0.5685362975110093,0.39420595938983455,0.376404391548503,0.7289848205358082,0.6310570071717463,0.6591162919307466,0.61638907692813,0.4131530946769163,0.30062517444643416,0.5830621297169125,0.3321314396623096,0.2891138350617284,0.1986171920395153,0.4187103832940217,0.35465826035503656,0.5750521458616638,0.35903368234150834,0.35294989998409665,0.36845264610823286,0.41249689886632435,0.5565071530419883,0.6488922690236584,0.4650569776268187,0.5484754490544751,0.6820421585424754,0.458210052526546,0.4009291926989607,0.7708637812826339,0.6264440155819789,0.3577835308931568,0.5194884462250189,0.2943977901244435,0.49781497693242754,0.3029228193142819,0.6416386942046841,0.4431863968749612,0.6336071475670306,0.46828740417980813,0.5291876322313255
0.44149023297547313,0.13576790035238773,0.7246322285116358,0.36815039056558224,0.18845425312011874,0.47396439845535,0.6222825283189317,0.6696789795847566,0.587678420345071,0.30868991851370525,0.733202800981322,0.6563872623660147,0.6042713312982559,0.4600693698771985,0.5002117561409193,0.2916859101870475,0.5148289116596059,0.29436190731849776,0.33577539136946105,0.25302167614466825,0.3897006422282847,0.4368554721796068,0.48729045801484616,0.29821740852369627,0.3343255558124129,0.4685988858145974,0.24194882942526935,0.4303534255672522,0.583074134639827,0.4929222543602512,0.5358698271724716,0.8222130710120703,0.4909381882554499,0.4047042182628766,0.8540873028909057,0.6354761422310349,0.424706460773964,1.0,0.2888504697858948,0.4800257596495202,0.271255078413035,0.6225064696396231,0.38689056986288994,0.6234636950586383,0.5585791545327728,0.45862552006639334
0.4540396929877974,0.1564424153311862,0.48593633191443797,0.29721557009850263,0.24024288356074386,0.47915174031916324,0.4881850226918186,0.6242611982801171,0.42963738015295055,0.3274336337906317,0.6605541508269991,0.5859967110240907,0.4836247039771019,0.42213850359195926,0.43524535512549517,0.3045096579893194,0.5177319468154366,0.23136070625886615,0.309624343883264,0.20724514656661172,0.3286946849824381,0.447640912811091,0.550574174882026,0.37394973299849366,0.394804756858026,0.43601713193408687,0.1700794015398625,0.7099083927183863,0.5775423466281321,0.42422860981653154,0.44665925970702175,0.7312040592918498,0.4687278947406648,0.38592999612053297,0.6813285878990474,0.5338544169740777,0.4063661096128873,0.5636668053846019,0.2835599182326932,0.5039874295802371,0.3444139376006976,0.6354532464357031,0.4213997668776016,0.7193603182936747,0.4673075077613229,0.46709640171371636
0.43290148129770933,0.17696397601146402,0.40158227688390624,0.385882019240955,0.21484008804170715,0.5102746895968466,0.6247213106253207,0.5569012661955378,0.556648845803483,0.33106703531000053,0.6795954510895352,0.5556322364546612,0.4415378763177088,0.29616598118451165,0.5355234723659036,0.2649148017953168,0.5639811826499583,0.3203098300542476,0.2971998238001206,0.24412393591043438,0.42512691753028803,0.20552188432701496,0.6648365659772985,0.4277916460405288,0.37050714820088604,0.3678632764410006,0.19919668184333306,0.7387032206147642,0.7195784112034403,0.47970449426665845,0.4723612042498775,0.7397035452534153,0.3837762919312618,0.34807337504501146,0.6368191702813996,0.4824187864570914,0.5445402560528112,0.490762466827303,0.39729426508997306,0.4941778612333028,0.3456079843573744,0.7568733226331978,0.44528197299906236,0.7822367014537037,0.4845193503054252,0.4195033784234019
0.5490239732299694,0.10990070859760391,0.33324381297848393,0.440363058278489,0.20316391093799072,0.47526813989031497,0.6017888745570031,0.45567848128074356,0.5396043912369473,0.3989553837752059,0.5745482556027715,0.43925465328332325,0.5014395927008501,0.31291713263429644,0.6600996530973975,0.22143375461131487,0.5493792888726753,0.2525238063566797,0.3750809616426217,0.2313236017664014,0.4809258209112394,0.4863931722679315,0.5006438021497606,0.31698990534652743,0.3756056295352089,0.3534570476211704,0.17305208949727519,0.5425486592696741,0.5453785508543803,0.5646211844907862,0.42380582609281847,0.6465007651605774,0.4087951687284885,0.26619007470705836,0.449696886768838,0.26748586830045057,0.38877343324429475,0.44147306533204683,0.42080604199746546,0.4119341643834038,0.4532261604145149,0.6069285564078974,0.47477857423356656,0.7444275799103217,0.5360798644363256,0.2771818752489057
0.5999318186306619,0.15889106076436504,0.3261013612592867,0.3173612740593438,0.13818453170094083,0.4599328078127933,0.45806701152005547,0.45677371702238345,0.574630423438387,0.4950649698218998,0.6302781831784607,0.34361816125658223,0.5500285353888494,0.3973516403557522,0.7901195563829467,0.1768027330247488,0.5463512375473831,0.17754593790093387,0.34066067568195185,0.2458569134132982,0.5703650708325161,0.42668903689549786,0.4952823181342032,0.2288049609300849,0.37799156657137223,0.3862480395946392,0.26415265730507254,0.37607243948580904,0.4209618179534575,0.5323624836281732,0.4494033906881608,0.6767523036152575,0.330651448982261,0.23600640675126494,0.3202147865354433,0.3643693361931897,0.26179333069888655,0.37944743041475615,0.5462513580831672,0.4397213391204595,0.4751799985554257,0.544509905778765,0.4995920149158479,0.7482507804307508,0.5373470950782198,0.27564415950924814
0.5045618931123671,0.2269558270058018,0.2844432834169389,0.4056744605135914,0.19434845258470956,0.42362895248641114,0.47408441162475634,0.7243844247527712,0.5207125499985338,0.4126280281953743,0.6405196670833974,0.43307649664871134,0.617961521050891,0.44590605053899957,0.8072152868452883,0.17206242603473365,0.578832254044758,0.3960798395253461,0.46712111024158304,0.25119326892153104,0.47580785728871383,0.6436824643299761,0.556260516059282,0.250804239461123,0.3795333077773099,0.37665853736026306,0.44718271667477605,0.42761986102867494,0.43268763248407616,0.5095576144439135,0.5362662759345066,0.5771328690380787,0.37772226000366926,0.3572756096869005,0.3343650161501671,0.2986256013333863,0.4049738620208705,0.47455178307581164,0.43165402288602395,0.5507250578383186,0.3303259007801369,0.6796800011723838,0.50586752319466,0.6920216526190257,0.48735322172197576,0.24510863341377173
0.3811511568593278,0.14720944288749133,0.273998214612028,0.40344258767382946,0.1104692854431418,0.32787446994803926,0.602007408199647,0.5707376091687143,0.40945659176051363,0.4819056528493259,0.640159661432889,0.38333469012067706,0.6199170505975818,0.43367447673705184,0.7841477225756598,0.18686840351022044,0.4417096150552492,0.35346572232561946,0.3476173980626261,0.22101642297454618,0.5265869834498149,0.5116699156386225,0.49281521107156345,0.2529370340591275,0.43112186321391355,0.3147915011013181,0.6044214002329737,0.6772891029932065,0.4296653016914077,0.41554460075950683,0.5432476832777976,0.6941123737417424,0.2920011107125666,0.2441429033431594,0.28119560474966876,0.32254567728200795,0.3255072256074055,0.9148905653717312,0.43053285291647697,0.5772953498540861,0.3014693221592619,0.6845661358239147,0.41941204120301506,0.624593791452204,0.4016314313041093,0.08060777457013257
0.25040317961250275,0.14531746116406974,0.35949895880065863,0.24967072210358593,0.0934159380331763,0.3271523963761652,0.8020095196188417,0.49908047155366936,0.4152587226452001,0.6271267909699021,0.6456351389726751,0.29304068149598217,0.46419388967525665,0.39615393541466504,0.527901774624848,0.18556747951619673,0.35793203715977007,0.3568632265953333,0.3872366811511358,0.25200071318105854,0.7140626033547879,0.6276031012352347,0.36907936854593865,0.3192549529938213,0.36153818215419103,0.23033730596797172,0.650589620994262,0.5358031141171775,0.37767158445733745,0.429213057304086,0.6090393187407711,0.6595382251736283,0.3784466944800785,0.16579540968228898,0.3833701487982888,0.3306903961933107,0.3989537724656903,0.6093629960658649,0.44089415151595085,0.6564842547332574,0.18437086268616565,0.620076115819408,0.4976076047200081,0.6155664121622093,0.46558573052378915,0.1375587678025926
0.18323908262822555,0.08066016156303693,0.338845614475886,0.21904336606037916,0.0708695436626886,0.2661370951884675,0.5530734429581002,0.3658817775792841,0.28405973553278385,0.6226022240306452,0.6691841223709887,0.2031732826700372,0.46690897297253586,0.3602426900470709,0.45235451374847635,0.14898659453254293,0.25172963012825317,0.2789274411943937,0.2161665153318169,0.23587013696782258,0.5299665231347772,0.9074944095129958,0.3804361302062755,0.3289699348442371,0.3272697453290973,0.15636415731201367,0.7498215279740412,0.61286670496711,0.42574177097880755,0.36990050448201767,0.5638943132957108,0.7033252958016148,0.34214890932437714,0.13861919388533417,0.3562418879427819,0.33659399018397995,0.28982698719612204,0.6024316040090362,0.4690367054140255,0.6261658624843047,0.13211423071592412,0.753113288053298,0.3942319486980152,0.7475654267223524,0.44551353844512714,0.1616252988044019
0.15715463198555368,0.08585927463180687,0.25874890615842316,0.37908772758471293,0.026174012054586603,0.2012956443357805,0.4233077318357972,0.32229381704645566,0.22210044742542728,0.5530058331684075,0.37743996185915346,0.17970996548273904,0.368321581567279,0.29086885824005626,0.4851770276301763,0.0979544501688662,0.23264918354213315,0.20065530989767727,0.30287565130034033,0.18847044015080752,0.5161530966012104,0.7730609029553313,0.2647234840587273,0.1828983296686601,0.28614561764122115,0.16165465701695414,0.33925899019655315,0.38998010579756676,0.4033747297518362,0.33214571531446485,0.3678957546025079,0.5452548074507947,0.2382989324940248,0.06202353324072945,0.29477492456746535,0.24351160186401494,0.24992037270541378,0.42455717538936555,0.40627355284507843,0.5350392847674231,0.13499475574164757,0.6108688539971695,0.4192764924340456,0.531126261833186,0.4448846356495484,0.15709366976290098
0.07864847631427352,0.07844110591739971,0.12131418257036894,0.25023400522085776,0.02071734722679105,0.20170591674201313,0.3175642684358364,0.2994707277493571,0.11980551483866987,0.3635376741975271,0.2675349241187566,0.05016074305586901,0.3218792523666699,0.11910895990330406,0.5735700266553557,0.10018388859763475,0.17242541804798694,0.17786513659034076,0.3239677311530579,0.17040543145975853,0.5290842807551557,0.7674429674383653,0.15166768222429453,0.09108850532630515,0.20834595176576587,0.12805298720570626,0.46525851164571197,0.27641823114227854,0.3370308209920259,0.2462675330882749,0.3460108644185611,0.342466666168932,0.1760566319013139,0.06189787807033686,0.1525554784411589,0.15351836672446798,0.16001714404995038,0.21099358546290814,0.2818115260671482,0.32890061333642956,0.059513051979789844,0.399843559012644,0.37302808531100945,0.38389468663022963,0.3885290782959763,0.16547966076392664
0.04532123096417178,0.023490241965437225,0.07277432952228756,0.22648575954850902,0.012162901882392628,0.13219528941976422,0.27971705039735695,0.24031270590265022,0.194281096001639,0.3156624573811414,0.24655386690279252,0.08627728691583551,0.1728217783359841,0.18874157574054415,0.39086460338768186,0.07867291278345662,0.09361218316415784,0.054133135463987195,0.15744855524049817,0.13944267826711154,0.35476512001434674,0.412187298747863,0.1291594853651901,0.10213596240393043,0.17672509863975341,0.08991468135821551,0.3912066447022553,0.1761423016119792,0.34486773909240537,0.21901098633068755,0.25072120017664024,0.26967076029907766,0.11123900345798349,0.030121541130552563,0.08293782571370369,0.07587215268970204,0.14235283614397026,0.22962517602401172,0.17323748553333213,0.3214233831999372,0.053267940633517794,0.15468707161564255,0.24446209989406106,0.31886409665805926,0.2739382324126572,0.11938487519652555
0.011608512778946978,0.03736311138207264,0.03630900148467851,0.1983790599335841,0.043889891790530065,0.06300961985810916,0.09625530529721793,0.16836098724054677,0.16089973950077324,0.2357240724231048,0.1505752433016511,0.03532302652483772,0.1388052153185564,0.08112916976130705,0.32221480476940073,0.024796451355682758,0.0465754811840864,0.07538213036264695,0.08750364029919348,0.1098064247428277,0.17271152520494665,0.2629367621181823,0.03002279499871832,0.09755945022132485,0.14254196774342945,0.06288880113117312,0.31342920149172043,0.1063409677424306,0.25249728036754615,0.1833506757399748,0.19723819699713746,0.2518313095868358,0.06283939567205146,0.05653125919601761,0.07976254093373696,0.05942128261311525,0.17892326678891834,0.11172874473585799,0.09992831977268327,0.3880095063359454,0.026671698415846892,0.18838888013860788,0.22890007899449447,0.21524110193223472,0.17553331466543878,0.044265256803421305
0.021017446387896134,0.02580186426976016,0.04544242777760163,0.17013374367807504,0.05581411967958696,0.04712278212177083,0.10530652463899015,0.14805015876966668,0.07093252345911714,0.1816138986884173,0.08668701052641514,0.05300144994075916,0.11234742578201257,0.11756984038893312,0.3025101010776396,0.02057610217962306,0.044857637484388216,0.08685210618556595,0.09898888613081909,0.07846959851506949,0.13570930207498466,0.26807982534909286,0.01717607400339025,0.05821294177816605,0.09983733797199605,0.03465422797000314,0.13973726921224586,0.08984653211636626,0.152213889634793,0.1333473966357564,0.17321743443106472,0.16058309245701388,0.04976771979495406,0.00768710141787473,0.03760110839937619,0.04761437859934207,0.06133075700039704,0.08933197210153541,0.07747040626334052,0.2758568713339243,0.038701663170932196,0.08874097718134823,0.12464947732323559,0.17709126328636177,0.09946598022646796,0.02300919347452665
0.031555125442325534,0.0009693694803068684,0.046342809543069546,0.13460754655450152,0.0108561639858408,0.045405649392230796,0.11930193168161268,0.082612320666876,0.047772263364552855,0.17818532597512574,0.1153507910368286,0.12035482101961513,0.13767502295580145,0.1777795044463399,0.16663283843397295,0.06276835631085037,0.041360685195592745,0.05928872173044848,0.10425262638961734,0.07802768631900547,0.11376168779896015,0.11209838586521925,0.03670247724243354,0.08669078515150062,0.0842002389490903,0.1273152888475873,0.19777649791352175,0.0780450921656057,0.09712066881198213,0.14435879645871122,0.1495964665638613,0.16385191292160636,0.0367111366927242,0.030143862003028904,0.0451126467683641,0.036388284963523844,0.017729779918077164,0.13322285967253422,0.06364564282767751,0.049088580344430456,0.027473562823716338,0.097038309791536,0.10607484210643062,0.1343248117665394,0.07382842818112924,0.02936113185610735
0.025155845276529004,0.03522756597231272,0.08015190637501414,0.16680804291671816,0.06460683823810334,0.040480383610965384,0.06235724055435421,0.08384977634655487,0.08419481082178333,0.11123593039901195,0.13787268884996004,0.059488929870719354,0.17780906689050616,0.08894994155182875,0.04504826236848814,0.04629954293554277,0.06351150411140252,0.10066325513717518,0.030638913784197377,0.08681532844094869,0.1612940082620848,0.08139250324702088,0.0721595368571067,0.12315008963734013,0.0707544359682775,0.06559610206165424,0.14935607151989128,0.19835208758101122,0.10428080107539699,0.18196078929217638,0.13241199590655078,0.1428679215463427,0.028784137995133543,0.0019870612670843182,0.044494874135139584,0.007965263571479544,0.03662937423493061,0.11132711387186599,0.03825806135304706,0.11447221217880006,0.0210297756819037,0.13534630166279382,0.06147946586989826,0.07374956498555368,0.1238925276492422,0.13330474025817896
0.07420438305869603,0.045555524152230145,0.0648166742088604,0.1890780251557588,0.10040485341769811,0.1901799778617664,0.1338007949044654,0.11816696559710363,0.05011645771504181,0.14760357079616354,0.19587330000146538,0.13416151828504855,0.18252399997744978,0.17112206799122553,0.11498356804775006,0.06880628881561181,0.09955657975045017,0.11079310224363453,0.056314397478308964,0.07782016966682104,0.30818623684816937,0.07982620685461761,0.1559651372991992,0.1259954193273382,0.18237381065346778,0.07268697802213589,0.2000056242070879,0.2942276635851748,0.163949042919036,0.1237852300335539,0.14392495949150041,0.22293507051419426,0.07114705837049505,0.03322910077165729,0.14853760635821056,0.10359779944688283,0.1459288087797337,0.0828838767856347,0.09105499080444106,0.18094444615603297,0.10085802763208435,0.3304006369892406,0.17997058529735993,0.20319798589230492,0.1922064092058132,0.19713146344329535
0.12846572717346919,0.16746814379764885,0.22862221744928932,0.31551181305497067,0.1659847364100884,0.3804030024731149,0.3329155070036126,0.2484499345956472,0.20920430975899437,0.20944653910817065,0.3503573174911286,0.2833924616327572,0.3113749414644126,0.2562550261509282,0.23763940503211461,0.17117446903195893,0.2467720781799667,0.28127788704619827,0.09578738047841649,0.12987948035498234,0.46630370759469036,0.18999001775795066,0.5795230980164546,0.3169291869201494,0.3496584491680148,0.149835678472531,0.11135021384864882,0.3217630994040109,0.37548970887605904,0.2549900801045215,0.29259851046500557,0.4231180500509243,0.20155720104614175,0.1574406496402187,0.2706125819856274,0.2353971412307943,0.4105805517863556,0.21438965677467753,0.22654530820049096,0.3972103886099171,0.14350647312218962,0.6214435704164216,0.27932324239559503,0.4182109484967713,0.4141158240775469,0.24459549969542718
0.1473942359961622,0.13110212085812561,0.40065655501242703,0.437636807161548,0.12874069717611894,0.48154536151150257,0.3546314209909105,0.5208726460247216,0.3459239506820427,0.20392177146195292,0.5401040623440301,0.544097745505228,0.45335617996341426,0.4358946154332094,0.30404653718963964,0.4318511591655268,0.29373844095597523,0.2876762183018571,0.2550778729069153,0.11851289904804754,0.3767619943264891,0.2987463173793535,0.5456988075359611,0.4752103913992588,0.4037006444738199,0.14710337960754366,0.10047712168740636,0.56330130129709,0.49017748698953,0.35978491839847004,0.2942678482018489,0.6147738644361403,0.2178346741020943,0.4922452687990403,0.22234274131284776,0.5139982679289641,0.5683032445812338,0.2361887348719831,0.16581883982083195,0.49199101561439346,0.19596168065252567,0.6725898702017208,0.2688912555654676,0.40629459586157707,0.4698201804913452,0.3117387587729601
0.18017351253943023,0.059092582636232766,0.6494433810770682,0.6193351966452814,0.14015066937644655,0.4682668183567625,0.379875618204047,0.47423873819475076,0.395676121077759,0.2525357962449551,0.5108831868979992,0.6588097552675629,0.3604735070956927,0.3963773509188093,0.28402740131565624,0.4669517761635127,0.33764731299841577,0.31769097010189085,0.26979412838041056,0.11231213777133095,0.3055460609487116,0.34713415281048854,0.4038142817402116,0.4229284501562926,0.2825097026083641,0.2185203104275377,0.22029520875542719,0.7055319200389284,0.5950840020419963,0.4490276750797088,0.3085363997953777,0.4895400686619098,0.2702421535314304,0.5013332224801282,0.4682601414466888,0.7375837614125844,0.5240194773071649,0.25427305808774125,0.15323968260999876,0.6167761225653885,0.23588785966885636,0.5659921918070908,0.3415957933660176,0.2994792146438905,0.5001164591355548,0.3058829491206131
0.22093242076058495,0.07693188631912555,0.6586532823155279,0.45807332628590464,0.14927549701347392,0.49427517324950326,0.3029308517955194,0.5605293838157559,0.4532016313317246,0.272939951820596,0.4855445842258418,0.7075002322564352,0.3818914246335601,0.49515131644792487,0.3209606357589921,0.5459887820178998,0.3635508624913905,0.21814268005645504,0.17506392057070858,0.20285352359512973,0.3116139663150728,0.31155198901355946,0.3703875750943334,0.46228217078118383,0.32405578754085035,0.2915145141305748,0.09256052216198177,0.6037241477563667,0.6209642813984374,0.5197248873165371,0.3434498816974543,0.6008256336299255,0.24885331054726043,0.5865485036441557,0.6400773800860429,0.7039437236878142,0.5553944653736794,0.21578071350160372,0.21370117018290258,0.42420233561134,0.22787702478470864,0.5804517795586857,0.296401250824828,0.3237053355640274,0.5734902645276109,0.4178294969445602
0.3370752898074812,0.11391285381357551,0.4849508821604426,0.4052353017019558,0.14941841035567505,0.4787842229944809,0.34089616999612804,0.5777925352013472,0.5906088515630172,0.25957388032023676,0.6426437564603058,0.6766077474004374,0.5153996294882901,0.3884012475073638,0.4403133614730265,0.6250515768276039,0.3845812542414657,0.24857999986893056,0.2300072764971401,0.14026247950551568,0.30994994345069105,0.24232161865768478,0.4265922138459729,0.45194714095179067,0.3001182323386916,0.4186091863371646,0.16191867748931274,0.8230853094244029,0.610207528911509,0.4355005909405914,0.32893686521241694,0.5068901054282655,0.2720276769455459,0.6399981764041462,0.6227831207044875,0.5641691198793326,0.5536088982925351,0.25310115376296966,0.3536277534542214,0.5262147643201265,0.2606765751498067,0.6059248500179508,0.354454025347977,0.3983640840309992,0.6066588128434116,0.4788404852029581
0.32855848220495154,0.06723763892787285,0.4303332381132441,0.5462948031488915,0.08064123534646936,0.5013618104531319,0.4892396564119674,0.5750123439027135,0.6571334557371791,0.36160225883642155,0.7108549354998384,0.6811864943840044,0.4788368087017528,0.566087055959666,0.4066734867603872,0.5654780721981969,0.4104079119196725,0.3617488972074645,0.32027802775029546,0.185350364505355,0.31044106994719606,0.39761369099378474,0.4333428504825987,0.6325863532009561,0.2725607636869313,0.4091108365964872,0.24411951139828508,0.7853498426619614,0.6143701241702825,0.5557172595060136,0.430135279585761,0.6301209233873922,0.3065417155370489,0.7031932459722705,0.709254365264553,0.5150984369123762,0.590568711826019,0.37795452143024066,0.3894195233238522,0.47188741013001245,0.2953367185353043,0.5353737591876695,0.45294170913980586,0.453937725346689,0.6734174774059108,0.4957816806077885
0.2893600688451653,0.09951606090703956,0.5453651701787481,0.5301967327473676,0.11373697722146492,0.5161225494535145,0.6106583179422779,0.6648864794406629,0.7409787852847166,0.3015646265645613,0.7053764710799615,0.605127195703681,0.4984041796172578,0.6070979389808887,0.4104932325233582,0.5974212277581548,0.40466644524743334,0.365722522750901,0.26434915011756244,0.14153709817344384,0.3649319056532774,0.4725000880951266,0.39131038952645153,0.3871375838739564,0.30662002791892035,0.49982522731417117,0.16672242168706583,0.7185637662165446,0.521586136862433,0.5346060989526034,0.388893735586887,0.6010130366569636,0.3596260648172191,0.7875419222034635,0.8099462777643781,0.5772978243208542,0.6954022323844539,0.5652673391900271,0.31330557649621144,0.47697322191017927,0.2982293627123138,0.44742464223962175,0.4241719238046041,0.36531522180132275,0.5134930360254639,0.396330042696701
0.31762942356958995,0.11871243125191323,0.5571117013817334,0.3648289757474097,0.10697535059091842,0.6069873934841581,0.7512807293145719,0.5051974858546401,0.5840853316455099,0.2919432440529212,0.5669270473095177,0.7063083812718902,0.4572137449717055,0.6380153444831582,0.49118602098929715,0.7276141759926372,0.42780328424598,0.2914319392428806,0.19654013407303095,0.210857277326865,0.2500313269723204,0.42348272843603946,0.3656150197521752,0.451491881595554,0.3119469591493847,0.44024048627775686,0.07496397875545643,0.8649773243449822,0.6090372683522055,0.5401288872616778,0.377194612308828,0.5244911305399985,0.3600537631808216,1.0,0.5993185348417437,0.6874493731146416,0.640829794652688,0.49274535919910073,0.2909497972847276,0.448588453307254,0.23739710868682426,0.4945259179880149,0.3710890751406479,0.29295529899486594,0.4526947544350139,0.3154687980045958
0.3079699430263627,0.5684058923547513,0.4866457394393149,0.64031701299548,0.18473959139664303,0.5962403071840291,0.6905932085309212,0.5502223478580416,0.5506467278970346,0.28416592761325693,0.6751633947752024,0.6716736250480078,0.44617985045052466,0.7144722280924525,0.5440338556551367,0.8280249825629042,0.44027716424683494,0.2693905107515445,0.23368498413734357,0.21666790998523983,0.3629221356992919,0.26568667750993197,0.44651962381668336,0.607070419378754,0.2882019685328013,0.4343395466339211,0.16083724088079002,0.7847003114886413,0.5549661784289713,0.5139680819254308,0.4636401002936669,0.7766237478512023,0.42592176528303305,0.7776499693786765,0.5003014732682549,0.6402212078753783,0.6095351055043826,0.6389088275859915,0.26710548793825334,0.48267919809572796,0.27645249772276026,0.5267122399460666,0.3722022480609247,0.26834009144589055,0.4622886694456654,0.4078838553836387
0.33249935724244306,0.5752901780790889,0.42446891654866237,0.5934307442642559,0.1679304301807886,0.6982592972784133,0.811405514812413,0.5659788466543878,0.7993161710288431,0.3058676685050006,0.7641030457204355,0.578436188015023,0.564897279820991,0.6549467544423251,0.6420395007520168,0.6395769917488291,0.5527065824579339,0.24216075874952428,0.3092990829299326,0.19330783442768218,0.485264787624535,0.43677439973036025,0.6459178753604221,0.6289844604457993,0.27196377118483905,0.44594726129236284,0.3254973762379314,0.7605357411766258,0.7579531747091953,0.5592822633319382,0.47821201829457044,0.7378169627738498,0.418907154992114,0.5947293948948633,0.48447659010172706,0.5663191939084441,0.7038244225090993,0.7488163469214871,0.3569098667399666,0.6199353428478402,0.2884716702322774,0.7316219082786837,0.3604943034830913,0.5583428680683062,0.4928694041177923,0.44048015323586487
0.48242987946581994,0.09672051564884189,0.2974896001772821,0.4296884928957508,0.1641568466459453,0.6646388434547484,0.6634786672714571,0.7072061665876397,0.6900373815046644,0.35489440350186857,0.5837522139964068,0.5181449701183227,0.5287338633776846,0.33475436112320256,0.6019790024603728,0.5229034920419362,0.6077026968405118,0.2899532024405358,0.4423410872150278,0.22691087553432374,0.4838139758316297,0.4772860319952184,0.6436545759664369,0.5001881389003806,0.38317236251842224,0.3940400685284169,0.21177033548537189,0.558675021443499,0.6327289535727136,0.5505944713415921,0.5333683430917181,0.6794484907566638,0.49026857731930396,0.4442086226348817,0.33028329139674667,0.3178360028734215,0.7081148246475155,0.7445142786418733,0.43561156934285367,0.552544530553138,0.42747420672916114,0.5146436242232408,0.4826610103822122,0.6802446061799761,0.7085922256439596,0.49672263215897483
0.5706401073146258,0.10519422665559296,0.3995868171913808,0.3877355147727478,0.17266482633225436,0.4996811750956512,0.537520408061783,0.733417464067229,0.5744319238068774,0.3728709968977221,0.5240544000303556,0.5107168556857031,0.5351670066842821,0.5710250667391481,0.5505295228744506,0.2567371005959419,0.570530789439278,0.3164446193521393,0.4155326265833165,0.24957430947538642,0.6187580731546212,0.5171973018501442,0.4596758513284319,0.39876901032634615,0.4158228082594238,0.3512105809801629,0.23996967463770852,0.42832850746784357,0.47593524755451644,0.5825063674101147,0.5748718962573888,0.7295586818222367,0.347330184553932,0.3434302830128839,0.3803530230511939,0.37207915530306995,0.4432935882000526,0.5889846110086266,0.5243395558308795,0.6533881139311364,0.5160717122554611,0.615226213539085,0.492251819101454,0.7953097009121635,0.5542163210306598,0.3648763762220616
0.531449326793134,0.14283981042235244,0.36201922487676386,0.43028515691349917,0.1509219529111736,0.5961758448802399,0.5860676997733184,0.7081421519622305,0.6489555280053344,0.3826406563282994,0.5664138642973245,0.6301274959089147,0.6125787316827926,0.6091298836175469,0.6788068238357202,0.23495410014234347,0.5753915951438536,0.30220912402562083,0.4469420665891287,0.3010963531398431,0.5610706711967244,0.5591324577297457,0.41949019114241437,0.3321009993093301,0.4215258411856949,0.38933947922223094,0.2923332416538477,0.4868679665233245,0.6405869927420159,0.5637874121459814,0.5834768990983119,0.7219714401395765,0.32121591730791943,0.38749995213059363,0.44477663435862624,0.35494926870233057,0.4363668177822072,0.510290281534499,0.4649236976749756,0.6217007611845617,0.40491235615896226,0.6466935778985486,0.4389237819874761,0.6521504555810238,0.5147089403081103,0.32326574727815716
0.5079896506787995,0.18904763057942814,0.3931832849920144,0.37437666979104,0.1438425216443836,0.39773859328125705,0.689738474444674,0.5909168040651178,0.5385509967758999,0.44309238928975625,0.5514370885602534,0.6019382518603912,0.5715429010614975,0.5727919225367537,0.6016935764232734,0.16582660601012383,0.4400784388819218,0.4732327232992901,0.46229396453841926,0.30830994974621556,0.5913183377572662,0.7308228520167612,0.3938820741814955,0.25531207921919524,0.3848958674518265,0.36812395782698293,0.35412125341649037,0.5361109678482475,0.548278033929361,0.4758004597282732,0.5127368234117607,0.6736444094397621,0.403468445182134,0.2887814448206155,0.4738603573060127,0.40578918134543546,0.37897643488828103,0.43080117827412334,0.4735325841614733,0.6426398393846431,0.2699023465320842,0.5964631905136539,0.38853381554384275,0.7273481131102619,0.4916503211191005,0.21471975760205944
0.3164483393671481,0.1893252061176829,0.4946721214280324,0.4130055411886479,0.080068459931257,0.343205452782999,0.6587907056323119,0.5104085800276744,0.45396493300092555,0.5514900837287589,0.513759225742483,0.3932379018539975,0.5580925812704248,0.4356932186243876,0.4784385169825908,0.19338265436508256,0.3091903868675621,0.3181448203258369,0.47080795409663706,0.23718895284517236,0.5960546893552507,0.6946921174053329,0.2998068096184763,0.2609388317784092,0.46417396101369274,0.29117959299671786,0.5878283633323742,0.6150967498090916,0.4825772027815026,0.423879465785106,0.4842809261399503,0.7534882111578446,0.341345679991449,0.12198913791166899,0.3290856528187302,0.47100652829598505,0.39187383687578253,0.39112130205979595,0.5430148240644285,0.6476538151162506,0.2756184585188073,0.5570622131546353,0.51980911576961,0.7060896262022749,0.5863175308120749,0.2907931775391269
0.17097693763980948,0.08264030833745432,0.4907967250899903,0.39058769040413194,0.016839359953963337,0.3013502093565968,0.577064410972755,0.3796909862094983,0.33487599896462084,0.5532969507599057,0.4915755809507208,0.3367532402993786,0.6011071093857455,0.3147647860711462,0.41013886530938165,0.14247600070498484,0.26736182630714467,0.2735083507713201,0.4496729749406715,0.27732086716677506,0.6540596164674628,0.47076270568058626,0.31817087375149966,0.20312459088122808,0.38734451813599285,0.24241661025490127,0.4828261376214569,0.4550244095525963,0.32114075608740994,0.2883583283503235,0.48681803264613993,0.7277960073292365,0.24198226678010717,0.14233509958505047,0.37650855434254415,0.33631915292404024,0.29722781274954035,0.18165608201486044,0.5223277190090055,0.5797408717740243,0.16770229631214223,0.6190945954434437,0.4891757091571832,0.5873036930777897,0.5616101269069484,0.19154130992877333
0.1576879999156028,0.10204240113354969,0.2081353424855948,0.30350009143706835,0.066852003521856,0.20904701938640774,0.5274734248030447,0.3157352960742109,0.31185692945577326,0.4823770953576703,0.4359549907256486,0.20472778578160955,0.3363735328069607,0.17009889031639763,0.3039065301842092,0.11839839861890279,0.20469831166380079,0.20434395314419693,0.1717689546905914,0.23348277778779028,0.5275163052208387,0.42294562227727023,0.3024032641779402,0.14712248073871192,0.3214145262273003,0.12990227914660235,0.3357514157921375,0.4264648908584851,0.38270431355495044,0.24811257679439444,0.3762330028334562,0.5800586022449904,0.2699398962954018,0.10497104330144055,0.33785426249060274,0.2643988920488822,0.19768323024977447,0.5310464385322177,0.4213594128731979,0.54302418943582,0.14382583497801585,0.3094879671292552,0.3781363734334628,0.4922796661803592,0.3614943142314538,0.1281170467389599
0.08856434047013978,0.004722764462094471,0.06311191457513518,0.15871509342872772,0.043269831310951364,0.15405233395016335,0.48330735602100094,0.2430445981852403,0.21765371432106403,0.2574110814630016,0.4126042044811368,0.11809804371346962,0.22780965841892434,0.20358368187441386,0.313894956580807,0.07865427408639242,0.21260446463799648,0.25040395735896226,0.21524255803612274,0.19069270342036596,0.4459900257454503,0.41345320048151846,0.18480592853543612,0.09810166264746888,0.2943886990558686,0.2048279197160154,0.2837418294431382,0.27366381684347996,0.37843789633937425,0.14402277374959715,0.32169128886294573,0.30360445465710123,0.1456323840908429,0.038952303266296576,0.1402626200131839,0.13580194936803391,0.16967371360139272,0.19507395870849886,0.34926194878777866,0.5004219917951905,0.07186145644148778,0.35705127295284644,0.4022588351188668,0.373374914059081,0.2714073442460633,0.07424980862446515
0.11764716442371034,0.02555871011106669,0.05008365856092341,0.12094459800270593,0.042240785222357656,0.08426200879006486,0.2011194076519142,0.22022757342544227,0.1323298754441429,0.16011054513373427,0.2667224911943756,0.13298159741814047,0.1302965619812092,0.21593707583171326,0.2773068708781052,0.1280234760690394,0.1689731691672357,0.13306268479431463,0.3182610337585122,0.17359806345054443,0.4501571528211685,0.14739477780104868,0.2222272047530785,0.12410897423105506,0.14237068414251255,0.11133608973670056,0.32974082432082197,0.2501685145888543,0.33396050535758426,0.14640044702123853,0.2985884433959875,0.13049494017658353,0.09140379954587455,0.022449819024244894,0.1590724774139105,0.11435492035568065,0.09592159599641918,0.28541276238917984,0.16269480360158056,0.2643204358513776,0.0478285746351344,0.2571546454008495,0.32926241172993215,0.39844850298774337,0.24259495605926049,0.05376910240574555
0.05880257388307821,0.004808841616462778,0.03861887535325226,0.1730853665788786,0.021645351113753326,0.08281290646731355,0.14748058373521616,0.17225007857062555,0.09201504285946224,0.1575139212510976,0.1646753009565241,0.09808506163347817,0.10460615023881567,0.09381149599000815,0.20596100473705678,0.053448008668260855,0.05963027149143342,0.06134047435858514,0.3074937857253999,0.10219781054112881,0.29034112593827793,0.11186152688174422,0.12611486834600297,0.026583045627782992,0.10913384133694767,0.050781580542125795,0.19506053348540325,0.1618508576475494,0.20437931333160536,0.15119807588545672,0.24331414064818582,0.14591727264269752,0.1077848935533221,0.07650522258248169,0.06809100265900356,0.11931450030345281,0.07969461724926169,0.12192698243795962,0.15148583930521614,0.2658897392393115,0.04943518991108799,0.16930897782826493,0.2682830428878334,0.23801329705813778,0.13947227185759295,0.12213851629766495
0.03335601398866591,0.044707865102023056,0.057519075720436255,0.09775716902692205,0.0005410404937309793,0.07000203277767017,0.1299721834076507,0.1648794935881239,0.11301170105016821,0.08030998104576934,0.2007824578225782,0.05820539156111712,0.05881700178783601,0.034906628690889396,0.1509251051340793,0.048772043496728174,0.044675332246678065,0.06107187001979704,0.23538777164806957,0.08562146990024153,0.1716079772634156,0.017605974906147,0.12431239208170002,0.06636149134373395,0.11000982150106561,0.05221387076819424,0.22533068980398158,0.09395030580948588,0.10066529065334585,0.1738142259581931,0.15746273385715498,0.056215254410215916,0.05907470997647604,0.029486384163514796,0.03196074735327924,0.0812868687844868,0.11675657192006343,0.10475974450539462,0.06738654541604146,0.20835893412257508,0.062204723367051296,0.11010366328897002,0.1573856264319014,0.19696763606467038,0.10749355225396572,0.06558491355213959
0.026528488767884113,0.026563291165031575,0.07775067114610229,0.1362303986853778,0.048484107872228184,0.02883168994314846,0.14216329744716694,0.11806287974926116,0.10469292318359259,0.05283355116766122,0.16966014340689364,0.07994591444480133,0.08757930790404211,0.1381464527232659,0.09455853387934013,0.09917638249669763,0.0429897409271604,0.121203199809029,0.16330826269177712,0.049931378545688763,0.15995880748614957,0.015988607751479013,0.10637627824103853,0.02005677376504085,0.08968487449975657,0.0668259505592237,0.2350735733945074,0.21319861735821038,0.15916599241524143,0.13045342444309843,0.15408454306925004,0.09683061225289516,0.07426605971906271,0.06685924398169285,0.05658523655904629,0.06671844234495752,0.05468442417545165,0.17163870303600204,0.06338579916167016,0.12812944021033623,0.011921622960143076,0.0933214706785682,0.13317347391334472,0.18808792494234966,0.1600111051387035,0.08789455206847668
0.014821872562279056,0.06293326684264634,0.04326325250522793,0.18930436519401264,0.04282557538942814,0.05713206271071815,0.16866247422798014,0.0905462877259723,0.02339942462427486,0.0770965548673071,0.0934732294417356,0.10025143944279442,0.09085175792015487,0.09342154592475199,0.10391125148378155,0.0829270970862906,0.0579661155788429,0.2011555404892438,0.1387368395298243,0.0952083185942669,0.1802336556847737,0.023060887920034502,0.10659622264483253,0.04837486487083574,0.07113105136242397,0.06645584985343936,0.3388361432432964,0.22840745344820199,0.11312663986783379,0.20189234375202955,0.15963090881486175,0.07452367532857967,0.05052249929626142,0.03867567781010511,0.06025013722285681,0.037935574720096725,0.030785970593410414,0.1391952266561749,0.04182515590923261,0.1202330985340098,0.050801385082829414,0.05288125267342714,0.13794462496964607,0.17591955041700558,0.12112906158440724,0.09312744829737221
0.054632734914104704,0.02627623472518051,0.07190656858670898,0.11125402990503028,0.04830796165386172,0.14021236270448972,0.21486013666740397,0.11228446427462116,0.09673001557461604,0.13505609642225022,0.1434474160229326,0.12750532963669273,0.11993826075821992,0.12526176792064697,0.09380618174156172,0.07104689672512564,0.1153572908775562,0.1146874164666338,0.11846188193615544,0.10732462909413479,0.26528063029323984,0.20614639334018597,0.18410768253212115,0.1385313299299727,0.13169268831523195,0.11656589789667574,0.1279511406050255,0.23543892051633183,0.1687207685671176,0.1695043225660657,0.19007613716594174,0.1436292967559341,0.09081431298457866,0.044987826632357154,0.2511818565913517,0.069247596720969,0.09976814091374202,0.19757190920363915,0.11252754506095113,0.23913534714247958,0.01941277785209343,0.22198493305309147,0.12764922351449987,0.242939072993677,0.18862516418214315,0.19158118235586413
0.16526581334831725,0.14690028594257232,0.24660958404016134,0.3313631824719568,0.12625621390619277,0.4137220363843768,0.4029987113921162,0.25013237021092666,0.24476736290035217,0.18943767906736117,0.3042987067520374,0.38029145444180784,0.2508490018211269,0.2743319762655321,0.30707022062053946,0.22498256563063646,0.2542983361308947,0.2934533097927392,0.1713393325621972,0.14978440690345424,0.3918245887595398,0.4994341869053675,0.5809054071452059,0.2945674362687004,0.2566076474472221,0.14343761378957642,0.11069820647539408,0.33990739684920684,0.3896673315901251,0.2365242260845987,0.31342156740314486,0.45222359361208697,0.2704570874979049,0.1871934937092008,0.27621301706407053,0.22463110595593788,0.4308522588404415,0.31801169298639675,0.20609429972968546,0.4882176496887493,0.2289134171089026,0.5448225955534535,0.2571113000546255,0.4213739562321737,0.395060681800321,0.3938350416575189
0.15451291816028953,0.11710154441247327,0.4879920699237419,0.4865645567444204,0.1648014167038694,0.5421891377230865,0.5651685802323856,0.40845954339265944,0.4587569341479642,0.19178085691033095,0.5251780348646268,0.5365990826153825,0.3299613597363049,0.5174013472226134,0.3285104578351633,0.5328306104508255,0.26492130321621055,0.28248482649596174,0.2586199298354696,0.1303810062026195,0.40067481635070545,0.43936817964482333,0.8358217096293282,0.3823872259685542,0.2884513137249958,0.23600373826110652,0.13803969512111075,0.46702943444091843,0.5323381818079794,0.3756306558211777,0.34314634439368047,0.685545406728154,0.2559220441269672,0.5493959730780652,0.2783421287566598,0.5412945347002832,0.5970769300825376,0.39044667332878846,0.18472929262843413,0.48192158248891764,0.2588689250918018,0.5768580329452542,0.27558128836454954,0.46617988291500084,0.47538347991954805,0.2668291618184597
0.15737614954949564,0.09818170797888869,0.5590371760685828,0.57249965892163,0.14796220912317815,0.42352651412601067,0.49632846475693193,0.49222302425850234,0.5763446009066961,0.21895407293924682,0.5708868599986479,0.8078791938571755,0.37067621382177396,0.43620227154617564,0.3224036553872406,0.7719899967365764,0.28475743261399783,0.22543885295768024,0.15775928307913206,0.16783494011302313,0.3759014526444891,0.30846751465270306,0.4004755786949987,0.4360735679735811,0.35410070389847415,0.2567983339217604,0.095149665298359,0.48335050591078194,0.4589457178871695,0.4892603299342257,0.3152016479012975,0.6913768619897191,0.2162712795247402,0.7356545933500025,0.5972334084641696,0.6806396338691859,0.6543347966754358,0.5297944340484451,0.232466278307301,0.604944790200765,0.1523145005376786,0.5164782816615667,0.4316707837290982,0.2808778982143695,0.435083897670264,0.2055858460145958
0.23436744972825518,0.06699065252222348,0.5061109284685846,0.599465804539896,0.12346682140219892,0.46989642286199557,0.5423405191612087,0.6166426488598367,0.5715442598106175,0.21187735526257065,0.6951730935453836,0.9656457963713526,0.4469454398820032,0.546152352862715,0.40000535037208623,0.7989531357952898,0.35025285894472924,0.2760113082150557,0.2681967072547516,0.1772080054830075,0.42624098148004846,0.4437708554422468,0.41551919625460254,0.39807906911440233,0.31196021331287405,0.3324425584474957,0.10608960573139764,0.5358038671796657,0.5194782877085117,0.5471050677416791,0.33786561532130155,0.5339988977103515,0.17353974833747562,0.8448891380773966,0.8249927446663066,0.6960052025831891,0.6365743281307996,0.3156514156143859,0.2538334090036379,0.5846981133942616,0.22393370143896899,0.4945890153816858,0.4361105590146005,0.36269469922128694,0.4739644830806557,0.3538908522213918
0.31716102866901913,0.09914756638718152,0.43435863400103625,0.3620354533445931,0.13157020477969633,0.5774421420478376,0.7227746478149505,0.6549287094956859,0.5574064515540362,0.220594293786693,0.7127744813224011,0.7139026388336553,0.45238616890704275,0.4985648577300761,0.4742382313605584,0.7205945085588522,0.3735964743238069,0.2587176991224912,0.3009580154373882,0.14947571125212586,0.41177644387010665,0.36561583455360525,0.45760157513181215,0.4259400379944801,0.3154853639962905,0.3865422113984185,0.1812174132970984,0.6379658577467177,0.5664404286028295,0.5063773188026829,0.3267820556298125,0.5766819348114105,0.29126139432420384,0.5775489084596453,0.5658232331955809,0.5775081247655866,0.6765979949629096,0.2612803067574928,0.33286660180468297,0.6545108267461822,0.3629235739702481,0.5664586855817542,0.4356076719407613,0.45870172309493834,0.6613249270514834,0.618741187379949
0.34291058182492534,0.12000205532682383,0.44783681125908925,0.46061603808263146,0.19949878445399313,0.6194388102014597,0.6936475347907407,0.7348479706139601,0.5299188692910873,0.2866745390251474,0.68262976123352,0.7105047397791167,0.4750202048743758,0.8000192768338683,0.5304504525690893,0.6329037757712548,0.44052939910537287,0.19969211564247663,0.14748661175202593,0.21711331609733076,0.37798057083496767,0.34925309091211165,0.447615641226451,0.5805200284680367,0.3224158939823577,0.45223389346904314,0.27252655307794205,0.7248495564092677,0.700882424761295,0.5114147120419186,0.33088728016329216,0.5186258408966264,0.36973243284675206,0.6968341056339823,0.6383729343331309,0.5185342913150209,0.7133342605973633,0.45597815631290767,0.3397925485946162,0.6555011427536185,0.4497654429942791,0.5261890998017356,0.4155096398515944,0.6331516119694192,0.5106856898780692,0.3779829059923401
0.3306247085708291,0.09507205401373788,0.5448729964670386,0.6210220169093876,0.14076117162960447,0.5431591177138029,0.5839159296540917,0.701889365210613,0.4290662862173135,0.32782486742610717,0.6510257443730766,0.7450850368568253,0.43943052820887407,0.7220289543525589,0.5169222375425608,0.5654599512835183,0.38166072112860394,0.24874470278364205,0.2191460326565205,0.15863027417232264,0.4295641386700713,0.4172887053168517,0.4728414912529419,0.557494645921284,0.2793118972888509,0.30049043657608127,0.14991935396541037,0.5469945608616908,0.6649716388876987,0.5353711950665082,0.33892908106697966,0.5164577325364504,0.2833323127189126,0.7421740612849582,0.8891285301578407,0.46528962728193796,0.6204345270587601,0.49751030705407356,0.34141709414080185,0.5350695360063932,0.33661110451537135,0.5108243438792681,0.3988223702279514,0.5068953652393975,0.55145500166598,0.4594242674169253
0.2888653912296892,0.14696142349904734,0.5430846256230613,0.4459846728460935,0.17243488578879845,0.646268758284373,0.4443988899594765,0.6792314258596186,0.45043351766841205,0.3048726164400006,0.6797286065778415,0.6350120673008377,0.46706325331446064,0.6025550720850366,0.5263763263311748,0.5132889124808987,0.3702324888515477,0.23402566109634296,0.18900785280979338,0.17112417133800661,0.35398289252873844,0.3607340994595273,0.4449387344729448,0.49387751025404825,0.33868407061981504,0.3527065289924975,0.15323018102108915,0.7439172169225974,0.604110391308335,0.5382914023974146,0.4676418134728821,0.574607915215485,0.3357033378236843,0.6457295927019291,0.7712424991640712,0.6754245443756104,0.653699076867451,0.42865981542488035,0.30521699152605647,0.5463115108056695,0.3627462566242624,0.5007706734458156,0.39686739637408386,0.49228017769480553,0.4071536563181723,0.34859420133940666
0.30719456877184537,0.5064594373733828,0.5117975125330783,0.7181931463073141,0.1515449922987691,0.6764866191965041,0.6436306376893524,0.6453930477897725,0.6340750475555452,0.2781276942200508,0.5867837039132056,0.7185150383579606,0.5445147018497677,0.6322011652602221,0.4851768776941519,0.5937136220661272,0.3888068583321248,0.23401289677097406,0.2156389053871779,0.1488637837151839,0.3469861913602436,0.37897807344099094,0.510049984743829,0.5561933189391813,0.342758211848073,0.36158899727062804,0.24052465019942593,0.6661576911315735,0.6769867685233226,0.6168859260845174,0.4873568996476864,0.6859312603572822,0.2841893584155978,0.6553319628397879,0.6940169523527722,0.6970718593256323,0.5911435826012428,0.7479583974474758,0.30205659618865094,0.5418364244151164,0.32593246227721806,0.611209555158141,0.3475742274225294,0.46700160159013576,0.43327353163998533,0.4246101882791872
0.30773972099421404,0.5861232367658892,0.399830321953377,0.5861285108161891,0.24786611330565866,0.6550739549037828,0.5974618904261565,0.6716838297559065,0.662645909852882,0.28472352186000777,0.7093567450477739,0.6493996577275117,0.6779057957675803,0.5759218342290032,0.678577410359906,0.6098848226337047,0.5258443938927251,0.3323082662375222,0.33914561124555276,0.2104099801580035,0.40068697742786796,0.4623797692977864,0.6162085329157745,0.6459013211325434,0.2784633051011614,0.32374250256401244,0.17569641270656625,0.6101883110454248,0.6661588184163204,0.5175184790271239,0.5118679242820192,0.7333826346448642,0.3555707576900854,0.6869612189887885,0.5570874391205721,0.5534883542459241,0.7683833481759101,0.48319921050769626,0.3518227148202054,0.6106631059093153,0.40139799279036004,0.7457916380508581,0.41722357121307113,0.6077346960290166,0.5347324445280369,0.7720330093435649
0.3981467948059413,0.21868455643393658,0.33940388795444854,0.39651888953978826,0.16504718997798853,0.519773403992117,0.5149957512382273,0.6049618064974612,0.5685738738125621,0.31497226147601637,0.5850427207820064,0.4623567324357558,0.665315563032618,0.3601768580294672,0.7075863532857858,0.4863906485397844,0.6932629610610245,0.2731670883217703,0.383833372699312,0.23225564807839413,0.4070604653483036,0.4783217156507275,0.6932099804474889,0.46640254460185193,0.37061278964132877,0.3909214663309601,0.29993289793293804,0.410123367539747,0.7109546552783997,0.5233296230243262,0.512276256220198,0.6222284939120372,0.45878629910720103,0.3989091301099013,0.42391725432137667,0.29974566203177483,0.6874385149739859,0.4994723447612965,0.43126556699277924,0.6579636254450477,0.5202327600822672,0.7225212149840452,0.5659724623811828,0.7360629214682424,0.6221952911870775,0.4395194306490623
0.4957743319792477,0.22748613212692093,0.3389292062401764,0.4875413251581185,0.11014525055938396,0.4736830641001442,0.44637989673787215,0.6288440431555036,0.6668224992632958,0.4787040830645722,0.6021415532192591,0.48273952907335316,0.706166980113274,0.39527673583807,0.7363102563427201,0.40324112287847885,0.6799317021853348,0.2764888705701666,0.47668077681916116,0.3239580060069574,0.5374063753863352,0.6685780305413014,0.5966193775352883,0.3565892153314882,0.44800088472782346,0.48877314843422154,0.5307553590493898,0.40506864894686323,0.6424701874952121,0.5083481666775009,0.5144573218349917,0.6239421025281094,0.34869465203768635,0.44793417959023435,0.4681274956349747,0.2930555119981869,0.4485201746109894,0.3695167332985492,0.44356096855873384,0.5518962293721766,0.5117787534501291,0.6934447240137831,0.5776695225533551,0.7452454392184698,0.5580861181400951,0.35859811767886607
0.5160335023398835,0.23913462558304216,0.38659874445898335,0.3877934732816584,0.13578321598534607,0.5324870642005146,0.5523594937894495,0.658789575460627,0.8728545376060819,0.44615395794956597,0.5527317437668504,0.5367464814489827,0.7380582493242224,0.5892961975410207,0.6875289735221912,0.3644506874902046,0.9255578132652883,0.4246278413419634,0.44299476112766506,0.34459742518057196,0.5410032182156481,0.7082673520948582,0.47248737372205285,0.3679490930670965,0.4988851206821209,0.4371661933690109,0.5922071082210837,0.629589041124791,0.7053753266057277,0.5244230023946577,0.612384023900354,0.7063162478208637,0.40250746673802856,0.5175293275480527,0.3970504162933733,0.31354034625410376,0.5050705676779157,0.4858047110107498,0.4769486138992292,0.60058144354822,0.31179532257455955,0.692477751342568,0.5214499275679818,0.6175270913140927,0.6283978854967419,0.324592899730464
0.5384826280785048,0.12458446179792877,0.3677585383615707,0.33644048588547515,0.10524422443547587,0.42930203758035945,0.5312986346055366,0.5541149374370014,0.5664047247032883,0.5190900328010665,0.5727700043524739,0.461410749916118,0.7077099758478244,0.40706143750123236,0.5111655686272146,0.251211658560748,0.6010645251983205,0.4471458462133111,0.37395162139825183,0.3408888857460973,0.6051030720185084,0.6178341024515361,0.5088703168651939,0.326111833925982,0.4534876993218931,0.40035631801946053,0.6232862370413711,0.6918941627383259,0.45268799889921774,0.4758776987727943,0.5337060896572581,0.7416164309833423,0.351617535992441,0.3298957034202511,0.3686177340854046,0.3308456437246943,0.4358217990880572,0.45017368575899736,0.5112758972418285,0.7395936131261401,0.28021846631941827,0.6372993766418426,0.5848702505264491,0.8747696073342395,0.5002396463776847,0.3191250206432886
0.17861306576300703,0.14288782402699696,0.44921453244566134,0.38008815134183577,0.053883916778777054,0.32649012237823155,0.5683063735675143,0.5202687914504424,0.436876041335503,0.5812103989763913,0.4828834508388975,0.31883529457567067,0.533018654048018,0.39482211694646385,0.42981452063732273,0.2744475086314853,0.4466267660787068,0.30492519444377153,0.34896047647472267,0.3526897502838023,0.7681425120399226,0.8094807059786909,0.37566524924927336,0.2655529743782562,0.4655204671887494,0.24265598993144596,0.763948988937814,0.645132495227029,0.3683237709956839,0.2953089497738952,0.6053138920491151,0.7209480497723383,0.34752258013179865,0.23988377558062818,0.3496902272780571,0.413259791402508,0.42900881686344683,0.5186935637943654,0.4895150212130988,0.6859135250376388,0.1836290761598198,0.7486256584212729,0.4858784864461062,0.6842951214701005,0.45060573089061395,0.23196102899780954
0.2000218779437464,0.11505289498283548,0.4278160210021318,0.3899342377679699,0.06921885484691548,0.28228931863458673,0.6184765613249462,0.41084275837942996,0.2609500161029571,0.5656574401796884,0.5571849597662978,0.28761722308290005,0.3538806038725848,0.405621451380747,0.3393860068682528,0.2058450954689276,0.2956295150670134,0.3538133327272891,0.41107182637717526,0.2602507075941887,0.6706541430653525,0.731867060071949,0.3134845145301982,0.2701211949955309,0.3550505424933756,0.2759473560274245,0.7912720119839498,0.58631068036439,0.39098814303460827,0.255076019698903,0.49617407403406594,0.7223308115995293,0.3287151176055103,0.17460714382790668,0.4669917613081438,0.4078545226037006,0.2776814078843224,0.29045687101668105,0.4528658275998386,0.752127457154935,0.1299568480954622,0.6756075804386167,0.38397138920509155,0.7385633321876515,0.5421371902414376,0.27839288522029837
0.15330796329229085,0.095032761893303,0.24035336640982694,0.21548672121475587,0.0714991960910441,0.16026924272192664,0.6288617523871418,0.4044580294304916,0.1406090582431109,0.47003015713616364,0.5026028803885453,0.12897470693156265,0.38575800525767423,0.3676263657693055,0.2644201425568448,0.2372770352868317,0.2128426542702392,0.33594119015714863,0.32414607873157514,0.23852589675897098,0.45480451287555446,0.8336909111691597,0.19920229341397896,0.1964648374306845,0.3191481481349363,0.16262782509798407,0.42388468923791683,0.3792839124344214,0.35281234404889195,0.20055715767882976,0.3827139772673882,0.6098206447448299,0.2104161038015135,0.1021765575202205,0.38053723720842375,0.39326955525781765,0.2545644546144791,0.43505500405430153,0.3708768696560932,0.48527687891332916,0.13948953980152295,0.36545589812587365,0.32423255039158333,0.588789754723348,0.4098835517828419,0.31165819791531424
0.08931059715957543,0.029018657391320923,0.1382994071685642,0.25596076055201233,0.07349565907836833,0.17327785314590766,0.520787234723241,0.32053756559478086,0.17124836494624937,0.3267520988708677,0.4261625554448281,0.10135508963705275,0.2894705357397358,0.23357870349609597,0.2877012480370962,0.2550209106860034,0.16549065708826985,0.25519683599246934,0.18373124520196582,0.1834897625185522,0.4891826961287385,0.5251022635710245,0.14338722866893813,0.12383868613580752,0.27090551940169993,0.09051924409361901,0.3954451254031966,0.21376305058674647,0.3222291140398855,0.18077301693366057,0.3613789837049336,0.28784986799563295,0.11582473210444247,0.10249876682791739,0.20088326928023104,0.20481530163859674,0.18946665482779956,0.18446240509018635,0.24940470650337715,0.44122913081132753,0.08890572656342946,0.29594517943562715,0.3602042810593079,0.4356854397204098,0.32428113824396043,0.10657906513821586
0.023178098142589636,0.028084897505375732,0.08333607560788397,0.1829895564732292,0.060774717338549035,0.1105120991433391,0.3966739951804621,0.3349846341926399,0.1294255694177468,0.25465627283023073,0.32097627873486295,0.0669520990536787,0.2396369990110506,0.1545258104624071,0.23023421207571565,0.10429771510787561,0.09918439182701216,0.19144724469329122,0.12636384084059837,0.10868707877007672,0.4694843771144696,0.20615993083514447,0.11936323094655686,0.0411226061486748,0.19579988254232206,0.11340940729048729,0.6180240669902087,0.19915898967936257,0.26349791535691836,0.238346982850944,0.2754844633235217,0.2900873399821454,0.1429248025668229,0.027628858874747628,0.129642630026285,0.11091124735097194,0.16453739105925674,0.07298000242904082,0.1764886887606164,0.2937440650962865,0.020727204574667688,0.11728458778420027,0.23683437696354312,0.30320240796470066,0.2255797716225782,0.17638092201768174
0.026314039996336816,0.042349441754092845,0.09269282845396198,0.16054780962312398,0.03698737129707771,0.06364520782034042,0.13066961857160392,0.1736215391010122,0.2008424376599271,0.10221535518402808,0.22674518339961333,0.07227663522081099,0.1274514687840548,0.12093139210781656,0.21183864825458443,0.0534481200102961,0.07811731139585391,0.07740749036112038,0.11092426841372173,0.07342542760473336,0.26165598527081074,0.2801187568878031,0.0788271700837315,0.026768451138974025,0.14900202300919901,0.08413924153738814,0.3661560764381861,0.10433096364116451,0.21651162681932762,0.09551929284329647,0.1749757879441067,0.2259682203249947,0.12312598750667617,0.02351137090135963,0.06113526470412624,0.05725480955731572,0.1848664125147298,0.12854826264688196,0.1278528991891536,0.21868034462393962,0.023478614887348065,0.07287455497161902,0.1954974290283338,0.2775283997305161,0.16066657951371227,0.08183062739575939
0.014112839933990276,0.0549739049584347,0.0682862342396849,0.06764262484761704,0.04623745191378525,0.13047959676956547,0.09053304228587603,0.13871604818262656,0.11573984170869185,0.11148152231955621,0.20313151386566664,0.09248263188208408,0.10406494111376738,0.1030435961965683,0.17809473638122045,0.04499424988211287,0.0595247608490712,0.0766609362895908,0.07147780199137103,0.08145348165629374,0.14395928417944953,0.2909936595839295,0.12931583077660763,0.025204916858612716,0.08769035917702361,0.06619479502181905,0.22674041217873936,0.08694169382144676,0.1602357335813478,0.11161904077737184,0.19032312156923883,0.098872301527066,0.08200213322617864,0.025981953056897197,0.047001082751101056,0.13710843682817675,0.14153469129404495,0.10638032480641736,0.09341575924281728,0.16469114108752297,0.04704860504329601,0.06530391540470627,0.1798340125821293,0.1463782068136318,0.07980936909990378,0.12444018351286787
0.010095843540758452,0.03110536410989384,0.05355299626513299,0.06115240679438742,0.03882641318788834,0.11583720192740873,0.13334302962570402,0.1112403117135374,0.0559403637539454,0.07738466558476809,0.14548440883569513,0.045113075431452196,0.04803839846953245,0.1407752202791126,0.17184453680132497,0.048250780494702314,0.05708134874262845,0.041721749535659075,0.05687073675039819,0.09949620253625124,0.1015623402472452,0.1863035787222819,0.06741392256087274,0.08878005023379097,0.09417915261476364,0.04717609045433696,0.39854779219449976,0.09505073142712891,0.11917495846910732,0.09806315596146505,0.21547311127429059,0.11053784143136514,0.13497930714795803,0.0468469773562521,0.07481940842644365,0.13472213643919523,0.09291254653776053,0.150992050303295,0.0907026276460352,0.11131910590844417,0.015455724767988108,0.12575406513547915,0.23948691796558666,0.18257793552553409,0.11337631526732732,0.15859606105343907
0.04048114251301196,0.044065935070646906,0.057935434303014496,0.05471389886955838,0.048494610775558354,0.06676740090562147,0.06873068461133447,0.1480442159664988,0.010871673355859274,0.09627848658434573,0.151541062868906,0.05013685065950317,0.05792054874241076,0.12870801225188086,0.11190294144268889,0.03837984236678319,0.06386804222744916,0.09398195046093087,0.07326304287277846,0.0647778267031919,0.11539927695061133,0.2063549562893992,0.03914440339554419,0.11725376626782362,0.09547016232231618,0.10252138276233008,0.16854386329442908,0.11512652827445016,0.2315772457991278,0.10829019484132285,0.12604162272161448,0.08754691425909897,0.11024277153395526,0.0312376410357725,0.09566234800876201,0.1254309537706903,0.0648924544899019,0.062062759401161044,0.05541815810589068,0.15825320007299715,0.045660766013912266,0.077719990044405,0.1510790389061884,0.2419730664682101,0.12948169871578638,0.1010046341720014
0.058465008805588185,0.042051032003185496,0.10194266283709455,0.21422630472038118,0.03989093922395779,0.16335336757607524,0.09872107298450256,0.10813104380006232,0.09725108143679402,0.14907964996419334,0.14740693891861145,0.09716988604018664,0.08028371729770464,0.1572578861534466,0.11082961991287738,0.07188886952009786,0.10545057627549147,0.08037215675200708,0.16152316431967073,0.10932688773610386,0.18408178922337484,0.21475840555253548,0.11593569783938117,0.10595410588168298,0.17394567864731972,0.1589960715641944,0.25023655350745594,0.1676763696787439,0.294027885851406,0.0848112163048243,0.17593911679281285,0.19174879728635544,0.051663150386320245,0.04645457803970459,0.09308110452979314,0.18848990176093372,0.09126083457347649,0.1070898670500006,0.11234252178172745,0.22957180851902256,0.0872242160717602,0.2627284677654659,0.21043411841011328,0.2882580773823855,0.2597729044997191,0.08145506499819016
0.18419334948798172,0.17061797134397283,0.27386369037574454,0.3308643219678412,0.14668034284126819,0.35156176965008384,0.2540366497533535,0.2771445016678011,0.18871629146928473,0.21071517280519167,0.36548109476781193,0.18401801857828196,0.33296692973819997,0.33182360975189573,0.254616822120593,0.2159845204790629,0.2793760172113114,0.18857679354064372,0.3295498026594978,0.13811099136583793,0.2760161474292875,0.5343586370699854,0.5769577152914348,0.41482974779996906,0.30533686026048107,0.15154391743371692,0.27247557919008997,0.3351323862019296,0.42619584941774336,0.1761287964720304,0.333841217178472,0.46918481295612835,0.17277415249088993,0.14184496980377032,0.24243895046846792,0.24206689014547,0.3845800619405356,0.21420223966216972,0.17934154069835306,0.41723525843743176,0.15854300005022678,0.6848808376353278,0.32690282446849456,0.4171525770690219,0.4109783683346606,0.32464148624344824
0.16514451306688102,0.24831839819134777,0.4333153848334643,0.4901408764165979,0.18966766597798168,0.5081709540664349,0.3752412946367484,0.6549533580322787,0.34228057752672497,0.24959514689234621,0.45444098324115073,0.6306957911356831,0.32532819508408517,0.4107522967307059,0.3297110389939923,0.43104465284238086,0.3110684161113971,0.30434598342157426,0.19477768031113918,0.17285929574448453,0.34483595654884525,0.5485142673849356,0.5568151525198399,0.471751186486999,0.4170433003400302,0.2133361140280498,0.19420108925684204,0.47717714360724295,0.4876852515679476,0.44856694056129953,0.46985003618935667,0.6571163873510356,0.27875889367040635,0.5115511701138206,0.3038252082887037,0.527670497312193,0.5045821028226535,0.31162196343034165,0.16256874206568217,0.48296428520877543,0.2272479277525616,0.6509917458614398,0.310135809025555,0.5064555331509617,0.4893417553869009,0.3167849255387407
0.1893789576019148,0.07319417714309248,0.5876229594340063,0.5614791575148625,0.18479497998985658,0.47251903960386665,0.47104525166142686,0.5557410774011152,0.4134421077268623,0.23125411425930323,0.5174197591592233,0.735746229350071,0.31900268854275704,0.41510231997638025,0.3102221748691936,0.4506291014458221,0.3211296669706555,0.25111776148980836,0.3572228176274105,0.2120011632808614,0.3495549236049824,0.45773674872448844,0.49950364923351165,0.5305873724835034,0.4407538387704283,0.22541991399345737,0.16903356439276968,0.6341667263806664,0.6105513406504746,0.5549397883323993,0.40301084649873836,0.47554440134617415,0.29118681926028234,0.48995172792417885,0.4706387474459358,0.7196626967801708,0.47444754493701774,0.158861734918967,0.19606765238209667,0.5932280647774105,0.22682329288596717,0.5904618111799071,0.30141210440979554,0.31053036942246914,0.43451941282451784,0.4401122486805593
0.20541409270297786,0.12627163129477348,0.6715661935037486,0.47270046115518677,0.09118572435482,0.5085448095572376,0.41803999140344406,0.5388727159055088,0.47358423778917835,0.3217944415218062,0.5969924171555551,0.6868505681897296,0.44014936604969834,0.4165134278681324,0.2942247145968338,0.5952218785199287,0.42049809321913256,0.2059401629580258,0.22960421159970457,0.30329755845076123,0.33719525608833956,0.38472626791987874,0.5132122520655298,0.6928634903128669,0.4362975583739178,0.31934930438458736,0.28251526903400087,0.5616143906340091,0.5712435837361134,0.45149538538827794,0.42784772580665,0.4728199170560081,0.28200177034226254,0.5309560183382138,0.6218668217707525,0.7365515720405518,0.5448931629676352,0.25308639050890325,0.24569816027728975,0.4954992974577475,0.16062756868288344,0.5015421132928268,0.37678400090922687,0.40492195935865843,0.4960955194299766,0.5863139604432902
0.23381811434405575,0.09820778863949971,0.47446250510914656,0.4910899906782254,0.0883799772926957,0.4986540691853025,0.29276088978280834,0.6502968592502348,0.5245390016923198,0.36844860654498307,0.7344339028844791,0.7421005172957397,0.454110422758326,0.37651253411620733,0.3943743361815212,0.7009649820438231,0.33311149814299323,0.21742903192790916,0.18681606298474684,0.2723664413584632,0.3614479867100239,0.3663373897597164,0.4323126687703084,0.5685715613972788,0.4359548839812388,0.36842578719687624,0.2326349332901128,0.5356817477015543,0.6354160000958452,0.47591201466229016,0.4109431401665771,0.5440370452246792,0.3466243150826818,0.4735822153833239,0.75686677450859,0.607292581330902,0.5238072012943668,0.2017892464986879,0.2855708364585776,0.5006064159724021,0.2914646455776114,0.5595377114727191,0.4299874644472061,0.4395583810575486,0.5414078717454032,0.8546554176397142
0.26027892456805174,0.09476327530022675,0.4591738366508028,0.6197580638890587,0.14431080582956096,0.6344057791699679,0.5636461066863749,0.6534968142934142,0.6160456102438507,0.3564720228482678,0.7480506071564086,0.5808228449876003,0.4325316209302821,0.6239931160993477,0.599211631959225,0.6144408280058207,0.3729823422566141,0.2888283690916704,0.4337041512266892,0.25070156533752896,0.289470637769006,0.5011540237662506,0.45872695239860745,0.5783167625415135,0.3892518864733012,0.5641200312203611,0.29587870441184155,0.7272902541640248,0.7556328019167144,0.47342884310795613,0.4036037610783178,0.4800197168862482,0.3463595793180146,0.6091336623456073,0.6604182275997666,0.5550609084150517,0.7091441017615753,0.1750488635224004,0.30346758071958985,0.4951571890659779,0.32426432066273403,0.5814624186324704,0.4937921501533914,0.5055221543065436,0.5026550325980207,0.7189112662254109
0.3471834201042931,0.12283400839250481,0.46342190659873594,0.5624081230741393,0.08940841623464613,0.5633243534729563,0.6236143216212191,0.5810745843164338,0.6641645080380445,0.31072818549884273,0.5777486462053675,0.6273522186382313,0.5202846380078027,0.6184303560446829,0.43791377351736926,0.620441450237538,0.42725107032521614,0.3066871246420676,0.31565791355230927,0.24884281822430884,0.3235961140694465,0.42658578936094427,0.4809071434152945,0.48442944710363556,0.29765419982035,0.3425754450359365,0.36004557493215483,0.6927457982574998,0.5997838096172154,0.5197997894068067,0.38002264994724266,0.4914863847737727,0.3101744420816284,0.7233813242107271,0.7219821966618911,0.5297113753200605,0.5674029127462035,0.23157441957916325,0.3173762674681054,0.45304145323818973,0.2672650020819839,0.5608300619630469,0.3949851365937679,0.49131966382962694,0.46174137629239087,0.6542933970155076
0.2688353151838676,0.25200783282325234,0.4438105033574503,0.5090976736050083,0.15771166542894774,0.5452102833657712,0.5065183992943237,0.6087715052704431,0.5080989709747528,0.2634667405659108,0.5836364219441939,0.5605390491619177,0.48485855877595063,0.406470068115657,0.5393732431213852,0.6772677040511793,0.33338953366823754,0.26576410798911965,0.2597902728907722,0.2298122084705487,0.3842506131274945,0.26595049160498235,0.4574944954547031,0.5221025677241383,0.3492115830738002,0.3140838170368576,0.15678429026789215,0.7996363991354616,0.5353544787768769,0.5193475484521581,0.41394992691222254,0.6023916011101554,0.3447936929507575,0.5621897713021848,0.5611620740065915,0.602801503176688,0.4674465452289163,0.21072348045145717,0.3999580509527231,0.45496747205071464,0.292866296483411,0.5635426663800662,0.3211642520221211,0.27367903317393133,0.4430917867409496,0.4491734717912218
0.34330752210253956,0.434371905094761,0.38106780156940545,0.7812796647316738,0.20228743686589198,0.6057691607270437,0.4963527672531812,0.5163498710383361,0.45935699892373943,0.3124430776201674,0.5792752060206579,0.6351725484437053,0.5115102800157064,0.6762490407975821,0.5088372362361435,0.8208434683810378,0.33803588922508704,0.3424748773143663,0.37262602293907904,0.2780574765943097,0.43375144842269997,0.3737238519140702,0.501988833927724,0.6867217004530436,0.35423269801442503,0.37868955744742766,0.03971525177068144,0.831423543063627,0.6652361643705224,0.5162905714724549,0.4541011861096308,0.7139497839211707,0.35107669973135225,0.5873621886432042,0.7219427803816423,0.6159477560773052,0.620094688223837,0.3238384183042851,0.3748036301164497,0.4779748850342395,0.3622580631811839,0.679549616998374,0.41894795724658096,0.3801446725353261,0.45607163144974966,0.5220162784072366
0.44320843825823175,0.6418087441931872,0.3968451692026189,0.5674966523876703,0.23224050591142625,0.6025395396186646,0.4628246121021016,0.700147574780818,0.44504247616460507,0.334281424170796,0.719080502044586,0.5073503973696312,0.5661948051128154,0.5210704083749212,0.6481205407111986,0.7202050037885118,0.4026313467093377,0.3571502281599793,0.36150723979466454,0.25545156959957555,0.5066627529144012,0.5582481719393736,0.6370709948289246,0.6507409813534673,0.3674843149377835,0.3338656293013165,0.2241812970847612,0.8384690108678777,0.7445563797872287,0.5628204093135322,0.5999072354742012,0.6569608172233088,0.45353094611676115,0.6934765106155306,0.6095249649470634,0.5529113788483652,0.6157005510022588,0.34690105244345887,0.3576610456627598,0.5185544545400719,0.35052688738762383,0.7997510909877786,0.44076510440416466,0.702945641879231,0.5096041084789945,0.6521921515732213
0.39492879839445216,0.09540121281327447,0.3983949320414524,0.4147995560794482,0.19270979645432615,0.6070171723741942,0.6089459771456153,0.5943915651950962,0.6532749881436886,0.4294962249894119,0.590935700458359,0.5324581712626101,0.5900329281080128,0.30809440748024264,0.6915893125628045,0.5082012551105655,0.5937043315567918,0.30262683574176763,0.5332522414915257,0.2974086019244535,0.47847569549319463,0.4175488611032503,0.6146756798559624,0.49562877394488114,0.38807648852332005,0.3938871584148013,0.3199305100343348,0.5137917766553876,0.5363093535690958,0.47776539511122273,0.5989891322668719,0.7160671473410608,0.5633192942044409,0.48326141220664376,0.4138621547535034,0.2157623795788598,0.8199796801841298,0.5570500833164027,0.4554734655647108,0.5049614534778097,0.5123224211366582,0.7211766132360404,0.5438931698396754,0.6974064196650156,0.6770237285212327,0.6600793972702179
0.4808867217921421,0.1189292831105734,0.2960535076527697,0.4489935719322461,0.12469607679235273,0.4610421456968568,0.7791509228584506,0.6191444407763478,0.5644850023994858,0.512963636212252,0.5361035949859899,0.46975048193893626,0.650274991293773,0.3070133907949364,0.6304214086004756,0.3257385823826627,0.529785776818267,0.3419904971235487,0.4905555252020675,0.3426869259623884,0.606029164694377,0.4609888592185432,0.5127151963855943,0.49807957914154366,0.48385025052653174,0.4676313474541161,0.2396963321966124,0.4592847124366318,0.4669255985257743,0.4886755757921218,0.7580526063596343,0.6951796350752952,0.4327048537957343,0.32800881743025007,0.49577206018208697,0.2792394593998169,0.36138031505835516,0.3514201642880549,0.5337963499802351,0.5749628428344589,0.44241861211433,0.7080521304856404,0.592402548116457,0.7302624086406695,0.6167045105042259,0.5272473444473151
0.48563489972578455,0.23686384927505483,0.39432997989554974,0.4740479291640209,0.16371111665351934,0.49476579357865874,0.6867427526805702,0.6621661824251773,0.5433157897572629,0.6798709786894966,0.6444415453450533,0.5991440259530737,0.5552784064987912,0.44504227815154185,0.595934788499791,0.3196627549418961,0.6155265128713325,0.44741453915372364,0.7054637128512724,0.342747349570893,0.5138185812626455,0.5959900953723295,0.3610990745232642,0.4296319657095622,0.43319130656115756,0.4265958007907585,0.5020592972542041,0.6746206811556764,0.5350058231026082,0.5304783743320278,0.6695342535742949,0.7994276478099008,0.44379683049967017,0.3031786307094527,0.4893717983753191,0.3354576552630721,0.4388638975907004,0.4923063451384592,0.6019569661046902,0.5859781544569661,0.3806963003555178,0.7287078359377988,0.5094982106475378,0.7873958293175831,0.5555693432195435,0.3331773972228782
0.4811816588118406,0.12054758028258451,0.46492124994242756,0.4807003348572558,0.18242994957541464,0.38386785007853474,0.7830618492642384,0.6174204132412165,0.5619972355582615,0.600776382760741,0.5300662661887018,0.5133155416541196,0.5404204524461038,0.5080115531753625,0.6290106910690139,0.2255747198141791,0.4177400897689837,0.4220498362620093,0.4783101074431329,0.4145676286733541,0.5694098653936706,0.6074112706125485,0.4489364626781265,0.4233021845044992,0.48864955261997667,0.378305496159077,0.40940106376617874,0.7071338509304604,0.6092337375185668,0.4197861619674195,0.6428547834249406,0.6945980836526052,0.4876567804647597,0.22841568373926685,0.42847536651494245,0.3266093215247974,0.39275752464991065,0.543518935111668,0.5303703833889439,0.6123083831274768,0.26210160204332,0.7275038403618747,0.4283134741939779,0.6183805537872145,0.5965605780585568,0.43866806346171916
0.23628947574128345,0.09780479580495331,0.37029514493810534,0.32159825043297685,0.08750921154435196,0.33090425897474074,0.7745088027531333,0.5798826460387977,0.2916654728847704,0.5142252171802192,0.546044560712042,0.3334239922699348,0.5921342873336534,0.5635930182311972,0.5101771412981309,0.27627409942594067,0.31136116902945654,0.35328138658963504,0.415792980182106,0.3446023375725973,0.6208378042279339,0.7603899104216743,0.36235439673212777,0.33785257232484667,0.5424919311829558,0.3950737430509442,0.6402747428500927,0.5235467062803315,0.5213817446419291,0.4578627651061553,0.6352417154975321,0.7706308196035068,0.3828431882882149,0.14282818434985062,0.4378129441104042,0.448609650288853,0.3143035990964919,0.4096508172054706,0.4200133611020143,0.5943447207882419,0.22768393077625146,0.657313454934859,0.45173535283265714,0.842231773600459,0.5375593836876065,0.37614592701824945
0.1326480354259021,0.08337678830852387,0.275060752217532,0.3867903349207417,0.0590575651322565,0.31297445490299153,0.5777203353786036,0.6009876698656516,0.22828800791168602,0.5534948700012743,0.5577921365159071,0.28701013058439934,0.41516572747489544,0.4360908568393306,0.3349793821952765,0.16648173781744563,0.23622645424924002,0.3718892812347586,0.28141585090074756,0.23928004335043648,0.6100019042053333,0.8706265799219539,0.21497646625408465,0.34555218039529767,0.4790307705303833,0.24807012849465773,0.49875921436136406,0.5358658076369941,0.47317915358380525,0.39037895484223506,0.6667479959574615,0.735481211093825,0.3137126782803547,0.16856398277806914,0.3932262775380197,0.42860516572312646,0.3083902616841226,0.4311487464192951,0.4004870335042405,0.6168843199424794,0.1632292361993605,0.7644472046206893,0.4539636059046833,0.5757762880442954,0.5887495693299155,0.2931316511832426
0.019637171860214166,0.04468975671215383,0.02167622242469088,0.0068596890634453275,0.06324981204736674,0.011528863669042256,0.008266717819084612,0.01677743366329379,0.038265071763050926,0.012520350299922413,0.027503437039485056,0.01702547245508468,0.0015693104034699076,0.07828739975313745,0.008820993812179642,0.04185327932852025,0.025715414169624733,0.033812679789788615,0.024283879305142475,0.02768060152165478,0.0,0.009643367115253806,0.003530556440242926,0.004247295195384464,0.0056319305471220354,0.03689782906353099,0.01176135407389882,0.031202677534554732,0.00847902810382465,0.01489501204710449,0.015856336910918603,0.007891418775373478,0.02673903355697216,0.02171895670325734,0.008360363781022104,0.020411319630349874,0.036482039336120486,0.07794447651919133,0.00759608525422948,0.011671037754221033,0.0,0.04278453929698857,0.016797229886707492,0.021890252628370827,0.012665572964649988,0.03526466835426795
0.10378178572809635,0.017851466124109566,0.0913087255015799,0.09693838917487926,0.048557605261327484,0.20654499341524293,0.3993999735372602,0.23951885136337067,0.21730173633491454,0.3892659543896741,0.3111186650099854,0.17574054653961366,0.25788956901633553,0.2220558623824285,0.26757969478097354,0.10651865608171679,0.10794462711603175,0.19633449125633262,0.4670355370603418,0.16642696802730877,0.49383102534029694,0.3234801886000525,0.17643140859644602,0.15577559394013424,0.2692846090991225,0.13828313226692482,0.2985944370634278,0.22339962096287286,0.3205954097930071,0.2553666363617003,0.35172978045438597,0.2788916833487497,0.15182441022257412,0.050596397527516525,0.15426606893952083,0.2281195913000721,0.15796002315733165,0.18608867555191455,0.23802493674208014,0.27680097301175793,0.03352414432048417,0.33453915459633415,0.4074604728693097,0.5465344831467742,0.34006835140062397,0.20115756373525365
0.10193328348424488,0.04329306961865942,0.08835320387706887,0.1761031932621901,0.021954338838870123,0.08692677191089307,0.21007756551186238,0.2185539183963027,0.15511989195131895,0.30301581987603554,0.2378193384783624,0.06514330970550608,0.2340280835374279,0.12640812052408754,0.333312422626074,0.11878855940522311,0.08509480059907723,0.16998389817804965,0.3013459878249505,0.11917694230089804,0.366412713337767,0.1454190107373254,0.14275198632076938,0.09632435609704666,0.16019815420995043,0.06381530493794384,0.1990548190735575,0.14025228165906728,0.3588570805498045,0.13612586978415409,0.24099967301608946,0.21385316162390694,0.06214388594585972,0.04511723079747388,0.1799291131320831,0.11132103188489881,0.09360947886300959,0.10688672565495462,0.13198468995605028,0.1968298553015531,0.04067443110972267,0.14296646349776038,0.2659416451330549,0.37894208924969275,0.3299256585567335,0.031843544150236824
0.07670296772584775,0.055285571884191184,0.0594054923162837,0.12272997756376083,0.048009717884313054,0.05803930515339582,0.13259007735894238,0.16414754111996835,0.12100656701839597,0.19767630604213227,0.19311966227391114,0.10125137953662025,0.20515055189017037,0.06672953283425724,0.26312043015235675,0.04458887910011739,0.05444456088613171,0.10996661454803294,0.21032951183737414,0.10782963966144457,0.1885969642761465,0.1568083476193493,0.06259246388899495,0.0800739966227815,0.1272725515976963,0.06726760793259137,0.11715281585808898,0.15330595529263857,0.23622660142445856,0.11337681736166957,0.19745083048642295,0.21245337727231384,0.08816904209647174,0.05726471154014067,0.08819594000032736,0.08590549541679046,0.121401704031171,0.10219765656825354,0.09493494888212621,0.24662998006421338,0.019632450449570363,0.12681140781298889,0.1802485571176529,0.3339167241784334,0.15728823819418672,0.09496466548176077
0.025594140588207734,0.037546439763786035,0.011418204051782316,0.0865436642334407,0.03835081912037048,0.058101848292580166,0.2050313602740156,0.18187039005334762,0.02652427969518076,0.15475833774730377,0.15770498390290016,0.07852063560091976,0.08006523920266662,0.10241206440825548,0.194104782141763,0.040537106885356326,0.053429398269592615,0.10574055213070402,0.1940841890888757,0.060537520308406416,0.17100286253508154,0.13860978349686298,0.05104692200845817,0.059703305766224624,0.13415976480424902,0.019071618552375342,0.2054609132064002,0.11273281503804033,0.14080065765172572,0.11723534432294083,0.15106688515532693,0.16067758672679774,0.06243188639568832,0.026445470786814723,0.06970522746127822,0.0729562382294785,0.11898490326417262,0.12812417436979018,0.0661567844779972,0.17530339588707258,0.06892031649125445,0.11108601079255583,0.17068126247930984,0.1998086315662561,0.16048597045134508,0.08763637857333609
0.0514349089892975,0.010310346939023843,0.04525646626654892,0.09083669790756452,0.045650260473940045,0.06367548128519507,0.2609011206327203,0.17835282541617264,0.03170880419932112,0.08925714745194024,0.18068754538679754,0.04674916248718376,0.09851122301666801,0.1456840359567009,0.125802042399895,0.06842775631914065,0.06029705219471557,0.08550726349258564,0.1302370462960828,0.07577596396661299,0.25848192538971704,0.07679404965669193,0.0734161169890257,0.08177080408955721,0.11407512148831628,0.0690681181870766,0.19272364613197984,0.11513765377383059,0.18454703989910637,0.0924111518501724,0.1241256214775181,0.054549728695342366,0.03240204820362515,0.032944869886524245,0.03453112611227388,0.07862578863116448,0.045043684805772116,0.0,0.12438893156029408,0.10677800260542034,0.05241319403373765,0.09791343734177381,0.19157428110886604,0.14629284986804356,0.17505406257484085,0.11422098493419
0.01449486778108744,0.02917799608239678,0.031070381905616867,0.04490998529433504,0.04192292483866559,0.06537894193769295,0.12112414242455513,0.12454215206673794,0.030732327427415062,0.12430051866497108,0.08568664010326085,0.10487533853098337,0.13734107175796195,0.08754642034744464,0.1421045230212173,0.03164093760879809,0.03962808545893337,0.057809172177741674,0.14569770202153748,0.11891515121568463,0.18521732959856566,0.16848954301312474,0.05492501158929616,0.14226364816163917,0.07443118663574722,0.06389832939508869,0.18211315209496393,0.09371571224649689,0.11055663246892493,0.030544759068800168,0.19926848319746904,0.1122427983949075,0.050715083017629614,0.053438326128307685,0.06523205465625424,0.11442615519084132,0.07502433786590072,0.038409225341187694,0.09498101334682141,0.126818712755233,0.06828544914220053,0.13359901109736255,0.1192976470298133,0.13973275897620735,0.18079827321815103,0.17578639031159826
0.07541705219596281,0.046898451249630296,0.0783661989791087,0.13591632821164967,0.03949131113963756,0.19040337818476008,0.17827286987700516,0.14866167657681587,0.06038110753523317,0.15405035500415862,0.11220488486176408,0.09202202193119925,0.1734643954814237,0.13914250768426065,0.13712750912425856,0.08297086525364865,0.1307564188725836,0.16350495791458286,0.15365542839265484,0.21628268389324523,0.26609026018528903,0.20054986111714107,0.16027182104593105,0.2560869114049437,0.14817739094801932,0.053216497809126864,0.16891011037960652,0.15742435729195206,0.16415459242563585,0.12156592314190395,0.20505970557112196,0.22571972549792624,0.0967155263358663,0.030722656314611095,0.15244095896489684,0.08783519686660501,0.15278091779226594,0.11154064473790949,0.1176768147972554,0.21586218751098196,0.045440454725612825,0.25546103305371687,0.1847711350421159,0.31244885532409966,0.257364512764961,0.25261877672977984
0.15893283477515452,0.16060454337611074,0.20919040370536773,0.25925052652591135,0.1763336124841917,0.32458314170394853,0.3437128104049295,0.26078283821069814,0.1673013516265967,0.1948726252195347,0.4241837787588147,0.2675132643204365,0.34361966533626387,0.33258604898934796,0.3541636773972227,0.2091036781959939,0.28675697109294523,0.33813227657164313,0.14783179130668422,0.2052465939903318,0.4499187238931683,0.5373209964527257,0.6092049962473335,0.4457029980692629,0.2834987530267123,0.2068797471543741,0.1228200089376352,0.36611710541250164,0.2958519869082926,0.2266574177628241,0.3651555551161514,0.47572802913426393,0.2605532398489971,0.14339598067436005,0.19060587790911238,0.2538912107240653,0.3263420794622241,0.42875683706442164,0.1589516965782976,0.4269671486392119,0.19333722435554285,0.8942842860233308,0.24622592282473624,0.36488632632454554,0.37205368041394826,0.2821784046352154
0.1536083984063007,0.14341138029993578,0.45171226943761067,0.40516168556816873,0.1997426080025857,0.47415829242113766,0.4059973117669372,0.5435267801695075,0.5033419753395151,0.17023079712867287,0.507554377676182,0.6102216487362169,0.33337997667956376,0.4597855043488188,0.38988914580798933,0.5373511103875258,0.34993057011264506,0.3375650616464485,0.23614733565915008,0.21597458964491364,0.5283878139358429,0.5364007123373957,0.6431014173978555,0.5503518686122048,0.4393631110560043,0.23019456496102267,0.11559154062648871,0.5511596604556873,0.4502115523430719,0.41942951644517024,0.48807939239666415,0.545405498864211,0.27788918202459423,0.589434936699064,0.294891699768834,0.514799980596026,0.5072010546400909,0.42992811788521945,0.16144608566306473,0.5020408013529015,0.24196914662746713,0.8113816326340283,0.32390152012003065,0.5755451780748644,0.49132484804732907,0.25902009683226024
0.1961400247595845,0.09650096646604124,0.6040114526715479,0.47718730815350646,0.16300053385837301,0.41687502224254464,0.3486038425237702,0.5952906836540139,0.27499626507300223,0.23580052827682532,0.47871588102755197,0.8216375531287338,0.394918020672096,0.44678859507678137,0.4041386816655674,0.6430270592387647,0.29433467751716774,0.2902020752772232,0.21708523579231664,0.26768856681663006,0.2898652547851421,0.3699750931807721,0.4756145781892407,0.6190736022055012,0.3112948677535642,0.24013340242416722,0.05895447856855235,0.780293254748403,0.4960171960417452,0.41288037957329443,0.3554556488614078,0.5083544143932945,0.1983516865082981,0.6094490270109637,0.49844506525978916,0.6822050577167924,0.4682291071455786,0.4813081097070668,0.17106774472113329,0.5330559729334648,0.27084965630681246,0.48672442767368457,0.3421964604635393,0.47201369946300625,0.5284074630572511,0.3224723698206756
0.23047042137997625,0.07667786417596106,0.584061727672216,0.3728589146116664,0.1311094342829771,0.4640607457317237,0.48545997652721296,0.5986027159495813,0.4688909515553582,0.301669379963587,0.6002688572715724,0.844491788242683,0.398846118334935,0.5374478536886671,0.41436222932018174,0.761922871719986,0.31867739568216524,0.3097730870724097,0.1658170538928983,0.2997575246041136,0.3399900034977887,0.33224145552397233,0.3886273207808878,0.6049796826896795,0.37120588394549003,0.2800617419674097,0.14853591192919186,0.6432898029330794,0.575947716776493,0.4954548339814497,0.38823376458144265,0.5399639484778761,0.3571173426808239,0.6388027769326635,0.47089525170237034,0.7438629639737356,0.4864655593147434,0.2936261847814122,0.2507566433686484,0.6224333160421044,0.26534344380437114,0.51703145798478,0.3237488985747088,0.35105267783775307,0.6176701357171654,0.49749098665320834
0.3168629475123198,0.06643412436711524,0.4670139320113633,0.3574061396922977,0.09800303452299836,0.49159174413309475,0.36618674065391477,0.49904394450912754,0.6164769822665225,0.2945825084526862,0.6743951457467944,0.6269207441919736,0.370469128421975,0.3304820008465962,0.3141913199143409,0.7261602520535908,0.3258481876100158,0.32763997505739795,0.2970142865859393,0.24120216637134437,0.4107838571902065,0.4172255368158028,0.4613547761446636,0.6079543957419824,0.4145166487415664,0.4055624346093686,0.1992520166072062,0.6085388548825869,0.6473112896914235,0.5234103248030934,0.3807578280469632,0.49261849234043964,0.23967555770723928,0.5470926783239153,0.5250950165698378,0.5674585089991564,0.4874798766073494,0.3254456802361461,0.34090862238971076,0.544519965912961,0.45216682311959866,0.5659784994244778,0.3570521863970473,0.3382524055985937,0.5982107148825905,0.7226049276342701
0.3556312930254126,0.0802145895755965,0.45944782589123256,0.5246906328785079,0.06933488227469298,0.6132196126617045,0.3865995839729789,0.755343056882486,0.7123533088102904,0.37112614381574893,0.719840693483676,0.5545308910025424,0.4311696316667757,0.5297044754931794,0.4998892336408513,0.6217818410663258,0.4374679314745549,0.3338575515563874,0.24493079440265159,0.24929423401788628,0.40278115060384023,0.4716392327949101,0.45275434966940414,0.6176238933197036,0.3632144128458438,0.4103212545672871,0.36622574016308806,0.7189932581067044,0.6412595692138492,0.5041622140991056,0.5075125691359018,0.531465909725965,0.2493400186853871,0.5936372824149299,0.5881600701554165,0.5446791881065371,0.5007328252824591,0.36612292991143586,0.37418739102370646,0.5517744743462247,0.4464978618683825,0.6941750478327308,0.40037405997014913,0.6068379446295815,0.5411181457530422,0.767679219182041
0.24846558240772604,0.055515126367769396,0.5146189041107411,0.4615766674108773,0.09534649501366554,0.4695262120847858,0.5489466088612438,0.8517279415203926,0.5430803473671638,0.3501582667034175,0.597763486245645,0.6572532982979531,0.39492009904333036,0.5159746565737743,0.39461653754387405,0.542745384395939,0.3822885467962889,0.3778377045705943,0.26567270141659705,0.20790729944099778,0.3816454102543087,0.4891678961750286,0.47023334744032735,0.47886941284987583,0.43205897273669197,0.3826759089699434,0.1099150011357993,0.9150701117374579,0.5551917219940464,0.4655138274058961,0.5269256793064109,0.6213328440597116,0.3116856604556811,0.7222842645571448,0.8982186624884383,0.476074726088811,0.5450466737166911,0.41488777133125565,0.3750320655189929,0.6799905562604859,0.41068242757764417,0.5206846368580939,0.37346488445343134,0.5940936756401378,0.45425172557119076,0.7969637325498785
0.34034259477029577,0.0931372423423354,0.48328962058667346,0.5911073168298477,0.19256294713614994,0.5510864979565921,0.5167029251377921,0.7465718043059073,0.5076907130388717,0.3725365062483998,0.5282113103932872,0.7171510988798067,0.45300857440944975,0.4245210506123015,0.5314147609099208,0.5183031983315498,0.3803958246454339,0.4311024882137132,0.33070733534061986,0.239643978131901,0.4790100870880685,0.4409767401790263,0.46513700053982515,0.6301175478612907,0.43591057522249343,0.37828375050439167,0.11517199845668816,0.898123216721058,0.4957124704271564,0.5528590267443123,0.5280899671671465,0.457957602394383,0.28611901451757515,0.7683014260397387,0.9631359164786861,0.6817531774555616,0.5260534711267857,0.40589128932318935,0.3642310952117651,0.6671680344351223,0.3844054418063997,0.5542534754162408,0.4218261661514883,0.345165796523052,0.48391712818439275,0.37927221676415346
0.33265779994311173,0.41900661546938694,0.37316961626936573,0.8321647503028631,0.1373627352966309,0.6325057221710126,0.6308537337930666,0.6813476483083867,0.637609289221609,0.34850448211915136,0.6501803143507732,0.5497573580076696,0.5178497838000786,0.7836213733320613,0.4259392735769583,0.7213953074991177,0.4140660914585704,0.3496880864097821,0.35339646336043906,0.26415455563935547,0.5641119203533087,0.29232654882558295,0.4941979901473811,1.0,0.3599243154102795,0.34079808089836555,0.11097711962807977,0.9144110996854063,0.49207015461027237,0.5736053263505972,0.5980116545977359,0.7468745000644335,0.3104044948835649,0.6418261792582116,0.7143416954423083,0.5912364070105922,0.5639812810035166,0.3283221880070184,0.3618281743249377,0.5491079769051677,0.37609076464992464,0.5702992890423711,0.46049946883140935,0.5466687919922615,0.48042949537279306,0.437542427412535
0.3806707156910934,0.6023600550701813,0.3692463609027036,0.6372632356597661,0.32087422175189556,0.7343877674161118,0.8110013920226349,0.6080245755953884,0.5105531223681483,0.3149665833135297,0.6937290256775295,0.4969673489764584,0.6460203769929569,0.5541400809129334,0.48586712932917736,0.690206172217375,0.4958843822297553,0.3470758312011034,0.531502816215274,0.2700683363526231,0.5954995832488204,0.29213696074869483,0.6182384128049592,0.7263015403747557,0.32887357488252134,0.4056469122172307,0.13132648113337506,0.8240057879361262,0.6148802568639943,0.6355737610099255,0.6002980711341955,0.6871326949815268,0.44896602564350974,0.5662708676295506,0.5092623161870897,0.5880367200479759,0.7219242627661338,0.41438764915814236,0.3568062323215413,0.6439548891146101,0.37677910677827686,0.8935385181330755,0.495540662100441,0.7360753795701775,0.5029086660939345,0.656098061853057
0.4092852867360893,0.2087285761310005,0.3625370552265843,0.5446147699591013,0.19264423972467254,0.7512324572560873,0.7476945807556864,0.6192404839065242,0.582764479141342,0.4581141024843789,0.7127814952856897,0.46280214362918026,0.5826468504349027,0.3791721145524013,0.7292078884330507,0.473399958469592,0.7350834259830661,0.23003604889552146,0.5227048051850939,0.3013348532331134,0.6168510675369128,0.3783317369595453,0.7094840233117797,0.4980144251872135,0.40065931140562855,0.5276914626370326,0.3126409494883002,0.6241558325932306,0.6638930703205742,0.512982568170647,0.5833378020888537,0.5983924816483291,0.4744888151510521,0.4946766007026818,0.4854337913341451,0.29891033019341606,0.6874798276802419,0.5325108885663925,0.5013350481545085,0.645583624923791,0.4336755115556048,0.7039238925627018,0.4738492253909293,0.7563951468737908,0.6833957423010113,0.6823367557503088
0.4922790576475503,0.27908725299233234,0.3361923795618801,0.4521945035040467,0.18340948594506454,0.6379247385343857,0.5401212838114703,0.7357449417244818,0.6696143076203006,0.4794859329279066,0.6744798467024039,0.38836852918268233,0.6668418291250277,0.3183261120029367,0.5950164997656499,0.5249369020460581,0.7985900430912191,0.4019580737482611,0.6309068608659698,0.4621677362267638,0.660771742976008,0.3838866809178759,0.5107097039817202,0.48925236469305244,0.5045921579811918,0.5914861847108994,0.4289586775935589,0.4569788318512746,0.6289668029473064,0.6290154884307044,0.7215108527370805,0.6617193361524001,0.4231723813849402,0.5362803945940939,0.5334216089038607,0.2789935988146991,0.4967779936754036,0.4258572675585627,0.5732822282614285,0.8174325913744507,0.6316310895469031,0.6492720344328994,0.46277292860538277,0.6870109212295541,0.5890476107002595,0.5749605398520349
0.44902113970464386,0.3255993004922144,0.3814767793338383,0.3858977510755368,0.14280909836136615,0.46646230497369606,0.5281100258290126,0.8765976962565922,0.4863212524725193,0.6582286623033223,0.5893019952567867,0.4231984552876503,0.6592356899527417,0.5947975348948782,0.656720953899356,0.5267766212715027,0.7105620738432535,0.6428613290571965,0.7184267064487848,0.6115541943513857,0.656324561580304,0.5484472466592256,0.5807120014519793,0.4733227531482689,0.49882982367143125,0.582573510684252,0.5501431602245215,0.6018368923405779,0.8011716517902076,0.5240754195419631,0.6012471606493306,0.7389292462123184,0.33826419499574556,0.6859876493292036,0.4391171678166661,0.3477206402653883,0.5292933655907701,0.40876993810510487,0.6183388761353416,0.8424516706118934,0.46052700364432864,0.7715953374585782,0.40497069496497523,0.7336138369995844,0.535428167325191,0.40158789956239493
0.5268633887262394,0.15407685131834992,0.40631717103912124,0.5903627269798226,0.15604971943487603,0.41383917947311133,0.551271391302804,0.6843473730184667,0.5294823614576987,0.6256561009100707,0.587331102838346,0.41451791122611326,0.5118811219097464,0.43261959904292446,0.5455463798327241,0.36668105130187084,0.49298164899423225,0.4596253925059618,0.7601296807121871,0.4752665240658515,0.5481967207565679,0.5973576184257904,0.44453892239020637,0.3840107768416493,0.5666403013812622,0.3904562826001163,0.5504636274907474,0.5454466451598858,0.5731682509546058,0.5170363732450136,0.6625424029611295,0.6939491542208759,0.35850199204934113,0.48963364054552383,0.4825144931189741,0.33368929195584407,0.5314945578366538,0.48040167943333195,0.5473867754060131,0.6319050805766573,0.4092529096297043,0.6948277576468941,0.4445614846574492,0.7645704239238083,0.487683998968435,0.33558619634928966
0.2540864469807612,0.07568822746508636,0.43408465329847334,0.37874825024491576,0.07080161883707786,0.4171968740397802,0.6633955360591242,0.5226566390745155,0.4141423703516465,0.5722650873634436,0.6259272191785669,0.21860396017404404,0.6406777699488527,0.5822141163993272,0.5199076007802329,0.2372021865172782,0.3558697652208971,0.38891479504828874,0.6329037330646019,0.39540442647973156,0.6151976384313649,0.5620161337775272,0.39107505347477084,0.3093931646186143,0.5216204094953799,0.42192581231357223,0.36452869839377083,0.49630309287621904,0.5630082271853769,0.3861525131970352,0.7255134747932125,0.6251388771646409,0.3620313595758949,0.24707849745167393,0.34499318590464606,0.3928451059817801,0.49615772699731214,0.7086639440914209,0.446356969961426,0.575989266504478,0.24273917732950198,0.7089612546981974,0.48168045000721577,0.6634011823771573,0.49972008526962036,0.269870122589169
0.18729712302176646,0.09676000106359513,0.46930114593121663,0.45428216318568787,0.10117029002280825,0.2909808862472014,0.5283940912862045,0.6038253202775619,0.5501972596845486,0.5607210054329937,0.6292769360954523,0.1969009652062449,0.5127601368866822,0.3223703681507053,0.39231953764407823,0.1897964015930529,0.2853868568375456,0.5061982641922907,0.5496480252941253,0.34614350347663314,0.6645571633551977,0.5043072593847032,0.23634700868058844,0.38531536206902384,0.53748470101049,0.3407975022769599,0.41221940958922687,0.5354137309935517,0.4209739473115842,0.35826416990589627,0.7796548291980517,0.6497731716427598,0.2291058229752366,0.10495250778407297,0.5252206272099937,0.3862211839655269,0.36765502511887704,0.5210959663067442,0.4528877393786805,0.5460362062529867,0.22745817584458236,0.7663613231716201,0.5137927127018816,0.6442635626928035,0.5291538725951689,0.28434169357530537
0.14054005956542917,0.036976853161767784,0.25833782148928797,0.28323473934680554,0.0752599031802578,0.23766794497689017,0.33419028700727116,0.40040254201483594,0.3918016043027747,0.5378455538755461,0.40506117673215236,0.15994780417892068,0.2928459775391956,0.2491400512926367,0.4056066170615405,0.18564179404762443,0.24109871356153614,0.40778121232552456,0.39025372028120653,0.2526576256064721,0.5303207189827035,0.6425409702094017,0.23063083292710385,0.25100151095432705,0.3479654010013653,0.255225668259601,0.2606073692231846,0.7116779583409769,0.33151549607757386,0.31431234564788385,0.5297105374287457,0.4090767604655848,0.21349315733445512,0.07493349597245613,0.3436046984356648,0.2771720684860862,0.41680519336312033,0.4256964244386495,0.31671560535359966,0.5292367205687474,0.19768941155121933,0.6418779616612419,0.409655893023509,0.6721564151069943,0.4202964348182624,0.2827091814804704
0.1155767403598269,0.0383823999886668,0.16787752005348075,0.18448742995052478,0.03680421739554925,0.16801818002157437,0.19853515590365003,0.2420404718938218,0.34434978738189476,0.39222894449713563,0.32763859560791764,0.1089517909844968,0.2508620787248981,0.14175211484046057,0.35102158019710744,0.15052808086005792,0.21767959406902154,0.249345386073305,0.23973544347267856,0.1922412129987087,0.3730479221425558,0.4445201802249916,0.17744020550719997,0.1759006965637882,0.3114988141133209,0.17818899576712943,0.3701512148453309,0.252656170396814,0.22319600807054096,0.31867805621308276,0.34380383893033384,0.2989043873133688,0.13395256406355846,0.043858078787801756,0.15759325737615643,0.14044158617706556,0.1346101563160209,0.10009443632014194,0.25200622368091397,0.45193368370255527,0.12938894662756054,0.3901265362199135,0.3819066683098193,0.3003825635841741,0.36976766753055734,0.1543480662306263
0.0912675286166782,0.026481218640980728,0.06311188328321446,0.15342573310803315,0.03444221098008699,0.11417713752364975,0.23116546593224144,0.13125755877833217,0.31716761817957023,0.24968758134661925,0.19404685532848603,0.04787331324212446,0.12214005620597451,0.11420180516589662,0.3523971334100025,0.10113480063851085,0.08995403341482498,0.29060550342955227,0.43098461902157253,0.12639149294470528,0.40245544095617614,0.2824245700835435,0.12796544911400487,0.09447920077394388,0.20342557879952797,0.08662576345835662,0.5270224950749801,0.19122736025795198,0.15531743060589237,0.13855012806235067,0.34801846684742016,0.2276131152575933,0.11514493101930257,0.046669809864179894,0.10530797937060878,0.1288909502547852,0.19683848685367789,0.0647061305649907,0.15909929694380853,0.37337924224139724,0.13010357776584408,0.15708386164399885,0.39293656631178653,0.337983082196849,0.26494411591677147,0.15722350577634522
0.028999554640696812,5.483884854763643e-05,0.11013308377263745,0.07715750355523837,0.007112424727145274,0.020405468118873355,0.11857021074553045,0.1262068574047321,0.1295555811781954,0.18649148012898523,0.11723309821229107,0.03482876755079163,0.16405958798605705,0.07495646186157127,0.25287764367805526,0.04954825529382462,0.05540362890172776,0.12881016663505798,0.15105861337221688,0.16425329806145136,0.33425569203323185,0.220139786487299,0.046443055545702217,0.09974564655274355,0.1568376598176171,0.0650053880359795,0.22969751021854623,0.1359938758957183,0.15204688858755416,0.12271058606342217,0.27090709674332086,0.17040350706400068,0.11056757351981505,0.040502356606422686,0.11340470837105253,0.10150771576485151,0.08775415373380382,0.06900942371112191,0.08631641000148124,0.36812891601991393,0.04804766583431305,0.08528110644932362,0.29366821927697206,0.19671121449034112,0.13600040376502967,0.1245497505514239
0.03800453633263735,0.0308661184289067,0.06692884649872527,0.13215744122226086,0.009405816225498083,0.07642533454899628,0.14465129947758684,0.10832893819060782,0.0237618110313773,0.10206457621979403,0.12620540618626713,0.07874746656173642,0.12538742590475355,0.07153897616008004,0.20194970497862152,0.04200983940994892,0.0562516871209538,0.057139716230054705,0.1852656360287877,0.12195805544752783,0.20378046312631776,0.1806305473221449,0.061615630301614585,0.046278720691474456,0.12162621553598221,0.05066301009535919,0.11118811990442543,0.1521828116305597,0.14798034967372453,0.11770388979928595,0.3097400004941117,0.11029067278709334,0.05190501942453132,0.06934118722153365,0.0706065868251251,0.08959942688555311,0.13238616957548743,0.11843323718201142,0.08025702381971403,0.15115689202697088,0.016170891225999753,0.04216120539735409,0.17870267481429566,0.14805737897418594,0.0954218299515374,0.01963724519159532
0.011224886274682822,0.015083509773594878,0.039702654836861764,0.08665430215824776,0.05158601206524024,0.06298111944413498,0.19577796247598564,0.1596621403454232,0.049088281683441135,0.07778768891082397,0.12937644260844547,0.06598120158612923,0.06007341692974556,0.08216512536692931,0.184893249882656,0.032956497263635524,0.027025195642716642,0.12745361886114176,0.11332097277070217,0.0834221324441202,0.17492345952460356,0.07403029583657655,0.06465652996620462,0.03227562130376431,0.11952259980952243,0.04062260133254082,0.0679199950168527,0.12668389520219697,0.072894984346297,0.08463431479770378,0.17613907601864215,0.034416575640852355,0.04380097107887718,0.06388719325461895,0.08740511308548436,0.043131227304400784,0.06224855177101357,0.0935743321384047,0.06711827309226803,0.12012553720163639,0.03674789343113932,0.08214110157112099,0.19463143557435594,0.24849818737721252,0.12291299537470914,0.08054076539888527
0.03589640233207402,0.031961380313305005,0.028935544978121633,0.09381934868517383,0.04560361544021447,0.06343300336793614,0.1293166432036796,0.15623030697023116,0.019637006895040287,0.09155076043725699,0.08598685662096835,0.03508216340662078,0.10259654118130593,0.08796107310734802,0.22869387086188392,0.047262735143750415,0.034040566329644084,0.12069775179903736,0.036036191157150996,0.11368914602794672,0.1621839690836487,0.10082820321401945,0.050208740830746,0.0859564120608572,0.09295236883803941,0.0328823952520958,0.22072369285096322,0.1787466194312348,0.10202635593745034,0.06845055233917578,0.15121177518887166,0.04121983349176666,0.03818300542862535,0.06455146693417096,0.05918274699157981,0.049139888215376244,0.09329154646536185,0.048117084613498715,0.0701413806758958,0.1088308431249159,0.026686184021623954,0.08300874951160579,0.1285543752226487,0.30204299293936354,0.0979136026333825,0.059620795363287446
0.049775219273741116,0.0204512273045548,0.06391603523537086,0.15880153488012183,0.039023006592467706,0.10544778573891866,0.08705446203968542,0.12022881168309138,0.0426572891641272,0.1752554517630344,0.09365511370122526,0.0867051934233052,0.161268448842044,0.1516090983614344,0.1869600869368498,0.03313186165278548,0.11129848135832883,0.16975238181519997,0.034867595219291156,0.12727246258956793,0.26356618448289815,0.09646645833423947,0.1204715728074298,0.123358530901041,0.11335568555695791,0.07051827802157766,0.264357453869628,0.3017130516379337,0.1592080595839715,0.07559659203673777,0.23043275492500512,0.16364507769273717,0.059221440459394314,0.06117020586978681,0.10098357829581749,0.1309342406549441,0.16600337207499,0.042258703698798264,0.10538059460098385,0.16652636424106582,0.06024153770811552,0.23038782421317427,0.15146702023268124,0.2815612248971789,0.22736323285444274,0.17100085721626088
0.13578266213764378,0.12863082106313634,0.210521638040777,0.27353989599359974,0.1414419557794034,0.37869818989122805,0.25711322179099905,0.19649752164815568,0.1921109699140751,0.21322272003449594,0.3280989086363908,0.24072065047198962,0.2798083979989461,0.3199865331249244,0.25632541392215497,0.15581595129820136,0.27119291067865114,0.24207513495536045,0.07358394129004031,0.1762657395002247,0.2856810174127641,0.30055127008895177,0.4627526770262557,0.31265395091362524,0.1768258262956907,0.14329312762134933,0.3127704737614003,0.34809913367228623,0.2841541211292693,0.159865392793295,0.36717035206126764,0.37193898440910267,0.14367523165275833,0.12140745955260229,0.13864672703526454,0.23783237092383447,0.2827387708231694,0.1789425648199735,0.20110259023070087,0.3008270242427499,0.13183267961370845,0.5862793779334926,0.1717065580214398,0.46446793328654773,0.40791908598273136,0.23461312952569188
0.14086282452093632,0.1510855954149048,0.3645067028308928,0.3425344115034509,0.16730635187480478,0.49171754574282517,0.287923206375273,0.3835860372535036,0.33193794732779724,0.14802998646272325,0.5785138347644141,0.3322702823008401,0.28260696579544453,0.34345983496032095,0.3479712178323254,0.3383704401228256,0.28252558551358226,0.23431564328367951,0.09494177211628903,0.2155942072256906,0.3250883734159878,0.38405607498288985,0.4511058224211108,0.43482477985709883,0.22839683969986285,0.19344980743379087,0.07568995432243883,0.5428663599133404,0.32539177325818147,0.28693406663973764,0.3096516419612586,0.4639381526308487,0.18247362322019622,0.3387110113534354,0.2989272797210636,0.41466769867212366,0.43582056431353433,0.3113190287826934,0.20644919447570553,0.37508158383835144,0.12151133486178681,0.5200218546694763,0.24763047096066118,0.35875772149389684,0.47990517482029454,0.20504608994803794
0.12597745749692432,0.10313541480806777,0.5591216103956634,0.2758493862994971,0.16993490471039044,0.4591976129226697,0.42042843124070706,0.37262267479966416,0.49312551138435595,0.2543998288924085,0.6060163496390414,0.5435729190301581,0.3368930439956229,0.3041823549989524,0.28541896168529196,0.3855204061768884,0.3026210013359135,0.19993311677207862,0.09402138313923362,0.22603026883589664,0.2476144291616864,0.18384574385090569,0.3599937748389074,0.43113535003799724,0.2131921756184923,0.18766368419587623,0.058839062459935254,0.5646118371942239,0.4399054246476747,0.3779165744322464,0.3066357707724181,0.43259080480853634,0.19266010190005464,0.3379351337660556,0.3842935404036978,0.6226352587399233,0.47162114948965245,0.1703603639723043,0.20232515196000062,0.40150391146347975,0.18488828218462733,0.44753811521596754,0.27909571945810674,0.2601103998018082,0.4175363629922601,0.27204063684852253
0.2693194551605001,0.04158410659048986,0.5427724829347303,0.36535935479531073,0.14331030877860965,0.43569198713303814,0.25885015030248293,0.491519103037295,0.572810408760315,0.21143827490323486,0.6406687341416168,0.5283832832572474,0.31357701093469625,0.3180115784578279,0.31959017973406206,0.5214311884514948,0.3087670609210826,0.20511716398983434,0.07394993653054414,0.24361444457323042,0.25681407393366157,0.15536115590281616,0.30237462521801206,0.3821917863450435,0.26635673299513885,0.2027147777825087,0.09032213372349268,0.553620664748211,0.4764883662155758,0.45982090722699687,0.35848248509689506,0.43012761391272036,0.2473942642963813,0.3921474434317161,0.5259900776789117,0.7400978627171266,0.4411956874035211,0.39649979527572277,0.21668897368777362,0.38824362873152785,0.22464884730810178,0.3645330811922676,0.3257604600380217,0.25446983660138894,0.5518338205352555,0.2982105261742628
0.364199913948412,0.10828438132357092,0.4638356455566178,0.48890295283876845,0.06837131046703032,0.4548490271931435,0.2380627962492611,0.4272159317107108,0.5521821283565217,0.23355231666732748,0.7607582465864191,0.6026059707024922,0.27255916939815017,0.30098672764329415,0.5201289073037462,0.5681432828925362,0.39434761786573475,0.26426288249046204,0.16776111087913415,0.18766159712996586,0.30374911582053443,0.25654770048911146,0.32856193583777205,0.4478809482523157,0.3303276499790257,0.352651130033704,0.1664335254012657,0.5568955262725519,0.4856641011333467,0.39129530734398,0.3499729111655715,0.4505743473764964,0.23940997677149942,0.3596814665622483,0.5250105975469681,0.511172141184029,0.49173091371657746,0.16661427629229741,0.24015726862894116,0.39237695773076525,0.3309367787217342,0.41916271124811155,0.4348096551315372,0.25882857021358974,0.6006053027356375,0.4532301108511343
0.3636078073208764,0.07058874484214486,0.5048505280533574,0.2969628373128608,0.11988793200969233,0.5887307222162926,0.37038892992432837,0.5684302423458352,0.5334487081205912,0.20424738006273047,0.661301106217989,0.4647208614596509,0.3323031352903397,0.6466173749522346,0.46123467736216445,0.4977089857767618,0.4953631163122477,0.183017239010256,0.2446967769249218,0.19065187816138165,0.3084819829928888,0.1986979469357535,0.33969372593710984,0.31568114078085713,0.2133223648790132,0.41639200972819135,0.10143118253810357,0.581062257350358,0.5070737706570615,0.42264587369881396,0.5359786206811535,0.49434328592231347,0.2787345285840262,0.5749939241194676,0.5720448110292538,0.4501901542468906,0.5381861478474831,0.2728084005048883,0.34943347880415737,0.4455427684183198,0.4069053366614662,0.42337297251560235,0.37855564482844556,0.4550668160637216,0.7381866889949956,0.40613836459270347
0.2953154525405478,0.050562206397982964,0.5140045380927954,0.31553332608567347,0.1875452661193838,0.5403595035294916,0.462106609234033,0.7131384359790846,0.5337671069178321,0.22880951386166695,0.5990748279909303,0.4804166676528914,0.36607861542575937,0.5177673779919377,0.4147201601591371,0.4786314784657391,0.4558489863530656,0.15517567039094093,0.2865669127933665,0.28457312069937485,0.2888581360417166,0.2567682452506949,0.3365713813446146,0.331018416460169,0.28311498906824606,0.31374950770847354,0.09915027038184068,0.8166510671883429,0.3614570117639474,0.38642153548210045,0.42962125546402,0.5345059629398164,0.19640419281434843,0.5203963820193027,0.7753818352339561,0.5816679016755832,0.48590613842520275,0.2401793788803805,0.2934198014854683,0.616504978123404,0.3857745080882824,0.4228770394194056,0.44878743453305214,0.4401356667541189,0.5172614798000632,0.43766425921080465
0.25875812494803313,0.06312450951771194,0.5274219731934068,0.5536607604951602,0.21166619111582022,0.6148742249548804,0.583825613196005,0.5804360512630118,0.5460241279068775,0.18408540205620347,0.6564859918550557,0.496996427869074,0.44793145474321205,0.5236864269303378,0.4982119447446825,0.5697520287621032,0.5369333752945508,0.2273722740377753,0.18336801894107474,0.25948239780709653,0.2371179216785918,0.2383089579013112,0.4677826078085288,0.4245047104365704,0.3163474162177606,0.3514694243279478,0.03226986091697848,0.7366723450966441,0.45961868473022527,0.5396615638457066,0.5767772290471155,0.5364956354491054,0.24634437267170092,0.49463658345616435,0.5955426909621855,0.6650230769295647,0.5460362554991762,0.33070826702420464,0.31359595203420915,0.6897370478726268,0.3449358358693856,0.5095194519809007,0.4866831839313349,0.2993933503020472,0.4425614458875936,0.31910677622145045
0.2667539205217823,0.5515580576766163,0.5082240896108183,0.6007633552186153,0.2169567863745534,0.7426586138263727,0.5564183168410243,0.5042312425326536,0.36622994189472524,0.18200802910086264,0.7199598496988782,0.45975399291539026,0.5261156154502216,0.34533646080337865,0.5569848603036373,0.7401049168400927,0.5752626690260386,0.30695953402544807,0.26387964507832545,0.23431786448569616,0.31679780454165035,0.3898823673340177,0.6919055520789823,0.518260806302507,0.272824365138829,0.36477961871798414,0.08060995058863948,0.6673074139655784,0.7693717721645912,0.5110850553028042,0.5986852877485936,0.5406945845923548,0.2823749851315581,0.5654406844601574,0.5393996445810264,0.6001070229789325,0.6183556330583025,0.3785710493060923,0.3137439509289783,0.7645409780586297,0.35971356079938466,0.4827228123248252,0.5508455008920221,0.493991685531143,0.4685781643278729,0.44356315714618666
0.39393503408687014,0.39489651659368596,0.4521078116476511,0.5113837735642874,0.28046609036846426,0.7113938035212057,0.46143560705177167,0.5505397181004127,0.515111044207521,0.2538630176252779,0.6822178280974345,0.5051589805932007,0.6558941583058857,0.2605586445724837,0.6961287872110626,0.721864853638979,0.5716656163698631,0.39556315846497725,0.22627097277840963,0.24696189953006306,0.40539588142235766,0.45658343079484365,0.658777063630759,0.5684413045040971,0.3027454330081471,0.3896597799082173,0.21171027070082388,0.6399517857069246,0.8066605355937753,0.5395943334871953,0.5629632072925772,0.7144004950256304,0.3418101560110784,0.540139284456538,0.5178641912820036,0.5364097679502441,0.6873418776280357,0.4509036349630123,0.4129646730480007,0.663570370762842,0.4951289835257331,0.6120435954220452,0.529976705930426,0.6997565862635673,0.5795154340352179,0.4712170636821944
0.479926922961061,0.23435613645650621,0.3799192269389138,0.34458775886488047,0.18990291858025177,0.603094481774649,0.5729005940230018,0.6953984508963,0.5637044679804759,0.3041482209130934,0.5352636559769303,0.3399813551641068,0.6561412992783897,0.3318443502045594,0.8440959784576559,0.3298820311471233,0.5542142984302073,0.33383174051742914,0.4343157127976957,0.3855711834610701,0.5444613422042568,0.40565062208569247,0.7007435323836297,0.5338498523795809,0.37265301539259277,0.35185819273756275,0.15600997753243012,0.572010484014353,0.6353606943244264,0.5065921429618141,0.46989247121918415,0.6829959302158425,0.481065153402625,0.32962816420984314,0.43696350435945447,0.30111833348633515,0.7541945771435156,0.4901292741676147,0.5644586357013837,0.7404953205153978,0.6195081773987926,0.6424567640221058,0.6636690770252132,0.7913619359453952,0.6755027496011743,0.4213398322084826
0.47416944011215845,0.15784862338520683,0.28332419949225585,0.29921267850641997,0.15119116391653262,0.5373782295742873,0.4813624446654621,0.5614365584850312,0.5853741690057623,0.5182373587498038,0.5674246044063649,0.37037193564277443,0.6317902437375787,0.34149167198447394,0.6730712157312099,0.249119145920973,0.649275019264316,0.3549301582803662,0.6244096051230724,0.5548501913325066,0.6763912692302212,0.356579093469322,0.5066155285193799,0.45369370054555663,0.4621710620746029,0.4424567324321391,0.1766597070637084,0.442843043149243,0.5565415114643866,0.5482345650113535,0.6361214284541736,0.6556116722492785,0.3679193569223569,0.21415332205278786,0.45537644354299367,0.2644096397614748,0.38382477175378743,0.35958604470042993,0.5603007546204242,0.9000024153123549,0.5821694110947054,0.5186362855249234,0.6920624679432176,0.698061020040809,0.6770502479643207,0.2841190520116452
0.5037839682833143,0.159655395886525,0.3075367924267389,0.32003608591570243,0.13947087117922927,0.5930876072700131,0.591234594789096,0.6183187022479018,0.5001291353479835,0.5488513346219339,0.6903883542319594,0.40875352813642674,0.7577267663618741,0.2224258525193026,0.5685052089395946,0.1765398433289957,0.6342190441645528,0.4605970170369399,0.66099892696927,0.6232337933138231,0.7440184044882341,0.46296434741895803,0.3636714416209147,0.3706363596858485,0.47424299703478023,0.5418550313420568,0.20741490848596927,0.5484088030745276,0.6268269844575463,0.6414678485858584,0.6335483190342158,0.7425458897556829,0.3425664291711536,0.4062373166193838,0.35742317000047946,0.26900959865855306,0.3682818184079187,0.39135827712388577,0.6072333998342198,0.9249136633737877,0.5476822303427159,0.5780141873728769,0.6914237647968108,0.5879171352819244,0.6130121784687022,0.4683451945518259
0.502501794729785,0.09342372823476748,0.3094412144579347,0.3330806923318194,0.09893330345021431,0.6078938644710624,0.5818939208024939,0.4930919198854005,0.49114656908343163,0.5554939260523343,0.6107307054226673,0.44109813029327394,0.6455258005333708,0.2728715967685301,0.5501028447447324,0.18934734993060964,0.6431935173945377,0.37544069529716206,0.7253534929021499,0.6155639460294092,0.5759275130014929,0.438373291380161,0.359476043285016,0.31007116807675966,0.49545506358230684,0.4004114006949937,0.30798977394996035,0.6917347181768746,0.44237798487564045,0.40667392311889244,0.722900317859514,0.7684717653714207,0.28315183132315286,0.26078772868396816,0.3321514944958313,0.277544976431551,0.3530259230345984,0.4210470313539451,0.5266909189696144,0.7948981316914464,0.3819146033141241,0.6803744804496682,0.6025782540791237,0.7329258237343219,0.5466835000580168,0.36740574192473807
0.21464852543672255,0.0984956211291081,0.32720620593569216,0.2942902094888649,0.0799990194504007,0.38297077216404685,0.5995126234372167,0.4407091883906028,0.4094457304642805,0.5450132243183455,0.54081610598058,0.2581515232392288,0.49016063121964737,0.264750314786525,0.40401221904074963,0.21453420305483772,0.4205588896018847,0.3484701870241945,0.6125366234702481,0.5363576585402556,0.6481117102685725,0.5471623958326897,0.25837386378747107,0.3064915179905381,0.5680550464197754,0.2624418626261557,0.3769382656417127,0.7876621962112306,0.3829150519067406,0.417177153025575,0.7601333762233771,0.6442328948711901,0.20938430589831836,0.21516538872511967,0.32585434109049843,0.2958923695330945,0.28416900405188794,0.2392875258392782,0.40032528538551776,0.6111744091470287,0.2565449002945548,0.550476950216076,0.5900640394646925,0.7051516825693669,0.5821138444368645,0.3967776151639195
0.1983944834462919,0.07405010779679713,0.29580771635230674,0.29677931717219,0.04940311375764899,0.25301160416179413,0.5516545989038731,0.3532570192997111,0.23157329241222696,0.5895093117990408,0.4627054354045317,0.17975647390921448,0.3956450585913529,0.22372331892687455,0.38380277270838503,0.21998803429130864,0.25204207389260014,0.28541383666863285,0.349853202480861,0.4602713970246113,0.7700738110202534,0.4223631607365167,0.2485902846226774,0.2363657454549422,0.5272650012853396,0.16749201356717747,0.30700737613083656,0.5320564211209111,0.3397717108294843,0.2854271074033697,0.6717343897043314,0.5938848562123302,0.19359768189242038,0.11022245301852113,0.3051144350686228,0.39233487880078727,0.2621114490328071,0.20189536898075466,0.3372838316771597,0.548139243992528,0.18992803229310895,0.4826878880251964,0.5274699901481871,0.5335381170548623,0.632543938894498,0.3452336328133082
0.1824538331015446,0.06694794322247583,0.2189459920752764,0.2245924108571437,0.07814685631919074,0.18063736322974633,0.5039266870514667,0.3492145334175716,0.1602015376942004,0.4827331485722263,0.36513075707661125,0.20068043024223833,0.2506397742341139,0.25218513681663535,0.3588842580762567,0.12511486979772685,0.21867800635833012,0.331198307957967,0.3203743519559803,0.28408227772169653,0.6803085261074127,0.44516884474662904,0.18345131388786812,0.14232444722330434,0.39555380713885474,0.1691679032061181,0.4070837436213142,0.36773288579559893,0.311304104944087,0.2521613279242079,0.5200726100206836,0.4609603625803709,0.1013474277114883,0.09646314914514911,0.35326546622379873,0.358479912889782,0.1733560457441592,0.255890318111158,0.2792456192512458,0.48956145273898705,0.11741203785871587,0.4079357122055889,0.45750818256340603,0.4856224547648134,0.4961207927341335,0.3511341082692593
0.09134798328821908,0.031641019089593714,0.14032906295918007,0.18051588869148671,0.06768218661128292,0.01175118187756399,0.40938743064606353,0.2736445288285923,0.21923721533938942,0.387375021730401,0.347232634097458,0.09402778590741602,0.3092608130607516,0.05032947871436559,0.2695116259893775,0.08608070130307544,0.1501554972150729,0.17292276081834843,0.3577848533582634,0.18662330003459557,0.6132522295004721,0.39222807259699294,0.12178087040758286,0.10354130614213221,0.2505512707178815,0.051456537797288274,0.32716183415198774,0.1558905523420014,0.26778232882108666,0.19480416480212262,0.4810193554876852,0.261299046312885,0.14420487041615812,0.04712457880481758,0.22442515155184706,0.2396187078845855,0.20579680426024072,0.21567571542310543,0.22622007401572114,0.3824554312291789,0.10924337383021113,0.25134622045326765,0.396076729708136,0.3126439540693085,0.4322627565026805,0.11227938197895906
0.091284686986286,0.02812174652851583,0.09146302634909118,0.1854135119013005,0.047022995127889274,0.004595631019848105,0.23916587661066044,0.162046308485422,0.18106352697105804,0.2770615322802444,0.21134089656163446,0.06507891952527131,0.20358907650665034,0.03593245862937074,0.36470343341359285,0.08624472357462316,0.09361555520927556,0.16938431561110656,0.24799356777391368,0.10073505295586085,0.3747533970237653,0.3436058183958886,0.10187023249988227,0.0838119026240927,0.16150692647756468,0.10183960883911872,0.24763447137970573,0.11184656919067965,0.270608552170596,0.08886515565088374,0.3278414876611292,0.2799396712690117,0.03719513661460945,0.03862675472248453,0.19146550121667916,0.1391360780904031,0.07156503850550024,0.256201139776762,0.12999737448716414,0.34692969897991893,0.05503038472445715,0.13879102453992015,0.32101224625923686,0.23049139671327662,0.3674316248039528,0.07435825199650078
0.0791253487740777,0.045029311975373715,0.08673765626295536,0.1815450249108049,0.0376189400083178,0.005775785628997349,0.30440185756096994,0.13079299557791615,0.11755241395464554,0.17569944059092626,0.2228864595835917,0.06563078662920445,0.11538527085346056,0.034379461123271726,0.3821099212178554,0.08435040104384006,0.10306747127538933,0.1518922364683327,0.31890595183262643,0.1377241606138193,0.2847804249021327,0.3995719914044104,0.09879126174038343,0.06365247229718571,0.16378974554668127,0.05229742280431132,0.09678023173073041,0.11041899259441837,0.2678343914729418,0.08370271721104056,0.29067846960126065,0.25853623591946057,0.08341052358887044,0.05621844691080558,0.16716813937056713,0.07206281018019894,0.1470353375115927,0.12245866806163196,0.09937623864705605,0.2086868849494816,0.07129658739341124,0.1039364583150474,0.30286956393189246,0.09825074958663316,0.254964244217426,0.10677568905722312
0.02886069501925393,0.014204935038958602,0.1009069028614081,0.13427466790754006,0.021337536189643257,0.04342686195509414,0.19218571949386828,0.10666397957700048,0.048746227891159205,0.1805880889677346,0.11048979830609214,0.07267609508626778,0.12233772010045374,0.048583567125527416,0.2036211468877494,0.03039232834543182,0.029920085038952434,0.06046733637054469,0.0875882928300757,0.09955080122594959,0.20202010512165863,0.4072118236735571,0.06838753926445926,0.146256300979269,0.14524392756815718,0.06578836761055536,0.07786263283880271,0.12149911440166025,0.24597335708060636,0.08907946612058014,0.21474532540938931,0.14912861606575115,0.08094487992289824,0.03304451361221488,0.06562254719036814,0.0819985771885536,0.0942604314435891,0.08333304678357152,0.09075596604004697,0.1519406769248308,0.033361979553627005,0.0877731229994292,0.27081691141927716,0.18787469873194051,0.15930199917729274,0.12220164553615803
0.04483800473680518,0.029714551050772878,0.13826492320746825,0.10824125206172833,0.06059585715362379,0.022075100224076088,0.18244117368478538,0.13942243982799146,0.020021367411631106,0.06964172499394211,0.12893390979654262,0.053944966506184716,0.09548307653244958,0.04661036331023424,0.16982730877806262,0.03548990294726783,0.046481655825721946,0.07335629172641439,0.13036013910824018,0.11762084686529595,0.1871993885703805,0.31107697498018605,0.036198631989815364,0.07341877489263435,0.14480216616430797,0.04295420923337341,0.16985514288654524,0.1046452481121013,0.1819546825706611,0.09124162620081608,0.2266703969302256,0.08686975728247842,0.06174764279494084,0.06863552224370278,0.09796993564379626,0.06640820723616772,0.08960016766536023,0.13857533516776094,0.04740313692556816,0.13872907427615389,0.011669843231889958,0.15757042328311255,0.24306948953066418,0.22630420796302814,0.10674662971964917,0.1638616478930079
0.032468778410540966,0.03241898474922705,0.08735776572880108,0.15219602810530178,0.03590284792963152,0.013581637633826294,0.19045286590364432,0.15808894236686905,0.04185681231577411,0.11947002669122486,0.1392420534915989,0.05885888993347059,0.18187022725047108,0.03212152147199841,0.1250046197650468,0.06084301404761171,0.06858007583744107,0.12538156390090757,0.16506453078131544,0.13198411024200657,0.15923765800963732,0.29299471295129265,0.07169217467108378,0.0634350070484206,0.11642937454985486,0.025439109575076117,0.05056809703743857,0.07231698184731736,0.12181587528024822,0.10299152120776549,0.1812234152386623,0.10844111072486384,0.06172642836032355,0.05876783684849094,0.07877956352534922,0.10074718805561314,0.01693678382640263,0.11535269012098513,0.037814056794610675,0.08573624813841804,0.0541022011625419,0.21491947556349222,0.20153118584255758,0.2671068627421547,0.1777908475105435,0.21471838192847223
0.02056686281364918,0.06806129073950855,0.10370954778364985,0.17807677536228453,0.05039554146159637,0.007435363899280331,0.1421868649501621,0.13965316400296593,0.07312367009340501,0.14800725320220584,0.223674172136014,0.10673051715703509,0.15351427967621145,0.034684770790909425,0.11689197572739346,0.03916983915954277,0.10111977187142325,0.14628226701716118,0.13558581110480694,0.13592356973729358,0.29794739422636146,0.4296704538548253,0.12792952815002467,0.11665799599008007,0.16745217113096902,0.08349344428257106,0.08672880262318397,0.13538974087074945,0.1618187864321457,0.0915234055535704,0.2487269464977794,0.09669376158053325,0.04490462956523568,0.06435236742784481,0.11894491457591468,0.12127241147728082,0.11812708102174026,0.13524800105504653,0.07182586497583156,0.15016603852082339,0.04825979582530922,0.15118527519878183,0.19662483545111656,0.34338061073868914,0.19517884516584597,0.14182127970089828
0.056880674384085096,0.08709408389687481,0.19725082773054317,0.1386323235577222,0.12650235956682204,0.0038108411984079174,0.18869135569868553,0.21200069404708666,0.10069973336472869,0.23567547461464425,0.2988712157212682,0.2756890942774534,0.30116935576927384,0.05112474846648281,0.28685443722086523,0.10767026706602033,0.22306935016744908,0.24081568237942622,0.14338742774598184,0.14379546902088422,0.3451091218568428,0.4430401044416018,0.35192952857847604,0.2149693461150195,0.27353387658281336,0.11670270062502888,0.1818058111667386,0.433816604298002,0.3347225778717117,0.2430698524882363,0.38432335103998927,0.4045473445736971,0.07775650843526608,0.09038444414687621,0.32375127282571603,0.28355741892225667,0.18451103409295888,0.17913437557628398,0.1390441950075042,0.3824190998018218,0.16084332290168954,0.5722463333526636,0.3274933275751126,0.3285898247646342,0.3149365559838451,0.14242384376517211
0.13032508736450849,0.12752376435509483,0.43561958604434825,0.38751529681743496,0.17550499445454815,0.02263972173303903,0.5861222052657805,0.3364464700338508,0.11414555634171579,0.294031664311841,0.43362967812019193,0.4384967059669155,0.3308797128699962,0.02512089743219814,0.3960301236015331,0.22267191682581422,0.37164668528655553,0.3195827799215474,0.3382137331189629,0.15396164167452212,0.4098940399687431,0.3863921537279238,0.47394857515560307,0.3505506068658841,0.3797863341874283,0.24060082142651243,0.3459531805264295,0.42545787838185484,0.4350910107889945,0.28588541472010337,0.36127564515411337,0.5592573720485304,0.19443189117789517,0.18514011651665307,0.388406301199982,0.4445779895881538,0.2839457697992811,0.31735103840499546,0.1811640364877432,0.5446994633271779,0.19939326052641612,0.636893348705421,0.33116529965456926,0.3957813441203882,0.5103411333543129,0.06602411355037195
0.19159130096368698,0.1742066185291667,0.7792049785516196,0.44026082860174465,0.3468250264211434,0.006099934850262761,0.38663139738494423,0.3683816332620709,0.18178272891388564,0.2374104501172464,0.4159444568429194,0.5769497684263669,0.39050683449373125,0.08170492352106157,0.4765448832637424,0.3084855793565658,0.37782311881819786,0.37015626082244546,0.327402730008042,0.20765827879307702,0.40291149654536473,0.2916391739936552,0.47286001857651644,0.45333182766739893,0.35734977570494103,0.3727297408792696,0.4654510769060103,0.44022954889377425,0.4881823090677384,0.3316483322802802,0.4140505235159515,0.6156840827615129,0.2720953456851525,0.24276473217768157,0.4909752301048139,0.6508350985387918,0.29604730232835585,0.5104223915474074,0.23664211731648183,0.6303328387154652,0.19498766930966355,0.6469105286997029,0.3457692791333296,0.402812303087168,0.45701846915445804,0.11749681767094192
0.2956406294829434,0.24150455077655059,0.7915325399274018,0.5475927862998466,0.4231554236349078,0.005384358646548064,0.4476362975511178,0.4130488165699514,0.31238568565776675,0.32070494851603437,0.47578559238651025,0.5409780021132049,0.5115398913042677,0.04549832541967093,0.5825060925161387,0.38661466029013036,0.3862682876644901,0.3675938830928417,0.45249023280013406,0.17855686371957658,0.452488041140791,0.28122767877896915,0.5016450347767675,0.44241885376458306,0.3784590198542878,0.48866944892868686,0.39190101278302064,0.631575049416204,0.6158873792190878,0.4737608643693668,0.4062451966559333,0.724652599321458,0.30055129827872273,0.29311308302557115,0.6524110202323813,0.6948345703925644,0.3725717193723449,0.2994714917399713,0.3356020167038409,0.6846426084631865,0.23942259202472946,0.554806138805795,0.4052018001736563,0.5318173027127202,0.5189823390689615,0.1401828412354143
0.43968206289737094,0.32639503043123386,0.6291592294006705,0.5625735502044471,0.35081452181585643,0.004141375241403695,0.5159386922425135,0.4408581451161093,0.48326767758564876,0.33710611701683263,0.5845356919193091,0.5828919891836338,0.5971421450976995,0.0708937881960477,0.7632251646988886,0.3207770855430547,0.48262452759193436,0.3221274913562776,0.5158953954805694,0.23894375496933626,0.3614932684855116,0.305872226491602,0.5382272617780681,0.5176770485959187,0.38455983369336844,0.5198775221855244,0.20021045143204386,0.5587145771208184,0.7468544898649302,0.5235978939084113,0.4447241061075823,0.6209912960098608,0.33358936094715147,0.3701713012432695,0.4983277849562432,0.5896816972088464,0.4012681002336097,0.3164730998656706,0.4280011129708793,0.6308939380168579,0.36989451157526954,0.755234481819974,0.47595015256127454,0.46995833683297467,0.6433562772035887,0.21877404548014848
0.5530741931509664,0.17704584911969745,0.4942759072530123,0.4330525578746036,0.285176165403715,0.014639461778098006,0.4904521936720825,0.5478440489323618,0.3761497683739766,0.3339782743981952,0.5921645676787641,0.5144124881548752,0.4755265857592854,0.07246586511829352,0.7139288519106859,0.3018398492088,0.5072488939605977,0.23312308927017875,0.4833303445162435,0.2706517954697766,0.4115352038773838,0.2531146887818263,0.5192005161674179,0.40939999986354897,0.3964390076924072,0.5307831690460344,0.45180121761362124,0.6241551385158535,0.7862168978236779,0.5627196326749279,0.4062801005611864,0.6492197365815259,0.37371939701938967,0.39770321668989206,0.6418012967849545,0.4716688053973804,0.43415644438098905,0.4006619566473102,0.4609267661752529,0.7566276424594182,0.4823844451362359,0.680256894119295,0.5857932311576273,0.6604867692851406,0.6840591918761334,0.153076709910884
0.43303667189973294,0.2458118905991814,0.5194928885045612,0.4609904008631956,0.3240403236831108,0.00415713722758319,0.6535502552647457,0.5901904441674327,0.2988568459731692,0.2966521746603723,0.5351912531031524,0.5582470828800085,0.6665333151453849,0.05936012694826706,0.626642692649631,0.27215782522682375,0.621697227001875,0.38941852475317595,0.45384493079240923,0.2794379910624055,0.4485252190048813,0.2997590747257558,0.45487872687357156,0.4811482564084224,0.43626024689607407,0.5386175939011347,0.687490482318144,0.5300847322579119,0.6807511333342724,0.745076964838217,0.3985786791294608,0.7479249505759339,0.5093548355633762,0.4199810210449612,0.7006448767729462,0.49686921380484844,0.4005263488251248,0.3904511681862577,0.37595448629090195,0.7298291280796576,0.3710560197509124,0.722718877088829,0.555376111134275,0.6338784330019425,0.5776665854791168,0.19588428319552423
0.39144686634832465,0.2432899290500244,0.6692076908090283,0.5928778277929387,0.3637319394811771,0.012568344894944055,0.663282105573807,0.5656829149493932,0.40852434978036295,0.32587315875322376,0.5442447790307525,0.6313648506242783,0.5541576657005006,0.03413996663934668,0.6653704505144746,0.3562245407759804,0.5971570178989386,0.3386107942456489,0.41926637276276973,0.2829651011476226,0.40835910016639393,0.36557336318288736,0.5309688533891714,0.6138062623020268,0.4500915758089031,0.6038056305066739,0.3891892777778164,0.5984545145996304,0.6838381503760972,0.7197524996064014,0.4357762727323371,0.6545090501484921,0.5370650401017074,0.47544626813641216,0.6705129205522842,0.5183100317749761,0.4233435907760933,0.45642395840459854,0.49613974421738444,0.6768868745097361,0.32424755593511434,0.8471500186907115,0.5354381457241755,0.5895676950244817,0.5246513972027963,0.30070141633984304
0.3675680510833421,0.17767761415707234,0.6180465751044781,0.6709269617305138,0.27968109270047137,0.016940592477985263,0.7587811065528046,0.539523079651999,0.393145919050693,0.3351732553796201,0.5780094348623046,0.5507158628882485,0.6239860563689861,0.015565020580741301,0.7725957238917354,0.3732949657060281,0.5696520503040514,0.33341389613163586,0.49282114306819264,0.28023836686115455,0.42380035254323056,0.41039993942819936,0.5148538376693426,0.5826204208725111,0.45932541259627957,0.5794893434207853,0.39655882423049044,0.7030556414638688,0.7963274891408573,0.6531646301867955,0.4243146633775543,0.5769675673194088,0.5218880749252954,0.4901432356241838,0.6671015011112923,0.5853284923677428,0.5369407740819353,0.674797365285823,0.38333696572472753,0.7108553435016768,0.30420458940104766,0.7543309783326195,0.5757519741689996,0.6316882159757606,0.43804583714843165,0.2897301898350756
0.38740884825221483,0.2888707156921769,0.5640853692262564,0.4809691561579858,0.25867606174065083,0.00959836852799625,0.7468902397828876,0.5850613526491425,0.3943875763880439,0.3420158745096663,0.5446951666510744,0.5494675567430963,0.5627756842323494,0.03691531523095998,0.5831787501055898,0.2680839687394167,0.598600247935303,0.3957285235269733,0.5479372882310275,0.3322980743881091,0.5095963379312263,0.4718239807752516,0.5611692982738727,0.5208195934268063,0.4678577737475185,0.6830963276583881,0.35340644705207536,0.6519630152256988,0.8012691542405199,0.5967765927672052,0.4638404282369844,0.6506105743597929,0.4481840852950922,0.3850201107981924,0.7213523571754756,0.5351350695105396,0.5228777280513154,0.6573107220101995,0.43706342402093235,0.6758416425352942,0.5021862892467774,0.8292089255870558,0.504781302291616,0.7798521026419365,0.5239264019808298,0.08322639358240388
0.6225119393229407,0.23558281277897414,0.4455623254520942,0.3292357526589962,0.21915376255118058,0.0151247016196665,0.5575415104560281,0.5848339960397487,0.6697950218578582,0.46693268143440064,0.6179537081400678,0.5292081057368673,0.6031339413700452,0.0,0.763507420650468,0.2783146414794129,0.49406685802251105,0.355276448642321,0.5528638890929652,0.3751183282541958,0.5452472029153039,0.461641980077895,0.5884775572363955,0.5128897863178121,0.5355213283187914,0.4793924359569109,0.22410939165106264,0.45091260928944044,0.7206715400087079,0.5413224318999745,0.5148068665609605,0.580657456526636,0.5763172396664088,0.34727231854439544,0.5331405307868298,0.25604538526606907,0.5560621828715955,0.568389165784214,0.5807155766753743,0.6793171483084955,0.7067660516546244,0.9501417660017193,0.6322534606151416,0.7976124999610774,0.45369919946914367,0.15025220556074753
0.6902282150121812,0.2261698571243574,0.38279184172351766,0.25508255411578257,0.15507541555715929,0.0070340555187097045,0.37831647955539005,0.5922475169789381,0.7088846662253739,0.4495026737800762,0.6840114326818472,0.5080672677473691,0.6620648246065214,0.0479845755362143,0.8322456862011961,0.21369536929463456,0.5204081062490635,0.34628721375604143,0.5399007191154407,0.49380135723330915,0.6224796950645346,0.6221912781613728,0.5316348232674556,0.49019915148937887,0.709743769202967,0.5829855680115005,0.31593377801723155,0.4476435082717252,0.6270533300268071,0.5186884273873871,0.6433927178445156,0.5546206256849444,0.41504814686214575,0.2902599163658875,0.49289405579962897,0.3227751581403747,0.4852774451202953,0.35739128023268496,0.564541886292049,0.7269446804850125,0.6732310159018189,0.7886570197662822,0.8719709980717114,0.6802209861258603,0.572133518136856,0.2834753784578137
0.6062675278432128,0.1795843774623745,0.38738630193777446,0.3103358647529271,0.18034497606810732,0.035930610759077886,0.6026549412022358,0.7238027836556339,0.6221824287721507,0.5742235666873488,0.7316465524622923,0.360207305857857,0.6988182368419446,0.043754567092671545,0.8451531765772787,0.18953569882691773,0.5516017827264659,0.41358561598156507,0.6566303968778668,0.7260885350403163,0.6546275600139855,0.6890003709014368,0.5239655545465972,0.5247269904566788,0.6587115433505558,0.4561176153677237,0.30174142809332444,0.5330563358654336,0.6688461087630401,0.5772907837314643,0.7392141662803453,0.7849885133002188,0.48373481508828875,0.35235287073108834,0.4477875895594371,0.38738197383697615,0.49497743697616775,0.5384592430804384,0.6211121459567549,0.7076283740052506,0.5092378763219715,0.768081650525515,0.7740812901266209,0.7542851968036672,0.5427172618992012,0.390808872021118
0.35893572722933703,0.13232350122116565,0.34491662571484805,0.34945705576080766,0.17027749226484815,0.005587495100384719,0.4843315769590534,0.5922197451605996,0.6652489608447377,0.6154203262757894,0.7321025982429783,0.438161048228756,0.6148388396191952,0.06153944073963323,0.8742883316100667,0.16417345818103452,0.5920798416343299,0.373701821296232,0.5022368478947589,0.6117466856801536,0.6163756506571558,0.5911124178215762,0.3926298992606476,0.5284006370088477,0.6717981926030248,0.3836008562951113,0.30594053673083504,0.5678045668662253,0.5858056069062655,0.5400484038535766,0.942336640761548,0.7427097358420299,0.3725551045106202,0.35844071347787393,0.6054417541201602,0.3849537728982546,0.38974293750721356,0.6576535312509288,0.6130189220169862,0.6741662881910263,0.3543019153411887,0.7462667458429887,0.6069440874122157,0.6851176144060291,0.6080019917218185,0.2069857451032082
0.355136663821928,0.16701030123629762,0.3518852160876753,0.4008940872622702,0.14620300759854055,0.016114098134977137,0.628271988555662,0.5764678166805494,0.5420074995545272,0.6876009437958378,0.5627035040142875,0.40901446238024125,0.586237254134435,0.031710042926638815,0.7656872682443268,0.13214101671589373,0.4817243615216129,0.3752318914745575,0.5311570271146389,0.445018098608267,0.6584564418488932,0.5824851933046981,0.4164340532304739,0.45220804055847286,0.6253145699783142,0.3565328852706859,0.6587331654721867,0.5257480761650771,0.37226429360697716,0.4099150241025002,1.0,0.7083839010423063,0.3342072552400024,0.23642344749860839,0.5753040733592947,0.4699972271852351,0.33069534914960974,0.29708035379899617,0.4318861773780027,0.7046620713539754,0.3567107625740349,0.7222771663804798,0.5592997091684221,0.7053125341448594,0.6364720233134289,0.15243451755770582
0.23909643448306905,0.13448719455551933,0.409378463313689,0.2923392100485559,0.08529874850093866,0.0026132700731510174,0.46802134983541355,0.497351347816182,0.359036804136762,0.6281493357993573,0.5139673760566834,0.2574205634724223,0.459629663210982,0.004679027003429696,0.6454276297952826,0.14336557155813145,0.25824343843603115,0.34432867413515067,0.5607116653044204,0.3149134492855864,0.6292583319792155,0.7720561322869264,0.3628939364946672,0.27438063976009525,0.46726679652817416,0.2879081813974543,0.678183900294442,0.43508996896646296,0.29716698240541495,0.3039501504986837,0.878278649076447,0.7063307581842697,0.29026073680242814,0.17091381624248161,0.4751387634029116,0.4653545377693142,0.4411834925900616,0.3972913078329112,0.49104418550638246,0.6819471983058716,0.22795422116231387,0.7334653517481682,0.5721889421269751,0.7821238507789736,0.512607792490568,0.23118655819212683
0.1437896400050393,0.07810743627764487,0.36787668348487257,0.2658862225969555,0.12213459450673786,0.027974695448348397,0.4179237212234477,0.46817685259552005,0.2926827625545085,0.6157860113391879,0.48975295454278817,0.12116889979679608,0.41538165524644577,0.09394576158272441,0.5880429429794263,0.12753559829437894,0.2224906343510304,0.292884259147667,0.6845874886726421,0.3129931064041759,0.6344029396231881,0.7486954327769831,0.25074224232571884,0.16911677906011718,0.4597883866549648,0.2578738927764182,0.4086462142884403,0.4795023270774627,0.3939199202259778,0.21579117301977574,0.7150679822532442,0.7066690064624032,0.18282548650792543,0.0828710062585983,0.3464373922495866,0.4289381036523905,0.2622835407380121,0.3639553458660073,0.4076550247989965,0.581113697274816,0.21750865316262338,0.6013087420730144,0.5878175401882323,0.6246097233365011,0.5759214415282597,0.14457050691314574
0.0744986962963812,0.022570188250294533,0.1910459370191135,0.21634764651566335,0.06670784180167422,0.22179666903912218,0.4426393666742593,0.35164135528575424,0.1526255170055026,0.49584984537753,0.3278663843186495,0.09765944418420122,0.1990866203716835,0.35604963725538386,0.41118761649521346,0.2125000632379696,0.15672093024056624,0.24729998613587426,0.49747720114912247,0.2136135124535752,0.5011331357017459,0.37331269340409146,0.2619357504314684,0.1781987180902408,0.29837345492105294,0.19692215292756415,0.5091730594395938,0.4017769356641458,0.33732528001758444,0.15678005922946459,0.4443439833432405,0.4981207467505283,0.22717916312582606,0.09737095265847931,0.32274235208749014,0.2531560313380462,0.2783962214351872,0.22223064885055133,0.33734726844311264,0.41579909482108546,0.11104588427552195,0.5275080316588258,0.48605706351049016,0.5208001748742155,0.41782101787488013,0.11887752582253003
0.09574243758105458,0.031776222177197985,0.10440232133820013,0.25472991083239055,0.06591953457706926,0.13411782232780312,0.17899104779468122,0.2973652516939023,0.11764967807530073,0.33323972050999895,0.2524393440661679,0.08035143953984117,0.11980348956859738,0.17140788625277406,0.2537779906926108,0.14711193968356118,0.10466179828619197,0.2272761133125715,0.32339353104168783,0.16175970681806803,0.5056957508160134,0.21957773329944083,0.1519686234339275,0.1355810433622811,0.14168301935557698,0.11296207558962909,0.386460492062835,0.2845393875944329,0.17826338435944,0.11078775602178592,0.28127999514230434,0.35375308409034834,0.2184508723193528,0.060485689007123485,0.15324978324752236,0.13732434131428423,0.18308606758468593,0.15617927239836732,0.2194259666448103,0.3626837796845659,0.10805122430897887,0.4623066615064211,0.4649629017752631,0.3486324164611998,0.3847516951682372,0.14201715393701453
0.03194894593645178,0.028493390048400256,0.11220266533226683,0.16891980928934794,0.037041990923783054,0.07847078726892193,0.19265604619734597,0.1970039313212686,0.12066631060518317,0.25003272620269146,0.16478120607339555,0.10630230130298876,0.10302134739303456,0.12416262362294353,0.24092629627138024,0.09058808982723933,0.08006772065895931,0.13497919204506498,0.22455745160618362,0.13938721570378526,0.37993699165328476,0.09353424978269323,0.087009781210884,0.09375126978518657,0.1304330456181831,0.10043854686459064,0.19980581295316524,0.09710910794634964,0.23849519789128987,0.09534449609675967,0.22612354363231182,0.21215982313895754,0.11578991776476469,0.06938291045567871,0.11574574603256339,0.1085661695001473,0.10189776207211403,0.14653586371465122,0.10623738922604224,0.22593180911863842,0.06296272789945573,0.24889688002959942,0.23662636827779046,0.2308604462993658,0.32881515072327056,0.19411658631212914
0.07461962213742562,0.017666945713048623,0.08558796667878753,0.08383327342256064,0.03053703477846941,0.056970270387995986,0.13990256918531715,0.14085096009614007,0.10165058616104823,0.10876858543355644,0.20382959219468394,0.02869068355642305,0.04472978264036294,0.11933338774089516,0.11796641960512613,0.11071187339833545,0.07212505090110524,0.1261612864646959,0.1518938714036554,0.1266883542654738,0.3247462721669672,0.08178452558504187,0.07987096210392135,0.08792819351228919,0.12831245325928226,0.09280266741751889,0.033374255142849196,0.05392500477768775,0.1700305978900945,0.12435116545061015,0.186591830585357,0.13480511661958913,0.06424676526324488,0.08030387679925474,0.1557234747948359,0.06559758983461156,0.06482600473181423,0.1614437365986573,0.05665252766818106,0.16265624522891642,0.08186347011679934,0.24512345759267634,0.17332542633883283,0.12840179788754344,0.1836729093804246,0.12976615649414078
0.022894952623096883,0.040516433615829725,0.06128300522725376,0.06970928269291618,0.04316517578625118,0.03707725301101143,0.12675977416708634,0.1579148088965299,0.10048529719239178,0.14557019933388254,0.12793146284733267,0.01873188979871702,0.04720045313233247,0.08847288988845393,0.19956576148634755,0.1616239396072396,0.024168106319707183,0.10208110688497238,0.059953120892503944,0.1444500322914444,0.2574359144436017,0.04810068295393787,0.02739496859910846,0.11060789327151267,0.08812063306342262,0.11397277686911952,0.18332550533349234,0.056461495409871644,0.12345798648056212,0.1317141743094716,0.2870511998480321,0.2084404159701514,0.10187089012911327,0.07945654037450417,0.09050319578736603,0.05892209752078811,0.08492517947569564,0.0664749487565313,0.08890480648175278,0.13038113701632384,0.049999291628595316,0.3417599385778856,0.18160641976331257,0.0886451198335669,0.22796652066018805,0.19057176951373914
0.026960190339750313,0.03370305072273663,0.04354430248522516,0.04992922290863876,0.0548491301199782,0.07476312403828114,0.10138690304629794,0.17929957266697374,0.06199655098170559,0.1551303126927783,0.11101553212393196,0.04972051372755722,0.06534832517940073,0.1140037090253275,0.19824918013283038,0.05039047856378537,0.044512732870385624,0.10443259936846541,0.11691801643055642,0.16320860867014073,0.1526180735714865,0.04662273849869188,0.058800080708392904,0.11089565437928402,0.12822028062353588,0.08056162386616973,0.21009857681174,0.09861398063734098,0.23209030872044173,0.08745757778251456,0.2053767069915335,0.13959204000205466,0.03402018915479961,0.03565650403883004,0.1622724742937156,0.052634718078971,0.15832874260612417,0.2294687599550843,0.08813326456220169,0.11905074616075116,0.056588293422756855,0.29317341108576306,0.16577959177195167,0.05450041773859145,0.21766992759782683,0.1547968623287284
0.0713645076768917,0.04164258679686032,0.08767272942233373,0.21647066817983457,0.08220027616647796,0.13116024690091255,0.11711198197943792,0.22729101212110409,0.14623197513878747,0.17628331391450247,0.13311315729920223,0.14176462842829823,0.10906197082579924,0.1408867905190711,0.16683072658728368,0.08803618150063895,0.09394786698729288,0.1597758984009905,0.10773223796050889,0.14357225669068835,0.18531501598467523,0.11974342673299768,0.06423965466262414,0.054386967012261075,0.16734110892979132,0.07460546181076137,0.1355738191310596,0.10241466483975886,0.1586860372464799,0.13236345826317186,0.21832270012618113,0.22257410505338848,0.02587645450513457,0.0810581541200164,0.22004843932690105,0.093471830765683,0.10840396901008366,0.04237921891630947,0.1354439757979644,0.14682094917799962,0.10455247477061311,0.3927602704499795,0.1834170650455069,0.1891917279513124,0.21983061140765325,0.10921419240999872
0.03891199554903015,0.10338598308264098,0.25242070564269814,0.16368433967761423,0.11557709447070033,0.2451102850654814,0.23259654406961103,0.24193401522440808,0.11766751624164627,0.30169069686401984,0.23102020214408214,0.13909267743531384,0.24480805250062757,0.15752762465244335,0.214422598246846,0.08488506967206877,0.16371879433421185,0.2765061347697242,0.13076486623632821,0.10840250936419438,0.4455259988902394,0.2683124791872429,0.3061035964143712,0.16810734543585187,0.2992443729413324,0.2302868251911465,0.1371009286565896,0.36746748291232306,0.27900955760234974,0.21261624597191875,0.42025322749622135,0.4625573484710932,0.14223748793684143,0.14950273283470147,0.5125994323853816,0.2631459958330154,0.22202165403730156,0.08677909558110837,0.18325043578374162,0.3676944528632766,0.10415218200535814,0.6421227742558493,0.23204310095684008,0.33868435366843214,0.3301646684253829,0.053483970967732775
0.15197707333882576,0.13333637320685715,0.5272301769915813,0.3243393647459076,0.2538680463098945,0.3929371797557306,0.2970682110569923,0.40059120289594063,0.09801856860501315,0.33474403123976987,0.29545018372732557,0.334528267197641,0.21820092839885605,0.28959558671662045,0.25956273637690336,0.1989549681463127,0.2865156503401213,0.2688542266965477,0.2763990101132902,0.12739886793427818,0.5007334706782682,0.4746718071399428,0.43342228583607073,0.27265106949352236,0.34140732046815225,0.3136992064564595,0.49259606690943625,0.46908220379881976,0.46906503242192255,0.3181159706298687,0.46491020675342126,0.5751180090334587,0.1970373258632968,0.2271214274058466,0.4123159736586101,0.5928865416079195,0.37457203326791233,0.21213179202503574,0.19429743305282166,0.4753528460829439,0.1705214559113534,0.7327876106943736,0.34938467561816394,0.5605819989168928,0.4098955793084457,0.04048348208609143
0.27252395124100154,0.12331872782018606,0.7489445466893817,0.5004528136497395,0.27585599847514886,0.4795155471242944,0.42182854182336205,0.563750178487915,0.2961330103724297,0.33452980374602187,0.4145915420345166,0.6290986356363975,0.42273772007549115,0.4057461249670097,0.49542104558677563,0.33874867045850393,0.3959225316950465,0.3985852685525123,0.5282568650865982,0.24066293032277256,0.44523088968714913,0.4413196807032767,0.5961160745359917,0.41267315520139775,0.447212954996382,0.49957902418426087,0.5024615874042327,0.5879327391464123,0.5405715962257004,0.49650245136839516,0.3774582230382723,0.7945330873029426,0.3031031388315202,0.2735833729499158,0.6623618160050265,0.7014506190106149,0.3675981366487253,0.34247729246915076,0.24787960040788976,0.6614982557929556,0.21558238342306993,0.8418985634464535,0.4179554014977611,0.653026803771775,0.47870719033721726,0.09306477640436117
0.33218844000383924,0.2728545835011799,0.8853633008619515,0.5612738192613682,0.3190137904894957,0.553410091739385,0.469383504979733,0.6177406016100421,0.43297022675577007,0.397279463346134,0.6691085390010683,0.7358981147122087,0.5922708113152425,0.300313599298732,0.4526116451353933,0.3575037929227725,0.5325404925406418,0.4219467950761584,0.410189361060934,0.26611110698758894,0.45675806458959267,0.4291406534205399,0.5450718992653536,0.518338887081333,0.4595477380689872,0.5161929679634388,0.3526448735543997,0.6467285923850439,0.6017125648076241,0.638944110495167,0.5608657915775426,0.909949434795999,0.560484694776563,0.25485432677512637,0.7214908818159143,0.9175586401191143,0.3752265061703235,0.3328783019000078,0.33793222547013985,0.6088693953209814,0.2895995417836582,0.652862924026549,0.5578129791734106,0.6297524820799223,0.5565147184095038,0.18398639463392372
0.5633112880623808,0.2479340612243925,0.636868122512208,0.4373445356324475,0.3830687353681444,0.4721260575905972,0.4881721303600567,0.7320453981970703,0.49878564677003895,0.3379368002981419,0.6585015841800873,0.7111280985916678,0.642196285315895,0.33535156277451095,0.6690372920601454,0.34216193079809326,0.6401144051807869,0.36709150691725156,0.4073274782755633,0.21933060627536602,0.6319858983199285,0.4336024333866961,0.48927731971979493,0.5606423922857954,0.4833658274137894,0.6861987023559236,0.3965758502467607,0.670356923833134,0.7827826095889892,0.4987121583625826,0.6203319889230157,0.694661135821962,0.4739452302481427,0.29372571139284603,0.8781105512254518,0.6246658538064545,0.39761489880706846,0.3375403073243572,0.42220912032128055,0.6903066145323635,0.4062232643687337,0.7091764791273975,0.568786844443381,0.6127046437524344,0.6008257017023315,0.22092942213343583
0.5251435595982994,0.21497980256624982,0.4130258194713028,0.3482113201515367,0.36845780847808635,0.5783427093931397,0.6358422278071921,0.8262205364027057,0.5442977277705213,0.37191746818980326,0.6927453636140777,0.5050950032050627,0.611340747606436,0.5034342177352057,0.6497034675029522,0.3809316399343932,0.663451087654346,0.37112856553770734,0.4085730528906885,0.23088923280009968,0.49317388437030735,0.3533577402081316,0.5539902534891334,0.39523837215338725,0.48368484907350806,0.5677822412982628,0.2627947201225267,0.729751684894414,0.6739856708361476,0.5347394741958882,0.6465124380073747,0.6034266185913904,0.4317481703509574,0.279399450548562,0.7732329639760954,0.39379088029206205,0.48761305557616036,0.5131789752300635,0.5409821639309277,0.5329805477813009,0.4286935627592926,0.6884705742071953,0.5705023032734381,0.7132924275512347,0.6305137495206219,0.22044684174765464
0.5278965815514431,0.3351652745610102,0.5226093463813354,0.4801557198905811,0.33662005945223256,0.612270596310473,0.6967626480525386,1.0,0.49741018690995725,0.36752606148542727,0.7678164615104647,0.5440029085510687,0.712915838968032,0.3836145423266566,0.6543937697353973,0.4251784534828982,0.6122181495581741,0.43176179791589064,0.4287030256380645,0.23263822360889577,0.39832170249061694,0.3950066418237729,0.5103579414566154,0.497480307028382,0.5027849896486098,0.40384479150293634,0.14329014394886536,0.6365124076054407,0.6546618293298787,0.5839777798358324,0.5165554909496036,0.8463956718297269,0.4798889948216989,0.3005693563176017,0.9643055602513404,0.5062080478060396,0.5692655645521689,0.5458424301206933,0.4348942109813447,0.6486714334053504,0.4074858612073725,0.8051634389363578,0.5901277789608564,0.6260920621818111,0.6909464914518941,0.1623535930594057
0.5356540954049059,0.21294524846244361,0.7320932252322643,0.3669356333224562,0.47369700749167765,0.7095916112506254,0.6903449257751907,0.9170419344556533,0.4096861737039966,0.4442300182008262,0.7081405345505795,0.6393014768532865,0.6638057446778645,0.4307043821347225,0.6931645972610196,0.4786294847302652,0.5562293391574333,0.2709205922847451,0.2563894801547214,0.2778941840872948,0.42670901762449254,0.4334737268910769,0.5189010470884344,0.6692338283970196,0.43095997623772936,0.44225680729148786,0.2291958619577717,0.7344404504906469,0.5326465262954594,0.6661302451319566,0.512773515959421,0.7185811742006064,0.4108528015109737,0.4834102760416903,0.9047525945782456,0.5859868569779054,0.5190456418552714,0.5070271261490984,0.3987309673016802,0.550685517528398,0.4173230371547949,0.8141967983992383,0.4589456946278533,0.785236533501422,0.6055910747384844,0.15073486368312428
0.4013897819667052,0.19616857930833498,0.7053164500148535,0.444882621273588,0.3866400713588156,0.661791096361055,0.5184965371145217,0.8426957698562928,0.48663025500013374,0.36723894043905936,0.6715420173433415,0.6275808702070717,0.6154152494094427,0.42667584333489084,0.6304232687821688,0.4399878352765667,0.6098810442486821,0.38297452187769154,0.3034813053444754,0.2652500822900263,0.3638163795888158,0.43160668114571094,0.6187127321965245,0.5584412785083454,0.49223653971595793,0.4076177617708166,0.1930938634156687,0.6506785145613605,0.7399082966405632,0.5866156544347233,0.5949706411028978,0.6440676493432013,0.4747852608013232,0.522418561407916,0.7639432614736995,0.5633861766944693,0.6597966846236984,0.42338789180327774,0.40981232879474055,0.546726154463001,0.4020706458565392,0.8265028526830014,0.48734061143732144,0.7492117081510037,0.5821096086389854,0.1073816529404081
0.471624481925092,0.15648655419310337,0.42818163689209554,0.4996388744245644,0.3459217169849902,0.72514430819637,0.4834407192551572,0.6770869683445644,0.6088251388574715,0.3725202683074268,0.6479686718845701,0.5631082322537916,0.6058867773280184,0.5172242625189831,0.8026398403744366,0.3920284137514934,0.6350716376207931,0.3792254859994866,0.45973711530176714,0.2666497086662937,0.45808509208280535,0.47461776668636196,0.7128329945840612,0.504379295041302,0.41478876385085794,0.6284846578164406,0.14478829021650233,0.6194352896087383,0.7480784811706545,0.5313940338832928,0.5572914116273449,0.6898529675208521,0.4870221176405979,0.3420349460665274,0.47482329726534267,0.5537878071239349,0.6252344563286687,0.42951975201732456,0.46675883678869545,0.5846036479758211,0.3760205813062296,0.6793171839097804,0.49581063924747104,0.8051893528497931,0.6757754163115514,0.15600097103258523
0.5086059791867887,0.16284521719552214,0.36553092334031356,0.3468199828199412,0.25641501846698994,0.587245738143529,0.605981486899623,0.6418214887721742,0.6528312091234878,0.46073500906816234,0.5929936444385743,0.5587363679745152,0.6141175587561248,0.38405266190559073,0.8091269280515541,0.23915366156544354,0.5517280435774783,0.31527429837063525,0.44608485153799987,0.30974849120529285,0.4337353696574342,0.4852946152357395,0.6106699078948179,0.5082548686142966,0.47841825970966395,0.40094479307988246,0.37990321174980785,0.4898217971749313,0.7406518535406991,0.5233395580442571,0.5431864700979105,0.6082962152390067,0.4599243625459848,0.3592040069120606,0.4986757044974971,0.32875808731609985,0.5608899243249341,0.3289608914605104,0.5169803223402413,0.5226771246274877,0.5179125123875289,0.6467525428083334,0.7031855276163222,0.7366119560495019,0.734341266498526,0.20706704242401566
0.5868823503474025,0.15818681185160816,0.3156730638641204,0.41542403207438083,0.14662855069322644,0.6161504937831693,0.41866360762782173,0.7727784539037472,0.6586129694418581,0.542873265650783,0.5868233940811273,0.5642978738928633,0.6491115325782814,0.4258579356372575,0.8260725344291077,0.1796571479784655,0.5636796588415595,0.4067644346359083,0.4553285482123904,0.4916617214049553,0.7739159299592353,0.46147521610402226,0.5688010074848608,0.5530435662121257,0.5471604674596731,0.6209744898337534,0.40659530357029633,0.4599782253131974,0.6393085183824669,0.4946621035584324,0.6518193804500562,0.6809062308771073,0.31674949856456747,0.2965969651578391,0.5862128048081098,0.3062145659942299,0.47747838077546306,0.34601942636058813,0.5684400903062385,0.4673883369492425,0.44100994717435926,0.718624903559854,0.6517991830442997,0.7072480429976034,0.65468436715352,0.3145533319453955
0.4561208499926994,0.19383226539108322,0.34255295493316174,0.3024892129098671,0.19601405566727095,0.6313633972231322,0.6013020298979623,0.6993013100848054,0.7342352688630972,0.6759638634495658,0.7441408842876142,0.6264839618686173,0.761337234296087,0.445325443050148,0.6662792334039447,0.1864856875007328,0.574863722023975,0.5139441710249674,0.4809108784429756,0.5826848004029744,0.7181420457663004,0.7249079300652045,0.5212575671599095,0.5912042977003049,0.7111054787732385,0.532829216862282,0.45588445400729205,0.5754717711727424,0.6609920840357225,0.5579830789976685,0.7592125127214222,0.7037883861391809,0.43139814987856084,0.3221177908197001,0.5269268448665787,0.3726011494342587,0.4483545620614772,0.5176476994519179,0.6135210002415723,0.5714241303324241,0.5405148268941412,0.7773196244254416,0.7064246385385651,0.7646651482576265,0.7005673687433684,0.2996457857536641
0.3879968706323318,0.12037335319232519,0.28720525447033185,0.40117958291661715,0.16240553039137934,0.5003469781710644,0.5293176093677834,0.6102168293664288,0.4992401063696184,0.5807409340167631,0.6747833881700825,0.5214242499347356,0.7649535701066271,0.5019325263342583,0.7169243653521901,0.23008957514244455,0.5017145019829271,0.5074231331461491,0.4376802594169074,0.6738938122353575,0.5875953513424739,0.6384898075585629,0.47656904787337795,0.5474894617278376,0.6895670289827653,0.4585631358968883,0.4325605244693884,0.48285381012360135,0.5164204092279998,0.48814343546931277,0.7529878192156401,0.5907134854416878,0.4686328413587174,0.28349949794831697,0.6196983042842166,0.36307843429952064,0.4456292045987771,0.33628248799587834,0.6309258532698647,0.6960694351577941,0.354031216642555,0.8322446346918652,0.5642407049053081,0.7884555648937075,0.596006559488014,0.25220486054613267
0.2891128770580921,0.17015064298653432,0.3767587267876945,0.4346272991795218,0.11133562757083318,0.4029097747747571,0.6099582844674656,0.594948820370918,0.34874453330827576,0.6525363328335358,0.6166633941566841,0.39646502797463085,0.6430339948373708,0.5020022192792194,0.603614631418585,0.21011059848553232,0.45643088026432194,0.3566834299259716,0.4765498323717621,0.5433524306250955,0.5734425681360298,0.6035411415516101,0.44624977690309375,0.49522764283638887,0.5072005960075112,0.4297796669504173,0.6627074368903533,0.4288616735721117,0.5219384301262487,0.4182277088300173,0.7566146956534732,0.5957959819784411,0.35343567706571083,0.2508607905097622,0.4698042325831978,0.3016095127630946,0.3587141611182649,0.31686681288859175,0.46405264549846176,0.6511932309860171,0.3536811544087577,0.8508227270231267,0.6973562310103525,0.8013808502046837,0.5880489756173028,0.3333261753020792
0.21183342492762489,0.07649526431068332,0.4283634348615053,0.449680874783636,0.06543057043301459,0.3966821481577247,0.5165580697990722,0.3834305440140901,0.30252857508692743,0.7244078872167327,0.5362737059094352,0.22073797105740892,0.38112615109798353,0.4532495133074035,0.4641864430101153,0.21545359679215587,0.28863221559148944,0.4270436838972925,0.3718611102699071,0.34903515703565585,0.6760879004092109,0.7937566078456074,0.353530762113789,0.23051565624739312,0.5572272575390501,0.4223162513584907,0.4792991560303911,0.4339063537973964,0.5423595966886595,0.35565142298185665,0.7010195627321556,0.6532972272367106,0.3020488981257666,0.15999987300588567,0.532261159677195,0.36164394776193104,0.3483503183708338,0.22483919161903898,0.40224387539625833,0.5817122601805164,0.20964382671101736,0.7150763062125933,0.5330964365722962,0.7201185639398122,0.6381922466773146,0.19279261309035747
0.14992201771807842,0.08017748953357198,0.245099422013511,0.24057006791499758,0.03937229886058847,0.3678633674963348,0.3028420198038756,0.29434447384157725,0.3385913167153228,0.5371114417798086,0.5311808073882328,0.10787174004092022,0.3339749851424182,0.3350022639622441,0.4629594530480817,0.15946963280671705,0.16796762259055517,0.2899453807129855,0.26701694801023335,0.25365183663626123,0.45652904967556474,0.8060684484300809,0.22324623923551065,0.14365261843727656,0.4656888149568514,0.33122159152889546,0.48549603031556665,0.4142593374613741,0.4697195026714398,0.24719168489666152,0.5222305553986557,0.5618996602537317,0.20979374135862866,0.06899845786621395,0.4601222211584335,0.2688136695351996,0.18887416519034733,0.21961364206239137,0.2744918402823418,0.5645848211851003,0.15582504692007088,0.43196203423671875,0.47787048639536334,0.5647001162782035,0.5675315715064052,0.2889360624928641
0.1395784673926092,0.05821048486989441,0.1821855885475544,0.19928612136759427,0.05377644303209154,0.23506891944386324,0.2956186438162324,0.2140522380019497,0.3326939827440176,0.3902649047520821,0.31678035928456544,0.07452732184054159,0.2965696370326196,0.32206545693737754,0.24463457154059226,0.1563336890429064,0.16132060957452965,0.17615829331627486,0.17162506707824343,0.22008594178779026,0.38145414120620896,0.5965504936869023,0.16990515807881598,0.09783177290193378,0.39371833724015737,0.29818326632062514,0.39469980490474094,0.2305465911023942,0.3572675069724293,0.2687278342329162,0.4219365106361838,0.34351287901369054,0.08166198962617242,0.053828338631205376,0.34110869341275996,0.23928540144918115,0.16917069941647522,0.22655461215478578,0.2632587235799371,0.37829611458932255,0.09217490958018132,0.2962156589700355,0.4880209615790818,0.44516413863749754,0.4333546096875742,0.2924108170380929
0.10919281405130385,0.0696440503642881,0.15077076717715399,0.1857784057230529,0.0749241545081196,0.14402699098661415,0.18378474616296622,0.11709665117994644,0.23333523980062276,0.34191511663444135,0.35797311993533365,0.08399377726477233,0.20138798862333232,0.17516448616310723,0.2310782014083464,0.110024114053613,0.14300095251607145,0.06366463908717153,0.19236562471089463,0.16926458479986933,0.34555258124093885,0.3752135526205883,0.08965058311184014,0.12498034342990809,0.20052297516326054,0.15330032070652258,0.4351780251796401,0.25482023840365364,0.20802965053370515,0.2598087772260967,0.25554519971455697,0.1741212610444105,0.11137196946745526,0.0406809494347033,0.27800957488609856,0.07847221280439645,0.11863530199739204,0.18064546143542587,0.1454826886396719,0.23412643195170443,0.07338287332163092,0.2826142456941041,0.44899003532656667,0.24202991613419222,0.24921406098790835,0.10611651875729589
0.04602125339445529,0.023058716196603032,0.03688475600361529,0.0800855840312856,0.044519667811940895,0.09743086766637245,0.12707170334287823,0.1339987386391935,0.16381068827671574,0.22189190097853492,0.2511205920908268,0.1076313744352598,0.11251638623138535,0.13625206615426988,0.21557938546751695,0.027233698734811414,0.0675910053565997,0.1411452494350702,0.1870153753769045,0.1376308684954175,0.2252225345821306,0.18615552555036205,0.04630073053378134,0.1278754528987775,0.09436408860778117,0.07177597847912458,0.17779741522771356,0.14814452290049096,0.20368129179389155,0.18720998105728273,0.1752506705729041,0.18830268611902132,0.07628880326181844,0.061280816382002855,0.194203727233146,0.06868005522232057,0.08979143892352566,0.12455998785566032,0.08143623116043096,0.1618282493182677,0.0343583809159962,0.1949189971620276,0.22323229722001606,0.19715899427382366,0.19084327052932223,0.09917666493858193
0.07151292962603664,0.021635224876523473,0.014524333518919852,0.11655670497632459,0.05212390709327613,0.15495824271704906,0.07752394973880802,0.12177333791294939,0.02942821611451064,0.18300096071781133,0.1678180572446543,0.06588228791239474,0.04822780520341459,0.141327559105401,0.2140101166589241,0.052847233156337436,0.04006229123946925,0.13658325394730209,0.13723620670522535,0.10274279703112221,0.11914926420180039,0.09712184464635898,0.05856192271768579,0.05216567908250959,0.08298350765294052,0.047291222883159276,0.2053732614862287,0.11297558142746322,0.16714214183581,0.15905313328172233,0.14135624446663836,0.09363928263494406,0.07859811128464358,0.05608465332775666,0.13742128316732177,0.07175407093882383,0.14691543046861055,0.19415000904548407,0.07667667670747537,0.1306953755795207,0.06535476791163898,0.1355549182913801,0.2730154728091455,0.18372732850504292,0.1667734196819543,0.051545036604407776
0.048575425124429146,0.06738269183660957,0.045888851017423,0.10344928385531718,0.07726469056404614,0.1464395851299104,0.08327862345279988,0.06901490977228024,0.021336488779301974,0.12976493846934545,0.16831794553039997,0.07007037428267412,0.07290350634025469,0.12361734065888486,0.08146080191305677,0.03221572932150357,0.03073282197031108,0.05852914665553087,0.05223979704752724,0.1252569614942038,0.18529813638550988,0.16930987815502666,0.028044754519684013,0.094933990586527,0.1478677923445167,0.0996047571503331,0.1150197341942854,0.12672001464613228,0.23337082429094475,0.12595753832137385,0.17486669875181748,0.08623194562068603,0.05310465754113203,0.018226336898152437,0.10711669187471194,0.06541297350303868,0.04142217252826755,0.13942555482995844,0.06793422113461622,0.07439108471186422,0.05270855896608559,0.06590611899984926,0.23919171267219205,0.09228022722021106,0.21309408075255357,0.06971760614018761
0.044494505822704235,0.00910205525050306,0.04449280504568291,0.09514428364427877,0.03838052383929074,0.14934130638357862,0.10422991459553896,0.0824720792267731,0.0294168839525487,0.18877495972915917,0.13132676382814398,0.10159165325671528,0.131164459294887,0.13546994378617486,0.07612041135272102,0.054388324672297414,0.04782902358312299,0.11104243708267855,0.11523940743250398,0.0948169977768285,0.13798734932899484,0.0367558304332535,0.0365940168989,0.10751152708937235,0.1888073601644479,0.051095691063319154,0.12092575611852455,0.14952727863274404,0.24427477327786967,0.11880871975460233,0.16882268184727006,0.08848415769532336,0.070857366606334,0.037140691304674005,0.10195612278131115,0.045029200071973786,0.03000240239363472,0.1835880973701826,0.10072889290735818,0.14915510356589698,0.10382909068038168,0.1142054043735257,0.23563843283523958,0.1551401428859948,0.2250577692361936,0.24776310341961802
0.09778587880798362,0.02250948226165833,0.11262406618368975,0.1795995623662179,0.1153306214480371,0.25318590493883864,0.14482946325682164,0.14536214718618579,0.08934140938532524,0.2118559330264928,0.19608173062405015,0.09418667960837372,0.1865049343183773,0.20552027548295715,0.0838211118390571,0.0630886179587652,0.10188278004307799,0.18942698770747768,0.1393771391991841,0.18026559454410393,0.27288943943467103,0.07403939509363008,0.23284952833178074,0.10024250330779523,0.20135220361994674,0.15424333977523005,0.15740577713758125,0.2227084380808335,0.24902596217441525,0.11791828292823986,0.26409042960167584,0.19986269223398226,0.11133921095342539,0.10577897115310275,0.21412526796564296,0.12116867378082344,0.08606603087506422,0.12306777522703054,0.12091297775881261,0.27464396693154114,0.07948099005156561,0.28527698941939644,0.22046576781042646,0.30279070462832197,0.30243875426127814,0.21411918781119058
0.16056908876855489,0.17270800143731235,0.2569865472150148,0.3324042488224505,0.32749769645918847,0.4903277911440272,0.4027059807390688,0.3231302666763448,0.2738048314040585,0.260796507487894,0.3344001148961652,0.35096684110438253,0.40691506715920556,0.256829396265995,0.3931638114893709,0.20381234306702345,0.26821459670188036,0.2325616464004824,0.204284876846904,0.21070523262554644,0.3846596680324796,0.41629998674500135,0.9344787728094643,0.3739285192088308,0.3380899653389819,0.24108575270233415,0.20862086948073316,0.39561241738743746,0.487582846600193,0.32320013942138637,0.39359687680231265,0.5850607327417072,0.18928956392520147,0.1305040797410676,0.22515909168128062,0.26051549103544785,0.3590378790086168,0.2886261789909856,0.23513091330185754,0.5608665185517616,0.18505596441707692,0.889075117421072,0.4014787502263739,0.6405331585900944,0.44851297964399134,0.2824829914519307
0.15925872919046788,0.15147842774394665,0.4854293883412105,0.474807919361325,0.4013354992530243,0.5713851642610526,0.3388777697662495,0.48414127629391346,0.34897046401863113,0.2431693591560656,0.4230390599144908,0.6426683339899492,0.5060873921852254,0.4209494138728691,0.5166718559316422,0.4645401397940763,0.2585027433262373,0.34113314565337804,0.2320436860689571,0.16716482631161972,0.3820133020661425,0.6184075175198611,0.6950744431098739,0.4624488510220788,0.3233752447312539,0.34388760562824605,0.25167362920384806,0.6594075251421394,0.5597516208672837,0.46153323197389023,0.4426116266953715,0.6468876454430905,0.26721134392164847,0.5073616427791282,0.45919723829957815,0.501652821397691,0.5512703248979618,0.5106497141889492,0.24370243668275343,0.5077156143569835,0.23751720198503182,0.8309037939018505,0.3192883174796661,0.5153676053820253,0.4935640912758102,0.3128178696813826
0.22660149186877432,0.09726237449073367,0.7205690431809283,0.6795966512114306,0.34410123577974505,0.5964659762061223,0.2676323016110653,0.5076012432415953,0.4365199532450766,0.2128105439508016,0.4460818627588436,0.839174364158366,0.5608290445648005,0.5374750242130483,0.286819073614712,0.6131450455788887,0.3471256039602428,0.30201885508843074,0.1591865956754956,0.21969048449296746,0.2545702485702709,0.35913958889619263,0.4956707419431624,0.4642034635053802,0.3426267469517004,0.2604564560530586,0.20652061601116095,0.6611373624970185,0.5511168448784507,0.4897175673616318,0.37466028491257664,0.5838853096771771,0.18269080216038933,0.5804042645995675,0.6237591877879447,0.6507704360695878,0.6108557643255026,0.5418839370394256,0.2763486249165017,0.43168258354095745,0.29489806791330786,0.5780014154484758,0.3251990376874098,0.36402251450294076,0.4232549765058282,0.2746747507193561
0.29146237467082187,0.09032441046378233,0.7271880451105631,0.6203293739857023,0.2903059735238768,0.667996229928355,0.36943491155013963,0.48845010341652567,0.6293258969163132,0.22891024526043938,0.6090994596943977,0.7404720314235703,0.45996207050565374,0.44972123447060597,0.36978080221220605,0.6630453814868041,0.3748794468694396,0.4337794833922174,0.2330483487017712,0.19949554338315614,0.3282434592637064,0.3944587991250689,0.4230097853459402,0.5915122093361236,0.35587609174503565,0.30104135193054954,0.20262706272229936,0.8198710515932291,0.6464775282950174,0.5800399023081655,0.43300715196520784,0.6746983010819286,0.23505863363518045,0.674090681283935,0.6938583138145306,0.6670574814244129,0.5963312265549903,0.5843620155400489,0.28713318199811017,0.5003619370173853,0.31487888438571887,0.5940095378655573,0.34287318645793174,0.38003705002723964,0.5280524920910494,0.5037746310431579
0.4160039117828772,0.12684853822249315,0.52383787470244,0.518994848805757,0.26313587088139656,0.6005814956272223,0.4592287974873278,0.5696086364048012,0.8590603192282046,0.2594810403093091,0.6649730844025015,0.6518760140973481,0.44834452656270196,0.5660252664093866,0.6212004654722587,0.6756729429307595,0.38005726119529115,0.44366687952866557,0.3329952858941945,0.20749036247143446,0.29180647206264115,0.5031447245404885,0.42864954544272565,0.4988296704515628,0.3940857321588642,0.4407278762966131,0.15508358176711196,0.9411120364175244,0.680373177113334,0.5250214632214136,0.4511798530894056,0.5165033029634635,0.24411109567691017,0.5497244204279618,0.6240865614706649,0.6441932464296163,0.5586870387220833,0.2997936015792152,0.39506390195158453,0.4546932728184513,0.45745176325737735,0.5623293081055827,0.42922225481523263,0.3059030095744609,0.6426433111004783,0.6710770347771741
0.41156519911765577,0.1569034963102114,0.5336135118663414,0.5903989548324706,0.2561762376081115,0.8235575002335807,0.5896708223417547,0.7531066271508775,0.6142835188096472,0.2995209272278708,0.7372666001911818,0.6313567493668694,0.4368223913271404,0.5614193614583842,0.6164767870160477,0.5646635437939764,0.5057154709263297,0.3613009934711826,0.30037898639986654,0.1899363108038058,0.3299839091397058,0.4632737960258047,0.41402297010168526,0.4962685769883981,0.3332478752540695,0.5474531557328157,0.24439772477495758,0.9500887620575641,0.7135180898894843,0.5548308215706484,0.47310329934140055,0.4757008479900735,0.23486685441565106,0.6738729574168438,0.6351144228116551,0.6821050580524625,0.6219890838388814,0.4570077306228593,0.43353841271337934,0.4626700983983083,0.3804668044358238,0.6904177428312939,0.4498063719959612,0.5501498245069814,0.6034283862322983,0.5229114536227607
0.38799248768265904,0.1119123556903653,0.5207174032582784,0.4733767432812788,0.29620665636728577,0.6702476062565255,0.4866647006634398,0.7866982385760094,0.6959333834935366,0.22598399566583435,0.6657838643761567,0.8204349516309176,0.44661169925521027,0.8047250599863895,0.6177197541029812,0.5847338730735634,0.44940727658225943,0.4986686245373638,0.3341848185757477,0.2342974679834033,0.34569245525811493,0.33200778720433705,0.43680585706231084,0.5903351264137038,0.4143451410049432,0.32396988111426217,0.1603300295010817,0.8700671299612034,0.7346195190859102,0.5858149150044397,0.4551312545474626,0.5535533036766189,0.3287175821579983,0.7148349423491304,0.6899120422921345,0.6610920220878145,0.6795328577545406,0.34507619784239885,0.37283168393373545,0.6415733840281104,0.3346686548513579,0.6597002396371144,0.49464846649685634,0.4930869045952247,0.524142936753253,0.4032979093185164
0.2698652067152315,0.25002706008577624,0.49849561667503295,0.5028444976594251,0.3291954525663431,0.6198541270320924,0.5182535110472468,0.6995592898582319,0.664528585473444,0.22263218359454032,0.6898785839007714,0.8758590108177084,0.4173203586726141,0.6229603188711901,0.5250794547530058,0.684171237744272,0.4043184460489961,0.3364729937417189,0.3478155287233787,0.208567930230197,0.34435620361083064,0.2772052345486201,0.4286690780252734,0.594773743340972,0.40111451906607587,0.3319618193492914,0.3040601447205114,0.8399285409528318,0.571190545340788,0.49907142832332113,0.39156785529679683,0.675860310833324,0.42498015970294645,0.6890518958762089,0.6332247222690647,0.7048149583001779,0.631949710699813,0.502770557260984,0.2903385913801263,0.5680889094243816,0.4527371097870191,0.6655743661322299,0.46524550685513455,0.4552409979710215,0.5278321160204938,0.3652887079227045
0.3499233113066106,0.3944240242035088,0.5430866125529752,0.6152611149556844,0.34437866560236396,0.599513290829459,0.6075250579421589,0.6687576098595231,0.62257006632101,0.20890070432249136,0.6902827459269182,0.6674062086899935,0.4930646453282872,0.7758312349925721,0.6039088306791843,0.7053855972639266,0.39287746202098256,0.3494922493012472,0.3265079870694167,0.27098240513257793,0.4407967944204548,0.25306812032262094,0.4908124340185318,0.48171766389488613,0.3393843330823646,0.40617909359383414,0.08520761556375439,0.9131781995401208,0.6807770677582897,0.49614280805958505,0.5522784096656492,0.7885163546594527,0.3233939897219045,0.6856450125901004,0.5854621004730666,0.6692703579846697,0.6410657746565798,0.4764443688342895,0.3314003454688024,0.5246559771358243,0.37205749428023505,0.635123949019107,0.42413395276858984,0.5144898576862165,0.5618434950900173,0.37560122849272426
0.4415567116927373,0.5673184520562489,0.4031048874871568,0.5597878696944436,0.2871366172769551,0.6696934104731211,0.879371792945771,0.7359384614362584,0.7242478570151966,0.2605024430593043,0.7319182741100412,0.7618553987534182,0.5383620112685821,0.7049455713865981,0.6389165674162469,0.5665090257396924,0.5145350579049254,0.35189340573836136,0.3743710772314107,0.24734981688158206,0.3672243056869888,0.40690581913615126,0.6644085908282954,0.6832243264779633,0.32425524944077705,0.42539839386582357,0.12845009461849158,0.8005315202941303,0.7796716196770783,0.5622378529108532,0.5426082597527074,0.6241984776242395,0.32765280945199476,0.6029238877738039,0.6129218345700724,0.6752264749866653,0.6777640681475444,0.6448399135417274,0.37957627314735115,0.6530625184462379,0.3946810140402348,0.8342523632386646,0.5055097982453671,0.55773076328326,0.6682500562529264,0.5865001777650658
0.4421249143208374,0.600825850298768,0.4505378906192449,0.6992878448805155,0.2570325879221204,0.605439541302418,0.6351062067924065,0.7882961759452932,0.5863963075407925,0.3938809684438108,0.7099440481823294,0.5575510449310851,0.5327290043317802,0.6443312949869593,0.7448715110757657,0.4974717079934625,0.6362382816900617,0.3054339747412078,0.549144329825515,0.40050301329679944,0.5048790755871781,0.42313273249436256,0.8173497523555145,0.5714368072190966,0.42099068204977536,0.4453557580234967,0.27446778475906014,0.5729321076769962,0.6905633980337392,0.5594463358189108,0.7122759831185915,0.6718497493915078,0.38691293229876056,0.4746936066488424,0.4272744800773486,0.20183538483228577,0.7677265139872771,0.6222238986485387,0.5078433334675987,0.5680568335219384,0.4814448421217645,0.694807848951723,0.5737893952548743,0.7832197529208105,0.6626272788077389,0.5804761351458422
0.4424820943673492,0.1956570187685306,0.4042160261921822,0.4472050779392605,0.2014564677812576,0.5797123070124743,0.4810543959625143,0.7563817180695387,0.42510562224775555,0.5534993963947199,0.7093934579025775,0.5998648136154149,0.5697322256580198,0.5450134174139715,0.5619364038188692,0.4443861890097192,0.6025241641038751,0.41397514012597514,0.509740507064889,0.5297252341651757,0.6744173530139872,0.42827792575519025,0.5268311674598366,0.4704961033350886,0.6079321546436699,0.4884120118971101,0.3077779268956553,0.6404449486181432,0.5950184107592468,0.571471744876507,0.6254404688927191,0.7068405311867462,0.41448349877499147,0.4358236442570853,0.5357878589099675,0.31271365427949116,0.5220990888243157,0.41737339576740495,0.6085045924887602,0.6115227941636439,0.5922123706686302,0.6627495201256909,0.7556882424747442,0.6328663865541451,0.6271540888483892,0.47545100001665075
0.45606267015753693,0.11320671562034977,0.3406909906436395,0.3502323660742431,0.18260000614475586,0.5719927750362587,0.45491117625530175,0.7536137396627741,0.5423060871576862,0.4982440853703613,0.5939332173775586,0.6580091633805162,0.5945145591778151,0.7666812854250616,0.7170771824013474,0.4534354508619851,0.5961580439609228,0.6190795665845462,0.6157639772775617,0.6475162115128222,0.7193545205304752,0.637433507441586,0.5267711499023932,0.5568118385577826,0.6546317533723366,0.44874206923774496,0.37316694630825464,0.661541658946505,0.6615267004526693,0.6306983051503882,0.6991550817268504,0.6885107878589021,0.43674740282336594,0.5364878632135937,0.48097710647954417,0.30067690297864685,0.5004676108440408,0.4770184804901915,0.6459317904282046,0.5975936403034225,0.4541965287250851,0.7012476449630767,0.6006730020079153,0.5767318981528193,0.66094373818563,0.41491202860396714
0.44741667019060827,0.10096389443947472,0.3695320967367297,0.3637962659420764,0.1262759145520522,0.41596718880561934,0.6222184972600737,0.627185743165099,0.5123087970200506,0.5599454040722364,0.669320613938132,0.5904250405815926,0.6293919887645955,0.688917047037424,0.6510877735787594,0.2174032083253511,0.5068399355735985,0.5597702041383886,0.4578291426488792,0.696238035933357,0.698966435400749,0.6405073787229061,0.4540535968012867,0.4759505258427653,0.6732313040448721,0.46460917306014576,0.4272756817344984,0.6651104809000786,0.7274768356558576,0.7739710336846642,0.7537841972558388,0.6737579722316396,0.31336496681127257,0.3000496411514098,0.48814663764353516,0.26261351047282977,0.5492738333856522,0.4105463456752523,0.5345588303990221,0.6115556954179977,0.36263061832155685,0.7076010343475015,0.5508939373435997,0.803696600360094,0.6751086454184947,0.3382970421224497
0.24093427304749976,0.13838981408167567,0.3351698756744613,0.3747745367860396,0.12114887727138807,0.38187633578326885,0.577990498848853,0.44699687258140425,0.44088067102031736,0.6045882086555215,0.6153949524543446,0.5701895745940335,0.5360658178613594,0.6001539193452976,0.5820027337097368,0.23036267656737625,0.38739052175005145,0.503765117819802,0.5092469407742541,0.5452298195529198,0.8181962365437467,0.5428679579071324,0.39648758751522617,0.3932940613267083,0.5176960413826746,0.4159793634451654,0.4517438576735243,0.7441751030201842,0.5597775748311152,0.4906221027131494,0.7201515285234916,0.6342275476328139,0.2654217594277332,0.17054835872705568,0.4553116430662456,0.3457900138629467,0.43124840797623065,0.3843531030101754,0.4927081244941523,0.5961323473564863,0.28986467622173595,0.810222505037553,0.5063422554055979,0.6610006382458171,0.6598977475489669,0.4337692825000923
0.19358275539824898,0.10533944388820506,0.3039301516568681,0.31936927068185794,0.06335466379658986,0.3073419089940933,0.5296719917230356,0.34046919556382305,0.29753724726974967,0.5190366869567656,0.5135918044431202,0.305558736840824,0.34127335523472235,0.4712413230282775,0.4423148408370448,0.22586762802536142,0.25627222698150304,0.40358078729131286,0.3598908581865162,0.36812654837206127,0.7615407543197577,0.7760758649372406,0.32910179124858435,0.38995546237509526,0.5127301992982519,0.377431182645892,0.32640497046765,0.6237181438626088,0.49892931846724176,0.48860260851228415,0.6763791238192739,0.6136917568991297,0.20187547403313705,0.11933577653434455,0.40131123167091964,0.33104119484668004,0.3775515669648167,0.35868956718170414,0.46759067932230275,0.599086165717054,0.18711570896820026,0.4975123514331696,0.6122912352125017,0.5223228409284386,0.6347371015569305,0.36357106459199584
0.13730999059629648,0.026263733416002057,0.19440562193670974,0.2702908827094801,0.06225409298743983,0.2403612638386928,0.34614186127302926,0.33783767517282676,0.36044261353401413,0.45192559449576286,0.46073542210189733,0.19557267838105974,0.33080488619553805,0.3060304223787075,0.2813019735863146,0.22884971566009593,0.18105612043343605,0.29009608172449586,0.35332397499737755,0.3126523800159665,0.5370232046336334,0.5117677546350178,0.36884502978174877,0.29157038697396515,0.3512830873798036,0.33153158278455874,0.3926387281310905,0.36828018684693026,0.46755712770240365,0.4220385315542939,0.57513316533726,0.4862011668250237,0.22975011255160546,0.048315586514913876,0.41722489144766733,0.32791914398715133,0.22112187028310232,0.12087347733264968,0.3719605599384834,0.5523012615378843,0.1193224538995186,0.4521961859715459,0.519108698366842,0.379504983504598,0.45420426646139866,0.3136640289554947
0.06639838850482307,0.04395222043621538,0.0431429979316566,0.17431844366402083,0.059015044998138484,0.18805452668591674,0.3830712117366162,0.2874096940335389,0.22216823874508843,0.3736523306245872,0.4723743986589815,0.1604755724639493,0.155206335890599,0.1737904669707595,0.26967688794753386,0.12983159574144293,0.13775092375186013,0.22045821886607428,0.4345990920901015,0.2279041784851392,0.47306378727704207,0.2977439271585055,0.17073745338636517,0.1935758244473837,0.20948745547045816,0.21168129616680093,0.34364149370927544,0.3518653666827637,0.49772630575296506,0.2346690807512072,0.35940316465940875,0.3102588908891144,0.2944352556897971,0.06212867132095589,0.3135555602906728,0.2865680015242952,0.14955052976395528,0.14781048476603986,0.29280601397683265,0.5012974598259746,0.10376109191387461,0.34487918704748627,0.4938475503257933,0.28902695088846964,0.40857949068570265,0.2853188500900885
0.07563562880578231,0.011187147473728808,0.0959985327544422,0.12319941403020426,0.03877781128834668,0.061552914762335306,0.38874381056130536,0.16544557290745798,0.19101637981959377,0.28933556602478977,0.28112604749299597,0.14982340808813288,0.16228863384821898,0.1447810489105168,0.32851310688187707,0.07193041212555812,0.14208943803863475,0.1519305938469443,0.37729615862389027,0.19967502557683817,0.36558120955628665,0.18681587719744602,0.0911715815786555,0.11762639956931044,0.18596146407144182,0.16423098160618546,0.4022209091085274,0.17911095960775658,0.48876461007396443,0.1851456508153258,0.30077853845075675,0.19513356912099353,0.1892050711928093,0.0383432706881777,0.18988485303740893,0.184677618021436,0.09488534999000055,0.13250807804766984,0.251736536828591,0.3697136285569386,0.10583378222278494,0.25866484768522846,0.39045816555189744,0.1605600433272995,0.3087173712514998,0.2453366570805379
0.07527043797535968,0.04405285280257941,0.05533019453038915,0.14467220603383255,0.02088809765941857,0.058286131204619576,0.2902738590586609,0.13237314688643564,0.20655012638650488,0.22421378733213407,0.21787905578896224,0.08865421103035562,0.06029894628702333,0.129728203519209,0.17190081260998655,0.04397462244477408,0.09655688228545045,0.12605295050748885,0.07168389101519226,0.13562350536510942,0.34678661933630767,0.07092674314573597,0.06182431344861558,0.19859078877108816,0.15729083049658926,0.0903813287761536,0.19842793069476417,0.12944402609327396,0.26933033867002426,0.15510587560934916,0.2903590954119389,0.08189873981875018,0.10119759568191336,0.056324277603380386,0.1013428117476758,0.13148684171982106,0.09053723652337987,0.19408562815825425,0.13134352695243817,0.31552338866954033,0.03743352860720067,0.22028731495827997,0.31420218438841807,0.21557494883106554,0.22280619843973903,0.1942867444330424
0.05001031162660744,0.033990584543419244,0.04998288805691692,0.10638161052018888,0.0694159457964284,0.04467862517900574,0.15010422764792436,0.16839066767988148,0.01688919574914712,0.15339206489040216,0.25483841505707927,0.05972501253333751,0.07796956797098778,0.10142040772243513,0.1433452510616487,0.04546721352127159,0.06221467876437084,0.07612000049571309,0.0943761598196126,0.1358947961771153,0.23454308614516245,0.05742738278871417,0.0473853666859657,0.13978405291040719,0.1132205805217088,0.05071324133633359,0.23856456691132,0.10160407920872189,0.1670354115062272,0.16236690941596216,0.1793109196854944,0.10561683295684493,0.06264495418411427,0.03066421994371131,0.06322099641281963,0.12324128097557949,0.12267891386947229,0.15716983203963242,0.07915596940607537,0.20322024556151722,0.043945321930858386,0.18511204225056666,0.16260201927970838,0.1652258040267827,0.12994319697185486,0.10974981316394641
0.015332250354354433,0.03653277995773871,0.02852659858272097,0.15801094806700275,0.07596591423114651,0.07402448744805601,0.18058850922909533,0.11114171404397144,0.019872157627448334,0.16261257861431516,0.15039789773048665,0.09505353687298948,0.056177809703802095,0.15840594647689188,0.17331527828294818,0.01941490938434097,0.022807182504242043,0.04819423166099404,0.08807479962748536,0.13984570619547282,0.18156236103988888,0.028274863363810916,0.034423395451871924,0.18252460698427414,0.11816142687003328,0.09291498173418004,0.30693093023276735,0.12577795543902262,0.13306699882930634,0.2398791845080908,0.1978551032395119,0.04499799707923933,0.059517014678895475,0.028654144029629652,0.07946113145155899,0.08269320046385725,0.029124147470309267,0.20208592972132838,0.05959087952970887,0.23296584072247334,0.03922790662121828,0.20048738063801935,0.17791748230989274,0.2310904910253912,0.23839254344026026,0.21220614645946076
0.047051578316267335,0.01743802363546089,0.0668082585348083,0.08584493754478659,0.04239371212522124,0.1224471218734269,0.15920943922084319,0.1052046971818482,0.030153902168877745,0.23177883611574387,0.14102742029810367,0.12005047901238154,0.05160311088450127,0.11650111029639931,0.11753438553811624,0.03272290215521859,0.07725837250258046,0.09385490261402189,0.0603819674882143,0.17750683455193908,0.2590521871763477,0.07367624582892943,0.06473633488752034,0.09064536760055965,0.10829836805057996,0.09204427230561849,0.2673510059849218,0.09790694572118222,0.16923465956724826,0.297044480844031,0.24363213986545143,0.1003491216262388,0.02419035182717318,0.04508354492342375,0.08262925452012411,0.11614634672821991,0.03647604201075316,0.07567282696802226,0.1122325166454292,0.14858782401583262,0.024330758680567763,0.21574650892007902,0.17517371993073952,0.19201316931587714,0.19436906899542553,0.2355441705001979
0.07604511475097989,0.028421731472564778,0.08780827482116317,0.1714155771850197,0.1362737627125416,0.17825257376404996,0.19714911812930405,0.15229639812866444,0.08198203210621752,0.230901185208878,0.1836476494403753,0.1893966430336778,0.10682366215786285,0.1671469194663161,0.08918639144101176,0.0775087817551928,0.15983826993619887,0.19267488709698188,0.15250229907327806,0.2619439147489181,0.3157752532068427,0.13119821910397,0.14630331303141617,0.20787350068024257,0.20222847013216097,0.11439746076380419,0.18271263730058424,0.20175559615508248,0.15272647376936216,0.3307545956350883,0.27854204679952294,0.18920287450280585,0.028588726392863893,0.07296146623488156,0.16360134082035643,0.13525924950339016,0.09412053553179152,0.09932003454003054,0.19426383216600313,0.2400337946194755,0.061325360128636666,0.4280015276939604,0.15531858694478187,0.2580072382959637,0.3449130273161747,0.26211884681087716
0.2152145718009303,0.16758528250756688,0.2519719232465757,0.28948603508757514,0.2570532454591171,0.5060954872771366,0.42613257653592906,0.47582111341383854,0.20353230139599393,0.29585808833005856,0.3937437761703521,0.41268775808136315,0.324157201565645,0.2983452675420689,0.38552563073641016,0.22928154791059036,0.2823726416946571,0.3331469593511971,0.20308770638773688,0.3532076062252496,0.5066667507186351,0.5087107030710126,0.6940421208160539,0.4803831142100381,0.34962008091452057,0.20297928040635746,0.14587241634587853,0.3760082418422666,0.2681197711709364,0.4188858990552331,0.41180480927865903,0.5266120416127343,0.18475562490356098,0.21581101149010778,0.3705056922334141,0.28447786028600935,0.36498514389259734,0.40299202196817435,0.26740186576513253,0.450116969671426,0.2354205322768049,0.8724692490746198,0.3453732693799447,0.6621984159236891,0.47184232827866407,0.4099040334806753
0.23005741439034877,0.18873076905062053,0.447208188267211,0.517004712772746,0.23722077001174646,0.5253209909879529,0.3970652455401441,0.516479584904753,0.38944599168693583,0.28684312081546914,0.5645817517794041,0.6118126395283268,0.35285660023635124,0.4139843741151289,0.43674547443724715,0.5707761149493941,0.3102609916565023,0.3903653243677747,0.23660338581666812,0.27257957534398963,0.4114657592462158,0.7296488652955239,0.5791551410732502,0.5407373934140788,0.3973859999372566,0.22873174692091794,0.2688964325925785,0.5257595737062543,0.47710473373343965,0.5076521820909038,0.41413174622543036,0.6570082810467188,0.28541241787675364,0.6641383106473395,0.46821211693402753,0.4906270446811431,0.6433037006408587,0.25803890881265107,0.27071207162984384,0.5632842791819415,0.2778818292240415,0.7488226558812638,0.35932900554604974,0.47792097896772595,0.5172596792439057,0.4408413067760609
0.17233009529527848,0.18481213730850127,0.5002533759138391,0.5415601009718647,0.2789021958216234,0.5926085585140458,0.7030036106757556,0.5018835650027054,0.5264571579852911,0.2110779701998945,0.576715216644474,0.843167167179067,0.4511059718803583,0.3184320520186038,0.39146898997987273,0.7251480171115182,0.30703647092444236,0.39663154009283297,0.20067554545043803,0.37534286040987047,0.3009160910526588,0.5123380767696689,0.5016025531432393,0.6087986719267904,0.4185948560262851,0.24877918812884411,0.19516402452910203,0.7589935656839263,0.5871629900120002,0.4424715281361723,0.3862115158863939,0.6821886783918044,0.2858440949801221,0.6274573891579261,0.6278432075471746,0.6576731282187082,0.6234330811365768,0.30768841299962224,0.20785409105436659,0.5367392098688564,0.24310727454684458,0.6469957491689644,0.3512694313951087,0.37843153285748404,0.5218051718086215,0.3131922689916323
0.1904861891589157,0.1784301330575166,0.6146156585540073,0.6060425905884839,0.30415671866124866,0.5997873864458219,0.36329796392170355,0.5037593641936431,0.5558130754337888,0.22566093571985743,0.5450223974312354,0.9065526008153866,0.38512413782050603,0.4368145834532141,0.4428899020800052,0.6738049182646267,0.32211498056928267,0.3458100724362312,0.21983774294855024,0.3395056063944984,0.45406963732197686,0.28689564636429077,0.4761471256238269,0.662243026658001,0.36331969278106424,0.36415436059533124,0.24349343172459648,0.7615385812793625,0.5758459366609255,0.6281226019356467,0.4768597917206319,0.7557030687963312,0.2861116971495064,0.6196382018249839,0.6622324027428256,0.7989335805623442,0.6311724393165555,0.33339250143781646,0.2929021061773767,0.5721938694007329,0.3244195075763221,0.5129152773885957,0.31117284110238885,0.31880761124119633,0.6200131947426525,0.28105925712726776
0.33226079263962477,0.11501271234284179,0.6066168799420029,0.5555251124587361,0.2873993321913693,0.542211209741001,0.5658544006867225,0.534906668760817,0.7742177074324199,0.372173458872274,0.8111943809490252,0.8184114459255706,0.5123531830929603,0.4114987082395506,0.44521027864378626,0.6827936756235097,0.3727168243177854,0.37507423283925945,0.2640340178978286,0.2962960791204758,0.46335087541666214,0.3793529334557806,0.40556995909284566,0.5296517888993966,0.35820727592752366,0.3726268843313031,0.2797872093625348,0.8501801327618341,0.6408263491063685,0.5190701282990466,0.3963339943545764,0.6553400270643945,0.39475495946551126,0.562297497166863,0.7800911430695388,0.5851476727962119,0.49857221021111237,0.42288417395042555,0.41017574820594155,0.5280886456456694,0.4180255823412886,0.45836432713873,0.4820065738827502,0.40461617183072246,0.6801424557852105,0.6569827445637652
0.32946956711268105,0.17043362895336023,0.42967479618415183,0.44715641664424816,0.28189248092328356,0.5953003438101734,0.5474379041243187,0.7045131141534537,0.767745984485254,0.26036928161375944,0.743188677931439,0.9336493188838783,0.4543295520860443,0.6570474584762426,0.4167305229514556,0.5862252339188875,0.40206423908331956,0.2851265888219333,0.2896086948993078,0.35048800067982855,0.36919248170145946,0.32530877447144857,0.546399860400905,0.7712044386305061,0.3846027228682697,0.497694232364799,0.2564445870343451,0.8268948320471725,0.6278670378319259,0.5727323232637026,0.4303371153625687,0.6092474973365383,0.37821476121812725,0.6370137587452586,0.5869722754041611,0.503930539519361,0.5961891403024028,0.35819455038719133,0.2963277624481757,0.5578988978752715,0.33658924640373755,0.5117766924560921,0.4012152784692772,0.5046599408550712,0.5196095153585271,0.5138183791133815
0.250041680613632,0.13697113287338436,0.47581669038724306,0.47950070732421685,0.33574507598593306,0.6362440853233127,0.6212079547492766,0.6799549354089649,0.6838558263815829,0.3136244084007314,0.5872896226781794,0.9481394377347706,0.4282388528792692,0.6221933407703767,0.44384291706831497,0.5483465841745649,0.4045290352207037,0.32621695607714774,0.30381719258945383,0.34425207178966577,0.36181859919043785,0.33807771384959084,0.5630345337040054,0.6509730903929715,0.3902970911845222,0.38472056248170805,0.09734148786962504,0.7030023426401777,0.5150505994126032,0.5758150850663124,0.4673104550892998,0.5426394862656053,0.27557942323992446,0.5161050553532779,0.6024703620477899,0.5673079976099354,0.5960494078089161,0.24876384290246534,0.2832812857067156,0.6156535544721738,0.3046839133796164,0.4553598715872473,0.408943131493464,0.4216480625620443,0.4744640012058482,0.565108958846912
0.25124039597003095,0.13659778974458248,0.5713421379301782,0.4331807283053858,0.31078005431440797,0.5193200051689714,0.5081825773288159,0.5096670377438198,0.526281431460747,0.27353116598444666,0.594405130305749,0.7906584469117369,0.5037204476767457,0.4372398645840916,0.5937813670907742,0.5726504483038559,0.42279811600560735,0.46218716980695995,0.23332973814495966,0.35138326508948386,0.248894776194438,0.29655617283476376,0.6064871998914524,0.595092552762102,0.3862740700989837,0.3204492194239875,0.289717632872836,0.7128990598812809,0.6751940513362988,0.5442585648842759,0.45269318721140517,0.6616664525574196,0.29201852300838366,0.6348881376816268,0.542106178090145,0.6514767987642045,0.540134928469305,0.28674302591108847,0.33248836239300467,0.506281880002873,0.2880301201086033,0.6480736171975774,0.39919374716880085,0.3752450785246536,0.47541011081643897,0.42109684451622187
0.24196956921822022,0.30922603415184846,0.46951677131580805,0.752850395584066,0.2884804754267967,0.5386203887279876,0.5846229708181874,0.5380333774281675,0.6615725698216964,0.26105282994528123,0.6590141029638307,0.7869062775131966,0.5462847827613337,0.6267217905028718,0.6672703179309772,0.5924672294063968,0.4256833780822725,0.4902292338134432,0.2211108924927399,0.43489446975322926,0.38586760673580917,0.28337172502772867,0.48068963715546775,0.6550446270580949,0.4037968967170422,0.46087263099380077,0.1264568502050695,0.7143120592150038,0.6480639474948963,0.548162696908296,0.555976609861683,0.7705753245946205,0.26657974036837434,0.9008618622695732,0.6080777915446718,0.7011181474156292,0.5463997232025226,0.48906263519225895,0.26025698252472673,0.5645801459967095,0.3130426877734911,0.6409916518715384,0.4570018443820831,0.42879563415382876,0.48771720731578555,0.44130597068003774
0.31270691173756887,0.9999999999999999,0.41311993949212855,0.7291412028211421,0.3279152256055029,0.5966401675712062,0.5174619500034754,0.6044206172132428,1.0000000000000002,0.291580046210972,0.7442707171607373,0.7190915383597722,0.6467690865580319,0.49073389702185843,0.7504496981126514,0.612150198069156,0.4982942936768803,0.28216867684027225,0.2259447684557544,0.3433648766401506,0.4315807950086942,0.3536053407828351,0.6790000687158996,0.6808221283017731,0.4378662585375843,0.3883898329507896,0.07789763335104408,0.8243549523992616,0.7690207519215242,0.5188882371098236,0.49818924421394,0.8367607773409533,0.41415508440661775,0.7124819012902376,0.5005171675757009,0.6915982664728632,0.7507672395674291,0.33221273145515606,0.319690522298958,0.6090584073393609,0.33564128647135527,0.7639398855483457,0.439792861093974,0.6655787444423611,0.4803888683332513,0.42705863630003693
0.3796128628637609,0.5252539425924977,0.4196668719685781,0.6938877325760147,0.2615792474759443,0.6318778493289157,0.580274278868157,0.6647318598288685,0.459431876333862,0.4502088121115947,0.683990645875497,0.557891036822942,0.7122102324464782,0.5157870928873315,0.8694907827580455,0.4292501937441429,0.7379733403549914,0.3958271276494575,0.4380079945564419,0.4266155311206054,0.5024195715258106,0.59200099203759,0.750494239772786,0.7186605067627981,0.42398260597119586,0.42278250250939897,0.20819391718344793,0.6110913895292839,0.675735106134679,0.5659836474605129,0.6580783814546415,0.7585894952080526,0.5231208235531574,0.40573905280943723,0.5855334928424354,0.287931961774698,0.9999999999999999,0.5433713854671167,0.5219534246283234,0.5523512349332718,0.5387475170987155,0.9613245287004576,0.6793883145469245,0.7266423924497163,0.6997370921205216,0.40597084095744385
0.33119280241077725,0.16223110825153725,0.4052595627538881,0.5300485848997294,0.16023704515530826,0.46908421758781643,0.6504004781555622,0.6980686369391395,0.4142968733392012,0.6013032649715013,0.4834158146602178,0.6011149010998882,0.6844722915384851,0.5123356317056419,0.6405737410685899,0.29124408364589505,0.6094867446880384,0.5083558850091265,0.45325329018601584,0.6204068283155252,0.5883284444723154,0.5184891905917357,0.5343847645024048,0.5671108512528142,0.5003573269903551,0.4621626554789231,0.3691130103227531,0.5426363258882223,0.5448939080536219,0.7148438532658916,0.5677981250158087,0.6659587267964201,0.41515828328438237,0.3030312133154459,0.5831561006238599,0.33409230170013493,0.5960743934824847,0.344244673882387,0.4777450438241258,0.5867062079126042,0.3846476663517596,0.6894693909188311,0.6140801878145159,0.6803874098913532,0.6245023919789375,0.402885619891443
0.49855878812045673,0.14699455462409516,0.4080968194478052,0.46495265499960453,0.13540986992136214,0.44950899411866535,0.6231951669263871,0.6649610650809613,0.5517962278952961,0.7092996450781828,0.546348596561138,0.6174094678645382,0.6517993591109822,0.584067066667392,0.6622746444884725,0.280277840797938,0.5538944873122449,0.5478814591536955,0.42951190037983966,0.837527876889492,0.5901311767644832,0.668332981840802,0.4561676928596024,0.5508867110962496,0.5748514990977147,0.44727426804115505,0.3945878981653041,0.4544191904249352,0.5921664734896237,0.8201260735794376,0.690055539230032,0.6592639831460267,0.2762764641948729,0.38715859613058906,0.5381591635870681,0.3610062211072731,0.4016938070046243,0.34414158352228813,0.5359159035078146,0.6872634195324049,0.3248451818387449,0.6284038736036118,0.5656872020764806,0.699858833381082,0.5819876901251109,0.3326661919029482
0.5949792542882998,0.15249026401780663,0.47889280601304374,0.4309323946112652,0.1426521035429874,0.4069159650107597,0.7325137165899079,0.6207611937261508,0.5604247551740981,0.7697494413897219,0.436622828679219,0.5300920560594922,0.5019799686314464,0.456597954165727,0.5865519099874422,0.19287839628457676,0.43948273545782074,0.5894996833151287,0.4818928402075992,0.6534222590514375,0.7292571336089457,0.7069281450346182,0.5210211568011864,0.5190067369217287,0.5974585094547901,0.31566986177283995,0.4250590460170246,0.4790136050588422,0.63998992055105,0.6453650241713923,0.7111035808239018,0.6876491479604951,0.3251527950902679,0.25439045816867856,0.6646122108211668,0.3427740329145691,0.4351001525041705,0.48700943770912414,0.5611894155081781,0.5812037911465427,0.33614895511538756,0.7062477724563176,0.5679198505931778,0.7832706800093383,0.5503694601741892,0.3011220896926162
0.23905733595430828,0.10016223334764805,0.3661251525341669,0.4572104345935603,0.12496202033496004,0.3681192430542009,0.773955946696277,0.39975255930682996,0.5148517395728037,0.6167417654551791,0.34961714211004413,0.46871156385970697,0.5746233655936989,0.5506285082964718,0.4942025419945742,0.21007017675668266,0.3809931041453702,0.5163391372578007,0.4407924186678739,0.5367316745340197,0.8860407403739272,0.598320931923093,0.4000544263535058,0.4456772970858437,0.562719285201491,0.4039012426251551,0.31093085235319434,0.5428949757988485,0.663161469667336,0.5301346365194463,0.7008046360798986,0.7480948146804979,0.24611374420965917,0.16523373291881327,0.6075114132320713,0.35734266709389684,0.3716591571165589,0.3753459147926215,0.5752021959370297,0.6515681065414991,0.19934779773579767,0.6547998079447047,0.5156649758826289,0.7814834144108984,0.7402332590094864,0.21525747464387204
0.18785820686784402,0.07537980695383717,0.37032151380627343,0.4171351353676626,0.09345747292081627,0.2694359828922066,0.6408312051310404,0.5371205965980204,0.2725898545266945,0.5688212009068637,0.5185029493247805,0.5137150789239638,0.5115342017845116,0.4206879241745066,0.5181574805152289,0.13117336641770672,0.254236717705315,0.3176176701785175,0.48339821083196693,0.41297882027694344,0.8713378624874486,0.8119251101487186,0.2684356990917083,0.39945871355868995,0.4913519950216567,0.38350596069195547,0.3664591422412943,0.4520836954406059,0.515935466691935,0.4681040940233372,0.6651932660492988,0.6793104242575738,0.3120853382656817,0.11555300219914055,0.548567912855338,0.34873675896112516,0.3174673296074437,0.31675452048326547,0.4350240249148387,0.6270884006925304,0.18118516094515064,0.6706925051543142,0.5613349661650661,0.5518211556909363,0.616517399295119,0.26994050493446875
0.17946030395563178,0.0682377874256246,0.2604954701167541,0.38920129671866993,0.07456732695842377,0.22920883615331342,0.5269578348316207,0.43621545753279,0.23242611155310872,0.5240618880936472,0.4573453301954089,0.34203958536329715,0.2950860630902348,0.32440667198493967,0.4504372329526397,0.11395798916763718,0.23720927933834166,0.36238710393926155,0.328201881806704,0.32141633116711094,0.5124052208144212,0.455423435663582,0.16167212369588937,0.25186867562222803,0.3889215931320202,0.3044643984916728,0.21789214287872655,0.36249883313920733,0.4136534564233962,0.38128824257246025,0.567273828364119,0.4255348365922231,0.19507896994343626,0.07193384185071705,0.3625248358285142,0.2694055219690901,0.3641113589523245,0.42746033411191336,0.4015094642364376,0.5247817451319258,0.16684893172536114,0.5272731742409885,0.5055354975680721,0.45277862550270837,0.5254238983078738,0.1259533655259131
0.05521785289282934,0.027747730575235892,0.11631995461548658,0.2648975302325865,0.04665183380719213,0.13052632463940123,0.2868351268890683,0.3224176476636684,0.1354987942639803,0.3921576252189884,0.41547567367687405,0.18860889806556894,0.24878973038721244,0.21938903020152142,0.33945085854563256,0.09772492475906298,0.1887952791754914,0.30251942560869804,0.3077628106791047,0.2604842695414814,0.35112762354911076,0.395916806727743,0.24120709436227505,0.2767682628734813,0.33458276472212395,0.21250026412844017,0.40521848057667476,0.3088777661795982,0.27743191932418737,0.2815393383131368,0.5371560270144949,0.2782399059320605,0.16818688221784367,0.05391640953401625,0.3268423640297197,0.15441436396417862,0.24988427964145576,0.4175613079411154,0.26314292038294185,0.37277051149311263,0.05788456119905816,0.29139807339853746,0.44385803548699676,0.33452609392210053,0.3631548548982963,0.07241221442922707
0.08118317730751035,0.04224775445873906,0.09725057523301778,0.15637838586569328,0.03413373891261912,0.07171008102173904,0.37755921055902175,0.27591567222035535,0.16111819805105645,0.31706307863877037,0.30144054107619966,0.04539316085098197,0.20334169185660209,0.1834250161803445,0.21116615670737102,0.04648267053308301,0.13346245851711339,0.15299862604705086,0.1977515533693912,0.1914208376225537,0.3316698664580288,0.1952408721093494,0.2252614718583728,0.2061437121174392,0.3045617408439034,0.1292033909517466,0.2358862663132652,0.26782726960586045,0.23347093210910103,0.27317971718987305,0.3597834115254028,0.18668646546654363,0.11270582775844556,0.05614750127389279,0.2171526037934307,0.1059480925134636,0.21043848770929602,0.14397625423648464,0.21045712222800828,0.29321027439014263,0.06693834978800829,0.2624286596310741,0.4555989520731613,0.24836542561935332,0.32553259314796756,0.06043148200674002
0.08434825451237371,0.059869025898478895,0.12095026289586477,0.07541015157528651,0.03224582264547437,0.09601741924242937,0.2074912687260317,0.17707664734097614,0.08772294666163478,0.21246227302172976,0.21939407554174412,0.052455976962964126,0.10568005700017805,0.07638855272616135,0.24897827257172334,0.09724161037308425,0.07036068407206052,0.13598860075133645,0.17365603920427114,0.18103459287945411,0.30467429595025614,0.08352320576973915,0.1551831470661287,0.19731297479345045,0.15804322922887443,0.04973125366637514,0.10571702154331819,0.22944260327455837,0.12340059832987228,0.2103130393317223,0.30049380575636914,0.08009085586541298,0.12860278043866435,0.011945273203159822,0.17476146948942667,0.034799376141489376,0.10494490214051418,0.10227589702874886,0.16564526599834722,0.24093969024129386,0.08591177836518427,0.160491799565677,0.24259096371788783,0.09046663859228554,0.21558762199017384,0.07204921653071945
0.09388314770792147,0.037030605124354646,0.045700294424694476,0.03833719473829149,0.053517440123408706,0.039518132770640604,0.07374324701884913,0.1315812092015734,0.08160958296499139,0.15565452032732807,0.18190949541377635,0.059412950039554324,0.05341071630977244,0.11687805379282323,0.18574379031405483,0.04630108166090574,0.04056151419408496,0.19545401379497432,0.1406027773386141,0.11577481472925819,0.3180400535714918,0.05966535748902107,0.1527347406129397,0.12539383685895383,0.13327819447596112,0.026074964315988516,0.16714957142257816,0.14745048176891484,0.10434303126236467,0.25509305865241777,0.2003531289614132,0.08776611935182266,0.09931459335150139,0.012787761706722696,0.17455840903685843,0.05153867865356631,0.07032346529481569,0.1924161410305027,0.17388804343319902,0.10323157407704345,0.1100401393998437,0.11510886671816754,0.20942399713408258,0.11188897805739614,0.1407087252646262,0.061481913446980924
0.07456117920692715,0.03343297353789744,0.07788545343596484,0.03743866962753349,0.023650510665688004,0.05720288391850552,0.18682409897698596,0.07977322172057068,0.03151450660010742,0.05914852595572281,0.11656203147305426,0.10084151611536155,0.07131927087991628,0.11762365165332839,0.1436943692106096,0.04227399641346229,0.056265720104770336,0.12507353359712772,0.07322248726240865,0.12036810411308504,0.1871520437395934,0.06753423104968417,0.06919130489904844,0.09861942361487498,0.09962719135727839,0.033719150942380774,0.14554105695025615,0.17074876125501734,0.09483879292836746,0.22014710134027046,0.17078942623597523,0.06021664989212797,0.08831288228528758,0.017245372592555652,0.08739633181014693,0.07150954242482466,0.0781325598718532,0.06765776611203762,0.1814386714747403,0.0846943164530737,0.013040302690821515,0.3230660970272883,0.23643102332580865,0.1653047328449958,0.14533521274263955,0.03982657822742834
0.03651318125703166,0.03216453478132984,0.05414747733592552,0.10399002608292526,0.027225013081634046,0.05025696225558199,0.16562331870581778,0.053610129290997836,0.00907108944067141,0.10039678321804402,0.14693304198703927,0.09699876043679487,0.0936800378295177,0.16305058098224953,0.0975091387748008,0.06944360677992606,0.06280790501319793,0.08239607993189908,0.05372552332770908,0.16868095665607954,0.18215652832513154,0.12706702812414375,0.04092556929190694,0.04549520193609927,0.1685115620621012,0.0808647363658641,0.09120026262573866,0.22377108373178933,0.15272126737412106,0.22277883685405284,0.2104132445451946,0.12012682535610619,0.09075615166198679,0.03581398027468548,0.09298936345842769,0.05211936917285343,0.10084925751426936,0.14960696147299402,0.12769015592049887,0.10362498761662386,0.0551032671465579,0.24827892205557123,0.1972905353560111,0.2499713146834701,0.14989086695695603,0.07821676534371441
0.10203926800471066,0.02626168402996154,0.1213467583587885,0.17158940398574238,0.11515962681571382,0.18931361892704696,0.2253013829900121,0.11101178648912885,0.17622053165226995,0.26068474530508934,0.26031668682842773,0.10920243344438353,0.15733249559121137,0.16668236790751015,0.15399380554041073,0.09778951444149063,0.1386998470137273,0.12775596945074932,0.08182408017731967,0.18166132618084543,0.27058489783858375,0.21440758506602617,0.14776600986568314,0.19453882966040636,0.26158760879981424,0.09917897578945549,0.20249510392255304,0.27051243219518517,0.11790758982875733,0.29861487232959083,0.2064870646622803,0.2909925926078681,0.10418046059077987,0.0519389681021755,0.18294715280537954,0.08242975920415993,0.12116853253053499,0.062408748790514,0.20147278059817075,0.18033322710726918,0.04518995494060303,0.3760973004493045,0.23431042519530368,0.3373911657532725,0.2512900964739984,0.11622363335702282
0.20418163750361995,0.15043283548042558,0.20862420867431491,0.35380803657241117,0.3628731680636207,0.39341379349484634,0.27074972395118513,0.33981014679686544,0.3108155069189725,0.3472211893336161,0.4523165276530759,0.4035671326581506,0.3383182219879314,0.33086595624964854,0.30001463214732477,0.24259483366226703,0.27537744032361544,0.2691910718878273,0.1869200696033561,0.2698838758952406,0.46593399972088806,0.39403312650045963,0.5814393796174007,0.438661220760871,0.36456219347914176,0.19388903947939254,0.2343159440544373,0.4293499534236054,0.32253382575431466,0.43758164548319217,0.34184871842037523,0.5712732187563165,0.15557525565821984,0.16350071351960835,0.30697652993956753,0.22047570468460526,0.38018125012526066,0.38041631827388855,0.3039186567687809,0.37906072373298355,0.23181867787189572,0.7629099121175468,0.43544841625359165,0.6064203667442152,0.5053044596890257,0.4317971364852097
0.1625559798734773,0.15294947996206965,0.464752252298134,0.5720823667274775,0.4087741157440368,0.4872758978304405,0.29116203489374914,0.4805907278883443,0.47170318669384603,0.3245922387054368,0.6194622304596127,0.7766282538752001,0.3281136846186202,0.4439056272724681,0.35827581937068753,0.5470948983267246,0.31330106131758484,0.34342679479251736,0.1761632354238628,0.266519670452655,0.4222812188232727,0.45258953909613703,0.6067689563940711,0.5874836525877073,0.44884816336769645,0.2727119029855745,0.20426626545218135,0.580272286729303,0.4846240301947139,0.6078915398485504,0.4033350085740194,0.656769866084778,0.27466282467140263,0.6157204970822991,0.36422590941076216,0.5349300121129307,0.6687652530268209,0.33612952647876115,0.33240349726884827,0.529511588575079,0.23366915748862535,0.7459923619877263,0.41229968675613354,0.6404848632968418,0.5607483764177255,0.4180829347585202
0.26465128012914513,0.15943836659542754,0.6515932293010687,0.46102813160210815,0.33037901927945074,0.4879993178940108,0.30431224034441096,0.4945479041877407,0.6643849133852721,0.29504399145816523,0.49755761230130907,0.9074308926655679,0.4146775521447482,0.46036798858486605,0.3863991520655313,0.6758872332292677,0.3259328678638058,0.28182993051578265,0.21155429118957936,0.3032714928625821,0.3101051452521368,0.3612202095313887,0.5686821067344754,0.5630260162725634,0.3078926979667274,0.23593798439248045,0.12013149806621398,0.7158528117164196,0.5965877538408008,0.6393152784101677,0.38659677898927525,0.6649177959903103,0.24406522454931526,0.5894782613735206,0.4745081498718141,0.9198679274193434,0.5038373771504585,0.2590507568165324,0.33834383409009333,0.5643721513010641,0.28891590780412624,0.5102485746447335,0.40325279080943544,0.3875777315313467,0.5622193742397984,0.2648731406191741
0.261052756443098,0.13193982585104463,0.6607135833162718,0.45846637151118524,0.3058981947771841,0.5226540731550068,0.3924502065920016,0.5730205478348943,0.6838702796141861,0.35860897439537476,0.5491099216506209,0.990155402121399,0.3898622751866503,0.3966315001045202,0.41265484075275055,0.6854909712519235,0.35307074182280584,0.42438558880338395,0.1542644130198899,0.23820755186926837,0.33930934096870274,0.3239721525964697,0.46798648670730203,0.5685275743195738,0.31980859630383995,0.24575795638663603,0.197638592973839,0.8310834624643864,0.6011025044352488,0.54395227326136,0.47857150971215506,0.6436273742353522,0.26623806673164263,0.671353479954936,0.6012641936483599,0.7358218237671902,0.506166136080927,0.32681514170935794,0.3457371837143723,0.47754855489376735,0.3127416172235927,0.5314386673201776,0.4682167707180599,0.44758947937043775,0.5607463597749629,0.38638652880574764
0.3896752336825258,0.14652756560910835,0.6210741366858443,0.3983317270403054,0.5273462496085415,0.6209650026393285,0.4362183995773642,0.5647789193775329,0.6922939444040384,0.27296351946255426,0.8391444373627713,0.7816798069120713,0.4444842332312531,0.47193981239615923,0.6390566734163063,0.6996935038968166,0.36221116111704577,0.35535839942552616,0.23636467396147848,0.2485075124602281,0.46899260997231845,0.2889261043083448,0.4463192330132229,0.6358790961656918,0.46314954592899454,0.538159455671991,0.0802856507213697,0.8311769324039133,0.6785765649918803,0.5190559348672248,0.44499975406360964,0.6668652469608557,0.31146846879071965,0.6232270459246765,0.6464669322172247,0.7008720862714769,0.5376763863540723,0.33532093172251726,0.40367046850336896,0.5392825557710144,0.42531843987220397,0.7011229386945252,0.4849929732221535,0.4790073199120554,0.6059880386141961,0.7028133621462566
0.3977348825531087,0.1375453392284955,0.513979759004398,0.39036262795042237,0.3196943664059303,0.6678602066880006,0.5618710471134836,0.6681957013378172,0.6385313775415493,0.2631975792189877,0.8413814157563637,0.8232426007088152,0.399137823466608,0.7195414795406293,0.6008054167352255,0.6775781282095807,0.4188527937890305,0.3335559810181634,0.22646028000652457,0.22438207417679715,0.4206749248831468,0.4139772632237197,0.46156684411333654,0.6242153400481208,0.38491022055918306,0.5046453157603739,0.275054472281214,0.792574073520419,0.6144253056304421,0.6213214872357107,0.4413667574223128,0.7080007134620058,0.29042678753559487,0.6046622462782135,0.7796482517780365,0.5995145361488983,0.6877786946212409,0.2547086127040041,0.3668256542151342,0.5455210546080244,0.46202128901385053,0.5553877141042076,0.4789360979906052,0.531502647960054,0.6834579426492223,0.42421115648548824
0.31482747156457025,0.11204654055659997,0.6064228065315558,0.40367159492948856,0.29648612258830115,0.5779132434939748,0.4827266481770903,0.7579583675154866,0.5621559376107946,0.3423942810062477,0.6838696192967968,0.8372354596215296,0.3822371813393438,0.5755674429906537,0.3904115793772271,0.7255238614033063,0.509185127192334,0.21956144363904015,0.36165179806939457,0.255644442140258,0.31650897870750555,0.28576395394162013,0.4316709685585216,0.6192685731710942,0.3047637960140923,0.2754153960239114,0.0495324805248719,0.6765743803389425,0.7097178814591596,0.5726059930631336,0.48775022417366914,0.589743658149093,0.26580379422777356,0.642914418462352,0.8054276336834973,0.6409056875118992,0.7175027565635913,0.24857312248912483,0.3625806986645261,0.6574745680861771,0.39343842122642414,0.6092189504309014,0.4326451895905971,0.43764291617911116,0.7006073764363717,0.3418059500458208
0.3282515224953002,0.16284416961772075,0.4996686172417636,0.3852840270351085,0.27248988889345754,0.5284070153448551,0.450031187021254,0.628782466302913,0.575169877689025,0.343321223845987,0.6287626864609642,0.7842211837724927,0.38018207157662487,0.5746208250040723,0.5033530146072204,0.6304214567208164,0.4275264785071794,0.2737767047952969,0.3423097105211922,0.27138957436058897,0.3083954801369476,0.25732503726490763,0.5057418134859804,0.585603595630138,0.30112426706870243,0.34174459740736673,0.14590784294605713,0.6751805819256422,0.5660327895421445,0.6607365685044418,0.4554603802841387,0.567774242414686,0.22806699744009404,0.6620948206809834,0.5993948257093744,0.6495086218786705,0.5979556448919383,0.2609825120405972,0.3257624237713611,0.5663212694998268,0.34787333951340804,0.5281756510069541,0.41013287796472325,0.46460783825372215,0.57346115613061,0.3730053517959142
0.32069119806985674,0.4794838927435421,0.4652163675649297,0.6322922929195489,0.32152952977146027,0.5890402269873571,0.4606453535975241,0.550147536563337,0.6658561851429133,0.30350493177714766,0.6470550487906075,0.8212062727881528,0.4928452112086379,0.6929142791096656,0.6040847591133666,0.5201404154210343,0.4558744827015122,0.3314273552756527,0.38962653639155176,0.2626910169566684,0.34568039368957615,0.2721235292342447,0.4943624900557503,0.7038026770728264,0.4141943889137792,0.3711185256147446,0.1486180867174295,0.8787509492225327,0.6278987849415602,0.6506349007828949,0.5830930464467844,0.7018090925971775,0.28962775124658685,0.7666490407120462,0.6192748502743283,0.5894465108457605,0.6888303275123719,0.31466825064267817,0.30714771193612,0.5208943378086663,0.3586109988226879,0.6789762680188182,0.39263752818137304,0.5241738283224133,0.5925217239554108,0.51188559747263
0.3930235148923584,0.458354316548843,0.41665844417455,0.5266835656728361,0.44447348178933094,0.8114566422197723,0.8215973370699979,0.7127234607871946,0.7210105590316163,0.29533074773009493,0.6855097592128603,0.6918888353864895,0.5942960655932107,0.6097237348461542,0.6049248247012254,0.5280094607320749,0.4409659518314943,0.3903497474802786,0.3987208725586502,0.32732714255568585,0.45922924970996987,0.385306128195162,0.6489749980385977,0.7556682058560956,0.32934732330469635,0.380995357503192,0.06285567523444285,0.7972887346898373,0.9039290475669339,0.7533527496766412,0.556243993782473,0.6693972118955689,0.39327058048362273,0.6073204434168443,0.6520720386151687,0.587185168922862,0.690930548633416,0.36774471613848525,0.36917519903121654,0.6064621230118356,0.3885838073189162,0.7837623701499147,0.4784938415390484,0.5907819468438402,0.5548438715978793,0.6118833654398222
0.3575211710133043,0.6077986560262867,0.37943708685655664,0.4815380334833517,0.2973058519911184,0.6974300130172676,0.6975522321119284,0.5727416125420339,0.6176490261710316,0.3924869466881262,0.7240462212988223,0.5972472070165981,0.7413638925305387,0.5171441591919319,0.7786243999636313,0.544024394357007,0.7342582798402957,0.38135229339025367,0.41114564167924167,0.34223152009340685,0.40899479463120525,0.49955981923272047,0.786499960258416,0.6065110669184623,0.4855808900048394,0.42519506177289684,0.25235922990302173,0.5939367847599856,0.8764404669994498,0.7671037994080827,0.6506162899824915,0.8884475762305095,0.5188974340208622,0.5658023667237022,0.5376333406719143,0.33642571463569804,0.7351851966608383,0.536704044596219,0.6297327785696857,0.5800155185433541,0.5712580614109373,0.7892965976082859,0.7022431397080412,0.7573322430861222,0.8155866857714559,0.5283396996322478
0.476106222027016,0.28918784410673815,0.393352577889191,0.3878270982142056,0.1733469964934566,0.5804513877862549,0.7113127447305513,0.640013215582215,0.6816370286950355,0.5461643328789069,0.6667805082081517,0.609976650689628,0.6672473661778362,0.41658577578062994,0.6714655260122604,0.4290724087682129,0.6708100832675488,0.4870765725362307,0.6259726566356988,0.6614763524010677,0.6515294103727436,0.33988325841750133,0.6175641853795275,0.5229012157935532,0.5490350453083337,0.5636471205674276,0.27965361916766257,0.4151415189815771,0.6699963511560293,0.7672896001542934,0.6986086835542565,0.7732408377115862,0.350938185976525,0.38397864880953153,0.5404109867582032,0.3279302171392615,0.5621193477124075,0.4954742032472684,0.6112653073069506,0.7796166439153771,0.5388040196004972,0.7685469030865917,0.7073094668727372,0.6783274968595969,0.8358156996717366,0.3886327293029763
0.5433361413537048,0.422385833131113,0.40484506444197876,0.33666384091380275,0.15612733670817547,0.6363225812342957,0.6710961454023688,0.6741085759091274,0.7462537306278046,0.6861095207547804,0.5806524188768134,0.6252968060263564,0.5644535109667347,0.5774843240717971,0.618211530901928,0.4146262774981887,0.6981360845654988,0.5549306784302739,0.5950776522114031,0.7579407661794945,0.8454383129947081,0.5665503931004293,0.47534217985723237,0.5053345252202348,0.711008433093815,0.5941295290391331,0.4540650455602169,0.5224047509107884,0.905505216407197,0.8582800737637596,0.7603552556157117,0.9504572316306179,0.3755435335875963,0.5635168177661994,0.4508639404287912,0.33849674447084255,0.44549288012154914,0.7836100509994441,0.6074261370575538,0.6814565239117758,0.3819111367494906,0.7996826781253591,0.6186813202486904,0.7201427016426212,0.7463964824015449,0.30388481641445586
0.5174634095814048,0.1303513282131366,0.3739359185099731,0.4535137207998589,0.16607994758013053,0.528594990709524,0.6764047665353143,0.5723778431408854,0.5939673974208342,0.6286938731649185,0.590869430418503,0.5772753824246292,0.5362053347668443,0.49626551830368193,0.5811260959903914,0.24065700726261563,0.5689532497865498,0.49368072716635314,0.4032962227714907,0.7461088361577026,0.6431289021486468,0.6803450682642628,0.45434716949476156,0.5445677976958714,0.7428031828308806,0.45225616655516077,0.5540796784783032,0.5510211474198368,0.6586221174808762,0.6625872914994891,0.7822816200197762,0.8386954685182284,0.384123698429803,0.3059570156225109,0.4366735312326048,0.2778141782328308,0.458734743930957,0.47183636920589306,0.6595518131594179,0.7330610173880318,0.40276125067462587,0.6504422640204452,0.5837159527921112,0.735656895017589,0.6602877459322449,0.32904355972710553
0.2881922319029387,0.13965543677431924,0.3693704703194075,0.3189503596828102,0.10025198243341771,0.41568758363593045,0.6045832007854314,0.45148495606230105,0.46288814655270966,0.6786217020171473,0.6287983510629869,0.4931490035370288,0.5025616641486684,0.4026336410059437,0.6131996853843985,0.2063420115050993,0.42642289891568963,0.4304877049786576,0.46314447769248923,0.5497677572597407,0.7750858138687615,0.5940118374684191,0.3515114412618285,0.4691755971203826,0.7115022916046506,0.4161693209462541,0.5383232688107279,0.6050329120762677,0.6734508257318665,0.5296822134335769,0.742638332269052,0.7896043887446001,0.2893537907114605,0.16596903379325964,0.47999865318213053,0.38322331014575345,0.3619338693657307,0.3017236327052693,0.5781226974683178,0.7036273776003932,0.2535530015985925,0.6425297541415553,0.56187051856265,0.8294777944639316,0.8011898003236362,0.48663892352695204
0.2496603807897237,0.08678708310525511,0.3396596230514798,0.2906592516482895,0.06924243450329898,0.3420063030393681,0.6653747939531115,0.35082824181372585,0.4773710940783329,0.7835544751561794,0.4492688124909646,0.36933709714234103,0.43094562294916583,0.48423789919621985,0.4896714293567928,0.3083687784323831,0.26002662131110726,0.2673869667742369,0.44202730410853147,0.461693625680262,0.7008221483905719,0.6812914837405071,0.2931319785622652,0.4047005949223861,0.5854465345694054,0.4430311209225404,0.5001406071250928,0.624512311968839,0.6565859400489111,0.5188099747459834,0.6423125071229089,0.7275684695758556,0.32488723057106245,0.1844158498701904,0.5078038254283951,0.3465350864887022,0.2985747979857362,0.22344423794604035,0.49588108032202943,0.6345161686129178,0.24807355272186224,0.7007260727318055,0.5473139606309573,0.5820020035150879,0.6748597148562884,0.37304879279226677
0.1622874861277291,0.017299673519614124,0.27301412120124013,0.2512050997547527,0.08321015835025478,0.24245370865038227,0.4271273326322701,0.3930108951903646,0.47693197024477985,0.6327360314879568,0.44689102469128045,0.2299353547066497,0.40620114628509474,0.326351257649822,0.3520996003461918,0.14139673842182093,0.19464523891455038,0.15571938513891076,0.3652402632560011,0.3281099661832443,0.5795109048686089,0.4205469244864903,0.18030957754976903,0.2913344764777122,0.4062025178761575,0.2678362451299257,0.48408318212417667,0.40453245050139774,0.4846279955576295,0.37922974170268053,0.44929943291342683,0.6034426839064676,0.2603737077625288,0.0980762300402851,0.3291454555816826,0.17549611513538918,0.30892904615526856,0.17081963366771946,0.3156687850743335,0.6008152482007932,0.20514918533291857,0.724849238318596,0.41673077861298913,0.5280383249824285,0.5079054377670877,0.22218840579219842
0.17360233568086741,0.009547382892320308,0.23824974997591028,0.24571052205236432,0.030035644560539844,0.11824718681850821,0.27597125537126355,0.2564281381854291,0.21637936176070294,0.44863635694035364,0.33966204252680987,0.13586580504566861,0.1716166082220011,0.266292722216658,0.29023424039185547,0.06084096665831765,0.1822270414899163,0.1569464538468556,0.2775188689112074,0.17180230733901505,0.44469821178119484,0.24755733003786726,0.22515292253042202,0.1408780798050775,0.2928936735353972,0.20711704945362314,0.6664695727852451,0.35985838972878,0.440252338043842,0.25875994542321373,0.40085713136475853,0.34824266004695836,0.07087814552962816,0.06780423415746267,0.17612749960577095,0.134488537152513,0.2054974992799377,0.24439285369950353,0.25017549229674363,0.4477052600487034,0.041808629474092626,0.4600404202111301,0.42820204784448923,0.34053765874017694,0.38887441273610013,0.20080712899203174
0.14569599809080253,0.03735595175428795,0.14590269092551603,0.20812631935483245,0.011531179866442566,0.02583788855663104,0.2783791287659355,0.15976295059601095,0.1699760983714278,0.2971021060127852,0.23766948258912723,0.1743010660775019,0.13124765146075312,0.21084952151219952,0.20918755178095771,0.04638402439786472,0.1302565130928005,0.10951225369938153,0.16689365758477848,0.19177883091834802,0.2889134554642745,0.1867386511137632,0.088991237633914,0.21014352110043388,0.17410110678325008,0.11880288871712169,0.39051049365562635,0.2130385538401758,0.30274447034037827,0.1310301898697859,0.34638540705244136,0.2950942560330899,0.05473950778521333,0.10835498822454553,0.088874827712826,0.19225410199604367,0.15404984723701282,0.3178414999978987,0.2073461811584525,0.2852927423395801,0.07524352358189994,0.254454916109631,0.4538217323678903,0.14355778724726848,0.3379564589995989,0.1091447021282074
0.12048756175621689,0.04357208685916948,0.11972465570723911,0.09282175077934887,0.026767905090199065,0.07772153792952975,0.08283078809506689,0.09730797525691462,0.1582436591460622,0.15930721593699196,0.15516669759438842,0.09571740242664178,0.07107405689920707,0.06592449414175709,0.20504618877992878,0.05182187002905213,0.08001538548693636,0.05097965014121973,0.11648084588059975,0.17159793683399896,0.22065407588264552,0.10954444253750678,0.029483612153300826,0.2146893784085805,0.14151161808579882,0.10274588071265742,0.24290966520629437,0.15970707994353409,0.12588160686420735,0.08322516902129233,0.26731122175578054,0.260074211201677,0.06935184543175138,0.038240205645987436,0.10639274529183675,0.16527204783035226,0.1445439667283165,0.15208732111799,0.14973310613130675,0.25424406619703166,0.0535038386846312,0.15189046365580638,0.3475394725895557,0.1098410248166076,0.3244981491981342,0.04569104434469545
0.0823578655983205,0.03166112040456641,0.04226756544218284,0.09538110402828676,0.05189548672272535,0.06256325026920224,0.056368885126374876,0.0965126155293315,0.15519617840248465,0.1045352485627811,0.27238522307403434,0.08662610508637147,0.06214417449343919,0.09583662707139678,0.16134673935645094,0.02038040788569112,0.049186855703410526,0.06471497288734616,0.11686624211765985,0.11470137579642156,0.18508194214729848,0.09796032013933645,0.02033141883238888,0.1794610382238392,0.09709491887911953,0.08892777829424146,0.08235929229356287,0.12860666004689655,0.14354652576267152,0.07591877683369558,0.28395874791525294,0.12914958377562186,0.0558328046096888,0.0713351484360949,0.1068207179739497,0.13638693323773257,0.12818421574581967,0.1246811505011391,0.1266660258531112,0.1942595628596199,0.07570172521766387,0.14907910483062803,0.2182361705159995,0.06273193381701545,0.14462268429695155,0.05039759974658313
0.08957436916568717,0.02926573325882427,0.05134432142016557,0.145887670616052,0.02688925735926693,0.06778575339104964,0.06570189546334027,0.09126160141349952,0.09104431519507776,0.10235042197156555,0.13274668266143266,0.07803026112413913,0.0773486170096391,0.117022999593238,0.12396208526383917,0.017226240924146638,0.026726142260455606,0.10082969775321002,0.22798534086857664,0.09351101970816056,0.22561368897434525,0.04344498119295439,0.01771047103913281,0.16774911447705604,0.17185578542146593,0.02226683349316067,0.2907628194496019,0.07730394232734333,0.12519290335252198,0.11855597218404837,0.25122406356358495,0.04645641774709306,0.05341179282090805,0.05618465953408363,0.09232299733964718,0.09333678272452894,0.02254726196374071,0.08341265037744773,0.176521184358162,0.16115020151235296,0.07420948952778321,0.1651107961592967,0.23599101339488135,0.13373953055684884,0.140219087635041,0.09008454356207421
0.0902361272663702,0.009392043012837734,0.05954000620562211,0.09652462440923601,0.040316588707014205,0.09584116174673968,0.1292115589356521,0.1315206251710487,0.021984898267887094,0.17421244531073204,0.15447412285563766,0.07507634552059968,0.1448027001702532,0.25140196786651237,0.11629499730838955,0.03827519200726475,0.03678002996121092,0.08542949955697664,0.19441450721613834,0.16334119754541043,0.14841353929961296,0.1263630466834144,0.04793299011214382,0.09862029432527249,0.2278722212399439,0.06842514397226578,0.3231852814324185,0.10152071868361934,0.13428225662977428,0.07894199156851862,0.24704807778492752,0.15993421666990687,0.03216129682563819,0.07091653340984591,0.11773660597907955,0.14410714893062154,0.06533432611275601,0.20930474512581315,0.1687317389017436,0.18674558482496242,0.039105821476059247,0.24087187613686223,0.18976698849741896,0.1732921823016015,0.16539494623206596,0.20591671251920082
0.12995110110116495,0.03581087967624358,0.11028949703289756,0.2534013223401141,0.10608676463734212,0.2207485701540519,0.23871215218042538,0.15025066546910046,0.21040649919859183,0.2689997507104793,0.19038509869372736,0.22200270751619922,0.22534394931510107,0.1647165288907104,0.2042963947356208,0.08435645709567971,0.1312053086149986,0.11588006920180438,0.2043870203229577,0.09592436632826343,0.2670271379445936,0.22516163180163998,0.19066943636734887,0.1681719499453953,0.2736372853723813,0.08914018469467051,0.09934402614166776,0.28420920201137495,0.1901595855975743,0.12881297205766107,0.3110680383928909,0.32934538308084327,0.10146281368939522,0.06794622126440339,0.28181283089258957,0.1675243927080253,0.12099672509079885,0.12172118514403278,0.19818715297413825,0.20184927226735633,0.07077352592928668,0.3565552705915769,0.2351239683721962,0.4079494404300781,0.2958723186956493,0.21773171719264175
0.19138939852613734,0.13980723857775018,0.27059650017650505,0.483975778978922,0.3144488613881339,0.43824622101131266,0.31933906579084514,0.37183021631416524,0.2438946533367667,0.27426749863362826,0.4498467601231043,0.42094457528714885,0.4112741170113209,0.33463292632773445,0.37033029005670376,0.213609224520329,0.2861370982803463,0.35010268111954335,0.18308407637039636,0.12108583307125614,0.4032237925934706,0.42242225549232887,0.5900850459594411,0.44994694672687197,0.36898559127766095,0.19046859210936526,0.1005767135008615,0.3504202377639949,0.4714205747486606,0.2851774509315704,0.40670251192200374,0.6060347421332543,0.1561641569390025,0.19717327764968348,0.4057567188741504,0.28059192578225056,0.41842856934110617,0.26706486363722515,0.34414110934117786,0.43740054433947156,0.30749199257074666,0.7494820275504855,0.3922163472442287,0.5221136344178112,0.43084906072460544,0.29121087361581355
0.1722257716750352,0.12983421086184166,0.46361715739915965,0.46580008242444976,0.324185403571206,0.49268719969076163,0.36817151072596066,0.4373940403907009,0.4390925428410789,0.26261961837790515,0.545465773064711,0.7054755209305076,0.5031785445806394,0.4091447872016303,0.3980904008662901,0.6796377582592894,0.3034592894498397,0.33572120243393333,0.22728055804361608,0.13233986787490176,0.39581023335311055,0.4178395852490372,0.6340310115639642,0.5410508244550974,0.3467741299202686,0.25462033705427806,0.12529959933022478,0.5333015207157139,0.5241853719488807,0.5577449521209904,0.3944005808061274,0.6892296394214159,0.25767698291878455,0.5199866870058557,0.5523815358841638,0.5307382382644382,0.6105139997523044,0.27039828389603426,0.2698083667350622,0.47868680250316603,0.20843422562884203,0.6611336000376968,0.41285714000445123,0.5418228470473285,0.5529902560552934,0.3154432956836315
0.17081488096466313,0.14834879886468894,0.6347803832346265,0.3543232584625844,0.3082863994544313,0.5118609108791677,0.4419125030295886,0.522559246465716,0.43404939248908114,0.2861095970918676,0.6806506721605138,1.0000000000000002,0.512323636399385,0.3589330042967196,0.3887044638560157,0.9400003005142727,0.3394401191176881,0.2816027070974694,0.25713192435592985,0.15243729418616805,0.2738580469403579,0.29041978525085466,0.5060043069455676,0.5838337931649242,0.3755304941911716,0.2885642919030189,0.37592629461321164,0.6882935810328814,0.5725778667920135,0.644407849462354,0.3674240220361829,0.5797118719805131,0.25049263786989207,0.5053342417393224,0.7021096773866118,0.661515313658386,0.5915953121592968,0.28047609707157634,0.2526334355429086,0.5029945137462238,0.23463684028895562,0.5375713973050578,0.41752866247093406,0.5189885390610347,0.4909459449852949,0.344316593952819
0.23276286551739878,0.11300808316639345,0.588673726542445,0.29426030596008546,0.3618327090245829,0.5428609578987323,0.3948999423844749,0.570132031448813,0.5248132862721187,0.21642202931653967,0.606676522379438,0.9366088119461207,0.3898150379854993,0.4602462513260508,0.37284187168297517,0.8176414160442514,0.3877882286242119,0.2806473721796283,0.2746342886809527,0.24186617366289245,0.4251066273705078,0.36684693241519745,0.5732724338203258,0.5897764129729575,0.3674360400539332,0.31635018094023676,0.11115287361627865,0.7326334699355294,0.6367748333453344,0.710212934978857,0.39607741078116576,0.6348776232629059,0.25406173089117307,0.7015256869311902,0.6683955401210826,0.6537995594723428,0.55396215469557,0.28476957257156876,0.3605018861008025,0.5645524911710313,0.28941617512867523,0.4782076593467525,0.3981250498232511,0.3961088819253335,0.6043913162331156,0.5066834274339995
0.3235307752785353,0.18568182391530075,0.4400197090114796,0.45582484038644405,0.5391870520820631,0.6340634091430101,0.462220140349795,0.5801806995794362,0.7634216296004885,0.2703874830961234,0.6783814806374198,0.8127552975838966,0.4298930360434843,0.4791514146414395,0.48568591498978647,0.7428739165097412,0.41426732541571143,0.28613014400668935,0.4287106530028625,0.22431291811198945,0.34288113637201945,0.6047572784044682,0.4590525049316874,0.5869308375382694,0.43412996560214234,0.48009372189461036,0.09814007419015797,0.8239389153454889,0.7298613118960497,0.6419101273789791,0.3964143863373252,0.6829573205921816,0.31071864650460734,0.6315948951236645,0.694083423300517,0.5503071471587937,0.6383905981964857,0.31963690525641936,0.387299579962653,0.5727299672214793,0.42489590707432145,0.5321019050064298,0.45466498447262194,0.463881361732752,0.6604154221623131,0.6880330495488225
0.45485959762050426,0.15299055457603422,0.47901468939248837,0.511052841751666,0.24977346599276617,0.5957166882085445,0.5819696430262157,0.8240821614144291,0.6207266991054067,0.2886916405608007,0.749009221883736,0.7435773438849482,0.4803437202517238,0.6652393656660137,0.44647050721362525,0.5700342448394163,0.45726663348200497,0.24714875696610986,0.47784747242425857,0.2792044746551534,0.3803713035197208,0.40828794534971674,0.45737941476505284,0.5504810078645059,0.34924237972657957,0.5316015727158502,0.2057985220000888,0.6104875932094769,0.7949982290757771,0.5376865792711912,0.4968116873396378,0.5174891910818623,0.3194184456757685,0.5602279535306591,0.6200011849832534,0.5700598009338338,0.6853510943190716,0.43942974648642324,0.388242818825628,0.5192528947891804,0.5198740723673642,0.5282442849155501,0.4457661043978403,0.4618956882766147,0.6431898951539652,0.4737217364101828
0.41660392807778746,0.19857830931760873,0.5431437668164925,0.44076139458130514,0.29256930746534754,0.5975328387328442,0.5704858115487657,0.8995000057179255,0.5573868039764118,0.25545607230487166,0.8187001799042839,0.7975104686963075,0.4597385681950814,0.4651540198802544,0.46253309269754267,0.6847124302218321,0.4276995458583117,0.24488439998665998,0.46755319945265034,0.22861539065195882,0.25971283052022753,0.3932431508400189,0.4731771799685943,0.570280018962364,0.33012528105098377,0.3703756634793615,0.18158443317232703,0.6556722478645288,0.5731022958574895,0.5767585133328671,0.4483952254505936,0.6562786073902059,0.42333434672059533,0.6061076901195495,0.9630364974633661,0.5834277471772638,0.6243952551853608,0.25621970796257226,0.3485428765949849,0.6216395607587364,0.3468424741670364,0.5738182934671409,0.4889561228002982,0.46053895973570896,0.5415182917265411,0.5565657392387964
0.3014514639112083,0.17415436485553892,0.6180736054308811,0.5843853240660712,0.33809579993321615,0.7025191495737038,0.6150083330758733,0.6919644695028743,0.6164033801423712,0.2523097983274991,0.7020239775656254,0.7627101399849847,0.4940846831120427,0.490173935763771,0.5092613028478787,0.6497618885346348,0.41921734289767376,0.27601143335882783,0.30897233672841456,0.27406694244973573,0.3230894497393672,0.3347079659139524,0.4039572939818156,0.5899500069546229,0.3330563378509514,0.44197415771203313,0.14394373335433258,0.7397559819078273,0.7047166406458912,0.6907756085918066,0.49755041353892365,0.6167465545991501,0.3816952805016452,0.6720587149684382,0.6059033491705698,0.6357301136689342,0.7019191594936821,0.45221750885400286,0.33927329056725736,0.5801458000438635,0.3480875915973761,0.5944433252781097,0.4407899230712404,0.4467182332856588,0.5099464191034989,0.46354937300071186
0.34997633592348715,0.43199779340618427,0.463960196363398,0.661573584103645,0.3488073862341901,0.678871694443166,0.49925015373616655,0.6195768826472052,0.6176320547275892,0.3136058007448878,0.7272199785243397,0.656020097746767,0.554139847170396,0.7390452017004425,0.5160691232390404,0.7399527590248924,0.4185042932410363,0.29909295039382433,0.40515218226672306,0.20647682950135507,0.3910788423123418,0.40486288493668726,0.49929075139975865,0.6385132181305134,0.3807306345856704,0.3610722424416957,0.17550162157435617,0.6082747700610773,0.737294676547913,0.8489165640071811,0.5002146914628873,0.8734818676643784,0.40674354503816057,0.7037754601527821,0.7209941475860479,0.5743776613297848,0.6722405011782225,0.33811997270531463,0.2940105126748395,0.5888123374881802,0.4385498221478228,0.611873079099098,0.41048726867438196,0.4821914884238518,0.5345965743615934,0.6113775900506394
0.43209837565957876,0.5565312752846704,0.41241224950388733,0.7604680780516422,0.3241395998568092,0.7848727745921433,0.5356315774720862,0.5947727195586817,0.7019412154255621,0.332827627569221,0.6446499077086572,0.6248264467297202,0.5597369221327931,0.874019140082154,0.7082255055104233,0.5716795254833381,0.5961738969594507,0.24975871316290885,0.38844148066907275,0.19206031874301557,0.4108368250725741,0.6300278712723052,0.6901318161428572,0.6927593650136142,0.369467198433408,0.45253573353852644,0.31822798827317755,0.6118347140859226,0.7537243190121056,0.734487926019022,0.48168306263217736,0.8368005205701212,0.4039256886515772,0.6168185832561259,0.6545577571387018,0.5869847538406707,0.6867686102065652,0.43488837625678467,0.38428623965543535,0.6751972748935747,0.4363705459778451,0.7493464903904044,0.5207644685614583,0.65939921946974,0.5185403977557524,0.6204458772100353
0.5544809943328802,0.6451930850991897,0.40536141664598757,0.5859244862145936,0.25523750050522,0.8293530898150991,0.6073614318713321,0.5835233192424406,0.70411680407689,0.3858666909362788,0.6928020772901299,0.5146967117921963,0.6762241273630915,0.5965675412633161,0.8097188958974966,0.58472372698671,0.686312193709511,0.3552610023982249,0.35618634395852466,0.3523467514561159,0.4801987969474775,0.44539456391511184,0.7773674604635701,0.6251714447317441,0.4672413970469902,0.4917861454013008,0.5300559522777755,0.6062769844694132,0.8487426279154197,0.8179034655739101,0.5789449175498792,0.9112079156191499,0.5575672231655454,0.44856573769301616,0.5079460855712201,0.3429720495975834,0.893216201253823,0.7647060237240269,0.5068559632245349,0.7458827006638321,0.6292124274235752,0.7157459909805128,0.6566151809405303,0.6073471211114894,0.7288527268904672,0.4724231681705914
0.526126440749291,0.15900224839932164,0.42279853129545797,0.44379463797327134,0.19147190557105673,0.6320925973448855,0.4662626845563115,0.5978993654139121,0.5153243750038559,0.5333224689741829,0.6216923772698665,0.5047556086503275,0.7442522400921052,0.569842768231882,0.6301059012158124,0.43579892078382826,0.9027290590453266,0.4486298782972943,0.7044792411454601,0.5320003831561687,0.5251313660956953,0.5261686348901461,0.5564482357211414,0.5726438502806368,0.5206559428596055,0.6434665236524134,0.3607361113093812,0.4908998450686916,0.685764759247942,0.7564469648638957,0.6826115422305348,0.7802813725167553,0.36913651527112534,0.3709331797666948,0.5610702771522443,0.30651089990095415,0.6860051590983486,0.35231413396151107,0.5703884992404064,0.8023271716826795,0.701605886334273,0.7924324951560372,0.6895673433425975,0.8335352408254939,0.7815232321536346,0.40182863826510384
0.5240423288279639,0.29320797992336883,0.42431845621837216,0.49420035355458497,0.17540788416573658,0.6570454827401547,0.4657985692377181,0.6574026077195987,0.7682221101336986,0.6743985205913958,0.7223126265862105,0.5987583988102929,0.8540764981767783,0.6836102030454837,0.6979185961261345,0.38140651000109854,0.6823073694733728,0.6234677874328208,0.6554834687690505,0.8020706632108411,0.6343864242154569,0.7056980737631242,0.5296137633944894,0.5242910909883068,0.5914914654906098,0.61597456480494,0.3433332318606769,0.5807781727325111,0.7185667274522423,0.8668830549586286,0.7322053834402963,0.8542377505859178,0.5758414653484325,0.4299223578661665,0.4986553300795059,0.3644502235560956,0.6436852425878103,0.5420725131129076,0.7171545003681546,0.9165851721648244,0.5778260867254631,0.7922226387212453,0.6188169848907074,0.7658456822652853,0.6766019452688848,0.3887389242679764
0.5192883387467778,0.18426610172454255,0.44089432754969904,0.5015671274224771,0.1636489358367672,0.5474379493615138,0.7684445056477727,0.6116348669780552,0.5168898202942501,0.6461709982650526,0.6439785370789113,0.5252625852741347,0.7171492147937846,0.5416034168742828,0.6542495157916861,0.24919696466154023,0.6235360143985184,0.5046538899146569,0.6088379359590452,0.6708783436206026,0.6575054468990726,0.5113867060283416,0.6132458724567715,0.5411366755307472,0.6602758957541033,0.4877262527270439,0.4267593938344626,0.6551979827893594,0.5856523555635312,0.743397187841929,0.6524270973606358,0.7073171353783148,0.5582801513261201,0.36564966151569805,0.5982581386340519,0.35869441859656376,0.5524758588838771,0.4989042389875931,0.6843746826537286,0.7738794784621941,0.3416531257428743,0.689719057392745,0.5158790366693908,0.7779974782443992,0.6820668989855497,0.4287808241911949
0.2934707210628343,0.1473436972187026,0.4735118468124401,0.40203940373723435,0.10172327630751005,0.4140611706916838,0.6449826842075681,0.5279870661487954,0.4819851964255322,0.8066751514969493,0.5190827681794714,0.451974183258301,0.5810979005073226,0.4909614327499453,0.6066522883061245,0.16347334248274775,0.5579517249334511,0.45981075176965236,0.46131577516979827,0.5498739886219425,0.5917264569987977,0.9451157190388532,0.37570870368397596,0.3685675750332524,0.5728120846944497,0.4817355148958912,0.45410105049683813,0.5042900106204298,0.6201666893301184,0.7090980480478366,0.808429867214675,0.6754322428609829,0.4219618459197921,0.271882594394592,0.42201883401519713,0.396254030340341,0.30382438669719136,0.46584295693187,0.4718231335505948,0.7007782681028537,0.3210161188063332,0.6349101941242107,0.5819455673497717,0.8363239111473473,0.6424962780239339,0.25437499474912406
0.22175410832618891,0.17530602654896038,0.40169571353614997,0.30765358489477435,0.07694581553387472,0.361926918188995,0.610347762168189,0.42396209345733304,0.42500618582210903,0.5853285203237711,0.4812049003066417,0.20505797126518785,0.44355597950663417,0.33882301381246926,0.4592382860843953,0.17410605191558964,0.2435122156717541,0.37766408693886677,0.3288970493888241,0.40379214785707995,0.6701184071510413,0.9346372842661094,0.306760177701509,0.33921717028529125,0.5390720704983487,0.3680555329010049,0.42965952057203594,0.4219821626825705,0.6429744977042657,0.5012726032542085,0.6409894688974537,0.6376788349074584,0.40593380295579673,0.22786230719950856,0.5453541281545142,0.4399897770717977,0.33398963648366736,0.43118822981859234,0.44836049455351035,0.6967077037523045,0.1967073255690867,0.507918691737031,0.635781110141377,0.6070500508066217,0.6433291391108673,0.2237535051664923
0.1664570038443362,0.12551634244778193,0.32044274553305696,0.2020608148571305,0.0561257155235494,0.2845117349863273,0.520553607041524,0.3496157655030098,0.39855954186979065,0.5187017544179743,0.3746288313078375,0.16265835874825818,0.4219804231969929,0.3421149218870486,0.39336958615456563,0.15985105168579944,0.19517544210261945,0.3323252517555946,0.14554526404033286,0.2551580465271757,0.5379653465754455,0.45579102659178017,0.21791060047347216,0.25735975287959684,0.37113832452449264,0.395473775873491,0.3634627992657659,0.4093090053282009,0.5057408433467797,0.33413544556995806,0.5089377512478882,0.516499845278572,0.32729098925608757,0.1367890945660724,0.3971468033593164,0.45610072771715854,0.28833961795741636,0.24926640587999044,0.34426603865712624,0.6159255420176688,0.16053925160086058,0.6690065835959987,0.5949946273369341,0.4448002447204031,0.5710000664403394,0.2512884594533358
0.0997584026712609,0.07180037264408282,0.16952631655652386,0.09837355689436192,0.0505489637833113,0.14932225437153931,0.40950726013818417,0.2842759178932976,0.18406834321096524,0.3587184945665748,0.40162682364534696,0.1015571451468699,0.350423773299151,0.20232726180032953,0.28135056134099096,0.15031542557282018,0.15069664014357778,0.30059659795673355,0.11211423910031641,0.23439223446097499,0.3856226596564954,0.40465246271146027,0.13516906967417724,0.1845944746390275,0.25974196704960256,0.17545418370096927,0.3463000791839776,0.3220787025678552,0.24337288259105683,0.31083243305718433,0.3587872595299221,0.30841327594293094,0.25148089514844,0.07555912090147318,0.34401443436457213,0.20224423784616608,0.2261935763551815,0.16097880547628385,0.22984643291185752,0.3967289150071333,0.06823891305192013,0.3102737279390986,0.46442832925302435,0.31929480881865596,0.35086513921987933,0.33740194318053907
0.10308456353864362,0.02287309840609098,0.19838695001071974,0.1283246672154889,0.050009654940285635,0.06360500536955534,0.13898618708674967,0.2189528777226917,0.2041915978413307,0.2734658533732053,0.24536010171136763,0.12380552414139988,0.17465015455835675,0.23721922808610615,0.2630292805530501,0.09373619124776864,0.0879517156840863,0.21258375823335882,0.09189387851670903,0.17069386082515794,0.29889812551941425,0.19907222321616058,0.08607835602861617,0.1293601523875509,0.18454502893782987,0.07182989601881226,0.4803211519316225,0.2295052060570297,0.23943427850267446,0.29034984361292404,0.28946013972714923,0.20060531334819753,0.17426566199378116,0.0536003493273604,0.1832967255419639,0.1359664009007077,0.10318195591076691,0.08701922097644939,0.1511592635394951,0.34863910561935973,0.037972191217811896,0.22211514848512626,0.3790833418570184,0.34369443495111246,0.26070680407349955,0.18080312881411975
0.04980711878816211,0.019270285402157986,0.06974429739065173,0.141951441623513,0.03849206116509123,0.10389517419840719,0.11671639892944843,0.1011645787311846,0.12646150570133624,0.18631233109944872,0.1732596194695248,0.037696524398650746,0.14164204282110318,0.21015075612193268,0.1113791406916331,0.07045594951033941,0.08453566083478056,0.1782657698122857,0.060578898845008805,0.16469153279468968,0.21449163847529107,0.20520314739007903,0.03096320034235819,0.12987773612151587,0.09970624715388565,0.0759316342042101,0.278181382340156,0.1423158382663928,0.16928427428216147,0.23959088331660458,0.2209897213763977,0.13160434458911813,0.06325301933439233,0.02432977320310132,0.13636094079730882,0.09923679134640948,0.10185447986033143,0.13955343159158629,0.07516922762087638,0.2758916992334574,0.05331792598066529,0.0929620643888709,0.16306086586105212,0.1322900373038447,0.16859417177756944,0.06476134829868387
0.03773643734636089,0.040048992534267136,0.07778193608940664,0.060064855984564375,0.018832069866347924,0.06026464685907544,0.04415298760199711,0.1585555081104177,0.032728163134671986,0.15025728908681849,0.12416837702072596,0.05844821190924206,0.09830117107086392,0.16994358121716208,0.1256671703751434,0.027427434880854785,0.04234449240088069,0.11666154373539375,0.015701325670375132,0.10927698518862528,0.19716442592186342,0.08175453448726913,0.027286573388107565,0.08525592258576832,0.13134152999095336,0.05006248448051996,0.14400659754925815,0.08243880284661989,0.14324931444869915,0.15306100331577357,0.18651858024314744,0.0767977461319439,0.039319345805567715,0.061419865565810465,0.10267548433690983,0.10682115389587302,0.01956133519231352,0.1684173697800821,0.07924734311063086,0.19202533847818087,0.04988635171655946,0.13495457857616433,0.19007545564621764,0.1845280352971086,0.1634278479563178,0.045932987699479344
0.04215010198604128,0.027797968760873946,0.07060577027240109,0.08580820747648377,0.05551631698970074,0.08967657759268803,0.071228411230563,0.1355199241772503,0.003889712654650275,0.16920298200681044,0.16374548660362853,0.07911139165228788,0.1091057347455579,0.1362869198192498,0.1392184131888574,0.04372928434010595,0.042421483415601924,0.10072282323753624,0.04866259663284682,0.1540131135233736,0.19092805130660437,0.094166242048772,0.034098355428863164,0.1264366353875389,0.13222580109095017,0.030015789064015124,0.057638280605777664,0.18061639619619368,0.11046534401674428,0.18859732005004867,0.13730691721063687,0.07104360637253632,0.07384671190424962,0.071692601898185,0.0900765419030075,0.048741080125285295,0.0671421140524659,0.11938269483901463,0.06935534648509246,0.11702552925673014,0.033125915690150956,0.15707638095352294,0.20448320040087656,0.20353300686723874,0.24689669802317385,0.19333870555553087
0.044085729772527345,0.05464702245720707,0.08882656824995902,0.06270165847895104,0.04231702051503402,0.10894643896915876,0.0732769590189915,0.15546862001432935,0.028769708153139454,0.15849513648609392,0.13620022824668265,0.07361773627988641,0.1478700983491336,0.18769189445936707,0.07494539647765608,0.06669568060862593,0.03289384672254354,0.14773808930549134,0.13202572588368683,0.10058464729024225,0.16190994394290534,0.07124812966225563,0.04554709031770868,0.1928185217088481,0.10584050708455048,0.06471392564703325,0.14065790199141429,0.16802216393017577,0.10959396691365307,0.18869833757494525,0.13808536527016044,0.09193613812080983,0.05981779393072595,0.04679262083899675,0.14683758505650435,0.1407387841342208,0.0041853951232329045,0.07610241419799928,0.09990849948330066,0.11435615770501999,0.07524073433087602,0.1688845475136685,0.1641169292283737,0.11711069391617485,0.13885569355958577,0.18400192479377134
0.10878839769574461,0.07116362099838101,0.13195860763951403,0.15663870694910595,0.08314272558042879,0.15668311071633179,0.14972348226421417,0.15725930306751923,0.15752290014280015,0.25792649974379295,0.23649221135857548,0.1279911103150159,0.20666616283418673,0.19056854463319933,0.10856094968207083,0.08807180116671402,0.11590041250303751,0.18771254421869893,0.25981445444448836,0.1416178638871475,0.25980963537601404,0.12551074954626162,0.20862454962749388,0.18467130912292568,0.2270166745914241,0.12587958667330867,0.09237691242448784,0.32082452288001856,0.1732448892016663,0.24858399829364322,0.27765486185196897,0.22809875286191883,0.09886349380017617,0.08728161174453936,0.27356999588329456,0.18144804919669805,0.15204904506802658,0.1848608781011074,0.14815669090923972,0.2702738219943807,0.1301655579414991,0.27085204164303117,0.27796840652466165,0.3060050403534426,0.28783264270301506,0.19303573502464985
0.21421060752554505,0.16055905772190832,0.3214947773452006,0.2963489873554713,0.3833211073120915,0.4676587020644931,0.27384729921040485,0.29248592797488593,0.29484192458527597,0.22626022411765986,0.4156721020630878,0.3744780248530691,0.4562363700999885,0.28251730283669474,0.3124545825821683,0.2315267658131897,0.27369642747015327,0.3722842073438306,0.19521542636172245,0.18471024080024012,0.3037149214726235,0.4747055761862052,0.6350252314541585,0.44465537268347544,0.3398680800604926,0.24685139269116516,0.16184252080249195,0.495664685272805,0.3103075128530963,0.38714290072752827,0.40987404556871343,0.5762824291501166,0.25633275839339825,0.15502059817533204,0.2565514513224977,0.24609614473948938,0.43054726238641366,0.3189060325993354,0.28419173386831875,0.4888338959579333,0.1996954278431318,0.7472321588278672,0.38445047321472636,0.5959857007394747,0.4555219965605947,0.3367773831309542
0.13730308075652944,0.13729921466264505,0.46409578273096574,0.5117470681383447,0.46943476911985393,0.5920131548643776,0.36675481692938494,0.4509821775229733,0.47121490999932325,0.28687320700974733,0.6579231771689356,0.5521259292681485,0.5157867165517227,0.43805811119692095,0.30598797372278697,0.6439163132040178,0.33720723572375233,0.31627943514408363,0.18020637198077266,0.1880459509942369,0.38632668693389727,0.5445451679789729,0.5882491306301966,0.6199374235700698,0.3837600195232103,0.20343177240891192,0.305800029050477,0.6337229274293432,0.5410737389682643,0.6863318083981083,0.39654112468807673,0.7515046827092212,0.41361281578962883,0.6683136703542152,0.4909119085327095,0.5952182744421349,0.5976220393887591,0.4973584651738117,0.2659580754342452,0.5456810200226488,0.31910141701245587,0.5975306847533877,0.4047509562534178,0.62455270516302,0.6194787506562707,0.3029289308772217
0.1872872693473548,0.13926280228747956,0.8792354558849006,0.47053439399765823,0.39301646051809563,0.5392175667155193,0.3779255704831187,0.5007579592466932,0.3950583678475363,0.25630154970547125,0.5736980276804986,0.7043769215361216,0.49719180890355963,0.42691236269301025,0.3724889667337954,0.8193894424961838,0.39941237708984384,0.3187890516130585,0.2095817222950927,0.21585060223980287,0.3134532998559632,0.42615735002686783,0.5236219384675176,0.45653252367515684,0.3043494455535625,0.27161115183482837,0.334587299782244,0.7582416717557081,0.5436213693083675,0.7646072402312759,0.37693883756744034,0.6048937794196186,0.24674413880626808,0.9662498414677493,0.7101251726687065,0.7538560106016768,0.667101733919906,0.3406140089167318,0.267953167953377,0.6437816679936281,0.3577821772023022,0.5284426592196007,0.35898851794299275,0.4211659695445614,0.5412397957231128,0.21711202753800354
0.38208867506662314,0.19624936218806466,0.678040141922718,0.40223796344318025,0.47083559050906265,0.5392652626226404,0.3454642691174221,0.5330641483044767,0.5610292702012273,0.24760255849718718,0.6622246541605806,0.8338604359350673,0.522051618538439,0.49984671437435324,0.4406799942524027,0.8324486937182674,0.4333931927891295,0.30962472712094524,0.3261738354606268,0.1658843393784745,0.44424151052275934,0.44432902424903403,0.5272911560874411,0.5377915377412084,0.38684349906253596,0.3419703923880813,0.4763455044269618,0.7549916235846924,0.6327081080407031,0.8848027440712024,0.4803231145671973,0.5892277961964258,0.39849282669937086,0.7518673293125802,0.8632156326002809,0.809364076178861,0.6800137048859284,0.21477459751710593,0.34889841568662383,0.7366171853701584,0.3766443992275267,0.601714795636024,0.40854629952637433,0.49063410604100094,0.5127796171828699,0.57449541857735
0.4626760150238232,0.10238715166343314,0.5100686340781191,0.35836348438781473,0.4690539759511184,0.5866188642214429,0.4286044797613163,0.5635455342700078,0.6291177123733076,0.29604996546079176,0.7442067095335224,0.7277785495249929,0.48339808754577807,0.41220265269554823,0.5156477952965007,0.803530703061394,0.4794268699779053,0.5022877834984663,0.4045328846971375,0.29533304782799596,0.47328620978366037,0.4193656493474991,0.45123692736393023,0.6134232595966664,0.40137201568980163,0.5485148408305884,0.40989669377899296,0.6836967633029313,0.6805307000932215,0.769110862864989,0.3753875106808112,0.5501007290342786,0.29514280453282044,0.5671448952981478,0.8660457684049587,0.4915850703384678,0.6918387946042156,0.33613482180055587,0.3722091393667971,0.6901927445433326,0.6217415543065267,0.6156519622140622,0.40255656881402047,0.5402101265570469,0.7308730691818056,0.7248403494681128
0.5296087221060831,0.15091524256153854,0.49585165649330054,0.41916296456104507,0.3670161253297569,0.6076161112635572,0.553920322332758,0.6674291163533683,0.7697043610265246,0.25798429761576225,0.7106971879000449,0.6565338812719088,0.651290209036315,0.7025156292048887,0.5050873877156601,0.7120192428600156,0.7730103371715963,0.40761599180407804,0.45528171093668446,0.2914181683406754,0.39433220168003735,0.5700751075048067,0.4823086225941172,0.5527746682967871,0.39259232837377755,0.5767184656627415,0.32632766997903967,0.9332117596444834,0.7450895412818105,0.768213786870726,0.42770630891275196,0.5679654341429468,0.3646034791237913,0.6528641265817333,0.8364937350359756,0.4881696492356175,0.7290067696096924,0.5726032114578585,0.3833990301684447,0.6498553514507146,0.5799669048641466,0.5967338939235661,0.4983705193653807,0.5858848697288672,0.6360308213352306,0.5630779851754993
0.4506445186900498,0.22435465090295303,0.5655221718972587,0.503903951400609,0.4324594074743423,0.6569158775623783,0.6068548333662861,0.6772800674461275,0.8966857175595234,0.26484912068090266,0.6594949170830178,0.654045211558486,0.5857188240385163,0.5463270882142147,0.5827301662556545,0.6401671988758068,0.7007132769922247,0.3354054518378433,0.2633047365892488,0.21424636615522633,0.34131342248391167,0.7211754112659114,0.5376760976958348,0.5106719892891181,0.374866048486405,0.4209028945315307,0.3938130745198146,0.6411510328147576,0.7832773489443141,0.7979234783217796,0.5325595953623672,0.5412380624416416,0.3787221253372692,0.6929639509924402,0.9346530962415057,0.5879236321022424,0.7729504667556257,0.4386355876504583,0.3457540135364491,0.7044325084760004,0.6690394120405824,0.56538698306021,0.5053655906744041,0.48857954594544656,0.5893832938898619,0.42105204509430716
0.47611958165892265,0.7630269327230441,0.6006146738614132,0.6339753918591655,0.3226947300487155,0.8938568870357136,0.5055318135444088,0.6984532503901185,0.6530548354927332,0.31537942832248067,0.8912550093176118,0.5782043806784709,0.6245895307970466,0.8140540998976908,0.6398372544487775,0.7759859468623724,0.6357120582289267,0.2806834377289231,0.32449893186229317,0.2091308319926423,0.4588045715155331,0.6598177118829609,0.6045053981659451,0.5113632037486903,0.37385381452656946,0.38297276217808246,0.31750495484326235,0.751163451182792,0.9066056805657152,0.9129798279019966,0.5423320256770595,0.788165838612273,0.36566885565638685,0.7809710379265027,0.6672289299411502,0.5878076551629196,0.9082723192898148,0.6651691678389012,0.386604623221484,0.4967036708702213,0.4926306814244982,0.7007634742428095,0.4887252391095882,0.5990416105022098,0.5186637602952483,0.41223664350020284
0.43672135126106143,0.2545041750950784,0.5653155593809199,0.6574219083456132,0.3592098049025843,0.8348657760994939,0.5782500221233369,0.7067453686949466,0.6491001539938887,0.2828378947169275,0.8099619146423815,0.6124905098787082,0.5846422477843115,0.6952627946877026,0.6098602696060134,0.7146977528029331,0.7154079395586878,0.4256220564408758,0.5239403897838112,0.23799834785809412,0.4755048274803468,0.5501576909353445,0.7496461551604136,0.6622841041435396,0.42772990768247693,0.4269211311690466,0.4898514980755537,0.8097857264304378,0.9780686524669353,0.733611519161082,0.564244654897473,0.6520876591476613,0.42103243404895346,0.7410719794310344,0.7377342049710623,0.565824354207838,0.8789568496652944,0.5684815496778657,0.36296488043378006,0.5545441724812044,0.5035807442570417,0.6952572940089374,0.49685148407014357,0.5439589004623413,0.5063150450040951,0.4997850433794776
0.43806357918645694,0.20609219311414934,0.4572853538358057,0.44776270922040334,0.4545491468100081,0.8656731868334251,0.6588641890704728,0.6660953283871469,0.7010456048590532,0.32418151054259864,0.7563919519144133,0.6155783293731335,0.544506967186038,0.5658183501687213,0.6659233649436563,0.6319662859801248,0.5670055055062301,0.33150391191350737,0.5941810304568012,0.2392157867731842,0.42582092759146833,0.5131794328318346,0.7167192137884497,0.756901331809883,0.4410497366675702,0.4437078292204345,0.3707818636442514,0.9148127423466573,0.8399745394290529,0.6762583702131217,0.4887083760503556,0.6386038241122264,0.509323017463767,0.6986262296979874,0.6954126524834552,0.5209748448377853,0.9513186642668364,0.5272020275395638,0.5186399266245776,0.5591381432678368,0.5779759116722404,0.7214935539649704,0.5352146921663555,0.6463216929289706,0.6044124059328964,0.4991269360275632
0.6994834024839971,0.2270779808340142,0.3623874950764432,0.3855111115771661,0.25928140602620475,0.8174123265307376,0.7676407329481442,0.6437987409938911,0.7324209667983618,0.4782424241746214,0.7354273182353375,0.44768883757013705,0.7423226199015789,0.5756321607845665,0.8645785795230411,0.392992287547536,0.8203459381120012,0.419288863428966,0.7113630266638418,0.4725072896327495,0.4530798618940051,0.7269971036947742,1.0000000000000002,0.6195168490430484,0.4910314633545574,0.4588210062666653,0.281496391362646,0.7658607214224711,0.8538835313578962,0.6059642419115553,0.45558514615931617,0.7913773912171552,0.8068833368789042,0.42367385510343836,0.593752075267656,0.2645224600859353,0.8524355545460744,0.7672371401971954,0.8103480865102161,0.5843672548657634,1.0,0.8367440795766772,0.9946436137479201,0.8220872698118149,0.7928405802042392,0.34173988764824614
1.0,0.21253805771407547,0.3049533763356662,0.3715207329749492,0.17910013969568858,0.6670005079591717,0.5213344235072725,0.6535988142571857,0.7322259384035574,0.5583341256012002,0.646627013189076,0.5157280927786203,0.7957955615344074,0.46070922487135135,0.6310088436995702,0.2775411846934609,1.0,0.44098341667281127,0.7777945597985871,0.7011512074635842,0.6169383474173127,0.8627083277550209,0.5767404607926657,0.5476478190804677,0.6294460413266926,0.7152239234226164,0.27431835437603236,0.5021850987757944,0.5831864090171361,0.62443670939415,0.5265337192158923,0.7770670279756585,0.9999999999999998,0.3230910368860676,0.6247799930666257,0.20748145619029548,0.5789714346925544,0.5974847251099091,0.7495453565889838,0.6568992282008621,0.8113173787292871,0.6732382531035401,0.9999999999999999,0.6943514391706127,0.8675250376451126,0.22874561266369323
0.882708359153238,0.3125539553946238,0.40024064305690055,0.3216259718433387,0.22870204363104996,0.7402498492228733,0.5443946536941784,0.70002458185195,0.8886889445676409,0.5868931073165269,0.7888517712533379,0.5087392744046045,0.9234635774275015,0.5825843835926486,0.7878500265377856,0.31338499467449693,0.6015438638829931,0.6781096909888154,1.0,0.8299223876186418,0.6662157933233486,0.8369906199413418,0.4999879130474778,0.558943147381088,0.8319634728142339,0.8775340859344096,0.39738603147856794,0.5323866858937741,0.9068807836780496,0.7405967285697953,0.552574387636553,0.8082362345340948,0.5087760132016564,0.4357921522811712,0.623999011865539,0.33545722699052083,0.6554806660694493,0.9032152347124405,0.7905438462286072,0.6831891276581555,0.7390516585932705,0.7009525989768713,0.8095171981882847,0.7544281429548574,0.8235076054379598,0.5013467068240169
0.8335134137452808,0.23014577759449922,0.40722695223082295,0.3887778227226209,0.2109071814871385,0.5475727362170068,0.544289013865622,0.7096936873936567,0.763718235936071,0.6570492164125669,0.7323488785755764,0.5771651943848137,0.8053665063928184,0.5588946552751318,0.6716962301151156,0.22577161966971965,0.690106727954154,0.5554077245160706,0.79830231991846,0.6844475351356312,0.5060766095296978,0.6843451635541791,0.5751841527997403,0.6104990691865707,0.8120295336248796,0.547553337179155,0.45776759841561965,0.5445601641078898,0.621445540639764,0.7231247384743876,0.6444276021137854,0.7641161092554978,0.4173114947561479,0.48509457965749814,0.5914468731099185,0.3555702969382746,0.6638114024699463,0.7709543057608083,0.7782266101040253,0.6516955131246377,0.5357180665789281,0.6568219413793078,0.7643508192756853,0.7787008714233967,0.7622836686306214,0.4844983427526395
0.33273014653919025,0.15054199336334695,0.41497622487061125,0.5154579214328716,0.1401853408261361,0.37594755993609524,0.7346109557099595,0.5758720156582389,0.45927545267463993,0.6385873218155602,0.5753868716454388,0.49810113172829223,0.6435483603263777,0.6554415945352526,0.5437468300217829,0.19347850450907345,0.5385479876928962,0.4061964720722324,0.5426378821422937,0.5419749882249021,0.5944163492930337,0.7234790561479173,0.41687722021022755,0.5217768045285902,0.6427016091876017,0.42436615827535107,0.8697732217258002,0.5015449373610608,0.49588956378816706,0.684460240273853,0.6985820941081947,0.7077012191089247,0.46930674769655095,0.24702558916227763,0.6705821784237926,0.3325575422195488,0.5075095349034598,0.9382378866724916,0.6786561493749981,0.6403556295974088,0.35702364766934724,0.6203090150837766,0.6264352782062279,0.7190527073954169,0.6534755190490831,0.2977575935332635
0.27752349889940864,0.08691145635825856,0.3553449610705348,0.39828362595234734,0.10699649377319587,0.3143126559926799,0.686454910282393,0.4795596597548008,0.48478787462728207,0.6661763786203948,0.49393736251050796,0.37743091099281656,0.4727623504671514,0.5760524223969411,0.45211762889219076,0.18118498255521426,0.3267729654340619,0.3156827444638983,0.6555061482504895,0.4152241040218366,0.6043772117830011,0.6849874379150224,0.3190006534374838,0.4165295550641063,0.5049548457421007,0.37879682752295213,0.756430650921734,0.36733416930877044,0.4521390440018109,0.5643376381622242,0.6160891454179651,0.619347453275076,0.3138386676531679,0.19291109932328812,0.6162709383109147,0.4405477024574697,0.42256086176131613,0.5792451199091345,0.5281105407782575,0.66402626176094,0.25555239058941337,0.6164400109834464,0.5894542599875627,0.5792188508788529,0.5739604607089239,0.2602339580610511
0.1646301638416617,0.07305885553590623,0.18140900284434938,0.38878694111795414,0.05828994821700444,0.21414928463699953,0.764206320378016,0.47929247847234796,0.44048326013224043,0.5922764348719705,0.42148591174719063,0.3051042271454432,0.2837390477230354,0.3157651264320436,0.3468538611444418,0.24460313161448466,0.22703857550347922,0.3834713201605622,0.7385038850982993,0.33420912232297306,0.5456261728377765,0.7947901573580536,0.19525832920463213,0.19235173606209305,0.4170636755952546,0.3028598386484546,0.3978896081103263,0.46046001730483743,0.3281382406455732,0.454856973229845,0.5110675828306929,0.5540547941652658,0.3074307602321006,0.10772026303855559,0.46656796120579147,0.28279857774157946,0.3487968975361624,0.3968792352103711,0.3783673874013943,0.6621922929654633,0.19464498741784603,0.5963348769942634,0.5823139213576053,0.3736690775687338,0.5723655611801122,0.24670833723268135
0.1485795769217907,0.022037655062080323,0.15747062657415575,0.3146368690366364,0.060986647876492626,0.14088427179000226,0.3830195639012468,0.26644745609220283,0.271240737642124,0.43825070350321316,0.36845303816365643,0.08150180129721729,0.3381403968978496,0.27443765850757273,0.2648706491085563,0.183239102329198,0.20206523541771604,0.26364349242820984,0.6657610847870306,0.23555740005546774,0.40582968155384885,0.5833182933598934,0.16196465473219515,0.16554389703438988,0.351442195091765,0.15902088122104124,0.23487002628339054,0.27672456407387924,0.25224237140761596,0.3021074210968587,0.36930592813294993,0.3378972126488435,0.18474005681811548,0.07596022742587105,0.18359206563804847,0.17352165960985774,0.2809349573945598,0.3883704516176173,0.3151846408362645,0.3679825934261229,0.11071864654065025,0.45537457111363216,0.49384745580880485,0.44385223826957226,0.4841284009189423,0.18701598948200543
0.08020947700715705,0.056078396181582696,0.09491039027731657,0.26882217519415724,0.039297681757579785,0.030931844545208833,0.2578773617127845,0.18913567781500343,0.08832250500701791,0.29755258883989505,0.19800517678019733,0.1276645034470806,0.2955676264948043,0.2727327848058444,0.191842773247218,0.07653093604345411,0.18103688016306146,0.14368182759559975,0.46300772725581796,0.1574044236072627,0.35929268234125844,0.4218626529754875,0.10204610804923044,0.17684286514796776,0.18989112742059977,0.08859677556503798,0.16568802771712107,0.24052150292501337,0.27399975678611616,0.3050430181018686,0.3120694908197441,0.3603534356996107,0.23110932692658628,0.0974977748454243,0.21169110090983206,0.08648116506619327,0.129943964608557,0.14474600343724509,0.22504578956528676,0.25970754178625616,0.08091941055412286,0.3384720112772986,0.43624975617845535,0.13973209024631508,0.2831842392769441,0.08850166571624035
0.06163645550728105,0.0,0.05812962488881897,0.14747904680642665,0.027056799070889648,0.053654229657122895,0.14203162939659086,0.14075085201381105,0.027170883623885523,0.26289536355620274,0.08021168660653984,0.09472236159815241,0.12867632692460906,0.25129522347154387,0.22144135711856586,0.09611259923753752,0.0997566545438809,0.1470471517591922,0.15633495821726429,0.10798485767574612,0.27308113818836277,0.10715270710462294,0.09525843410981967,0.21761723226983953,0.13157068951579312,0.09288570945376182,0.2725635276420196,0.15649244057468828,0.15349060869257675,0.17957711669276313,0.2648205226227564,0.28408885764056324,0.13825971184021973,0.06356508140344705,0.11104777293811259,0.09597244474891442,0.11910256539125331,0.1581426883327679,0.14907956891058427,0.19310791077581563,0.1158956299765864,0.2229619545311854,0.3165171685456188,0.14975220856405888,0.1595818660588033,0.06889800327063157
0.034165935244168825,0.015115793767812288,0.08385749920056712,0.07479609331532351,0.03281730417446153,0.13422784968007181,0.16274215337683237,0.12316049224002071,0.02037274207067658,0.19619264747132137,0.12358213866254265,0.08197937302825552,0.07372835234184154,0.20512944254078788,0.19252055205614935,0.0520608956804503,0.06033525751168754,0.1354658256001279,0.09559275851992129,0.10532453042109835,0.21979516049363573,0.09820920837625485,0.02908438161115944,0.13489473177659367,0.11740553409475632,0.04432385224850385,0.15402211603304244,0.1111021569716732,0.16801538433360413,0.14225998647617913,0.1907674129706193,0.19528346596318508,0.13569464889613264,0.015016712952858453,0.14815345161678423,0.06314716376449148,0.07686718106942331,0.08115029623666754,0.07184848909819326,0.2106750163466733,0.0666708477658254,0.158714035189074,0.17385243968474615,0.08936249923912998,0.19702285928847535,0.13580752195378845
0.021496124838953565,0.022886350127747708,0.052137573717415425,0.0,0.07807581761960158,0.1486543404140832,0.11584666833206092,0.10761084124990215,0.04478139646458017,0.16134927193494203,0.10175440911491661,0.0686242343631562,0.042079308681241503,0.19098474836603208,0.2484016114461915,0.061327891559400965,0.07010614757898868,0.14122378416010312,0.11893430501648715,0.13653763541278496,0.14785954468633605,0.08829972300318145,0.02060476475347776,0.14794133831831913,0.13539139747865195,0.03701380300779773,0.28832939909254707,0.13915197863557088,0.15093365244640322,0.19822845242559742,0.16002358435534017,0.10333527156573549,0.053391894423097094,0.021128058250523572,0.09381901413307782,0.05714291067711182,0.04004793371843897,0.08022616708448847,0.05569340584928534,0.1221995423073723,0.04963062666127671,0.1477055557938045,0.19210321694237398,0.08197534437966728,0.20409418186482575,0.10780860690705762
0.04313226995646673,0.030741500699200272,0.07627084879188603,0.08989662110273766,0.04510851373602175,0.15153309065358453,0.18270037469968017,0.12851206987888691,0.033961257357974714,0.17171174332631722,0.13341538396363478,0.040758759893735744,0.04332393090821643,0.27441668954519993,0.2254836844911499,0.04142185379284398,0.046859739776338255,0.12148157895548298,0.2210825086244989,0.19238503808086554,0.2136838160182596,0.0990897512705193,0.06886500685140741,0.10408902913873759,0.14140708401117813,0.05753381804391071,0.056564014148216823,0.1891565037967603,0.11644428974509234,0.2500133039278104,0.17516931970799565,0.09900270310608744,0.05127134115570067,0.05605255089858408,0.11985543719883761,0.15232209609943545,0.050147874197685724,0.09978026578736228,0.08383152117993856,0.18886734142490602,0.06989348301284602,0.17686178771008076,0.22493000229496646,0.09690834867429879,0.11840960959961348,0.15447358275003806
0.08719111694740217,0.05734196154053958,0.09622725165989279,0.2282529239646663,0.05051080804639906,0.18006173611467657,0.14821816279680738,0.1252244865116663,0.09136941466621172,0.29955661300196756,0.16407615570798345,0.15720423099595715,0.17931287453262873,0.24870129196535065,0.22343351027291844,0.07782805055466104,0.11831481128821289,0.16241314851089866,0.2174168477161949,0.19400053445240203,0.40695788862791665,0.15311215576731746,0.1499769121478427,0.15348959573475857,0.27418413117759777,0.11138887978371859,0.1344082218108357,0.30054766240169556,0.2204948532121982,0.24470025522182967,0.24651969888020556,0.27033859413368505,0.056452039770008844,0.04876843078995515,0.13212357353212162,0.19636261293931184,0.12325556221132057,0.08506957026363789,0.14411217224647793,0.22861680353996733,0.08149080840055065,0.27874796128505774,0.3025431077396825,0.21139122755648193,0.3083589683106952,0.07724941482327428
0.12838086845386973,0.07644099955098921,0.24577845586114214,0.31012999568238814,0.23355666563750793,0.37227598292193176,0.41306416495169584,0.2493730629221176,0.08609241173765517,0.31270958887135836,0.405661768926744,0.27442104428120667,0.28525741674749305,0.229429255456484,0.25667274995866535,0.07868672579111305,0.20216134623483945,0.2181224792333206,0.1747057620781179,0.17285720996193968,0.47223513266962364,0.5105683399139156,0.42155358876869864,0.23504821928941783,0.3565382006594128,0.16961700938292137,0.20461468316196924,0.5346910410152909,0.39331704054596867,0.30871792629906125,0.4244248232778201,0.5405871966465446,0.22152186859227083,0.1478530359530315,0.4916670515806443,0.3361158651819796,0.21879608148448138,0.2075015543337243,0.23016742728363682,0.5457233538787083,0.1520842320352193,0.6591609707154031,0.3587738610133061,0.31273402843641535,0.40363050209798845,0.09386759716492757
0.13304612731599658,0.1406679444160347,0.4738676779623223,0.5412323822662082,0.37948219737797495,0.3879916048770131,0.46453561121794384,0.3601707529958291,0.12954269544926794,0.3117077153608927,0.45671037898610645,0.4693352957752088,0.3986308227967904,0.30236791864029433,0.23993477106212524,0.2018673405523725,0.34934499626816834,0.24337220800965212,0.30007717999403677,0.24620352124241615,0.5445497485740787,0.5443330980595901,0.5397536642086969,0.33130733739226764,0.4213168955660962,0.36169098454270887,0.6162941127920132,0.4785424415150928,0.5056025329592928,0.30447424445042315,0.3986851449708803,0.730615312907998,0.5054081803045241,0.24306544593286106,0.6310930989251394,0.5407361165486515,0.30565275698170924,0.22461839056442723,0.30497101201699534,0.6145833999668077,0.2633913819996535,0.628595826334684,0.42864441985438995,0.4247233019055322,0.4806498232486948,0.09134993626682752
0.23208674949467079,0.27342560594907656,0.7226944725512511,0.6861372827740899,0.3770095655710837,0.413484248620514,0.5491074757838287,0.4405816040943812,0.2679744203201464,0.354733685499152,0.39510738607749385,0.6798327232055464,0.6232979272358139,0.24052851418906937,0.48672185325472067,0.38814590832491913,0.5311030122385072,0.300514863536845,0.4608557214038534,0.2054865003301136,0.5216247715989868,0.3118852704477127,0.5863196381349836,0.3518097781043358,0.4624610501689967,0.6449082369859686,0.7384174778906132,0.5256701372392762,0.5451799016704576,0.4867789772546128,0.42331929234320764,0.7281860960950569,0.40891239793436984,0.32049197063835677,0.7143346444840456,0.6227599195578497,0.34522883645673785,0.35155405173039944,0.3914101839886289,0.6416245006559639,0.19770605060891158,0.7041111523070931,0.4689349268690743,0.5337100229940073,0.5862243229727389,0.09305406459929702
0.2895448093648029,0.37833167774826415,0.8983550780808558,0.7692405296723825,0.4433627338398254,0.5413468253044547,0.7153399404460137,0.4677896045550116,0.4856798920612337,0.34284959546365845,0.6106007952297109,0.7373538373175391,0.7255276142532748,0.3653932954795408,0.4721758603062059,0.39843970739322854,0.7186380305005526,0.38931319258299635,0.657538240899959,0.23119037011934626,0.49636665007677944,0.46012457063473583,0.4722908686123927,0.5369332636707848,0.43838909703077733,0.5566916640826736,0.1996579939733522,0.53973977653939,0.6226103612510276,0.6667794395025396,0.5599784574571322,0.8528489628921616,0.3331029365294531,0.29914510943835065,0.6364440968556482,0.6459715777726346,0.3695091175311211,0.483329475884174,0.4584715205139145,0.6564672139259787,0.2539690596940346,0.6584847452945948,0.45328816604091726,0.7441902234115547,0.5827380297031864,0.15377218110125318
0.41854260092402135,0.2698505876982206,0.7214408210338034,0.5253610224198222,0.6055442428670172,0.6202957087003753,0.5994245455960314,0.5267570895168652,0.412597384240834,0.38341603045052064,0.8114424937300638,0.7673859739256506,0.5627846035425044,0.4358624833684175,0.4886421139404656,0.4934600197176806,0.7285777488386538,0.43193460658151084,0.5092706138064639,0.23932929321657334,0.42487024200142237,0.42976528715405976,0.5220534966341617,0.6063417897207526,0.5220388755877341,0.6786379210160213,0.205726142602135,0.6062232487913328,0.6319191183497966,0.7670810823642497,0.6277095167936777,0.8513342088200345,0.46748330520656345,0.38535191088507026,0.7564540202733132,0.5471686643854466,0.48374898222988133,0.6152060494053798,0.4588595704267233,0.6022400511834695,0.3963954983603438,0.7157811940851987,0.6497088159067417,0.5596903273579847,0.6548053552503369,0.20189919243513665
0.5535044080814664,0.15561840471643873,0.4724775140823705,0.40167947178676144,0.3626783250387419,0.8117255840463562,0.6375925786006378,0.6607992497245825,0.5620378413123683,0.38110563661922237,0.8687534531012419,0.6059676124033726,0.6670651937285292,0.3560322710500514,0.6273925681642869,0.4483848770104935,0.5909690808122988,0.2852476985008695,0.6254359181187851,0.23582988892649268,0.41010030669295133,0.5425901503976603,0.6282364322706164,0.4484508953930036,0.48309115650981294,0.500008490891621,0.2581215982897268,0.5730402146412324,0.6552015883741753,0.6973719839449817,0.5840951663687424,0.719086839895128,0.47744662412894445,0.3293118927785335,0.9406378369990926,0.5269180855139831,0.5236640383535273,0.5422942720418686,0.5751245437062477,0.7214047889016726,0.4780123223355931,0.6738127777056644,0.6487019904375829,0.7713177515655028,0.642850538117965,0.06561258593840627
0.49645333167163175,0.22825777955086413,0.6415209874361287,0.46962007553738655,0.5042590723711817,0.7233060564289042,0.7526018413567157,0.7376641242186758,0.519314776256182,0.4124281746508123,0.6097492497750164,0.4809026370586799,0.6009789214711972,0.40446168429623086,0.5958330212718721,0.4184534553379007,0.5916226512074458,0.2855792618487356,0.5433809897611332,0.2685873400192101,0.5070753655144558,0.5645876578820822,0.5693459614959117,0.5124437411384388,0.39486254435517604,0.5458851195344537,0.1996987936501468,0.456348742348339,0.7788892026862733,0.7582220280008831,0.5436122508357296,0.8180134487745694,0.46249516326554874,0.3569389756022451,0.877425831500679,0.5229798436935605,0.5587042829669072,0.5446789816950963,0.4963642538397584,0.7777145686866669,0.3474140394312547,0.6863522578701962,0.552248971291814,0.7380102507313142,0.6385108983449864,0.13585621512955334
0.5734862999642448,0.3846008498624646,0.6948219863134105,0.48976593628287374,0.4626624520539039,0.7197192742628686,0.784427740388347,0.7287928241384767,0.5045719094638875,0.30511396423135884,0.6281957555174771,0.5779716161135123,0.636932962865013,0.43423168708454296,0.5947465588594298,0.541187222176387,0.6926270371358078,0.34458590580512494,0.6549481406926158,0.2022419042569684,0.540353836116034,0.4824925621625595,0.550193226828732,0.5541329219889065,0.45196607759150553,0.5912036045533172,0.1665271963957098,0.5863046898715465,0.8065293205771746,0.8978796850078572,0.5338912714365969,0.7160721377989888,0.5482424714407088,0.504428471024864,0.7434551982795482,0.49649693301062187,0.5979580219684942,0.5108323727328081,0.43487862728223925,0.8169496527468356,0.4328243974746956,0.6534463770267297,0.4932726236862941,0.7737734698903158,0.6095948568789104,0.08908414548240504
0.5295489257308692,0.30102947662688545,0.6853501384875931,0.5909955930129609,0.5793031231649507,0.8059035921879345,0.6141408063188967,0.6640125793578341,0.4168525975500846,0.3715555140691979,0.7065174003474425,0.6167124200135136,0.6480723277695181,0.48628268943203623,0.5770259675927971,0.4991336292301486,0.6990018977521417,0.39802368712475955,0.6705325178261502,0.3004953226096129,0.47195306640028817,0.5231026679016973,0.6843214029233372,0.5703117934287463,0.46704053136180357,0.67088409481431,0.15262154140195155,0.6098933450200269,0.8755916504302915,0.9999999999999999,0.6087833991762612,0.6521184970782888,0.6585152924661742,0.4086056829244042,0.8077266333402299,0.6066245642489855,0.6182412779590656,0.5754024110198934,0.5783222360866418,0.9335582463085201,0.44130633425622456,0.6810953018087659,0.5963242461542042,0.7533364758055852,0.6133163192022824,0.11682192156340895
0.4501694749906414,0.26840520322148603,0.37797187415401656,0.5433786096516624,0.5073228913006579,0.7144506772156608,0.7662658904812505,0.6787770177946335,0.35391195517557295,0.37161273337971273,0.6641520212783367,0.5107375949449234,0.7065461015634358,0.49570918800403474,0.6404474405656264,0.44890505833551997,0.9597203215956374,0.34674676999872844,0.4116655912272543,0.2752640659180345,0.4240756487204433,0.4605408625043435,0.7136883528613811,0.6817242965463983,0.6022422589578088,0.7079330265746445,0.44280673366686973,0.7042788445537208,0.835398257693878,0.8576811211329535,0.582844138387039,0.7357131642551255,0.645579899159789,0.40589959341536486,0.5854275436182385,0.5129447469894802,0.6186089047056164,0.5821295696897252,0.4752482200984077,0.8144717466653839,0.5095164334224702,0.8351224177151017,0.6736209440513643,0.7471576146910801,0.6724874019584945,0.10480025525900596
0.5499792531350916,0.23910475498856815,0.3530348185211295,0.4659111595497832,0.18765485661640996,0.708892642947419,0.5936503035309741,0.5694561477702961,0.5726417982933717,0.4545403928508397,0.6094523845142239,0.5046443230657094,0.6607600999890086,0.5022802460852852,0.7992929460403754,0.29449139988163425,0.9348250301820601,0.3021280819844978,0.47302795154459093,0.3587142491309018,0.4814040339204105,0.39041911194421175,0.8364427461277604,0.6236537390300059,0.581374113784456,0.7350329822810522,0.3158260741845332,0.6154519929470943,0.8522341621803267,0.7667867365890442,0.49851439549357807,0.7488627942268129,0.6254281156167666,0.2832500412010811,0.5123810933474183,0.30127382255601987,0.5353083291258837,0.7904293741688097,0.6912845708144288,0.770889937525085,0.7271265166019937,0.7856888786907378,0.9283658200622236,0.8880853854558544,0.8238538912106064,0.10952565280801421
0.7737117722555669,0.2709667078357604,0.40918188503352504,0.35280104376210847,0.18925203200039187,0.61068884064851,0.5323041421511068,0.7224303141119417,0.6336586116263183,0.6154391782135498,0.5647371254842768,0.5825042696222197,0.7245501510561897,0.5275886300168592,0.6772770699788951,0.32156010670281787,0.5767034082110932,0.4237622637002475,0.6325901526591273,0.5511348135908019,0.5966609119080382,0.47512324774158804,0.5606032855424743,0.4824403839809833,0.7296826395280976,0.7303691420716418,0.2596532449674138,0.489601000500077,0.7428606688533091,0.9322101913397479,0.5264032078168691,0.7676891390131106,0.7118523803903787,0.22082999508730705,0.49410898366286693,0.3304406950288348,0.38470296962846035,0.6333859328897073,0.6598955318004074,0.7238925342060685,0.698460222718151,0.6782096256136221,0.880709527107482,0.7008481970238087,0.7194938577156,0.13104253955496742
0.5938466994502589,0.25895690257274956,0.3993110704339645,0.285412486785944,0.21957158232198426,0.5453326017873702,0.6055941730032981,0.7644585967121911,0.5855108046463345,0.6859449498579668,0.6398968653633754,0.46244351819179413,0.7875405126578996,0.5105325099291115,0.8221267788725688,0.297577635507787,0.570113408673061,0.45188537347017244,0.6551494176545846,0.6467784003089095,0.6660710868324462,0.7259579292801561,0.551376550001615,0.6070340995621145,0.7235471987473623,0.6059133333682606,0.41922292070212946,0.449336979089514,0.8882477702946942,0.8727495363581884,0.5056995188393303,0.9551388101647578,0.6608421427389799,0.30309035658828576,0.6141690715890608,0.2629781926982719,0.4215115884929884,0.3999035755347792,0.8464885211572425,0.8453790502790269,0.5605164331589132,0.8412387756423426,0.842245473002738,0.6168842363301379,0.7770763054900289,0.14119773081845946
0.4544583128586825,0.22471083413968845,0.3791560663639595,0.5034126931128922,0.19054029667707606,0.5916306079026066,0.9565557710255402,0.5924906719370832,0.5614589499918471,0.75916064903349,0.6308788412588733,0.42449482187914805,0.7028194771569619,0.4833328284573608,0.6280421317012174,0.2969616248412166,0.5735535063015189,0.3820824631163109,0.38690979727346714,0.72412702758685,0.6991144135207066,0.7281850189568191,0.6051197801158984,0.48289915586939225,0.8209091173482312,0.4943845725671981,0.7339566570696088,0.5546759179632994,0.6553960020053963,0.8347798079215819,0.6115938922340708,0.8055675624455794,0.7223817993021169,0.3044153423750311,0.5414446880118875,0.3262024042797454,0.4292221415661393,0.48247735996825186,0.7128666775250453,0.7613223272247676,0.33762279911033843,0.7260435579511527,0.6637380404482055,0.6446594256500908,0.6723935848172662,0.21934701759303196
0.3590160172028669,0.1684622075142979,0.3965307081538494,0.5008186410149698,0.09698434926570695,0.40855378597817754,0.9247533357629912,0.5884238676266569,0.4041040628135326,0.8348089559292913,0.6100023304361405,0.4006515045382317,0.6058679759655249,0.6359879586733431,0.4604988283653971,0.23450428960441588,0.49175983341200236,0.34167309948467606,0.3539665989633333,0.7381838204992814,0.7391024482690147,0.5813539782302343,0.42078975295939675,0.42831791747881587,0.5892949496131801,0.4374497620005158,0.6399537174055938,0.6050430705305023,0.5553164230461898,0.8853589138574384,0.6511353576711627,0.7325443956802603,0.4333633452411453,0.16502387278640668,0.4401604665711426,0.4149980697315574,0.3429018981021909,0.6680076453013299,0.4936867771935533,0.7569844193870271,0.28470014843543034,0.7930908210148034,0.6615558407077572,0.7960027354245229,0.5466484200162309,0.22508423873150976
0.2191114154967473,0.08420694820107895,0.3242702861933626,0.5626771913707593,0.11131547095874805,0.354068849866003,0.645528666591967,0.4175129321930321,0.3384287409484405,0.790958645155384,0.6338510049909684,0.22981213218120286,0.43130142198971533,0.528791945661288,0.4158979459572121,0.20313644912914414,0.34689127884439486,0.41368892026579274,0.37651422959603614,0.45004204241497275,0.6763435775605338,0.6128614292788689,0.24914748557457123,0.4017392673823171,0.4804484489190379,0.3249212933703512,0.4635872560015257,0.5620997590767655,0.47761144728260696,0.7543230217341855,0.6174021407780096,0.6826902883345437,0.40346239177219595,0.10230181161869886,0.649291242719823,0.2973333731243404,0.2953994273699374,0.31099030340330824,0.4963746495971562,0.7059735613271436,0.30670505096409306,0.7118111339860352,0.5527854865043562,0.744019635673576,0.5144183868179792,0.1005930679158715
0.10417629044729573,0.04409465217787534,0.24974515327870608,0.26867991174616934,0.05732125424729392,0.2933016299807769,0.6304971421099445,0.3230308967848207,0.3770061710578069,0.5468840051561055,0.4762694974773216,0.20593475161170874,0.4394021260485551,0.42568522278220433,0.39769566522648925,0.16883996559445252,0.25110410354843826,0.27671733953902733,0.33036345648137944,0.2600642954966276,0.6409780525316875,0.5019908144200198,0.18146405938378196,0.21207073937269066,0.4362603280472848,0.20724634028135386,0.32481762343584797,0.3805708540681598,0.36820621128278574,0.5305081766316182,0.5579139237504565,0.5849841393929344,0.293712330294247,0.10789666205437495,0.5138867652620929,0.2692662865467826,0.2676440062797545,0.23784733520613455,0.4643820352684628,0.6308700151660462,0.1478062068258867,0.48393313330243365,0.6155479847109092,0.6451882472815165,0.542039176510162,0.1621604670893729
0.10141862921379405,0.02311227936341112,0.17851107503281452,0.1717165311284776,0.0386285023751445,0.2376078976520057,0.4398981798949314,0.3308407885201526,0.27583076592259403,0.4006624757452878,0.3807199997150635,0.11509345143681508,0.26961004731609195,0.252457654360671,0.2319190584076518,0.11487115442364763,0.16658879895110898,0.34268858779618017,0.06861979497933819,0.2621823778345801,0.49493927011441446,0.34550174410572937,0.1896321656469257,0.1809383223647702,0.3271449741333562,0.20143313727035764,0.3234413627015537,0.3449614606545669,0.25180019442158436,0.3945156439434117,0.4389901609480146,0.4815133766972044,0.2825333334194351,0.027611382426395735,0.36186400863609214,0.2366645691909079,0.2583983984656083,0.2308917048963255,0.3193978056224651,0.5276654583079077,0.1600147587820332,0.4628553597240413,0.6180264834572824,0.6056750474243737,0.4791785415634024,0.08068341012381783
0.13593048184817436,0.05298278395277849,0.15818260504133777,0.20758707622951528,0.0437037049174609,0.12225993326993273,0.1520159432398897,0.1608175387660523,0.2669317371027973,0.3059039694977521,0.2269896444625096,0.14042626393225344,0.15888527419934398,0.19349655389321022,0.2369038429158541,0.1105245577893121,0.11500679830577587,0.27762787128415634,0.1528889466332065,0.18714215514432614,0.3166373805768774,0.2402926345425809,0.09947635975702836,0.11522646648950254,0.13394418226193278,0.11934973253982745,0.36609409717949887,0.25474410462661057,0.16298143841715362,0.2820630355207828,0.3219600203723239,0.34143402029937947,0.16565521306295508,0.013955153603720377,0.35019299693183625,0.07549776947203249,0.13553646909735073,0.3315996729500761,0.2555782093657376,0.5541791780253954,0.06147647507708827,0.27153215989491897,0.5240875789186056,0.2077099368013165,0.3969678236727223,0.24015602240841713
0.03336947638794945,0.029548837407293145,0.10173255434575659,0.17321254175947717,0.07100367492248885,0.09125441873983609,0.15080242732476837,0.15981306869008122,0.2809076412687007,0.2298077980537572,0.16514271268736191,0.02827334004854388,0.050954707217307604,0.16489392089690055,0.13051427282110104,0.1341604366788588,0.06332004385548218,0.17334053558241846,0.15701387842593156,0.10825998728359087,0.25967351949784645,0.22173864073435937,0.05988642709083998,0.08390752372724984,0.12859826251157547,0.06478405238438069,0.31345219947454056,0.15318925049454044,0.07427086695017968,0.22048001348256652,0.32447130668298674,0.16524895576522747,0.13267972303864728,0.026526136531380445,0.1544431805838795,0.05481505773197504,0.1281184754610547,0.45429078943115414,0.14232814878370598,0.26074162790381866,0.07062234593359865,0.13020595289231796,0.4094143376052165,0.21472451427454653,0.2701311281509293,0.10415628135542412
0.05097962527326983,0.040361443401249156,0.06164264251854075,0.06105349904337845,0.034356810538197814,0.13778234706507794,0.10240875283195594,0.13574360376079342,0.2055559871225518,0.14437957280317135,0.11327113090063659,0.05973038444667189,0.11782524951139095,0.11193027981013007,0.21796067546876613,0.1133683872363367,0.09631876470266604,0.1451462747238305,0.11847756144683459,0.10305682188695584,0.28554036337893923,0.15703251030861892,0.0666052352703003,0.11195290703411435,0.16522033923273494,0.07897023120507939,0.2016188518688828,0.13486000396527062,0.06378596840639372,0.17022337518053765,0.2036086370984454,0.10257644139101438,0.13745525825608518,0.047024421976795815,0.18149747372652936,0.06580275266648095,0.07095773190319832,0.12197269247479624,0.08812015057047533,0.21953817184768026,0.05255311409434538,0.09324241763162215,0.2850854113184979,0.16879681676393682,0.14536144471816084,0.1449342066907982
0.01695549148791657,0.011800822439161592,0.07957990486857076,0.18502781493116152,0.04824399446547128,0.07660167484880104,0.20267356413696916,0.11340329835699547,0.15192806323259253,0.12469167292344946,0.13170330429013477,0.13881042903485435,0.12314816324579722,0.14911988093442236,0.20707311173337845,0.22406964729429435,0.041513489172694304,0.06211450924428864,0.0877362099670671,0.09745146200789423,0.21253227129621316,0.1143833714070756,0.023960476819578098,0.055239085457833265,0.1824868188303042,0.032703505905606806,0.16352827337123144,0.10849410377412552,0.13746573329095385,0.11582254723068469,0.157722538840422,0.07967126233011174,0.11700122993245413,0.017421418084966243,0.1963347299395914,0.0470549627567737,0.04952304386144879,0.15496794972520722,0.07721958237335909,0.10136544407419346,0.041209663832747365,0.17138856160867538,0.19617707377704824,0.1315446966263001,0.11384052684913741,0.09072171290940692
0.04066605902472222,0.011026460070443028,0.0895606286322238,0.25744974276445814,0.03996226337731645,0.12314313890120807,0.09241708882370969,0.07800519198199442,0.08882656141094675,0.18355941720666746,0.09902097398528517,0.07771193221386732,0.18722846910249374,0.1755213959574545,0.23487540365047943,0.06502833266168752,0.03739308005585759,0.12801621191504087,0.19424376892183176,0.12505850037354768,0.16534520665761254,0.0890822148980917,0.05118035135444242,0.1186275263544483,0.1427987807028329,0.050406299767684626,0.2079132139749837,0.1884119521830933,0.15436531073304077,0.19848363871819782,0.15137134830184726,0.07633206830486253,0.04100746709686208,0.06363506975714356,0.14308442189205767,0.07359706134960972,0.05900360857763137,0.051511023329226635,0.10059116824402119,0.18531416692925126,0.023514138396563147,0.20900517822551812,0.1411699608531083,0.19446490847278158,0.12184675490325005,0.11606223712392102
0.10395504282748674,0.026603800863070792,0.11242448162390525,0.2034337970172463,0.07772156707453798,0.1635808535002225,0.2370380164469664,0.09826548589306591,0.10041685488957479,0.18715943101787666,0.18221269212203367,0.1525861624328337,0.16360431975333734,0.23589064041573546,0.15092210920429566,0.07101721069163262,0.08756838754232787,0.1249216561372766,0.14841406512875682,0.15493846362623362,0.28969966133987285,0.15175251945120935,0.14245977571831642,0.14398530896980655,0.20119425495112253,0.06921682351025582,0.3648790663238547,0.3254497949484746,0.1715185675440603,0.3217075119128916,0.2687270437760878,0.15701523218797192,0.0999106226108443,0.13526277963485203,0.30755210988809767,0.19274429875020188,0.10958756557854075,0.11565348896776555,0.13800974223290302,0.24571499619603449,0.08562897346659429,0.32258959762986833,0.28419699216176003,0.23756224073087467,0.26511191484325386,0.1718550142766075
0.10249847294119,0.10027911810818647,0.2443995231878218,0.26351775123892773,0.2365808446290768,0.3321300666093234,0.4498821535156403,0.27329554322349725,0.22743004972738415,0.33918232488725764,0.25200711084913785,0.32446255082696085,0.2784406852724465,0.2716671277788648,0.26491832248011715,0.09622938161840665,0.1770587040294547,0.25503632878541405,0.19869121770667697,0.19061909799769977,0.4864578076125083,0.4049425276519264,0.32582687462091553,0.25394481970369925,0.29778041918076664,0.14721938700788112,0.3102834967243744,0.30534386483033527,0.31196493634580286,0.3581954695184875,0.36952344090361344,0.384175646881762,0.20012886625810422,0.12948364153642916,0.38713400969660094,0.3296223115618922,0.3240096421762486,0.1972971468220835,0.21951986167568888,0.5261960047388047,0.160411248302636,0.5579087619303973,0.30465002427886295,0.2998842988743514,0.4000416325101891,0.11070368389693896
0.1165195306640742,0.09951857847533034,0.4700371208893127,0.6384598612404719,0.32252651513895525,0.40888416230074714,0.46872928736668384,0.4357773789175108,0.1849443106328855,0.3572383503277951,0.4073233454063313,0.49940804598090976,0.33742850398912516,0.24581326941832718,0.33853385758688337,0.24364806430187924,0.3165486582754126,0.3266459425616508,0.6423120165680647,0.2284840192140182,0.4608519957035731,0.41283728281197857,0.5549459890196643,0.3691624786755715,0.38140857424453534,0.26801306026726646,0.28740604224089283,0.46485299712929334,0.4533483181343114,0.43344082488558827,0.40131172389392433,0.5842201373501185,0.33928326390076596,0.24364220423972716,0.6212194504146044,0.4914108080940886,0.3180170506646464,0.26697806486989006,0.3119814843363365,0.6237833435684623,0.2089486018549687,0.5910187791219396,0.3367086260409298,0.6335219479100509,0.5067180310872785,0.12474771009640545
0.1982777180451355,0.25573320965049245,0.6844561500282911,0.563609590213191,0.42190962199456655,0.5216033329794862,0.5098978962074499,0.5068815560397453,0.25086358456722346,0.32384239940827986,0.5088726780309667,0.7893167270438035,0.5458132483059971,0.46108627362542365,0.4504012378035643,0.422777345166407,0.37280273663338037,0.2996066395534901,0.7871811107537655,0.23596378171429463,0.5185253957060605,0.3908501897564448,0.5186331404567603,0.4648470839435963,0.42870162162276876,0.5415999125257644,0.25392374292031417,0.510676031153378,0.6122892373914233,0.6001696123815684,0.4698707123714536,0.7294856813289503,0.2849582683394055,0.30599638878073676,0.7723288821853882,0.6598852988258154,0.430038826761704,0.3172211910947511,0.34373436800869683,0.7142547850536177,0.29922602185647196,0.7283914089609707,0.44432156186382593,0.6391985576227075,0.5066723629365474,0.0842055121673412
0.36038063564079015,0.2814417843043551,0.9578833399512131,0.5856783099337637,0.42010596674644196,0.5217243673611897,0.5203603185817615,0.540242206378169,0.4593020488655458,0.4612157972643445,0.5693721442841849,0.812410012709041,0.6067488998358351,0.367836386944556,0.49146502647658424,0.46049809121718466,0.5357971378718129,0.4022557989842138,0.4512881456623257,0.2795106058467899,0.5645799852043472,0.391568998047202,0.5382268847262318,0.4349980273666062,0.4630730928341362,0.5080786175278497,0.4587143197956052,0.6421409809644167,0.7199082091342351,0.6668226168320145,0.47260086538232604,0.8033360505348756,0.5636578926863628,0.3200067823986704,0.7472769581120599,0.7344908611685411,0.5594652332706235,0.37808268395183087,0.43092122397827426,0.6658269596796504,0.35260916148109833,0.9196192352091546,0.6287641622739856,0.6400321702086886,0.6984171176087678,0.18587164233784023
0.49412452168375354,0.3224729751415412,0.7378643650343386,0.3555506415540335,0.5336506381565728,0.5775563837387452,0.42262116062884936,0.5269102179122263,0.5257106485664149,0.4030050582946298,0.7721492526761021,0.7207612451573926,0.542323857998488,0.33746214852168865,0.642315951366758,0.5194528729485278,0.6706418044540103,0.5189677612386947,0.5436089054521063,0.254941915352401,0.5344502396762427,0.3169212182185221,0.4942063233179711,0.5312842374212033,0.5257876677508447,0.4551970515392398,0.4987418081845887,0.6447992613241648,0.812311131503498,0.7357666934688522,0.5254016149020602,0.9092145219681809,0.49667184427685596,0.291021016773879,0.8080688393497854,0.6284355298717488,0.4912410608734507,0.3273497062047949,0.4221902487377024,0.7182743709198165,0.38016132469474706,0.77937766069715,0.6700487509530971,0.7237820444635323,0.7955728334585422,0.16075083116192215
0.5555957056142737,0.20437569146151752,0.4436476139491442,0.3722414962162326,0.3693305903231131,0.6404794875661254,0.6025493897370761,0.7201132480562269,0.3894355740762767,0.38738729955369405,0.8191738665540451,0.48159435960770874,0.5032144918888444,0.43145908341038575,0.6827306811580793,0.443122092785974,0.6860683839504403,0.3490213988628712,0.38412609060187997,0.29026000534202556,0.5138765896197257,0.4888265450446841,0.5961876303010942,0.49895094305120913,0.4494213173736316,0.5309354864235074,0.46038751266252786,0.681689086962873,0.6935890865529005,0.7148858783159813,0.6166558848025435,0.7670851465972274,0.45485501870558687,0.3587759110768144,0.9496670650914545,0.43618036923932546,0.489676349877937,0.2604442205224908,0.4950615709008173,0.6102844251571337,0.6367117687827892,0.7321958948692919,0.6362158452280632,0.7904958797894064,0.6129380228226988,0.12340124091737054
0.52858373347066,0.18093641432841734,0.5864088050289832,0.3313177909668848,0.6219001874531233,0.5888608220028948,0.6868577642856847,0.8779970212269779,0.4355265896776083,0.4156806643620958,0.8913003153323639,0.5713656650023952,0.5292198163424994,0.4012192686776286,0.6439147422086761,0.480497339708725,0.6589955634360145,0.39356981570718186,0.30662631973300597,0.24572901523064553,0.5177724379833479,0.4100684611588438,0.5905118890437558,0.5150955112675281,0.4682971834483088,0.5391393575155556,0.5134983289295371,0.5716158468896321,0.6937311886651947,0.7329034453260939,0.6704775600732961,0.7677741238986567,0.5576364560142337,0.38435673228440237,0.8247721817283309,0.5328775190440543,0.6564554177299817,0.6873269730736996,0.45172551699902286,0.6100343557639546,0.4737266558848868,0.8145772336376425,0.5756256628367786,0.6777342826924466,0.5784770964904619,0.1906216858427911
0.5240458523104142,0.21584614108920608,0.6886516239246683,0.4534692540490584,0.5782287920328412,0.6056966134761752,0.7048031542757767,0.9405294894728874,0.5599323246192335,0.4500583424664759,0.9030933386058808,0.6635556188725816,0.6360695685632545,0.40013034482557,0.6237567090531673,0.5264859560111852,0.6225708172613433,0.35028318943720094,0.4968900146244763,0.25154791946245575,0.5221592180845971,0.4524800261365961,0.6087552948832613,0.5275346262098584,0.41604235212757057,0.5753612752131183,0.20249310478488053,0.7430820439272984,0.728584636726095,0.9032857058808261,0.6421013346685753,0.8123197134817062,0.6058327896611306,0.5158249278911479,0.8161012582823133,0.523618404703799,0.6166422428048635,0.4697568636155028,0.42993468135935203,0.6075805612649811,0.39489316903040983,0.8347825911683225,0.41987249407592037,0.6559387435751733,0.5211769442465094,0.17237914592979847
0.462080424811355,0.1648553374870892,0.6895349821020326,0.45293353197424774,0.7296707054645806,0.691049328811475,0.6369499321053524,0.6565161792889481,0.5053446539839648,0.4252708663732499,0.7647649086455016,0.5926921274733852,0.6500308710505689,0.3962090662438651,0.5962172232898517,0.47590382612665116,0.696137610541135,0.41315558104714856,0.38364899228357485,0.2901401180111717,0.4403741501643429,0.3146860265862703,0.5361375424481816,0.542573976375622,0.44775767670497985,0.4881655061120203,0.2602207553812461,0.6120530674142513,0.7728810361740996,0.9952061816958796,0.5936232958545723,0.6715553734122824,0.595640390868906,0.5270306798017007,0.6666383099744845,0.4281061848965515,0.6329885575400205,0.37556908895316476,0.4896845017733105,0.5808206913625219,0.41128990812740485,0.6953545544052917,0.48354660890245577,0.5300340202131371,0.4773639522511712,0.14863967354725038
0.5038498288047191,0.2374960737518842,0.47779397713837735,0.5611229455236544,0.625486229065493,0.6678479964539806,0.5606092864825262,0.7081569826898082,0.4825672368808365,0.40710195072838673,0.6899778677554338,0.6096615185022414,0.7015025290719209,0.46949899206592993,0.674926097973617,0.4526139928724945,0.6780724864185493,0.44115086205155873,0.3334249441957291,0.3216633197803726,0.5694003362837448,0.48762868856856806,0.6903781785111975,0.5472337005216701,0.42205645323179153,0.44767219886519655,0.29923610477747775,0.6955483392544725,0.7945570415069663,0.8435237042822925,0.5629390628501169,0.8111427456958109,0.6083305754608372,0.3861943124992497,0.5822019309187837,0.40307605645202205,0.5681171696460057,0.4416871301674499,0.5223978097531294,0.7546878233507323,0.49866440722553396,0.8344208527840858,0.5190472526178221,0.7733128909709559,0.7435630735391868,0.16251111599807494
0.6104920618617502,0.22349079493814905,0.3621413954102157,0.4978787254090343,0.3401237221066042,0.49755763440331263,0.6080452179358437,0.7096940686556814,0.5175345000048703,0.4628939883368032,0.6995545273598038,0.42257494013999075,0.7067462951940368,0.6132920309393619,0.5805960641451876,0.37897440785249353,0.6855434889675365,0.4284393197897919,0.5122728608818324,0.4345758051153145,0.5508519522455697,0.4963904558238294,0.6625965466420519,0.5408190978878328,0.47019095223135543,0.4669925592959903,0.392715658322447,0.576692737766792,0.6988635298308536,0.5990795736553144,0.5643958350819088,0.70460992305312,0.48179912316639106,0.28956100072618185,0.47088282373885937,0.22459423267670675,0.43678158285195606,0.8327043524135691,0.6414518158423588,0.7110858200201441,0.6871141508234004,0.7072000219612232,0.657293742723414,0.715221522695882,1.0,0.2639430778552483
0.705346067154776,0.14496970967858913,0.4013200480080582,0.34149138885591984,0.23620415556780178,0.5068513495766815,0.4746416693391673,0.6621478810853767,0.4076155187329559,0.6286550876255472,0.642885662073169,0.4514679501278262,0.704990450756463,0.3994319302754059,0.7232037672468706,0.3028870498480782,0.5591322850987929,0.4891685273920091,0.7152364382249693,0.5499463477861363,0.663749041162053,0.5902883479672288,0.5412400927842083,0.5513668000372322,0.6690885278563532,0.4988918031734227,0.3480349917310767,0.38585886769735384,0.5118228503762164,0.7424885515157692,0.5513171833231282,0.8026208616978622,0.4065008917223648,0.266043034239195,0.4654133167653538,0.21890123163335495,0.4604806630105973,0.6247726290191185,0.9153587321939267,0.7649496383104433,0.708678433251305,0.833526631966924,0.6808765578948328,0.8348168433456937,0.8630914352442965,0.31744492931580404
0.5035326827370057,0.22122010054161123,0.3677638202884673,0.3223400886163407,0.20767004893765015,0.5850962948637144,0.7629543928071815,0.6855536790681084,0.5258508191508913,0.6423228365316794,0.6336976896999126,0.5282046975434643,0.7020030376357925,0.6012602488804712,0.6600290239701896,0.3057685723139107,0.7363620323843235,0.6142187778550645,0.6315907981126624,0.7497523433063258,0.7190073996758861,0.5495043763395149,0.6051383002708658,0.5004470972316656,0.8469172541816528,0.5053339248821529,0.3264711035540272,0.4445029707204976,0.6658440046542063,0.6820211015697148,0.589805406226958,0.8560854943000572,0.417159945426127,0.32208383579570626,0.4792066243084492,0.29035932209612797,0.47265042761504333,0.5296163672093029,0.8321549791871068,0.8760610266160229,0.6958054584188001,0.815201775901616,0.7003881201051336,0.7398226933268206,0.8290907187280209,0.43308083161783684
0.3596607266395856,0.21764925784738887,0.4009544370838728,0.29441119042404756,0.1765413887002209,0.4197566242725676,0.725970397878449,0.5724963873881556,0.39403155084515357,0.6626129269724415,0.5923243867243702,0.5172183345363874,0.668259204724604,0.6750609928053123,0.6031149407710992,0.2930169406394077,0.6158221506110682,0.5466459052370743,0.3095642978594037,0.7516389158085265,0.5963497832174813,0.8178822081188204,0.45191514167321245,0.5560525792238039,0.7358569311574749,0.3623185841347995,0.5900069567214847,0.5397470429587293,0.5778739618550988,0.6207656385530109,0.826665291095788,0.7564351030953312,0.3730929542607983,0.28989750300159156,0.4721590747608059,0.33578716185280305,0.429853345841935,0.6657309490934448,0.6603363702760814,0.7812670982288147,0.4142911365754147,0.7942597066332161,0.5474315576408243,0.8023379183452146,0.8160226771550595,0.3198669549422605
0.24399114249825454,0.14193996113065976,0.3136313889380842,0.2884565924679557,0.07887793527016027,0.3095647879492475,0.7669384174707833,0.5047589574903918,0.3978893883425644,0.7221528454363012,0.5904579995967687,0.4873186561641932,0.4819379199895927,0.5643095144941631,0.5312645999871196,0.2645391524803021,0.4094691885007007,0.5044444309150076,0.5115264336269542,0.598428602935818,0.5349735147061845,0.9097638777057239,0.4082594551565617,0.5112762447256627,0.6430733714653398,0.3910379887501186,0.6428517590526511,0.500718817995012,0.5333104583527901,0.7483981058193381,0.705861444057184,0.5998035405523322,0.3430513224496762,0.2153283276713103,0.38504900041567053,0.3160184177583866,0.38252085881166287,0.6884080696691828,0.6379167789251962,0.7190619916736081,0.21734636089643608,0.7289365078024059,0.5148016955108297,0.7623324159378586,0.5941644986691116,0.3661272074940508
0.20497036438695054,0.09578970886335551,0.2754562951998346,0.4244972243890707,0.1069572213366308,0.30240970254683996,0.5694395180104168,0.5353553176758352,0.4427875256708767,0.7369675443415628,0.5393568802808685,0.2603407121448631,0.5009706548424594,0.3703945417436393,0.5345230481019726,0.26341412192661545,0.3126215873238505,0.3021617905806784,0.322602966705117,0.3417160165078855,0.5579280951536463,0.7834353988955647,0.3653683535863111,0.34827715397047454,0.5508053114587166,0.255449022550153,0.6668281151035257,0.4371113820800191,0.3731229875161321,0.5936004279870593,0.5979417124148648,0.5991524612003601,0.3116317818868569,0.1928105422403314,0.3901589381866885,0.34865935721821023,0.2528108810257431,0.4891644124509838,0.4916230121530976,0.7785486657143544,0.19961965431961282,0.6872985055016133,0.668504824366947,0.7264546742950075,0.6206224626674779,0.2642026741844077
0.13573902070150823,0.0776545486660972,0.2492331978677633,0.352263735612732,0.031593083089574,0.21732797780414825,0.3885735841954264,0.26902907114490865,0.3202923243838754,0.49388076758749505,0.4658291936077967,0.17304187037275037,0.441032511683939,0.2684703674549941,0.4077955557719457,0.16794810134219235,0.22352088950321292,0.2604853389214111,0.23906574931952673,0.24132328510720039,0.4797293057030357,0.4204385962990241,0.1826155927810742,0.24282845489724958,0.3839922556279763,0.16545336415275932,0.5693604203778838,0.3807867119811939,0.44685522375237247,0.37348887965504174,0.48766418360289393,0.4824859378844144,0.23733769870753477,0.07522506383035785,0.2529181957748923,0.301541519738224,0.20557968221929607,0.23951147207226803,0.3887645969669507,0.6579829821280271,0.20538927949275673,0.5359350024457551,0.48691408316655893,0.5481032166599313,0.5778728575996017,0.1695140781298323
0.09336300313983581,0.03910580459667187,0.1451500588164526,0.17947791026938098,0.13070446773620437,0.12886329285953246,0.2903669608563698,0.17481393869182163,0.18390393587235612,0.2791346517132149,0.35969685808074503,0.1005737397509641,0.3091484254900141,0.3246535036423469,0.3397795956220912,0.11828565293379352,0.1817945383696522,0.12497636303597112,0.10545195820626778,0.25833789793575057,0.45045920353727203,0.48008835159154134,0.187687172689536,0.18622829293913346,0.26779971849895085,0.08199657734400882,0.42789422360017204,0.3347897819444189,0.3531330383189384,0.2820683597431034,0.37203305673390213,0.21778118374021543,0.18920079317178595,0.060704520131895874,0.1707620876794625,0.16919889030367416,0.1476698496754184,0.16379596864825913,0.29913467672998745,0.39646093840135155,0.09347605462444061,0.3229399267880395,0.44753292345755175,0.4133151748673052,0.41029258678209174,0.08433089495742299
0.0647234112708876,0.0401286855782525,0.07389260923911393,0.22276085820313962,0.05469827931311166,0.14037106872189004,0.19454404349556984,0.16072646868969176,0.2512748037707649,0.2895269852673871,0.32481204378522566,0.09108025097914578,0.24477450545744953,0.28400521098080067,0.30894326802910066,0.06427380408524981,0.11041084829762393,0.2382347150419569,0.09108595278411631,0.24347123636615978,0.38719807126069744,0.5060849182583198,0.12477814521487814,0.11865139185943814,0.1724491101056504,0.07627498439583938,0.19447921823772318,0.2811753512195864,0.28546880502721,0.2826004867075284,0.2638482644665067,0.12612209129782148,0.20163029810355296,0.09691281871628343,0.15777555823607575,0.11434990305385292,0.16194420491647338,0.20602327747475424,0.15359305363408654,0.22825958169652422,0.10026814300300324,0.16204602038124222,0.4240616908110698,0.35889227798032913,0.2423734678580374,0.05488623258234028
0.03146668650603585,0.02897073654528924,0.06308788485034693,0.08228210458616281,0.0687681152937013,0.08439832827478197,0.18381744690652882,0.1569969399271371,0.24207465329491362,0.20660348645712684,0.21213500591843382,0.03466148893086511,0.12367683586416767,0.18664012887138995,0.2449124470853553,0.04617227606513047,0.07940499557457008,0.2423273227628994,0.20012826277366835,0.16877339446302358,0.2732733709889902,0.262770710615108,0.04286233816842623,0.17951167143501662,0.10006614148886502,0.06844818697494601,0.39625750691827566,0.16735691663556934,0.17518964235174767,0.19139402058189256,0.2058612008206236,0.14437180075184702,0.07809980812346409,0.029191118563803874,0.10399078367987953,0.04002798250764917,0.07089361941524244,0.10897597654903378,0.11687203681200035,0.20013313091420942,0.04352432579942912,0.13753984629716814,0.2593471049468268,0.3238529225897907,0.20054927545385898,0.04318281708547228
0.028410158704585,0.02014532202638339,0.05745656575851836,0.06913856097932028,0.05459888563870984,0.07127778023186304,0.11452619901748776,0.08838225770568606,0.04447485126758503,0.17574833200494416,0.2277016283195995,0.035323963489558796,0.18226966885214715,0.18247813159959922,0.15420008409896066,0.05971836906075663,0.04006732898690825,0.18483310563825522,0.06039926695845162,0.1539071152425787,0.21757406554951203,0.1805162001553349,0.04223424859514087,0.10174507755611088,0.09441644403153554,0.04109424255919396,0.3179515861349516,0.06447664519891208,0.2008486665637612,0.18884233988158355,0.19338469100034372,0.09498428330906675,0.029678603922993273,0.04638267504435343,0.07520992710489065,0.0787741863313351,0.04722055764074068,0.15911632187998082,0.0937656785254495,0.19521594465130998,0.04026866317652737,0.12309617206431679,0.2982351416519892,0.29772719160627753,0.14362954729626543,0.11043264165393052
0.03261156255817796,0.04838917827940757,0.0867762592079433,0.0943171032034705,0.016527933396271385,0.08285379086215015,0.10242412874526755,0.12896764851959047,0.02638503172191353,0.15818055247703203,0.16531702001273524,0.037564343896767896,0.15150126303195424,0.17415490858084623,0.11828299256413732,0.046355577009084686,0.01984970902769369,0.18815302517026672,0.08802786947588717,0.13331922932625181,0.16683712534137052,0.1327160208299319,0.03302856101850404,0.11671782220384173,0.10554577904138054,0.04368365469809572,0.42205287643460854,0.10379354397072679,0.16985398546510405,0.24167205239229414,0.17891669434842208,0.1293778213202143,0.028109935799010766,0.029846046141486435,0.09069282726619342,0.07626024538427306,0.03919956393943262,0.12983239141568942,0.08925980512160701,0.09583505866231819,0.057315056872815365,0.15769988551013459,0.2367176293545333,0.11682234597793079,0.14479761069026187,0.18309842708134033
0.03572535277121526,0.051267988478559595,0.063790234990296,0.06958973393413455,0.08756072230760331,0.08602553807351264,0.16301516490471746,0.1192112446363218,0.023063057439889987,0.1998261193665403,0.11334351256641825,0.11493265965031942,0.19639305872441426,0.23163399605212628,0.08687269691631638,0.03091245597295547,0.038131525035840816,0.08504684694515206,0.043032375641092066,0.16077170279203376,0.2567482809439723,0.15436652127152048,0.056262826892624504,0.11291673237602971,0.10089632633058415,0.03036486634370966,0.43849186777156024,0.18160988284787463,0.20900305683217774,0.2103883365253097,0.28266942227444436,0.08471079190606898,0.037997411044063706,0.04015701146866666,0.09925181205318205,0.06928712262687048,0.03179342806326978,0.12271695639564158,0.10691547427164973,0.15711354827933627,0.05975882384397099,0.15632160195523742,0.23137805251223062,0.09962634760478475,0.17541324872486605,0.08425050556506516
0.051904927477004155,0.03371713814843186,0.06388665457119856,0.13373015369007313,0.12339912167156197,0.19817581094679484,0.15724420947422227,0.1819619495578681,0.08083265919319571,0.21365188547473143,0.16515773828144373,0.1064774781790436,0.20798437876940204,0.1799607955663465,0.12894141938677678,0.11223287205035216,0.11957725571284511,0.19965266791780883,0.06224363127931916,0.21061853847991677,0.3353759555193831,0.3257928193705783,0.25593257510827716,0.20313805647192434,0.22552048041182146,0.14425180167770713,0.44955161694645784,0.22681031522021938,0.26138758221420066,0.12953341509305688,0.3471520401459946,0.24930481996367893,0.1272753217334369,0.05539740530777588,0.27373070610269107,0.061840101242103075,0.1921399873989471,0.1317755875196604,0.18298338030829203,0.28634550298281614,0.06390943718160967,0.33698110463450115,0.28276726461583396,0.3473247958869674,0.2890459509040959,0.09471839862451664
0.18213402015783722,0.2212071712396736,0.2094292758272854,0.36988663012217304,0.4462089460086207,0.4503494472177054,0.402381567204241,0.37203806913520715,0.24508647573310577,0.26293737943317075,0.3857039333888904,0.34385111619651904,0.4591095760484556,0.3936261159785983,0.3419341215351756,0.18728584006917187,0.30933278240319406,0.342697644150157,0.1479329222447236,0.30781662387567965,0.44646773027867737,0.42418589937531426,0.8195569473460836,0.5246423982143504,0.3924939482295871,0.141041170859438,0.41564856996615324,0.49663607456891373,0.43449536283050294,0.28873682671739653,0.40666487798525164,0.6070980682685578,0.2581650369010243,0.22405298873015786,0.3811144319922149,0.2904484859422681,0.45826062847483573,0.2557848661131047,0.31670342453474215,0.6120266550096481,0.2658692648724522,0.8644125929559484,0.33891089704690325,0.6640887476754858,0.5187124748259684,0.31246014141345047
0.17038449489452148,0.2723121310622216,0.5538266659198039,0.5610530837191543,0.5590271678127605,0.524066547849729,0.5553419746855399,0.4613184006827517,0.5568420013178583,0.29866572883307035,0.48882039546302175,0.6212761067153744,0.4038018847206989,0.46869036579660794,0.43981740393786617,0.5334878666249343,0.3221785454622035,0.24209153698571687,0.14905060833757106,0.31990550141473845,0.5217446180529637,0.42494625961086885,0.6449650560128575,0.5427655139776204,0.38933118590251115,0.2372898379174274,0.27652976819166103,0.7424998856051036,0.5496082937454851,0.488339296039813,0.36934895403730583,0.7277731881582529,0.5026367352511444,0.49691097253030003,0.4743835499924758,0.6100446268820195,0.6778095550570765,0.4541575345652263,0.382302847254147,0.5442378157060388,0.32133819858146584,1.0000000000000002,0.3781209193096804,0.6486590472541824,0.59903370334831,0.2632079342542959
0.2286760528598824,0.07050452614822135,0.8158682539568862,0.5493868427634152,0.28957436010114557,0.5441585287424924,0.48360798351872947,0.5635923188063447,0.460191965999673,0.3025917545920555,0.5059445447709058,0.7085299182488329,0.44994812874015566,0.5328007907716955,0.4569217229740976,0.709713882990976,0.41139794672295804,0.4176511656485651,0.22338697599012042,0.3051768724771067,0.3337393693214836,0.48068147635267494,0.46272032367452276,0.4914803561476765,0.35751037522457524,0.2734827843396172,0.0818031586467983,0.862470851929038,0.6208961330532098,0.42177054990832386,0.357311623036385,0.6576557144309935,0.2257955725375528,0.5191392621849162,0.59924004126201,0.6676144086159845,0.5244174862980261,0.31571569341330746,0.2980129786888073,0.6821751506719664,0.22874647663600592,0.5672491676707957,0.42160710232871046,0.3673624138591006,0.48901468239027995,0.3075996416060772
0.31436134690319706,0.12056099562867571,0.7184901234675264,0.6989404003960165,0.3832816376954879,0.595272780293252,0.41196685084698703,0.5759197887284928,0.5459389459367735,0.2898666124096831,0.5576451042274532,0.7424009047047614,0.42771789861874654,0.4277192167673207,0.3911729738393476,0.646574658597009,0.3306247485876662,0.3620595696169051,0.24093333497723923,0.20862190061779276,0.41786290724430275,0.3677680659181845,0.4009611520397987,0.5597470802394239,0.36985913866917375,0.2956305336723466,0.16589166262714292,0.698107819795924,0.6069063562847061,0.541151081714545,0.40193030860258333,0.5916078838539283,0.2588198375623124,0.586140703951195,0.6702636630626143,0.7360733637454835,0.6379175686462075,0.3397412603537116,0.34186271631887805,0.7177977060547416,0.27996073111458575,0.585988433569626,0.3919901036321023,0.3923810204509059,0.5305185351947279,0.41050036387069955
0.36926538415926696,0.13283500565222478,0.5791714328247396,0.516366205700987,0.8173858976933932,0.6041819773688878,0.434191235907731,0.5659711485099411,0.6463949512090376,0.4021619704630752,0.6371767360074433,0.7731235321933713,0.3954961957649561,0.40514349403851313,0.45347292691743896,0.7055077632652218,0.3661456251072704,0.34294912769708297,0.3438565390646526,0.2067095398258077,0.4024463320247956,0.6375675735262591,0.4163742643366351,0.4902416876100748,0.40641247231935373,0.4196809366445445,0.2267645188783886,0.8393912955024724,0.6377552048294934,0.4674265764303122,0.359805302908877,0.6058901492555941,0.30493309568480276,0.6274269914187252,0.6400929778260184,0.6225584064491811,0.5629642089912723,0.28974698535005666,0.48309536430405836,0.6872896450304862,0.42452903359068506,0.5848046240846531,0.4491019287777319,0.4785365484600886,0.5786848335720611,0.4805396658039415
0.45939523431360807,0.09743319181966985,0.4746165498819921,0.5254932743559719,0.46166402825015174,0.6559984488416025,0.4468018173830208,0.564478729047043,0.8090181746430779,0.3568409518882086,0.7005144461636315,0.6507865174593378,0.43858089566370706,0.4726455763213314,0.6185950757225862,0.6240257960424582,0.4253406952455454,0.28169955042602945,0.18588648775608152,0.2353208245575791,0.5935317400418485,0.4922695631796869,0.3834489750533955,0.48117058374201627,0.409342866202458,0.4314432371715491,0.3535349604587966,0.9319962623180185,0.6650459538151215,0.4953489151415302,0.44988784159513917,0.6527656825792131,0.372045101391494,0.6388479233629601,0.7087639811380194,0.5057217615203735,0.6137964666965348,0.3481634998721899,0.4599078805059504,0.6057958919252995,0.36405184688355474,0.6202409255373423,0.4402070549325778,0.5162772844488868,0.5184506196280914,0.46119302811063756
0.3760842927250749,0.11470345703435979,0.4765328003582042,0.47933443052976216,0.3660792404480712,0.6000480378420018,0.6842566119488921,0.6016372121318735,0.6730097178312804,0.35312385397220214,0.6308139070046189,0.6905767169735716,0.4166133703723478,0.3421951281747452,0.5116819959674471,0.5765446814028037,0.403830137526773,0.20849959305301052,0.1756739749200295,0.27383393016120683,0.463395594372552,0.4739026199582564,0.4389488392733098,0.5566817786407183,0.38485063562961525,0.36947114400019165,0.18021226904194865,0.7750057507993203,0.6857704839051253,0.45643655199158956,0.36313015287156675,0.5500263018163664,0.36017482916431737,0.7254726073560446,0.8669931551061263,0.5250088388499803,0.6101621361006057,0.3198733862647154,0.3937344970566441,0.5864462039306507,0.40092489468287906,0.5945807383273152,0.5149453548295984,0.36743272704616314,0.5157691403429714,0.45746047621394637
0.40569835776653157,0.10705092854674063,0.4558980202321202,0.32076738796833976,0.4557697185912954,0.6465047413186602,0.46007409407036637,0.7504187442388798,0.6465830498422617,0.2981575829255627,0.5851685861695956,0.6142578434462296,0.5092793542162597,0.513928341760205,0.47774188164308523,0.5982583055075154,0.37605984516710556,0.25627341993935704,0.24155334480860607,0.24416625938394257,0.4472560154416586,0.4613182270667618,0.3990540363288827,0.5669612169226615,0.2906965165012939,0.3580693114664249,0.27610320338837313,1.0,0.5804612151185324,0.5294380159825743,0.3888819729031077,0.6030570374003847,0.40532177943191905,0.5286908778238768,0.7195240877608601,0.5780150224801014,0.6562140091998184,0.30254326505594703,0.3376836030888426,0.6269837894800478,0.41731916995062224,0.6475649040254444,0.48179329814492555,0.45722129791325955,0.4954972971714828,0.5402488648204946
0.4310304205148281,0.44459498003819886,0.39813352031009686,0.6234579172277916,0.5001409007141061,0.6361915208812592,0.47198098377225417,0.6240131931882648,0.7039697036447436,0.22350030540172441,0.6871803374189381,0.6453690919784347,0.6036871099012895,0.5139204779994875,0.4601841580780361,0.635388977949783,0.5005395666194059,0.38665319237409257,0.3347535864068503,0.3064302830209553,0.40947854438488435,0.6096942071477085,0.4404052652924499,0.5886539516688015,0.39508504089446295,0.39432005741736686,0.22022336668282083,0.8633341996342009,0.5790746825966242,0.48082470166488045,0.4779557399560182,0.8645603691380762,0.44910268239984397,0.5781719148513299,0.6991225835223827,0.5717423404332967,0.7886251644428438,0.4731798459342604,0.3802532792335517,0.4806648070864677,0.4086103173891994,0.687730868699872,0.5110878191600587,0.519434195605291,0.48806480170891325,0.5155452434917956
0.44262969984203854,0.3847304158380347,0.4268844772276559,0.6507638165068395,0.4576191425182646,0.7061156515971251,0.6775109065557343,0.7587890697593508,0.7924094102478814,0.3458144660754529,0.7836349610310719,0.7205924606754366,0.6160139352062464,0.5236576812362955,0.5777360572072218,0.5395759427082664,0.49836125513226315,0.33819651604477585,0.3466039940840487,0.3269175971318453,0.5020570580388626,0.7174751323094246,0.6299044369870542,0.6446927228833612,0.39247180935524556,0.5009529204619262,0.21275072532049027,0.8624819239902619,0.6937865015690049,0.5647776214797837,0.5104738536610552,0.7241961922726496,0.3664971261303198,0.6163078734010016,0.5347024629724519,0.5593359109871515,0.7889209551119208,0.5365169732343902,0.43451245217998563,0.6224472529885617,0.3881659412233709,0.8108556732462675,0.4747195278050241,0.7779403967016028,0.520000218163178,0.5614005635613328
0.5140488217392821,0.5208020725623931,0.41141609693506254,0.7652885595930812,0.28782650891118183,0.6658462547797629,0.6640383076168195,0.7244636989106559,0.6478027458162909,0.42198536540762,0.6904314161132359,0.553412566965351,0.6686766908140078,0.5052582734827374,0.6783375238098263,0.5750574006412632,0.8081084343047427,0.3675843729317324,0.6222041176822926,0.4215857250995174,0.5336741285843425,0.6455651829749947,0.8058933166203653,0.6129175236211143,0.4648118311435066,0.43273552976367347,0.4009723298163824,0.6197203722749387,0.6326819817715462,0.5843301968031807,0.7234996203327452,0.732333011845045,0.49418752100666485,0.5023995181996852,0.5014732211178259,0.3091918536403674,0.8334305661929838,0.8215943860366213,0.5714113635005644,0.7043434406978147,0.5205286143436824,0.9290168141861807,0.5700912047286402,0.7744069757637531,0.7719449039278777,0.5137047324376887
0.5073752330821819,0.1289337335450964,0.37855188704551446,0.5761697927982483,0.19909559524904383,0.5451670546746226,0.5545986357167961,0.6234904285334926,0.550481605467859,0.6067224365463574,0.6366072499923056,0.510375714667933,0.629766102200885,0.5496964484612107,0.6119705184966564,0.40463233529408654,0.8897004942845096,0.5017813117271044,0.5331660794005464,0.6373457559523749,0.572747910073335,0.7767880828764566,0.5656633813410014,0.5038289394031774,0.5962427775276451,0.4740668458062517,0.2534439141869105,0.5423309580537823,0.4538402357958856,0.5722902904018748,0.7722380740193598,0.6329275193687581,0.38388543348863746,0.35763156057832823,0.5232132961613466,0.2642289473348928,0.5667306421928053,0.3333413540609807,0.6922803320329132,0.7854977955713062,0.568881878642168,0.7058395985400635,0.6453864341190433,0.7107138593106732,0.726216403900541,0.43608478406772266
0.5102690036751688,0.2322746711348388,0.3683927187215451,0.5635843108248346,0.13758855445355672,0.5895110509515228,0.4786963900251844,0.8422619645738276,0.616627728776706,0.6731709664020614,0.6868058324123777,0.5833696064948811,0.8446700151930482,0.6077636511051209,0.774100739026629,0.28269854949487105,0.7952588738649484,0.7378725752498403,0.5528999054558282,1.0,0.8390392136434479,0.8653414721317185,0.5147349985586278,0.527010735734329,0.6878049945745938,0.5056127545512115,0.3570772247853515,0.5228177530476859,0.5747662775878805,0.6395026192744405,0.7447588563333792,0.7939245276126998,0.33134139157467807,0.32068094786285034,0.4262411073718165,0.30077823757691424,0.5720836816423818,0.5767788181738326,0.7853515752689186,0.8828393900476624,0.572383545085735,0.7170689888639056,0.680348177818405,0.8681768370837883,0.6804742885062592,0.30262526249441013
0.555742597952315,0.14354940471212452,0.37385943975987745,0.6019647987827434,0.1475926858792209,0.48781729608158036,0.6693766713675567,0.7369053927158737,0.5935629157052954,0.5994111305719533,0.6357990184642835,0.6277440036330431,0.648532994612389,0.5800595004963969,0.6282418516786863,0.2284538120578694,0.6732473667526127,0.6546685009032617,0.43728375132633684,0.924008939954185,0.7816148292341152,1.0,0.5466367451222216,0.4621743383171729,0.7559137294709658,0.3724236838684692,0.503681623842015,0.5109730973557618,0.6872668508639288,0.5603733871216927,0.803922507677732,0.6605551507502919,0.31946650929143156,0.28855043719359236,0.39647948918788806,0.32995813920352784,0.4946498749110895,0.6604523740219516,0.6719704443564376,0.6722352463150911,0.42911292775695864,0.8109992072900774,0.6113501989660453,0.7221889191223252,0.602679575814857,0.3328727263548886
0.28511267365131754,0.17362388269120083,0.4025692335144263,0.6233601966959457,0.12894694179478638,0.48234773269715564,0.675046272328698,0.44890546955392163,0.6484402161598456,0.6732990834681462,0.6196869583962699,0.4782066103619865,0.5496704288688571,0.5280410741430999,0.7147194523175031,0.17533916650203013,0.4840263094398031,0.5503283240408041,0.34440804976313916,0.6589092612210141,0.8514976311536604,0.8336827070411581,0.5667187915244387,0.42612045616225247,0.5726985800221238,0.34349152012894085,0.3611502369564449,0.4779423350083845,0.5355143667147553,0.401728061035424,0.8264535820104867,0.7239151707055885,0.3272806459011969,0.2088940145975812,0.3756594047334074,0.41449954053479976,0.31637766501362174,0.6304669008486542,0.5930734355637163,0.6179202494695555,0.2923691151250257,0.706341829910699,0.6302726153562348,0.9323164826507069,0.6200824501735555,0.2741430581023453
0.20464833808377556,0.09641198250322745,0.4376759877837111,0.4207559694546745,0.05869155035950686,0.3679658678796185,0.7242016512569014,0.39096124644267155,0.4809839375626554,0.6068126391302495,0.45574546981763486,0.34999363777342524,0.5990118242684017,0.3797152416734413,0.4711714565885331,0.19456779701058596,0.22179777201298434,0.3653979958838892,0.4158855710657536,0.5046193397932119,0.6699845471336361,0.9801803858708793,0.39121389708696813,0.3662756119569668,0.5277416091886814,0.26519782690837845,0.5426078232980857,0.33344722676974553,0.4577542096088338,0.3566206812797317,0.655136774190917,0.791469453245041,0.2975488143249809,0.13474900421831731,0.41697074094654984,0.36897726734450353,0.2607480097742061,0.3038878480068376,0.46232765606762816,0.6507647098348198,0.21671770887061761,0.5975213494347427,0.5481338253729623,0.6646225282713363,0.5407292645039795,0.12589638786783874
0.2015887572781582,0.10707560206870957,0.32089548022988346,0.3034680966125395,0.06697362768420262,0.2915502119656943,0.6061994024379005,0.34118496215747135,0.41285979456991606,0.5100446574826876,0.4013353858114737,0.14138170223536375,0.39168269961299484,0.2514349290009603,0.2690581789496485,0.11548974578014269,0.18139497830823184,0.2923780829348571,0.2721902059506174,0.3295033407435285,0.5727018540305353,0.42399352075890995,0.23406984189480373,0.354508014112801,0.40200728537597324,0.1709213608120554,0.5846701055829542,0.31531266803983177,0.4031798614400888,0.20272700292393458,0.4856859553948651,0.4831134396626966,0.16994941661360813,0.06358164877159367,0.4233352884024914,0.31657360138530527,0.21881324288512388,0.2070369279785929,0.4814981746552616,0.5408354025751236,0.15769259372051916,0.43224945993372876,0.48453829796223846,0.5017327843964572,0.4143942600678985,0.06714541282620788
0.13110788719252825,0.04476043998043895,0.14975279563494323,0.18869433586638076,0.06774913128918789,0.2113692181995611,0.46724126067166816,0.2698229695269495,0.2942101542083837,0.31429820976117795,0.3567031035576539,0.10676667866314547,0.24046857187172768,0.15128966631269725,0.25069669216160734,0.10026827563134855,0.13404097777590196,0.1764683226764226,0.16631986628791257,0.18064437333830483,0.4680217563482157,0.5347391343133459,0.14697654330423698,0.200737021507224,0.2780632273983875,0.13335008690803155,0.444784462492664,0.2642370417110489,0.24059576351082812,0.23196422212812914,0.44199439163018556,0.24438521553960352,0.13802658794943112,0.07623308067812903,0.28222443402310055,0.10448080816389743,0.1701225254457081,0.21556172658767936,0.35128379469426846,0.3389179756590081,0.05901950160421432,0.38276909687427996,0.3934840682701434,0.4067702842286169,0.2936609376249998,0.07069988009643374
0.12350362606902529,0.04061794217315515,0.12396796832747842,0.1821566943774265,0.04351292801718074,0.1344544035841279,0.3120772504376631,0.28619746737851776,0.09262116463109235,0.19920547179730727,0.2815830301423183,0.06239980899292892,0.19169742506245116,0.12425517530216945,0.2876606838519025,0.055447462030938616,0.10731371047700271,0.16996952575437468,0.07242488770381159,0.14233013941316755,0.29530076026720736,0.23722695337447156,0.0748676901496446,0.11673208201034808,0.27185330423954873,0.12438948043507339,0.38422824830872154,0.11701735887889606,0.2980180565262555,0.1662644907926264,0.3050186263405027,0.15739868536286974,0.16976724205443558,0.05344553302604007,0.13340614058228467,0.09152907944893854,0.10808401969953153,0.23164705019939413,0.20214695038354702,0.18394255715347724,0.05736306302799045,0.3303826855731009,0.3168236883197956,0.17727100083969846,0.23943467625608053,0.0719642109231489
0.02681794634316797,0.03630474468131971,0.08168571944440128,0.07771671170430086,0.030507713248352976,0.09338580681606258,0.2658491778195735,0.1296646640954426,0.0511320122613257,0.16298344141806334,0.224741730009367,0.050236512936842864,0.11956230193632655,0.10953166859729821,0.18953036314910432,0.025621858257866267,0.07370693997926513,0.1421547435780245,0.07958132513333775,0.12481867964053142,0.21597209766012593,0.14184059617160888,0.05990738377154378,0.09965879160895298,0.2077433270162132,0.09803457688035154,0.2513468112967483,0.08000303190147207,0.1378946444197256,0.13207341312363768,0.21369157834766286,0.22302814333058102,0.10701429038391727,0.05465032297383476,0.10160042264773257,0.10907646398813539,0.13388173434972472,0.1299130158982934,0.11662394539696376,0.21329749877962195,0.051338987319872215,0.23666649235718756,0.28180144699216575,0.0946937562283651,0.13484602256259237,0.13177396694571214
0.03574753864299755,0.025360129674963025,0.058658981789619064,0.11886683615058832,0.039973397095451495,0.09869471655812358,0.20535329144719958,0.1252380898039704,0.0835445526094819,0.16971752161261958,0.1170977704505843,0.02724463884793898,0.09100739576785136,0.05554635542320707,0.0806527879841234,0.03022161351450193,0.027838371565656595,0.13520553436701993,0.16562414577624301,0.1293458844759633,0.16385221971898392,0.11198231431952063,0.03580949048071207,0.16907935012968645,0.06835220148371586,0.10184128707353865,0.1929859854282321,0.08283184384189121,0.05277306326936361,0.09950102492658834,0.1795310132246116,0.12887121306933338,0.08242582676959156,0.04353392288132813,0.06048080694395183,0.11890744085131857,0.03497844852145218,0.22095654077392046,0.15539025936550194,0.1545771016093803,0.08314067541018733,0.20455557194176588,0.2702878196627354,0.16036793114654932,0.12762361637203148,0.07115361688922063
0.02389294690256142,0.027253346596233255,0.028300119204197526,0.19783206833650893,0.062450717650861416,0.09863352887509262,0.2981283050088337,0.16475897600920694,0.0758719746494776,0.17651119802264542,0.10618603387244967,0.05839455736925579,0.06972931740897431,0.09203776590369596,0.12279027133541348,0.046896367572247244,0.029509024242284767,0.20477016614225632,0.08614622347984523,0.14483258223499357,0.17340442789373578,0.062584979146238,0.038913563677405366,0.11702273133212128,0.10571148823865831,0.07168352500557011,0.22132218929783404,0.11093768148296748,0.09179135811708423,0.1325278887176916,0.21473558068801638,0.038287949198849376,0.05358012958394259,0.012219219558975862,0.10960423381778155,0.06808900726297834,0.010700232831863554,0.09143243163139934,0.2515597835686936,0.10412294122630814,0.0694982644891878,0.1275661932726021,0.24491163710900507,0.124701274229814,0.15957174757369474,0.0425160774053526
0.0389615632673705,0.034436388127721984,0.046247986158642396,0.1998419934172346,0.04224828535359198,0.1650202756698012,0.2315859769748351,0.10630698658861927,0.03698016461171452,0.14058611498960155,0.09935433863844977,0.05222537833358233,0.11079306808975459,0.061394615397362365,0.07194107461651603,0.043738526510487825,0.06501265165257933,0.17439297342817003,0.12612318376968473,0.1497895654342731,0.1628055358314558,0.10566495465286302,0.062140391443491844,0.07975379063488068,0.207563717197089,0.07837108882488306,0.18326835328274632,0.10073119987442564,0.08674982615148592,0.13388716207933463,0.15386561764722612,0.04006779237577065,0.10242371725447613,0.03610438232143705,0.07315214543803573,0.03315022317155839,0.04215772480435351,0.2022545431808337,0.14366835773214376,0.10140695481672601,0.038880567618751624,0.15221306230730808,0.18918495465656968,0.1720737085346782,0.16021241414138127,0.08819755547125904
0.05249837064760816,0.1232496577323091,0.10420362644857409,0.25876506094007984,0.09752627150540383,0.22623366471737288,0.21391621758616983,0.15646791547838845,0.09578817786926917,0.21238264896740666,0.18538520644384796,0.11778668038585262,0.19280933333990077,0.2203656637854036,0.12316987760023096,0.08996309796510255,0.1102904152545643,0.1582340291526311,0.09641415079832936,0.17060516405300696,0.3479412389919768,0.1433737680717147,0.22883526198834075,0.16739682948532048,0.2841953701493531,0.13849793631157106,0.3660311651045537,0.1811418607098763,0.18546082338180786,0.1932589714055381,0.28766090459607774,0.1902760832967262,0.07276594950342212,0.12110658021133305,0.16359327281154495,0.16605632295092237,0.09883327519575567,0.14528471362384,0.30474595716220565,0.24030163856994274,0.06284722531124191,0.4202429082377359,0.29413548229939207,0.30473237545676574,0.344091728774862,0.15110996538362506
0.1701335612187652,0.19633512586062069,0.32999072297479626,0.43909161417226794,0.3095368766744965,0.4889531096202983,0.5643465789735952,0.30854090291936137,0.32076556313184545,0.32717337756502446,0.37489434738182553,0.3522494967553966,0.30665457172366584,0.2711690128685924,0.3145052891983161,0.18924485183328948,0.2801120158916937,0.29903346035452205,0.16366075373791245,0.19336924162279612,0.5426512775860877,0.46175803223377526,0.6848900081641363,0.4015469342618613,0.321071846380958,0.20450416575884153,0.23282668747757063,0.47971987605288485,0.37954748810347577,0.2712558999133409,0.358635106938976,0.6198593502664089,0.20587472445876165,0.20273328399730584,0.24847614336350338,0.3339505385989428,0.41934174028736093,0.2804545480505351,0.3115825292657322,0.5466765286442269,0.20511971883418004,0.8557243463331936,0.29748078941453376,0.6538920079802688,0.4587295700043526,0.20181851926757774
0.15986540684737965,0.14575966518135997,0.5496388364974644,0.5818809182284079,0.46184087633571685,0.4956271193473141,0.5176327853920203,0.4645714948398329,0.3620128887463131,0.27977171408930224,0.5040036858148847,0.6427676240680419,0.40736017633997124,0.4286999853285749,0.3807976742316574,0.5267896201725574,0.35226812217530157,0.3984739908852908,0.27893056377514325,0.21517973127086398,0.4321355605333433,0.3991370740048626,0.6338210443650738,0.4543206126115667,0.29053055784913334,0.21800440747237465,0.07581829890252295,0.6644236664860681,0.5198196732114719,0.4711908360433856,0.4000131766405464,0.6835081167338977,0.27444049816088245,0.5862371211781172,0.4039400498616815,0.6680225813937894,0.5577789319392454,0.41456721429974275,0.3229558887525602,0.5635821866374722,0.1992277293385896,0.7049354047528881,0.34657942379262113,0.5206236151668127,0.4781640759545432,0.3388135150750482
0.1761557635319832,0.13955383726833798,0.8032283458403736,0.7120560873353277,0.5510243638830583,0.4378931572352453,0.5149286587505124,0.5398027866275008,0.48773456417285715,0.2888872344968382,0.591616576505442,0.8528812829544024,0.3533139308323686,0.3809142457860497,0.39605996979496005,0.6114279444762197,0.41318964788237816,0.47160089578092446,0.3851362026753619,0.20799794285612477,0.30829474111864585,0.45845800398384245,0.43492308336554747,0.5400617819134459,0.2808947081819808,0.21248227207375292,0.2464092340551004,0.6592630332503459,0.5411704593413593,0.4888290279590926,0.3608240023024675,0.6026878744748915,0.2991160830522878,0.5368995467313441,0.6518077986621336,1.0,0.6183041258789841,0.4072103970790404,0.25528998512883233,0.5912279111037638,0.225959283820284,0.4923540042062506,0.34851394272314734,0.3412659127874995,0.5769666673582592,0.36286161389141014
0.32815074427155005,0.1208440017141051,0.7951734177214642,0.6637518549364845,0.5793668695299647,0.504586995821309,0.4810127512886968,0.5317688377114389,0.5605691477919039,0.2936758978540755,0.7017937045465852,0.8043352977975571,0.38928837743663347,0.41600919137922965,0.45367764174427727,0.6190859881412271,0.4436247223060025,0.3011066721101209,0.31453317634402106,0.24144735238272655,0.4543256908725906,0.4042660615847488,0.3305744986250047,0.657036965095166,0.30508743096447155,0.2704767126334728,0.2923365227589364,0.9111062889831057,0.5260959615651869,0.4617331668735835,0.4167021621507294,0.5592953310476069,0.38161262128410556,0.4813433788813831,0.6556519115434719,0.796956029774791,0.6776554079585256,0.1707824851958885,0.30393170694224775,0.5453883537097743,0.31040002249018417,0.5848949097904075,0.3978052439649054,0.3465241101790898,0.719836443697875,0.5952432206462123
0.34694834172765926,0.09729765827697547,0.6182190750092541,0.7136555605859356,0.8139068478632568,0.5857744888972448,0.4590153659255535,0.5163650569262873,0.6483822333985595,0.2879847374555461,0.6727404126771399,0.9151036167290825,0.45500033245920635,0.39750093862775115,0.3999624584083255,0.6960932103160477,0.48864635649674715,0.4998082896223983,0.25643153625608006,0.2543530620357048,0.3800110425834019,0.5355122643996074,0.3886535810992626,0.6931089899111698,0.45888303892799626,0.4149299763309235,0.3125672714004414,0.9013446257156559,0.7525333204647644,0.48290393002341386,0.4388094860136984,0.70009353304854,0.45574510683981945,0.4910794175719786,0.6485566788774638,0.4873640290998558,0.5858218271298293,0.45041428960218305,0.43170312445254583,0.6410759046906873,0.4087960778252081,0.5364943086800502,0.4719215893736621,0.4079991217159798,0.8700381286767901,0.696092165203085
0.41480614235224483,0.11087022532556652,0.5696588619758777,0.46528208866740633,0.34800431460959536,0.6947210098989244,0.5839623645293005,0.5794356331667379,0.6230694693530475,0.3011277251496724,0.7069609454013492,0.6707434504002464,0.434244678024732,0.5097922116311973,0.3907355416825257,0.5339311710351644,0.5665615720037119,0.34272046457717276,0.31927385611759235,0.23309502185151018,0.460867622684981,0.5014501612042165,0.39083186724286406,0.6665668810755725,0.39058800286684736,0.4842696120319531,0.2502897662754064,0.8185732671859315,0.6429394849343859,0.5459747683739178,0.4536950372777243,0.5773213197692199,0.4308250783331384,0.5846402593589859,0.7916656662661885,0.48465148063137325,0.6372893688225829,0.49838049373093235,0.3637159643902524,0.5696686112910742,0.4634409265078967,0.6096209675829135,0.3886179228591969,0.48522324978859005,0.7898045586871486,0.4880980017986226
0.3380750232536659,0.1989595462531754,0.5953421469331427,0.5675235735415605,0.3352828503743973,0.5830016174729853,0.5548817150244303,0.5503514785346352,0.6920805161987802,0.2903252271995282,0.7030946634940054,0.6783125799195898,0.4032959452329712,0.6150337310446519,0.5456384642212762,0.614690277856963,0.49507189803930285,0.40188148688415715,0.2535423594603858,0.21883975565917022,0.31198292952406004,0.5379774747435675,0.3630233686174485,0.547614708074912,0.3158334022654112,0.45060626920825436,0.27337152833771905,0.8908766948677554,0.721262171273926,0.4612560066998309,0.4070559649621489,0.6079503789898818,0.3858197014205527,0.7117610978693487,0.7824992743325911,0.5776303732262756,0.6543634532638807,0.35316978705791297,0.32457419121823927,0.5713116240030054,0.38315245147159815,0.6221915131578944,0.4236441167311465,0.4928775063350716,0.6067332822907958,0.39087651727959594
0.35077623011319214,0.1753711210725613,0.6354064327764474,0.5825042808704384,0.4891710799191211,0.6688654853679301,0.5534522293974171,0.6103732991958135,0.5862329307170348,0.3065726315282369,0.5823418284710424,0.6703683745859534,0.40187746023069315,0.5385093637157415,0.5345940336354845,0.5247927284982906,0.36504578441847735,0.368691102759771,0.2809614915507537,0.26238534316063217,0.39891132910799926,0.36416940507344503,0.44032876302222945,0.48009647824601376,0.330270112595997,0.30071264290897376,0.21574118254593694,0.8375117610622497,0.6557570740092064,0.5047898679714297,0.4156662296915626,0.5761417695635009,0.3452947031334062,0.6285522909649437,0.6500509682094022,0.6135028798950861,0.6128026996243265,0.4029555976952288,0.2586701361810709,0.43030543617976513,0.3676619763004456,0.6057374632354373,0.41381463735378804,0.5064776193034295,0.4605495894193457,0.3430612217467556
0.31972983822066187,0.5417195628158561,0.40646409329613586,0.7985404314290665,0.46889477392364276,0.6049164692267234,0.7238765286764125,0.531841675733867,0.7041629040972,0.36149261006584943,0.7766034618572865,0.5669847427824435,0.5495993785649148,0.7518297250642666,0.5974002428931959,0.5412678188043196,0.4268358103658805,0.32058459246510795,0.37902447814959933,0.28529504656623605,0.3777149622643115,0.3950258413850934,0.4410882893456751,0.5672854734589042,0.3256214243830783,0.42706050278536567,0.2686746700686337,0.8358658571727711,0.6554758876344452,0.5829983857013549,0.5597690646303917,0.7346613280700935,0.49119538091837944,0.603774629370273,0.5560548523640542,0.6040946575347874,0.653069686101299,0.4960763200153315,0.3176976223561633,0.5855321969278455,0.3471948915415396,0.5529310977287091,0.40092822800283257,0.5329153195609384,0.4737453532845216,0.38034761520292604
0.34360694470557895,0.5328287943619326,0.39323420226783024,0.7011783599803023,0.4595744398432106,0.6046867715814133,0.8004289969740386,0.6525484477137852,0.7834978674145034,0.40034802696832444,0.6482079805964975,0.6810376825443457,0.6851893977929429,0.6392988136403789,0.5518137902387157,0.585873403958342,0.5069297764301994,0.406608396822688,0.44418417129697846,0.26385624236555877,0.3881245665399555,0.42026606066413397,0.6069251410755723,0.7185151860340873,0.4586233451215135,0.39132312700765065,0.29817873989260785,0.9022758206476169,0.7321463065120085,0.5540832618934532,0.466666620904857,0.6713937882079505,0.5688441275475953,0.5593537033635478,0.5401623612941194,0.49522716246512793,0.6984066055472861,0.45726099191901964,0.3504784075609246,0.7244444623091207,0.35400092099487945,0.7122420204430576,0.4436411955675654,0.6934615921958365,0.5369725028697803,0.5322116339457119
0.43490110792618686,0.4959146422262338,0.41788354598283806,0.6085252920431645,0.2903972039067322,0.611805712882833,0.5429076921757864,0.5865034767678723,0.7577343674221219,0.5365576640431589,0.6418954770608012,0.5732927687281768,0.6895339105549454,0.505001812632781,0.7521634210012309,0.5597447506740721,0.7607533328973071,0.40534404908911814,0.44205861299794247,0.3681379567874937,0.616491915939472,0.606025691816901,0.7284147474413303,0.7193101027541787,0.4680056003891448,0.396679177992828,0.3821121758393985,0.5646249760470584,0.6898219365539943,0.5253419224489688,0.562655967272285,0.696298617512575,0.46610751883013346,0.4241256892170968,0.38250382746407874,0.31418549969476584,0.6567180388883763,0.48205234387017387,0.48022279680890595,0.5708059542355503,0.5987059912362692,0.7797716692756591,0.5746875762882813,0.7265494359436997,0.7301995844661603,0.6238353636757795
0.4940987716664711,0.15695188302630292,0.4896277642746497,0.31681173740394347,0.17767720607036888,0.5690943093007879,0.4618494208857956,0.7213986181980554,0.7119133938989352,0.6135749999920574,0.630705201425792,0.6037857558599866,0.6927282570814056,0.4359836617984667,0.676280709559003,0.40958713637965893,0.7057863282353994,0.5400398652818756,0.48850336395683364,0.5674821224288701,0.6813299609308305,0.6234472395551507,0.5135796284316373,0.545116856372565,0.6866153361519807,0.4700287792860143,0.5735408178692053,0.4062908655741026,0.5412864210288559,0.5579086353560646,0.651460796674666,0.8804307844713258,0.47232006858189546,0.33708893463244016,0.48305141273215324,0.3661506661306139,0.5939488696206549,0.5096579933764727,0.6239756598754032,0.7115772983240911,0.583499225072614,0.7599502750698146,0.6911333613271301,0.606803530664275,0.7219310571901044,0.521443557408859
0.5181927821204172,0.20375230134091793,0.39162526652924,0.31986526004898974,0.19076778951774812,0.6435879619032224,0.6779210738604078,0.7119345463102349,0.7584811734969875,0.7019626323404022,0.7024302251408966,0.6386770210542771,0.9504371334100039,0.42062183512898366,0.6930926189524352,0.3120017195271325,0.8901373316772623,0.6496570615204093,0.5642788600573255,0.8888303820571791,0.6224202955951752,0.5104276355196672,0.515415789286118,0.5414943302561374,0.8041594593387275,0.40226003859027976,0.6094533714511721,0.4908718683722078,0.6140272577445368,0.6646572240597916,0.7961887196074247,0.7395985502641858,0.4643229938645174,0.3831088723470846,0.44460980741410017,0.2936969593986152,0.5440144028205118,0.4479114632759921,0.7708417520940306,0.7674951369986498,0.5289833700518184,0.8438831018601674,0.5879751273687139,0.8491938090457369,0.7281392287115594,0.4709379591626309
0.49397466356417585,0.16907958173958987,0.44369739833556787,0.30284932037940865,0.13090220374130365,0.4861319297896562,0.6213688199884221,0.5866486926429603,0.5473939084364386,0.6153274384223598,0.678268820771208,0.5983784555770272,0.7292341309966701,0.434496858594566,0.5651111770919205,0.3127888405261184,0.6227087571032981,0.5714081412577671,0.5457330864467566,0.8235403073203548,0.6541860604105902,0.7825765263005835,0.4502846027827466,0.5242105817889864,0.7995759171924128,0.4915399546832577,0.40235931259708824,0.5138979757904988,0.542694905444578,0.7243928370209998,0.8222571505062795,0.7959635213605379,0.41688095068701986,0.39140005173433146,0.48341166935883695,0.38660499921957614,0.5088704522991744,0.49914731692586983,0.553648303778873,0.7200019124986613,0.35451177558351,0.8577851544636267,0.5427244652363077,0.7386169426075875,0.6286071048795866,0.5103342685469674
0.2498772206521922,0.0995709783082729,0.40977098412577506,0.4277604022426772,0.14213237435344533,0.43275240110384977,0.7328648459044278,0.49436317670325075,0.5664191284326058,0.6703161692230805,0.6853960993057937,0.45072665241912574,0.5615458140555627,0.46303293386915867,0.5275880300683108,0.2134300971877683,0.393838384936103,0.38228642744488717,0.27337739164298885,0.5705529779598543,0.6743455504202125,0.6965988390431568,0.39832319803021415,0.5075494943939308,0.7606465275132949,0.48960315626128165,0.8721524759048364,0.5279794873036241,0.5684338719025195,0.6783763822748062,0.8233131384141992,0.6860537309156883,0.2721778300546599,0.2797869329029181,0.4777719595384732,0.34550594079025737,0.35140086710531754,0.37036426497095837,0.5209991875840069,0.7222076202135119,0.3945814628274731,0.8223258770013038,0.6438011185130937,0.7694359644783959,0.5634847970386972,0.3474711516599478
0.13599631136208712,0.12528165997220986,0.3691654381426005,0.39062469983908094,0.10392433261260609,0.21820973170283098,0.691913058802008,0.4050073889791296,0.3094919213435873,0.5833309434552577,0.5829409056297534,0.4480819108818034,0.5088011047080181,0.39392161222871935,0.34951480638957394,0.16848627432698976,0.2987728830345834,0.370883990597645,0.4398657839159821,0.4460500712021202,0.6073869639720038,0.48498690129468297,0.2704319089847951,0.4316958502832162,0.6579838768558317,0.36673640465284013,0.508316031164378,0.4641065699709229,0.48698230360187433,0.5707722987586397,0.6366273874369044,0.6994126826029726,0.34076150336419986,0.2018526564211753,0.3959865713184988,0.3640974684533868,0.2893147082727718,0.30300039038442467,0.5556624040493755,0.6055242188571152,0.30389439547388863,0.682085662453063,0.5285947500492254,0.6457295588297891,0.46024158389702524,0.2769848927596885
0.08912577732682128,0.10743865596096698,0.33504756867359653,0.3473220494020437,0.09947599288623446,0.21483412534435278,0.6365796276624273,0.27913264412653754,0.29611494948631484,0.5360099654719866,0.4103691487957465,0.25032160617539745,0.3821691547366547,0.34118164882596125,0.27005211955486624,0.07232946427554418,0.18505389723503043,0.26385856374147476,0.4115073635720263,0.3131859372949478,0.596291250131403,0.5335921704010969,0.2711346588599037,0.28699189014795207,0.4443152716731651,0.2911957115160194,0.3370468744456794,0.3763370780530092,0.3277379030584804,0.5214765220586915,0.5438014798528695,0.3739220605609475,0.2886295368643436,0.11432328698315647,0.3881642136276125,0.19579175675771798,0.3356934010990389,0.29222624267062014,0.32312906869930313,0.5005522936586395,0.18001095446051826,0.5902931250893685,0.42314978409280757,0.5269502705133366,0.40464016674141395,0.20512581973980046
0.13026990925044138,0.04172739013579882,0.2219083605913035,0.36754400093388956,0.05915287446346817,0.15566421721489082,0.42215643928181235,0.24944846446828453,0.32678117491638137,0.37401810419170284,0.31400193133967463,0.16573621163293184,0.24723884928440307,0.184047423975695,0.33497435091900774,0.0936460815979458,0.13737966026427753,0.28054621808181124,0.38057933209776135,0.19285145648518526,0.40696444851776586,0.5005212502201568,0.2120313289884061,0.16048790629373372,0.3281740591728688,0.17263683198425073,0.2561961405194888,0.16654262399419745,0.2521489465969401,0.35068808447292343,0.4344405184414218,0.17983431622186552,0.22154159944372723,0.059894052312361286,0.16367651456124638,0.20692648096309998,0.2817080991458458,0.20112476023177833,0.21113566133645678,0.41592872868890596,0.07755662934659109,0.46239649627441914,0.3847088902523304,0.3945167008194061,0.26216777611000724,0.16964655805747653
0.13541428759513907,0.022980466394121844,0.172602177488666,0.2258021523935243,0.02612886762820589,0.08441944428437057,0.3287882573722978,0.21848906105126736,0.23386517779597998,0.34524340912595214,0.23738457470097654,0.18264240014293245,0.2186819870941997,0.15258270825197173,0.24433823457680554,0.03846120484143472,0.12848940998641212,0.1815648255054799,0.2774171362771074,0.15453430652518418,0.2929851033573342,0.28622414934785945,0.10520847647839758,0.09366332677858678,0.2655275700203746,0.11816935848910537,0.25223230999169743,0.14728241325623007,0.16615469189609988,0.2971345212402044,0.3730158368289445,0.1636392487224824,0.14655589773062702,0.05776463901564124,0.13010260862109863,0.07701715028640649,0.2866964839048286,0.25150334641491257,0.1598430140167491,0.3243196847676019,0.07029420495218588,0.1791555800068771,0.3695165777165982,0.19338072665041378,0.13932374287083438,0.13217653378181782
0.037098251998045596,0.006603380311718733,0.13776322459885873,0.12931299415166572,0.0373181888312435,0.08147059281100875,0.12527486947863445,0.07947830972872211,0.1935210852598001,0.27963237040500655,0.1991933502948468,0.056891942020449365,0.09772998732750993,0.10826564283623322,0.20560557045505726,0.07497222755951287,0.05443926102530243,0.09262658647297695,0.17860625855051082,0.15534874721576583,0.2731945246636132,0.08570229634617224,0.02550660937829909,0.1004173408855482,0.19989579855756748,0.059026131448188704,0.20674208601791416,0.11298761298468735,0.17446662853074224,0.17086554478028668,0.2688507640092142,0.07846578292924034,0.10776794680417079,0.0,0.09723267236630072,0.12022889269590306,0.2193201961547137,0.08215655819612848,0.09339438936464013,0.22154417523980227,0.03651481392812994,0.1534254324543679,0.22658307761610516,0.1414996467561908,0.13155792950501471,0.12382927463891827
0.04028995063092682,0.05130726140724132,0.08509362635282715,0.12165174792796699,0.07245220270429509,0.14597361484613502,0.07612508813874744,0.09126731690090666,0.18786997117370927,0.19158293060612075,0.19689324010341608,0.0626758857937306,0.07179753636153842,0.12313398758332036,0.16837931741134746,0.042309416676361844,0.02934841595880414,0.0969826781914916,0.06770425669029317,0.12556482696201343,0.2862255459074765,0.05054475367312431,0.032087245406667686,0.10835155009765855,0.1257357555179046,0.01428857055980651,0.21395077082005032,0.10051028364264555,0.15391521938540476,0.17224188362399148,0.17865146808145357,0.03381693027127513,0.045949391854307464,0.01301628242456472,0.0749485387340142,0.07611762701252045,0.06427075835284164,0.10420810120376904,0.10980700784026755,0.17215766038877664,0.06261132382012759,0.1498361900709892,0.18265200751642754,0.11916787970388276,0.131732745891461,0.1324225893009998
0.030920203774602924,0.03133591962806344,0.043720770698552014,0.03717012294317651,0.010401065837091945,0.1741306181294937,0.0964503446318096,0.0717662532610233,0.1834397705761035,0.12263921073121661,0.2646749192814399,0.02318818651674163,0.09109288052764777,0.10854036534939782,0.0995327822240338,0.03722705172537299,0.029340825514614307,0.10861251286051937,0.08423997432806118,0.1281835618448247,0.2350759093037763,0.0822620795154402,0.04089413052257271,0.04594218673920393,0.1449358891472044,0.02855459962843199,0.31609062519986153,0.09018955952674831,0.1210523902815951,0.21626783247298634,0.20251819145906888,0.050774057307644525,0.051262374594319204,0.06440415787628376,0.11302543355528132,0.04672797400711295,0.017878750292657335,0.11505536259409792,0.09230355431348279,0.14136883397268074,0.02013617503144241,0.1438254536729366,0.2473143827190221,0.056560458586089504,0.20240024019728978,0.10138407516616232
0.04150107128235641,0.0532379890177523,0.07628931365119311,0.023995766665763127,0.05301133625069709,0.21074225880643496,0.0977095492992231,0.14214695084094567,0.10963053312541567,0.15048216695275557,0.11901439110546964,0.01888971696846496,0.12888991074330197,0.12013006133511298,0.10349838950930887,0.04883437279997306,0.03090075404899165,0.08976426307031697,0.062427361196792625,0.14471588420877982,0.24745548017696956,0.11270917745743783,0.06832054671912538,0.13785851919242237,0.131902242627506,0.04527824727777838,0.20055821540374213,0.15730612030579366,0.0593736030074159,0.22971422358153698,0.1848892176746557,0.1172582913869098,0.01824566903307021,0.028917348956546518,0.06943549658540574,0.05247858273895873,0.044128321517667435,0.10501403046681622,0.10492539383885506,0.16957509309387503,0.02599185984710528,0.2188154225851462,0.14679507098153668,0.16349464974461783,0.21030042619013045,0.22903422807578214
0.0691417431778237,0.0341267415452335,0.15570600792054712,0.19860343123705862,0.12632284163897062,0.31542531586708167,0.17801575095084793,0.2001016034155798,0.09096479915368468,0.22434256569223474,0.19335202846594252,0.1351079601217836,0.19109475152722424,0.12808708628955623,0.14046748100657688,0.07446090411410482,0.14927693457077276,0.205261835075622,0.05136674840337743,0.18607392779843748,0.34519581389091897,0.20232347195616857,0.20517838132395433,0.21396143298666626,0.31766149149842593,0.0934594426159205,0.07625024283616119,0.17181474706791006,0.09077667070952873,0.2838580242992117,0.3766207159000111,0.20925739646510266,0.06390951358639403,0.0961651551075067,0.23091003696560997,0.18297207030324833,0.2781481954986291,0.18423104437779525,0.24789362665517795,0.3876343103140531,0.0610927135203312,0.34548037591460895,0.22440021645826594,0.35636908352285007,0.3304791922061364,0.18228996197301536
0.14375565200274862,0.13788016879013404,0.30044257458986867,0.4245562443329696,0.4369827920527211,0.47109576172249407,0.5312952583384931,0.3755572788475341,0.29912861569871796,0.2614226286832591,0.3511696231669972,0.37864233490380445,0.30027700289757797,0.3027682512138915,0.3588966073839699,0.23426015556042895,0.26473549206792957,0.3353441112213821,0.19532850440206734,0.2753951192131752,0.42039928863386555,0.5334721392768992,0.6403324819326415,0.44892994213517906,0.3538130512455381,0.1705356307787879,0.14927516930490697,0.4809315255864874,0.31290159088159253,0.3278424438772998,0.46706978506298696,0.5221700044072555,0.27027240735000974,0.19998191196266327,0.23907894163177634,0.2768934551777038,0.3956874326296487,0.3171340684174212,0.3043195003272098,0.5500529958590186,0.23506285433884708,0.7352613445936302,0.3621945247831574,0.5034803623945663,0.4639440367569014,0.25071065709368945
0.1398176742884547,0.11711025804820101,0.5233569790202653,0.6742181211964127,0.44127852417231783,0.4790065660561808,0.4254714492332742,0.3948957406449238,0.40561687176699596,0.32407778561127526,0.526206595686758,0.5852734977587751,0.3183096106592199,0.4463721792315317,0.33187575858437257,0.5091088591963769,0.330235724200244,0.3154183391825438,0.13601303829662215,0.22020912315448132,0.38588163784565516,0.586675796357801,0.6036269086020513,0.5793317442827466,0.32195137803607554,0.251732973877142,0.18831589061183512,0.5917117622649358,0.501393388073554,0.4783625429596388,0.513803526740527,0.6578344591980679,0.24072864194765706,0.5166396279860054,0.3683843786112834,0.535210220393594,0.6364814713135315,0.2781877398332431,0.2726324939315197,0.6988672158688579,0.26433508010191786,0.6661357584574179,0.3277248120725654,0.5150495560331587,0.5037278239060419,0.2294844306756537
0.2289786529248551,0.11939353954621217,0.6408248138387852,0.6651202383532295,0.3202675573001592,0.41215784677777706,0.5190579484968537,0.4850549082090832,0.3607456190860651,0.2914069102032164,0.5709558370611888,0.6189827191811677,0.32889518913162574,0.2336004297037815,0.3682575449971878,0.7617847358163231,0.33604916895737214,0.28242030048979383,0.13699348745258055,0.24107132760964364,0.41204233324376777,0.37612320819408906,0.4431822316904685,0.49908413927634554,0.39745856322710305,0.23007153870387523,0.12235422131467907,0.6841798777058954,0.5431301313978083,0.46810811705304806,0.3570573785897533,0.5828319390604143,0.32861303267557945,0.6455850488789325,0.4744859514277888,0.7428755951283098,0.6523696701076,0.24160232623220196,0.2830986706845562,0.5788833663594423,0.2530009944826649,0.5469514794661834,0.3329045594366707,0.4903481672870064,0.4527400191006327,0.4240412198264839
0.30615621005350496,0.12105387943550062,0.632900619670294,0.8075748164922689,0.4635587917384469,0.4578496665116684,0.43526202440950457,0.5444105646035043,0.5104532573118792,0.2927250232216469,0.6146815048708779,0.730230371859034,0.4172006115594984,0.3160119813390363,0.36100235330168734,0.7272999722407891,0.40598890437588403,0.36049316775781304,0.18378040134884416,0.25263222752367914,0.3668853696316322,0.20635037273693982,0.42431789278860793,0.5909459242454477,0.385292111500149,0.31974705932428443,0.15271060867731173,0.6496922711387242,0.7199177572683999,0.5065810548542545,0.36321205812856583,0.714697079516253,0.2599199830130684,0.6211300229406045,0.5670671589553915,0.7219940804366496,0.5366662331407889,0.3706345456205892,0.32302701631529096,0.5472742833269697,0.324967386745841,0.568134294690601,0.4358307332538537,0.5304867268208382,0.5184182077668518,0.5143247891188312
0.35926950648444755,0.13615707686888578,0.5142009438449832,0.49409483436720375,0.45316422114715416,0.47953148568684795,0.573397263011488,0.5967903948646796,0.5992038937715582,0.34443827784563547,0.7135297664348489,0.7199319256312855,0.4448356329714369,0.3640678674543788,0.4293307303697525,0.7763524343985141,0.42165439492670126,0.33979582985860424,0.29483316039573887,0.22491389685412055,0.42524889467263893,0.2938907419352898,0.4744555685487253,0.5756193098533063,0.47314495998977824,0.4187765457810492,0.2627672641634602,0.7938979160983682,0.6292936035290331,0.46078336500982775,0.4364878580668256,0.6310857441898018,0.21820576849058188,0.49803905684171834,0.680148013947138,0.6165360588932023,0.5422304276831799,0.358545537713583,0.4361718171808706,0.6555465917737572,0.4034008764510474,0.6108464918315681,0.41117595614369323,0.4252482843720213,0.5563754122072982,0.6661341731321251
0.3815213297177988,0.11472379760706881,0.45777810931711194,0.6056647794721242,0.3453300269542189,0.48222433507700174,0.6268486767559829,0.694362859367941,0.7583158542841438,0.32918791285096655,0.7120459340460975,0.6068583267588881,0.5095317122763621,0.5510981173774099,0.4580447409823574,0.6373708042284965,0.4417841039184608,0.3082795467416577,0.2821077534814834,0.24570418072777298,0.4121690807546497,0.46639998530817645,0.45541094607041144,0.6023090044816322,0.38838964672186177,0.4530122881271861,0.20548041461913463,0.7374994898414265,0.6438023452097534,0.44606336825673387,0.41274678389380187,0.5874330897397548,0.31843372152997546,0.5868269289188461,0.810339612021217,0.472728727211809,0.5705695297759036,0.5704501272515813,0.3744276958943593,0.6389264772279355,0.5008094115796986,0.5425006799541736,0.459013433304913,0.3474162199844508,0.6345074287933445,0.4477452208444168
0.33970912803599357,0.11710455660028961,0.4675259465916046,0.4644334037073831,0.370682361226607,0.43756095029720277,0.5681857250232057,0.7534696802865495,0.575902364438517,0.34655258436807207,0.6497003870496901,0.7217072970883487,0.41943961978826483,0.4926332318693084,0.39466990163722454,0.625416028426289,0.44421301565628535,0.32456506533671536,0.22293551594137573,0.26022315990157335,0.4493320793407254,0.26184619381292995,0.3937106042430647,0.5451479138232139,0.33273604985389815,0.31815381370559354,0.322118765434708,0.7414450493691522,0.5642057837348451,0.5078020308157739,0.44070464418581656,0.6173654046182742,0.3323129621515619,0.554822094708247,1.0,0.49127927640782204,0.6140217329864466,0.2910724950891655,0.3874061716608255,0.6793080741252658,0.35468457131019615,0.5687235221249028,0.4168192026861578,0.4817154447726079,0.4751512855220915,0.3386867424618133
0.4150775381475279,0.141147017230063,0.44057934730461246,0.6508678722006691,0.38676793992947717,0.44705905588303596,0.7383214222543858,0.6638120027150558,0.5302281860706807,0.3392670431089779,0.618772717675301,0.710005605769644,0.6232291485264345,0.44302033657236284,0.48728170377732066,0.6302295113871947,0.4089810509575815,0.3230166220744114,0.28193337874262114,0.24191388074945044,0.41274694727906186,0.42562593236493157,0.38650665028045444,0.6132931035367636,0.3589859283823459,0.38829078899655184,0.23218396033252647,0.7173868787967279,0.5747492644794382,0.5634137050711517,0.4047806399191379,0.5181885451135995,0.332032179297898,0.6081770838197068,0.7285684693760265,0.4452212283267631,0.6249093896715492,0.292508604814707,0.3874893903070537,0.5748652877634931,0.38415949458757137,0.5742727539223368,0.434826675187384,0.42363179470898304,0.4163310881060662,0.3297463607277371
0.33321147945650925,0.4192245236793239,0.48128125745768413,0.648650072475728,0.3977630483079603,0.46764515558747705,0.7441929101947917,0.6972851197219686,0.753917658419524,0.31030075180133676,0.6834905468260084,0.6918223521570831,0.6041201458430022,0.7141104101569392,0.5674322876898017,0.6694804254200318,0.43397583197434514,0.40287514713025374,0.21874965235316357,0.28492474054354433,0.439235079850062,0.358452417523275,0.4404512892839383,0.5817289607291234,0.36486372979090625,0.3927620235916389,0.2187918486080807,0.7178768575592062,0.7243854143149547,0.6449140705534648,0.4831195397190358,0.83091613595866,0.272529206295013,0.6319353686077761,0.8357349025966125,0.5601312113611375,0.6202087705759285,0.35580840444117806,0.32250259285648264,0.594181438658911,0.38471511787750023,0.5392353618226827,0.44153188480529754,0.3914138810246848,0.4100055122897135,0.43711355175575795
0.2848233862400515,0.38230860113539433,0.42498204999244416,0.5882911604416554,0.625681871005908,0.5659640976774462,0.7703588230279432,0.6948098249686934,0.6323486826478582,0.3815580470484106,0.6620190418309165,0.6129040546870502,0.5397891753375934,0.7778473876798054,0.5812315262596061,0.6766604120375371,0.5504023433885399,0.362402185838842,0.23119758533925444,0.2864825966243981,0.45694558343625014,0.2769583155134432,0.617484464373082,0.738529844372048,0.400058865634816,0.45539669352720846,0.25033021420322304,0.7094315031891203,0.7567883563391179,0.647236124586265,0.42362292678537333,0.8176162348310628,0.3129239414180332,0.49756507331639777,0.6934500112878381,0.5166585967548353,0.7126629591660262,0.5748523930844317,0.40826369448740657,0.6089286925698006,0.42701625589792214,0.7944574146251719,0.46044628523524295,0.6302463859293173,0.5163639878051807,0.7045487451013598
0.5243239086450691,0.5842239895741294,0.3669229527707356,0.5525005415300639,0.2665472040520273,0.6349860728772879,0.5328243889024012,0.6456482975021952,0.6169931819090715,0.5105020147250389,0.6205024922308254,0.5885876771353895,0.8398441123362661,0.5931196003754585,0.7240595505105196,0.5087849210097086,0.681310983713894,0.4979202491806002,0.36137580308585987,0.37340490776834073,0.5664733408136982,0.461206176281488,0.6986535757638096,0.6588180428104358,0.4305835221498456,0.40259871371228373,0.5120809944147479,0.562568151191591,0.7943515007887804,0.6414841605553424,0.5266912530183387,0.8173073828037193,0.4571760378872991,0.46817652173184005,0.4159072053945234,0.40041941393061525,0.7119439165331743,0.7547339799100903,0.6220561323126711,0.6461384593945962,0.5073871001290152,0.8374496338267974,0.6149236217715692,0.614048671800087,0.7893446081872034,0.568521974919102
0.40630133205636476,0.1555046123930895,0.44409328105495627,0.6005315204175572,0.16912646618521301,0.49122520814183784,0.5773722350329005,0.6079243305416606,0.5372049064362986,0.6775938776005175,0.6414241220653573,0.45806165020037043,0.9385291231725528,0.46166284715008465,0.7335178539788049,0.39831346613391955,0.655036671083259,0.6007493447714992,0.6723814203937658,0.5722392297746425,0.5402799803488607,0.46154257261024506,0.5097798863731606,0.5383332632202803,0.5388221759665826,0.5234934308153842,0.7400657251449458,0.4676032189504015,0.572028470264603,0.5682018066137806,0.5800258920471449,0.7118383988013371,0.4075329463551181,0.386224352696388,0.45550319236291537,0.3505895618458827,0.5190049022048033,0.5131666225296363,0.6694170427679333,0.6244881856682152,0.5606782241014131,0.5805938158975003,0.6257863798775211,0.514912906246944,0.7632041533067635,0.5630706107995486
0.44650536334535745,0.25246632099612354,0.4179575178162833,0.6933406433912042,0.17658604316003945,0.5919163928704084,0.5786945244536492,0.599978715423243,0.7761093276449403,0.6789376982787758,0.5743697820006387,0.5782162959049982,0.9109200512197699,0.4592660905131519,0.80013124892508,0.3860986183274084,0.7233898606531068,0.7649795596250202,0.7370713539857571,0.8092167819456307,0.7514711327884469,0.5321425394257571,0.5212474792648223,0.5680508370611129,0.8035476671311326,0.4629322420185127,0.6979874569801263,0.5094359459191593,0.6718443964219291,0.6899836107669636,0.6813792632507305,0.7605816333910996,0.3377526607509529,0.4552332328953178,0.52369905880365,0.3871726732752496,0.5031971994233373,0.5091914402885099,0.7621223815117842,0.7175688453237025,0.4054639443821304,0.6055947450610529,0.6187957270833536,0.7329643056165878,0.7487744638547666,0.5020919211537999
0.578910891767878,0.13184844861930922,0.3728467618928831,0.48385352119753283,0.11521404571696692,0.44527585601987607,0.6664955413812108,0.6093133473048857,0.6315131828264823,0.6328270636391494,0.6971301473188412,0.5556780814639528,0.6110794771196678,0.48159126222338067,0.6813777296769071,0.27991080359342474,0.8019193522301128,0.5543832418846885,0.5821115077609613,0.7601103053273454,0.5030815075604294,0.6444186565557637,0.5036891479391613,0.5193383318540618,0.654121684667122,0.41541597987662365,0.6765217272732982,0.436317908484075,0.5856614037957483,0.5144585435242248,0.9831820106616858,0.7760829337739773,0.31393376521289545,0.501264789026041,0.46043758616244956,0.3993444538841966,0.5164080540422682,0.6639266536633229,0.6067239943893186,0.6499351122057258,0.30470066006565,0.5717499606346679,0.6007222197844315,0.762481711970642,0.622880965572548,0.5270853176897101
0.32185874722099506,0.12023122611077856,0.3820009570091235,0.6673867572350727,0.1613198995623802,0.37784982524321403,0.6511714747056654,0.620471206155867,0.6030868341398652,0.7534547205923102,0.5902389576865396,0.4416568964453253,0.510472193682587,0.35362041881992123,0.48810162356288983,0.1480565248241164,0.5044202188372826,0.5931881640634501,0.313934342937613,0.5226823723712932,0.6529003612700037,0.6233446772145107,0.4321861353359889,0.47765697396520557,0.6747657035726996,0.40239818533280325,0.77010397800172,0.3936058789405837,0.4604093424675018,0.4657531663453066,0.7432421040163506,0.6372464825863801,0.3582694037310892,0.26396655899120364,0.45782736112697564,0.4218143995125779,0.33629217559794033,0.45704369148931573,0.6096277950182891,0.7471206011335496,0.27308582119790736,0.6816320584263765,0.576840206162325,0.7555861134869009,0.5848183257515699,0.23013988465382043
0.24780299210806994,0.08122168279271691,0.324653162643886,0.588068684600807,0.059494553508656296,0.3208372167829965,0.49847591284023385,0.5306452590613314,0.26704437736754666,0.7797621628827276,0.5878693698702361,0.34002995494775007,0.516461145558677,0.38389642477102215,0.49918852883367354,0.16480962178373032,0.2852522977278808,0.360326836614143,0.3407481537719671,0.4584150381732647,0.5561143794227208,0.7501865399347041,0.3498315253450379,0.3214468784938729,0.5830609810520709,0.34972584327206274,0.8511147401547683,0.48546568466234624,0.4347567105152469,0.397665387172805,0.6609332835158926,0.6821153666300639,0.3396277978064156,0.1599037510943909,0.4740575495863102,0.3017852909669295,0.26554108957113803,0.2978008152441928,0.4949435563465923,0.8257937405741121,0.17032144991176726,0.678076581335792,0.40985020327206784,0.7627332321799754,0.5574738147002666,0.22761814134403371
0.13405378032301868,0.05670509392209665,0.28522915746934385,0.25641063466189273,0.05500016128570539,0.17708061425616686,0.4707873651535913,0.5139549125216049,0.3611647768622532,0.6957757211417949,0.5204822905793796,0.2630657785369687,0.19561570302991374,0.2515292468422181,0.3182425475492567,0.17133576028497288,0.24748677147424283,0.17863732582312933,0.24517892769415744,0.3082659555329828,0.5614751553258348,0.7062419161987903,0.2974480026307582,0.20898750806788252,0.4436837851750224,0.2919641426363085,0.32732297573109664,0.4020126339639874,0.31574573440484693,0.3378405246708088,0.5624017202649375,0.4828883441662768,0.16941195007670426,0.1266413103429999,0.2714699348646432,0.23791858224776408,0.24842564526803057,0.518831425685815,0.42640105262239447,0.6940295526129228,0.15312295199198261,0.3389102806491921,0.378958903164295,0.6710797519101537,0.5102746378275611,0.18630101058536885
0.0721249863198144,0.015520991644716153,0.12140498456672152,0.23590409701446385,0.06704408955145716,0.11940106150088198,0.2785093368493392,0.2602594553424585,0.25388008479099855,0.5425978891350511,0.39498148573655356,0.13672136678453628,0.07588239825544535,0.198006665091899,0.3314039413303231,0.07363790700199602,0.2019848295807176,0.18814165702895774,0.1740898519406428,0.25349835921020586,0.597483146239211,0.5695930983988634,0.3134927806885148,0.11968471764329593,0.30954185150108277,0.15949035804846917,0.35453296328298817,0.19864122792237746,0.3117521666407915,0.2423394198163504,0.4242752503068323,0.1995154929599573,0.12203526305568524,0.05371363827107415,0.1865228222845583,0.24168623550413632,0.13523275684629987,0.23066674304148915,0.31729458904404406,0.3459335356337392,0.06602160539295751,0.4194218455788285,0.3916039173159599,0.3866979697873872,0.32257708191707446,0.16795772407925574
0.08909209173748306,0.04075401006024536,0.13539761604991546,0.27357423046679386,0.058369658492474184,0.09514151784383702,0.24906855997382307,0.16746246428094216,0.119813265483273,0.3447873328647541,0.21161382302564605,0.09910655506936358,0.1307034276544422,0.15014390281511636,0.2652353814449432,0.06477590381221225,0.1208555873497359,0.1462154412576313,0.09810722000203219,0.2274486288529988,0.4257266066878877,0.33556436360899244,0.15236410102277748,0.10477655273868901,0.22200560880977646,0.09612794042287162,0.4008540459504048,0.22437405479506614,0.18412740033867414,0.15559406542025683,0.3447312511179142,0.23508737123921292,0.10510840464628543,0.029082041053427064,0.10168083365504578,0.19226671401435655,0.12722055471538274,0.10569716811894168,0.2045570056440335,0.3311277201582932,0.09447309286416294,0.3099710553336188,0.24244294173588046,0.3155658184322149,0.27987881205541604,0.14818630224766557
0.08097885682344477,0.01954995919239847,0.09354075803005443,0.1889845300471445,0.050881796803779515,0.1427563856429224,0.23577084076586616,0.13704220914361073,0.09710092673805304,0.2517409582530249,0.14803533904169774,0.06278722511674065,0.07451978116900762,0.15295177190750822,0.20372072739255562,0.03798945729871391,0.0666497839524831,0.077617984617252,0.18075308673520235,0.17250178926138063,0.3078976045198899,0.2668587493964596,0.13078042264336295,0.0952966709040363,0.12327261021947788,0.053900585985002206,0.13121800815430937,0.16628624309941073,0.1287362762008865,0.16110092836949863,0.2626388961708898,0.12537244415132173,0.0670263659147092,0.03499021112653568,0.0491902681245517,0.12742944060366926,0.043650501210896364,0.11392183534275639,0.11773875214243339,0.28035887865181625,0.08403359321311621,0.13838878422390044,0.20338466127969812,0.10145335256626478,0.1794770394022926,0.10984986244469191
0.07017877767992672,0.03743320912441188,0.058135796370025264,0.11939156100974924,0.05104421609929138,0.11007320388100017,0.13986204140317174,0.1405932749093456,0.08114949786257751,0.22353460296667402,0.20697955368298648,0.0477810052551291,0.0862689461309887,0.07532436557607942,0.1624219275140081,0.04520432828514883,0.03278360788194597,0.09465022428984521,0.06674816054666982,0.15543161371830908,0.1813063351948984,0.2425763613168864,0.10578820946165697,0.1557709001066453,0.12156527159906003,0.06093942932444878,0.05957703936193315,0.0889590634898467,0.13159987268558082,0.11732985146440636,0.20353643360679446,0.14420310610101236,0.05567329245164988,0.04412721101141249,0.014058848342657387,0.08759235175045221,0.030086916857027343,0.18370145319977665,0.0795228742190499,0.30222456267429093,0.05571624469398567,0.15565788785925633,0.1918805317709365,0.11266024512297435,0.10901315063125651,0.13211572680944167
0.012274126428650438,0.040784069201662054,0.04066370324583847,0.17598366584033676,0.03428914313389677,0.1204807185003686,0.1623424319093304,0.08909473393564794,0.04595397139779282,0.20619200377817024,0.10794248502854113,0.10702125156928663,0.03485812630774482,0.13053940452771104,0.14743529852939635,0.048539219178654405,0.02379572337658867,0.0789273389872764,0.0,0.16876359677656844,0.12061198420218217,0.11462507234744285,0.084774194979912,0.10556382350842157,0.21008105643284397,0.0628473891684538,0.11439559863545853,0.05284567127073397,0.11467777479355594,0.11324678016980305,0.18865462838418634,0.05546182519371438,0.07802471635159577,0.052514174818617525,0.036392491146162734,0.09784022105703002,0.08735887086760263,0.0857125836658874,0.15261720511337085,0.17662635914024585,0.04901597703888236,0.23758228128588088,0.19420153895572775,0.058126627127608105,0.14839718937175397,0.1446065669838057
0.06163563162725904,0.04450907688615979,0.09646590235877459,0.2095420089455799,0.05112244999965223,0.09612753129542939,0.09127637004044797,0.053026368739613076,0.018993076446126026,0.18903924775017267,0.11764942169766772,0.11621277622896932,0.15607349766702833,0.17935287937581565,0.06340689498939489,0.08460877756605163,0.05904398824033838,0.13364358382596261,0.11727287846261698,0.14650245113403407,0.19721143614455028,0.08901193920044584,0.06089275266955553,0.1595071232733355,0.18411269652120657,0.037532830897707425,0.19065405611220515,0.15787728371376406,0.10980626296526587,0.15337132958746375,0.17408155970408104,0.11316057216090941,0.028614152344176972,0.021670988601412776,0.0949632774009299,0.055636316724571276,0.08531748089363121,0.12404398066048179,0.12529004745174205,0.2052541977906475,0.04539179409039609,0.29400559531310083,0.26665431773480164,0.06344687034651375,0.15082404743881495,0.2357454731466934
0.049745459676385155,0.07038472354567075,0.1434051559684084,0.29314023125699745,0.1295537305365306,0.25907540424636377,0.13201126505046532,0.2223539331429086,0.05315024812531485,0.26609072744076273,0.16574431304304646,0.1398359035819197,0.18501325004129854,0.3183290291976305,0.11852161990729057,0.08210006490868842,0.13995395625092555,0.2325555451087972,0.14780582899022437,0.2209769127550779,0.3501190355182384,0.24854045500540853,0.22442960628943348,0.2585086230185868,0.25801359776839344,0.08975443692601118,0.27450572641055304,0.22426120650541306,0.21383084991204554,0.23959457029843448,0.21961808587557002,0.31909927523001463,0.13862154101224572,0.0746612228902423,0.1757922764023364,0.12299946573951703,0.1423102437296604,0.12642434399286562,0.2354528859469316,0.4105267917372831,0.11084833192168558,0.38061433160104263,0.21142708279362044,0.2398962087915507,0.2929279676750932,0.20843548889756894
0.13508024479434044,0.19159318274276144,0.2493425108492658,0.4454342513596589,0.4350956599763356,0.43477522283323095,0.38369764746443213,0.3344177548063895,0.2669818708463185,0.324257577094796,0.4258441468377246,0.3464546658786053,0.2996227064591548,0.33498236293592387,0.3553608487208359,0.27298099106095197,0.29500374497711684,0.5473971988381341,0.11345068031344956,0.27957483330951144,0.37916744473568564,0.4519967120750577,0.6096463590540905,0.40909544968935574,0.26398729752364875,0.20179866464025828,0.14116360025795732,0.33240343142732376,0.34226637108800106,0.3122500405827673,0.3909066464796483,0.6514538178811827,0.1977730815894163,0.17243872703101806,0.2656783236178895,0.2790360140242677,0.5034468246270277,0.3670282496897679,0.256180978555721,0.557630077452542,0.24334000877365455,0.7120320460391982,0.34712621627082596,0.46759281802265457,0.4856294507921835,0.2771389244559068
0.14529292325506368,0.1089372867848878,0.5426292088246027,0.5660703699354119,0.47061311227351854,0.43218781623842784,0.4607231858086116,0.41935168277519297,0.35566953086958697,0.3724199446960981,0.48443201979754635,0.5517626294990213,0.3625459640489286,0.44968657426771286,0.3432800830751347,0.4844820031966002,0.30813717699644316,0.4527251019695089,0.1952840103677237,0.17039959423306172,0.42214658616825873,0.5265573226062163,0.5804090141008054,0.510600820782592,0.33124323874195516,0.27982259401444615,0.07978886361578971,0.4874346471317191,0.5770811801273188,0.5073519914474865,0.40388648937733346,0.8263755160543049,0.2649268697817469,0.5072914160824006,0.4033501636101813,0.5643796208760047,0.6240065366491016,0.3061210899447542,0.3840528892228694,0.7063124320324535,0.21202609211149667,0.6110895268944956,0.3008038561731218,0.5120310301055431,0.4726134401110306,0.23176769287218754
0.17497589770530778,0.12871803646185043,0.7310242591810795,0.7576024964975583,0.42951715473785923,0.4935198449748915,0.3904255327416395,0.5538496770830454,0.3386430584509442,0.3782890672646191,0.4771730837236351,0.6074900718468604,0.3750716575352895,0.35456599079444506,0.3021586924303747,0.5976931538356801,0.3180825926165372,0.32278702517085645,0.22470355388554736,0.2030764968628128,0.34246602395379444,0.34976129868795114,0.5271859994179066,0.6515656914355532,0.3477271995991858,0.19022446590263525,0.19492783901029437,0.7359864677343926,0.552823684553764,0.48091206278907395,0.37298780524113867,0.6429106800154216,0.24198857893306377,0.5579713122753284,0.5471786429117343,0.6537477576654913,0.6009389793900488,0.17709898452170758,0.28426006857150876,0.7044244611408611,0.2709141925026338,0.5244700301912002,0.35267142867107476,0.3791867829891042,0.4390158128854793,0.334719204221236
0.2564382274390879,0.12891937991787916,0.596472427052734,0.6457594181255404,0.3998701399757365,0.4288438726585245,0.3989740759884237,0.5501085295868224,0.46674472011297524,0.2928603108200404,0.568495567400564,0.7881692472891473,0.4495962193216424,0.4037206668815203,0.33954604802420124,0.6008118276917509,0.34467238061313704,0.4201721960218352,0.30054251326296944,0.24217064695776816,0.38798713463933554,0.31360036968032806,0.5870741024603795,0.672672901759274,0.32130167674023474,0.3451485399103115,0.05790020388430975,0.6967258557870253,0.7246540097711827,0.6077230676626133,0.4155383033865329,0.5817047890427578,0.32088454859714594,0.5840340794603859,0.684416697001347,0.6982290865769887,0.4916581572860536,0.20694611745091568,0.2852329381337425,0.5562879454796879,0.3032302041915147,0.454588241945621,0.43394132647911693,0.381953516190326,0.5082204280531446,0.4489601500818642
0.30048730427865455,0.13255484864606826,0.4338200750461071,0.4696301122166479,0.6745868899060996,0.5393019786917428,0.516316189725261,0.5979186901710242,0.5880018339371029,0.3290626851169659,0.634810350758145,0.8675783925675317,0.5912910321730517,0.43765639534339607,0.33836683921179816,0.5820158357559029,0.2925296418636692,0.4044318320458312,0.4162673695183868,0.24278354304952607,0.4118918599320415,0.45207432585359647,0.41638860317787396,0.6377822670851809,0.3899248805709482,0.5083359745133104,0.19105253353429308,0.7577182429910858,0.7112945652255316,0.5340615320574674,0.4599582527441847,0.5992034430484874,0.2841762887917453,0.5394504793646132,0.8034688502089227,0.59412879720671,0.5589900412061297,0.5237681478549218,0.3922301946939938,0.524845121533874,0.36785891851565145,0.5452817563256062,0.41870084141318276,0.3835735545782472,0.5643286690054784,0.8293283534127881
0.4404546944399133,0.190133835978401,0.47966261936829635,0.5836819825559252,0.36267593023313144,0.5792212458526382,0.6659026294468439,0.5499868129449054,0.5883911479777028,0.32352680213682916,0.6368772840047618,0.6503404040981625,0.4787940616907721,0.6029202509578074,0.474303153674062,0.4684602407271968,0.28731843127954665,0.44539987058923336,0.3455426264874106,0.24371263451279027,0.4572117349409673,0.40382658362309914,0.4728408950672521,0.6388928295007587,0.3185615245014228,0.5758129199645271,0.1582623088296322,0.660390489217468,0.5788411460009608,0.4734652183723435,0.4577905778270541,0.5854399662835794,0.4115175189408438,0.562955807723806,0.6884876229118212,0.6160213845790272,0.6052919865796162,0.29027946950249,0.3821667003815239,0.6754927990038468,0.46080835466829306,0.6228262676671866,0.42961060225357545,0.42278064301894336,0.5450270689373183,0.4914709850620176
0.418765607771988,0.20538098242527703,0.4715407460576747,0.6304849471882825,0.3460194540228565,0.52386711678687,0.5205450454182289,0.6720909158381753,0.41190835049485197,0.2858453893146545,0.6134161580466392,0.5896489558750458,0.42406093720805715,0.5774239283221493,0.44200281922580936,0.505349115972272,0.29455879230866444,0.3920149724400541,0.3116822761744638,0.23795645273041147,0.34824800512189935,0.38188433983977504,0.4085839153669377,0.5074039278203497,0.42175792707127213,0.45877853795171053,0.057807282337694305,0.7004172927810122,0.5649107775999523,0.5341219043445949,0.5114791789796594,0.5891649816085175,0.46224678954048115,0.6171033054214625,0.6112822946509868,0.5625830916094017,0.6204436609649527,0.4604982953195674,0.3682994886035074,0.6324526898053892,0.4489093629017529,0.6115945083854439,0.40452127171498453,0.5113114492196329,0.44561689322782017,0.5150423729930824
0.3738758470970376,0.20229280829435636,0.40135888416837695,0.6029643320668505,0.45353186197531614,0.5712805271806499,0.4783040379374136,0.562792284179098,0.4080081887731991,0.3009403437891763,0.599067633716446,0.6921142192623203,0.535193753289847,0.45718222470288605,0.43049997063763584,0.5347914401166949,0.30669905358554217,0.3631925994124541,0.3038110908643161,0.2712046936256071,0.2437455287523071,0.307341727170659,0.47870645914120924,0.5676486770646908,0.3637821752733371,0.34701869607042457,0.09928647716294903,0.7492519546463703,0.6693573643760173,0.5121681848799451,0.49807178804804525,0.47772614831419646,0.3336691070719355,0.6395739898366233,0.7122158594846523,0.6341677409616256,0.5618314693513827,0.6355974596798013,0.31990625863136896,0.5981172922013003,0.31041176628756983,0.5478068465793658,0.40173999747758016,0.48041551474674354,0.5328173539790098,0.46746021569924034
0.299025003766586,0.4135547608817267,0.3946440403670417,0.8123387629860479,0.3418632532976257,0.6275243618534387,0.49500405866983355,0.5874111575744921,0.5311056931706384,0.26501405691062213,0.5918473148493218,0.5780314268057473,0.5406266519780033,0.7971141723060041,0.5008401333247791,0.5135572240656893,0.3026019902474191,0.3588544443854532,0.33500386944770594,0.25423040267380814,0.33414982881700156,0.5177098843653841,0.4388303560447011,0.6209087111801429,0.31407485562138243,0.3375127162759742,0.13054088345656448,0.8552859789480264,0.6518446838882919,0.5366465789905993,0.5526416576688079,0.8066391312129951,0.2901940263818755,0.6333784924729645,0.6340010566249618,0.6724623754754433,0.6030157897599985,0.6955377351171882,0.3621215944921056,0.5155745598254168,0.3316652815420592,0.587413444907139,0.39910701521716163,0.32369499623984066,0.5326139279537979,0.4795060907299501
0.40976570941646995,0.44275907509691154,0.403570503814613,0.6650779146199335,0.37575296949447656,0.7306619689484469,0.48223934135937585,0.6262845959706171,0.7401711044133278,0.3370648588215916,0.6152044677925009,0.5722963804708315,0.6711862965479947,0.5985295404507899,0.4942162051565571,0.520185421438934,0.34054241607986485,0.47608594760680767,0.38153188809731997,0.3126557710973361,0.42723036543436715,0.4036731000700895,0.6117828714566417,0.621479301831091,0.3594317322309977,0.4132326623194258,0.06397634302317073,0.944451317572908,0.6523904162227433,0.5611184390555892,0.4788616442259919,0.7582472057130488,0.37160473186882514,0.6467201334854344,0.5823065936948973,0.6184468834201441,0.6534638917271692,0.6244317786574385,0.3881781677111402,0.5450004595840877,0.470397633577493,0.7964262960652836,0.4408622906051278,0.5456293498258153,0.5641571071551038,0.7428495860078401
0.4550343797737893,0.5900191514300144,0.3688307438878762,0.645381237658323,0.2040129092883233,0.6506028574240671,0.6868761389877108,0.6363101953066073,0.5134214427127851,0.41842297522738736,0.6878402325640743,0.5029626055843004,0.7041326676372947,0.4118005549848087,0.7026569163206792,0.45756971924003903,0.49289736169302534,0.5653424890644186,0.34813946628510556,0.37137228353170715,0.5348534459403833,0.4904232073130456,0.7857446717230656,0.6025988261984974,0.3816694179129534,0.5429152909618177,0.20709998400423696,0.6413476550312254,0.6552927524948977,0.5342597352561853,0.696669816541011,0.8770291222296177,0.5643478692508402,0.4819764230597352,0.4967355338478622,0.39781133324842266,0.7105476980847004,0.5365682787228163,0.6582978582092764,0.6141580837536617,0.5450554361362084,0.6953744544629026,0.5841692728789784,0.7700402612921442,0.7946420427825177,0.7040134514835158
0.4693274451956759,0.30086943157284707,0.35151641642316267,0.30781670636763314,0.2147069226082288,0.5694595619402487,0.7276453786033191,0.6172945140532596,0.49152807863345965,0.6571074714660698,0.613022958441325,0.46003598313227007,0.7451843187062137,0.5147564350000166,0.6809916408439041,0.32999791622043984,0.5498841111049654,0.525063814581372,0.4715703072885559,0.5312932947300644,0.6040068728909225,0.5510710369136865,0.5181529200216847,0.5751094073179103,0.5865443988445381,0.6202600263038688,0.17368870166544534,0.5048161473822684,0.5897022240912525,0.521215761268986,0.7461650130374554,0.6964246908129029,0.35372987257098265,0.2429289775364621,0.46142631923846633,0.4540514256921097,0.5193112505423461,0.34420472227387444,0.7393283988012239,0.8275798980915651,0.6382948599726015,0.7041605374974353,0.5586079486014391,0.6345021351056495,0.7438782047836864,0.5811888827225961
0.4784804491685146,0.33003357178372195,0.33186589050093906,0.5236187420246727,0.1742086418355927,0.6145779020245543,0.6585707894439184,0.618651933823708,0.6404117855827219,0.6783535954148097,0.5689396262003681,0.5218197058850061,0.8273031938940466,0.3890782645095632,0.7027222400976216,0.3577237226566706,0.7538783479536818,0.6889078077101457,0.5863932496305307,0.7150722827173611,0.659352937463686,0.6207545026599735,0.47661419191844234,0.44104233895030687,0.694251084184765,0.6767301245179262,0.2786374606618166,0.5907959131455579,0.6081575834097701,0.7008428331864478,0.904313482918717,0.8766016378611405,0.32916970903543347,0.3774391308368779,0.46406441050200353,0.4101550028967761,0.5081577136050104,0.5341329128086248,0.7992229317214874,1.0,0.6690092370919819,0.6233647451462752,0.6327605967987899,0.7116746431881027,0.7268728456463075,0.7127050070308725
0.46392169791065085,0.1341173830217312,0.4004104591781358,0.3347447221267442,0.1998261010533147,0.47089979073381016,0.7846393495342675,0.6959863712613481,0.5933829435359483,0.6272264979610719,0.6057867720972652,0.5114937618994003,0.7574572364057198,0.4425658472162346,0.6426174588983897,0.266799189365297,0.5068905960760167,0.5517699514639837,0.39951676789376966,0.6460269808115887,0.6449407301936756,0.6443149002078796,0.4705447504193636,0.41272711553406816,0.7199546861555914,0.4341501453124285,0.14241216908348814,0.579281037269588,0.6011369117325307,0.5769416995724226,0.8635493042226617,0.7535074600890317,0.4773033358996035,0.40892368215915703,0.5497880825709218,0.40783770866374164,0.4535295384718462,0.6013219373917748,0.7800790493181448,0.7735883763659702,0.41368606066115354,0.6162358602212525,0.6000936924794036,0.7044151415720452,0.6765203602999751,0.6270371996638056
0.30945330217281086,0.09179508517784495,0.4552057052172026,0.4178692528151378,0.09941740074023545,0.35579779083077656,0.7474340523624577,0.499746091174698,0.49695582063180516,0.6782501155366483,0.5516910404618547,0.38884245759318714,0.5354953696713928,0.4319927948388743,0.6196179155785789,0.18259062526873598,0.4046021482090049,0.5896607115296588,0.27850899408773716,0.5605121910301548,0.8224332395817524,0.3879525930791706,0.42224896519454935,0.4688278947221466,0.5629155242567653,0.47252666538236604,0.31026293296712754,0.44069220332163106,0.6460588993413635,0.487394143445469,0.9487390965283634,0.7123354032783554,0.43656632895022035,0.23839055852048313,0.4756979110014745,0.4743882387960335,0.36207362457309017,0.8280487320730493,0.6655820276234478,0.6466642323851624,0.30895757344476826,0.757792221754873,0.6235322890496358,0.8438522224950724,0.6348309004791179,0.4538789544896521
0.18655937223123667,0.09648061883576813,0.37285322334699667,0.3106944518076062,0.06501977543370932,0.3557162102119945,0.7024251902076816,0.42649206841450155,0.23152917350791125,0.6839226533445389,0.5695490096952069,0.31689147440911136,0.5022855515840988,0.29222323308320586,0.4065255559066826,0.11653927349192052,0.23123407229075163,0.4579181664718466,0.2905675122971815,0.41508720096096924,0.685800505020967,0.549693287309289,0.3108115584116969,0.3634760781827664,0.5042816886074764,0.37005277793347124,0.38160959344685613,0.4128709248719589,0.6251376008327406,0.35937123051897074,0.7426900912442531,0.6905961918198951,0.18674547200905253,0.20912461187401607,0.5046111096033058,0.37954360093193823,0.39398142049595253,0.4969825210640147,0.5439878147688121,0.6316530557651938,0.28048517146372276,0.6987830371925985,0.6031871073833787,0.691675673543235,0.5531345466544726,0.3089107069851983
0.09757608505213028,0.15881901971126722,0.24240663149032796,0.3663179620284737,0.06697389159387176,0.23072499097259894,0.4387726587919334,0.36080859908145935,0.22484440659392357,0.6266398566071273,0.6098022680627168,0.14279278555086658,0.3937244052553919,0.30067080844802696,0.38445584385138515,0.13503428628114406,0.22392482945706454,0.27246950137970716,0.39522104307341277,0.3157725758129346,0.6237063678252199,0.6119828921200647,0.2536611210357379,0.1646009260698716,0.42245365423469866,0.2727345576372956,0.24066952309239398,0.37064095381658296,0.38505833919458904,0.2595628744586043,0.5733962101887651,0.4236816967881487,0.20958611569494945,0.1347636261573797,0.38854261693614006,0.41409282989799084,0.2998479238371665,0.2680329600831349,0.389808951958968,0.4300891374927885,0.24815327985662392,0.5640102199797994,0.6035722838050532,0.528853069524462,0.39687357798307776,0.2859519403880445
0.1057426455859879,0.06350378756521534,0.1294298387905657,0.13176655219414365,0.0506358140345828,0.16397480508924597,0.26823560223901166,0.2509426940928331,0.19818998289031445,0.4237029333838999,0.4282391024534046,0.18382810594195884,0.2654399006426088,0.31597217804226985,0.36207118661675874,0.08903080173117157,0.1518180207081646,0.19914833268113355,0.24227007322952787,0.16985355695407248,0.38875719771494194,0.6227713552504611,0.293629955012461,0.1742254247224675,0.3395414256072553,0.15825661245444383,0.6593757525243648,0.37973033273525025,0.28277565819784556,0.1861438316832148,0.44184771390262273,0.32879394982549176,0.17185977214328477,0.07953517666564233,0.3122260581156037,0.2674220769778513,0.2774962013568817,0.17324902182693652,0.30140647351807426,0.41521148499130706,0.1754305869040807,0.534880726221559,0.5235736642228898,0.3945056218284839,0.32260119744539467,0.0636412709417398
0.10857344780241579,0.029584351459851027,0.11634805505593288,0.22119804541784666,0.0516976401020998,0.0894462306349456,0.23419219795760246,0.16060470535639654,0.14132533087821864,0.3620873151640086,0.36581892208457484,0.09410826962556752,0.18195090886596463,0.25117136942213814,0.21410889949806766,0.08602210164139625,0.06641644259403054,0.13384066244857654,0.19480113713464492,0.18497512481103764,0.3015580790161461,0.45582449688991444,0.14619333979744906,0.17939870175468836,0.3092353073465353,0.07583655629468597,0.44794215052244646,0.2200185500920493,0.20411749309118843,0.18498225226263368,0.3643308830883462,0.23038292233711127,0.1732146669747864,0.05352680967112527,0.1874061175499056,0.09169148470371383,0.14810034114057552,0.24787324089270008,0.1669786550998908,0.2786089397473237,0.09963134008520907,0.24855216912804068,0.34297445756063893,0.18917910123517018,0.2445973865838004,0.16710736933675763
0.07609159361368867,0.020441816943319153,0.06585792517793172,0.08630900075907039,0.04736462702517536,0.08858413998134508,0.17319819311764784,0.12387231119276573,0.03073087048819689,0.28515442115468526,0.279564102377411,0.10074835055574051,0.15212476274776365,0.15953908203287528,0.14292323109016192,0.0519359300291051,0.04116734651845866,0.12958570939264613,0.15928334019081092,0.12443269592763367,0.19295451419665186,0.2089110889267237,0.04975696795097924,0.10938850925767092,0.19915034844013418,0.07129028939374993,0.2791185233226902,0.12291894556162222,0.11684702346447236,0.142040706970498,0.2624412990186481,0.24771445252187824,0.12810307595838982,0.029777727665161173,0.043927918733876054,0.081275543767176,0.12896635343293833,0.1403640469366335,0.12208678973279509,0.23300173293244325,0.0503590497096449,0.1994486859456595,0.31394298280064137,0.18589742251373226,0.1703841303052148,0.11970599158873238
0.06290065081356117,0.020463614174192832,0.047155990640158005,0.042638767196072735,0.0525077140747691,0.07743468176925516,0.16978803806070153,0.10029329143818493,0.15105571458371478,0.26562821940084086,0.2029786081355042,0.031114446660043923,0.09357504847953582,0.15168790197740292,0.09383369804799754,0.04775820666942218,0.0386762330827653,0.06951804798235078,0.08163586591804439,0.16012427696100456,0.16417156208960182,0.15212961424124613,0.0815340704906148,0.05163474356667613,0.11728995150664079,0.020950331780792943,0.14896645136659362,0.08909001580542683,0.17079680403958225,0.15523604959409118,0.23063822944937348,0.15500638922138985,0.06049266273106535,0.021241179113700603,0.04492817775494873,0.08828151837938147,0.047895804677933085,0.15452854599175025,0.14634245875914575,0.16819618486119722,0.05610457008276214,0.1408532684871202,0.24165096747120232,0.1033822268653665,0.09362476257945242,0.14644006578609223
0.042260979855119944,0.022450438322376483,0.08582755096620627,0.04031844947306584,0.03597633444906909,0.046771750741805604,0.071865777816708,0.08469364058757486,0.022321558359260234,0.20210920904543536,0.21650547243609794,0.02417873087742856,0.08453541956257762,0.21484648278165064,0.11273265112234065,0.04350261845673722,0.04005614099052479,0.05865700313671332,0.029421865352701707,0.09471198813736778,0.1384589630325727,0.156685967198638,0.15746920876734852,0.06499074292339635,0.12235696439122667,0.05371048174236169,0.20038257933165898,0.1373269851866824,0.11523929791265143,0.15237373134258483,0.14146890281962063,0.0597359122127137,0.056998638290886694,0.02834091523682855,0.050200796695504354,0.09250730062955992,0.06254972831007315,0.10858137707029229,0.15248098339604327,0.11229368361626497,0.04146992104736835,0.18120548269996894,0.20688257254541706,0.17082997848027462,0.13100198738329358,0.18540629044305018
0.0,0.031782483761902916,0.0742834450218307,0.08208824395887063,0.07648449537644639,0.1036189304360361,0.1064956135655657,0.0904188847475181,0.02239029373895318,0.1796923404538243,0.1984401931747349,0.0528121096664024,0.08798796256508185,0.1699307323328864,0.10638938314352411,0.0732495083561373,0.05322469177922039,0.08725440596718836,0.06315979522199637,0.15998884884346962,0.15438460876235907,0.10825548308435398,0.13477436213300334,0.12506995538955962,0.11244147511382283,0.02375054249653823,0.05192138659874368,0.15328571749180328,0.1704853725919,0.1608290917170797,0.15142076246999178,0.19001869408420113,0.06280245543144998,0.024647491520199405,0.07126364379113023,0.10364690669052928,0.12272831348441203,0.011115698627546092,0.1123271832157997,0.13541169589927174,0.06136372541893481,0.16322265912001827,0.18647095754895088,0.19590323134299298,0.14282349202965886,0.2858825361058559
0.0770664828716105,0.04614449483047664,0.13241577443529168,0.13938122788123208,0.147885597659403,0.1880395221851981,0.21746694044836137,0.2701877355257918,0.14010032586504267,0.22766204481435257,0.3393917316053749,0.17047929971484796,0.17007917553825458,0.1916464556889917,0.1789248103059178,0.11531520062753482,0.08990209481613327,0.13480047323093394,0.1048562372566786,0.18550907911596154,0.373560807235506,0.3374609658227247,0.2638480588744457,0.15411934586074438,0.2823979310560697,0.11403500201503497,0.21588861728009145,0.27332625557765944,0.22771375274596595,0.1650147728038494,0.27354310894803585,0.3794474118826587,0.08750675812018434,0.0751644911265136,0.15082973870707478,0.18835760682260017,0.21089044485333486,0.15349743638542757,0.2588026099922864,0.25867513252680036,0.10790475413954856,0.30344144574215226,0.2456321425235735,0.30804755696410574,0.24640045158734572,0.2165026757990374
0.1836079889158518,0.1721027321687481,0.2879241365360906,0.5038711183443743,0.3801584202331135,0.39872726917809365,0.34702591727529486,0.33738827382353026,0.27430330754186355,0.2871702537968186,0.5261063286396849,0.39820492372333544,0.4114560065798938,0.24907701466826157,0.3370823114518452,0.34567688011039366,0.22551364065900784,0.39276285568317726,0.19313571590577155,0.24973305713714036,0.43345584556424205,0.6140716204874612,0.6104412436855962,0.47740790990294346,0.375418240382847,0.2243777994799109,0.1527842803810458,0.4798842736354842,0.3269212276014086,0.3640541989459568,0.4068213854411809,0.6152960601639949,0.2204841560454913,0.18696313280125335,0.28753185734297376,0.38960587059798846,0.49515875951673133,0.31080535773578316,0.26760945247451207,0.5035256334219298,0.1971025097941704,0.8504986057794564,0.35879334227956594,0.5664186267745672,0.48561723282352803,0.32721861587366596
0.13686624488751095,0.2234350597511034,0.4815628020897762,0.7373090067427028,0.46327444452541083,0.46910381416387514,0.34178851057793724,0.48855898288037974,0.5582997941054783,0.35026414039642273,0.5775286036060725,0.7234172090637384,0.4081281762984871,0.36241549705126486,0.35268946169403126,0.4782948982493191,0.23826089602540398,0.4713604695487932,0.1933246561269794,0.1534743400127444,0.35487643298432064,0.5431144893324559,0.6043326213679631,0.48756502576525806,0.38542967803995115,0.2855386915830446,0.171573167303549,0.6133336643402422,0.5327052271386362,0.46144075658406414,0.474269940319603,0.7137926622864034,0.3121860339769383,0.552696677864759,0.40600326172153095,0.6828930486342498,0.5576257767743938,0.3215444614276242,0.24980004996328858,0.5083859578846276,0.23087974836419026,0.7855110275192771,0.4550479102640628,0.6218780295139137,0.4446921683980559,0.2788048234825141
0.21970286267823477,0.1211758248724538,0.6108097910004266,1.0,0.47275266537859895,0.43316535578609794,0.3158991824880155,0.6368074285219334,0.4877015150707645,0.21993282534226474,0.6650093630873153,0.7993935019421508,0.4823701222151505,0.3599545330169496,0.3068791051166644,0.7207943574775966,0.2656543369047965,0.4742997881527804,0.2579170120127216,0.2183930779876761,0.3814957883132512,0.3543630191638637,0.5253032355294701,0.4914098784335247,0.3404426217056986,0.2964263105383188,0.0674330379426101,0.7672576258479306,0.627256460104618,0.5703417312695828,0.40572859999329036,0.5359756746976364,0.28517776762894353,0.7184914891342933,0.7009218851409148,0.7543502872378953,0.5990128388714038,0.2673505120680587,0.2760497352353325,0.6205240641978202,0.25701839677927507,0.5412383510547618,0.3677925139226416,0.4475817973740021,0.45022986658703,0.41396962567538975
0.3639659884538139,0.09396552287462116,0.5745239053063815,0.8504964870327176,0.5238948771700379,0.5606024532011106,0.4666475202707534,0.5157802367820457,0.5736202179113529,0.25355159680727934,0.6490253956092051,0.7141917676484384,0.4999462126140055,0.4478376677863488,0.4353506903007301,0.7352778834450714,0.30842997654743737,0.4317417323211321,0.2660306282364126,0.20252067989758746,0.3969701003886907,0.2997893307702214,0.40232088790120013,0.5649750908420468,0.33641171409956083,0.30392278210317847,0.09959729109021612,0.8751747306626931,0.6917980659626859,0.5837623614582412,0.3418928028545106,0.5127118591358305,0.260565208528519,0.6590058757461909,0.66869077031931,0.8038626649419066,0.5928308038321851,0.28362592357181304,0.39923718929056107,0.5556420642369446,0.34706810588347203,0.500593286891298,0.4058113926087687,0.3179844430083764,0.40524716624474844,0.6193891784826329
0.3198712390752358,0.1826647793367917,0.49916658276402903,0.41272620678445343,0.9999999999999999,0.5809984632684778,0.4503336200397854,0.5693668513644017,0.4955312340231109,0.33236495630326374,0.7173548537848433,0.7862333228257943,0.5503611476490837,0.469505132010523,0.4775187109004095,0.7055607634570773,0.3178791025899249,0.40378924347876466,0.22387284538547708,0.2435631387749553,0.35448980910084105,0.3465395198979934,0.44466818894010846,0.6793566523066183,0.4363426270015157,0.5906601055902908,0.12155073173007733,0.6659852332621353,0.7337203367109467,0.5500363479301627,0.41799874129011483,0.5579011828189306,0.3905028021538013,0.5347419088027776,0.7896846430496416,0.6388559790455687,0.5391589011576153,0.3688502295641711,0.4346152993572132,0.6281682237741524,0.4858692164667272,0.6023746517654952,0.4742375581767614,0.47232568756361576,0.5585673500574011,0.8144870735859718
0.3280639220868432,0.11599173968304789,0.47845415106480105,0.6028682444457487,0.5338970200552519,0.6231689121056007,0.5644185800273593,0.6322233681985814,0.6584906392969976,0.27303264255989607,0.696833361117516,0.6569871707977449,0.4650332574138277,0.684200922260418,0.5153815168282097,0.5819091018616511,0.33639895542658443,0.32972390973819343,0.2852912426079357,0.2982279532472272,0.3733366494351215,0.3540006505292577,0.46780333682352393,0.6146670891475865,0.46879091399393463,0.46913073338879313,0.23917395241086248,0.720516682097744,0.6962161156591388,0.5618462982646181,0.4310433134228802,0.6142675005443227,0.2834266953670792,0.5754145542053225,0.7294209384309874,0.4934297837340232,0.5989022515915128,0.358106048958191,0.41492844355870245,0.4865847482886722,0.4525888903806916,0.5816270499439865,0.39804820577616357,0.5007224516068245,0.5678282727993305,0.5392564859480581
0.3377852761588838,0.17340250495740167,0.6816454012881993,0.4766539209661223,0.430937164399163,0.6251597286043656,0.4165391301098562,0.6071263780658401,0.684438059140947,0.33658449392782747,0.7184853624483913,0.6473513184865626,0.5658387713965328,0.5012195897955068,0.4630724446501957,0.5709632645234745,0.40649720477902607,0.3251492767937866,0.28446505140088646,0.28878705310076414,0.3480572002930697,0.4255734440451259,0.4662148719789052,0.5257557106655468,0.32371681682760994,0.3534887574499928,0.16565971003020238,0.7366496620759776,0.6753202670028652,0.6411671377489977,0.4282070004771759,0.5486987303386074,0.34271335599851976,0.5980270651796297,0.8420630669983712,0.6061278388884667,0.6125754938265954,0.537003430200705,0.3821123270181953,0.5855934606674291,0.4010441486294847,0.6995132280197234,0.43265990727361825,0.42644524692314495,0.4844477807854131,0.5243995517035308
0.3829567280317052,0.2721714547049098,0.5805726964131305,0.6302867737405353,0.4969040313749423,0.6363998108500228,0.4648715197971591,0.7271407328578012,0.6821500019047404,0.3160065667685682,0.7013790446470601,0.6649616343842355,0.553365754651598,0.8443245144787447,0.4406444730523697,0.5755596544399251,0.4044860089181973,0.4431132632854786,0.2273910026384487,0.2512605965799647,0.3600889770983556,0.40731804292611007,0.6182929296462307,0.6053007259642414,0.36795060281159797,0.4350841058537954,0.1198822918308175,0.6745569726390591,0.7601676982969424,0.7196420770227969,0.5442919934374923,0.7451832507653577,0.39160675278803037,0.7338698460116132,0.6325814539402987,0.5849107604759911,0.5798183090625946,0.41586092077769904,0.3405019403982282,0.5727792436979039,0.500492665691703,0.6142553409116167,0.4363351792517671,0.4661146148428979,0.4752823587547646,0.37302522414873196
0.26649814166460384,0.5117526951339263,0.39771573038862373,0.61849836123287,0.6212951660014303,0.6417610075863042,0.8139718711971307,0.6830900166218016,0.7855190718440451,0.27615960130601697,0.7073951225334691,0.7038440665198441,0.5477035680788358,0.7079565297217649,0.4650953084837227,0.5934581423692509,0.4905060015764118,0.37650551185274617,0.3790891350692928,0.25443385031955595,0.39461382030550435,0.45269173682223407,0.7000427002655305,0.6807878608295432,0.34616226795619365,0.5754184381525066,0.20763331609548158,0.9172837634327111,0.7293532458196487,0.6771675366895259,0.5299142859339169,0.7648583698818376,0.4255152972527212,0.7356878634258224,0.6578478488961002,0.6719742826568355,0.6133696326090564,0.3768928827550926,0.39646368808050864,0.6554844988154026,0.3778462811530593,0.7626353700021085,0.39929098688564235,0.5106354274365228,0.47159966942312426,0.565960088494934
0.39870332126519775,0.5686882426573445,0.40682400774955185,0.6446708772510927,0.5268923812912387,0.8209952694308122,0.7388035238133416,0.7593041123189642,0.7053660265386045,0.35898487353877817,0.8208128838896356,0.5998754499957656,0.5376602628169171,0.45132301138185416,0.6044300346389048,0.6378438255958733,0.48899591447263224,0.39196910891203784,0.4629862123560509,0.27574455711982976,0.5086047209536053,0.3930365613621192,0.7619623826457576,0.7337804439863395,0.35125835628356844,0.636088574993941,0.3125250353877767,0.8212472268415523,0.6965542181021515,0.6035067975995103,0.5311720406684806,0.7311621765313309,0.4263289726920004,0.5304666289362168,0.4964792612589143,0.576246889962423,0.6882210991316908,0.4837004215826474,0.4867733014291276,0.7753186262961772,0.5244430028456274,0.8022327845280885,0.4618687543986143,0.6818975578264042,0.5677531327063803,0.7696596367017426
0.4931820204161289,0.7494486812145497,0.4331631098511094,0.5744797400631036,0.2959297994999761,0.639456738938809,0.661560229040242,0.6854615337716744,0.7477536832965115,0.4221277154033883,0.7414063789379509,0.5998216691170263,0.6476809008314465,0.4241120577513682,0.7607539409204254,0.4832591100729855,0.6668961828112168,0.36628951638807505,0.541880006403627,0.343234404161848,0.500002122415758,0.4971041295001872,0.8914346498413235,0.782856859487881,0.48741940382141424,0.7227211506690908,0.3043027045712675,0.5772291577775372,0.7300222717628352,0.6101432308777355,0.5865136238751096,0.7576935435225127,0.642508309379454,0.44121767126405154,0.48333909816065557,0.35514723573580165,0.9161537325485192,0.5797701450686852,0.7633572087297938,0.8175160273291958,0.6317217523552019,0.8162628537334469,0.7085234587620712,0.6560370567793936,0.8051457749078932,0.5143626029469434
0.5543901759405695,0.25280738472588576,0.40415896879256075,0.37664294715637747,0.18960503866552994,0.6516411790850981,0.5821231697976137,0.6854579191474712,0.7180020588580311,0.6152195525658084,0.7025767322893695,0.45416994178552683,0.8462323798485017,0.4672599166063879,0.6680288276037041,0.290502197033346,0.6557661088306308,0.4992086341533658,0.6267424560198114,0.5943406932321016,0.5792407689692265,0.489370993951402,0.6361694921227755,0.5751362396885634,0.6427844285919708,0.7742299537423026,0.31882970532041377,0.4270781236593003,0.6003849170964608,0.5937868061344747,0.6787872434590932,0.8486654540436231,0.5219334012287866,0.2983997507212541,0.5723817670057763,0.4221779867027673,0.5551511427919343,0.4954383591867128,0.8325891537038045,0.842239472658538,0.6175733118584831,0.5617024920242301,0.7447949635727081,0.6833701739038107,0.7644133732724647,0.579039207217672
0.5516362883923857,0.29672342169420374,0.4301866768555953,0.2514467274733022,0.23930371182024873,0.7711157075423287,0.6685813185370186,0.6975277916719328,0.7612768936997388,0.8150994792163502,0.780680877897976,0.38683708541136436,0.9560901910167725,0.5419348245331814,0.7087355931630805,0.3799979786544398,0.6895501720417447,0.5327404723683183,0.740584213707654,0.8398921223020821,0.814635884767591,0.5650274266001215,0.4535591519050952,0.540792582579307,0.7623260215501022,0.9138496236434989,0.33622111205734034,0.4060197597313169,0.7191314670594549,0.7614739590170366,0.8101270909980653,0.9769133235657022,0.31049743383136674,0.33530664464560384,0.5737777240915148,0.34187024515796577,0.6136247596840182,0.41540081555504116,0.770935268444246,0.9751919950973769,0.4695297640924079,0.7056103204129718,0.756834515081574,0.7245111772633595,0.7399009787203606,0.5935198908197747
0.614086006543358,0.22966398076858302,0.41503293677771647,0.4089504454696677,0.1749558683538065,0.6795581317212536,0.7062810028308798,0.7345595119594532,0.6904131074727028,0.9266487093315091,0.6043152241892521,0.45042742865845214,0.8880890895284933,0.4250712266375378,0.5963030755186253,0.27739466517424494,0.6896246895278392,0.6455154661950642,0.5884645205737604,0.7339693852069666,0.8050236375141322,0.7118947357295008,0.5023822677125866,0.5987117006401547,0.810663770167535,0.5812514999746705,0.34775437087444644,0.48640903048993195,0.6619434114598733,0.7314422658644092,0.7477249679833022,0.9043991985163521,0.44340733128482923,0.33400072515116985,0.5272672751783217,0.44713900294144315,0.5828372905343008,0.6182140828428222,0.728895400136578,0.8681466424472652,0.3918973662634442,0.6878636761328677,0.7315348949498648,0.7628282142681553,0.6218526054260543,0.434011226114854
0.28537853227944066,0.10821227385240768,0.4018935845086886,0.2520573771628128,0.06857696839934849,0.41945967722924943,0.515577859961054,0.6029867461567322,0.49298625161928494,0.77638699203702,0.5947734866731014,0.5238159862978082,0.6233994146326507,0.37319240168722057,0.4667874356003164,0.19167561150459644,0.4578727401355658,0.6476371250544497,0.5336462674510205,0.5784039266929157,0.9170640542277626,0.8815707345497867,0.46227478720968224,0.41176436866496763,0.6935998822003107,0.41532060450233294,0.35033747098593215,0.6067736572646842,0.6156051519319296,0.6080003688299909,0.8188311444323975,0.799131598107781,0.28715319503873143,0.19047298514918654,0.5011264990369231,0.3232232216582914,0.34707398103277654,0.4234570932457176,0.5625102153811927,0.7724208433817492,0.28242411685665936,0.577091424592057,0.6775849970161453,0.927360764571451,0.7132624706258403,0.18450460411979197
0.20113165419229953,0.06606975493978957,0.4436408787465108,0.3017216108962129,0.08479121347078153,0.2905060502866196,0.5752897383706307,0.3950899230998156,0.40601911326991835,0.7629709889683696,0.6003677751393701,0.3879717164842021,0.4890338840567584,0.4749263377079207,0.3650379909218534,0.15690098218495713,0.2774930216068455,0.29713106421229096,0.2930412498184605,0.43093884715038183,0.7499768733175296,0.7728064109352292,0.38133626931323594,0.36832107908932216,0.5455774139103394,0.4144446903151034,0.42861400291905327,0.3915030471864789,0.4746079387055966,0.44586440216333934,0.8197855482163982,0.580798001377586,0.2644743808702982,0.11893068643519408,0.5295491727550495,0.4415962330783432,0.33828904061611637,0.6191750628017161,0.4535713846901989,0.7071942901401707,0.3081569427835529,0.5735856457626746,0.5886859329954112,0.6067824506637662,0.6144303574756532,0.24726328006243295
0.15160462112073306,0.10759649787021745,0.215899538931402,0.24066930092555355,0.053100422434272744,0.23219972188958107,0.47957458702660516,0.4010714222111929,0.36740940963885205,0.5820470733396265,0.4597149464436694,0.24520125211131164,0.3223100979920064,0.36446903171962075,0.3453375725098785,0.12866346141638335,0.23787072054626243,0.20566351699016924,0.2685232254460193,0.27430596842029636,0.5925406703717682,0.6652424592881692,0.27643966524735686,0.2714305678467517,0.39134090730117993,0.27287523165620065,0.40363550438795603,0.480461492144376,0.4383040373143911,0.3418683817102401,0.5892790989312119,0.4646458342856741,0.16599023214591846,0.12547665790309023,0.37596958003500014,0.2562541408626542,0.2861918429427519,0.3861560939802495,0.3538526219467033,0.6033505988636211,0.2527887035413756,0.47367616894594194,0.4933863943049147,0.4693788030147911,0.49222892903233567,0.10025489092068526
0.1626702116287493,0.10806746162340784,0.1742738983135293,0.20606925124416514,0.0892294392055164,0.21744560832179136,0.5281101839577418,0.2582701777615743,0.24124579375526328,0.3813518196392884,0.26760689167896495,0.10609073046545939,0.21246326266064872,0.3795158106543677,0.30747265873358676,0.0838041816860081,0.1583734598547876,0.30978401283342494,0.14587795292925304,0.2061408183396973,0.4794999987226803,0.585622097731933,0.2814755462501707,0.1694184861828658,0.29281234078229906,0.18913613449316077,0.3328399368848695,0.1978790065558663,0.28758182395553517,0.263031216800554,0.4528081876145653,0.274536595260595,0.1470417144765663,0.06706480336599038,0.372869737618617,0.23895302338291802,0.17088146320952657,0.3251751210098071,0.23181568019317506,0.5466731533209318,0.17567058564970114,0.36886788982300345,0.507322747271553,0.4105224899681464,0.3387699981449895,0.15753152396691264
0.07061649869822223,0.07282088240355233,0.05189299719859225,0.15984678274004796,0.06378136914443525,0.09656987624854277,0.2073909338068088,0.24402296743064003,0.10394469259002374,0.36242010211148096,0.18742522633896813,0.057750174214088276,0.16750447603939742,0.17366256287330245,0.13822188484647566,0.08381191225001716,0.0855036119375176,0.2396316836314066,0.20306823692500175,0.13963163093009126,0.351415669903115,0.2560182460318225,0.1343384977182212,0.07557182483447746,0.23370501963121224,0.12642260998042815,0.29269632604327456,0.13585283605013188,0.2398979421061394,0.15443381234915354,0.35067976062364836,0.18486280121847531,0.16917615712737846,0.04160885364695218,0.28597956355594756,0.19028205297586828,0.13911237742093063,0.19564516732366222,0.1486585620259478,0.18492226592850464,0.09056086715536701,0.2360178407346188,0.32456119216534873,0.38996462672922744,0.18277640618613114,0.15731345381076886
0.028155259135970327,0.0237192655165959,0.06289251873293202,0.05462002672265552,0.021491104526927797,0.10895277819208957,0.14967374256573868,0.1713486315722684,0.0,0.1797295229266984,0.12748221379313948,0.04770683548421316,0.10362406846961222,0.1661562944882523,0.19462598997857536,0.03139818828319941,0.04891574070539882,0.16350291198459493,0.09991990714126313,0.1067200578689119,0.22301059054928196,0.17256371245399732,0.054583489104320246,0.13972535174405704,0.21268400848275817,0.07435981277120673,0.20491626421323378,0.08315846877103819,0.1464421569974786,0.11998214857178241,0.22233933154605962,0.08025887545004981,0.14976824339266626,0.05113268480849898,0.08498225652274703,0.08239721848135492,0.09239392000403866,0.2960679933204311,0.06836882870133201,0.15382800783316553,0.053944152569029694,0.15031583647508573,0.20393001514470716,0.17063435288099912,0.09401146121674886,0.11391965062516932
0.031655622134106116,0.04078551845409224,0.03929350694723771,0.0859845029301188,0.0839504584377393,0.08608110975962459,0.08152390571066079,0.09075665799903883,0.050602475138350644,0.16173726654378462,0.088018234244285,0.026794653331471473,0.11119980327186407,0.13277194096817244,0.13274656130282816,0.04524191131341002,0.036630644221029435,0.17010318809127167,0.06253335208123369,0.10850589751282455,0.12679891169142524,0.06888075907630373,0.05540091439790633,0.1024377949985288,0.1696395807970732,0.051802178660021694,0.227684438226066,0.11176403516010028,0.1373917787565222,0.06537601400541569,0.1864474091745535,0.11541821731098262,0.05937476477060645,0.024595646000448404,0.08535936742622884,0.06561317039589218,0.03319691179457143,0.07126005925375242,0.08413107519417022,0.12521265034744433,0.06357831661312825,0.1583591384456393,0.15445922565078274,0.10032966520689435,0.10243518023818678,0.06337205092993659
0.016887752848417877,0.0012813291896180967,0.05426516506867059,0.11601945123980775,0.02703834773596501,0.03362594290345222,0.10285144017930428,0.10823557859820537,0.017858555146879913,0.07782053936014327,0.07974386174218735,0.02636722168759809,0.09371383081974335,0.15810156473010772,0.16220329999254018,0.05814723883754147,0.02318261192208156,0.18185019917711776,0.025218444791992867,0.13055047313431342,0.1263454562701097,0.07856010873452923,0.04550588386592955,0.03128398576840494,0.13288765710635278,0.06418626146410243,0.17812611258424646,0.12222424444934202,0.14924724492705027,0.05948517795061263,0.16770049797065595,0.07892561436606974,0.02804090916667724,0.052962700006444964,0.1114535619810265,0.0743083835566565,0.07046112160985353,0.05008475005377533,0.08314630473421594,0.0990408478543984,0.059114373979024734,0.18163442681889097,0.16698740502855014,0.11417571460276246,0.10446131563347229,0.06852380406066269
0.03056490314596992,0.03944412817369,0.06692634262978908,0.06999908531182839,0.03951313295997814,0.029799768061402974,0.035721953882153656,0.1268572260857873,0.045432176455142595,0.1649225588449457,0.12192789151388338,0.03782078565753082,0.12974084854891188,0.08766420385672219,0.09804003267227329,0.025450033165380206,0.032726315951448884,0.1794387012110496,0.0735083299961638,0.10591220669657703,0.27062282949459754,0.05359022063368233,0.06415517604041357,0.10206278142317331,0.12899151666768907,0.10769362426328802,0.08322098857539992,0.09744029874617013,0.16763124471405277,0.10014531124570476,0.24098690906185102,0.07085683943075141,0.035866886009363746,0.024778856342120265,0.06608395741342779,0.0759783323253719,0.09377461566644689,0.10670039781775993,0.18344864874642508,0.12869228516950992,0.0522174006181943,0.13048639985298777,0.19618276742184587,0.07852777428921667,0.12665488419858978,0.18958014169929308
0.02938856754231163,0.043700927365809716,0.11936278841864226,0.15049903595886496,0.09262556715055048,0.1395865700195241,0.16326170697346096,0.11076589699681809,0.08679777247221553,0.20766270545931473,0.18398379351787172,0.08294984859180926,0.12447096107222991,0.18572630396191017,0.1245282582813978,0.11320428030993852,0.07047761172527481,0.29830338947629487,0.12099693436710206,0.1142152827972231,0.2689202172686075,0.1072835895244375,0.11878635545506878,0.14658614834318417,0.22464863731875295,0.06428917939016501,0.15836556502549662,0.20618913361582208,0.18817726045648325,0.12969163237337247,0.2606202298489063,0.1784051970469314,0.049087810844428245,0.055730400310272106,0.0981226096797586,0.13648932824427654,0.11866874582997512,0.07237406715179927,0.4128239256333549,0.18900626698380224,0.08206557150611843,0.2718246402750247,0.17943414716049028,0.16862512495026982,0.22078042404054704,0.13039352934628565
0.0607276402911475,0.0703025966168193,0.2889695128219333,0.2454760493749107,0.2446398528936493,0.33423267644806576,0.19231101192269442,0.24842726511103044,0.09476139716156529,0.26418340565000054,0.365141794279025,0.26308783935415847,0.30474913487982935,0.2296410533143257,0.19659430548281087,0.09121652355780127,0.15179368517487513,0.3041849063432419,0.11047401323174712,0.15149688774556327,0.28860297702558874,0.31755591022641244,0.33747912878962194,0.23546820257038942,0.32085086553892134,0.11896461566246477,0.25701460856057395,0.35680438958356714,0.28002975154116583,0.2502184099803078,0.38949562284534517,0.3435915350454537,0.059305614022497566,0.10904086475445221,0.2334886830222644,0.2981503274770602,0.18489420616040325,0.22224130040772022,0.24685493372328637,0.40607378006839445,0.18611724498351911,0.4103376169334616,0.3121655633703797,0.32085018543766214,0.42090823508385056,0.12175319989169309
0.1069934650333633,0.1280213728743173,0.5666115560777478,0.35463171105182967,0.30110484406462373,0.5468237601752496,0.3142574123435896,0.38236839254532984,0.22121387108969368,0.3022144290375857,0.38331877860317476,0.43690734078719334,0.2933325633949253,0.3331169823567508,0.28206549850664714,0.24192219390389813,0.21555827646945586,0.5069530578749095,0.16654484276996473,0.2014260798554513,0.3972636425243475,0.37307513341715615,0.5060450289414452,0.26503215410976466,0.34478748552029137,0.3133856780426261,0.09225956337873664,0.3267141179990646,0.34509399010734,0.35220801257051987,0.43850786631867283,0.5279539480107892,0.2111949937816958,0.15829608015512567,0.37255040638402076,0.42448185009806155,0.33861365306693164,0.27022572185702187,0.2553553375758081,0.6073844603422318,0.20449638383500587,0.6366959721051736,0.2845665429999581,0.4060710829752448,0.4448254008218706,0.08162227405884767
0.19338204327254305,0.162947994571162,0.8294828100605898,0.34569732524641567,0.4855603976034105,0.5520311530724205,0.32730467222726567,0.4290879416099064,0.1980472077294792,0.3944177561815391,0.441475727017379,0.6823185455467898,0.3225580030081875,0.3612790729095411,0.2969853714232925,0.25638627154795673,0.3244838994919306,0.5993436253979103,0.2128947047282591,0.24034479365978176,0.3976412233381701,0.3899445928826548,0.47699798551568906,0.3376381712148483,0.3539586938194521,0.4010844411535405,0.18048777211659828,0.34413537911347036,0.39994172813188683,0.36940512126673974,0.5544904734453079,0.6306776070385416,0.2849345234510987,0.2947146075955741,0.533143791256651,0.6244320237446763,0.33282245333950533,0.29092227355954436,0.404724616542981,0.6867947109094265,0.19336962980142466,0.6873954063368874,0.33458236995745,0.3074045726697565,0.449182165104011,0.0933920194850735
0.25377174023352966,0.2002488087725367,0.9239684345343628,0.3531908017552225,0.3859106355232307,0.67036537450231,0.41205463932204134,0.437133405115539,0.3749282142209096,0.3268407640496794,0.6535456762797567,0.6830632095179889,0.3990421190748218,0.44098194297122195,0.39706114684076244,0.3359059254418885,0.42634496002483,0.5159239796888508,0.25107892873478627,0.2378461719552147,0.5052353353444645,0.41289293304068386,0.458748986002626,0.48109679314811116,0.36996798140933096,0.7738219084126992,0.1895567959575178,0.48294323525504684,0.6099137568187469,0.46970054679661694,0.6065700981182794,0.9749951223678368,0.32078352804717924,0.3042567107758193,0.6273803328996838,0.7153673084891544,0.40095076475874725,0.31382491796179796,0.4047269767675829,0.7985793033928155,0.32510175251371676,0.6654620849476196,0.39033590191522505,0.41601899662702774,0.47275817970268846,0.193551712899886
0.328941858447953,0.23663810074225367,0.6892204379656409,0.3905864026750255,0.8698513142963166,0.7737465555176464,0.40972661550756384,0.5203737817011655,0.300985205788391,0.46209154847820677,0.657943387017949,0.8140102659113321,0.45196054382962414,0.5511434987090488,0.4015554298170871,0.36240645325725407,0.5113815720934003,0.5315844366347153,0.3189625572819233,0.23153966631820874,0.5833576909027371,0.30704368697807366,0.4378723962091657,0.48720339646476973,0.5197921147452588,0.7699337439786176,0.1740131478127784,0.49524864788441475,0.743946060942651,0.5392631781847583,0.670110362591363,0.7658965855975776,0.284024933539836,0.24599579909059116,0.8050583402229733,0.4531458926130793,0.34446984855827434,0.48882478995139916,0.5068031666624715,0.6572517064073973,0.3134356173882541,0.566042851247643,0.49509740796802626,0.3981231297392147,0.5638735929146097,0.2338137605873846
0.39742924330853585,0.1177500254110526,0.6975139671470969,0.39105178673518187,0.3831137170452751,0.8198093916654557,0.5343224531976549,0.5729153082324204,0.3444589539155856,0.4381213120300898,0.7778910623810077,0.5603812630337122,0.5418608060456773,0.618618379034605,0.3996151089800909,0.3112316972989876,0.5734986051622479,0.4978086859054687,0.34977838310652704,0.22531515360626536,0.560659799270923,0.3356184900689636,0.5430179338375215,0.44082100391716733,0.42870132487199075,0.5926648153930715,0.2046888349551711,0.5423905156830703,0.7131751954876261,0.5542632839971512,0.5183535388197175,0.6179066522642801,0.3235041279216937,0.35932181862260437,0.6257979376121562,0.3789704929269971,0.37047180964190923,0.2520121686986516,0.5531323023638055,0.6576268236149515,0.5174924775200387,0.7055335562836503,0.6513828213824476,0.44173581197025963,0.5680817482077494,0.09446114254786436
0.4007448702290543,0.13125203539777924,0.6489790072304497,0.459958283590901,0.41640995846853157,0.6768740217742949,0.5103820024122181,0.6220988287920706,0.25535704480013044,0.4020754412160857,0.7910125287856176,0.5277212660064249,0.6690450227355613,0.497666488046537,0.35246645365414425,0.387629722272274,0.5226522744922817,0.4255520915795935,0.3196433904618571,0.2196756063863278,0.49511764531940067,0.30839070058873164,0.5282656593018878,0.3612602235540394,0.41808874399358625,0.8015734774100409,0.1547110707245433,0.5444287616253595,0.6004906354149816,0.653821647114507,0.6485107219190072,0.5770822086245341,0.34002210075892403,0.30642168436337686,0.6897289398424848,0.4131053187773875,0.3803701689145184,0.3681231943723584,0.48857243030519265,0.5549118768310556,0.4043163980212531,0.7588813154484554,0.49835424541999473,0.3736292735965971,0.49747882951972205,0.047903651100725184
0.41648161762012126,0.2646960700247636,0.6144281853380668,0.32538759516590693,0.36653383856799737,0.8617200202993569,0.44505470400982994,0.6337714946455166,0.28220271963673,0.43843367773388897,0.7195823161101342,0.5358822629365252,0.4988596060106626,0.6071992202831474,0.41623795662231805,0.37727595074415976,0.723242758750804,0.6432837013020616,0.3622253652170624,0.25851244240657084,0.5124287691256497,0.2242204673105471,0.5731623047090078,0.51024446702816,0.37969950947489606,1.0,0.11997744792066184,0.4889702590385992,0.6690868451130423,0.707896810579692,0.6411536150930139,0.7729521735556731,0.4122261931589208,0.3883135562629369,0.8293088913984767,0.41226538275195396,0.4813021662585712,0.4525464367734961,0.536777539329134,0.6855253996317096,0.3963145892341965,0.5683969777687987,0.4237511127280401,0.38025033655026796,0.5006811464480381,0.09285861850232646
0.41671881887055207,0.20847816955141363,0.655431357030408,0.4602407553580388,0.42874768311304756,0.8239669238390275,0.4748554000762619,0.6199726764714157,0.30318136182152866,0.4326253424339841,0.7202461844971652,0.5009518414331121,0.46415217844492984,0.4998656399752013,0.4620483434698311,0.33750599207444354,0.6352377538601831,0.5753245715969385,0.4632828289793137,0.23690717189997,0.4626391567654294,0.35930723370736584,0.6045040065616113,0.49277293565324776,0.3490828050793802,0.8296971176449885,0.22138421395955798,0.5091316967883202,0.7638265084026414,0.7739951240336878,0.6900891730857107,0.6482642128234818,0.4033585476547918,0.5095505514226084,0.7303808816324766,0.5654351054378074,0.49614514391808534,0.422536566979213,0.512403932170354,0.8508243769870368,0.3880750308036496,0.5634380829964404,0.4776744050855085,0.4401352981934878,0.3875915248842734,0.06539965990265668
0.47429000830685886,0.2135551874082926,0.6338544513458988,0.41403916606035346,0.37853169182947194,0.7585934204088489,0.5176693704851815,0.62882466660277,0.5318213686062179,0.4206428307279304,0.7415183144232962,0.5037347163575064,0.5922187086901454,0.5484323992836575,0.47376088556717033,0.3177499421736334,0.6142551637397805,0.5275891748772307,0.366798853144179,0.27726621693852155,0.44352284577200807,0.27020720406074494,0.6732315133263828,0.521657279357242,0.40976784443916764,0.7549030992748043,0.28652276579914737,0.4219489738852117,0.654020150405998,0.6659420643208152,0.6071952734750475,0.6956833787587551,0.5194881807875146,0.536133167469232,0.6255930490510935,0.4020164075451401,0.5049368447542154,0.4037283347638605,0.5678623453185859,0.8435815634459909,0.4598115762736894,0.8903030873613877,0.5181543900653959,0.6358094642255565,0.5093165013201776,0.12692288538030155
0.5830430646314134,0.13789379391894452,0.440787378014061,0.3812024521514773,0.19317049594284905,0.8626167020392894,0.4591922356162611,0.6002519075246473,0.5632017080767848,0.49592919989028533,0.641138974277561,0.35035421907657627,0.6571086380640924,0.5828156230235274,0.6602466433395497,0.2065929013132694,0.5470982505959215,0.5577881490951839,0.46557070393848926,0.32163577823494255,0.4650189724452733,0.26584800984305884,0.771327605896705,0.5702868864970365,0.461138001795942,0.5756115830933802,0.14402515136416438,0.4458819954449595,0.6463536423443744,0.8428496440876416,0.6039544045960118,0.6232470460667466,0.45757224075920305,0.2771513220606851,0.3982477668169505,0.28107278878066855,0.6332452620184839,0.4451447266812718,0.6730320252563697,0.7030400431007526,0.723523614924052,0.7659791435433203,0.6971873836268,0.5647619629710849,0.599417610008867,0.17811936725772634
0.7657183844658054,0.1877041367342414,0.34203249465571206,0.29776893747228106,0.11346755713954962,0.7017319315037943,0.45652638606948803,0.6190359503275283,0.6216029505562857,0.7137381253060322,0.7459450819771891,0.3204691941285825,0.7544306769339434,0.5243695314221531,0.6699253523437373,0.18543774679624464,0.47577507508325595,0.5909603543171483,0.577973217268223,0.5599231752192463,0.7125185187988783,0.40600331772933135,0.5844231623064717,0.5427502120050726,0.7042194368768203,0.5666329500759365,0.14948883922538833,0.3724577497999078,0.6709398357261749,0.7045819618590123,0.578799665237614,0.5943269973022325,0.40310784729357335,0.19120247683416264,0.37691344669037347,0.20465113580521263,0.40181494973841997,0.4192809360514934,0.8264049761417646,0.888794647164675,0.8385533208215178,0.6138858065327327,0.8215142896376296,0.7078835202717983,0.7071457776741333,0.15366616598826618
0.7536785521077249,0.2451061928272154,0.3627357323249142,0.3078585954224782,0.09966385380713919,0.7864090029541407,0.6288680457375939,0.7602727333160394,0.8630098417166224,0.7725685370406293,0.8336199258395836,0.4077193399060955,1.0,0.7388587399851483,0.6756021555947298,0.17738546474582806,0.5996660763754769,0.7448460966340731,0.43649881195757406,0.7082686222648288,0.7157820938156838,0.5279443099302539,0.5418859138026386,0.5458003720711666,0.9309311142461096,0.6816130315076542,0.16521170719114758,0.4110406620332063,0.7513670769828867,0.8120115627121525,0.5951598791884493,0.7854156445640464,0.4501517724294512,0.23616764516695543,0.6050711871648895,0.2076197392000064,0.4910327035158288,0.3529347678202907,0.8384305945275318,0.8487392175208198,0.6654060682913612,0.729851194682977,0.869827013555553,0.6885402322147054,0.6880410762628295,0.2037077720286771
0.48475376869762943,0.3458856442706029,0.2587741846938335,0.47125671752699855,0.1491841275884358,0.5969272650833356,0.5573003841185794,0.6804552193886079,0.4181166816535697,0.8869325167446953,0.9749897392817979,0.383645953098583,0.9665973618818802,0.772207378964373,0.5233800801774321,0.24253930652812455,0.6104728742355664,0.8707412383435934,0.373381914359763,0.8988945831426012,0.6562934044148516,0.5940391123430345,0.45627628729237235,0.5071936567185958,0.8462254572463157,0.5127605320244787,0.20591937359030604,0.4546974154649138,0.6921130362719484,0.745426566569828,0.6553146834683475,0.8258613040728988,0.32992399845597503,0.2596241961504099,0.4913071454539861,0.28861734012864215,0.5653654240814062,0.7008157084400605,0.7241811171660899,0.8504838889939264,0.4872859435388871,0.7000062791592888,0.6970279846174973,0.6231141031516758,0.6250802035644011,0.2524865302009216
0.3022487182443679,0.16117221695846456,0.2606582707267089,0.3861072744105348,0.10198680115796352,0.5420199926164113,0.7741933960271207,0.5709065456236896,0.2837499048743687,0.8544997402500947,0.736682889563667,0.20823386947757247,0.5867705794272842,0.5367864499345237,0.2857496983291766,0.16323546495350716,0.45924993252964863,0.6059050020999727,0.22835140777419466,0.6949834082998255,0.7696406734349879,0.6386024634228441,0.30773959114900845,0.445556565101334,0.7866892259668431,0.36376385105208936,0.3005303423003382,0.4134420244701752,0.4345490042867716,0.482506812216785,0.7973775857373073,0.6028054219975542,0.30084310908748396,0.18293180354448915,0.329906621096818,0.36854037466331946,0.39856081053920706,0.40893472289700394,0.4651690821314567,0.7485639907295848,0.3450615113413864,0.6176259044664127,0.5674393908364965,0.6483523873051076,0.5472374266131759,0.2323066906002664
0.14471138754779697,0.13829095760388188,0.20270447169288658,0.38604096062553866,0.08829190667504819,0.34943886373214283,0.625504780883236,0.4445249566827734,0.26153392907913675,0.9705477069684606,0.5530222889299199,0.18997302540540292,0.3720115085022405,0.38730091936880906,0.26792717160184915,0.09943368475320807,0.2694415758338228,0.569619079977893,0.2177294773695826,0.4955880699518774,0.5978136727397401,0.5133896840912372,0.289388146223316,0.28809104018905296,0.6468302226318984,0.34030670823148107,0.21036792825340045,0.3337720577797259,0.376094916897091,0.2996559464684414,0.6989935401513552,0.47317701799307266,0.3304495045072333,0.12639015261386505,0.3523470773958027,0.30604721297378173,0.526800354614634,0.645206769870242,0.44971143430588345,0.682212153275163,0.2257596424303774,0.6012912614185828,0.5574317688682585,0.5558836486757277,0.5314642498548844,0.16342525097006536
0.15418674119079429,0.018330384904821667,0.26657642393818437,0.23770580122957036,0.04877524882486577,0.25827479607141646,0.4777023457806824,0.3580905017436918,0.2396887078878655,0.7935223035614515,0.37520443677231147,0.12181340275496784,0.40008009566513547,0.40927077229995534,0.2897853799089421,0.16417008260728955,0.14830915073822123,0.4061755976971484,0.2263963858116559,0.35404816013905216,0.49535382791090893,0.6221008222031373,0.17114563895085352,0.1937303992425713,0.4525975390146313,0.17376021333273597,0.2774563233431865,0.2930441483790443,0.39851922071668683,0.3510502610281447,0.5798239334177969,0.2932435616867871,0.1858893373561357,0.08168593702781302,0.27988174914355135,0.28925268926490433,0.3122744218973872,0.32097708307586587,0.43422814680711014,0.6335748180009403,0.20432232643831302,0.44644275599211175,0.460951527415752,0.5867631973182781,0.4593938775958397,0.07654728836971016
0.12534551026450882,0.034289807282720866,0.11321663501860527,0.18692552111952637,0.06801700319185433,0.17861579331202068,0.3569381272936132,0.3042947906617126,0.15255676413879654,0.49206373025844136,0.3898163162521393,0.059681434584985246,0.3601566299839224,0.25418386030699314,0.2938385202076403,0.08604186557290802,0.11953818244601286,0.26611238258407055,0.2443589952638781,0.2844675688362394,0.3134110044184882,0.5680509757327531,0.11257465933570539,0.1693216007871764,0.33679832459582104,0.14725028900861328,0.2053877858264277,0.29749832832441453,0.19938065334838562,0.2965305211270844,0.3661066824576607,0.21895350391980595,0.12977671366857965,0.04840032497664038,0.24588025297071353,0.2550340658948701,0.16883024078427872,0.19608476945450448,0.28494588965328455,0.4219449332615495,0.1762063249700711,0.4713893550432438,0.5272350392156269,0.4122835639676148,0.4116122912579617,0.08877523052675965
0.1905185771717881,0.02959988424580004,0.0853673969807122,0.2985771471532436,0.07042104671222052,0.2544960986793811,0.23631550499362178,0.2958211090297384,0.22417280105466772,0.36421075695643795,0.38961800279046693,0.07583570261693548,0.3357418437661843,0.2605098056653753,0.2360687824272723,0.10944456729070336,0.08656090496287769,0.3331399236879551,0.19848052465498095,0.16284492276056173,0.2858247738926377,0.3969461548108267,0.10068730427385224,0.14128960581459032,0.24260945277720417,0.053987830915589716,0.44418653277940556,0.18558975418489354,0.3247081731253973,0.26296556721110664,0.3433479705682895,0.24765303343394196,0.13512814340796037,0.03547745067984185,0.3002614162234869,0.20993437431953604,0.2019473804586388,0.22310284347862896,0.21142209101522347,0.31520914301177344,0.08361900724446891,0.3469308134395967,0.40618573906844035,0.41530140461177056,0.30158196475890087,0.06687054468193467
0.0623137978695339,0.03128119708777116,0.08212469897116244,0.24869507176884692,0.07352776681805395,0.1218241392555694,0.15957242848881462,0.16795199301300504,0.19560418482062966,0.25733905986765476,0.28022195717523857,0.04579289567101681,0.18562234170371286,0.1654456208572654,0.20745856156494819,0.07002637083249565,0.07399142063814501,0.21790787673452405,0.13930895793024378,0.12466903414096064,0.21454714271557562,0.15528573132737453,0.08573729832387997,0.09704598384253886,0.18683728498076788,0.045264546247907655,0.23775711297292662,0.09981090762638634,0.16249282730751352,0.17449765915975507,0.23360487234078195,0.17452811525049036,0.1791106106313416,0.08651428455174426,0.2010396568463314,0.13045741490485271,0.1271444718657057,0.23821440647912945,0.16019889477072385,0.217189066038179,0.09735015229170968,0.15888784711382886,0.34933276289432386,0.25067077283128913,0.24244376695598177,0.04241675630817707
0.07069796663880043,0.03909176579260554,0.0432322219928882,0.0948098617540078,0.03574648084906242,0.16686619456981291,0.15784680137329157,0.1370898015154941,0.16685654338050349,0.22165801968045587,0.15562575319734,0.05311469224979104,0.12737463494328294,0.19558874090390374,0.1499838700492875,0.03911584960393657,0.044950971547705276,0.1629060306184005,0.08248191686089806,0.08345904437243029,0.1628194188408246,0.16616868666981138,0.05449724771195574,0.1523080742149609,0.16207902876413902,0.08935802284790273,0.12432568513923137,0.033709368035545376,0.10168219657210768,0.13506424785419782,0.1921833870150715,0.07442851522367283,0.10660414091675824,0.07193273605100767,0.08922594243037334,0.09058497216976644,0.10161927379709072,0.1336870032954381,0.14932695441281701,0.20105743605523038,0.021682723535825496,0.1051337744254678,0.20589005774913782,0.21810251177966966,0.17673076576700902,0.022346244641072335
0.11052185034296233,0.020954905927887818,0.04376438588114459,0.08289914747142996,0.027020409457109228,0.18988372853025468,0.19080390007597067,0.1011612715161218,0.19160230249590857,0.2397199479064346,0.07888659477027828,0.05624510728549538,0.22009680200583745,0.13887594799208855,0.11001194327929492,0.022823412108917397,0.0386594574477718,0.1780897431084372,0.09654215480984134,0.1486787565912741,0.12399930659726965,0.02862270720750338,0.0969494568341041,0.13122236529393294,0.1952701219098984,0.04571720370592153,0.2188847860296475,0.10682918116905893,0.1195555444778613,0.14218705772469736,0.1721124299242905,0.12567491906593445,0.08650754469547602,0.06139940595045105,0.1106859515989828,0.13627809093887497,0.011493437706432491,0.1446424514690079,0.29711283040821834,0.1820278043537755,0.05292379945965146,0.17499694746046296,0.2001560970395788,0.2173779339766148,0.15943258911079153,0.03410703135078923
0.057712192316525475,0.01338250974645571,0.033670278046415036,0.1427278241080542,0.08464115906405448,0.16080584251802832,0.20565838290640723,0.08625218305710354,0.11503063127175013,0.27535579115961606,0.14069909863766156,0.14017313741517254,0.16733267350137135,0.2245967358898768,0.17010573910973456,0.04004616868072719,0.0745826303860323,0.2630697334374579,0.056086316224940244,0.1132826899632225,0.1682876690024126,0.04242436043570027,0.07113859555363129,0.1342297352952298,0.24285859566326393,0.04221522649791187,0.27933866637246607,0.13480266982756187,0.24647323402647314,0.11548719069940422,0.20581111597448792,0.1125856620804464,0.04760862524839665,0.030821056834753432,0.18469594357328784,0.08142981958917739,0.037178433837860625,0.12129757003493548,0.1414876892214491,0.19909875766833662,0.042480961217692945,0.3120800991904541,0.19338821731894607,0.17694872966619132,0.12237621008877007,0.13270409314174156
0.04020116212815653,0.06033400516325786,0.11405276518617002,0.24275532683101342,0.11069454069890736,0.29611640749690205,0.16508431368191942,0.12554267177010514,0.13478761984321586,0.32222911574883617,0.188640205710547,0.20303601589271347,0.21373029750368208,0.1317250375206905,0.20050865096146434,0.048831465583503056,0.04978614525280643,0.30515647809403135,0.08624638356017654,0.12047913559385692,0.3319467793521367,0.19277847619687546,0.16437324665547037,0.1997104018565123,0.3016481893489315,0.08665194319731348,0.2851604562138535,0.2654632913128432,0.20646183931961837,0.22352800415577748,0.18814726737679366,0.1765524457813716,0.13737087314119892,0.04692726199930238,0.2580426306580147,0.08980313189339695,0.1702680500217617,0.1572487213316745,0.17781050836347495,0.25343075933057274,0.09232474257700066,0.32486805596238444,0.2765063167242457,0.24347981466160884,0.3045846893075888,0.1064012115177258
0.15668351487364043,0.053919955334765915,0.30327694140645367,0.4728054507616211,0.2505465029532558,0.34852064680711814,0.24774490287391168,0.30361821466901534,0.1518359316492337,0.40043259516892765,0.31463074324770784,0.3911604626427907,0.2459149300152769,0.2716005472839995,0.2098184135329541,0.18467481247707662,0.14452892332002756,0.4345418030055046,0.11722057975012361,0.1829367083786104,0.5143406300387163,0.4041601025098265,0.30774725022889654,0.28392888814504696,0.24918172816330883,0.19390312333705245,0.2529922310072317,0.3993686588837711,0.24060859429867482,0.3172151416268016,0.31711709940600763,0.39723316116233104,0.17624039782186043,0.09349923331542467,0.34128379147626187,0.29240694070044376,0.37915366185187316,0.15687368233177618,0.2665868922761699,0.334868724848811,0.21053656361063625,0.6491523579488423,0.3596223100427245,0.48709277647083643,0.3712588785894407,0.16371453364780783
0.1413266123951205,0.1492266147963372,0.6533272924489558,0.594891997182383,0.3354859123899443,0.4744944509376539,0.44361521620232536,0.43523306013295454,0.16613731689576935,0.40256191993035606,0.4080943964359936,0.5672530802185586,0.4742748441666299,0.5717245042357892,0.2921838437094374,0.3162593828612489,0.23065283255483549,0.5241133247312444,0.1226897960288466,0.1545954811941574,0.5781060074429949,0.678910245836922,0.5245936299124372,0.36941981038514465,0.43935854242963823,0.34081844334252787,0.18688028876361662,0.5344972971409163,0.3921928690760694,0.41515923609386096,0.38985303568485913,0.7770438819032806,0.3020119971197472,0.24199525605982303,0.6346536773814484,0.6119456791423509,0.34389618899911123,0.16867915231787417,0.2542666378390376,0.6363676532842046,0.2477097807652898,0.7251260180125065,0.4620087118796136,0.5232109270384215,0.45964153800691754,0.0665551679173033
0.24050606949686565,0.23769917877655022,0.9216036354731041,0.4454514255532561,0.4045889061959948,0.5959798713783899,0.49172472044016124,0.5220352600289537,0.25567794835088614,0.4401380860200152,0.541667968166603,0.6821475598530768,0.5583103594686976,0.5225919108336505,0.4373076809007211,0.3658429443959759,0.32285890924897287,0.5982401415870686,0.1668877837471659,0.25619176076810096,0.4793489573737891,0.6749548784866026,0.5469045717083014,0.49124674944848135,0.4381338676497162,0.45489822521609613,0.16109138256766353,0.657983266162463,0.5690872225716511,0.4764376955691301,0.430203219910688,0.7494435096991208,0.41629944792298373,0.27955050745679005,0.6322004323053544,0.6813993835318134,0.35603480556902223,0.2398501520735522,0.34514784242555263,0.7032095561057048,0.2879260059602804,0.7202268316966429,0.45736378477118017,0.5717563002179944,0.6080327726049571,0.06426873192129777
0.258654481060507,0.281453470399663,1.0,0.6237744392341709,0.5305812506015325,0.6250175833209904,0.4998360880805527,0.6466984187204267,0.35424629352707077,0.4470589083505993,0.6471317289955575,0.8602405770125098,0.5628602849496195,0.5632391231936716,0.4984424724971592,0.4400056316466514,0.4330237308829307,0.6855877735956212,0.23364370754859048,0.2608733928259453,0.5047621500814525,0.5630737304240047,0.49322095362663443,0.5683548481803413,0.4672351837333104,0.4505858223938474,0.07424700670367723,0.6820142972835669,0.8110123710422963,0.5711203359904714,0.5620601079546521,0.9329353257851005,0.4676438809750638,0.25978101950740784,0.762343130993863,0.7292148587975655,0.35256430533498356,0.2501745029570447,0.46151782347955495,0.7732661231375023,0.3021608950429395,0.6416381639683103,0.47377659995455845,0.6247122770294737,0.5687918008843977,0.11767809880981456
0.41000409086358774,0.2252928847237416,0.7060424175332879,0.5492792173593439,0.9428634588365742,0.681064814102179,0.6002843613613574,0.7454301738206158,0.3749644262753232,0.46165214717187697,0.7706170443366348,0.8706027531137372,0.6087208767643236,0.5271467732936161,0.6022001891690802,0.3512258703014291,0.47846986487988324,0.6516409507951869,0.3954203579150383,0.24745098639196147,0.5190892614416585,0.38397771592821495,0.46380692904527654,0.5487870726462051,0.5319605695413089,0.6632674755386696,0.19997984148773745,0.6092128058730123,0.7526731593557765,0.49710001624901995,0.6678141932204007,0.9488696617118346,0.47169835055497045,0.24528225755471605,0.9205907203221281,0.645612523705656,0.3040826580664692,0.39654704367010774,0.5816463771555342,0.6822530148357666,0.45124462552267675,0.5684544592954217,0.6102805703851139,0.5887043095616697,0.6291798779198983,0.24620258600484088
0.4627100610609743,0.21269290937579322,0.5178657434270908,0.4427620331477971,0.3877400828950221,0.8139600002505781,0.6206399099039099,0.6973334506158684,0.44306576362434086,0.49794618327245116,0.72848971518456,0.5526067629168564,0.6241630844706811,0.7688415699302406,0.6162304028655757,0.42953419080408217,0.5288712804259186,0.5388639962752801,0.42543693385281456,0.26671858464411585,0.5576222856619935,0.40050639874274513,0.4964083451264154,0.491189722536274,0.5408204298442688,0.5190293109892903,0.2653135183481377,0.6205285921977419,0.7041937097851992,0.5061793845104574,0.6208161710136608,0.7478597557914144,0.5153783537027473,0.26194436214491745,0.9073235467205402,0.4798941262415591,0.40281980748674534,0.36594712623048176,0.6101842704928081,0.7467199769672637,0.5270303969271137,0.8029919054542906,0.4897936664322967,0.6556474277841502,0.737579794340519,0.03079866581577162
0.48828228210836655,0.23808497107175586,0.6557827141449106,0.6407242566108236,0.4894636836040497,0.7792130417957885,0.8738434276072629,0.7401049280914657,0.3584649773297527,0.4364403219275484,0.698998001698062,0.5285259262551522,0.6523034125934292,0.7305949777295175,0.5762571848976236,0.38907924139087613,0.5259858923487035,0.5638038090238358,0.39295447475875706,0.2899683408590048,0.5313551441986792,0.36910580680804733,0.5601247386856778,0.5972612374225501,0.45954767295840004,0.7174126609042929,0.3831018650258606,0.6305193829076011,0.6025755341369157,0.6373118155906926,0.5948576842848513,0.730747618395149,0.5516710389659052,0.3361846697095302,0.8596331419981454,0.5063975206106051,0.40373367239443575,0.621063318798288,0.41614075537766676,0.7162132254361082,0.42751243646061565,0.7119703102424216,0.5179249536981634,0.6911865130519546,0.6751273409216924,0.09522725546684022
0.5045833150746273,0.3395266161955949,0.7185524718654746,0.5426199697578358,0.356418939433109,0.6399034822820624,0.9999999999999999,0.6751239870540251,0.5097288522823497,0.42944341119597557,0.6653494279455952,0.6141441761444468,0.7964327529525983,0.7521308038531752,0.6768008650142507,0.3786968057504867,0.5383024136401994,0.6275421039854895,0.34761703951846734,0.33665934727736263,0.5481998129611276,0.3266511063825878,0.530092740642207,0.5877034424131795,0.45327821331403223,0.6131082612131944,0.24828946948633362,0.7360502227919397,0.7908764320580541,0.6545483699764989,0.6730868641190886,0.7816601883849473,0.4363735310913785,0.36959157360631323,0.7454878491932152,0.6167264387170373,0.41785682266216334,0.7414166664528531,0.46017205677771134,0.6952581573041999,0.48114360085031804,0.7487404119363298,0.5135843226373364,0.6718924708110556,0.5959378512539063,0.11197255170675055
0.4802273784935479,0.26255113018870446,0.6942777428520236,0.4361502266853011,0.4198016659417983,0.7194701548226484,0.6983617414883875,0.7143359292756416,0.44018136801205204,0.3849586651809529,0.6840141202864254,0.6197386391635009,0.8186595207742299,0.6880762815409239,0.5452839334675699,0.395652701712087,0.5330403253981082,0.6371107728045704,0.6001440697744013,0.3322905297893349,0.44613452360001316,0.48467950702914947,0.6191523334988859,0.6961869994669682,0.5016210175911228,0.7027024732045796,0.35889850712858895,0.5893619421215246,0.6876250776329945,0.5517043865551382,0.6028860944113783,0.6251707808316876,0.5670660192997606,0.5604003310949119,0.7665909805747393,0.5530944869067559,0.4341172592628283,0.737794933438492,0.44332804964841177,0.6928195973627593,0.4233788325696657,0.7451978231973609,0.5471131667830204,0.5928179009361463,0.6259160844219029,0.16303303197580438
0.5162112569442746,0.23752277842474173,0.49690107460968047,0.3863105223984963,0.3933319194037544,0.680904291866985,0.7049032000322588,0.7662229856941982,0.4405587224602764,0.4377713987162952,0.6954646785217132,0.5793431083704406,0.6995071333994778,0.6770706513291206,0.5472520109590331,0.449145302441984,0.5680877101332777,0.6251812728972841,0.44122930897880785,0.2840784572983567,0.4707300890776818,0.39681873531691203,0.6855358569054176,0.6066380821805991,0.4689834776516896,0.6823673631265528,0.2827889364211474,0.588714219401507,0.6455328126875872,0.5672640683266481,0.5677873986571107,0.7392328859266876,0.6013219383436086,0.29675813103051957,0.7217058632811578,0.4340735658197072,0.569142550608187,0.5744025641679941,0.45447196503907794,0.6847190132007391,0.4482959904948354,0.7306597275836165,0.5374551569741666,0.7721663469381392,0.6648147381022818,0.04734756048634976
0.5990530057041995,0.1779268901948206,0.4062068703881596,0.2995664196176092,0.19495896301787427,0.7195401318779476,0.6092844407865554,0.5982766797399449,0.6228295027306949,0.48396798219213427,0.637246109739,0.4171271513831727,0.6398469559096684,0.700713194863351,0.6152597760392752,0.276620549599827,0.53384263931559,0.5895353657028796,0.49276660552541046,0.39432324463706203,0.473471851931708,0.278166254367999,0.6142455919822386,0.5597102098241875,0.4785115878660957,0.4941300978613757,0.48883316249113473,0.46510516839096444,0.5318952114965941,0.511333891978245,0.474651387678153,0.7214273346782667,0.5193697305242168,0.17107907506289058,0.6133711225131436,0.20381782211767305,0.4915051666560018,0.6330994675420224,0.5093720123929847,0.5054749394657624,0.5688756204744275,0.692608827038283,0.7731143697876706,0.5894570212526864,0.7934278743087275,0.21905036971302347
0.4893964340719703,0.17147217915595614,0.4046610753142118,0.32803852088285546,0.1485750028222796,0.5981035701840038,0.5240116041524073,0.5690247215670708,0.5582099088153286,0.7113298551632244,0.6170549580836392,0.3662127861222488,0.6653863540239353,0.60700778414375,0.6204649248490203,0.30237874175518764,0.5608208718471205,0.5998870368655606,0.4816115033452362,0.6798404041861377,0.5541190627404462,0.4975892422272958,0.5492359260135238,0.5786839693840187,0.6862358369908136,0.5745507893541946,0.2736429409246276,0.3584148575532283,0.5560598670922896,0.4960286955950333,0.6014485437993111,0.6591834246824115,0.6144138993403367,0.20061214158762564,0.4301036471825574,0.20683360954474977,0.36979437954293515,0.36692475965614507,0.736597865429889,0.5021372057704553,0.5141556590461616,0.7586067692745718,0.7812998143965622,0.6028526163611103,0.9752409048121821,0.28624637564679345
0.44223359968742637,0.21338723340694582,0.4193397794753845,0.3196251311036849,0.15567106624661536,0.7079390605918602,0.5705960401947489,0.623443487468776,0.7449318339204374,0.7987449221984491,0.6638623011040298,0.3793509514627545,0.6552119820007207,0.743176909759659,0.737990701633304,0.22341501625116528,0.7129341203363314,0.8649516407901591,0.6636373103327302,0.7035526681607324,0.7468076492620381,0.5606217030150233,0.5260519202846974,0.6134085619371912,0.7564325126343353,0.661826170713597,0.5196164354840292,0.4473465554492708,0.6697606773042025,0.6025781191180802,0.7048505024199939,0.7735215838947418,0.49532882773771014,0.34812342491922066,0.5956675153733338,0.21921885120525308,0.4199362703356396,0.4690333025055247,0.715040205755358,0.5806899005414948,0.381370768708016,0.7481355287596564,0.7845823405441585,0.6997622312402456,0.8892889305289535,0.3009152646952957
0.2912382735679328,0.18946662505808337,0.46600364717742804,0.460581385583188,0.13960816503850962,0.5141850726871379,0.49720062255446984,0.6052644857254785,0.4988003061824125,0.948942179345934,0.6625352676370466,0.2903387978806373,0.6591722104752394,0.7321926727884633,0.6172950880012166,0.23763349016984542,0.44625713126449196,0.7669909307559643,0.699424295898503,0.7155070704311689,0.9700579826178899,0.7273190203635211,0.5173389988127157,0.5569384480689817,0.7913252024325668,0.5773391299567273,0.4281901929164278,0.3691698892492123,0.5973714061103186,0.5456850796091277,0.7540586975475345,0.7202589990217578,0.5044641173072048,0.2326171407922577,0.4415128173158907,0.4435316216306879,0.3295496384501173,0.5312605580904288,0.6287051220184071,0.8346875199720412,0.32970157086336616,0.7486534241150614,0.752855608881345,0.650509987663108,0.7543073224796452,0.22144353223101657
0.21085607143033644,0.13807818217452988,0.405203692594304,0.5350335419419039,0.15986138388500787,0.44434717987051636,0.6396887707582062,0.49548162177172933,0.5524640472514064,0.8901527375580606,0.6268467157885214,0.26880663153336387,0.6288939265458235,0.5624771052085037,0.512351651246823,0.1430243117528714,0.33659189831452396,0.8281663717287303,0.36129060331070606,0.5422816715993789,1.0,0.5144037987255335,0.398584642472328,0.5124561737868361,0.7274045263929282,0.30110782923094565,0.5260235621081386,0.5204878250693273,0.523067171438051,0.4502287426612799,0.7375430098488962,0.6551420557618435,0.2972819783854977,0.1221848274248262,0.4111563266567827,0.4119440900694968,0.2710333572756859,0.3690567679985383,0.5811971586654366,0.691761003447433,0.24299804021054797,0.6055348691683946,0.5056108094991711,0.6230760782761875,0.6137924252090633,0.11902261157170363
0.16305580133218875,0.10287531845817087,0.35745916526374477,0.37436243626640864,0.14372025584346276,0.3278951209232916,0.5067831042561112,0.4751237468877079,0.4102085139579664,0.7190462635266472,0.5579264191397479,0.1474805765374184,0.5856142673399312,0.48008339023274127,0.5826252000597156,0.15692901923326508,0.22092784186301126,0.6836142312999258,0.4227583824385291,0.3904812716159671,0.5745384639249456,0.41963318742775046,0.3702506678293365,0.45122312246449864,0.5275985957300035,0.2996955926152588,0.46730403764805784,0.33654934693677385,0.3035220629607484,0.41076243194538387,0.5950198343880229,0.5783795635335617,0.22743015413723086,0.13847608018185675,0.35051513445241456,0.33941908190142034,0.22041174120587848,0.3235643236251845,0.5554742996293878,0.5292971819218169,0.22496579424630495,0.6475564973293295,0.522329349932306,0.7301735489912187,0.5481921975410002,0.20827427749009766
0.0767218096703339,0.04237700603098203,0.3341566316355057,0.30954657505233263,0.09751787177608123,0.4096022246545997,0.4635983348920649,0.42614368575719264,0.19815374474793457,0.6272439628213002,0.510609033123746,0.1049235398482249,0.3656747819264745,0.47048987591229496,0.4392493021433039,0.15418250351903773,0.13342912754704916,0.5150930720456629,0.2203243775447265,0.3399657377993566,0.5093904056176108,0.5350894732746125,0.25029168059580825,0.2957180683386692,0.38188723642462685,0.17500103584850696,0.2783517054431582,0.29200368453442754,0.3210819103519563,0.3714275548696933,0.4334123435041309,0.4142458886390339,0.24513330814411724,0.105782270830801,0.2997373816370863,0.34866957097407497,0.18965334406355006,0.3262015670766764,0.424523938776986,0.6674396481546877,0.10211783656725362,0.36859947677140603,0.45162461794400266,0.6108662279974819,0.5573212543141192,0.20668942953628547
0.17595340396221681,0.032189217228230135,0.1536628973917901,0.25871486095785373,0.051140742363814294,0.23574827035069437,0.3447500785367057,0.346724548763245,0.21379118917265266,0.39377656733375155,0.36487957109886243,0.13419876131894587,0.24863960504557955,0.28613200743779554,0.30943110160743476,0.11072151632301665,0.12654776101834836,0.3549379035635224,0.24544062067298889,0.24775922842263617,0.4595547618450669,0.4244385245875,0.17117967844178403,0.20628795700122876,0.3036026231984174,0.11384087876977267,0.2336986387955357,0.1490615802385033,0.2667553928442209,0.2153404131084709,0.33046074956290855,0.33256973731738143,0.17123738322506663,0.06716991628046756,0.21789483749301364,0.20231551541984713,0.1975403992230224,0.21240875341444504,0.24240738117974492,0.448846764598404,0.103958293830236,0.2539044659263318,0.49510669147800446,0.43193959956227085,0.370783794058787,0.15039706003136719
0.06108439174333193,0.020723673386188052,0.12369751372471047,0.2779351085891744,0.018773111757027693,0.17666026402818902,0.3041504547613616,0.26305471586379403,0.12890611633934854,0.347666668228219,0.2710116436001409,0.08596566692909025,0.11582467498877216,0.2676338636349318,0.2108527245197535,0.10093666922212179,0.10804660641985851,0.3223697025148631,0.11184956047878623,0.200845081321897,0.30048664406174297,0.24083561215262964,0.17083819135190856,0.1572887762343912,0.22378571593852828,0.10348773218540747,0.4300483938460532,0.10366733230608385,0.21756485625678523,0.11950769713412901,0.28581527467269796,0.15784899507075595,0.06116185686205322,0.046553613760765895,0.15262534707579967,0.15005692393258951,0.1785659313124217,0.13612308605493229,0.1931076567188339,0.2058664858352544,0.02631439839433171,0.14901465878573777,0.4281961512495691,0.29955827884407116,0.30719184113669934,0.167336554807812
0.0030896742279058996,0.04389680820127942,0.08239380624631633,0.18764700164965545,0.042873032414143274,0.12106774986161542,0.10563116677658216,0.18237630923554257,0.07280274135858328,0.28486657449639646,0.17764017603495724,0.09407868034876946,0.10479843812463241,0.17050645536842318,0.09572076574649896,0.05186650842165308,0.039047739788992133,0.2543605370668336,0.0639862499614745,0.15029814082978044,0.2221755620852095,0.10818131737440836,0.13548496566523022,0.16362213327742808,0.2042675460315612,0.09871778912560486,0.1919671192579056,0.123037273977366,0.15423134515711612,0.07548590991386292,0.23340132332760175,0.12368125500449728,0.06140130274755427,0.08005376792974692,0.12765956791338878,0.14591813523281189,0.03638826649763274,0.28828129651885,0.15579295907017587,0.16479915335087675,0.0705488989766007,0.16747416302591212,0.24316954509501956,0.22006104552072386,0.15867627607705834,0.062163532666311666
0.025387350426511447,0.031043297778751103,0.06595711598392386,0.14349274437083595,0.02340490149391322,0.11393135272398508,0.15173521227836603,0.11416865057529182,0.13852893730810922,0.18982732732943944,0.1817091867516909,0.06656311675404408,0.08181080070941318,0.16848677771540008,0.10948903072141755,0.049916654202898064,0.05532811147814683,0.19792943845558286,0.06646394487381825,0.1544051917848645,0.20716647447025974,0.08683219594010275,0.07587924589068952,0.16101248703272558,0.18424633228494025,0.03543435584575627,0.19906667467706624,0.10864036769830784,0.09408303389348403,0.07026755197356306,0.18206962654821546,0.09616835101083657,0.08780362149543083,0.08702174295899934,0.10856368640500709,0.0767214779990141,0.032401690200769356,0.10440563245120797,0.09363736199398355,0.19228365724066643,0.026156364052405387,0.17374771273872852,0.21193179456833827,0.15955987920230882,0.12193766410308192,0.08848376526697335
0.021140870611593497,0.02641788046425935,0.031223301912208623,0.14652678203523345,0.03891646087639484,0.12809937987079925,0.19418601160212526,0.0980270545355654,0.06066221011365745,0.13348954083409742,0.11596278602095075,0.04344536187145703,0.08705085670973275,0.09016488930242017,0.15329015903103602,0.04134627675770792,0.018303752638952914,0.19845092588154636,0.07420208583461817,0.15934841898739488,0.20669104908328587,0.05154269707190922,0.026854259275142883,0.1213001769927579,0.23696586693440888,0.08489575392771029,0.25147124548956296,0.1248488135985221,0.22619655955388168,0.07004772048413871,0.1715721291552213,0.10431535066985032,0.06807438213160455,0.05887404481851911,0.046025407885990785,0.07010405561156996,0.07291860851966127,0.11089041468267662,0.1903828139628007,0.15602655382186395,0.024178794733156303,0.08505721525678876,0.13234345461940572,0.31010491608890495,0.18736684699625505,0.16635109763557587
0.04673099305442729,0.0228136326751641,0.029924137910467746,0.070415868902508,0.05041210447755775,0.14386682024426278,0.18210673778236944,0.12930727817063103,0.019583616758062767,0.24323534629902735,0.11450331111875278,0.031141466503690225,0.10409996885401154,0.17500779575021602,0.12865087217840837,0.04724384866749022,0.042459242863658694,0.23452467593127316,0.05190070600002489,0.17600768397958638,0.21450550990841355,0.0741282046673204,0.06466678121423357,0.17068555934391466,0.25995151699843255,0.0864396780209994,0.18972485046673981,0.12233426265827768,0.16234553199793117,0.08250570860075755,0.17278450949313864,0.1550288031266702,0.08557296265251178,0.032196978064376366,0.0653264799752418,0.11574288577125427,0.05592571139229187,0.12407022624997029,0.1619957990682767,0.19041196199003296,0.03695635773227772,0.1323750889110406,0.15126560422835908,0.3161028479143723,0.25688029485907066,0.187440991539011
0.0738020469386074,0.019591179906023555,0.11709974066668649,0.23169054976572706,0.08737231567554929,0.2639895792421798,0.230898569842818,0.18798887689898025,0.08828432187286937,0.2973978220937549,0.19183365701007044,0.14848404829911574,0.17553746445840063,0.2525049270548093,0.08737017872545647,0.07762281469504967,0.11139607287487324,0.3616592631899207,0.20717511944601597,0.2964991665496097,0.32281973985218493,0.1804967658516529,0.25740993182661137,0.25158399693543126,0.32151080967876544,0.13850702063847797,0.11099187487806847,0.20660789773599625,0.201124039487233,0.13193676017428496,0.22519523268277644,0.2636287479852331,0.09784025241933503,0.05020212901274997,0.071237397361983,0.16185393557095676,0.06543117814548186,0.15305604887683727,0.23892045714726423,0.2613315526030752,0.06665286022551155,0.3399551288818687,0.26635270579975423,0.38095132048193087,0.3109934330741267,0.14744847130617866
0.17594947762464022,0.2122276290621083,0.31687530824857024,0.2827392732048356,0.38328430863369706,0.56153485920429,0.41823508449111757,0.43136271935145404,0.23074790226478786,0.3601055411303695,0.44086063689311306,0.3279529266490298,0.2953074445098022,0.3921422605457219,0.33295939790308476,0.27222761137429813,0.28312644836044076,0.4225346755916015,0.21129302901640362,0.2886209309950883,0.4967865665263473,0.48487584856179816,0.7168122177644976,0.48500807248424416,0.42762616092244116,0.19640776449495437,0.305085184776782,0.3386556850161286,0.3665456151385416,0.3278957536991842,0.4358479602392287,0.6134586701622273,0.2340159507392542,0.1701553766846323,0.2960504501404739,0.2838879906064469,0.4606741944542463,0.330159762887224,0.3146988996995447,0.4224773625807452,0.18565093228124407,0.979628485032354,0.39704208643573946,0.7380728041948799,0.5175216223980128,0.40379433280319754
0.13528931901259825,0.1722667232277939,0.506274914973086,0.6849376703593422,0.504908499609893,0.6735556136706183,0.6211442872639367,0.5430001250739023,0.38770003139678444,0.3359424052328773,0.5347423665951543,0.5642442071123661,0.3922533875513686,0.6096187853450106,0.36335926747513536,0.4695678529102546,0.2398131704967574,0.6529770589174496,0.1918766897583986,0.26185695844321316,0.3215178160333509,0.4521589757489407,0.6592330885667368,0.4865522660409404,0.39918535947387884,0.2626113120638087,0.16072032805306924,0.5182350666539981,0.6740651153267287,0.43456706103845627,0.40347747811129636,0.6999411721484637,0.23254912652192503,0.5041414152135094,0.4227834335857507,0.5622289367394383,0.5455491990967719,0.24898588893167506,0.29541179292639685,0.5648454919824443,0.26247729933977293,0.9240624567024938,0.41649444154219173,0.6488136689635635,0.48244032851285373,0.327747755918268
0.13569863248200295,0.08578488801496126,0.6669055840541673,0.7323023100631763,0.37701679485446804,0.5904293999724761,0.7429556272323942,0.4767794863079432,0.5678631606951116,0.33950732424288405,0.6078827135496047,0.8338350636693993,0.3683610507825006,0.7210427731239794,0.24612398046673756,0.4368628754196166,0.2261655160977567,0.6417209062398405,0.21918124115357418,0.29703178178993866,0.30952823867952456,0.286078203614087,0.4841462886417377,0.5109791415153299,0.31514124710875724,0.2584593433468349,0.1846873356907897,0.6952243206729921,0.6380238646332664,0.4624263758947477,0.37079610627992,0.5776333733307459,0.4139514986172676,0.5680756837780222,0.5947747517267437,0.7391256135483532,0.566708817696591,0.1548851143918814,0.30895465542892026,0.49581437355492314,0.19943729593510473,0.6280256442003733,0.3971317652299246,0.5017017753159152,0.3634198671917822,0.43187566328101934
0.20185802261928076,0.0658940410610246,0.6422300784302157,0.6426252308995202,0.5232737913586585,0.5992563370480777,0.5704146044846052,0.585022369099413,0.549798088000869,0.36678050722318234,0.5760974848591601,0.6721099493792764,0.4325032250181262,0.6448555615483648,0.33494497195149897,0.5816082380398322,0.2618252084233968,0.5172871482577612,0.22335620475764445,0.25925732598643936,0.2754413693823554,0.3700152191213956,0.4460819453696086,0.5477134248030155,0.4349407963805958,0.34273621237272234,0.34941685324189226,0.682728072784004,0.630775450763801,0.4165958952199792,0.36981444406145175,0.5284875010342739,0.33683565925616943,0.5340064496648281,0.6429831801314362,0.7613932485124807,0.545986956472702,0.20664017867811868,0.30017423880971633,0.4762580665173761,0.3133271842488068,0.5301101989377626,0.4633912593192767,0.5103899996907457,0.41842216173968994,0.5751646509682555
0.2790383628817348,0.10767612424378718,0.6045026479631173,0.5653494422145509,0.4676068109095638,0.6783071140072561,0.5528124425864577,0.5747076086230646,0.6816251767728487,0.3560938714912492,0.6518491261698172,0.7420285363446467,0.41309480018873845,0.6097242077052213,0.4383297467371805,0.6886668125217038,0.27243093511655225,0.5746559334245431,0.21468551531122865,0.21210950838640333,0.4341977094776429,0.2850063719395734,0.40311477441016813,0.5967877579329116,0.4495772500348153,0.4580751268687544,0.20228572377139975,0.6742288281866209,0.6577145182476951,0.45909245470964477,0.4374992350622239,0.5115985027893027,0.3715559351945901,0.5287457888115078,0.6952633473777318,0.6373024740851593,0.5713114288001049,0.28006601913778173,0.39965648724721553,0.4665431954738859,0.3474031754450787,0.5676001965081916,0.4138419449093008,0.5453747594834348,0.549039166741596,0.7427716715613651
0.3353967695062936,0.06804170330535213,0.5190178747249183,0.6136135969229304,0.34062565580677695,0.753245055700334,0.4609297739974215,0.5711405038833648,0.7102967050252472,0.32498723270595853,0.6690171989179894,0.5955555542665895,0.4663540758186663,0.8623506371163576,0.4302151844702912,0.7505467847477238,0.2749811950831666,0.506061430389661,0.2639977613419117,0.23539760990994538,0.3462049327820974,0.29456077667394726,0.42263778572588284,0.6156167839540111,0.3948543633112679,0.48761135321282717,0.3458003235971747,0.7144667313072471,0.5572150908889859,0.5677317866680517,0.45415477338175636,0.5501946694778633,0.2845214890079685,0.6920431120247325,0.6103914211944301,0.5215287342325483,0.6249476410772766,0.3633285926817673,0.4163718285102054,0.4711383648512412,0.3831146108480237,0.5215630614244537,0.3684043834241383,0.5179091799867579,0.5654813172434207,0.4538900488028954
0.21550947724398548,0.0851658444197804,0.5797555113434378,0.5569463938560308,0.3304058464676889,0.701787258064411,0.5077581241344873,0.6030725279575351,0.5922178606667772,0.31624832401361913,0.6311054143584885,0.6770363557334972,0.3426727966183687,0.803086227504532,0.40558070991342204,0.5874550587743439,0.2480337569675796,0.48416958202663596,0.3887175234490292,0.23189577372428247,0.35730201283453894,0.28390757363792846,0.45861006365794443,0.6369483846847879,0.39811937581783835,0.4888112905348951,0.3193761846283898,0.7281381372883372,0.6987902436639136,0.5638533857967143,0.4041002201940912,0.5244077373394477,0.3027308696657158,0.591260234865622,0.45335482691687734,0.7049400923394621,0.6745415859569102,0.4179847358236181,0.38449588482624375,0.6287755211428823,0.3909193453833898,0.5400743662557876,0.32290692497711826,0.32510731478650967,0.6295900187885167,0.42931528754402637
0.2712267550728911,0.07360931392037762,0.4781338494890358,0.5148115860095981,0.3838377777907438,0.7303002377396388,0.4657895075934766,0.7297962176546021,0.5266443188385685,0.29992719581878546,0.6563280549008688,0.640752166456231,0.376979535679126,0.73854199653656,0.43923560003743317,0.6101254603497986,0.24993830912875395,0.5759073064307203,0.2924526996185917,0.30523235997696396,0.2898349287959023,0.3001563379951156,0.5320739966678525,0.6903314292643709,0.445823172905951,0.44274150039806515,0.06041350217904043,0.8065583058428759,0.7124963427528961,0.5842168108031601,0.39974701095045717,0.5112886206220331,0.2750160121484869,0.6033417345171403,0.4842791841170212,0.710720427569641,0.6194411456675329,0.5950326998434945,0.3349212044707352,0.4447197376141163,0.3640742523325299,0.4507649589704666,0.37266220290780405,0.47172883771778634,0.5817544270052218,0.3631519238310511
0.26263815112131084,0.3872583679440847,0.48507358133763634,0.6030988741393288,0.584021067521677,0.6127891080942794,0.41990344527598367,0.618406652924237,0.5701420784937892,0.3095246279813421,0.6731983400465362,0.6930106466475423,0.6070351321136024,0.8039879227944177,0.38538300774527257,0.5897594172748689,0.26582163445680795,0.5189638181640522,0.23172882351067287,0.2138755834913657,0.41305751957160936,0.31758067906160187,0.5179795060988543,0.5844919820691692,0.433946121402389,0.3389145091930522,0.12964541295352228,0.6267008307518324,0.6473635105139718,0.5645438637521966,0.4044233003246482,0.7873570519378597,0.4037454465100927,0.5522414150462273,0.5179338221069975,0.622893791695269,0.5927411928001188,0.30105084471825927,0.37750801682306234,0.5781767517267623,0.3326509796338022,0.4922401210576444,0.33422288632073377,0.6328802193073095,0.42520098145272367,0.5060862630435244
0.2673198683664602,0.41593211997597446,0.3944690703219512,0.7101763159530219,0.2653282890142015,0.6715713340523162,0.7262182732352591,0.6094762282055487,0.8850180101018812,0.2533101879036577,0.7514665852772628,0.6553521423251474,0.6103335860251137,0.7574551633356061,0.47782216597301247,0.6120867238818962,0.3744246632924042,0.49913750181538663,0.20028448635351154,0.3268458827886792,0.4925350345814618,0.37804477354173477,0.547308550536047,0.7115325969694832,0.46479582476251274,0.48014527047074457,0.16544161737781865,0.6369025925963087,0.5537473187205755,0.5507778278802129,0.4519016575547429,0.6701563447851231,0.4376147085095798,0.5561489889788441,0.4387459045566271,0.6290307417878116,0.6175090596894101,0.4888843849363644,0.356633641970712,0.6190993813874771,0.5246289374192357,0.9053375720492497,0.40053508673463883,0.6670983870253058,0.4639774821779184,0.5003190922369745
0.3552884774465329,0.564473127182453,0.3676267508597366,0.5290597800929531,0.19242949096624312,0.7192540110604643,0.791556976364606,0.6868200734324458,0.6569904564184171,0.3724404194881153,0.6170420531177618,0.44593622898140933,0.7219270676755775,0.6059482084269806,0.5772535844790907,0.4874228022936553,0.4779389299209055,0.5516607853091963,0.3705678231866613,0.5190503363720507,0.5078323929314819,0.5306943262921436,0.6260204778839984,0.6174599852857531,0.39993689735631444,0.47341196361823606,0.16987269423996249,0.5324870601217495,0.5723458388619656,0.6435967250089089,0.5398221767857033,0.8513772741933063,0.5473753690952899,0.4625006440657548,0.3311861507088848,0.3759099074993346,0.8590527288442261,0.5313799907482333,0.5003324716016343,0.6729662974438181,0.48715447312630833,0.9325044139781049,0.5129819248709345,0.6772800105186274,0.5946415412986422,0.45863420920622044
0.3443921372380031,0.1346786936639539,0.332296477955897,0.28700808399566435,0.11989743200054503,0.5666101645171949,0.6657202230845862,0.6377767812444354,0.7811256354624058,0.6150492445527447,0.6358597487530446,0.3925017494163984,0.7815763500348883,0.4039201407726083,0.5208627117246963,0.34183522313325304,0.4298099327715143,0.7428527566888639,0.29445467318205903,0.7691154441385968,0.5915086330772541,0.5330523773782899,0.5123619168100565,0.5251860229019758,0.7347807581084624,0.5319089431119969,0.2573879448726661,0.4622468996940023,0.5333523452596156,0.49121053405696474,0.6114388569248884,0.690152133416521,0.4884423072670152,0.27655632883908604,0.5502564569433096,0.41976951232607435,0.5095468136885849,0.47516732664528755,0.5517640120319172,0.7654818857572445,0.555014698065283,0.6368679956213207,0.6099787917080822,0.7972291605309563,0.6367533823798799,0.14336996058531198
0.4879673731678066,0.08476517521361063,0.36466609444901443,0.2953766938885648,0.1551983539280768,0.5235313856945182,0.5117386920343132,0.6267417826291898,0.6958494143650971,0.6285250793598611,0.6831840312081343,0.4172546009205923,0.6478359994948996,0.6692673087248361,0.4229163748511078,0.26036254556008864,0.4976401987857858,0.8877729782564318,0.3744761514837508,0.7620938638607048,0.7562675901494764,0.46186667698879685,0.42130851872908665,0.5145361300732828,0.9304270907045359,0.5644115394502319,0.19313120943026335,0.4866711918952599,0.6413436618550246,0.5100625356024246,0.7786457331667275,0.7774241068301943,0.31893718624645734,0.2790768074620286,0.4821718272991101,0.4001807000350849,0.42860711194649,0.49088458472652613,0.6900522632226246,0.6106984453932262,0.4220554506338283,0.6894894142069066,0.6372741909712054,0.7642153647938354,0.5047660821850417,0.2950302175614412
0.47478594562299203,0.08163154271994151,0.34192342189550584,0.4356556792073511,0.10581561902451092,0.5383282952857062,0.7003498183396275,0.6142320082122535,0.5342365718853171,0.757146807964954,0.6076090692871824,0.4232801150734688,0.5223525829889852,0.7429829369759017,0.4264210147130835,0.2008507742132013,0.36588577173533415,0.9261743998523186,0.4150548041598433,0.6668738674533584,0.5144511103641773,0.3244440768700638,0.4199138931228966,0.5135616808608608,0.7656268458732224,0.4283623975612138,0.3108321637937475,0.5231788614551355,0.6117258478212269,0.5768789844910022,0.6698911968744254,0.7555606325787123,0.37529064437617893,0.3279653184243336,0.4001891107715524,0.4711617947278846,0.3378533579088244,0.36063062187645945,0.686537623730667,0.6121143954127233,0.31335348490182546,0.6817418813736178,0.6330118225794755,0.6160312988960921,0.5794381400432511,0.3239412380541462
0.2146121981785548,0.08829719345720734,0.4428592268485513,0.352794205442415,0.09537005202115367,0.48311898475721377,0.805657944918574,0.4792900256417228,0.4127779366485631,0.8113951257491181,0.5997974361520285,0.3803325526073855,0.4279675371394148,0.7946408574663505,0.5008101345115623,0.17648959687764637,0.255380164335846,0.684412209678639,0.3196758647563386,0.4775695325470594,0.728784885486961,0.4187435933267186,0.37290443569072795,0.46302188499671637,0.6174550324113425,0.40041799819737256,0.3099752072200713,0.4436325476589622,0.46093041787146544,0.40891373646602913,0.6336666925016299,0.8072160481942413,0.36724749721816263,0.2003726094034116,0.3574193379185411,0.4654594704239929,0.2601013299196674,0.26034455649386024,0.5739289430518463,0.6795362236217719,0.28508179087221186,0.7676378517278406,0.6674094980913784,0.6919055915016723,0.5950124785183176,0.2759503712826238
0.16804067870489922,0.05131531502726301,0.4117021550439325,0.4323728380913476,0.08347370247967789,0.33003998374121124,0.8679798310543347,0.3618105987521116,0.23598274973923722,0.7257843472374171,0.4755430132066108,0.21766171290721747,0.426740985356837,0.7546252773468145,0.2388462541030178,0.18002240461704244,0.2623134357389473,0.632552507183868,0.4480307143550071,0.3756624800218307,0.7045922640486444,0.3978797826436364,0.34062219377920444,0.41806877268688813,0.5231179381755046,0.3375501010334589,0.30996053253734096,0.3506814516571612,0.4750710641656277,0.4033978216152794,0.5736187077422527,0.7935495690761946,0.5079525069278423,0.12522754166737848,0.3010369596589502,0.42263667229598634,0.23108293439122962,0.2501721939972834,0.4731635666966329,0.732880530762585,0.21282034388395663,0.604821857724012,0.5462582470875552,0.5484361900329562,0.5038374039178058,0.18047622370600186
0.0851584904052291,0.04828249034215015,0.2823726329119517,0.3646108485166577,0.06696772959108213,0.3316544725964805,0.47286627263690617,0.2846486626904254,0.3022427739948473,0.5309166514238525,0.4982073990098062,0.15744125347812604,0.29754282655080044,0.6431155334630272,0.2733858018570128,0.1600208645565293,0.22146996323265347,0.6030128398295697,0.35652286551988094,0.271888462334739,0.474598728017728,0.23295190482065217,0.2219095256338102,0.30653107090444215,0.41531657185277576,0.2922764625632543,0.29955928261268727,0.268953694147907,0.32777357755323455,0.30480436656769794,0.5598849096204443,0.5045310030883909,0.29860331319001815,0.08415452753616989,0.25370890075115154,0.3905390490904101,0.23979365624587173,0.2970465196413135,0.4110963320515773,0.49120452980102886,0.20334188622452584,0.42595958590070776,0.5222577497468289,0.4241862671483372,0.5238939877351397,0.11834660931466628
0.0748736559845456,0.05054384461444418,0.1718967803441167,0.3232369968347815,0.04524840945470696,0.23662277219256836,0.5152346748181323,0.2605930142470105,0.20583177910501607,0.32477768316484973,0.46676155733727975,0.10144373630402591,0.34322975409238754,0.47184544023758523,0.2632237018576364,0.12400732190482801,0.20715979699937778,0.40547190793600196,0.22902322160299315,0.26543185854599227,0.30877045343595805,0.3253541409643365,0.17680119596057875,0.1969967103884394,0.26656299206216216,0.25650683943906444,0.18236792323152629,0.21180812601468163,0.26196027670563027,0.20584835792682651,0.466242351838205,0.30826264830787714,0.11669502758583217,0.019091911190837203,0.25404852400521843,0.16869072828039597,0.18524895986486428,0.13612016817771339,0.27055986175895264,0.41138159079261843,0.10360789947698862,0.3049674724845699,0.403908366679908,0.30348419516789354,0.3857292617294093,0.0873161251213048
0.024737445399694302,0.049567729322584256,0.12796621900831806,0.17534422981091632,0.045675170758443746,0.16993198224388267,0.43359294914053226,0.11354538910373074,0.1912866168604853,0.23404651047344813,0.37080486501525295,0.13715951487074332,0.1791649731643989,0.353951040216799,0.1633595459482216,0.12785309717428017,0.18527851646620805,0.3404815158938995,0.15308303445464538,0.20181256702182007,0.2544442496978132,0.19127662500202483,0.161988769027509,0.19060579650228449,0.23353378380789794,0.12169190394665289,0.39504423897231683,0.13114209358851545,0.15911615615160724,0.1897543233811422,0.3751682205560798,0.17937064387397172,0.092064180768367,0.04944297050847061,0.14857970947809268,0.14706429151877734,0.13039156623206888,0.11371267584276586,0.21761620840116663,0.31767541839481617,0.02383767348140045,0.15866809401564436,0.42801769731056283,0.2334063032311406,0.3247551683285553,0.05167897234566002
0.02109071779519702,0.043146915651447404,0.13336723655873392,0.10980948123081546,0.01038651647032731,0.09306892914017635,0.1688549910452763,0.138586567741059,0.19558270236137887,0.21732611835711999,0.20095217355359143,0.0,0.10984884500979455,0.19580811707757964,0.08876524489132862,0.03311789245656854,0.11283747937142383,0.2604547731124821,0.053657357657617186,0.12532098427862076,0.19097206186495017,0.11914195784938161,0.13012773585385676,0.10237857276117639,0.19019839272711828,0.12454292970774875,0.23554300588279903,0.06424098328836578,0.14368723892228275,0.14851560754208448,0.27596091050533883,0.1797251280032871,0.15230626384564813,0.04793322869670418,0.08514617732691078,0.17889761773893575,0.10895866252930385,0.08149689338865339,0.10285532657606584,0.2694158354310384,0.02256875885327221,0.10246175631199415,0.18549071989629345,0.12935205622380438,0.2101275153805824,0.04393032039465586
0.010849429949039861,0.046352199428675536,0.0872213162965382,0.04825141237896051,0.06425328659610241,0.06459551773801103,0.1262443799459427,0.05878355097496197,0.14447955191909168,0.1869594862780702,0.20107108530486634,0.045641508228052824,0.11071951930115803,0.1383474987610097,0.10274149681470526,0.030832132298638654,0.0535492574489021,0.20659110251981105,0.07989065360576725,0.10367725548510776,0.16512991179193942,0.04841768621850654,0.05793818784807227,0.13023004298792706,0.21982614238268988,0.09411137171672325,0.11539974575818512,0.06221382377573303,0.1728691971296954,0.11856835832957618,0.22720544044351534,0.1735543057525803,0.08495957620411529,0.05031096534190962,0.0709643007474778,0.16585983801733228,0.11025392156634369,0.20976592512712283,0.10563782890190725,0.2257527079261695,0.0433185278096188,0.18225898950114378,0.14566952252793286,0.09662771205908594,0.15916717570816394,0.03786335837299573
0.032579759215723154,0.043362702304387796,0.06318822467343482,0.07831744532609841,0.005186704861733053,0.09629275219088418,0.11105071715962544,0.08003113951835827,0.054836209927844715,0.1568931642418964,0.19079381551294136,0.031433597200319074,0.10604201278385755,0.14358094593434312,0.0726812006401136,0.08575658786832378,0.0482961606368225,0.20184822301685854,0.04951984508884433,0.12128237715976381,0.1559212415252508,0.03946894609608085,0.026972450201879498,0.12492193825982272,0.30789963225775885,0.0907990269782879,0.05043722752662949,0.14469111364232262,0.08749287287943354,0.12930330985416286,0.15180010315422648,0.19489404823530657,0.08270471811459978,0.04749145430270698,0.08406629214171855,0.14893030822306125,0.05528491213852982,0.06339658576140318,0.14057564964338115,0.0889151774046273,0.057633434676189185,0.18395079313858737,0.13324869069338507,0.12342787655089468,0.16405311996186014,0.05280018122809142
0.02316923177087077,0.061045401876458086,0.1354257078804863,0.16419128144874662,0.09020368187823657,0.1326322053165375,0.1652804119323576,0.07005386894994081,0.012722796891771648,0.17907692485328963,0.18235278884602987,0.08314779777339851,0.07174884084467945,0.09906313021534405,0.12967161223873658,0.033888843148918595,0.053612323316674496,0.1884045813378469,0.11092930906788397,0.1754586631666629,0.15173106360838512,0.050089561019931665,0.0389364851147371,0.10684280277517001,0.3289296037506209,0.1297014223736826,0.04483086773904274,0.16291259752597773,0.09086859870241325,0.09199832862650156,0.16005903076808264,0.16933729314054727,0.08521296378511703,0.08483923032899793,0.06991724180681483,0.09051769695984252,0.054588326223040703,0.06927002587413422,0.13445739341945728,0.2233534577329336,0.047065304319749715,0.17749871378852067,0.1072980283623577,0.0894469511649568,0.1705579192153559,0.12101789373232397
0.03104617608510596,0.0525448740299983,0.22020388925604537,0.196688313957448,0.12642875891540678,0.24459917910614512,0.24998200712561144,0.1069519688933009,0.14963665390666936,0.2578344388654448,0.19067697682314666,0.128431070719221,0.24043251861650247,0.19296761474099033,0.2014645114257638,0.06298063897211192,0.07154542568517809,0.24408602317691033,0.09154916390778041,0.22635162420990704,0.21841963757277444,0.12292782135357416,0.1889449016383323,0.18418561730055166,0.40095264648445056,0.11688195244280289,0.10933304255415804,0.25042118025954097,0.17895233483600842,0.14858029987504318,0.26972248072900995,0.28451529005573856,0.13943444580225542,0.0613703369743469,0.12966494677960705,0.15415675800055514,0.1271058142022325,0.12627579202483363,0.23128052011703382,0.4220581126362107,0.08858670710569852,0.40848486397994027,0.25277580608724365,0.2961599326328913,0.2351313069627949,0.11437674593818672
0.14932526762945036,0.16216856143471492,0.3526398102257411,0.2551329059632187,0.3490347803692202,0.5120181937159577,0.37750976719570506,0.30130475741148044,0.3117713103628762,0.3131775849409538,0.38918626853681676,0.3224040709212661,0.33568500428189985,0.432622416092021,0.33953330501744405,0.2513968066356679,0.21021812335832119,0.5110027826836904,0.1348183455106819,0.23593087427093348,0.2981561007060883,0.4326574045046444,0.6029780898769931,0.4351289873296828,0.3375727921035683,0.2842042290172083,0.09974087648621469,0.350130893062399,0.3282186713420875,0.37933295480595686,0.36748056823905517,0.6501113444336549,0.21515468843835184,0.23148884536991626,0.21159360564630575,0.2894876365745904,0.4295966033562539,0.3118364280494386,0.2976409814272292,0.4835455952385865,0.26257333559397733,0.7856842203420872,0.37962020019258647,0.4981542274843635,0.5839554129975693,0.36412368917371807
0.0962165050026502,0.16870008569470057,0.5462909556296782,0.5868669390429602,0.4197880466294704,0.5754034860163704,0.4828178628646922,0.4559906702604768,0.38379302637881374,0.1810875855029853,0.5512778356640777,0.6089581981871154,0.3617961844528895,0.757713419773701,0.3251554139844224,0.5124557020965936,0.2648769897813594,0.5820258202472517,0.13440953770939468,0.2713702011909167,0.30528386520017037,0.6075906887911222,0.5540408016658266,0.5286089144564348,0.39484682453778025,0.28084787411557754,0.12382421069713612,0.5556600783824581,0.5004468328754657,0.453854077308606,0.3849375707262589,0.686480942942077,0.25620067847782574,0.5665084724815853,0.5515059365466681,0.5669822813628081,0.5876628956192772,0.39763265145599963,0.23977688283619691,0.5522312450680571,0.23167675197348422,0.6032234652416396,0.3215906468495722,0.5249801432619563,0.6367383827898419,0.4111720093037532
0.1648986008129909,0.10674895095507807,0.6165215902363579,0.682176284933063,0.36210858966061266,0.5975115320708018,0.41476500603092015,0.43154435786974105,0.4175268287644869,0.24624385630491405,0.6124724863205399,0.7913997607188832,0.38369750578179185,0.7333589629278111,0.2996352326130127,0.6508993406031777,0.2400027723147655,0.5237194808436175,0.19157897925097517,0.22584275563149406,0.34141400048185105,0.3369355378355988,0.4246741789867913,0.5954002862156459,0.4069243419648169,0.22234493065128774,0.12372191262392834,0.8055378789688477,0.5679091434559638,0.46826714785373413,0.3676111010993872,0.5850448016360235,0.24806083932640874,0.5615746315195539,0.6802336973485289,0.6386023434697699,0.6083080657651225,0.32588199563017833,0.2562731630551358,0.5125176250813308,0.1924882889868335,0.5264161916025545,0.3907571942732368,0.3045904935448025,0.4634981104762922,0.3481243839177687
0.21459830935523147,0.1528742699535962,0.5770269694373367,0.7278115345496352,0.3846432711835375,0.6055741320335382,0.508246300533275,0.5586736609739271,0.45837305925755567,0.24094123471360915,0.5960245882055418,0.8043675552910161,0.43712244700469904,0.5227760654024054,0.3012505847525068,0.6778388098048594,0.28612762562770044,0.53333564744453,0.21915199216574982,0.25864444495906874,0.32511409163085325,0.48974581813666834,0.3810866743524801,0.6104273741493819,0.3914099043569744,0.3313819119887986,0.06795945677367662,0.9816409387800378,0.6565124404046926,0.5317115530910073,0.41778675336889176,0.5395212989477988,0.2729002334539957,0.6052928171065587,0.5719534261301941,0.6531687465428693,0.5009438277376047,0.3986661839084747,0.35041516074485146,0.4093345707512889,0.2724247893400389,0.5377137460208615,0.3890135693086664,0.3741790373520488,0.47656273734394555,0.4280450335554771
0.3044599312672783,0.10309309329788781,0.52469036236068,0.5692194989357668,0.8922951741989569,0.6712109421172086,0.48345110882202913,0.5596843385993041,0.7452840838276981,0.2472706615732351,0.7603699141454276,0.8352834521491195,0.415391244044529,0.6716324151881685,0.38974788047003167,0.7467036457317754,0.27860013946761464,0.6583765989897076,0.2763828722297282,0.2828106964318632,0.3816829442282222,0.37158216511621456,0.3758203306231335,0.6430884215042441,0.46649722685683553,0.47330946706891214,0.13744471183412285,0.8047858921830929,0.7289506903781839,0.5303257609511279,0.47509842898111887,0.63576474004838,0.274147218828881,0.5348111429916762,0.8525921717732462,0.49654626250731265,0.5840954425970428,0.47178406451563554,0.42905617285246744,0.5191613864612038,0.46102554828468,0.5022799653810192,0.4486503544021447,0.5322379843567524,0.6108749810169827,0.552302140336603
0.4263763820168207,0.08365687091854224,0.44331142132623913,0.5851986020932594,0.40435615729974217,0.7810243448660507,0.6372107578542904,0.7055790123217304,0.814827457309219,0.32945268573468856,0.8474595392646416,0.6043306834767933,0.5915557366523995,0.8554155561174881,0.4291106330858854,0.672661833320398,0.3352956621412845,0.6341525409401385,0.3101897785473232,0.2792406235988945,0.360284861253939,0.31832380499464175,0.44293431649429943,0.6196527526626281,0.3592863685575135,0.4492393059209649,0.21809748103732135,0.7563800032248299,0.5451509811082207,0.5932837495471508,0.5142484291511413,0.5449453308135758,0.29975360834751613,0.5270238075587631,0.7060362760572795,0.4798293731776598,0.6229172621409798,0.2771639527566294,0.3575587970954862,0.5198326356363856,0.4086084387079302,0.4075504042527563,0.38450142739697163,0.5549922684620585,0.569253493197753,0.5158419179870121
0.35763678875607485,0.11732399975423853,0.582965043807685,0.4583153804530777,0.4009065429368731,0.7627422746158226,0.5035420583194362,0.563303124411178,0.6563339767769074,0.3003379227336564,0.7927751471348664,0.6077439170436778,0.485287905454605,0.7306366271640954,0.3987945988596335,0.5743491063389101,0.288627965696115,0.554390949147255,0.26950761441683957,0.29979272220359837,0.3096937499643326,0.3948829412192735,0.38907984007657354,0.559842592022232,0.37572205181621937,0.4435653652301466,0.11720735622322784,0.6827885677077985,0.5624301005835616,0.6118897457456725,0.45540529182475287,0.45385633940558034,0.2268691251722764,0.626073143853587,0.8771038358455349,0.5592997601212621,0.5839827133796497,0.3804383270709681,0.359053569566432,0.6100072320076205,0.4099676248639712,0.46444805457709976,0.49444857600052927,0.4411718178057155,0.6253115866022282,0.4473365330414678
0.2674146967710914,0.14527741235513741,0.5695816166868924,0.563642862038628,0.28844621785637253,0.7102169324509493,0.4981758275249224,0.540288553561369,0.39468053511060136,0.24815486893066194,0.7267684704719706,0.6717601270005107,0.4267411916114111,0.7391712087548872,0.3810113023759436,0.5913216475111874,0.26946144999773664,0.519081348567939,0.2921419329072008,0.2573226740474568,0.34948530145528844,0.42039415929448437,0.37741490099601166,0.7705226094570904,0.3546098419381467,0.3986089529499204,0.0,0.6683532932115244,0.7177069656358367,0.5724770123496079,0.4667409593116733,0.45994905772630235,0.2708279291275226,0.6281509211256485,0.6167080476345548,0.5208600277463794,0.6206330935976103,0.33666698692858,0.3813219118811039,0.6004317967052656,0.3775104169923029,0.4518353656370195,0.42068308072693567,0.4270136851631757,0.4145991829415348,0.324857060828599
0.26922507807998947,0.35490085924926956,0.4871636032292459,0.7613056220563832,0.48428079067176866,0.6916351674034105,0.5766226453892911,0.7125383993860636,0.7232704775748341,0.26561559925264777,0.787447801923307,0.7393051999076048,0.6044593390101923,0.9522448564326419,0.5076011846049769,0.653470897597491,0.26485637196651424,0.4676478842491055,0.3214447834305134,0.2783450513262349,0.3393269941012933,0.41218788764209047,0.42470460077490874,0.9822798446762697,0.31481223637254735,0.3453675002294272,0.10023958651009851,0.6689140039809852,0.7067452971251033,0.4635455591936947,0.4432004762416553,0.621459819795997,0.30943778494771934,0.7039372814556986,0.5287985595064831,0.5848334383176594,0.5954970322952626,0.49337147459179104,0.38305186136466685,0.5774515819951088,0.4395537934527076,0.4649615979237494,0.39305060602258535,0.48106551481519727,0.39424604693847126,0.5301241600969125
0.34446000324168646,0.399945190351781,0.4745866429452186,0.8748093653182218,0.44052492968411966,0.7798365046933035,0.6951618545012767,0.6878579501076892,0.8204672668629799,0.31250458208448256,0.7807318174400822,0.6025394762714671,0.7005979835441444,0.8657982329011051,0.5936016430051761,0.7441536258714969,0.34471702388460634,0.5501989278063731,0.2897769644767489,0.28827353717907395,0.44041365166235696,0.5630950477374039,0.5133792322004167,0.8340546275665768,0.30538689206712855,0.43978251757594644,0.14874235253952045,0.6573329746611839,0.7648566270747158,0.49926026308298216,0.5155422180027592,0.6262884371346248,0.3362853987500182,0.6863839704533907,0.6038987651079639,0.4263474784787083,0.7438568984865105,0.39355659302827206,0.40850832148053506,0.6979448885788815,0.44999825413321426,0.5820118631752381,0.4246454641512431,0.6090342966447502,0.47731075628949743,0.7287407596310491
0.3953805010939297,0.5158083743161014,0.35510046107533766,0.6147942255167822,0.29318300606078307,0.6878699763656515,0.6931077423488426,0.6597363032391255,0.8169245977316718,0.35449049380946457,0.7081936674023578,0.4833829146740863,0.7033289095218735,0.7714299579614761,0.7045385662859551,0.5509915837061213,0.5262877027852181,0.593064489911657,0.5025217603092467,0.40077695207136343,0.4863865839209905,0.5684383639599274,0.6556642738385768,0.6370594033980067,0.47836223245231785,0.548707915968009,0.25850840433816635,0.48339644220273786,0.630070040347424,0.5291990779316572,0.5889513022121712,0.7397444211867447,0.4192029324610148,0.40231556197424406,0.47215013935034966,0.3362585844542962,0.7648143536875066,0.6938195648706943,0.4963057717882587,0.5577762420159983,0.5615108617698736,0.7797582574014462,0.5707117717324673,0.733074881109274,0.7302578119325974,0.436357001782135
0.48710800430404844,0.24498923513707221,0.467169567148088,0.38839892414987087,0.16403945811200232,0.6444766198356622,0.6614528161450078,0.6347114871989165,0.6229070222077571,0.48346741555811995,0.6401693558047815,0.47485657628942113,0.610253339813538,0.6529897696433825,0.624794237924439,0.4267607616008181,0.5147021231925583,0.6972902785618167,0.3902503521400694,0.5266471974579277,0.6228574318123139,0.7930827340694023,0.5578468519312108,0.5697911975269266,0.6431595167733962,0.5690528632803863,0.2507072149354689,0.39900815151769947,0.5043597171728184,0.4671259817901376,0.6041128729829481,0.7200672882049374,0.2694283699242673,0.3878027105103708,0.4912558183666622,0.3458571890130977,0.6512246254366498,0.3294719230179481,0.7178893095800273,0.6044267301159237,0.537907464372692,0.6472692267264331,0.6609878149077987,0.7258018832657009,0.6295418483532789,0.30484825807042226
0.3998910159860446,0.23214348662831918,0.4056447560347596,0.3520835985765945,0.18574365633520437,0.7542802657794849,0.6725197000383597,0.6447028011717659,0.5613499369325656,0.5965217979844369,0.6718335993747249,0.5411291882376009,0.8499537582497806,0.7002233711726691,0.5743748218902146,0.4058906759999246,0.5812299525303756,0.7539829542507177,0.6565176929775854,0.7194653157129633,0.642758197265983,0.6852630868724162,0.4897579449212963,0.5913527573124588,0.8190146716411446,0.5128594911169558,0.3415527861328554,0.46537092286517767,0.5667945463641528,0.6551031416676545,0.6667467381312336,0.805394834768806,0.29287390518278644,0.37180090196563603,0.4296587892565265,0.320523652369519,0.6623291142627096,0.4493681811442323,0.8240963228314312,0.6385769405034805,0.46038129328268507,0.7026180358884226,0.6325798918861933,0.7969605777831914,0.6401803096609716,0.32002208457833525
0.43426049552261353,0.13924482533677052,0.4068369810750987,0.43268513231452305,0.2201915577273174,0.5823090767382303,0.8004035124890969,0.5755486488853753,0.4850604948085507,0.6171854095527801,0.581086675966402,0.5820114570344097,0.5268076854948259,0.6481976991332713,0.45465408401686275,0.28706204820084175,0.5376846465640733,0.708911739593006,0.4128700238021126,0.6712271611302835,0.643935513598928,0.689903058999742,0.5207120199121289,0.6132364809220273,0.8708466207833626,0.5259644431700005,0.4204470893542826,0.6070485816525052,0.5698667179853041,0.4886115480767265,0.7951934834225728,0.737941197183364,0.32525762805363956,0.37896641880866316,0.4968902858286247,0.3164590674912395,0.4913050247783372,0.5054706850117326,0.7481028726356601,0.7485890778331088,0.36767004980047524,0.7000001984324848,0.6327575442341007,0.7334564628591405,0.5050424388128334,0.2448143362711417
0.2564648727142512,0.1115333405466943,0.38715763872355136,0.4482347391094427,0.1355243199150837,0.42402249127377645,0.9029922362697954,0.470952418426759,0.33773734529626703,0.7696754353689942,0.6374243129507341,0.32193929950538047,0.4936481852382243,0.583165100987357,0.3536057144633171,0.18660324685024637,0.3383153898076325,0.7604201956976658,0.33861920694128744,0.5319910485643944,0.6667964402593667,0.5078237706840106,0.425986946047976,0.46856801847732443,0.7772165483661625,0.42495422463003163,0.3686738633488083,0.4738918994331003,0.5619280934754353,0.39526724798872476,0.6525790994020132,0.6950346545074827,0.3265717469010827,0.2550691128758506,0.4423326902667678,0.38541183613925867,0.42027487652040785,0.30769593400082446,0.5903210815104786,0.6711322705799563,0.3067745247724448,0.677734005386314,0.5431134843699613,1.0,0.5412964231357336,0.07289240428988578
0.173661550141186,0.07478345323977073,0.3630421054723513,0.35096122862031,0.24755497779406904,0.3752957810340145,0.704793642324877,0.5035757806830063,0.47142867527714805,0.6759833903743127,0.6333940450474556,0.1764132708197561,0.37402561033102977,0.5444393425515024,0.3578087203467684,0.19309104628802182,0.2054995267127001,0.6193933022781414,0.2781265454398121,0.5001922532443565,0.5008725409027686,0.5141576020416305,0.23961412261866155,0.33335950197177183,0.6202538651824367,0.39407741204594765,0.45491665118351954,0.3904088171513783,0.35816434916421147,0.3884536749051646,0.5139656252655377,0.6940449862034591,0.31896494098738465,0.1657561971720056,0.45584050661309217,0.35765953924790794,0.350253826970916,0.46331593293080625,0.5257057186868045,0.7409616187408702,0.31797155783586983,0.7296018787434587,0.5091469591756249,0.8431007755183955,0.4953239022767772,0.07315926273365202
0.10298249942530435,0.07123776341901265,0.2529686251331662,0.19077765388263734,0.07700468272007688,0.3192698274435476,0.5659876609368905,0.3044247481404394,0.4068509866512395,0.6163265945695166,0.5562228010621237,0.15070897473014946,0.3657950101190357,0.4406318693512118,0.3659358008230419,0.10295090312366166,0.17484616316582816,0.3701554052344719,0.23159692217653,0.28831522859302416,0.4534262353571168,0.5253783808507736,0.17902831666308808,0.29153630799453384,0.34509387934085944,0.23801475775567896,0.21243119038782726,0.33497280382423444,0.4294546836209809,0.2599979959408834,0.3859971699786055,0.4602598930323081,0.27128677388492584,0.15041351172207237,0.3165604915853802,0.28752592563844687,0.28368038183888983,0.3983799730803469,0.40678238722413035,0.6046104844131974,0.24733148715708694,0.43489287497719065,0.4744433396330328,0.41939843153292516,0.39333615824472423,0.08327908338671502
0.11335456811240677,0.05036087291842198,0.12939888103130817,0.21595833540562653,0.046255929932776045,0.1837062798914207,0.33013625254856727,0.240189811361628,0.20197094996769582,0.4073703742711009,0.37745772853691106,0.10682034995791748,0.2031689228711099,0.2440884332192205,0.20764997285219183,0.09810520342801984,0.1094355116020092,0.24069012405323906,0.2263339091972949,0.20534711314724896,0.5837089433902201,0.32437706515458503,0.11178425255756567,0.12564446107894034,0.335421574226669,0.15471810980893888,0.570855644833047,0.2585698394251553,0.26220197757529623,0.19646757861878042,0.4258129562821491,0.2982885794044692,0.16259896819156355,0.0870899563063097,0.18502674269257668,0.19827519962301746,0.17345377841078324,0.2634330219134093,0.23276617856343335,0.4025174484396024,0.20708282729212726,0.36521144659546223,0.425803416462408,0.40489018031137564,0.38197918503645245,0.05530627738560691
0.06960037316311671,0.11082108721060367,0.10497290769467743,0.24532592362848632,0.017068267648928707,0.17967708233065338,0.26587784126869185,0.1696388739462528,0.19207482974190115,0.28454548762123,0.3443647228048877,0.16461720263840462,0.11082333411998244,0.17714031067089223,0.21955686602028524,0.07595019429635778,0.0572954386774214,0.16811392838723738,0.21045607141369244,0.18048230418232242,0.3831140863651837,0.4511762357420744,0.14519857829409236,0.1118086829073142,0.30272411516382197,0.0627883756746444,0.3388654039568549,0.16799903510279723,0.20856200143540904,0.08377287326894924,0.30587174796745004,0.21794903670052018,0.11431556363094975,0.052207470206120675,0.15638822811237735,0.11232733799759514,0.1997278921918747,0.18635669080566908,0.17140970299783898,0.2466588588850821,0.11640827582043684,0.28526425521709026,0.38999020454059596,0.28529593658685615,0.3547782729158139,0.06423805476409337
0.0575446880965619,0.040116505628172275,0.12424380611011232,0.12006346753981853,0.038683104082967885,0.10397143097778797,0.1273802209344453,0.059136819729106484,0.24410059072212797,0.19310555932039933,0.18510578004995512,0.049373116966184835,0.12708471467368965,0.11709928976146358,0.2252807485847512,0.04975990734115879,0.05414301937272224,0.15183692386659922,0.1448850867521228,0.1416019472271338,0.1491879086584515,0.2822263873561047,0.04124463060123927,0.08138514612035523,0.2224032699550407,0.07084037589124116,0.2153722781955143,0.15093250079342962,0.14626510174922414,0.04272944195531839,0.26439107188493877,0.12996164693343468,0.07446488786371773,0.030554198523608092,0.0773397925137828,0.12105927915056522,0.17705242571615148,0.18572267032451495,0.11406585764090167,0.16338530149967237,0.12292781778393153,0.15669980212016366,0.27116919977080806,0.2180123175437496,0.18281009446307905,0.05752355921506569
0.02865050311679502,0.03891163488420117,0.08107918237221043,0.05494530487326679,0.024381223154727544,0.07759315255636112,0.08777227760646161,0.09990105890055988,0.11807992316606959,0.18237891586684482,0.15356076677762115,0.05421850246495816,0.06612427466792814,0.14496521620083816,0.1391167952717038,0.0430406069062465,0.05079308730021023,0.12876928566944337,0.09975816305277417,0.09204483474953495,0.1141311670658052,0.11019607780408569,0.04471594816556344,0.12894242016227203,0.1596110310420625,0.044540032041401806,0.12020094404695045,0.20628385192027285,0.10895355594971147,0.07406303371313987,0.16232021146427963,0.051128417658229404,0.07337001641941393,0.025356151494236576,0.07176942643031371,0.11617009085711727,0.08762076334405812,0.1535315297298479,0.12559935312906984,0.09945049268464787,0.060773283606735076,0.13225680115331784,0.1986965836509418,0.17470511193058189,0.15363424140008908,0.05946999758231468
0.021871997849224376,0.026666609070281122,0.08242353608389216,0.14336282439526857,0.06412869557977813,0.10441959120373476,0.14617460305745458,0.13430797042542547,0.13146485788653803,0.10842990785664411,0.13033674324557346,0.06049862668392454,0.10219412483162296,0.17479905789533498,0.09791687757328404,0.0536517288663807,0.01781283812101215,0.16567237472797952,0.15089379624494992,0.11519708812661641,0.13696514205417779,0.13816711450628694,0.03522554443746273,0.07851044819216578,0.20668807307624135,0.052554887967833086,0.16013590373436673,0.23441870969239695,0.18254992408118081,0.08168083352124218,0.26171625264100534,0.08041135282928255,0.059021942565394295,0.0209831535632707,0.07753511863754935,0.0714260583852531,0.01353372631550815,0.11531918993771058,0.1269881382867601,0.10346445689996507,0.07401124643197698,0.14796776617094476,0.18083443480407133,0.11986691585036857,0.14159665886355619,0.06822271873133176
0.016819886459674492,0.025238143153797188,0.06535814193922818,0.19940518541173166,0.05992051700141083,0.14522146166507569,0.1702092787698873,0.09346598909719926,0.08834669961559441,0.216758817853393,0.16887406240440167,0.0686686912601879,0.12267856698379223,0.20864933168361993,0.14694179048196568,0.04915628863199589,0.054179548409141784,0.18292258152640425,0.18887913674341517,0.17560143582320506,0.1961318281627977,0.1819458902865176,0.08288380381004218,0.15394638448035441,0.23954768834095277,0.0695208393153737,0.18433861922387718,0.26722342967120416,0.13743730646411045,0.13073240013706758,0.2035104005427331,0.09683861794001825,0.027012798414717338,0.02849245270361022,0.09112979002206907,0.09323603578332357,0.0,0.13885449327632987,0.13632023086957695,0.16763563142563276,0.048267189777376096,0.14515814776667252,0.25593195446626815,0.22418568297874747,0.16307548930265134,0.08066434403859543
0.06744955081943302,0.03207663846101318,0.14539912759648999,0.20837690604814119,0.06266221069967712,0.23423122653151465,0.20850295957848772,0.1282883988309108,0.101039819436004,0.31012775105319995,0.25792930179823287,0.21650129080740543,0.2215214295005358,0.24316236605391964,0.1662250877173859,0.0842141116242927,0.09289332964738506,0.24532993314687665,0.21302327080218708,0.15587195088134942,0.2481687268949263,0.18981299177987299,0.2631653733089168,0.22058297754510475,0.3094211770076459,0.14462625822635425,0.11611963140248713,0.27593313812426284,0.22818170633106016,0.18419389059885422,0.32546438262471034,0.23132852842404955,0.08586440643170586,0.048335503662473016,0.23501448085167848,0.12422393307879279,0.09834214909993393,0.18076787270177613,0.21298503887590509,0.35784729340198346,0.1001653174036381,0.4089674955173232,0.19805563907608367,0.41491448569234674,0.2651875587524042,0.06358297758133333
0.10651664890357129,0.1257833093958804,0.3577709185691099,0.4478629966873475,0.39877902234588,0.5054206971217964,0.4744926583304139,0.41899155923591835,0.2533751526686595,0.2950658051838265,0.3795020220226015,0.3842655621989395,0.44069603041627115,0.418594141018387,0.33894681900710844,0.2451020042876642,0.24493866990435734,0.6203126855390091,0.1534922288905896,0.1780988986792783,0.32680873753275247,0.3710269760696579,0.5879778635154295,0.5208874585987283,0.37430269316451864,0.25314384325628625,0.13262538540558708,0.4187765090359969,0.3760636818061743,0.26556280978772956,0.34870469703092716,0.5525673515903655,0.2080895191191775,0.17767962987102445,0.29399404155376785,0.2972895373553715,0.4485699197214869,0.33936334584508215,0.34686972193104765,0.5144009282411793,0.2134031383589052,0.7310655701576272,0.4017764700561975,0.5931383188360828,0.39187974482505117,0.2707279551099452
0.13010389133939404,0.1266741181227563,0.4770078439398717,0.5768187516294914,0.4599739238227496,0.6110055947839016,0.5796241639328431,0.4542032821919932,0.3323998009041428,0.2714828205478149,0.5770781837035274,0.573303957263589,0.48780897048910843,0.5633628355797942,0.35986133254920794,0.5985989342883006,0.26681031493772184,0.5605739157099685,0.15239311760795365,0.17448290480012058,0.4031147538015585,0.34779734662538164,0.5570272282776677,0.6325399661176727,0.35674175121935836,0.3507278414158565,0.12905826311307017,0.6026614376335372,0.5396947706189584,0.45031388319255,0.4290186409830514,0.6849574835072982,0.26145742493235485,0.6010359894079358,0.45674431775583735,0.7137229087933117,0.6214967675546611,0.3101047238156356,0.3337598965978887,0.5611262922131754,0.22525191695424865,0.703343780776022,0.3667112847336706,0.6532315575137337,0.44965246524500563,0.3010011917353531
0.17725340481525947,0.1083615753868422,0.6740331331906155,0.5224292058713518,0.3516582520315513,0.6003809138388678,0.496049808894907,0.5572874734455897,0.47512146015193873,0.20381207764128367,0.636494163393942,0.6132616130346322,0.47207046774513306,0.6273899844043733,0.33275887013691985,0.6543622365764692,0.23611124071549555,0.7063792692078208,0.1953407723318017,0.2138936323410156,0.26739160683630114,0.3669957723547825,0.4103109920133725,0.56346817682867,0.3083507478739665,0.2730288806300129,0.2105118687735692,0.7288759121968059,0.5304191934400704,0.48576716534222214,0.35379631920199045,0.5925162086340107,0.18021793922770724,0.6004673778968586,0.4840398312917129,0.7990641946571698,0.5451217011572543,0.29590122723276474,0.23129660359751386,0.5227153363100498,0.26013654799374597,0.5142299523245308,0.3654163907885405,0.41517713849340343,0.48296926331399886,0.4134564567365826
0.22738945208151407,0.07668297736995433,0.7170909034836072,0.5780445992157814,0.40570836405544625,0.6077421270465737,0.602275169149186,0.6164624133575015,0.42807961708498876,0.2206121681174493,0.6415759665450049,0.6034417333558645,0.4798340266148756,0.6554909693220062,0.3949709316799953,0.6710087783247324,0.2729879528042019,0.6579154169863634,0.11220507788351723,0.18990534059260125,0.3077398317174337,0.40808064466722793,0.41496501548874454,0.6095032578988735,0.29894790333134447,0.3463806591633822,0.21352666905757528,0.7267226425546878,0.5536486370566345,0.5753483596430067,0.44792395464816115,0.5509392206358034,0.1844776996762903,0.6487745803404452,0.5557950536797165,0.8535945023931387,0.4848671690996123,0.2670060535202446,0.3565488039111479,0.46943642822889364,0.2596457184660622,0.5448187286904931,0.4287634248492592,0.4217754783626292,0.6274421558265038,0.5863232946367917
0.3321421963650854,0.18606549167873415,0.5397477527778941,0.5158702088356395,0.9447170924634473,0.6683937222657634,0.5023402740189414,0.5371608248187258,0.7687214033966605,0.23009216585268114,0.7679265052136239,0.7521233645826028,0.6152794452139683,0.5749303453640258,0.38106136603236473,0.7352787205839605,0.26887099770027156,0.5974773501028923,0.27458048401349944,0.22206452625702175,0.40653296722550103,0.41846666903409757,0.35596624430019014,0.6346158181827198,0.45460563784562136,0.37633788032675475,0.13147000073465775,0.7312481489114521,0.6351354546794027,0.48202842376787053,0.46613989117956367,0.574447095817458,0.23963857296715083,0.5673191127750488,0.6488014522286765,0.5756638438758857,0.5686713501789813,0.3339285371168433,0.43083731422013116,0.5254830259053584,0.4260693087387596,0.4503699595213687,0.4639598362648894,0.3934021555280244,0.7805344849593452,0.6055760291841888
0.358348034258174,0.1326445032424023,0.5168740794146928,0.4307122055721178,0.3612668082941173,0.6766095339175868,0.6919598721995777,0.5542951437337724,0.770520957148797,0.3002249454006032,0.6690263994755364,0.6167563469287981,0.49493643300389856,0.7865512562112439,0.42935208856775153,0.6311605139122116,0.34621612935329676,0.5713354124085512,0.31481285360109135,0.2114617257796689,0.31152112498600804,0.47077583559030795,0.30257648434508916,0.6313858899496989,0.3811683632832949,0.45881972749232813,0.11348742608296367,0.7429263114497365,0.7702647702435647,0.5533719058762719,0.5280120534280891,0.6209290770639164,0.26841889645744066,0.5466794997434145,0.7927795184539406,0.49095592084897116,0.6916273386293824,0.32012064565137843,0.3873892006335857,0.5516375836863197,0.3864488226966045,0.5688157017097377,0.43828066310410696,0.48769908143418134,0.6688536632050068,0.5329071129521421
0.335856294570858,0.1327517921636694,0.4933481086059942,0.519177625169194,0.42618588864350504,0.5637803499851176,0.7329096531228579,0.6211579319168403,0.479942322509667,0.3098337023365382,0.613426382697589,0.6407543189609554,0.436242492250388,0.7043032809719593,0.4365805629992626,0.6007876251530563,0.31591421295186156,0.485816873061671,0.23684458619204818,0.2557603841930148,0.4157204835740294,0.28132451466041336,0.41636026906620494,0.5615593447958476,0.4017964227436781,0.39475804299320233,0.09940578985770906,0.7414124828149746,0.5826388313764653,0.43697168085218185,0.40118606168544835,0.5036424760715524,0.3521546939022953,0.6354503894183395,0.9046916939929224,0.5103356239644634,0.6849656858651115,0.31294814982084046,0.444993225251929,0.5566889311263074,0.385809866844098,0.5519631596065122,0.4075896223094819,0.5023338709715781,0.539662506169488,0.4062897579425646
0.2554643638240335,0.1585612757055061,0.46085966187541116,0.5164452752907203,0.4076907927096714,0.6676156848651565,0.7110902939793547,0.6279759635744748,0.4627425013294701,0.26537359429176105,0.6660983390800626,0.7053830512501397,0.5096168796772831,0.5942917601056599,0.4008599853121605,0.5916531077200443,0.30784908694315805,0.6132683857650476,0.30352138414100865,0.2128429576974979,0.36152000673058626,0.3783790495383841,0.4414950810373554,0.7195294017449668,0.47293906160909066,0.3372857380806383,0.11068006445101161,0.8893919075393587,0.5618421241254292,0.568345917239111,0.39844868936062766,0.5267909353378927,0.30787976849031623,0.6310629326417,0.8529088273221319,0.6686151548942867,0.6946964337017408,0.3390158617994083,0.39482253370127945,0.6701060044645953,0.34248069899566447,0.5647320658237055,0.41420289222863205,0.42982948426772283,0.5433771366875726,0.3977170861837881
0.19916709479563643,0.42906599821915664,0.4813909280774391,0.571615816075403,0.5576246429992238,0.7577817629891805,0.5855833635674041,0.6849743840059014,0.7799163311336406,0.3134672569795184,0.7811510734117877,0.5896607982207345,0.4780349579550317,0.9640700651452209,0.46640447243977967,0.673346791271808,0.3846410570505432,0.5047617523858229,0.4672385464168914,0.24546205475977748,0.36001071188901823,0.271715148733629,0.44161886334491524,0.6771100108403553,0.4060851062956454,0.427697746479167,0.07553271050578225,0.8701883807709984,0.6295845292040548,0.5070700415625304,0.5642107937480664,0.8060830289023833,0.3035081650047012,0.6608843656164115,0.7066486470766079,0.46801408412462214,0.7436045465731298,0.38956317571920074,0.3941036711471945,0.5648847422955038,0.34705780647869866,0.5198604174619483,0.33884642024733075,0.43835775096498336,0.43615415278666986,0.5120164816988444
0.2851779250591221,0.45734515977807016,0.4055305574112261,0.6612159860464764,0.38344179443987386,0.7616844299777403,0.6383700440988006,0.6231399773470679,0.7980347112935448,0.29626621376833495,0.7598590266212614,0.6619656379462099,0.7101441951043181,0.9574449234907211,0.5708624350843209,0.5900969968436139,0.4163601763619056,0.5676934821055911,0.23233687975550404,0.3057254332174351,0.33801996161456205,0.4168321911040901,0.5563216260837951,0.7167226920909378,0.4018056544886308,0.4907392571782799,0.0980635378371763,0.7948118478799688,0.6334834228667867,0.506764758923352,0.46794621610554016,0.6446462017157234,0.26512353763173646,0.5648552728965931,0.5568956592867124,0.5147781998686034,0.73530317094477,0.6722202257007036,0.43299536496673535,0.6271152651730085,0.4236437317653352,0.6265748474104433,0.41692647052349785,0.5630435959280058,0.5375701183760011,0.6764503627685295
0.4119323412895594,0.4796508358123265,0.40712508732358466,0.5730658597080796,0.30374848638891,0.8151597376777892,0.7813390093332574,0.6049194977165563,0.6700020051520236,0.4407006204882298,0.7088269302418284,0.4463296170529414,0.624169507810032,0.6866255197076365,0.7560849084669427,0.497124815421195,0.5307014744476842,0.6033397501285667,0.40499794854206783,0.33595500527109484,0.5009605476624246,0.3937720973433599,0.5938412401488878,0.6600629613012751,0.5432532358118547,0.5418607666069027,0.33193915460562473,0.5305904811795283,0.7671873782595179,0.4936197057228476,0.5796067256837013,0.6620808143275987,0.4219820001131611,0.4928225352524813,0.5458255555773631,0.30377109921934514,0.933092476931251,0.5928197037390363,0.5410191091900355,0.7034196121304166,0.5111016140622521,0.7905472493179875,0.5507045615146663,0.6806456545934982,0.6514692793815849,0.5310605232717837
0.3990678459938347,0.28484506812801347,0.458044415118954,0.49080089107303965,0.20913232699381507,0.6896462035940618,0.5517200583632583,0.6913339976676026,0.6351028907049192,0.5721081236016592,0.8623806591595023,0.5147413866349583,0.6933795033884865,0.6913025967767963,0.6312000349646865,0.4151156407671481,0.5269727687069578,0.673621107949234,0.5209558668173709,0.5485911666789719,0.6059759905610445,0.5156928084628725,0.5407867471803038,0.5261295764696873,0.8399168538523691,0.6914336625355949,0.17387345362831375,0.4058275730624792,0.7704158078732652,0.5481462888646084,0.5747550332654785,0.6635148625396959,0.38412476877175883,0.398169596220206,0.6053115788078625,0.2884685134864058,0.5676563400360884,0.43146441234541977,0.6672591488145465,0.6961666653489962,0.6228294543020267,0.6603792056296216,0.7235429069518691,0.7038834737218542,0.6473208126899419,0.2954575874204566
0.44424499151671853,0.2529937574113465,0.5130059373064925,0.4723714809649901,0.20134117246979083,0.6620669634531448,0.47179174112701205,0.7696680235604109,0.6305377630253819,0.7899778649381864,0.7294066195529044,0.5924393918279655,0.6938987690507089,0.7441106258357845,0.7554255016181964,0.36215936372009466,0.6015182414760453,0.9869336258977452,0.765505133106653,0.6682837290368603,0.7387496263912894,0.5521160213505082,0.4666690224525887,0.6338952585361822,0.9253018408039465,0.5663142588911568,0.2653671144793605,0.3593259183081524,0.7127088304548592,0.7088440036669054,0.6798466178332339,0.6539367857260836,0.3241158627279329,0.38254112704147664,0.4876006971061613,0.2933879082205379,0.5490816731115636,0.7147440005555713,0.8352258555965942,0.6742750559912312,0.40008085385010794,0.6094568462165618,0.6460595233881299,0.7320893633365082,0.7002430352179096,0.23555961765209601
0.500859259585578,0.1487921107453033,0.47991243942276784,0.2981986176662462,0.2153788638846454,0.6736743185981028,0.47000465149088677,0.6494787966998612,0.4713220693804356,0.746561734863122,0.5394040758997203,0.5355329260381094,0.6002576946829332,0.6826576898998025,0.45504811495801073,0.28082344568776946,0.49434063388369665,1.0,0.6341920964432654,0.594630231645006,0.6524393031862177,0.6539692594674668,0.4669371176497505,0.6338397672940841,0.8066968822478289,0.5501409013138601,0.3361714356085662,0.49011879054795765,0.5789547732646713,0.5526188184205063,0.6269990299957765,0.7246588945429369,0.38815582381309194,0.2978359539576678,0.4667569545670677,0.4008275100387727,0.5707955693771585,0.4841052437209788,0.7554820564819115,0.8428087606791753,0.29052670714875817,0.6683113220164365,0.6375330962144147,0.6787006891635319,0.5800738901229566,0.23131558567431174
0.24596680697174322,0.18325701663685134,0.48085141682563304,0.49060955449082494,0.1379622454828584,0.4735870100292075,0.6836921313990092,0.4599706540308495,0.281554288113533,0.9645968374747337,0.6421981283055864,0.4142360838344512,0.5135846634062904,0.6398428054394085,0.3944087545008267,0.197430903688032,0.27386348510937997,0.8082142707065295,0.3796526928392487,0.47412971536400417,0.7500312759243135,0.6374302059185085,0.4222064903195568,0.5655403104954265,0.6422466406730869,0.43410256780127937,0.38867235831319513,0.3875462867926162,0.4472186575592396,0.4485612305585153,0.7137287201964173,0.6903982442655998,0.30261793341124665,0.18524962120868924,0.4378960703547988,0.4409392089885909,0.3777064929922196,0.40628986741598344,0.7761544125411713,0.7731228121286696,0.2647718853984963,0.7238683001165617,0.61206759014457,0.7421112262062024,0.5556705686982858,0.10955092701581384
0.10375719111012013,0.13644929174169562,0.38327127690793006,0.5185825502670667,0.07735775184734625,0.38388003529036085,0.6391481513345417,0.3783330335948022,0.16001112538681664,0.9030457094660471,0.5941535806449127,0.30399225195423035,0.5282635667725305,0.7134228728726508,0.4871487277590039,0.21427782619025376,0.19488682325306478,0.7075387555066379,0.448396087458092,0.3903518731551829,0.6183338825370124,0.4919968820925204,0.3094906504559095,0.4104077766076299,0.4569437320691942,0.37182229805819306,0.617065043409813,0.26811700724820564,0.45307550439656297,0.4294463744767023,0.6123754152155064,0.7565421075517719,0.2907312442119822,0.15061165812633226,0.3988806670901935,0.6058264340713578,0.3703355151597679,0.24181446419629438,0.5992430739591655,0.8430185629306917,0.21948359459280728,0.6340805639268053,0.5315631736382086,0.6456821783938007,0.6499495077191717,0.13156795657648004
0.09347775213195428,0.039253441188585356,0.26802004900937015,0.44172736917733213,0.08176745692774925,0.31003394558473046,0.43212120428191125,0.44331839864772316,0.14048976036579627,0.6055389663835871,0.4264311243812815,0.21310282518445772,0.39698633618593326,0.44075830491261037,0.3283826405486977,0.18605504965759956,0.1576758047111284,0.42685115441705435,0.3314666051600425,0.25719339875458364,0.5179788400424812,0.4416782771901875,0.32253247465417695,0.3283941793638444,0.3295695586854086,0.19661519829544882,0.4421240091544988,0.2118389184635908,0.3456030488667932,0.2844321387700002,0.45693335531165585,0.5279668234911775,0.17869543315955216,0.10230696507883413,0.2931262696159569,0.42410107050019435,0.26084359534547413,0.2532683954549343,0.31448352765151066,0.6872377431930229,0.1793512470452932,0.4942351187872242,0.4185455124496715,0.4046964539464518,0.40945280556159713,0.08645966608077624
0.11277321464931941,0.005560219585703012,0.20185156491065276,0.2679862734338204,0.10386794179187289,0.18351729451455132,0.22409662049977905,0.2880185009623914,0.18236333536634508,0.397763674177681,0.4531342609164154,0.11095802530445405,0.2546888576000048,0.29290668005989795,0.34025096670742716,0.1349426998878635,0.14502353747824925,0.38632962664797954,0.13704541200249354,0.21397688624731268,0.4465003192682868,0.49420783893954184,0.17833172711229583,0.22921966433794444,0.24698166906139293,0.21781320103836416,0.4071069548332517,0.26213990646145885,0.33355094158001414,0.1881768106235142,0.42467260497943676,0.39792342818797555,0.1298492864543663,0.05801012314955619,0.15438371749827778,0.24211142865723473,0.13999826882536248,0.22232380956506542,0.28676239790030894,0.4762144222471111,0.07255912154481335,0.3431887003523126,0.3473651279476339,0.19190899175557347,0.3674968582012927,0.1541953953167708
0.08510305970472148,0.058751475582319204,0.17435671953921575,0.2961412525092033,0.034309455009725286,0.19462648003039262,0.2281101806043205,0.25287278526954393,0.15093287634281108,0.34479018705474446,0.3753102355703338,0.1269469188716285,0.1908223776829309,0.17305167392919543,0.2182455990907754,0.09021702422703813,0.09687472769722774,0.26279344989140074,0.11696770956826137,0.22309849014155236,0.4244550519310289,0.4157651707284641,0.19414367297752433,0.163117386124974,0.2834477740939711,0.10633581859145072,0.30427989507058856,0.17253028613738963,0.24857216120005998,0.09633642456143074,0.2542558264966988,0.2882799506846707,0.09530955916434103,0.0328790842213631,0.15844771482745096,0.13932848347897908,0.1255396773687919,0.10735321611687772,0.22631115304804783,0.323910306786384,0.06853862356335504,0.22872508807730774,0.4115820651059232,0.21270020547811702,0.25413486859872453,0.1582066819160029
0.03699482341993424,0.0751177227300699,0.10292182704820743,0.14279981594621666,0.04608005329675114,0.12098496750410323,0.0806853080988291,0.15861358330056083,0.13325293055930956,0.21861208993409223,0.1772165081881697,0.07406778918754582,0.07037279462589556,0.14728749633997482,0.15488979176308,0.04639821724147125,0.05822207294418537,0.19729183802560188,0.18402239951359506,0.14796138171687795,0.23353251704753486,0.10938073761936723,0.103985010453375,0.13251697443252697,0.18761099455181154,0.05183763849585059,0.28312472976358605,0.07227639651340945,0.11473740005287951,0.09818608671401614,0.27208745947230417,0.1915659689575828,0.15740121654316597,0.035328587599983904,0.06197086826752682,0.0997502816644543,0.0621996177581514,0.1604889768229466,0.1259281205795184,0.16002321254165494,0.03316889188945116,0.12759454409974363,0.28445401859295916,0.3059895288912972,0.17241464657195188,0.08913014504660091
0.03749398039020314,0.03289855746238789,0.04005769235751139,0.19291188445303933,0.026684635335376412,0.16537782791988728,0.13376709197352127,0.11556319279030283,0.03125493742441461,0.15833180748300055,0.1522493536999819,0.05877493679256243,0.09771751542190299,0.14808177334464284,0.12272530443284435,0.06399829554638704,0.034448481757461985,0.1922940607554229,0.1351687080387053,0.15558858254514224,0.17808818100606055,0.07196093158391614,0.05317283599016549,0.08319382517250903,0.17738008126115887,0.04546615122464262,0.17076615951304114,0.07481500252700934,0.11679976721461223,0.10526106925923176,0.14765085173461887,0.11523632677194456,0.08257475109630476,0.049482947901844244,0.02647709745304333,0.09426439622496349,0.09505027418294308,0.15781919116992016,0.09198443586246172,0.16288328686815895,0.061512989292523884,0.11773321275984998,0.2634016754422117,0.14626589943239712,0.14404077916870178,0.08048646735456516
0.014670391853248303,0.05614006460488588,0.021799961034075895,0.21698271138423242,0.04525557031116197,0.13748757797073305,0.12485046863111401,0.10481274015835514,0.028108284415601873,0.20941226062431745,0.0905402556390527,0.033585523546491386,0.10076065566435677,0.24007858728508671,0.09978973954130904,0.06934358088522757,0.029749160017750385,0.17803521858272942,0.16528880362396542,0.13180198692965225,0.19235086009823793,0.0172134478772129,0.038870876527880946,0.13737353331612945,0.18857678234223457,0.05984377256237437,0.24327711457466206,0.05804713494280082,0.08133678086012922,0.07531673161686495,0.19150017584103818,0.1322836444779658,0.13520046997965704,0.03652902526926421,0.08541973999957662,0.06686782199614091,0.10171183412469213,0.1569009306812552,0.08975955146607867,0.16104756770225737,0.06398325970053373,0.139310015558391,0.2403130235317191,0.22628286153965627,0.12826964744046054,0.06065525153784547
0.025112267266096326,0.030885898168094728,0.019104295902043905,0.17722599581307688,0.06287533715052443,0.1649665649012454,0.180105159958277,0.08876334914743955,0.03627026630301862,0.2580503443621357,0.1097036532942217,0.05105761089613195,0.09901431077063255,0.14047672762215843,0.11957040552619669,0.11977544786877982,0.07430352058878853,0.2607391848804025,0.1637697409910004,0.16576346162182215,0.17228748498446014,0.041628401073430556,0.05611122866513381,0.1558815857505389,0.1695274344959821,0.05492484371490888,0.24026967483313272,0.1312995545457664,0.11520128073597803,0.06888229922767045,0.24370415259236075,0.1291884063218858,0.08674287045126572,0.040769319241925624,0.05984612920976111,0.11939930674047036,0.1210495715041698,0.17821991114994856,0.12783579138440232,0.19570711360491208,0.05310823978001569,0.26285422553864785,0.24807869571963578,0.17291632213430966,0.2295516059413872,0.10387467468483086
0.07802327292489614,0.08349985566671127,0.12248521178476116,0.2790849188947423,0.12559234007272654,0.3084839536356899,0.23062171792594074,0.18115523339488712,0.09283697537738593,0.3101496127262964,0.21589812784362603,0.1441485743849551,0.1532009735678071,0.30321424016184184,0.15011818147432757,0.09017409935217958,0.10772807241685046,0.29561511114475303,0.13742063879988603,0.12623070192842656,0.43174744404359017,0.2556050622395258,0.23975297161984893,0.24954641061244204,0.32006526031676874,0.08868887051377725,0.2183783125351022,0.19976489118449053,0.18080486585726652,0.14135459984416812,0.2940912923483622,0.25885984656956934,0.11214161669112657,0.05145622847700556,0.13262408808612008,0.17006224317465943,0.1857192397277967,0.2948755821912676,0.189159929638343,0.4185115638220914,0.09622590115278981,0.372232303139173,0.3532198282827198,0.4948198264429637,0.31918723714479275,0.09264302418590978
0.14193622365183584,0.16874070457344903,0.28822651342244887,0.4705450155632142,0.3244748593091232,0.5439506104151625,0.45959714145975694,0.3605641535806587,0.27674461498046876,0.32028788239543166,0.4317264409031588,0.3054837294321096,0.32832775847388396,0.39337141109482865,0.37689324495903825,0.23119053147738866,0.2400724368391183,0.5218782136243415,0.2747180242029001,0.17915373633447032,0.3875239247367088,0.5329343409912488,0.6814577400556506,0.4259704015986738,0.40376978835368355,0.20026068191738855,0.13158915366199758,0.41304250621665517,0.3499506528856418,0.2577205325580079,0.3768072600422261,0.5960870375653828,0.18227324080042112,0.1948049327536362,0.24540336993419443,0.20492621110652878,0.42086832042700945,0.4433630184138134,0.27169347410085315,0.45028506937671203,0.24888536274057002,0.8652260474761948,0.45228881761630596,0.7479659410189128,0.48016515214571814,0.3295131486962305
0.15987694854475548,0.151347811886137,0.5201931572411109,0.5655499271151525,0.458654204446758,0.6170031502192119,0.4167894699218806,0.4917304995135618,0.442539833859271,0.2688272521051655,0.5151306459746616,0.5831342406537621,0.4245237625070428,0.6250690893408236,0.39898269355745236,0.5887588707579344,0.27797325541123635,0.5022874078123173,0.35505343318389165,0.1855298202226277,0.3573821563717723,0.4169033731909972,0.6316687969916234,0.588939171415168,0.4530283937689531,0.31002547078596887,0.04963459362916203,0.6254812836296816,0.5607851722542311,0.4188180765480168,0.46637323956854687,0.6829202057543917,0.2604841513468775,0.4822490405687895,0.5806902051122562,0.5507238228623549,0.636471566335806,0.3641024331427683,0.3270744471465343,0.5266111836078143,0.24832457286692686,0.6325852164403512,0.4194509893376309,0.7048862989848297,0.47295243321395214,0.3418662455379101
0.21384557363287027,0.1502699641940745,0.5897878594077933,0.7036017903413865,0.40071867568208785,0.5604466522959753,0.5941328452723801,0.5038732289817053,0.6067505073156773,0.2482592195976491,0.45202105771681367,0.7611987381657794,0.39389443399142765,0.6489923740984036,0.5440677806273115,0.7643366425281232,0.26051046317854787,0.4824702785188436,0.28903280876887805,0.2257512336745302,0.3924267483727413,0.3107110392839626,0.46506486303174355,0.45939735692793165,0.285269293586017,0.32773612941824587,0.021926607632460668,0.7107996674961261,0.49764165827302687,0.45574192821733706,0.3500574391385164,0.6977595378804944,0.2911661108820649,0.5496396338298002,0.6058062553068785,0.661419019202955,0.5953210469896963,0.47970470238916335,0.355581035977333,0.54228199348957,0.21431960531629166,0.5158957908585746,0.408190684416097,0.5044132324403083,0.4341083823685689,0.22954113067164958
0.28190974893992765,0.11578390969458684,0.5975953877780822,0.6772272155997976,0.6086258914424356,0.6641953307481341,0.4975773222564823,0.6127912631200073,0.7828695263896062,0.23181781887173733,0.49695176670887925,0.8559878660044082,0.4256025877240902,0.5748041230732258,0.7232533569687946,0.8247389787340272,0.30121095099415535,0.5269749571528508,0.28629266078118176,0.23439539037950027,0.34605229377335067,0.4082840149698943,0.4440414230024819,0.5813573900033218,0.3327686301305452,0.33345165693632356,0.06313994833918299,0.7810839450307512,0.5004197822459328,0.5791016720078384,0.3934429886559886,0.5441859801829739,0.21960642057157576,0.5949214022737798,0.6205720433398715,0.659235247108344,0.6458481046906929,0.28364309789304537,0.3275674542898405,0.611391769062627,0.28857235928898983,0.531333249591827,0.38968111638551706,0.488420778246936,0.5056548219849023,0.4395573706385797
0.3804626264519089,0.08899173401900347,0.5223307108519764,0.4833098656399862,0.7298118010451949,0.6506035285807986,0.44836088550165165,0.5915328269745803,0.5868728909488236,0.2727105373880003,0.7109969550708115,0.867027485745112,0.4625290373515384,0.5821842420276113,0.6691922501249936,0.8377515140152155,0.3592826521347964,0.5417273690183405,0.48634181008116356,0.2784518515301736,0.4692095747240603,0.22169704187493308,0.36891317139053303,0.6701998506621727,0.44586361650902295,0.4989043695927163,0.08004736572126936,0.7454185055634459,0.5720302659371569,0.5362692936257146,0.4935993671389493,0.611936485931579,0.29268253910096276,0.8016260985074516,0.7623444975371351,0.5200269935090224,0.5229152657066987,0.3218791217539447,0.4277505139193093,0.5165229769005548,0.34329558428176565,0.5704456081339632,0.41632717200303965,0.5421515881794172,0.6398553524529268,0.7335865004361456
0.3234001032928299,0.08581414763864932,0.41692888001274464,0.5053152331826898,0.32500187520547236,0.7633574430904868,0.5575505566649149,0.6197784991303997,0.7393984415943358,0.28145123164734054,0.7299471992428068,0.8400825379037768,0.48445364980442274,0.8663728746301955,0.5828825085811595,0.6324077679288042,0.32923786453377707,0.41946457820621597,0.3123610444636691,0.2189395994386091,0.4385122752306761,0.3280375274899764,0.35146968721538974,0.547930050333605,0.387996450633346,0.47436043097163194,0.16318631518532076,0.7233940357915755,0.6308768450421899,0.5426071275347705,0.41703903817940274,0.44926903808000634,0.38688673012007185,0.5981574329047445,0.7292080938872629,0.567307013042904,0.7158083969791134,0.30744973133359776,0.4925239698776261,0.5721300732106956,0.3572177642082255,0.549208423926868,0.396776564397608,0.7171376490333747,0.568208649854882,0.5631928361132362
0.2744241470730014,0.08027987373449733,0.492737065601092,0.5190153942392886,0.250627323974104,0.8131200962518447,0.5572020351614609,0.6262292742932082,0.6074879171346087,0.2598014933430901,0.7089798177550171,0.7653829407313195,0.4381638004182057,0.8341908428152224,0.5514877847708824,0.6233629579036044,0.3080267218359194,0.4082360248986089,0.2624757396990778,0.22369353483420168,0.3817425242261508,0.28082251435618377,0.3830854877709674,0.6514802559655376,0.35154162601098715,0.36709099305254883,0.16814343130292664,0.771793689071934,0.664592071481914,0.5416100683749068,0.35177926557420114,0.4342638445698717,0.3645520987909282,0.55118811059584,0.6980900370883942,0.5776756835177932,0.6194500384914423,0.4173540230994884,0.36688313176680903,0.5365824618413684,0.3469199518818573,0.478561218145555,0.37746035359389846,0.6351750861963479,0.5199859209396683,0.447180435365353
0.2834756281590388,0.15368076749135573,0.5445846292826273,0.6483929343082335,0.3445180959868138,0.7529765436048085,0.6874081676847806,0.5680491073353635,0.6418772783456337,0.20085892366445496,0.6256115858154928,0.7557162263849247,0.4410507042372518,0.7109551452145159,0.5628571819307032,0.7136908397451206,0.3262427925221372,0.4568883770523937,0.21284705662753783,0.2285052509734675,0.3279217668955323,0.21401010455031785,0.34624283572516773,0.6060556953681971,0.3120478650167867,0.42681845484697706,0.09037558124274023,0.8467903638017378,0.7399114194205715,0.6575897734078502,0.36733294668326183,0.5394983231737639,0.26305850427958816,0.713204655841781,0.571172415701734,0.5825133076051214,0.6710721322934439,0.31856597477646703,0.3369513709210688,0.5886288636363423,0.3330966884339924,0.5052384716236813,0.3594073471809802,0.3614121120667734,0.44567194810913346,0.33564042686724205
0.28369965491648313,0.501927738015059,0.3715976321045523,0.6349936077582208,0.49911163403580094,0.7556419081664995,0.6319524379072864,0.5490301883656152,0.5651117649865447,0.2058099408936123,0.6110879721342038,0.6456413969693235,0.5361431711369677,0.9999999999999999,0.504099756061939,0.660884656109933,0.33959850351683757,0.5349322190563669,0.182831284553924,0.36567058698843596,0.3721106705233341,0.3508486142327695,0.4155157535078691,0.8087635451984929,0.40760159724334843,0.4248841647216778,0.11263930593562191,0.7277084710970394,0.5575677207499987,0.6133650632283925,0.4577923836464022,0.6674559568505397,0.3230217548438852,0.8452292819963044,0.5382162406944533,0.5564795464843818,0.6388800810611213,0.44315581690640693,0.4192969571746988,0.5710140845769446,0.33446462467438287,0.5516253112135637,0.33714826258038144,0.4326306174898375,0.5727434617025506,0.4120081417436279
0.2923502324431777,0.38826481075565294,0.42671074413990984,0.7521073876472055,0.4019328892566107,0.8872111966402216,0.5612046532871228,0.6278523900652428,0.6878272283405306,0.2806103956183228,0.7285592777921304,0.6882721085255618,0.574674474697126,0.8853530355569512,0.6384299586181678,0.7743143405025996,0.39476261289534076,0.544453025710132,0.31395196899586714,0.38394271620640275,0.3693852914586589,0.4546852899133881,0.6243467717033645,0.7532104696673135,0.3518476070086591,0.48150848505739113,0.1982381843552135,0.7421900174059965,0.6622759454414756,0.5983713460214497,0.5247611834438791,0.7245913656299788,0.3502107045768539,0.6721366898888441,0.5852174097979771,0.4583550389027711,0.7188084593097872,0.40599529725861533,0.4287026578502898,0.6873604792712537,0.44036454873739705,0.7550091603494982,0.42897119668007117,0.6793871727962772,0.4679115238526793,0.5673713403694306
0.39775659147627934,0.5762404076657591,0.3777212002594226,0.558979587523533,0.2996952523665841,0.9173765009191748,0.6302152788479171,0.5975550209598759,0.5946067844682853,0.44162658912919084,0.6941643549138206,0.538224806589197,0.5919796271955376,0.6498306608062391,0.6980683843449589,0.5736515083218168,0.6161182394015641,0.580854406124822,0.45994052248360473,0.4920769670134684,0.5057155687293728,0.5228189808482911,0.7256522548503503,0.6690940909083759,0.43944000206982914,0.4226306489619784,0.24513822247912986,0.6520194643944135,0.686090840932081,0.6278196326677424,0.6862962806214111,0.8332824099680028,0.49869094245835466,0.5356485836268964,0.402549667015235,0.33658737481682854,0.8311331872874943,0.43082851109827264,0.5406725162151801,0.8254098222149368,0.5360410300675019,0.8597889780593932,0.6454628476531585,0.7851012203306351,0.6147937283265588,0.49015505105034374
0.4441778135772356,0.18610616364191263,0.3864426927626997,0.39847190336474225,0.18687338994442984,0.7788561103584952,0.5926479169230887,0.6681121563100493,0.5040799111270933,0.6454589916094723,0.6892209661769784,0.6023342726499817,0.778160522009834,0.7583263682592519,0.5483749481718821,0.3784954537547294,0.5545918218520168,0.6323590425694123,0.5562285043508993,0.6102460684672141,0.5519993868732174,0.45369413446276824,0.5606956301474142,0.563083735474625,0.6349948416867581,0.5713348283757759,0.38862419706045287,0.482758786399827,0.6460469485002688,0.5308185726538155,0.7048603821180998,0.7025003558180998,0.4760188154044033,0.40297690422187393,0.393599103135603,0.2701151915928365,0.6046303753266725,0.3820173779101,0.6653886076148661,0.773877935211837,0.5222659586440195,0.6696641660945495,0.586167490841835,0.6460115962400106,0.7371970138814272,0.40347604886582833
0.5087360935509425,0.42407618795180596,0.3441572913167813,0.35935728573154285,0.13947244240894063,0.8144700426674785,0.6436821585549147,0.6502645048685272,0.4520014856638002,0.777634643065327,0.7595384341536131,0.5089165736823745,0.7811717176156435,0.7656034903506089,0.6600812105346263,0.3667975091647212,0.6762324677452204,0.7037120824550123,0.7124798778435609,0.9199465624434153,0.6986127200958081,0.5947619785326841,0.5398880850421149,0.6397317492404061,0.8253830980476204,0.6053618938724679,0.3339477465646882,0.5376357052337093,0.7703460617913399,0.6038641366221541,0.778464650896625,0.8473795419723479,0.4682811171914978,0.3181671760183078,0.46109064056872406,0.2494358362387709,0.535412729990749,0.6729957477904438,0.8431673481909729,0.8736083200185023,0.4169807971453272,0.6288028700507965,0.5541519635581389,0.7248025445983761,0.7849047686147896,0.35668185294925137
0.5316575277405745,0.17795193624170663,0.5204737216617049,0.4120030994109815,0.14585241274823446,0.7748589615329475,0.596889275481263,0.7285846120420106,0.43142816988195554,0.7348342662090476,0.7211108810383722,0.4803286642871262,0.6522177685191061,0.7940788509380748,0.5622628634081721,0.2696210892369607,0.5684209222395264,0.689849671458536,0.3643107510322846,0.7032962788539507,0.5739869462056681,0.7453360016138575,0.49959009651882025,0.7215124888969118,0.793380976072585,0.4342067041332392,0.2538640030765283,0.43575736397063985,0.5398114408457023,0.5514906082028851,0.7764409841806535,0.7994379323970741,0.41486940491901075,0.28758034706847224,0.40082101375262447,0.39429195627622154,0.5833062504253077,0.7846133180501133,0.8666333766950702,0.7923290492779488,0.3403540549528712,0.6879776855775301,0.5364396838170457,0.6708890584645681,0.6758849292836189,0.3863607409910311
0.2171886710299361,0.185073067034224,0.5113775263117489,0.41134948325452036,0.1280702950292121,0.4750881241484445,0.5592614875345274,0.5553684243494625,0.32874205153188024,0.9999999999999999,0.6714273747115027,0.42345884823924557,0.42260628728828353,0.7471571040343349,0.43565113447866827,0.14939283787421131,0.4683882987759597,0.7951677998359216,0.3925549497471104,0.5377804633116995,0.5574488064523049,0.6822050817081582,0.4230118547975542,0.5630478487361673,0.7446893310456447,0.46927000567675614,0.7227287409127163,0.3464855559065078,0.49141695787438366,0.4554085094754185,0.7619993255823889,0.8518360365710074,0.39420487936753507,0.18791451959962163,0.4489984378704601,0.4371725925534302,0.37685739522587297,0.3762807565902141,0.6062982740741997,0.7537683390560425,0.2697667014100158,0.6873319221190226,0.6258267730775507,0.7338823194250239,0.5543151879622692,0.1991893271878333
0.17123168003397118,0.11406481585165855,0.3465276657759775,0.3676397274395581,0.10139017257946314,0.4313413631079832,0.5929995092090232,0.4848135275164154,0.3388767775447666,0.7886274499439383,0.5698015903356055,0.323675020355106,0.5088324709734788,0.7301581059507818,0.3891258968558852,0.15747827677127774,0.26991512761306696,0.6821247895421559,0.45801528491012045,0.3074098318798066,0.643198667574552,0.659033257221832,0.3078505953461324,0.4988097913885384,0.5272917000910688,0.3048801300009079,0.527263445209785,0.3573114626500495,0.3752877983637529,0.48070866520563144,0.617728336606427,0.7182875229441563,0.3656705466713357,0.1624145600506588,0.48233647227777254,0.37617515679994823,0.35532027123971943,0.28811964233099757,0.5056696665051027,0.7164863791921081,0.10510302810654909,0.6570353357990242,0.5584087126565189,0.5966461467394202,0.5393914873593506,0.10585882455800952
0.10650300528293721,0.05290891079294671,0.20624970112036287,0.4108866877263932,0.03726228639226551,0.31933169301998826,0.5779564450544724,0.3661161869618069,0.2170123049103011,0.6108165367598203,0.466838575130189,0.2341731657751914,0.4378626866366121,0.5719386435987527,0.34223556061498156,0.1384352311070255,0.15626066647667888,0.5577678419924245,0.35892318322328565,0.2553686840010883,0.6340553382568861,0.6371840745907263,0.22806556879395246,0.34641541821140576,0.3925597641315737,0.24188970144675628,0.4148628785021189,0.25215127005762883,0.3674519496886102,0.2869271686902882,0.4965792600053754,0.49898873557897205,0.17222951821812219,0.07312025441225378,0.348345665851264,0.2828408431759923,0.21493044114578097,0.20570163839685413,0.3413745510679302,0.511849018766632,0.17648314336279022,0.48717558641522246,0.4283326610804075,0.5248834666212798,0.4188355580018249,0.10859136713070472
0.1150850638323096,0.03509524469284089,0.1373873515722678,0.2434131470291469,0.0366185191931773,0.20300308624040203,0.31992597780830356,0.33086585836470667,0.1507372897830441,0.32951741219448044,0.3767886449543919,0.16241085516850942,0.23108185768150027,0.24508069899294896,0.34007367970784286,0.09789359948528596,0.1446467035098721,0.2688208012534742,0.37309390588905855,0.25375977795976423,0.4161703990021517,0.38220471062669925,0.2550178233753948,0.29261754165394294,0.36578474841708414,0.0760783668864014,0.22672931779629923,0.31837616472049285,0.3809343735232576,0.21214111577872635,0.42492467938266515,0.30504609129998594,0.21671924470901627,0.05521997995898572,0.15694378242796753,0.1310680310920823,0.18012320459079523,0.19728016982569563,0.3265787501838964,0.4400399161281082,0.09093595425306528,0.22157701842062622,0.38437843020067597,0.37569641371237905,0.3312286920286347,0.0822664068736278
0.04352630075287544,0.03174374138389796,0.0737737680918567,0.1661352283900121,0.0549217295272009,0.13154931672610573,0.2630672830359677,0.21723267004094268,0.16072206346482892,0.2830891087127409,0.3409892881927548,0.09909808351400386,0.15206753542534107,0.14044130097925445,0.3221053388871896,0.07539837950874967,0.089422206788557,0.19650710990715523,0.234224606502271,0.23265477925862413,0.27203449111581357,0.278150934980055,0.0862270473398619,0.27423051910890817,0.2912546625352889,0.05926120747263902,0.21619186476778973,0.1455369363906006,0.1492306149933087,0.1314995202001314,0.29001075535285786,0.23127661304429642,0.14814185997612744,0.03228763028681065,0.16625102722167934,0.05347766696308163,0.19654764784276252,0.1701067236905494,0.1634528965990339,0.29535858641113494,0.10703826257892704,0.1443740136902928,0.3133212397429976,0.27746315876561156,0.36074246509072755,0.052900462972000864
0.03121057479893008,0.02333833365854058,0.0711905546959516,0.11159181665308823,0.04068936220826506,0.05031400225478862,0.1873868059916571,0.16972445779881223,0.0947165787805425,0.14486726030606714,0.24670142786474086,0.05005914881050451,0.1667585574456013,0.1244289634060042,0.1465192598356304,0.05140387578624783,0.07682523301721719,0.18039889806081025,0.05468476865889192,0.21978383027099518,0.24657650247295626,0.12587249388405305,0.12517265409227799,0.1486049051312444,0.17584682529645662,0.06943084574480202,0.11609098711978424,0.11316194021633544,0.08408509434847643,0.0658965339271772,0.23908825859227475,0.13570516310162323,0.07586435578688698,0.023641579847331326,0.06714813544197915,0.08053537666771066,0.057305295027545125,0.08031413347668177,0.08261367751686428,0.1395506901563579,0.05870510578973749,0.18312747959206727,0.2440561700375338,0.27519659847325784,0.2448562536349934,0.04892242823008107
0.03937546315592939,0.03715778217698121,0.07580077640135374,0.038170821701516075,0.10015114363048636,0.09576837861271306,0.10717056752280318,0.12719982555890827,0.10569314529409586,0.15808097501158586,0.15895243893377886,0.0721289846985253,0.11101200395372376,0.07750623213830163,0.11917445580153899,0.03350359506521455,0.034009210887371535,0.1408610431449616,0.057620903995102266,0.12062723648714199,0.16654872357650022,0.10158054631413443,0.0638929623661129,0.09896532732494916,0.14888062851680645,0.0630002226431122,0.19493732210268905,0.058095333807982104,0.09658730292451272,0.09576322221943918,0.1967738932734062,0.07908081004688741,0.020369142876885054,0.025806475847483683,0.07094681166518818,0.048924818556647466,0.05501794214625384,0.025871422453577694,0.1036117003109691,0.15484780064480586,0.03770565250934084,0.11893418097395438,0.1916654144138006,0.16337712376581123,0.19717976579585048,0.08494143372204635
0.05220414337584151,0.01787385848767189,0.06972864325289539,0.06541484134989428,0.05666576841764535,0.04709042428428055,0.06047942647647195,0.13936911105007369,0.11078100280914525,0.165903727851115,0.09639441024363675,0.08110149839265282,0.07444846729483924,0.0767867845402881,0.09226526827708936,0.06445336954396659,0.03650705086438312,0.1394136706107073,0.08693639415139938,0.1440388104499916,0.15632832725644882,0.09448461111808548,0.056179714881577844,0.104066837233095,0.15910841298950323,0.0842259382097399,0.3378510949046108,0.09299996018940124,0.08190202969302092,0.09493087435971082,0.1519841810804286,0.07969394557355589,0.044860920352281966,0.00635652285056966,0.09816107760042077,0.0783966228846634,0.02562796665628303,0.10584150614674893,0.11929569072583336,0.16796608050025072,0.044013711487894444,0.12870584837800075,0.14651110872792378,0.19296057464227223,0.18173489718561472,0.07045508329486805
0.0244718652424298,0.023914281154326436,0.03809875721936322,0.054914008894579286,0.016397611935665336,0.14569045949322895,0.07329071083212968,0.1432354394431155,0.10674064177212052,0.2175420702742393,0.14197871563153985,0.11242360929824426,0.09977940731935744,0.13290023787839453,0.08367380565206142,0.04249284775732583,0.07434389495135504,0.2299577626956675,0.06331062469172202,0.18783762591217942,0.21245908573462596,0.19956627545690547,0.11626104408485315,0.1417726064242834,0.1939048195501467,0.0502300434583131,0.18303533351881263,0.1374889149184669,0.1395675554942704,0.07578673046115506,0.18519398347242017,0.13476803749832367,0.029799178489141872,0.041973043494555475,0.09664135104401088,0.10758707956177266,0.03913493490349257,0.14004751894601192,0.16263027356293747,0.1625569236711763,0.02001267739263811,0.21730834682956268,0.1470902479094681,0.16839037263138237,0.15480682420087116,0.024823099137103344
0.026412838932181187,0.06548074465829137,0.16390910411523282,0.20531992412107597,0.09676364928019468,0.3093729148335909,0.2030397539176297,0.21667434483961157,0.16555505965006553,0.22999280862550578,0.26723010011593396,0.13633015220106492,0.1638139427103753,0.1598429217173783,0.18561305041935497,0.07731954769136988,0.09881199791211705,0.39714014229255357,0.2469704058487785,0.2039525329349693,0.2737007456264103,0.2920952583275359,0.2811866191010618,0.28330272812381163,0.3610452912188138,0.09989782836983888,0.06457264118307346,0.25367385124189296,0.2790873051104634,0.1548506295548172,0.32837220352973323,0.2878837955751604,0.07933566407042389,0.07706083665994037,0.2473475392900738,0.12963557431008635,0.2390790867216317,0.17706632190853588,0.23766964672490887,0.5321205582130649,0.03477425636889091,0.3745996606999776,0.19675366716843642,0.3085152319924142,0.34015039726612584,0.11424494041165975
0.16549215250402816,0.2544389050443888,0.3122675875842226,0.324625999343022,0.4980172852865722,0.5638574953025631,0.4801969945467015,0.38797844499398143,0.29599833158805605,0.3297165777862063,0.4465193519941879,0.43916896497432356,0.3701947370892299,0.24496647830044857,0.4143054599406657,0.21949848888021678,0.24231506808741402,0.5619858854915526,0.24500589478540286,0.20372697999803047,0.35427422031029127,0.7064711850951289,0.6884938491215706,0.5621020703965742,0.35946313802928886,0.21477685600907698,0.2137576657640165,0.3706296658161167,0.3646882652038715,0.33575404234265177,0.41192423818475954,0.5312798203256234,0.213377247570618,0.1942926885035553,0.35425735435113437,0.23858624532472245,0.5257731256712819,0.31540325089594967,0.3182748016061671,0.5950024628969136,0.20826445522140222,0.7668127235389236,0.3433547987472042,0.6180576321274305,0.49428707220401075,0.3569972093567617
0.1299081388819719,0.16526528251243838,0.5643982958423565,0.6784808326584124,0.4954371821732396,0.6945711191357552,0.49941292337547005,0.44534826203575234,0.44887978352345576,0.2667695671437819,0.5585455776319819,0.769681023043421,0.466521355778138,0.22912407505814184,0.4381109317014631,0.5437171027733959,0.2586077455616096,0.5581882761633837,0.14459832769239006,0.19762072659646895,0.3259236083332152,0.4066967264695815,0.6394078561549049,0.5979184749352181,0.3713359586595355,0.30059203629496184,0.1768209443341696,0.21970852112528025,0.5796349955365979,0.5653461172594065,0.3901827977869681,0.6094271351879199,0.26418192372394833,0.6064242311744974,0.4130720188645231,0.5954875813610422,0.6748931835547686,0.47195213437229616,0.289693437625691,0.2546938707904443,0.23502224995041496,0.8156324955007666,0.4274596991666611,0.520999434210047,0.5534510124181891,0.34445378397654125
0.18216189978992972,0.16065245639878145,0.6604983526780769,0.6026332138660573,0.5755303605041329,0.6145669507286706,0.43190750375106757,0.628090298201993,0.5775347953987752,0.24298005873348574,0.5519632777311175,0.7809207408770222,0.45821566147599413,0.30025577387918545,0.4305972335284702,0.6579150629962691,0.2786307249162789,0.525243844083349,0.17179821593605982,0.20568982953279594,0.34855048003867717,0.36037538453797585,0.5231624813262705,0.692787078756664,0.3842744836095274,0.34369395905292255,0.11871067124786319,0.03618922688469238,0.6225339379189004,0.48404354094111673,0.3878814683254482,0.5137226676306411,0.2828877806926914,0.6022156384406576,0.49012707343059403,0.8124098566528587,0.6289299119425614,0.21775104929283645,0.2869674899537142,0.015149525676406374,0.26095330572236053,0.6235544214440241,0.3672383819817779,0.37631065637570155,0.48657478077270505,0.49445797595937413
0.2418134155240909,0.18133316039263603,0.5845954742432717,0.6368058072357554,0.5534563804451449,0.7827538827755781,0.4333535352638007,0.595445768564096,0.4771160317916082,0.23761366604662856,0.6103866669808994,0.7872898054215054,0.5485904034176494,0.3348650838540005,0.4411624651948778,0.7522189499153755,0.2899649558904029,0.6267759772699635,0.27272202302950593,0.2598553049342393,0.2958447872968391,0.5531424983558499,0.4243235353511954,0.6177460456991889,0.3063153612240622,0.36912129132740873,0.16629470988556921,0.020033851839537535,0.567137679418098,0.5295663645067337,0.40748148718003213,0.5284828211034645,0.22649244368590596,0.5966219429081182,0.7190272144316557,0.7102005092114909,0.6229666425892951,0.32357782212302183,0.3387466739637519,0.02380251049950851,0.34807495137078137,0.5989662054916995,0.4280935204397347,0.4129991906615353,0.5407124918857212,0.6064689041537012
0.33957801644546903,0.1597715435166639,0.4906288585759131,0.43471249544569956,0.6920424768215908,0.9014934609490438,0.47719381539471695,0.6178546640269477,0.6780429659614687,0.20639786211227673,0.8701093608603923,0.880396315707064,0.5175911215841695,0.343682539582323,0.5641741919425508,0.9085005537935126,0.3373263079718189,0.5743963116398769,0.31760199244579096,0.2538234941898253,0.3729606155242652,0.36384036889944954,0.4797461154145134,0.606665391505863,0.37378145859458617,0.657207365728279,0.1409944095676972,0.03243757118831002,0.5782699995597528,0.5612945829514134,0.3980626784655023,0.5826378239262875,0.2993408132377523,0.5020734052502179,0.5851318621525072,0.618061045400585,0.5915565968971195,0.3688555744083986,0.39696198933369886,0.022785888517155337,0.47262678464787866,0.5469347683303869,0.42548701078509427,0.5138709321578141,0.6811903868100161,1.0
0.3783637410602277,0.18079783459550902,0.5974262351918475,0.6016219738265358,0.45094216368699136,0.9155289144279531,0.6352889227522505,0.7098361216842523,0.6441794135662914,0.2712927415577892,0.7067735983199586,0.6752047851270772,0.463635275019861,0.45119984521088785,0.41313614345925925,0.6145940524405907,0.39493695740186885,0.4994953359911968,0.3454473525339412,0.25936175943586326,0.4041395578038374,0.46407461447161785,0.4937565641205611,0.647719345728905,0.3576351300887199,0.48014233180297067,0.13146733146419132,0.030951912959361033,0.6530183357638697,0.5643542302685647,0.5460539558419389,0.48031504361292765,0.32285972584089623,0.560689330800085,0.5846829218969118,0.6628361011155799,0.6502385429770445,0.30549121017111713,0.5060519640062182,0.012399471361141041,0.3869072796289229,0.5341531754461756,0.4532393022249037,0.6266164577672999,0.6474280515031516,0.5885505554392813
0.3224686436121141,0.15129512862737465,0.5315707796698176,0.7209987595153737,0.6269558374936693,0.7057299144642505,0.6391912291990648,0.7631474382197455,0.6434002073519557,0.22462447035461922,0.7703116850812928,0.7187160494399731,0.5231674279577835,0.29302548814331797,0.5129925483943527,0.5719513692596772,0.3633715894398682,0.45441960911939994,0.255385882020415,0.23497339354984567,0.3945895171730984,0.45468210142135707,0.4425262000098236,0.6942139093399364,0.3674428530197044,0.3685637914851945,0.1277683392962898,0.016664640830989647,0.7179182347223588,0.5337998435080872,0.4798630825634031,0.5614141812956315,0.2799762337655027,0.6632179042849005,0.5099611082129996,0.5831920065311627,0.672289543097681,0.575489029727868,0.4276843994435233,0.020507612567284485,0.367158359910293,0.5150739828922352,0.44105500098536093,0.49228967632051696,0.5762094059669658,0.49876192798033725
0.3645512833079872,0.2154453237230089,0.43033473180155946,0.8866141096133389,0.35396022912603636,0.7701437762608132,0.53051677173371,0.6989295785181673,0.5525130657352025,0.017156319591776818,0.7205557213050312,0.6926578236732019,0.47912253602728194,0.2932790084770954,0.46601947386697434,0.6010805657786384,0.4011977423457498,0.40728998444530184,0.24086458958955426,0.2515881054873923,0.41579438354810183,0.4673078060183073,0.5280793521882817,0.6706405860148857,0.37646227157200735,0.4764780689527058,0.14985151851427364,0.035235066382042025,0.7519061385882533,0.5319101029423327,0.5975174851624153,0.5537226167307162,0.2999196349663744,0.6760991188417341,0.68315689325703,0.5509731539365974,0.6329740054252673,0.33299374004015275,0.429822194555502,0.039147481727681614,0.3283351361236856,0.5865061369606118,0.43609569012600047,0.6144012744302954,0.48049756990960085,0.4507018011709555
0.33266490984650426,0.39562889626467285,0.47353785509574864,0.6411966569476746,0.4600273595517529,0.8204526664596575,0.6096026710989878,0.6614011336287298,0.6203055412886671,0.2263990018691521,0.8837000703550904,0.723547226112521,0.5123273008400365,0.32247724550609047,0.559999343849076,0.6569157047512599,0.5807248775160638,0.5015926591847899,0.315863491728677,0.2958128293581657,0.3122727546151132,0.42042745567830286,0.6565107833093274,0.6530048618122598,0.31916663649705845,0.5275061904477417,0.05951746717701431,0.01622375189786751,0.8517890467716257,0.5866631863843298,0.8711314987257867,0.6126160128928643,0.40871619546310634,0.7365183521210287,0.6988698000803196,0.6081591764781802,0.6723277303664416,0.3099282344438467,0.3836293074301244,0.015477787360598965,0.3689752051941271,0.7364838015567291,0.42225558296750976,0.7135535594894518,0.4967470754125574,0.5067050055674142
0.2667651144082584,0.5825639498441227,0.4193532219635969,0.8645000166555041,0.4751937046907303,0.9395945162297803,0.6739362727359353,0.802992169307677,0.6775246321885251,0.3205338230562534,0.7439951153849201,0.663437592073948,0.5757619012379079,0.46630393874797593,0.6324947634276351,0.6805532953305314,0.5115313579023482,0.5767821152038353,0.2442023224022073,0.3018050565659658,0.5629446026766856,0.4769337840966064,0.6704804264116714,0.8606939184817811,0.33356608072530125,0.5640032682339533,0.4094275771013704,0.021610872822519903,0.7197940109296972,0.6274114836750145,0.6175270745362555,0.6454589969818705,0.36142119627860547,0.7396364258136375,0.507772268433181,0.6891807724048323,0.6397950911386082,0.5261905864007302,0.5075815931343258,0.02370480613888059,0.48440483990955685,0.9107206929448887,0.45022114480279174,0.6636461533623532,0.5045935336578421,0.5820777557773039
0.47651215407218517,0.6358451472873146,0.44000063828755975,0.6151157416497184,0.30869899942919987,0.8940186111685254,0.6636554041132652,0.7494846654551939,0.4720015389702151,0.4149511957312254,0.6405640759870106,0.5901036949075363,0.6965334962570071,0.5486159182680367,0.7695276046859172,0.7184398961930484,0.6535128931238015,0.6152813686484163,0.49917260048056483,0.39627609618366283,0.5493246074277762,0.640576422396432,0.7157846830799642,0.7331221181226538,0.5489768391232388,0.6061435062465851,0.7108249522646419,0.011565953686482174,0.680199424358755,0.6259030536751872,0.5922246726281853,0.7547291236250977,0.48376752795644473,0.5716967823299259,0.5055461642239523,0.43228493521180655,0.7963867041450876,0.6059767937232667,0.6747950062705311,0.014715017078166652,0.5898262581810055,0.8938064845022491,0.6601476346094857,0.7100327047340322,0.7895549699288731,0.37827658200988523
0.4645884844750022,0.2952293725787794,0.3417635927507646,0.26212112195094156,0.2293504006603485,0.9188481987980657,0.4642876627496546,0.7441071123585067,0.4619415602634227,0.5674553648166406,0.7631131449155959,0.44513600127039854,0.7332640734750693,0.4842359245584167,0.66276649782253,0.36190161481270816,0.6187281510177989,0.6648079988826955,0.8364850117294163,0.667421222647777,0.6567702053543409,0.5161817259661954,0.5686158444023485,0.6832449032118348,0.6913765477086162,0.8826166299542657,0.491387389190474,0.016165465766657623,0.7020292740318236,0.5682810404557761,0.6216189107632192,0.8583696709125103,0.4277615592204703,0.2959725842254921,0.48411114651317744,0.292949498543576,0.614198307323036,0.42267424839472945,0.8277600500453622,0.019730844208629562,0.6407360325253207,0.777924619294396,0.732294858082284,0.7995358637535934,0.7913884944989544,0.421832052601545
0.5880106956101224,0.24105574147094339,0.3136326243362312,0.35428120587746326,0.19641294777689786,0.8218404168211817,0.5732855526386984,0.7716907736186874,0.661858103095671,0.6100264081479717,0.7842545205695552,0.5081654273920067,0.8752413204887377,0.5012833454911166,0.6525039141576672,0.34743432014164805,0.6689423392896149,0.8769429578153634,0.7384624681965501,0.8343504197822693,0.7234289572993844,0.6421269736566718,0.5438169146198294,0.8044713506721772,0.7614266551264561,0.8621877606284183,0.19908823546616072,0.02490625570420258,0.7258685422386867,0.7422576225256075,0.7161204005674325,0.936379365860209,0.44585290390012144,0.403771401259832,0.49232194805299756,0.37396545822702604,0.6319807447503756,0.6468047644762722,0.9999999999999999,0.034520708775696955,0.6609053588490031,0.8092664725465862,0.7038803089239584,0.8559053790216546,0.7699545998832348,0.35684231946536926
0.6303133697574244,0.198807063636527,0.35058390731704414,0.35697649455205926,0.14987962629365184,0.870434998319217,0.7877147653501048,0.792462821605341,0.5832401208765946,0.7529493412482321,0.7016813396042708,0.5120427513178443,0.8478859830715679,0.4009909441697139,0.5880877680646125,0.3239575053825616,0.7489926969375577,0.7641317281258853,0.5833954426166561,0.7663372253338799,0.5543942857621069,0.7015705657638222,0.554311484076798,0.7935858663070737,0.7868934971809532,0.7278999200284598,0.3515256244341624,0.03259119734489189,0.6330032338902443,0.7172189786605868,0.8219198455910742,0.7433880849255947,0.3946183393767611,0.40211548172655803,0.4418183704017214,0.32798802781813996,0.5315803542413368,0.7642711764386234,0.8722290942312675,0.019969687394146528,0.5196044417965476,0.8693806458613692,0.5922871735182196,0.8148426970320641,0.6268049286483641,0.4023908697906605
0.2922449506333786,0.11154798106561496,0.38301288258439525,0.36294454255478736,0.09936425319660999,0.7188504819506489,0.704620679203113,0.45490890775711323,0.3767722727579497,0.8102214087938433,0.6291107346716303,0.4211504805399157,0.7122243763908876,0.4322696179384772,0.5806514757488448,0.20703782653874325,0.5583889522678197,0.6844793546620944,0.49269525453702606,0.6297276583438387,0.5980246758990837,0.8225759448988255,0.4248235718149124,0.623541105822742,0.6906048580719581,0.5163905543736834,0.5874898951242515,0.025628078619486655,0.5701660200783188,0.5317804830562926,0.8618047100040173,0.6512007335822165,0.41661139767045274,0.24836077723249478,0.44753320662940294,0.4356900480476377,0.41605863720333197,0.3899796304478902,0.7130897989412828,0.02084855425860528,0.316841034984368,0.8480502100609377,0.6815099989187514,0.7997587529877219,0.65855134050746,0.07296261981925087
0.13066466583827138,0.13815418900655413,0.40444466063966844,0.447164202577418,0.06885911364903,0.3843989242554939,0.8230147644710802,0.4732509786185115,0.21014639344938432,0.6860904570695887,0.5646629566982327,0.34356796148599467,0.5215047152611983,0.43933750506582714,0.49142436660614225,0.11871093542915435,0.3355035524760508,0.44381206813020857,0.5907382887509678,0.429426444141121,0.6227905874181743,0.7053284047924611,0.3327612979244599,0.627598070984255,0.5457822368910926,0.32468250278381033,0.3774371686735122,0.018912097108459258,0.479786076375595,0.46246482727343435,0.7121097575366534,0.5637365767639814,0.2806704209179774,0.15935917921339912,0.3554946937269413,0.5557096282700023,0.412651069052581,0.5023430923391464,0.611716790145302,0.024494633235720494,0.2821270295239252,0.8286662399849027,0.6810925573398929,0.7155748447882373,0.6456436718213368,0.07380627197534488
0.10194933292196007,0.15347116016813833,0.2802019827106478,0.36450347567855645,0.06800821114193792,0.27129646992776696,0.7612883632103438,0.4115323744789321,0.22281890074631502,0.5739412359954184,0.5578862298636722,0.17816582573528095,0.47803625335256206,0.33645171133035034,0.38204191485091193,0.11254291258729103,0.20287260575065028,0.34802574002588627,0.35845157142088574,0.27602845562214845,0.5494870294042522,0.5410121690465519,0.203544606495486,0.31615123419757385,0.44376081019656516,0.21525149492814938,0.42274763372373353,0.06651301429919726,0.3229446041766938,0.3983091468847647,0.5147779634015612,0.5406922489203312,0.24120138172668523,0.08406690329428809,0.3922477509617374,0.40195521647193094,0.2643667006442557,0.35702106381282905,0.4971767390573632,0.10247250700511823,0.19858195826276523,0.537427787668732,0.6099140889013812,0.7352044262630215,0.6486494337350989,0.14265399867068365
0.07156292713479068,0.05093680163672619,0.19242421198999834,0.16124777779453964,0.08795864659384578,0.1828022115307555,0.4238464743423098,0.20928037392083867,0.19244081463374177,0.40652670526535356,0.6488322043106293,0.07980158556166417,0.3193352793707187,0.22165815539081338,0.3586490289731837,0.11051507904390505,0.1754413490574976,0.18344666696345302,0.3985513631535926,0.26460007856721107,0.43503363726103056,0.39102630228294266,0.19420476488894597,0.18438128392073877,0.24815215934473164,0.15711996474222922,0.3905118256963841,0.3728698720823164,0.2598716034800989,0.23680953691086418,0.34728977398919975,0.35719929257755734,0.216321644280987,0.08422383827096469,0.2398374900748993,0.30826170795106494,0.2989172641311549,0.23287789257388852,0.276462956917208,0.515601424916649,0.12177399369273262,0.3183394908186129,0.4273022930936843,0.3601243379577864,0.44163642009237486,0.11507447193412071
0.05231885880290924,0.050136981137300654,0.1522438930675621,0.09759271141764397,0.03102963434016589,0.1352878585628605,0.24116320103576713,0.15586058078612056,0.15535076691407274,0.26815058568740574,0.3769777593034375,0.08135438220007485,0.1488753776162754,0.22596987855039644,0.2468923243788439,0.14853214247429442,0.12102543260724927,0.2718310432400448,0.20541165171588682,0.22668119338938117,0.35587096730941237,0.2391831615971339,0.1474045575644294,0.2766513452443792,0.17780804584902227,0.11698368258155792,0.3225880544084035,0.22537214028100822,0.16496755089012133,0.1281393715700059,0.3301014501278015,0.2678971556896068,0.14166717967896053,0.09546780087781731,0.181515414782975,0.21599423392041578,0.2822970963775101,0.23618986321655688,0.1595571638753886,0.36979981979724114,0.062451031716504166,0.2126970760161479,0.42027736232770824,0.32283160304920605,0.41537303883217774,0.09930512429463556
0.028749617154230682,0.053527309309121,0.06976974378777337,0.09721596468903221,0.022967769280600722,0.0790534855011522,0.20738380982420088,0.1540503986142136,0.0677070548683965,0.156572929762199,0.23576487042783537,0.04793097283629595,0.08759676738385064,0.17698783169810373,0.25507175689530204,0.08947869276236932,0.05403229191713141,0.18269240291694105,0.09446536203328089,0.19155314873069257,0.2634915607988487,0.23687536937496692,0.11812138790665379,0.2606744335283531,0.16418733516664785,0.1202101736755743,0.3288918330518284,0.13835701239298975,0.16031410986505928,0.08883140975570086,0.2812190494331346,0.14872902482404693,0.1029985844214478,0.03198353466176468,0.17426073470853448,0.14308574761586773,0.14207705164551465,0.4317414321903369,0.1701556887097485,0.2033178083975938,0.06983801662110273,0.12232265040506006,0.2375033366696744,0.16218577075076565,0.38521894459291905,0.054713830324108356
0.02283680266680707,0.03419917301558553,0.04927321785113545,0.09056763023124528,0.04894190211120284,0.11433726685171469,0.13018784729335517,0.10247264526920101,0.14964993917214406,0.13708275670071216,0.1384880585777425,0.04155051130893382,0.05967235924619024,0.16701718561591294,0.1278908183092827,0.05993751946695873,0.035162062425757826,0.12128497724417767,0.07782354780001254,0.13856554650500494,0.14790224712543548,0.08342883942744353,0.07343800936096473,0.2178875790575593,0.1518784581566074,0.05130281392027472,0.19404339870084503,0.19013628352439352,0.08329904496954368,0.08267930527261798,0.2783239187470685,0.08722277585311472,0.11023453043688186,0.06147993502069659,0.13729514584518204,0.06651551051262483,0.10247994758351921,0.37965960662200227,0.13347663238610868,0.1662804484031885,0.046987169772368095,0.14588548321569972,0.18005943186366305,0.15139261117614009,0.17722844437872576,0.022274861589896708
0.031984907980149364,0.02062931635688154,0.059490662115776874,0.0901904829869094,0.06272764138069725,0.1529795422587826,0.16179170098846316,0.10797307526281676,0.17543023750464706,0.11340523570571104,0.09886148281243153,0.0798125745159946,0.06200441631866602,0.18656219775308489,0.18078027507075556,0.05342961091229803,0.044356640365803765,0.11838566225631927,0.03274478021618096,0.13519590021377606,0.1319471627788659,0.08647496611391495,0.07709973687031228,0.10964623405110456,0.14902524380976245,0.04903103930952424,0.330187645200005,0.16110696772967684,0.06852106768808708,0.0625386088561283,0.2376302705718161,0.17686169590980402,0.0956954798389402,0.061590058676257574,0.04697703783767071,0.06844837305740789,0.09584480856104043,0.04757767405334175,0.1548140128262176,0.15495784371346794,0.0405252768908787,0.1292154988538633,0.21087673774519153,0.23802586123166997,0.18802933820098358,0.0455927711069679
0.03218544137054329,0.030023084688547363,0.08095330642803304,0.11366700745208136,0.07706303426896613,0.1739576912586727,0.2516336448837637,0.11326121388140217,0.04071669845636647,0.1780243186977302,0.08988154348241179,0.06742902125318097,0.09331789273543908,0.23030929947992393,0.1946177219740033,0.06559229255376847,0.04891131619839277,0.21333332103644692,0.05547938983601754,0.12923804393797553,0.2589116874961764,0.05147059961568911,0.10058869516801212,0.16835031500479541,0.2534954039371982,0.0389095946725205,0.4078283328914567,0.16550696532038092,0.1295307712440486,0.08005851830725674,0.2278662521669688,0.1224203406755843,0.03910570539608235,0.017001011652958427,0.08856721773257632,0.103370633043575,0.08522681713662204,0.09097047458384332,0.11827089404429554,0.2156767247725954,0.023665052773640297,0.18941909867772538,0.14349466832450078,0.22990074108488218,0.1802330676589439,0.012397029375514637
0.04871179612308362,0.07501069812376557,0.1953078650287423,0.2725139177763778,0.16832456248061353,0.2232811957624298,0.2506671639148065,0.1720937279062763,0.03517199963443372,0.18578054988838485,0.24095488922714572,0.21254382409802064,0.195951290576324,0.3015601851393349,0.12562289819094097,0.06397258638367914,0.09249088474595807,0.2668002666228788,0.1713887988104411,0.20368203415030872,0.3105329020741996,0.31425109669562673,0.27292886667123195,0.1755563673433581,0.34456361764411336,0.14112474189838578,0.2903875308077218,0.33943628680995847,0.1887152875378243,0.12436616630592204,0.30633445535305753,0.3531558505962614,0.11455329337874073,0.07966590259613865,0.17589988083824842,0.2059751645395951,0.1334031948309432,0.1888792600578838,0.2001639124257778,0.3221333342398236,0.11173009780464152,0.3461761238238952,0.21217076465629006,0.3669775065218751,0.326648311750359,0.07725197078657593
0.09937700487940881,0.12013161994251552,0.43260654569716106,0.3723913956486182,0.3427167539018566,0.4058673448914908,0.3624515299529931,0.33401386140683603,0.11284759774659202,0.2562123896437757,0.4069478729258938,0.3366302118118675,0.41940441166260267,0.1851382483532723,0.21582295449636782,0.10402902158050278,0.17986058177128572,0.49221740919493495,0.3751375659558259,0.1961148396756386,0.48107304934975365,0.48313011867629546,0.5457304377888448,0.2925582084132437,0.4225522962160638,0.18815450561349903,0.35537190804588176,0.4329832209720854,0.3151705173529254,0.2645301217120204,0.42766907318582176,0.48081643644191274,0.1584752997372303,0.18670722555967978,0.3937221173821597,0.3169152850026282,0.22721843927683327,0.2183143760444307,0.2598136383299628,0.5520320350257665,0.16596734681182254,0.726139294780167,0.25873396479090965,0.7029592009695977,0.44720543141953384,0.14957784376221192
0.11361725062613362,0.18967817686265592,0.6160987438042879,0.5476973774341081,0.44079308453047367,0.5656852359575447,0.5062790029636252,0.3577723070852089,0.19564838207024643,0.3064241385474385,0.5007362137299906,0.5474752353109937,0.517859410959042,0.2461330688114333,0.3179856346459463,0.21201667723137385,0.3269522594646666,0.5495806116930068,0.2968116115128108,0.22881973489815524,0.4761810059999751,0.5317014915952286,0.6262612263780464,0.5360796806739963,0.3997267201805418,0.3546564545937492,0.20950053104367444,0.4579073644332449,0.4693821877729244,0.34605442434072803,0.4570525096991567,0.6831310034007406,0.27669016971641314,0.270655561650839,0.5027924485973075,0.5851486274154986,0.3908302209615519,0.3099482998096169,0.286515698777718,0.5400262093601964,0.23554998347543973,0.7817528983870852,0.33439322333352367,0.7869257715364948,0.6062921680950509,0.16379222376845987
0.15202322575405772,0.21018785881183621,0.7969658101342116,0.6784090798491313,0.3882344815094672,0.6369216445176071,0.5075327928591346,0.5545480694619006,0.18740991800166157,0.3518161950296707,0.6546703377050495,0.7270280005645832,0.5862910840592472,0.3570506404566667,0.3985463601563896,0.31577564891556964,0.36823972200220806,0.5144762061093362,0.26038815017314837,0.28411992363384114,0.5090591078845308,0.5517390676782832,0.5747891102033077,0.542212164333141,0.4591272432460749,0.45590966502973085,0.17076203571458556,0.7263415095137694,0.5759199839049294,0.515934408207112,0.5229292479049432,0.7777089783509179,0.30881349308703865,0.3079018350411265,0.6051647949848606,0.7244143160386574,0.4270689209956615,0.20596416426826536,0.40001415807929747,0.6886664217797487,0.3054002105119237,0.7896510731731102,0.3260954940554313,0.7160351342665865,0.5809452825794235,0.3421880982212947
0.30563373849375963,0.25190772254139915,0.8800750348185862,0.6540499499209018,0.3969611035607504,0.7225649170344061,0.6807605341991917,0.6136576475506355,0.38159502298117703,0.4071575965040576,0.6416315026976207,0.7327908575059794,0.6712062587618618,0.3815383166639823,0.40777042181684137,0.40353879432137696,0.46053780033189096,0.5940409053040521,0.5490875275153545,0.3090556088521126,0.4797701485185593,0.5007234751993787,0.5333019267355376,0.6836480118220315,0.5382629819343423,0.6773562494396432,0.15197723576223737,0.4466944248581172,0.7917931147071516,0.49462699043272834,0.5389320301468372,0.8848021402803057,0.35894884441523683,0.2968143246609235,0.7013744212505122,0.7411162593654212,0.40197320336320935,0.36167597249764627,0.498590529190064,0.5253689302839136,0.2840599579311762,0.6825611654893268,0.41656897093363854,0.6871478152779704,0.6940669679360921,0.21619839873298688
0.43207643010165064,0.2914302350751687,0.9026547583022829,0.6256808941079575,0.9470792574571496,0.8288218044347597,0.5960176335154582,0.6738214868115141,0.41917961242140156,0.36896887594866434,0.8081687842380281,0.6666538124124624,0.695567916708824,0.3339148774625107,0.5361776475425619,0.4716248834065083,0.5767937594368431,0.6236015448868011,0.495869631400452,0.3169378393516429,0.5230759701707282,0.5293326287665692,0.5218299760848996,0.5500226155091038,0.5213884790720917,0.8282860737162872,0.237159083665208,0.00827730107228036,0.7155324583733733,0.5105947400103178,0.6480492048559938,0.7104215500875677,0.39408639932226275,0.3417565059788549,0.6482740288595881,0.6399286457694988,0.43123367544127333,0.3864160803153744,0.6465469230253152,0.03258252143042025,0.4055976975500418,0.8294084236140785,0.50042106524834,0.7149898457260806,0.7523166962069445,0.20376142683294793
0.4769345671361547,0.24153577306869223,0.702185694427715,0.522592205884354,0.4246696199211422,0.9624367264249215,0.6692558155376894,0.6655434969878726,0.5276044706408605,0.3447469352198465,0.7569980328337076,0.5941531635352633,0.5723171431616798,0.5580208674901833,0.4558880092675328,0.41100335631479323,0.6671347513714071,0.6185756396080198,0.6078577171658783,0.29762501783988615,0.5079588632837526,0.7097690135931278,0.6115610454367072,0.46813593844079615,0.5399188317576712,0.6260363350175328,0.6693573689090019,0.03238844254061806,0.8090893368099871,0.5388375469356168,0.7052593502593277,0.6657564974467436,0.33917409430921514,0.4205323746876091,0.744380716550361,0.5065911624692248,0.4833373180023573,0.3628806294408548,0.6104419641195583,0.0487864823846462,0.42170157962953403,0.801453568088644,0.6393982619521612,0.810147459216376,0.7305182912917869,0.0867277638146429
0.4821608272963692,0.25634432126241447,0.5359638084963777,0.6644526928064904,0.3871078938451038,0.9895847891342311,0.6173238618360425,0.7486744086924555,0.5165375766167692,0.3367842238075595,0.6838782909501347,0.5601484131853545,0.6666763807837779,0.495290659533555,0.5360867060309862,0.38122762150716155,0.5938956379336022,0.5830317128770603,0.23603744047983827,0.3089923631016495,0.4318177318169534,0.5208488084962036,0.5694623478431833,0.6070489517495619,0.5245927634819079,0.7720885467978131,0.3224660458064534,0.010074489005280338,0.7193456492611096,0.533074772315232,0.7693653960824791,0.6886062690467316,0.4219278179940464,0.3734879154754631,0.6571647255288637,0.6282584813076797,0.4689709777229735,0.5257019374575275,0.5407051473222445,0.015490752777475093,0.34789717490162253,0.7343573987541193,0.5626252447897776,0.6683136025884149,0.5810223087500372,0.14181744070045074
0.5236843364946537,0.25386723274147927,0.6509509247223898,0.7681537215343848,0.4766449805279781,0.9652899316096276,0.6024361318951171,0.7397446664088668,0.40636155678500246,0.30666783513786466,0.6947344175287445,0.5630149283815643,0.7152822801992791,0.626315988750376,0.6802133985955625,0.2765931687218711,0.6791204703699604,0.5122890227180787,0.36329080153209425,0.33684270867277977,0.5643404201620614,0.41658808023176835,0.5851304860289565,0.5394746568244804,0.47652496566200114,0.7750140184786154,0.17548104005324947,0.008389261167073656,0.8272468728788783,0.6138545993354656,0.7363812090084497,0.6397784643571047,0.461305003740537,0.4432050963279813,0.7524798647433744,0.553219406814984,0.5398161545702389,0.434384491718554,0.5239941347424679,0.012861978938862898,0.3933516771987494,0.6797650173394668,0.5559219922076024,0.6245042935279339,0.6336267901870127,0.09316246542643769
0.4293429658151119,0.2422472286140212,0.6040451686204694,0.7265294284557489,0.6730429469740502,1.0,0.7552210515451732,0.7204939398880049,0.6166807769226432,0.31364356829096646,0.648667242342121,0.5912555613940431,0.7239094905640898,0.5513045663849121,0.6107577720818071,0.38339671041134876,0.7160796292599709,0.6348021479743433,0.4418823576798906,0.3372931177414639,0.5700777810535644,0.5243149909810046,0.6313991914763584,0.5752093083642724,0.46064062438663694,0.8233889726326936,0.32851369259170926,0.005101050351398784,1.0,0.6357504498561265,0.7168156966939543,0.6724565118312268,0.39010722255741714,0.43187268712198273,0.6367671565500824,0.6461009349815718,0.5188038471697953,0.3728331328942894,0.5159968263868715,0.02453543444215798,0.3783015668417662,0.6849104540960792,0.5523157444186111,0.6877135945636881,0.4066697516712705,0.1277916891812868
0.4020318099628381,0.2811643311189042,0.461694040342438,0.5076707415323729,0.4218792710232989,0.7939860697425852,0.5556214986779713,0.7447690372713749,0.5752408141978209,0.2985934770270423,0.6766494221120336,0.5529369733274089,0.7073135700824573,0.5941383895404414,0.5520543144019444,0.33056961233908755,0.791130357645507,0.6289376693264681,0.5604591164436215,0.4306281868406877,0.5571495931059878,0.539108323409032,0.5895939704773181,0.583935283391999,0.49435910074466094,0.9205587437028765,0.493858165864029,0.008230129528632137,0.8089844866353716,0.5582296149075502,0.5886884306438187,0.7245869941684631,0.4915552929091477,0.3520193126874075,0.6616625568662031,0.4629980061089119,0.6163167002741942,0.4304829181737259,0.5180038211751173,0.012235009366187327,0.4682344282974267,0.7519694035133896,0.6336298008239878,0.8036422913500614,0.6063491874890534,0.08586913213924086
0.5472171480250816,0.20417186031124346,0.3577067782547748,0.4295469934978633,0.21508314613011834,0.8507076114575325,0.5321496426461283,0.689064531389043,0.7149071302206144,0.5205585781166521,0.7724074972152694,0.5674031885238671,0.7271719020320643,0.5861531730515349,0.6751108317457544,0.21041469636830146,0.6547112200466455,0.5912296087965115,0.6319473246266115,0.5096596397228778,0.5914479339860084,0.41355057361713826,0.6823728930896465,0.5018569812723923,0.53457962421671,0.6409434692957825,0.5020807506520917,0.03269644588692512,0.6631840360961897,0.5245185538144189,0.5772478330778524,0.7456005137396606,0.5188813507874696,0.236886174516643,0.36805408634742826,0.4103063927100946,0.5891484679391877,0.5932972902126741,0.6123550218868588,0.025921387904361305,0.6841253313465828,0.851836635105156,0.691081625404617,0.8267857386459094,0.6912398157355584,0.21242376705365848
0.645663840525854,0.2507382352871858,0.32066855985229537,0.490018616485365,0.09941709361862025,0.7732477909324363,0.6495218707810709,0.7459153272355538,0.7664794765805341,0.6330749540940953,0.6640601328766155,0.5029037957857538,0.8406598916773542,0.44644447833889367,0.8419123798227274,0.22992977666567394,0.5527667615639464,0.6564603687016759,0.7411508206999745,0.6723654303741728,0.6262811009485221,0.5935891084982091,0.5814073791245818,0.6469657951762057,0.772497606465244,0.6367826660148054,0.4282799622611189,0.011838518695723776,0.6747467730471655,0.6407767814742154,0.5812243279608108,0.7362993831352209,0.4430500366305414,0.24843206363166326,0.4233983586592077,0.30412622929800653,0.4497386626374222,0.3781858006570505,0.781915578556837,0.017523307615539774,0.6059862276811467,0.8456473390893464,0.8559531483496544,0.8018634827320967,0.6025896176522838,0.1441177840731023
0.6317740738250934,0.3409530099288709,0.3679438295250024,0.6256727248647889,0.17881580885570486,0.8472301214329324,0.5820570291988225,0.803885577376412,0.6632171499498872,0.7903412808762834,0.7622273428087766,0.5252702575128725,0.8381847973957031,0.7388166960128248,0.7196189148005582,0.30874097803691763,0.5674879978673527,0.8837948744548241,0.7930948064458951,0.9017396796074025,0.6635783678544833,0.7155701861554026,0.5477639063628549,0.724366697865429,1.0,0.5896026528669325,0.6229669098283463,0.044289886785637424,0.7111898729377047,0.8730707396139237,0.538333435045983,0.855083148270469,0.3680493667820099,0.38532420146256446,0.46266311899175694,0.4001544219921446,0.6466108750736108,0.6018746205227014,0.829780781134662,0.014256241931033439,0.4944963402239768,0.7648859997628745,0.6999495287521463,0.8662871990643299,0.7168830152088208,0.1414781433191972
0.4814872688892502,0.265673071493528,0.3830746522337395,0.3910744407523591,0.143553195635928,0.7180558526623618,0.6561929036588321,0.7082807895108039,0.6653839507487214,0.7910482317031599,0.6517810275997569,0.5161134622457609,0.7670205212962234,0.47121265077776375,0.5110590681199413,0.22827340349744413,0.5948500373569373,0.7007342012529544,0.6253179279600058,0.8125093411853538,0.6465559537268741,0.8211856362089329,0.5121167275830699,0.6905778117110088,0.9683057465735746,0.5268964842659867,0.6438742589464899,0.03037334188244578,0.6788728972399837,0.708358115623626,0.7568572098912705,0.66320718100919,0.5036704378860926,0.2894140315878169,0.4755404462903362,0.30005902337396406,0.5625532545995839,0.6875479627330947,0.8219895016919423,0.023610682016029824,0.3951102303983688,0.7260523159181875,0.660330941205882,0.8053308117493825,0.6546052459150405,0.1529208588772773
0.34994778995282,0.08308874182313637,0.33024173488448727,0.32251428437820084,0.1596610889161732,0.572832728902591,0.6599476830645455,0.6654603016566097,0.4313117301464949,0.8501973778092753,0.6061862361709893,0.3396548533569591,0.600978543058466,0.5850867718308872,0.561021568298803,0.1381714537147874,0.389882826884359,0.6372200033283414,0.6210345047264828,0.5943119887584465,0.6730278304151003,0.703128172209509,0.34751399561089813,0.48302667099412977,0.7666745509289655,0.4213350023841689,0.4838759110463515,0.03214856205395449,0.5942990145196103,0.3664447273339427,0.7670758156901605,0.6614489876852199,0.6242875272091601,0.16226954568819213,0.5561127108870673,0.3819956473083636,0.45356839833344903,0.6578192083190285,0.589647880389346,0.017965005454088634,0.33117559691894827,0.7299984034319744,0.5682033328031566,0.9017286057524081,0.6478986076544262,0.07625481097759279
0.19795618656696687,0.06864988947967238,0.3467283939709438,0.4041170185505679,0.0411768345032024,0.4362780462127923,0.7001679432570785,0.4080591286231749,0.34576875522708894,0.8870566055000028,0.5768960961098869,0.27719231703795427,0.42814796249463205,0.501446987499535,0.552812600030821,0.15617693923344195,0.26409439216610536,0.5539232778932259,0.4398829788429403,0.460440028154832,0.6506777664194834,0.713881279357755,0.33053550249872693,0.3564582584762199,0.5425130099589569,0.3155846297384068,0.7975329902836913,0.013370403588836538,0.4619952367984853,0.36928064168899283,0.6417238402343047,0.7125698683216932,0.3885040098355651,0.19193682714501345,0.38564942467104335,0.4472628260942276,0.39709076556384343,0.6560781368355806,0.4860911772486672,0.02669209009128721,0.3317492925435387,0.6837299874683014,0.4722988711913967,0.780829241274704,0.5911678808146952,0.1346110965370422
0.11106954944005129,0.03989737055681358,0.2873527563109315,0.37410819628300046,0.09905218616569159,0.365222739892285,0.6134187338466214,0.4079567450651121,0.4286306156573735,0.6142166026377924,0.44710406032365224,0.19409390445310792,0.42794584208694253,0.36691196510341406,0.34632533899723006,0.08681447438217538,0.213028217406278,0.4492348440166736,0.28963110949858384,0.3342862469988779,0.5465135165680561,0.7789210758937881,0.1785324399457401,0.3439430321813371,0.44169689238128657,0.2373218512324439,0.43676051870249477,0.06161233820099802,0.34097764109238893,0.27858247731641334,0.5270668186964421,0.5008013277100534,0.284791829763492,0.1069705369846203,0.3789694046635209,0.2844794112921153,0.30019433241925714,0.25275073177390334,0.4206885061220536,0.050979358548315916,0.25174811211711323,0.5038361786191459,0.5206592458375064,0.5042145423738744,0.5284773303449567,0.10138120361014624
0.10385469651174051,0.037253547468552375,0.10302245153944739,0.3692707953237297,0.044917953084444,0.3349227562062795,0.49475442036307515,0.24845520596731605,0.24198031061622538,0.43477304335035455,0.49637620311516345,0.10663458748432894,0.21182015032818127,0.29976765716083364,0.21358798004503382,0.07626556028465392,0.151745775618199,0.39615357743811475,0.27300900613491563,0.2690413725105183,0.4685725861003213,0.643271910500744,0.20174978199033256,0.2845308739122238,0.29543451720629194,0.1502570497248181,0.5040984196597779,0.4012716083421503,0.2699130602509461,0.21482648115129366,0.32041012242543726,0.37167665497506147,0.16701374410418834,0.14159680677442754,0.2941198784037081,0.18087007616334272,0.19913235877700136,0.16233904752556716,0.3008448503638106,0.5104971047958052,0.1070638000692751,0.3580606851351808,0.6308679057472468,0.4159525436321215,0.42401605340561943,0.12228156428451659
0.12413541630273256,0.04315100071684767,0.08292830536088869,0.31891355121408665,0.027109757440834957,0.27465616442818946,0.3507238708294028,0.14981422244627773,0.16515191907458723,0.3229105859583669,0.31141502664526804,0.17379913621167886,0.1655285450367916,0.17734062087753144,0.23902946986471396,0.07881846907921886,0.07553036331503434,0.2625402977131659,0.20344410866864104,0.1969449884953239,0.2997914517345431,0.5489854974720262,0.16930639279576487,0.15917069575503645,0.18817290946878806,0.05653961439085495,0.48188744451317045,0.2676219200178062,0.2187709474356705,0.1871353639486959,0.27309437356403465,0.1308582940287022,0.07653923816284272,0.05446838345844366,0.28921615623820324,0.13726231064899264,0.13004908871317417,0.13345883991118807,0.2275238742043197,0.3854536938162744,0.07826293820036836,0.2596672908447623,0.4479211234511355,0.22320505567915738,0.34411733790535615,0.11372275733325998
0.03235631462351951,0.0472607377231139,0.09309138755886306,0.2816317737916156,0.0750980904341764,0.17524256560977208,0.3173390902963328,0.1458869317349351,0.19163004618739354,0.21509668359947873,0.21288965876605714,0.09740672754806305,0.18238112601884965,0.24888882789745156,0.1750139929411753,0.042583405265671705,0.08190035383664421,0.2108229837577881,0.14363120896160242,0.21887077473792654,0.20560113150598464,0.3163135884301711,0.1440224092141121,0.14859775734112413,0.1614221187196904,0.028296123926144712,0.3283820963154544,0.14886807202658803,0.10939673481907537,0.10585761639734265,0.2221359926661754,0.09224108477967335,0.1859554253554116,0.03039388894710169,0.12064982303107834,0.0710471309291511,0.17534698485820338,0.13182113367896475,0.1561910454945501,0.29481793894298575,0.10247395134261603,0.21358659910902428,0.33910670769656553,0.1067750758977975,0.18615319907680755,0.05526082378586736
0.10531092551192167,0.043771287248549284,0.06631312797558138,0.22157386692950287,0.0723823674886872,0.1775281957831584,0.1947686973188494,0.16207701520878998,0.040053234006264635,0.14131963580697324,0.3507873354448892,0.0338082739229178,0.06236300040857706,0.1102669943207607,0.16941168237932452,0.0665861006542899,0.06384606814394365,0.13663224210864852,0.08359344977449362,0.14457031942709875,0.18043043136213133,0.2617808196304355,0.05093480053297525,0.1610136510175712,0.12985194934716948,0.06282431682106314,0.19796847015133923,0.1559409017356532,0.04103018778219647,0.12124652973225739,0.22179796849381866,0.06339058548648643,0.10304292373147048,0.044306649430790414,0.11969895611855359,0.09601721972881291,0.07998954119531236,0.10887904206458647,0.15306082273271743,0.22403438556452926,0.07357145329599389,0.10210319632563648,0.24697919849281771,0.08909572464643634,0.16650285456304206,0.06305155375717653
0.014323442823254512,0.02170917475233542,0.033276903210715345,0.13476796862546286,0.0373906994783909,0.15712235455848986,0.10101756733844178,0.12420055535043528,0.02928588352617702,0.09073011342788803,0.1715225673281944,0.09551827591796572,0.060819677784957255,0.10597267235992808,0.13123691658665768,0.04538316403082362,0.0334562403918086,0.17188642811947125,0.10981958353881001,0.15933621019980598,0.15709845892522145,0.3892505972075758,0.029763893925561755,0.15770597470627135,0.22009690576351118,0.022089744715345975,0.19591774391011607,0.16315118474827475,0.1466673906753243,0.09591255523588298,0.1952081031068695,0.07844861187674457,0.07404252232005022,0.004677385442074685,0.0678558210041982,0.08433499899468111,0.05975844558555768,0.0914767398476181,0.15377340384342292,0.13412595208943717,0.06449980847303974,0.15337205054521663,0.32661578665718904,0.15139671186392833,0.23321391097302055,0.0
0.022517519938415373,0.03063403387226893,0.0633313123502835,0.2105731549278293,0.011760923383020205,0.24205254284927977,0.11248439504991001,0.0852903891339567,0.021818486803834487,0.16494716381084723,0.13602965812439555,0.06650582624330052,0.06864262658893554,0.13946947906920307,0.10726631057497865,0.05148661177592369,0.057277011182669174,0.20779419204955907,0.11366423853902118,0.19813439437470426,0.22629109007450454,0.22102157797283048,0.056755388711406146,0.2045321450937027,0.24071218677216746,0.04714430132936581,0.24222948565385743,0.08209338514383696,0.14485695479051314,0.09003251018376084,0.20276562632756198,0.0892032610698546,0.07604085856233213,0.050491237393778816,0.051510903674529485,0.09702951941972038,0.09208817408607382,0.05464558370410458,0.1946417045642434,0.10477669334249061,0.07961704027083985,0.1641073971527916,0.2527385058373437,0.20804696768290087,0.21596705226069146,0.034326321950747446
0.039023050241943004,0.04756511243186348,0.12971581128465878,0.19318014014468823,0.11187458425606997,0.37567597702470323,0.19861918026779626,0.142373945818649,0.10667424190402285,0.24185101422533226,0.2528825157802655,0.1516203050132567,0.18456653312457608,0.23138346986664268,0.13720136379182754,0.03620723260726668,0.10736025435262053,0.4138837053707044,0.16267893521862653,0.18808435724786415,0.4406707456260963,0.34455214736881934,0.20940168274966345,0.203902206465156,0.29732986230283925,0.10296834919009856,0.18039057668338349,0.2458561960344028,0.1989769777889977,0.15269920011890264,0.3948382017879424,0.15661801999808178,0.11690298857729639,0.04845205152925216,0.24496421264863516,0.16436594938522275,0.10993536829263108,0.07123871614150826,0.2553654147326321,0.28097041909747106,0.07309006406296163,0.29190414115794755,0.25135230963170935,0.38029350480732,0.37392266178153905,0.00979201042274943
0.06553645294564814,0.08723435849122804,0.32786954368473253,0.3222931569250518,0.3452860509568175,0.40932803248571686,0.33132543642581047,0.3344542510296508,0.2366145925899909,0.2969489148221386,0.4302704427374535,0.30360872885432916,0.34406165529394817,0.3164925677017195,0.2685993597563973,0.09466769544626577,0.15724112089399084,0.5144488543417093,0.0912870271588634,0.13918631944727344,0.3825495294755888,0.5764686885296159,0.4015262143606564,0.3363188970192018,0.4460583570781016,0.1518955888946035,0.1814086195373727,0.4843969899473947,0.292470024342048,0.3085402038042414,0.44453230740770205,0.37470014317464767,0.18256216782602547,0.13872029323645937,0.29243661087136713,0.22774592160145674,0.1334707209563638,0.25554562801026687,0.2811917421153776,0.49565507143405,0.1275034932834595,0.5525905576590693,0.32756819984874447,0.5009548391188889,0.4443240647374813,0.046268637145887095
0.10483907548713473,0.11761582898949645,0.640285998629415,0.4359403170393157,0.41496054377098845,0.4547925196446921,0.43044385432054755,0.3907431266057418,0.1354307237406877,0.3000893121714082,0.4822231121131893,0.6218176390534491,0.42675943346920675,0.37889523442777995,0.31071707072972027,0.17878714140226332,0.26420826789184576,0.544762050597692,0.1962247014077701,0.24964168641293574,0.46530111621568887,0.5070402165299488,0.5230489146196957,0.4245378617410583,0.4967600325540318,0.27447918300293983,0.14240791292511082,0.4624272490407472,0.4662938347747646,0.3835162023567397,0.4621823339882169,0.7592129859024891,0.3332499125516669,0.222457480832317,0.5870903426792681,0.6845601678699946,0.32212914077119165,0.3078073652608521,0.3566833942450546,0.6506111539963141,0.2031273890234189,0.7266679141570818,0.3288655201974947,0.8237470677009107,0.46438964274676786,0.09677608597741491
0.24921248833423904,0.23522992684661115,0.8428188955622713,0.6632569213738972,0.4527238535146952,0.5495508037665774,0.4245760927294133,0.6272266129971518,0.2528069155934068,0.3057665656988255,0.686946729027346,0.6542080617541928,0.6196970800435936,0.4232112002957634,0.3249321144085195,0.2880358892440715,0.3335488440624756,0.5759243842047099,0.29541352251663616,0.2593317334476006,0.5717550648038678,0.4987519863538417,0.49745220650092103,0.5885075030514927,0.5445652207590193,0.5302159420600542,0.4163171281566061,0.49934282431469074,0.6810197212372395,0.4225806721714743,0.49452662400021835,0.7396261126552982,0.4521018270421985,0.2798819204163481,0.5945941771519415,0.6732766083509941,0.4525411213120738,0.424476191025174,0.3648294790126026,0.7297608303402643,0.18067486627500298,0.7804437686073651,0.4099000946422947,0.7396689199310864,0.6214535013953835,0.12432679398202903
0.2723985850734664,0.1993969171472844,0.8761448477515336,0.6478963471754493,0.5665738509359597,0.6955072082223919,0.41903209316970147,0.6721542602141556,0.34567145198755794,0.40986361911966424,0.7132556660356191,0.652321116129196,0.590057834838944,0.3140017384357995,0.48597067240037123,0.4093429424490557,0.37518351748073286,0.6497157871235417,0.21973539660735425,0.2915012459295116,0.5528528020550301,0.515827026514615,0.5085241447438963,0.6891732042787115,0.4702905445913976,0.4388333985110342,0.3749742776970473,0.34867022930257885,0.7950478236313986,0.5447914471556864,0.5406848223899686,0.7299973654286582,0.4636543491631016,0.22592581726671082,0.6888371543785622,0.792522001977957,0.49781398070082233,0.29357994576467084,0.37472978020018,0.39533704904091777,0.26583948935440826,0.7263095474732518,0.4553940287525046,0.6861763462815076,0.5839504459530166,0.0778466707411067
0.4473591599098395,0.2688782105117288,0.6855261002402355,0.5653341470976445,0.9787266625359748,0.8486178641710115,0.5759500640560974,0.667890309731883,0.3532180266476583,0.3734214751340721,0.8903894216826255,0.6201151851750804,0.5994353285531929,0.38638684136577384,0.5392799957573203,0.3737421489691412,0.3938393200885609,0.5743694960271719,0.31840315679160364,0.2197925998340935,0.5770364998582334,0.37980295121918867,0.47094888102215243,0.5977086373591916,0.4394536683830999,0.4443953039093139,0.43528529754094814,0.013518203688279044,0.6481217228341972,0.5285775639101216,0.611919342952947,0.6873103592023121,0.3950081790138544,0.2607096430847207,0.6998427897413743,0.5183509808037072,0.43277486962358874,0.373541453259908,0.5640946333431561,0.02180737546567279,0.4003781941794332,0.785993458668367,0.47986639059568753,0.5554889323126648,0.6711242361888332,0.2236839111878511
0.49424072299956223,0.31567383963504403,0.48366319553936854,0.6177253430385168,0.3585967814086644,0.8736102282593673,0.5787309208426707,0.7338313907484804,0.37911262307105964,0.4743536319564276,0.9463309543138784,0.4983744722186933,0.613031486715103,0.5097987323602924,0.5597363439662889,0.3583547212577556,0.48578621086852786,0.6549602189345157,0.38728255310048365,0.2585322490515352,0.5681568675878219,0.42247194799291193,0.535657233562751,0.497564559086456,0.4559724203687328,0.4617666936190467,0.49882658689450854,0.02690202214567166,0.6649659399415945,0.5044133905191105,0.6678317219964575,0.7109173830108374,0.4993878553259602,0.35239300729978923,0.749111015568566,0.4404329620568632,0.5055280066330624,0.39888467056876326,0.4967355582950725,0.02319766955246906,0.4424738900724229,0.8138002458885651,0.4963437198791568,0.7085992280626896,0.6131698390369644,0.056001821960983855
0.45746902594630184,0.2622254396382822,0.649411146774699,0.5124449718595836,0.4361222586080498,0.8557168765980773,0.5771556672405361,0.7956012664616069,0.28837781586462313,0.37873513076697957,1.0,0.5796776664453911,0.6266177947892364,0.49343569388459696,0.5472026921709293,0.3288302809732653,0.48841871064482767,0.5017407877629674,0.39381442788146664,0.23710638434125755,0.48356554837302174,0.47077970558277066,0.5698707757918677,0.6336402593249579,0.4383799667866742,0.530679229136527,0.4231590123477611,0.01808038162193832,0.6790360207526088,0.6728388591041977,0.6296921666996178,0.6810027320357498,0.46850774259785233,0.3964708975514247,0.8734872860697125,0.4917722483726991,0.5116068994302275,0.30748708657525886,0.5102936999396593,0.02360393842299533,0.38861062062622675,0.8735840148514579,0.5231464195827907,0.7215671315880561,0.6464040396162022,0.11258770980158928
0.39960252684642433,0.24997732010469542,0.7100676476244303,0.4509220843557685,0.529875171019468,0.8712275265873393,0.642008248876537,0.6416244361096535,0.32769151181780704,0.3739269246279765,0.823550242960013,0.6050695025056774,0.5997982816611581,0.427484787833426,0.48462993003757965,0.37623304095547927,0.546823889680574,0.6002504661449152,0.2764653550244657,0.2914944075242683,0.5259722075156481,0.5809800218728706,0.5585789544298013,0.571625766847141,0.40421478737307315,0.44747662528528265,0.3495863980711049,0.034563206786938507,0.7550223883875052,0.6864701001668735,0.5798553996729836,0.7419917503560429,0.41864267008579736,0.34133824019563463,0.7748768553107273,0.6296469233966483,0.4134032622525372,0.5647663555916749,0.5394292536441335,0.016104487281953017,0.41687486126553597,0.7435039065999278,0.42684281929647483,0.6344779626399659,0.6455143007136516,0.0918740647660414
0.4852927504341533,0.33421355282377097,0.539749368121419,0.5775795401232129,0.5558356496773226,0.8055867304743578,0.44553196807539486,0.6323753675805268,0.3944079851184279,0.3319738400103285,0.7803242917283291,0.606826394951251,0.6100675581506696,0.3805118652469729,0.5056725796768,0.43384940024381236,0.5485467067140694,0.5261497337542262,0.20801427034960512,0.28113054173207264,0.4355363599598417,0.5041895576855986,0.5909732387767782,0.6151613478412613,0.3906488948555351,0.4575852763070286,0.3321677405960873,0.013924627899784478,0.8083557270057105,0.589050957982897,0.632273825666123,0.6671017913546109,0.5230605616239763,0.3649374971577768,0.697780442299595,0.5731157429273235,0.5558404495460572,0.3608610865732533,0.5715202342956814,0.03553228341587101,0.365783234267548,0.6794914686972605,0.39872972988175526,0.7035120876677485,0.6323049984786192,0.07391928627517633
0.4270731948624172,0.291595335629115,0.3234089818690442,0.4099064920892482,0.5533103362561725,0.6712976741329331,0.6081558974896472,0.77840921630903,0.3883169556153384,0.361358120251002,0.7354036926994111,0.5782796880321929,0.6309662877033034,0.44518872643052376,0.49725019707848656,0.3917221571952104,0.5090512633491191,0.4731090655808293,0.36146427726853514,0.3055856766938399,0.4839592400620933,0.5224933062718022,0.7465283856867831,0.5382707330202601,0.37087928594637176,0.5854324278712641,0.5155575629473595,0.009125638326256715,0.7120501903357872,0.5692629483175848,0.4699009379524135,0.7082568602369937,0.5653302006734318,0.3777960997381499,0.662824896583328,0.3942534815747975,0.5767361694420579,0.3695607337477165,0.5081954274825811,0.01344472636787781,0.38426116276754174,0.7977299394072399,0.4996866179733649,0.8853083223120861,0.597997533642573,0.09855689584725894
0.4726417973068493,0.23115971715320172,0.2611560385369147,0.4127363873356817,0.27356031187574203,0.7086955366297729,0.5608851384353357,0.732838939628322,0.5753924929574938,0.4928780073559706,0.6572438812607233,0.47433985010291524,0.7472707182443231,0.45489675950670816,0.6516709956181197,0.2677216977163634,0.5405751453092256,0.5541513840298482,0.41032357900611405,0.4510157477670792,0.5156474305429035,0.5060513373171955,0.6635344348320307,0.5762173159203308,0.45252797625187813,0.5584086073678597,0.2632032830885698,0.03728546393024147,0.6886322253455394,0.6083142367294496,0.5771401416057726,0.5453755612485716,0.6132079794053044,0.2299363511845336,0.5030755229444368,0.24094643144949562,0.4705882809408391,0.29693360230701654,0.6037988633801881,0.0058459866940977715,0.5571289522092377,0.8247321823417059,0.5781963288767029,0.7965763040819482,0.6134963960903671,0.09207554264565734
0.5815713849233838,0.31486198345685373,0.306975065331074,0.5125833323092583,0.21678590423761557,0.7254341414629802,0.37351560484706303,0.709525752294019,0.5929219656855228,0.6494911062404662,0.6382426540779745,0.38062069013813693,0.8088966665048961,0.4294502881965693,0.6564800286044509,0.29325654730057354,0.5177193944423926,0.6750643368837349,0.4960383737278417,0.5443499382369599,0.818753426683188,0.4228298565724952,0.6447373270192516,0.5480411224651651,0.5808315130896579,0.6112878261273409,0.4524349352269973,0.053242391032633694,0.6469310404215385,0.6586627856207298,0.6730110679995381,0.7480682003733624,0.4761051932233932,0.2667126529757827,0.5332927591219556,0.3028120268320026,0.641635607870158,0.338048042349857,0.6915046448257637,0.012290148809134817,0.6035613466937649,0.8780198398061638,0.7731077731143495,0.9477070310543507,0.8317777857777523,0.21628685225838398
0.45935282008323675,0.3643409607818147,0.34787082357030985,0.5443802746605435,0.1567015311665123,0.7605358459089272,0.5746458562282086,0.8443666863855811,0.6646426226843429,0.7386084224382443,0.7682131277529014,0.33447686524727194,0.804526559416353,0.42293865558631105,0.6125952110309469,0.33037453522201765,0.6719336955935546,0.7726180309344658,0.6739904464494099,0.6786552079201655,0.676907434107521,0.6084289311508364,0.5442792151295525,0.6394685612307617,0.7992207029491188,0.6807135869614834,0.12852835095684229,0.0,0.7179161396262723,0.6762919124784477,0.6583221515047335,0.6714668302674993,0.5872417540877555,0.33796816973032745,0.5939136716016563,0.31677895019714086,0.6403885707560228,0.48719392445621584,0.7684550323223408,0.021585023907273,0.4728990431276281,0.8170663031117685,0.73930835683732,0.8387582101602977,0.6826716349463615,0.23837484644404514
0.41721118750958924,0.2405327983690137,0.33101739831388355,0.6158597962780679,0.21660634745492846,0.6276231565311964,0.6508129573041778,0.6304083180921208,0.473002319052012,0.8455269230136889,0.7514911307473991,0.4244896110896763,0.7108674830640683,0.4356488318532109,0.5123192444920365,0.26239804512060383,0.512250045357655,0.6895676588235503,0.5711993786003654,0.7381839465523002,0.6512080252861676,0.7047997037514894,0.42430554370413937,0.8055771118272638,0.8871902121174093,0.5075486884905211,0.3472328326070339,0.03743982728749484,0.5810222144832817,0.5219014452810573,0.6586354267161004,0.7067830830237104,0.5915491144826175,0.3291802925514995,0.3711908197370322,0.3738743116325084,0.46117055828143466,0.6438485571588138,0.7028497815911966,0.026978104996726558,0.3410115396354986,0.765531426161914,0.716858556037444,0.7014155559936173,0.6763510683649054,0.25417014771568425
0.26917290978119846,0.2078156811469759,0.37987639690088826,0.38268371492751097,0.09183043433795221,0.49067994909000573,0.9061550799585976,0.5489712423647592,0.2830351170751194,0.8511703650213631,0.6840812447042282,0.3356958535235349,0.6587810077279079,0.5116772383318775,0.4332289151931102,0.20542920311992113,0.3824663150317689,0.7082447680659729,0.719298644485583,0.6176316973096304,0.6523101776636568,0.6726738205056939,0.40804303939496894,0.5696850898500945,0.7652460292776571,0.37214992450477996,0.46549934802692716,0.01916611868620311,0.5121686709168315,0.35105172790297906,0.7588417090999617,0.7359790082098706,0.5209639395058204,0.16885258003208803,0.2969976904937497,0.41242678963659757,0.3884156180389795,0.542548083676218,0.648745128243376,0.0019131479540870858,0.23292834266255805,0.7290709387983653,0.6216252442120631,0.6715742287621742,0.664600035088336,0.18617773637616583
0.1682503260309337,0.0589194856724644,0.3145565478740101,0.4058194933818832,0.08427728142260388,0.41962338786892356,0.5916620735774213,0.45531256651723506,0.2832864542280123,0.7587528609199689,0.5422558651940759,0.22277701586606755,0.47385960893925005,0.48036887467475675,0.42690969309689747,0.1278323574391832,0.26190284565395433,0.6196234325529658,0.5054369561520228,0.48857246149397987,0.6807917457357637,0.527675302154722,0.3186096715898441,0.4620589695304458,0.6409398803479215,0.3573037942033776,0.36721638398213974,0.025405121895236055,0.6990343057926259,0.3479665871165555,0.7472521904079846,0.7448175088816923,0.3133284076310548,0.1283315574061451,0.2814770372442649,0.4333101395893232,0.33989087416674646,0.41371611803514774,0.6231165859719988,0.014319626409746504,0.2574300958606486,0.7530124301513761,0.5698632259087448,0.7298213724596982,0.5802614616789359,0.11523066756038863
0.1281588169425248,0.05987091765261221,0.21524943295368157,0.30407360156048896,0.06583826611735988,0.37928971973332026,0.4718841305809187,0.3372908166069616,0.19617970720199973,0.567190956644941,0.5310236686679125,0.31702038420095907,0.30921004048311884,0.5418707185379512,0.3459256844712407,0.08633021676754636,0.17449076626240154,0.6784792193527358,0.2505531080272427,0.34671720555880337,0.47099974246440285,0.4956417057239633,0.2288487465533483,0.3586224649532284,0.37770442180882635,0.2117379158905104,0.34076918590479355,0.04680861947053946,0.5103381756441066,0.3265248509763953,0.5236730227440605,0.55682945215819,0.2509464614442755,0.10308674793954309,0.3464725158582183,0.30748035306276195,0.24290477229991952,0.33640130665811935,0.37646242431536564,0.0747427960210578,0.21386118419560604,0.5439055050477625,0.4922732105047287,0.67145837244427,0.43856626941895493,0.07510295276857028
0.1100596969089333,0.051099347335373316,0.17952963792976975,0.2761052385943416,0.045304573138774236,0.18959046691919385,0.3624182599164002,0.32946071371059965,0.12620235082626868,0.3912822751679976,0.4242278737224968,0.15089225822901853,0.23625824971039175,0.30863603179955124,0.20234954921054318,0.09439925781236606,0.1530900806925864,0.4562369889054425,0.19912212818544145,0.29233324861382726,0.4163062533872538,0.3462670830368257,0.17136609785005857,0.22607713570412757,0.2826280779332487,0.1646171887464198,0.254486261941931,0.2682217274495031,0.28096630177408444,0.2592651088633987,0.42943972926214846,0.30026537185321894,0.17492596897988053,0.08219534196128636,0.20887682103670419,0.30305797805429735,0.16348001301051196,0.3666821160661469,0.24601809765670146,0.4762037779218097,0.18042907534165092,0.4388180224119624,0.3641020992810176,0.41574276138165395,0.3952539512804753,0.07142612189939754
0.036468937552774174,0.04986747228762578,0.11499602602903983,0.18689878393074444,0.05977550885851087,0.13778968588472157,0.22935091217707984,0.18063464564165196,0.193252839870525,0.2788211568491636,0.2688824738335582,0.1464710762500421,0.128265808048851,0.20732087605718852,0.18445973273307112,0.07610551327574622,0.06948785092982195,0.30949934966815673,0.13836093288215479,0.22630568160638437,0.3427293357758934,0.33781578083252634,0.1478744864155156,0.2622634182340385,0.190138586066177,0.041485416056322194,0.47861431572756263,0.14197676758390335,0.14954674198173906,0.1668316227547448,0.24909780899900866,0.20620153813181885,0.09370562038936611,0.05684814526004923,0.13245084675043556,0.1299304381125652,0.13440200157518167,0.17255639774385279,0.16011031970753015,0.3294954291489121,0.08314139157057701,0.21410024817490514,0.3479468355860863,0.2933455164860147,0.27240933732782885,0.06724312163244155
0.03616428952162037,0.024793383426224343,0.033300500422139015,0.1139462212379184,0.03477063755611038,0.1876927142861276,0.24059732050703644,0.13741671987707757,0.15097523476274408,0.19240836978358392,0.2527278259459216,0.11935765006307421,0.10999667285885492,0.1639695332753868,0.13986469330403475,0.05260504599053213,0.04946568784006686,0.212863606076522,0.16839231169052216,0.21996735613352605,0.19965540978487717,0.11814044412144722,0.04311664665772634,0.1385409732213207,0.14864005010573458,0.04669128747005202,0.3459143171594345,0.05634626246265078,0.07412097467963455,0.08373475593985658,0.19385214925594987,0.08727138747778684,0.05907466432374743,0.029295221345559577,0.09699502687710375,0.06020813737998542,0.12017880715809669,0.47795503686639956,0.08022462107498614,0.27209215717269464,0.037511915755003816,0.17817102824532333,0.26237424213793764,0.3145555746636276,0.15257669201659105,0.08517813002619562
0.0264332571531617,0.02043325778484533,0.032369686237675346,0.1309169160805817,0.060867738218903435,0.18101887986128412,0.14020498473995135,0.15448236120932105,0.2007439477389419,0.18763379744049746,0.16835435189147055,0.04420658784758813,0.08910512942142904,0.14619544291675649,0.15640918905841353,0.07597473569796562,0.0642221818992901,0.26134968631020794,0.07259943458325875,0.15750443607755207,0.19373170694269518,0.07433377682515041,0.0291540884885479,0.08526955147802487,0.148310890006484,0.028414933697854087,0.33027087726466164,0.08051638698792801,0.12320056914084605,0.04129509884772148,0.18050280170792887,0.06528351018717227,0.0798544898550647,0.03715248042085553,0.06083542668741601,0.05724016023339782,0.05873721883414787,0.3531120532035528,0.10421933447622915,0.2619675332359846,0.04141177047219999,0.14992581626373486,0.15927776520034623,0.21327050299630124,0.08311734085597247,0.054763452315405706
0.03259457396865134,0.02267130133514881,0.007782817977502271,0.06943064489368263,0.005674416111634814,0.15351219577786399,0.14549887780078596,0.1442136082368511,0.15203614545427896,0.0924725611316187,0.10177575760971809,0.09140673087920814,0.07313935095956972,0.20295880932505153,0.25215656097870137,0.05206032708441585,0.011174393623929826,0.11477258019414571,0.023999327378655406,0.1695813572309299,0.14691193606157496,0.1418564586759435,0.04163795336874204,0.1710745853666662,0.20918241858128964,0.08897565670062337,0.4235344690108118,0.13573864666815508,0.056738529644873054,0.06663661587589208,0.203611627549502,0.07064699232940935,0.04243543130861423,0.04854697881431413,0.06964220610287133,0.05798653033760915,0.09725150191943398,0.19486117545666154,0.09099220672030062,0.15629389788727094,0.03056725602147116,0.09964650099465129,0.14437490069033188,0.1785106155281499,0.14012897774634275,0.0841042016055625
0.031953504568034995,0.06683652539342314,0.05095712591981871,0.09291961446968142,0.05413557879513784,0.1989352552039028,0.09221061299370747,0.10996523486352829,0.03249672365287351,0.22020411059750297,0.11418950512971424,0.05983096496305368,0.06789125480411423,0.25271629582358013,0.20192261820585017,0.07026545059447711,0.025347293681393924,0.2732996831618706,0.10322630486819241,0.15371358483335187,0.10839342393855883,0.08750689807230275,0.08244037911411352,0.22748977385717983,0.197588262370621,0.041762810904090064,0.320497161560227,0.08138130223716927,0.09945622269219613,0.08884945123032416,0.17583354438825802,0.1711763700442653,0.04679482792381956,0.06813473869451872,0.11641191427517715,0.11141505232053969,0.17776420213565114,0.04480278944922554,0.0880258778939198,0.18908180956228016,0.0160820545494412,0.16756791270835864,0.11451850157185206,0.14480468140325675,0.1718734632511367,0.06353430923833496
0.06425439135906968,0.0510894560083926,0.15167103226398054,0.1818640501994491,0.09515322932176642,0.30816364735930235,0.213817538592364,0.12445989052348011,0.18279716090372983,0.21807376742331172,0.1534018292035783,0.17245484326031268,0.2190298000462321,0.18806243351653532,0.2319385244095457,0.12908351203619906,0.09554494888046458,0.44085514016299443,0.09653507026326628,0.19902661193146953,0.297874091070401,0.33142187575259024,0.31384395694055917,0.2768186865999492,0.37479245723048016,0.14622914441781,0.07986422070939478,0.300470725337759,0.21739053832662086,0.1361368469551011,0.2814234933202936,0.26364182141187825,0.13245245819110632,0.07238322751452667,0.16711806373136195,0.20976728135065414,0.1591313194255909,0.1454098075083799,0.23020897721860906,0.37349123650996474,0.08550317498685403,0.40695099321562506,0.22716247453629462,0.4080300646899869,0.34837361192587774,0.05697643426469427
0.12294098396586986,0.1832396488497232,0.3464989310465727,0.3509226124163351,0.44475550967393435,0.5968377769856611,0.4715637614210606,0.30020784702692876,0.4513060184909636,0.2808045753462123,0.4864956143416899,0.4043159286462481,0.387366809645727,0.3250922421393627,0.3848997548858823,0.32034452974685157,0.2578417553789672,0.5522093641687331,0.27070063069080186,0.2931919880191942,0.38462734819394867,0.47742416772212865,0.8086530850690802,0.6816621526082576,0.40965269120607545,0.22204097496632114,0.18486259788029274,0.560814287514755,0.38352373100450454,0.26765226473440795,0.42477301559870523,0.6309102592077305,0.25904274004727296,0.16327931763154094,0.24784176096815208,0.3246040668366772,0.4875587393410162,0.5084773103814819,0.3420052038405162,0.4975553427253246,0.24253650208433322,0.9396447054445597,0.353699274075343,0.6981089238453178,0.5303569462455188,0.27342867021538775
0.17072069698265463,0.13095694439197664,0.47972507415829,0.5958563039707234,0.4790065937556639,0.7307064047847865,0.45803818546296526,0.5829921159416422,0.4820759150252691,0.2013063672290334,0.534008950266136,0.7420105612629035,0.43999759280295814,0.3529139352654913,0.43274385373726354,0.5666732852156028,0.25893408780045923,0.6041132803598882,0.2131625244673192,0.2939946768333547,0.3272060648812106,0.6136217323606382,0.667383028013032,0.5631115160821109,0.3792613550082119,0.3143730135322203,0.23846720267616528,0.7439222279388619,0.5639830235112263,0.44888699920119574,0.42689987356881287,0.7521225173548416,0.31052447345918205,0.4554467919031004,0.3736773305428166,0.5716625684133563,0.6463740182463141,0.41859643476737496,0.3802145284266873,0.6246420906008285,0.35343481355871975,0.8452563925306683,0.34787809080024146,0.6273261956993303,0.5067870166375152,0.37918824792939143
0.2278859580091513,0.15942745131549513,0.5722012640298795,0.7141124769539227,0.48902546570878325,0.7461433859009765,0.5867233934798941,0.571215754471446,0.5059944471662035,0.23995278780479726,0.6543160726115613,0.7355987917037287,0.43673989440769323,0.38585359108766304,0.3728476761382178,0.6505590259789563,0.2672375410522742,0.6352870337875581,0.18238716028870838,0.252889629373471,0.33605633950204306,0.5327578946294236,0.4579895799902637,0.6785301467068554,0.3619716216560246,0.31699027022335713,0.07950736774357522,0.11618184292228748,0.587817884358033,0.4488337047102624,0.3973156384546354,0.6351593238921914,0.2695149722557729,0.6041330625135278,0.4013542937902888,0.677943959718657,0.6112451300477535,0.3416258772503231,0.3539933807090309,0.08053873100895059,0.26349376640874034,0.4656159934377649,0.3039911269167505,0.47935079278018083,0.4460806132799422,0.21568033385084764
0.27372492809770843,0.08565435123119312,0.5474764958031453,0.799835251109559,0.479310554121098,0.7132641971828229,0.4611912411117358,0.5137425886090067,0.4795382539745178,0.2653093775250272,0.6695866619198935,0.685019924137552,0.445916769624193,0.44620966368966086,0.4296291965502579,0.6623381062834445,0.30001017676230035,0.5803158337205101,0.29618661866657436,0.24067915380633995,0.35187199176903416,0.42371683023446943,0.36690910209574923,0.6916908138317638,0.4300712285822947,0.45821252478133734,0.06187558413684505,0.03922895280705907,0.5198116326447096,0.5085173902474427,0.36797835645813004,0.5708199697251063,0.32506607352161604,0.5602219556349062,0.4501443021342407,0.6078652096523233,0.5313476333765141,0.5081130353183976,0.2727003268412823,0.03427556928022653,0.3085931026931642,0.505178333095671,0.29700101931356004,0.35505699440005684,0.4626816647883896,0.36741042285281444
0.36108376815359433,0.11336243422907068,0.4532792771111769,0.6496713949683708,0.7679554450504361,0.6665075650031905,0.46865896568392296,0.6664332343853406,0.6141293267123331,0.266411728192852,0.6849017467328155,0.7034657326127223,0.387877756118192,0.4302354686916371,0.507040248204353,0.7282097661369449,0.32550972207898116,0.741918093592501,0.2740123548162312,0.2425964059008103,0.36449091469377987,0.5603664856984855,0.3630182066672446,0.5965084554934105,0.44618976078441897,0.455688935397461,0.10917942374337175,0.026100080568039273,0.5949487562456692,0.5292917541355163,0.3837248859250825,0.4824900117502514,0.3110084389690885,0.6138269264053113,0.6014319493316209,0.49999713741964796,0.5376385129079821,0.3197921541578929,0.35837309044743,0.001464338315564721,0.4688616619071617,0.5460463134794895,0.4896795045980533,0.6526598917508433,0.6125632357128075,0.5658041623360194
0.44645630061216046,0.10446124401034927,0.5844850792454588,0.5484196221376361,0.3469727476055768,0.8612168119027757,0.507730074392008,0.6361407968493373,0.6970886305226569,0.2956956460935885,0.7707628438449707,0.59924099074124,0.462203600790552,0.6412858957500324,0.5032139153673658,0.6306193140003042,0.32312123512332397,0.5287113044665454,0.2768529017825571,0.25785940748831127,0.3906044392873989,0.4160384515837023,0.448986048965355,0.586717567874467,0.4160950588743049,0.4920431434914006,0.14050271030249728,0.019704216740595408,0.6258952352756421,0.545431457647113,0.43577205724837986,0.550299266182091,0.35557161716624036,0.6177145532376268,0.729426062834156,0.4549698098520722,0.6160316421704165,0.501915033060705,0.3763019786424992,0.009585361216128888,0.406335067081686,0.5483094127870376,0.42095635734869385,0.560545377006155,0.5905794072213034,0.33575665848716796
0.3418701177943688,0.11748830024639019,0.5643293190761903,0.4876239718470216,0.39917416535381023,0.7773799632719951,0.4766438912379416,0.6194953488752029,0.47208908946755396,0.23805537881462305,0.7253945089249242,0.6924076418358207,0.4735985853359773,0.38072274603996914,0.4654610874676595,0.6072902813053267,0.2903240458177783,0.5100253753161762,0.20740385520147936,0.23911335620230886,0.33902289286975384,0.4825950024305716,0.3975344090521224,0.5971758623018603,0.3667624589620948,0.3739287940513457,0.12417593456637391,0.02045104508421819,0.5197186543008856,0.5678347811010555,0.4279955965704269,0.46889257447074495,0.3740570336227671,0.6052650379674046,0.6335479241166915,0.5217850307250692,0.5905224068864411,0.3772420543416536,0.38310845261603704,0.005075531807259377,0.39831328548239664,0.563309248231178,0.44157260900499706,0.6922309751661246,0.4475566941710655,0.33038071706964023
0.3658251983729747,0.17088026760395347,0.5073589430301066,0.610652094961696,0.3586482134286936,0.7492977872283153,0.5404622608796616,0.624802673437288,0.4360720666923025,0.20741942074756786,0.6515807767269184,0.6746880133549588,0.43395319603242855,0.6379790840092092,0.4802720313530538,0.6453805284324482,0.30620555236095715,0.6908367278899231,0.3196823227033752,0.259859731763849,0.3280921788413369,0.38427069995346047,0.40701350543722786,0.6846707421147699,0.33082989159801474,0.40341421018955176,0.05080157959379414,0.03857042589601563,0.5828422744679808,0.5052388431791345,0.37899725003921286,0.5592423476866604,0.37279865741160534,0.7703401338199845,0.663508296476566,0.477830202297261,0.7264755655725164,0.4225689353364276,0.395521179655172,0.01002564109562921,0.332176797109353,0.46046978905991837,0.38912082886119526,0.47329993445572177,0.4991859699875621,0.42098069710983255
0.3542174740537573,0.3284549776636782,0.42043056412228574,0.6174500553247582,0.2671595437535691,0.6895786686830371,0.5886843516915218,0.7527863902096631,0.6033922279399112,0.28483238763488006,0.6936453717995236,0.673064892995613,0.4393614040545497,0.6790309392564576,0.48737186753923606,0.6057188175579794,0.28442741211420863,0.5497185408363094,0.3074734268404068,0.3489082599557197,0.39947798960824027,0.45058137679186566,0.5715445425709247,0.5928016641748104,0.30371488659319257,0.3723179496627204,0.08934809538633656,0.04179390627997897,0.6088128034278113,0.4502622141522385,0.4010579485417362,0.8410284205548123,0.4299393597383283,0.556919055121123,0.5900023551919282,0.5605307955715497,0.6600891195747747,0.35239993768037464,0.3804492556159626,0.010314424288896168,0.32787990015630686,0.5510719705486717,0.5230572466297536,0.543454198972392,0.4978390771611491,0.5336663182596066
0.3711927165154374,0.3217267729088469,0.3934822065228909,0.5830737847510332,0.56220642635263,0.6922751493527409,0.7950616453506513,0.6679560103115366,0.6772674857097262,0.3237172092221633,0.7093781751393665,0.6338997827963767,0.5433228762940114,0.667000636006161,0.5543140018805848,0.6027834674318544,0.34268866931990316,0.589609378889654,0.4582084183567293,0.3115055655327,0.4070066350397739,0.3628576048326357,0.7276277937086015,0.8691838773960742,0.2970411825581775,0.4691148614066062,0.0954971175187676,0.003953967379234157,0.6653422977579377,0.48011453091623135,0.5110377348405669,0.7426266698730076,0.5547205892292532,0.6099608858002191,0.523274343959047,0.5748930032173123,0.7101044711390556,0.31478002026696966,0.45393344129858487,0.028566366755358293,0.3429792864657978,0.9684996599353224,0.5692566262467235,0.628829790037331,0.5226932293225723,0.4421309112155466
0.539674236738795,0.4776197401310531,0.4103346823685854,0.47500179578008256,0.2522767190629522,0.7506862974132182,0.6633453279828682,0.6957253348046795,0.6282534136679945,0.5074935992887777,0.5676105463318369,0.5077312297179272,0.6690777380532034,0.5794926250266355,0.6763106484616485,0.48332278954017405,0.5170926023907256,0.6465673264795588,0.6594985913413302,0.5282281313952083,0.5069637528023547,0.41723430037249065,0.7894616117820346,0.861935219511923,0.5406208580307537,0.5109110557803966,0.16953250008785561,0.026679834354753747,0.7280705159160149,0.458445232780538,0.5637149995986637,0.7928269767647863,0.7154563113862001,0.4838238782454659,0.45179533417566875,0.3796288127514218,0.8273504877518492,0.6511787762339641,0.588296689911069,0.02411834074170892,0.4997117552555006,0.8602659080335933,0.6887529285663505,0.6888945557952288,0.5993350152776729,0.40994719839379645
0.3993419551978788,0.4343090153915361,0.3475413661995749,0.5156837767043647,0.15417677983844488,0.6375394443170989,0.5771533301713785,0.6623370669352009,0.5531228356879633,0.7541845137644363,0.49214507777598154,0.41939376960046376,0.9052485860699824,0.45370560018293127,0.5720865688758096,0.32497962674000874,0.46109663005815754,0.8116935677636384,0.5279902669821122,0.6979391222780027,0.5304135708689579,0.5561153013813545,0.48481149157687764,0.6646734473141632,0.7491275072559351,0.5274251715520517,0.27229550358340926,0.052282115861186064,0.6250550241776212,0.5751221097666052,0.6031327398946181,0.7666353036253246,0.5043550861429144,0.282004239335951,0.43155542459385027,0.25111018197211665,0.6092458916312938,0.3702901090961342,0.6582256303587658,0.027101282059504538,0.5021998167305819,0.7746735309883133,0.6296607949005539,0.7192173441056495,0.6232463935511484,0.28716086526312246
0.3993493237546285,0.187886375015348,0.3884421911047907,0.4215046075514367,0.1656241294747465,0.6905131810248204,0.5221911435583731,0.5982569458511912,0.5049320816835665,0.820318602407964,0.6191579313546213,0.47462726066811695,0.6242495641768141,0.4710078723846882,0.5369547905147699,0.3200105429219109,0.5344419611716059,0.9655868315990624,0.7717606694117739,0.8306887677009904,0.7433339820206109,0.6844892022136421,0.42591572243016845,0.7423631021328756,0.7791407766071119,0.6147635192053835,0.31942739515217994,0.04105050164708456,0.7706038268924503,0.6779414126626759,0.8049011121893563,0.8511687314228622,0.3934495337606643,0.3380809214638047,0.48561769791610454,0.2912514985922409,0.469932834690257,0.22037946918376422,0.9170867760385155,0.009266830464553963,0.42452867909319414,0.8084037288505459,0.5936512764548058,0.8649808507973065,0.5967678557912046,0.24986916417296864
0.4542932251772798,0.12457162905848494,0.3482905553099328,0.4193724613639567,0.12899858690022015,0.489659038990976,0.5748718126238207,0.5836517657560281,0.3384340212817121,0.8064257477391807,0.5251148579666057,0.3943977957520948,0.6219121946861849,0.5345230102636982,0.7666292838181259,0.23198857659327804,0.399858219008159,0.9954927854283673,0.3717536978451865,0.741623540320051,0.5483934052736152,0.6331485877860508,0.3407682191008343,0.6917994369201229,0.6566406188219426,0.46754585199365745,0.41927899999084783,0.03322489395535915,0.6847597981775944,0.47073034529852087,0.7709206802221359,0.6853394082109694,0.2891248142667089,0.2838945613697922,0.34696952216430244,0.40759450199255337,0.516001988355411,0.35006735071489675,0.879669341665407,0.016372494266069966,0.2726331455689377,0.741351196267488,0.5884652394913011,0.8476233103824449,0.6606967354764854,0.27297060101358817
0.21936215962711533,0.1206328696198495,0.3034605450686434,0.4108178217157086,0.15699184181542125,0.4393925018938782,0.4498727845958129,0.47736235841881636,0.33214191502905505,0.7691826212675984,0.5873939683260982,0.3782588862342176,0.5730511284963001,0.4985209597617587,0.4712862790548093,0.20245065752864128,0.33806813010389947,0.7483539987805927,0.4164542264062083,0.5533960810728923,0.010143787246272379,0.5987904627098698,0.3237712541341864,0.5199071479906534,0.6858332822043056,0.40629416033798044,0.42114967265146297,0.02521783511247793,0.5800557176444204,0.4391317319321488,0.6803961950546887,0.7603213976794932,0.3234430204903607,0.15830485276152337,0.2269686686499126,0.4647509342551365,0.5664363108000109,0.22873513830744147,0.7850312467653054,0.0,0.2453193118898754,0.7163180281910323,0.5773665566668925,0.7632235128634961,0.6448834869540356,0.15343914177982843
0.15214380221985552,0.1685001529584338,0.33577486362307674,0.38387732340773245,0.07265562118360955,0.4055589593831718,0.43632762720981444,0.39006874337133385,0.3471484499112295,0.6138513720158436,0.6212554209152958,0.20203111988690173,0.37886329086421844,0.47706693433329483,0.3547057017658471,0.13557685597412195,0.24560741416042783,0.6032807243836167,0.579630192133798,0.35133371026898885,0.3864462580449922,0.5325536524853178,0.2185194812912567,0.4246838100059279,0.560897089623214,0.34899104916070717,0.28497129246813363,0.016005137251806384,0.45407265246539924,0.3452140802222638,0.7353165642095686,0.698823010469491,0.2995558318912934,0.11896674731233123,0.21746342347269065,0.4583240189818585,0.43301628933231956,0.29089988769574354,0.5669750714479845,0.0037215774625829114,0.2257663254215939,0.666454083122769,0.6730494163053404,0.7308303080924929,0.4469832860841413,0.10816603089977975
0.12983109725364453,0.054805524822195875,0.2295371303829082,0.14587667550992725,0.06716188159107431,0.32272227817673904,0.38927470140577647,0.33431163520900964,0.18659330339416202,0.5007638259499534,0.5064439102399629,0.1283093935301384,0.3051269378771795,0.28294157822192445,0.26309952571902234,0.09638140710682923,0.17963809319104104,0.47497002152363843,0.3450723708701797,0.24820902411646997,0.5314075714719291,0.43739006257299334,0.22204987716482058,0.31253540709297173,0.42464973436089726,0.20159204932054098,0.15091324880142112,0.040310074527585095,0.30885841419127147,0.22641129700950727,0.44837527815215944,0.6152126900264123,0.195431120160042,0.07214444053923807,0.15898579634493865,0.295885852129688,0.2661873635425788,0.23321716684749588,0.40156617455858823,0.07054959865573232,0.18743840336105116,0.5878616910676603,0.49433700164402083,0.5004715586017117,0.37749015156108306,0.10965509184383732
0.06071098308447568,0.06088962921486424,0.15539168949130042,0.21274647097901583,0.06946857008903595,0.19263846571721496,0.13777261372522417,0.2009536393131289,0.24653889418634078,0.2268844138428666,0.314128568456307,0.05414167683086635,0.22173845238721965,0.22804842467485983,0.262577980269417,0.13987231596930932,0.1128893993083524,0.22609038403009665,0.13512355555888483,0.15088847575536318,0.2627318325285078,0.19131344803905145,0.1552979772564375,0.2223372936037175,0.17606029039580648,0.15920082959961768,0.08551969881251772,0.16974123538285182,0.23298709349285812,0.2568924885302825,0.34359909173063385,0.38557140922893124,0.07527205288376945,0.03154813629328532,0.35164225082238626,0.10803042598750265,0.12472131004105523,0.25566235942522225,0.1746448205908227,0.4193959583036395,0.08071062180182728,0.29229085975900065,0.4457177284809354,0.20151672924035718,0.3365179382502238,0.05352745788251323
0.055833627549479715,0.03673035724119239,0.08990620816859939,0.12747537310658602,0.10533754612135765,0.15873270895909045,0.08797165530451331,0.12115904513789114,0.15976852839859793,0.27061564036388763,0.3236809962360583,0.0466604374501612,0.218942012808341,0.1377650559488777,0.14994744359928236,0.1119210673580709,0.0852559719303672,0.34923323830398156,0.20935698544583142,0.22303503753873188,0.32954910440509816,0.16904641418860195,0.10240553967457565,0.14422647332687882,0.2389905752591567,0.04634935743333363,0.1530657342257608,0.16415286992694436,0.2505700895527111,0.15582736974562114,0.28951836735710235,0.14715039321561027,0.15358560435962962,0.0661124317965471,0.2669186729496206,0.09761474449307067,0.14139272610890186,0.1990517761826825,0.18660405330865865,0.25984636975522785,0.05670980294240273,0.20964512647738082,0.3533650336236634,0.22734199244165348,0.21109910339515509,0.06919590995031631
0.05138847883166448,0.023716849707822278,0.08461375496864569,0.11010762027939106,0.06021366121206686,0.12655457186826435,0.07771008846432698,0.0772020373759124,0.26935975585534827,0.16707330137652038,0.22304463683473857,0.045555489985563066,0.1432328617327873,0.06616872480007634,0.17185360893772283,0.06833505118926567,0.05758651267922915,0.23541554789760819,0.10589628108003386,0.12859647348268946,0.21817522332350087,0.2368237320689933,0.055621724078285736,0.2108975916206246,0.2223836873014355,0.06905919760163812,0.13651200744206465,0.05818631162910403,0.15277221059153118,0.14472175560286496,0.25273912658465725,0.0887096664149199,0.11198378891943211,0.06844015392087913,0.04045515854958716,0.07195970645828573,0.11976303296036399,0.1889867423575513,0.1545734588122526,0.20544522042287375,0.0325317346748558,0.15076319138376026,0.34334516207872806,0.18465485812737603,0.16716961515818154,0.07265426111745352
0.01168495882821518,0.020265537026424585,0.000883685511216363,0.0641079485655769,0.06298941154039134,0.07453689893018499,0.06832581513122818,0.08511673523279314,0.1346085651179892,0.1217000961756192,0.17361029347702853,0.036299853066377716,0.09386572459751019,0.08413761073249955,0.16736346588860976,0.04808988235245468,0.039815824185332874,0.14408717729125972,0.06288262125799053,0.1242378047963357,0.18410376761415687,0.0768407545420805,0.017145672889703516,0.16070770837356596,0.19578218947661485,0.050236620379999194,0.09314717852194165,0.07943181816097136,0.15316361989513955,0.10895158172001576,0.20477071378592693,0.11367185023186424,0.04092218435210357,0.057639386860585305,0.06194536222084919,0.07664391403879028,0.06496247476982211,0.09141945706319081,0.13412568196244407,0.138962251621517,0.018013283154321075,0.1496986469120598,0.23179714676945215,0.09805322797545366,0.13334347287686077,0.06048633457570081
0.038115822900642006,0.001762745266227883,0.06999712288417217,0.18610677656884492,0.08376934841051487,0.06836005907658703,0.0936290066085369,0.04284315939982391,0.12050440807551267,0.11811760512456831,0.08313850468297986,0.04820752914080542,0.12288966543035462,0.06528835447968682,0.2270793663610073,0.030376127602020714,0.038494572303414895,0.20850648442972836,0.14093853063077322,0.12261155066365167,0.1691878495785137,0.04332457942701349,0.019422293257957208,0.11996182717556998,0.2319951641776681,0.077725022350336,0.023350375351832375,0.10703434308757404,0.1586742052062079,0.07283505871044889,0.2040664392863173,0.17964791863790064,0.04406043051673415,0.04559164851571051,0.03974446195645141,0.06748340926638591,0.09662750799065438,0.12091397652871545,0.14162011563616234,0.11886313175966527,0.004178617613202408,0.15170209012297992,0.21491590878593,0.11457419527663851,0.1624692517611962,0.0787224263757478
0.025984592458957657,0.018287905048432473,0.09299235711503681,0.1613433494297247,0.03418076919600855,0.10696196787548609,0.10803848053015153,0.08619253187901654,0.0042723413996512555,0.16790355571721047,0.10808251481598417,0.06486529446132297,0.12484200940254989,0.09424893523243918,0.19751416724937887,0.07480410359316843,0.04916392141610314,0.2500891239690062,0.10596921038047925,0.14011550667610478,0.16955718573773979,0.10442196692995986,0.07567949115813674,0.15460052259938356,0.2417559668765921,0.05081956705304991,0.09082000437115959,0.21582461282050808,0.1546215439391797,0.0689481456649745,0.21131697628593596,0.12540883656502244,0.02998172046137312,0.04644927599687799,0.04797092654457075,0.12774869128124014,0.15834043071967646,0.16170840115214657,0.21894013076735086,0.13535213991858006,0.05543766300450212,0.19223439047979773,0.21471572965588656,0.09169129954566643,0.2317596963733559,0.06161450346955598
0.05162701156097101,0.03315560259120687,0.17160647756367653,0.2782206305041326,0.08275974884689574,0.24905046623355612,0.22102182790607292,0.1967682152759584,0.06693655132303894,0.23845725872896403,0.2004256243990427,0.1717633482638079,0.20679998514863066,0.11691949558661438,0.20060101709981837,0.11762295389616496,0.09108177257783484,0.33941643666571497,0.06814742347398033,0.1542014261868026,0.32949255385657517,0.33284588708242957,0.24607511763453593,0.26023056554670543,0.3031996113459776,0.11237854943111625,0.12132500673234506,0.26117554677805166,0.218963936510771,0.12319424573173285,0.3264373829001056,0.3306363458727507,0.062446599818102036,0.0760016682867328,0.1808716975274256,0.1883853988767739,0.19514315559501633,0.23407975046911433,0.20073164410633654,0.2047580132876165,0.10877817613607516,0.5200668610770917,0.2845855640233997,0.35759726816706333,0.3494405652405154,0.12741314834464054
0.1470311360620231,0.16812941435562656,0.3206446140485043,0.3688998137667089,0.43124812457153133,0.5445370242936518,0.40043237438142587,0.3190110600663808,0.24841712532412807,0.2739788882159445,0.39518357070629184,0.3843658400178235,0.484256249359575,0.19836562818661252,0.34770583776312725,0.2555166131990125,0.2514706050500013,0.5195654633082942,0.1006898737100727,0.2003157140466211,0.36633152807284625,0.6088104454838054,0.6755765350762796,0.4381957599019779,0.419647325774436,0.2308008032696143,0.057894783682953005,0.3870756387659153,0.36974782398752754,0.26049413950505595,0.396285050960409,0.5749627710179539,0.220867391897034,0.1619267065001112,0.258125087913419,0.23508579185308226,0.4623582865451347,0.294623485472607,0.3238014834198661,0.4549239405031624,0.22355218875138702,0.7706173011307965,0.44299416101608025,0.518420151689589,0.4927514448447701,0.41372258438129217
0.16546016091754048,0.16739433834317874,0.5711183714462899,0.5586870483944417,0.48533405022986253,0.6269217208608139,0.4167022612395368,0.4341753760695969,0.30007410894722997,0.19219610331761144,0.4960364694862552,0.6558382689684662,0.4338210480189264,0.33308735366374764,0.4004791702873013,0.6110419789119911,0.29973853012434676,0.5121210625713123,0.19103513615110984,0.26788083855868633,0.36458938691426734,0.6516521256602714,0.6171005186525245,0.5831314716671964,0.3504227154219186,0.2958340683424438,0.09660216255433299,0.18544229770799212,0.579998458270967,0.4956623131688899,0.3849872240948942,0.68254198152399,0.2714730825098318,0.5426300798141898,0.37993805611046255,0.5719446339087062,0.6363390042750183,0.37829950138087043,0.34256604399192625,0.2771003688864453,0.29623485268146865,0.8637517660926445,0.4489421294326564,0.560647085290926,0.47587824707829873,0.2775742385665607
0.2099856941172933,0.19627389492510883,0.7767767913502933,0.5404156560882063,0.33862464990689384,0.6710181169153628,0.45024771775537886,0.4741188283821463,0.39115950357394524,0.26931341148957166,0.5546034866588732,0.7883253794923132,0.394199814677907,0.3433427471314182,0.42586598101361356,0.6832510331129767,0.3253250511691831,0.6057772497986562,0.23323491910811095,0.23705415184198428,0.3706631778897495,0.4327861494463006,0.44607193797357975,0.6782128273533365,0.3319167272663658,0.2895351909770766,0.03336130837611588,0.0269011601927463,0.5472553617856134,0.5065789461399746,0.4018717382303356,0.6718840730483558,0.3296904400648075,0.5659984151011885,0.4386632828804586,0.5863091653211167,0.6628986257276679,0.4251591488964659,0.2550033664116751,0.006838559668500355,0.17764716179057827,0.5898468035369426,0.37855448159993627,0.45988506849940697,0.4869470337301965,0.4183599138988656
0.30451838195415215,0.11843729118801276,0.5659796319091162,0.5521209641169429,0.4655453706427988,0.6860912146712435,0.5401416447897492,0.480739406074378,0.5824412816026561,0.19126243531198184,0.615019875051135,0.8429470447151117,0.4266072368720798,0.48155972550412274,0.43419833580287703,0.6780250876538232,0.2721182158537278,0.5723724314253356,0.2484860552266706,0.23633722457835424,0.35677739004895787,0.2727557447036094,0.41464556706753886,0.7415685123817717,0.39211535831065425,0.3747224821250777,0.17473107040694622,0.03421648403354465,0.64616743924921,0.532876193048788,0.3769919362202548,0.5343588118906459,0.35642762361017005,0.5250037511366021,0.44294703819672887,0.6897798739298707,0.620276543346528,0.419111967843195,0.27968720179726,0.015816317541060596,0.20982034508503564,0.570929441533663,0.3918585864522786,0.4069817543629318,0.4963798088583717,0.44715219504832004
0.34448810081269937,0.19091708796345802,0.4446159015850464,0.5043035652913708,0.75638898409315,0.6818671942823219,0.6100466036763705,0.4905963454822198,0.6757015102314656,0.26969531263233826,0.73852890074431,0.7740523454936441,0.5089974463085525,0.42531559584824075,0.5785422744165069,0.7628220725467498,0.33152116667771697,0.5659608746996594,0.3163518791673867,0.2329257111563817,0.4446133376445935,0.4301632023011955,0.43641962969215675,0.6628065372903994,0.4821694543231675,0.589131256153303,0.051831517059334226,0.01755213744714027,0.5928256907388416,0.4764768195185948,0.47647189588164657,0.48279830055383044,0.34381287556949364,0.5283973140120157,0.5913355340930937,0.5916143916570307,0.5800399046201986,0.34529913309327787,0.43654744755873237,0.017048376888827634,0.4020274361874129,0.5836489822377836,0.4285778803890745,0.4471089030380168,0.5674771343824323,0.531129998066754
0.3733759855143059,0.23085570868878663,0.41520617543256355,0.5731097646241079,0.3550048246305112,0.856810663318406,0.5413118075581358,0.6369999607157882,0.7537444918530783,0.2508222266592622,0.7003329171618722,0.6547684185375642,0.4088886930484489,0.6479755021445089,0.502260272211654,0.6484285614577773,0.33907533121619365,0.6584671547793995,0.40534596697193853,0.26094139973277997,0.33501520048902905,0.4450894450312438,0.41976187082903244,0.5881622603408992,0.38826749813258615,0.5142831887331294,0.12914009179267918,0.023709766860834668,0.5844998420706854,0.5263771480517305,0.45596866457494706,0.6035933521129367,0.3404781660439335,0.6158752723450397,0.9584289129076267,0.4793669499238194,0.5699717506634857,0.5092021428635913,0.42242451371657286,0.024019043945999435,0.34628488364030385,0.4923018832759098,0.4613230112686617,0.492911687221888,0.48149557464545095,0.40724831167509856
0.3893762700254295,0.13739740315026916,0.4485107619911197,0.3998456506475115,0.5263268195224583,0.7682716981677118,0.5516107623236084,0.7958984746003683,0.6257092006688012,0.2424290211476963,0.6958149683505876,0.7027755771181473,0.4013755835909746,0.5076596496215533,0.5184686527440927,0.5796950853675279,0.27717535341483845,0.5672882089285001,0.31070579826555783,0.2232508130257744,0.3390745629467243,0.3243802409045218,0.4120275597277295,0.6259485739351245,0.33502211785256697,0.35479568790358534,0.19593304934511419,0.03216714089110121,0.581606067715152,0.5173136995077123,0.4224149739558037,0.7238182554486804,0.292054856689343,0.598737126927572,0.6598821659553397,0.5782819586267032,0.6258000175331212,0.3917965483422603,0.34037269674668896,0.011156017338186648,0.2874368817478318,0.5727372602175779,0.453301910788245,0.5589656575764741,0.4193657199724741,0.4794139240800054
0.35458185881653936,0.19495289022292028,0.4403843851130109,0.48795465512027986,0.3833237859742268,0.7388786763003339,0.4415283381534104,0.6742281206731647,0.4359094310732333,0.22431699041209138,0.708713903661777,0.6930604400660222,0.42075744068838306,0.4212390443341054,0.38058586713159576,0.6713854438004531,0.2688559905679381,0.5462566874256718,0.35131144778387013,0.1957985539241733,0.31728746152407017,0.48462199238916376,0.42302950553790436,0.6053136896186863,0.35795435823511135,0.36459063709506145,0.12672818281054432,0.022901578769565126,0.62877188854554,0.4949280387420611,0.4216485667708803,0.6894198523385845,0.25915304645925613,0.6498888078693812,0.7098025506643909,0.4899245979299512,0.5346412947293713,0.25188243713936675,0.3223305238719362,0.017349691038025646,0.3115917514774935,0.49243241405956545,0.5063538972100154,0.5407488582908653,0.4501187052968578,0.46490493215067197
0.321595078401184,0.4552817427120001,0.42377370758876776,0.5883814047133047,0.3948481264618444,0.7625874483197888,0.5767263355713287,0.6206744380966444,0.7913705049042838,0.17418429279938627,0.625916883392421,0.6064098255311382,0.6669791850054224,0.6834069641606015,0.5292459652825524,0.7015176784516929,0.36702267813601547,0.5700655847972937,0.36125984950304985,0.21489387443569324,0.47125893344402053,0.33633884565367084,0.46480844166054885,0.70866481480522,0.43556785111075375,0.430963983687112,0.09390604356760396,0.016942275854793236,0.6076522047378564,0.519677320582863,0.504017315127842,0.7831664647033932,0.37210110134345065,0.6146555292211664,0.5987754024427476,0.5015514533936181,0.5523629245182221,0.25328181277953926,0.34119635205000404,0.012438625491962058,0.31801000124616796,0.5896636201497805,0.49829035625996576,0.44729199402162395,0.5013709078606382,0.7247417624938505
0.2925742213179342,0.43680039947022975,0.41533742281203845,0.501059288590503,0.3079875446812098,0.8503868188907974,0.5688808923059826,0.7021770248642225,0.6606893125157548,0.25153275785029205,0.6680662822103957,0.6683503077982547,0.576705961180489,0.6623200145990868,0.6517338026003346,0.6904738735101631,0.37574851186262037,0.631710011294275,0.30086798663358005,0.28055095659083856,0.5223323361003407,0.5573416201461975,0.6063715340630879,0.683882831897048,0.4343067184916789,0.4706191241414341,0.14361307319781122,0.013777877492393398,0.7110614393569211,0.5414015068034255,0.4648100492576042,0.6643630451287684,0.4123158743620589,0.640470711695751,0.5061009465687253,0.40207826619725673,0.719026190618633,0.5171337517049642,0.4098672011149771,0.002461884449674828,0.4015266690347794,0.8016018518045395,0.47503185100980844,0.6432351455897278,0.5610426068495262,0.7484185855356409
0.38158237996598793,0.5627881340205854,0.37248522213578295,0.4611110568459475,0.2742584095362027,0.7432642694228768,0.5562115881301594,0.7472252048247056,0.723911877263383,0.40853594042692243,0.7180178586084924,0.4869316630099488,0.6088902405326903,0.5779169027197153,0.9999999999999999,0.5351923147599278,0.6762791696426859,0.6202644006253691,0.590905966919078,0.3888321597316881,0.49656767457484136,0.5226209464379312,0.8840877778565215,0.6233609421987356,0.4669676192683105,0.45895637806137024,0.311478709942778,0.02209638365649668,0.7382791711358477,0.5356419616034129,0.548011385247128,0.696612667645092,0.6118790458614808,0.47498582840352044,0.38429239122001424,0.26196678272861806,0.6815029104059526,0.8341899576790477,0.5891918342504068,0.0011522988703011067,0.5397746372600523,0.9732686370260986,0.571630902255519,0.7642840009956686,0.5727093748249843,0.43285040086954374
0.4817772429298871,0.23948027454915982,0.33535545878068396,0.3761039007990467,0.1430155268446282,0.7695376035855881,0.692164681662258,0.7410379415371509,0.5060461838814629,0.6774616563593441,0.677020684585296,0.4480306808594191,0.77820407772557,0.3908270691924759,0.757571836043989,0.3553444288538724,0.5908970083111296,0.6669521853876367,0.43528105783301435,0.5369480236638109,0.5695063667399911,0.4616762573839957,0.48980819333392,0.5603263478825069,0.6426395136603144,0.49258845970088966,0.3146249750778144,0.01488327600638311,0.6401684002453821,0.5129895146957608,0.6420289185447068,0.7032638362742893,0.4188498553055636,0.3115169792236852,0.5660624158618283,0.2727396520922608,0.5572487049445134,0.3530447432288974,0.7158054186494487,0.01930832048469095,0.49472902344804237,0.7478571882055729,0.6541470956104604,0.7071367745273416,0.6496725610402365,0.306450983552917
0.4023016219074135,0.27373795280932844,0.35837408925047554,0.6182408279467535,0.17152752492279366,0.8298624761527835,0.6260156226626797,0.7692183748734205,0.6690951553815997,0.6755809939963585,0.6002513102462311,0.4851107074217808,0.7963328833557478,0.43163079598983134,0.7193870354756784,0.342795266769956,0.6452563182020804,0.7217025538887216,0.7004943562333645,0.7678304614318433,0.6550616128655937,0.4893660423249003,0.4340312899832118,0.4708096430880986,0.9174713333467389,0.5815931900747832,0.21993015795960502,0.04322392511862564,0.7574912729375183,0.7607840148695877,0.6832058040815228,0.9074119897939372,0.41302068319688867,0.4003310643416587,0.5650856504317228,0.46051053715638773,0.6064033480705799,0.46126493196960666,0.7758807475497594,0.01809990769295501,0.38150059502854794,0.911213753129556,0.6689303349540988,0.7618362594131642,0.7075922057256436,0.3626878709817897
0.49540997931476327,0.1807047613416508,0.342035941636449,0.394996910056792,0.1714437255003073,0.5039983090427419,0.582501020740608,0.6037020739431341,0.5729916549061744,0.7249109433377676,0.5329577391870053,0.3542497460967318,0.716051537399695,0.29999550714057865,0.6182529851874482,0.30490621607719975,0.42433542052155754,0.7910864694394154,0.4107528267741273,0.7210342216802744,0.5477852898764914,0.6683758023270917,0.500031792350014,0.5290110428293048,0.8887132603661252,0.5199941141799908,0.36322191270016313,0.02372504330293447,0.6207552893265254,0.5999923113864898,0.6848819572653797,0.7662892583556907,0.30008088614886563,0.32178695974115756,0.4972021602694304,0.3663624027997026,0.48340538692747764,0.8485307614293951,0.6766292603703978,0.003770746972886192,0.3488126640909882,0.8796059896839059,0.5381284296333025,0.6119779374836514,0.7178281435740177,0.3882757333618768
0.1777104199950661,0.18167879369386497,0.36274437032913764,0.3330854656668482,0.12271430560484647,0.4837402524390258,0.592514828011809,0.5814107652554388,0.4841548168694368,0.8251771977862473,0.6448695654929695,0.3444024982871113,0.5737570231789136,0.32889456012610196,0.5008495410007597,0.2369802549425234,0.4352505845760692,0.6011355755168574,0.4253405676190067,0.508438739647261,0.6697179731062097,0.7691926639031663,0.37163516682685394,0.4456715598368051,0.560926624811518,0.4821588314699135,0.48876178342580145,0.005531157576858549,0.6563339083794516,0.4378675862248841,0.7527882446719104,0.8488983347624715,0.2856135768602365,0.22584720995894975,0.3784260158822132,0.3776005003035139,0.36411276102264384,0.6652456670917645,0.5670114534463153,0.009040876484550335,0.21806983286887424,0.6904608777670925,0.49991608818059896,0.6825808350015019,0.6233666436913436,0.19662234035132212
0.1753260252998456,0.16001004708722222,0.32989031287799875,0.4673571624539739,0.07133442579629654,0.36892262489545424,0.6332145741325522,0.5477741361344861,0.2705806358950537,0.6614510125865581,0.5168622306912498,0.28060116359109566,0.4418535838414779,0.21885294731139074,0.4226862160216701,0.2006053013918898,0.25756112225583927,0.479833784887406,0.3263821697320756,0.3409330164164173,0.6000132940719467,0.620436170028405,0.25687502376082805,0.3422587259972564,0.47998991869356644,0.30964656089434167,0.5949331825583373,0.025105013246962182,0.48949692915574317,0.3993722179014581,0.7951825466255071,0.6892957342840139,0.2810783281538668,0.07054396054078782,0.35139618545913387,0.4573831398719173,0.33156429577774693,0.4099591613421692,0.4243426330065243,0.03181045418233117,0.27486754990062245,0.7798163931931399,0.44171555929561174,0.7040672825857031,0.5368385052133341,0.29363976714629836
0.07843617697935001,0.05722051839521833,0.19110945272928795,0.35559767947892457,0.036547837208320756,0.34488390576122513,0.3198436840040677,0.4639812750909071,0.21393149679233597,0.5292135395682027,0.501943039746309,0.2101706446855379,0.2395422716218211,0.16088266791857703,0.32618428720090226,0.11889411401833748,0.21746878044924528,0.3981931754054079,0.20718453563294797,0.28384194911102606,0.524263585369712,0.531130483134055,0.1697478361717443,0.4048438075987706,0.40417181737547797,0.20454958224946596,0.43811574805908704,0.08921806341613464,0.3806102413790193,0.318813375293198,0.5078068586621648,0.6230202349517181,0.2907936755475563,0.07529185971872693,0.3123368603846824,0.47237297250185356,0.2407456304846124,0.36842124767182893,0.35747616447888475,0.07775688359190286,0.15775260082780404,0.7669993707107438,0.41983140415148223,0.5446523175907263,0.4521974900015398,0.15025017418574282
0.12441483575605422,0.057881008805938494,0.2304996446329309,0.3019662932612519,0.0658142508943825,0.20989217574652208,0.35275552099107954,0.5461076493839985,0.12505373554577343,0.41784335807212586,0.4700637493131174,0.0883483901166938,0.19874694963594483,0.08774725526104182,0.27363939677205695,0.10179535760061258,0.1611327653568125,0.2690535004730128,0.21700554327851845,0.2726825555441999,0.26778185443836033,0.37773213338897405,0.13837294359855,0.416734924035234,0.31140152997139403,0.11343841405943156,0.3309632115154742,0.25046180740017143,0.2820459534435609,0.2571204460529336,0.344225283549392,0.4340326257065342,0.12910661641041202,0.028327117515486375,0.2073317146435208,0.22605160292796017,0.17782718754553967,0.18380934684775996,0.15670420831605597,0.3319578817285817,0.14736662651411644,0.3525071943765117,0.3653916428094783,0.30424929308250154,0.35374195190279617,0.11212977926352322
0.07334220430690586,0.028719939347891354,0.07907555657447349,0.21310564703197876,0.07337644942802055,0.19828056688402115,0.2871897484769689,0.2767356103290592,0.16472967347808762,0.3351389164306914,0.23401137386415377,0.06294454706448221,0.15337947195678997,0.11346138697131608,0.19143308471806073,0.05869152071010966,0.11494104891200133,0.3170596111258269,0.12227698625532325,0.15471785378605254,0.28252766703369486,0.2476446546397302,0.12361701887173494,0.21960121610212013,0.19530504643638852,0.1188001398758087,0.15807794176277656,0.15022866885453898,0.24426394035566534,0.17825215612756587,0.30224137991795236,0.19749325392102457,0.14986224487073652,0.029640632590329785,0.0949966164972794,0.14806013512893107,0.11730751866834209,0.1788061513233693,0.17244199339515337,0.2178963958736895,0.052768880727342246,0.29194521071181495,0.25393178993479976,0.32353631600793703,0.2413494713825031,0.11484203297128343
0.04321152099808529,0.014343130397498662,0.04035810886869941,0.1178037826893952,0.039142232483537494,0.15545211375556095,0.23522407651965552,0.15855676718849232,0.17396923812578066,0.20352832067022222,0.24256525149972014,0.02220560683750374,0.09993830504323045,0.11546237859174649,0.18715974025723203,0.013007500125568824,0.0654377911685171,0.1930304577178281,0.11224947131841943,0.1441728808914158,0.19232372171260723,0.20423904684808808,0.057795197118815436,0.14086333167152287,0.14391768460288848,0.06603037578541532,0.14913288141178938,0.06759263300358492,0.14509545999136442,0.19587296774676322,0.24584425299956905,0.13761213473693307,0.1456812329552399,0.0627388402819051,0.06689421039099352,0.0739243110106513,0.11922382048577938,0.10204163803166007,0.1340241383979034,0.11988836512138994,0.012375533962275427,0.140132540647823,0.2242608439007521,0.19104006909256516,0.1572540788897197,0.10897161603242836
0.02293927516476313,0.02411132225990225,0.04822632325610711,0.12302659728064527,0.03063712848872175,0.13811992740845536,0.19525225575298058,0.16493119584627705,0.1436688511080805,0.17997069442119185,0.1272117337321836,0.023358202192620314,0.08034072037493672,0.1065352693923711,0.13812979837532868,0.05756768314299611,0.04809781635052625,0.23259469142822456,0.11820996590800327,0.12598600097997686,0.14659020800722217,0.025475407566546086,0.022605331241040198,0.11725926032792301,0.16348404327165134,0.06926447950897513,0.09276535386725795,0.060921023993663274,0.16415853254441687,0.1274396069563024,0.20467785051156448,0.12300375746931219,0.06734648103022278,0.06860874691011529,0.05235733631529492,0.09602549055151091,0.15414644348321482,0.1275592036410138,0.10314879467313555,0.10045558884684218,0.02485800328198401,0.14581790453664994,0.1816292615952389,0.29975533470879123,0.1847404157306454,0.09103034015668526
0.02300275613497428,0.02832745894492207,0.029503387243071,0.1009368660830117,0.037124683765090434,0.15241304912034984,0.2934370509589257,0.08702635837942341,0.12291684788360625,0.14766838746828415,0.0558366216965801,0.05378698864035389,0.05141258071221848,0.07265820987580641,0.07606370461107279,0.028032285350523073,0.021236086235262196,0.2287458359035807,0.08549372256176374,0.1269307504802453,0.22847572826416157,0.037184475961288786,0.08866226930527416,0.13418236511342518,0.20872606915552655,0.0431102996101277,0.005982784188746704,0.03668283978681159,0.05989341259546602,0.10925747218631743,0.17574597499707403,0.07423048960147469,0.03014733800865026,0.030946059721072526,0.04149926802227999,0.03890976985308741,0.0564330131270433,0.09573580510548348,0.1558234446636952,0.06960735592904758,0.04466354450750118,0.12570315207472366,0.19324368023840502,0.25718017030147755,0.2821346088385765,0.015223827133726033
0.008966070331188444,0.017927021613487068,0.043391836836065886,0.12365609110519132,0.06919854336875284,0.08557381056548546,0.1689770646303208,0.06863776999415282,0.02592896388010377,0.18528938577145948,0.08702480602956944,0.06632751613476146,0.11667505048999674,0.11956198416142111,0.10911055513757595,0.046342941772727006,0.05469894339065792,0.19189258095574127,0.08156595961524563,0.14737278834890588,0.24340895211506236,0.1060010171871455,0.11728432536999216,0.13474853904635503,0.2580633417986403,0.08389752410144789,0.08967538991184978,0.1297941312430266,0.10596548520480252,0.10039776527799411,0.19523533205287608,0.16650485547011648,0.012212167282209332,0.04181316110456874,0.06671764190144963,0.07472468410410496,0.03431458909037256,0.10823631301536348,0.1535486057338058,0.14388657123695772,0.03926974679165514,0.35427248507113135,0.14500867107809143,0.27753237539125747,0.18495112134492664,0.08344174647599686
0.026331249880593544,0.011774147775757561,0.1208555641107972,0.2467644515976128,0.14776485760810187,0.3024994718226605,0.2902914887832283,0.165290204284975,0.1017981497868001,0.21284810144974595,0.1844433751061044,0.14043124660061568,0.2365384257083187,0.22514880941310603,0.15214682873549032,0.07304197465168648,0.10313779965322116,0.3553737728707985,0.1283407502679486,0.22588963866889383,0.3219329691642624,0.1622011702582023,0.2852192049403528,0.2708068707081556,0.39721371786593884,0.09191773495913029,0.108055497483349,0.303658909795205,0.24162794697988116,0.19423951395467642,0.29149783560313614,0.30194974607131625,0.13574405131155987,0.08839850894422754,0.12582719164600747,0.1615496674856967,0.15057364738254958,0.13988496093967384,0.274117252004426,0.4079543152314304,0.04825562894219447,0.5336419559096177,0.22559956302877027,0.49708228347078137,0.3245297713721815,0.09262345602177491
0.1724935251705246,0.185634568820501,0.3299451071601507,0.4272987231564105,0.5693245032710127,0.5201668937359738,0.4668568371158247,0.3739070727667804,0.31085838521370585,0.2847355612042192,0.4076332405658441,0.3609564300064183,0.5461876010007255,0.24868488771607347,0.3315800021894199,0.2980621189748324,0.24260822852210331,0.5716857093846253,0.19654199724321214,0.26823576570340063,0.42601852613398955,0.6054757713990028,0.6558396327731804,0.40669020407835943,0.46850455696302395,0.24219869479390685,0.062125159994500134,0.41297948924845024,0.4286508265532525,0.30681606036824316,0.35986673192241814,0.5957508831944786,0.25207531715147224,0.2112271904864713,0.31086640377628905,0.3195991931962333,0.5106658677584628,0.33500501487083423,0.2934837623699293,0.5201281137611969,0.2535244524107727,0.7882450497641237,0.2750037939183101,0.6838388281376304,0.5382167168289553,0.31351465047972016
0.16879593183717492,0.1284867020948013,0.5449686401076678,0.6371500475437923,0.4930122099533911,0.6547327850669548,0.6016281135791655,0.38869919842588685,0.401264901822694,0.2600733017283591,0.5051850944687545,0.6707858906369146,0.6669901325120161,0.41819361538361377,0.3538741868104289,0.572006854190459,0.2515024444735236,0.5713308969166276,0.19114269522440808,0.26691951602695013,0.30260939065681797,0.3922901419701027,0.5919758693727423,0.5296167240884716,0.43337195493124936,0.28509252990993544,0.08600878165604078,0.5511125176095796,0.5599166810719352,0.49059889360415204,0.3784504230055391,0.7243389991603385,0.2915524953761498,0.5966831203659805,0.41136689579860525,0.7258174542434505,0.6431036770814119,0.3264670923418446,0.25283604787793457,0.5112246346696501,0.2863025244777997,0.6925087780466345,0.3780006238753966,0.5810800406425227,0.6057518283316204,0.27495623206044373
0.22315017959961317,0.12037072172793557,0.6895026685081659,0.610703479326623,0.4686163484812875,0.6018145836485694,0.5325974850718446,0.3987700868617462,0.5592504000648564,0.24520920440955488,0.5296644392099217,0.7285064919895383,0.5477359444068257,0.34785308739592924,0.3413079466954984,0.6543032644856345,0.28341421406381045,0.6088777956349174,0.14955426917578296,0.2688515554460604,0.2895708475866751,0.39287729523108783,0.4558142492271125,0.6338605562391307,0.4026103089256988,0.31424547699468247,0.024220311999917393,0.6319625890689303,0.47490002465818215,0.5209915036169079,0.33400837662434346,0.7539621294247643,0.2568531246359352,0.7106856962416773,0.4842928213068046,0.7729154216449713,0.6284074620402889,0.3387861557619872,0.2898926259236917,0.503189386214296,0.24507500055530232,0.5008054666073262,0.39551347953296645,0.4057743171017496,0.6207873468074611,0.2798919158106361
0.3159222394427928,0.07429615385928887,0.5521202970764596,0.5045723601114875,0.4411957525063584,0.6895193320255713,0.36876261148356504,0.5556317849449464,0.7515428400376207,0.17011613834056813,0.5737872160240249,0.6246781998141052,0.5296864660926657,0.33323142870997113,0.4697866126325582,0.5298392646157088,0.2954968268047607,0.6057215576776067,0.16098750946230495,0.2548657261712822,0.36299098567211036,0.5627335365115718,0.4901085722041749,0.6987240041603688,0.4162471387905022,0.3759380512783249,0.04199774350475417,0.40006073468337283,0.6192846915458838,0.5787555747672496,0.4007553317481374,0.6543433703922367,0.20769326102397764,0.5747977102848265,0.6606465994787245,0.813390214570985,0.6553188162182048,0.2925879743741904,0.34851856453193775,0.33742141903525197,0.3054645419378996,0.49831791397937947,0.330870137534716,0.3963683123920201,0.6618362461847794,0.42265191273877534
0.36176637498475145,0.18990391628486492,0.47370364686104516,0.39863626298040544,0.6378543887384264,0.661823428673438,0.4476630658698455,0.6364774658262817,0.8157977010393195,0.278476016786073,0.6347862228902112,0.6856165955008494,0.48668839596179614,0.3426775401302107,0.5213720020715833,0.5415141248232157,0.32702912226194514,0.6175130386055526,0.3228985740187663,0.27013226130890405,0.4782656186370124,0.46054302741955305,0.42139703271948176,0.6301852032207372,0.4122466720205105,0.42824319501895614,0.08860322894667275,0.009035502543188953,0.6724383099108249,0.5016171490080165,0.44129043419972097,0.5674583126793453,0.26754576395900337,0.5951309117241295,0.6460365834197603,0.659885489910532,0.527020353359411,0.33715792177814696,0.44327018296218434,0.029564369898970586,0.41324225501936196,0.5384952669211531,0.43786045057210243,0.47819073285994657,0.7291374504160715,0.5693638237832891
0.4054364734793714,0.12809350392234253,0.4011401502495414,0.4225495973372644,0.40530734417738834,0.6787409608670345,0.7087772374369355,0.64208033574354,0.8183918864337154,0.17215625349853422,0.6262046156519492,0.6223922663990181,0.445520249252886,0.5173893423467534,0.5297990300042247,0.4611577710085781,0.3375013784772578,0.5789879815438036,0.28850524494657226,0.2423339978752688,0.3372319716653278,0.40009390875170026,0.4183977721506698,0.5036591638984171,0.3792338363179192,0.5180437923374897,0.18659504125084603,0.008117406021005153,0.743277653648366,0.5466320117841247,0.4505010532006853,0.5999830321011854,0.2642647845149422,0.5995025056959798,0.6676665782999149,0.446425980887723,0.6111591777621971,0.38743915282494573,0.3796383504637972,0.01735009705361601,0.5115750643022156,0.5876943227113915,0.459496536279172,0.5100445004912071,0.723044658389568,0.4680718514277452
0.27162577873879895,0.11858089859953856,0.47415767661666575,0.39141656475688225,0.3107489997027966,0.6568913545897072,0.623263668786064,0.7080993958661411,0.5414003697077454,0.21221444415678747,0.6073091341750703,0.5184903495941682,0.41752904081688724,0.36035616629480716,0.496629432566206,0.5470177952000252,0.3019790774826296,0.5799593429762778,0.187092747810029,0.26723197851769936,0.3516147156876641,0.33822258014528994,0.4336432912831051,0.5981095221677941,0.30099137188662284,0.3913170007065472,0.05203227827044496,0.04157597790036149,0.632578868337207,0.5759028149603528,0.4587616551565456,0.6379562528261548,0.31431379260259307,0.5286039326047031,0.6500355453959102,0.5047243896760764,0.645926778507054,0.49892703230192875,0.3654787611683905,0.029461556053757977,0.34742670091624395,0.6391981974843759,0.42194557420820256,0.6762064631742843,0.5597012727615663,0.3325536846177295
0.28536198392508144,0.1430476005163976,0.4339695093709286,0.5175789123269205,0.40366038210872723,0.629316859833873,0.5505067297148604,0.7208937583887771,0.5551992457671214,0.255460038571132,0.6306372600478364,0.6922437392479578,0.5663433982834147,0.40551981457458297,0.38104665566177065,0.5345235944724962,0.3060773949465031,0.6356584129803076,0.14734776652347875,0.2501634602455793,0.26676727275435214,0.6124728576990556,0.41627613948195435,0.4765565817188472,0.35775697599953,0.4042146142015451,0.11581318323438139,0.02640233673508669,0.51382854415729,0.6179958266208821,0.3940096664622817,0.5103904270489502,0.38172783739132893,0.6002802762138677,0.6574724595874972,0.5488365046224432,0.7545837600667191,0.4760200031962239,0.345156618880595,0.02150894104193897,0.3657831250968455,0.6338194914917651,0.4739868007751247,0.5383673839490564,0.5777823646501127,0.4357266284266269
0.25570814070295844,0.33918981855603697,0.4535279383072084,0.8372811840068524,0.4239157425618106,0.7195416746551143,0.5894929848227151,0.6558673592123678,0.6326522513666988,0.2621514688717151,0.6060028225212106,0.694618868402091,0.5449971345623799,0.5765537747363291,0.430276458485182,0.5715228051355598,0.34471644578779387,0.5937498734476849,0.25227024822181876,0.3447074823053761,0.28947055465969296,0.7589349760130466,0.4161350183562373,0.717514539393853,0.3780479533214539,0.35222323614495676,0.1966524530710017,0.021357892543131786,0.5696105610656224,0.6253633418948428,0.5247568597748629,0.6954385306126154,0.37360251400828537,0.6461876621457127,0.7427491724705967,0.5265128764232375,0.7029315283850287,0.34932377202268466,0.3705340397302223,0.02116833690322966,0.3276215734728737,0.6088801732075878,0.4453082112085409,0.6238719413024636,0.4527665165437226,0.46095177574226043
0.3438805250520587,0.4722403237157923,0.40966691740922545,0.7953279016872299,0.523299554540714,0.8629290894886322,0.63438753482254,0.7432065687122262,0.6203003192360732,0.26398578285599833,0.7253465370566253,0.6642083378345562,0.6118758280927913,0.5695215137020332,0.6235576668407686,0.5644035317557875,0.3736120203361527,0.6497402876227356,0.2848460141257848,0.35757279496866107,0.37903147521480424,0.6778934128411658,0.6078424064428244,0.7203179529303583,0.43082841092571245,0.5016547510840456,0.3462665060317651,0.037317102467668214,0.7074286052523223,0.5887522398377638,0.46459051019480163,0.7156482221406036,0.3991373142628406,0.5693083200098698,0.638142753605674,0.5726407810038909,0.7514525521881332,0.4844236651217699,0.45976260510640404,0.017757852753595975,0.4462723912654172,0.8997390344196028,0.5254353934497508,0.6797690235725489,0.6567208656632301,0.6084721419987599
0.4917809376905842,0.6143438612728644,0.39559457346673144,0.540724494919623,0.22203590222799763,0.8564564046737293,0.7906056123458731,0.774348815136201,0.5559114246554088,0.43666443732782334,0.596027881131843,0.49140733708271916,0.619241105777113,0.41726946011055566,0.8124666380986987,0.5160660410244882,0.623857594500248,0.6554003803813531,0.38039684450294997,0.43840645970667647,0.5422645230313299,0.7615460194064768,0.7421030830358144,0.6917764162695327,0.45080303578352954,0.5223649461834106,0.501307078054312,0.03635908304422889,0.7260470159839394,0.7274318280444105,0.6863277469540263,0.809626753278982,0.5060827326957504,0.44704130757068505,0.45147985639664223,0.3029569305467757,0.7714144850501184,0.7891884918000256,0.6246444591213195,0.013301096643816143,0.5145396975234671,0.8052460332005925,0.641094428175458,0.8059779250734929,0.6671297034346758,0.43296974986628245
0.538000614783344,0.2191058171234972,0.2882637206246096,0.45608000300802937,0.27192963253993985,0.7096622568835348,0.5167139611001168,0.7130264733861623,0.5390081025885672,0.6768410177810174,0.5449762462377364,0.4730137083201391,0.7632264524666181,0.5425219903480455,0.7270400885511614,0.4472964124093202,0.6394691025029989,0.8242704509410651,0.6500580984950602,0.672010845028335,0.5462679405048338,0.779317787147787,0.49472263420073803,0.5385107913855653,0.69825716194011,0.5751035732915649,0.9029232114972847,0.0179119640813157,0.6961116126310001,0.6448025018544039,0.64933774644202,0.6418989914705098,0.39458998120089084,0.38673995934981403,0.5938613241644557,0.2963540666592919,0.5312616540337313,0.39423889043684257,0.6859747626136016,0.007048126813468532,0.5229852908982268,0.8135397474513587,0.6520851530294856,0.7304415236722339,0.6728605471276528,0.22750883493604937
0.49205413975793544,0.28342398405884267,0.34194457145394075,0.5276052062817034,0.1608338806811239,0.7294692148429915,0.6791097219285395,0.7179943008612288,0.6912400424845692,0.6084915772296485,0.6067718764307725,0.5209887282006473,0.8414215798532529,0.3764722854611017,0.7529887422746998,0.3384015638554907,0.7459936547331654,0.8340413207951227,0.8736182730988165,0.8058517154253309,0.8782440831776137,0.7977579452290858,0.507799271552168,0.6809230854965872,0.8840331740477607,0.6636553141475221,0.41130177904501775,0.03904540603910066,0.6982822530117195,0.7760976877085511,0.7788588567635888,0.8226412470074297,0.5118158321168531,0.40529126001499804,0.5879323745809155,0.4572321777529651,0.5658608405175921,0.477145139293958,0.7630147071233037,0.03045532902451699,0.45891378379102965,0.8117810322337506,0.6138930980941403,0.7904069427989364,0.6402983056231798,0.24608073456871585
0.5861297215684087,0.2232942513580342,0.3697555041104924,0.5564533240138338,0.10069167016549008,0.7332434309257744,0.6342973253391997,0.6531401749938859,0.6118850432276588,0.6488558737869266,0.6293363585320897,0.5276059323812917,0.7837779368213224,0.4362545322819692,0.624941318234063,0.237517552449991,0.4704126037054843,0.8451692315989813,0.7933783491165437,0.7456906619450712,0.7808907739216957,0.8623952878798758,0.48390426353294036,0.5327388283176842,0.7847413743491644,0.4411544476020828,0.4448918987929832,0.031544323027169016,0.5949895729989323,0.55287219379514,0.7533782981495698,0.751945732912715,0.36154318782423966,0.32676838277118486,0.5780868600603888,0.40097133428916565,0.6445265862137067,0.3748354615596205,0.6781536743681836,0.010802169501442865,0.40339680622330487,0.6989084815935896,0.5160435929162117,0.882926448855974,0.6007125176740451,0.2863158161328525
0.29073448887701747,0.12951508713246684,0.36346939067461015,0.41839785320515643,0.10336878760553594,0.5779350433743822,0.666793386404442,0.5272577073242524,0.27258224378493306,0.7507670699864192,0.6531400126646628,0.3933979229983733,0.6336026132463021,0.3278091314852414,0.5130344129026639,0.13454491985286915,0.3330906454614728,0.6263859128767232,0.5736152862905753,0.5517700360925181,0.7732289287741065,0.7123563749063012,0.4058725806541516,0.5212456262157023,0.670469027138656,0.4585007909395029,0.7418250408229845,0.014842206150618702,0.43135118717409854,0.394149580166606,0.8347883045078515,0.6976507581193285,0.35860819976221814,0.1533672715703443,0.5056585135254046,0.4621662905011186,0.4768561999510405,0.5921298008340674,0.5473731270336747,0.021264685024020215,0.23190549443327704,0.6873216985385268,0.6423232183503232,0.7575398841828112,0.6717272631971074,0.19160948868913644
0.13295451423753674,0.08751661659593747,0.26539456159017083,0.4243683822389315,0.09723483698472019,0.4144098763986189,0.4611520330029868,0.3971622166519988,0.3703496198234714,0.7823883038591228,0.7031771217408528,0.18435267350322,0.5193437010889143,0.32328493524020807,0.531398225135779,0.1342967352557457,0.28140730892812804,0.4713469130710253,0.5078628866332193,0.39524340829499705,0.6185919081800544,0.7548375982427153,0.27591368811828,0.36839969134686346,0.6390801243371809,0.40158835862113407,0.7484500135756847,0.02024584620671549,0.301599673657051,0.36925448078642426,0.7473795167731954,0.8945563171934191,0.25289250616411857,0.07972196854488126,0.42837445088619325,0.5025179099063918,0.3956187213093657,0.43401685924322964,0.5826944976762928,0.0077573646831179,0.182625128119816,0.5692834388930119,0.5854691654245532,0.6722541701781053,0.5476451630530336,0.17907722666187295
0.17190441471688644,0.05111170790494973,0.2603413099419666,0.38114443227216355,0.04963331874377575,0.3199138399498137,0.3594828702096985,0.36627952857242074,0.30248643293888783,0.5417611611856633,0.4947476197534278,0.1402442468581891,0.30562668838179985,0.1392700019143709,0.4396769423858294,0.24594696892681056,0.18285856521317193,0.4138894592251483,0.34728272455798054,0.3350692856791424,0.4352813860262803,0.7570920338382036,0.14744051607911937,0.2628213247834731,0.49527973135948045,0.21919096517664902,0.7163145007994242,0.04458183450996112,0.3848409565192696,0.41958316904131315,0.5230565991479009,0.5673608409518361,0.13392013035134856,0.05944266610765373,0.2949998488130109,0.454689574397899,0.29969814619040697,0.16221974982067666,0.44406310517031566,0.07845994787978874,0.13403761675486955,0.38933883214465853,0.49140916424575554,0.7071584863595803,0.5218546569129439,0.1531332811597168
