UMTS,748,10,19240,69027868,0,-56.2266,-34.703,2117,12,1,1348183918,1742626188,0
GSM,748,1,18,1226,0,-54.5051,-33.1977,12993,27,1,1382142425,1733986693,0
GSM,748,1,1,591,0,-56.1967,-34.8974,4626,26,1,1223628167,1747115056,0
GSM,748,1,2,941,0,-56.1208,-34.8655,3730,18,1,1223609705,1738305359,0
GSM,748,1,2,1072,0,-55.9888,-34.8209,8197,27,1,1223629773,1742539559,0
GSM,748,1,2,4251,0,-56.0537,-34.8413,7507,22,1,1246808370,1742366494,0
GSM,748,1,9,733,0,-56.2005,-34.8813,3201,26,1,1361371570,1747892243,0
GSM,748,1,2,3462,0,-56.1192,-34.8069,7563,6,1,1362087325,1738219174,0
UMTS,748,10,19220,68906454,26,-56.1965,-34.9024,1109,6,1,1363737976,1753504222,0
UMTS,748,10,19220,68916517,0,-56.1644,-34.8827,1000,21,1,1364483362,1742106649,0
UMTS,748,10,19240,69017830,0,-56.2287,-34.7268,1020,19,1,1364620079,1748149244,0
GSM,748,1,9,732,0,-56.1967,-34.8897,8030,25,1,1364867069,1743917226,0
UMTS,748,10,19220,68896436,0,-56.1553,-34.8859,1255,17,1,1365393155,1735108162,0
UMTS,748,10,19240,69027830,148,-56.2511,-34.7454,3649,27,1,1365786705,1751347138,0
UMTS,748,10,19240,69067601,0,-56.2503,-34.8121,2757,16,1,1367805240,1736404993,0
GSM,748,1,9,652,0,-56.1787,-34.8951,2458,21,1,1369159195,1734849333,0
UMTS,748,10,19730,68982231,0,-57.9531,-31.4059,2129,11,1,1369596039,1747288421,0
UMTS,748,10,19240,69057808,0,-56.4039,-34.7019,3578,7,1,1370260203,1750521147,0
UMTS,748,10,19240,69017896,0,-55.1981,-34.3643,5328,36,1,1370394459,1744954351,0
GSM,748,1,3,4111,0,-55.2292,-34.7631,6534,14,1,1370797050,1736836806,0
GSM,748,1,31,14,0,-55.7357,-34.721,18465,23,1,1372701716,1755144049,0
GSM,748,1,31,12,0,-55.7384,-34.767,17472,26,1,1372701731,1745467426,0
GSM,748,1,10,943,0,-56.1503,-34.8692,3230,22,1,1372711850,1742021615,0
UMTS,748,10,19240,69027474,0,-56.1296,-34.8145,4560,19,1,1372946593,1751088449,0
UMTS,748,10,19240,69027478,0,-56.1263,-34.8044,4447,24,1,1372946653,1751347079,0
UMTS,748,10,19240,69017568,0,-56.0883,-34.8026,1986,26,1,1372946773,1735022380,0
UMTS,748,10,19240,69047493,0,-56.2231,-34.8073,1301,14,1,1373700940,1748841087,0
UMTS,748,10,19240,69067894,0,-56.743,-34.3394,5608,12,1,1374962000,1751347153,0
GSM,748,1,2,632,0,-56.042,-34.8773,2599,27,1,1375062864,1746855970,0
UMTS,748,10,19220,68886454,191,-56.1967,-34.8968,961,27,1,1377056036,1755316527,0
UMTS,748,10,19240,69037571,0,-56.2691,-34.7934,1155,22,1,1377118164,1747288297,0
UMTS,748,10,19240,69027578,0,-56.262,-34.7578,2061,20,1,1377138092,1749535136,0
UMTS,748,10,19240,69047830,0,-56.2481,-34.7245,4106,26,1,1377138140,1747892280,0
UMTS,748,10,19240,69037894,0,-56.7312,-34.3398,3269,22,1,1378986739,1750914684,0
UMTS,748,10,19240,69017823,66,-56.2817,-34.4926,4242,26,1,1379392735,1745904418,0
UMTS,748,10,19240,69067716,0,-55.2442,-34.7791,1824,9,1,1379869937,1751001819,0
UMTS,748,10,19730,68982210,0,-56.5172,-33.3668,6952,26,1,1379956780,1750520947,0
GSM,748,1,21,891,0,-56.215,-34.7992,7708,26,1,1379990993,1750829462,0
UMTS,748,10,19220,68906428,231,-56.1485,-34.8806,2189,17,1,1380227401,1743314762,0
UMTS,748,10,19240,69027818,0,-56.2177,-34.7266,3393,7,1,1381072762,1745646147,0
UMTS,748,10,19730,68982326,0,-57.8201,-34.4486,3447,15,1,1381253816,1752212118,0
UMTS,748,10,19240,69017815,0,-56.2244,-34.7538,1307,4,1,1381586771,1744436647,0
UMTS,748,10,19730,68952225,0,-53.4469,-33.6872,1702,6,1,1382062000,1734505723,0
GSM,748,1,11,711,0,-56.1647,-34.8871,1846,23,1,1383072434,1747288178,0
GSM,748,1,16,142,0,-54.9493,-34.9199,5911,25,1,1383083393,1737096271,0
UMTS,748,10,19730,68992233,0,-57.9259,-31.3844,4715,8,1,1383098489,1747374451,0
GSM,748,1,10,642,0,-56.1543,-34.8849,3084,23,1,1383852609,1741330378,0
GSM,748,1,3,203,0,-54.9248,-34.7769,5750,27,1,1392414723,1736923153,0
UMTS,748,10,19240,69047619,0,-54.8221,-34.9054,1008,17,1,1393213374,1749016994,0
UMTS,748,10,19240,69037613,0,-54.8739,-34.9122,4514,19,1,1393213374,1752125325,0
UMTS,748,10,19240,69027672,0,-54.9117,-34.902,3699,6,1,1393213374,1745991590,0
UMTS,748,10,19240,69027664,0,-54.9175,-34.9028,3096,6,1,1393193652,1749880802,0
UMTS,748,10,19240,69037664,0,-54.9248,-34.9122,1199,12,1,1393213374,1750829608,0
UMTS,748,10,19240,69047659,0,-54.9436,-34.9144,2101,25,1,1393213374,1752212065,0
UMTS,748,10,19240,69027646,0,-54.9382,-34.9126,1705,15,1,1393193666,1752556911,0
UMTS,748,10,19240,69017646,0,-54.9459,-34.9126,1000,17,1,1393213374,1751694122,0
UMTS,748,10,19240,69017638,0,-54.9489,-34.9177,1071,10,1,1393213374,1752212132,0
UMTS,748,10,19240,69057574,0,-54.9789,-34.8895,4026,8,1,1393193685,1748496975,0
UMTS,748,10,19240,69037630,0,-54.9185,-34.9434,1000,4,1,1393213526,1752556975,0
UMTS,748,10,19240,69047601,0,-56.2302,-34.8148,1000,10,1,1394702956,1744177270,0
GSM,748,1,25,3412,0,-56.1295,-34.8559,2230,23,1,1396832463,1733899863,0
GSM,748,1,26,811,0,-56.2486,-34.8328,3389,26,1,1396834582,1743917223,0
GSM,748,1,1,491,0,-56.2041,-34.9061,5692,26,1,1397601321,1739516028,0
GSM,748,1,23,323,0,-56.2049,-34.892,5332,24,1,1397686931,1748410172,0
GSM,748,1,27,2944,0,-55.9968,-34.7378,10703,21,1,1397988584,1745904357,0
UMTS,748,10,19220,68906461,0,-56.1852,-34.8899,1000,12,1,1458924403,1736836791,0
UMTS,748,10,19220,68916432,285,-56.1332,-34.8839,1000,5,1,1447574348,1743314762,0
UMTS,748,10,19240,69017666,0,-55.2596,-34.8323,1997,26,1,1458924407,1749202287,0
UMTS,748,10,19730,68953343,131,-56.0501,-32.0031,9337,25,1,1483500741,1746337308,0
GSM,748,1,11,551,0,-56.1589,-34.8964,2277,24,1,1398293600,1737352106,0
GSM,748,1,3,101,0,-55.3004,-34.8111,15573,26,1,1400364214,1737614827,0
GSM,748,1,11,712,0,-56.1659,-34.8927,2113,26,1,1401405622,1747288178,0
GSM,748,1,25,8433,0,-56.187,-34.805,7134,23,1,1402273989,1747467665,0
GSM,748,1,26,8553,0,-56.2245,-34.8701,6374,22,1,1403184490,1740206859,0
UMTS,748,10,19240,69027742,0,-57.2388,-34.2913,1558,10,1,1404156068,1746253476,0
GSM,748,1,26,2083,0,-56.1991,-34.8211,7383,23,1,1406914824,1733986713,0
GSM,748,1,1,492,0,-56.2132,-34.9049,6727,21,1,1407277773,1739161180,0
LTE,748,1,110,530178,0,-56.2206,-34.8608,1275,3,1,1407277972,1773863942,0
GSM,748,1,26,812,0,-56.2478,-34.8542,3122,21,1,1407278098,1746940978,0
UMTS,748,10,19730,68952265,0,-57.8774,-31.9265,2994,8,1,1407294087,1738750682,0
UMTS,748,10,19220,68886339,104,-56.1661,-34.8972,1000,20,1,1408140885,1742590328,0
UMTS,748,10,19220,68886437,108,-56.1324,-34.8936,1000,18,1,1408407806,1742590328,0
UMTS,748,10,19220,68906432,392,-56.1306,-34.8864,517,25,1,1408407866,1743314762,0
UMTS,748,10,19220,68906341,98,-56.1772,-34.899,500,29,1,1408668953,1742590328,0
GSM,748,1,25,2713,0,-56.1507,-34.8003,6896,22,1,1409587533,1735108165,0
UMTS,748,10,19730,68992352,0,-56.0061,-31.7346,5199,10,1,1410735684,1743057471,0
LTE,748,1,115,522754,0,-56.1931,-34.8873,1000,3,1,1410805349,1773863942,0
GSM,748,1,11,552,0,-56.1627,-34.9038,1654,21,1,1410906440,1737352106,0
UMTS,748,10,19220,68896341,412,-56.1741,-34.8989,1000,19,1,1410910442,1742590328,0
UMTS,748,10,19220,68896438,472,-56.1178,-34.8944,1000,21,1,1410976396,1743314762,0
UMTS,748,10,19220,68896345,269,-56.1813,-34.8978,608,25,1,1412894787,1742590329,0
UMTS,748,10,19220,68886392,0,-56.2046,-34.9048,1000,7,1,1413663251,1753504218,0
GSM,748,10,9702,37082,0,-56.44,-32.6047,11984,27,1,1413899794,1757216778,0
GSM,748,10,9702,37336,0,-56.3311,-32.451,5002,21,1,1413900699,1743139961,0
GSM,748,1,1,593,0,-56.2264,-34.8668,8161,24,1,1414163136,1747467749,0
GSM,748,1,27,962,0,-56.0475,-34.803,5300,21,1,1414175135,1742626126,0
GSM,748,1,27,6022,0,-55.9971,-34.8008,5474,21,1,1414175136,1740638523,0
GSM,748,1,27,995,0,-55.9964,-34.8423,2080,24,1,1414038692,1740638535,0
GSM,748,1,41,4294,0,-55.7201,-34.5174,18839,26,1,1414175136,1738908760,0
GSM,748,1,2,973,0,-56.0784,-34.8037,7374,22,1,1414037597,1745904358,0
GSM,748,1,27,1082,0,-55.9511,-34.7355,7312,26,1,1414175136,1740552307,0
GSM,748,1,27,1594,0,-55.9904,-34.6522,16651,26,1,1414175136,1749535194,0
GSM,748,1,41,1512,0,-55.9046,-34.6341,15689,21,1,1414175136,1746597666,0
GSM,748,1,41,4296,0,-55.8649,-34.2932,17800,24,1,1414175136,1739429565,0
GSM,748,1,27,996,0,-56.0443,-34.8197,9114,22,1,1414175136,1740638535,0
GSM,748,1,27,1081,0,-55.9452,-34.7149,7040,23,1,1414175136,1740552329,0
GSM,748,1,27,1083,0,-55.9757,-34.7323,5476,24,1,1414175136,1740552374,0
GSM,748,1,27,6021,0,-55.9975,-34.7605,5002,23,1,1414175136,1740638523,0
GSM,748,1,27,50273,0,-55.999,-34.7386,9551,26,1,1414175136,1749535157,0
GSM,748,1,2,971,0,-56.0303,-34.8118,7272,23,1,1414175135,1745904350,0
GSM,748,1,2,972,0,-56.0574,-34.8615,5677,21,1,1414037181,1745904365,0
GSM,748,1,27,994,0,-55.9739,-34.8238,24108,26,1,1414175136,1740638535,0
GSM,748,1,27,1073,0,-55.9674,-34.7782,7678,21,1,1414175136,1742539596,0
GSM,748,1,27,6023,0,-56.0396,-34.7648,6860,25,1,1414175136,1740638523,0
GSM,748,1,27,50271,0,-55.9486,-34.6972,9259,22,1,1414175136,1749275479,0
GSM,748,1,27,50272,0,-55.9602,-34.7341,6896,26,1,1414175136,1749535157,0
GSM,748,1,41,1511,0,-55.8291,-34.535,20435,23,1,1414175136,1745991496,0
GSM,748,1,41,1513,0,-55.9264,-34.5775,30215,23,1,1414175136,1745991496,0
GSM,748,1,2,4252,0,-56.0453,-34.848,5920,23,1,1412089992,1742539572,0
GSM,748,1,9,252,0,-56.185,-34.8765,1845,26,1,1414175486,1733986495,0
GSM,748,1,9,5771,0,-56.169,-34.8557,9541,24,1,1414175486,1747467745,0
GSM,748,1,11,713,0,-56.1761,-34.8855,9678,24,1,1414175486,1747115053,0
GSM,748,1,21,892,0,-56.2459,-34.8107,4903,21,1,1414175487,1750653792,0
GSM,748,1,23,271,0,-56.1816,-34.899,1634,50,1,1414175487,1736577861,0
GSM,748,1,23,8483,0,-56.1932,-34.9096,6637,50,1,1414175487,1738132564,0
GSM,748,1,25,2711,0,-56.1076,-34.7573,6732,25,1,1414175488,1735278842,0
GSM,748,1,25,2712,0,-56.1295,-34.8224,6703,21,1,1414175488,1735278842,0
GSM,748,1,25,3413,0,-56.1383,-34.8269,8822,26,1,1414175488,1734072117,0
GSM,748,1,25,5742,0,-56.0955,-34.821,5477,26,1,1414175488,1741416702,0
GSM,748,1,25,8432,0,-56.1428,-34.8613,4944,24,1,1414175488,1747467763,0
GSM,748,1,27,1311,0,-55.8972,-34.6858,25866,27,1,1414175488,1745646067,0
GSM,748,1,27,1595,0,-56.0438,-34.6769,16184,23,1,1413387525,1749535194,0
GSM,748,1,27,2946,0,-55.9848,-34.7096,20621,22,1,1413387464,1745815713,0
GSM,748,1,31,16,0,-55.8028,-34.7203,17435,23,1,1414175488,1749535114,0
GSM,748,1,31,3291,0,-55.652,-34.7514,3580,23,1,1412833579,1735366626,0
GSM,748,1,41,1563,0,-55.8525,-34.3371,29416,27,1,1414175489,1740206868,0
GSM,748,1,41,1582,0,-55.8394,-34.3598,20123,24,1,1414175489,1744090289,0
GSM,748,1,41,2481,0,-55.8928,-34.3272,15299,23,1,1414175489,1744090295,0
GSM,748,1,42,4202,0,-56.29,-34.5357,6450,21,1,1414175489,1743483450,0
GSM,748,1,9,602,0,-56.1967,-34.8766,2230,25,1,1414175486,1741501565,0
GSM,748,1,9,653,0,-56.2001,-34.8852,8485,25,1,1414175486,1735108218,0
GSM,748,1,10,641,0,-56.1535,-34.8783,1441,21,1,1411654734,1741416721,0
GSM,748,1,10,643,0,-56.1663,-34.8813,6240,23,1,1414175486,1741416723,0
GSM,748,1,23,8481,0,-56.1899,-34.9013,6201,50,1,1414175487,1735366680,0
GSM,748,1,25,5741,0,-56.0884,-34.8047,5523,26,1,1414175488,1741416702,0
GSM,748,1,26,50152,0,-56.2517,-34.867,5868,22,1,1414175488,1747467766,0
GSM,748,1,27,5181,0,-56.0866,-34.7575,8315,24,1,1414175488,1745904340,0
GSM,748,1,27,5182,0,-56.1146,-34.7908,5053,22,1,1414175488,1745904358,0
GSM,748,1,31,13,0,-55.7909,-34.7434,16542,22,1,1414175488,1742970859,0
GSM,748,1,31,2256,0,-55.5817,-34.7647,11296,26,1,1414175488,1739687229,0
GSM,748,1,41,1561,0,-55.8497,-34.2632,16759,23,1,1414175489,1739947388,0
GSM,748,1,9,651,0,-56.1772,-34.8906,2604,24,1,1414175486,1734849344,0
GSM,748,1,9,5772,0,-56.1761,-34.8718,2664,26,1,1414175486,1747467743,0
GSM,748,1,11,553,0,-56.1622,-34.8976,1806,23,1,1414175486,1737352106,0
GSM,748,1,24,383,0,-56.1617,-34.9055,4213,24,1,1414175487,1741501559,0
GSM,748,1,24,9992,0,-56.1444,-34.8996,1618,21,1,1414175488,1737352106,0
GSM,748,1,24,9993,0,-56.1378,-34.8927,2082,50,1,1414175488,1735022417,0
GSM,748,1,25,3411,0,-56.0994,-34.8522,6977,23,1,1414175488,1733899863,0
GSM,748,1,25,5743,0,-56.1375,-34.8002,7995,25,1,1414175488,1741416702,0
GSM,748,1,26,50151,0,-56.2276,-34.8683,6193,25,1,1414175488,1747467749,0
GSM,748,1,27,961,0,-56.0454,-34.7761,7323,21,1,1414175488,1742711049,0
GSM,748,1,27,1026,0,-55.9893,-34.828,10048,23,1,1414175488,1742883309,0
GSM,748,1,27,1312,0,-56.0878,-34.7494,9465,25,1,1414175488,1745904197,0
GSM,748,1,27,2881,0,-55.9564,-34.7778,10831,23,1,1412834885,1740552368,0
GSM,748,1,27,2882,0,-55.9057,-34.7969,23945,24,1,1414175488,1740552310,0
GSM,748,1,31,1303,0,-55.5253,-34.7833,14455,22,1,1414175488,1738750720,0
GSM,748,1,31,3281,0,-55.8512,-34.7471,22485,26,1,1414175488,1745646143,0
GSM,748,1,41,1583,0,-55.9804,-34.2737,42705,24,1,1414175489,1741330428,0
GSM,748,1,42,4201,0,-56.2781,-34.5332,3963,21,1,1414175489,1747892275,0
GSM,748,1,9,731,0,-56.1805,-34.882,1871,25,1,1414175486,1747892243,0
GSM,748,1,9,772,0,-56.1715,-34.8844,1342,21,1,1414175486,1748410141,0
GSM,748,1,23,273,0,-56.2201,-34.8813,6854,22,1,1414175487,1737096326,0
GSM,748,1,23,331,0,-56.1723,-34.9082,1309,21,1,1414175487,1736747584,0
GSM,748,1,25,831,0,-56.144,-34.8344,4127,23,1,1414175488,1734763792,0
GSM,748,1,26,813,0,-56.2557,-34.8379,3801,22,1,1414175488,1746940960,0
GSM,748,1,26,2082,0,-56.1698,-34.836,8784,23,1,1414175488,1740206925,0
GSM,748,1,26,50153,0,-56.2541,-34.8443,4820,25,1,1414175488,1749535114,0
GSM,748,1,27,1072,0,-55.9786,-34.8243,6658,21,1,1414175488,1742883448,0
GSM,748,1,27,5183,0,-56.1411,-34.773,11265,25,1,1413432250,1745731188,0
GSM,748,1,31,1301,0,-55.481,-34.778,8056,26,1,1414175488,1738750720,0
GSM,748,1,31,3283,0,-55.9247,-34.7984,7087,23,1,1412792381,1745646139,0
GSM,748,1,41,2482,0,-55.8513,-34.5323,17347,27,1,1414175489,1745467341,0
GSM,748,1,1,592,0,-56.2035,-34.9073,2562,25,1,1414175485,1738132562,0
GSM,748,1,9,603,0,-56.2197,-34.8698,6927,25,1,1414175486,1741157383,0
GSM,748,1,10,942,0,-56.0366,-34.8324,9435,22,1,1414175486,1747805665,0
GSM,748,1,11,50333,0,-56.1588,-34.8989,3645,21,1,1414175486,1739602608,0
GSM,748,1,21,3462,0,-56.2481,-34.808,6487,24,1,1414175487,1739687160,0
GSM,748,1,23,272,0,-56.191,-34.8962,5698,26,1,1414175487,1736577861,0
GSM,748,1,25,832,0,-56.1505,-34.8476,8898,22,1,1411980356,1734244572,0
GSM,748,1,25,8431,0,-56.1227,-34.793,10823,23,1,1414175488,1747545720,0
GSM,748,1,27,1024,0,-55.9588,-34.8192,22923,22,1,1414175488,1742710866,0
GSM,748,1,27,2091,0,-55.9959,-34.7455,12697,26,1,1414175488,1737614998,0
GSM,748,1,27,2093,0,-55.9606,-34.8143,7854,21,1,1414175488,1737614887,0
GSM,748,1,27,2883,0,-55.9511,-34.8146,5013,24,1,1414175488,1740552303,0
GSM,748,1,31,2254,0,-55.5672,-34.7742,2039,25,1,1414175488,1739687229,0
GSM,748,1,31,3282,0,-55.8539,-34.7752,2815,23,1,1414175488,1743573148,0
GSM,748,1,41,1581,0,-55.9068,-34.2816,23078,26,1,1414175489,1741330428,0
GSM,748,1,2,931,0,-56.0388,-34.8311,8699,24,1,1414175485,1739429590,0
GSM,748,1,2,933,0,-56.0221,-34.8403,7935,26,1,1414175485,1739429594,0
GSM,748,1,2,4253,0,-56.0993,-34.8616,3158,21,1,1412090028,1742366459,0
GSM,748,1,10,941,0,-56.0656,-34.8097,9887,25,1,1414175486,1745731233,0
GSM,748,1,21,1063,0,-56.2111,-34.7209,5302,21,1,1414175487,1750139014,0
GSM,748,1,21,5453,0,-56.2061,-34.7111,9509,21,1,1414175487,1750139014,0
GSM,748,1,26,8551,0,-56.2214,-34.8692,3082,26,1,1414175488,1739860756,0
GSM,748,1,27,963,0,-56.0633,-34.7596,5965,23,1,1414175488,1742626126,0
GSM,748,1,41,1411,0,-55.9824,-34.4818,24600,26,1,1414175489,1744436709,0
GSM,748,1,41,1965,0,-55.9011,-34.5494,23739,23,1,1414175489,1739771561,0
UMTS,748,10,19220,68896429,422,-56.1353,-34.8915,1000,5,1,1415558376,1742590328,0
GSM,748,1,9,773,0,-56.183,-34.878,1855,21,1,1417372266,1748410141,0
UMTS,748,10,19220,68886428,0,-56.1478,-34.877,1000,17,1,1417773664,1733813040,0
UMTS,748,10,19240,69017716,0,-55.2305,-34.779,1545,17,1,1419212828,1752125376,0
UMTS,748,10,19240,69027615,0,-55.2252,-34.7796,3355,20,1,1419212948,1751001813,0
UMTS,748,10,19240,69067568,0,-56.0962,-34.7999,1852,20,1,1419630717,1734677644,0
LTE,748,1,101,518146,0,-56.2026,-34.9096,786,27,1,1419923968,1759431903,0
UMTS,748,10,19730,68982230,0,-57.9795,-31.4079,1000,2,1,1420205729,1734591285,0
UMTS,748,10,19240,69017491,0,-56.1924,-34.8162,1340,24,1,1422286917,1751694063,0
UMTS,748,10,19240,69018424,0,-55.7734,-34.675,3349,25,1,1458924408,1743659205,0
UMTS,748,10,19220,68886509,134,-56.1945,-34.901,1311,11,1,1459223209,1754541037,0
UMTS,748,10,19730,68973382,139,-56.3775,-32.5196,5223,27,1,1483500782,1749880757,0
UMTS,748,10,19730,68952909,35,-56.4628,-33.015,7047,26,1,1484270631,1750225544,0
UMTS,748,10,19240,69057716,0,-55.2523,-34.7882,1474,15,1,1427062044,1743659266,0
LTE,748,1,108,516098,0,-56.1676,-34.8981,1000,20,1,1431180614,1758887462,0
LTE,748,1,101,513538,0,-56.1944,-34.9028,1000,8,1,1439330090,1747258442,0
LTE,748,1,108,574981,0,-56.1652,-34.895,1000,19,1,1440128689,1758887462,0
GSM,748,1,9,251,0,-56.1819,-34.8739,1954,22,1,1446587359,1734159082,0
LTE,748,1,110,530177,0,-56.2159,-34.8598,1000,11,1,1446730828,1773863942,0
UMTS,748,10,19240,69027882,0,-56.6903,-34.3438,4118,9,1,1451761477,1746253524,0
LTE,748,1,110,578561,0,-56.2236,-34.843,870,26,1,1458598211,1773863942,0
LTE,748,1,129,587522,0,-56.1869,-34.905,500,50,1,1458598212,1758888002,0
LTE,748,1,129,564482,0,-56.1752,-34.9002,1123,50,1,1458598212,1758887642,0
LTE,748,1,101,551426,0,-56.1967,-34.9024,1000,23,1,1458598206,1747258442,0
LTE,748,1,108,523009,0,-56.1595,-34.8912,7285,41,1,1458598209,1758887462,0
LTE,748,1,101,518144,0,-56.1984,-34.9076,500,50,1,1458598206,1758835382,0
LTE,748,1,129,512770,0,-56.1864,-34.9033,500,50,1,1458598212,1758888001,0
LTE,748,1,101,551424,0,-56.1943,-34.8998,500,50,1,1458598206,1747258442,0
LTE,748,1,101,515328,0,-56.1999,-34.9036,911,44,1,1458598206,1747258442,0
LTE,748,1,110,579329,0,-56.2107,-34.8357,1133,30,1,1458598211,1773863942,0
LTE,748,1,115,543490,0,-56.1932,-34.8848,1000,12,1,1458598211,1773863942,0
LTE,748,1,129,526848,0,-56.1784,-34.9015,629,50,1,1458598212,1758887641,0
LTE,748,1,129,587520,0,-56.1852,-34.9053,500,50,1,1458598212,1758888001,0
GSM,748,1,9,253,0,-56.1813,-34.8736,3251,24,1,1458817273,1734159064,0
GSM,748,1,9,5773,0,-56.1961,-34.8401,8154,24,1,1455359172,1747467699,0
GSM,748,1,9,601,0,-56.193,-34.8714,2630,21,1,1458817273,1741501565,0
GSM,748,1,14,1254,0,-55.971,-31.7142,4330,22,1,1458817274,1735972895,0
GSM,748,1,25,2732,0,-56.1712,-34.7942,4650,25,1,1458817277,1748330913,0
GSM,748,1,26,8862,0,-56.1856,-34.8495,9028,22,1,1458817277,1741416786,0
GSM,748,1,41,1966,0,-56.251,-34.4016,21465,26,1,1458817278,1738750702,0
GSM,748,1,42,1151,0,-56.6511,-34.2933,18594,25,1,1458817278,1739947406,0
GSM,748,1,9,771,0,-56.1696,-34.8761,1673,21,1,1458817273,1748410141,0
GSM,748,1,25,5182,0,-56.1465,-34.7986,7068,25,1,1454283879,1745646083,0
GSM,748,1,24,471,0,-56.1425,-34.8903,5460,25,1,1458817276,1741157394,0
GSM,748,1,27,1025,0,-55.9712,-34.8258,4198,26,1,1458817277,1742883441,0
GSM,748,1,26,3312,0,-56.2131,-34.8458,3803,21,1,1458817277,1737182698,0
GSM,748,1,26,3311,0,-56.1892,-34.8483,5291,26,1,1458817277,1737182698,0
GSM,748,1,31,11,0,-55.7468,-34.737,12976,25,1,1458817278,1745467423,0
GSM,748,1,42,5876,0,-56.7497,-34.5462,10786,23,1,1458817279,1736404971,0
GSM,748,1,54,4402,0,-55.5476,-30.9064,3475,24,1,1458817279,1741330476,0
GSM,748,1,14,1255,0,-55.9783,-31.7206,4093,24,1,1458817274,1735972895,0
GSM,748,1,21,1332,0,-56.3341,-34.7513,8645,25,1,1458817276,1737441528,0
GSM,748,1,21,1061,0,-56.1994,-34.7281,9212,24,1,1458817276,1750138996,0
GSM,748,1,26,8861,0,-56.2328,-34.8386,9029,25,1,1458817277,1741157383,0
GSM,748,1,27,2092,0,-55.8449,-34.7576,22489,25,1,1452236426,1737441560,0
GSM,748,1,10,5753,0,-56.1633,-34.8632,8498,24,1,1458817273,1734159064,0
GSM,748,1,16,141,0,-54.9521,-34.902,6858,24,1,1458817275,1736577784,0
GSM,748,1,24,9872,0,-56.1102,-34.8966,4372,50,1,1458817277,1738219201,0
GSM,748,1,31,1302,0,-55.4595,-34.7917,16153,17,1,1458817278,1738750720,0
GSM,748,1,42,1682,0,-56.3479,-34.6308,8326,24,1,1458817278,1747629668,0
GSM,748,1,42,1401,0,-56.3653,-34.4588,24034,21,1,1458817278,1740638583,0
GSM,748,1,42,5874,0,-56.7073,-34.346,8543,26,1,1458817279,1735886203,0
GSM,748,1,42,1153,0,-56.7083,-34.3394,5921,26,1,1458817278,1739947406,0
GSM,748,1,42,3436,0,-56.7366,-34.5589,9170,26,1,1458817278,1736404971,0
GSM,748,1,52,1122,0,-58.0592,-32.3274,2954,23,1,1458817279,1733639661,0
GSM,748,1,14,1256,0,-55.9846,-31.7173,3345,26,1,1458817274,1735972895,0
GSM,748,1,24,9871,0,-56.1059,-34.8923,1874,21,1,1458817277,1734849366,0
GSM,748,1,26,8863,0,-56.2425,-34.8625,5447,22,1,1458817277,1741416786,0
GSM,748,1,31,50363,0,-55.7499,-34.72,12540,25,1,1458817278,1745467423,0
GSM,748,1,31,2255,0,-55.5785,-34.7699,6099,23,1,1452493968,1739687229,0
GSM,748,1,27,2945,0,-56.0804,-34.7538,6657,25,1,1455079535,1745904189,0
GSM,748,1,42,1403,0,-56.3928,-34.4586,7221,25,1,1458817278,1740638583,0
GSM,748,1,41,2483,0,-56.0028,-34.4499,21359,25,1,1458817278,1744436709,0
GSM,748,10,9702,27041,0,-56.3125,-33.7754,6684,8,1,1458817290,1742791236,0
GSM,748,10,9801,26022,0,-57.1191,-34.4063,6105,6,1,1458817290,1744606281,0
GSM,748,10,9801,26162,0,-57.1071,-34.421,13582,8,1,1458817290,1758773882,0
GSM,748,10,9801,16022,0,-57.0969,-34.3525,2096,3,1,1458817290,1744606281,0
GSM,748,10,9801,16021,0,-57.193,-34.3824,5082,3,1,1458817290,1744606327,0
GSM,748,10,9801,36021,0,-57.2666,-34.3362,4402,3,1,1458817291,1744606327,0
GSM,748,10,9801,36022,0,-57.1732,-34.3499,5523,3,1,1458817291,1744606281,0
GSM,748,10,9801,16162,0,-57.2579,-34.3872,5200,2,1,1452501064,1744606287,0
GSM,748,10,9751,37021,0,-57.1576,-33.1407,1395,4,1,1435429323,1746509899,0
GSM,748,10,9702,17041,0,-56.3238,-33.7339,11416,13,1,1458817290,1742791238,0
UMTS,748,10,19240,69037474,0,-56.136,-34.8173,1846,18,1,1458845302,1748583382,0
UMTS,748,10,19220,68886438,498,-56.1139,-34.8908,1000,7,1,1458924401,1742944862,0
UMTS,748,10,19220,68896339,0,-56.1645,-34.899,1181,16,1,1396310557,1734763794,0
UMTS,748,10,19220,68886345,0,-56.1793,-34.8932,1000,23,1,1431298664,1735108138,0
UMTS,748,10,19220,68896461,155,-56.187,-34.8878,1326,17,1,1458924402,1742590329,0
UMTS,748,10,19220,68886458,148,-56.1072,-34.8954,1000,13,1,1458924401,1743314762,0
UMTS,748,10,19220,68886382,0,-56.2041,-34.8977,1067,24,1,1458924401,1755316495,0
UMTS,748,10,19220,68906358,271,-56.1953,-34.8862,4866,26,1,1457302647,1753504037,0
UMTS,748,10,19220,68906436,0,-56.1603,-34.887,1680,11,1,1458924403,1735711978,0
UMTS,748,10,19220,68916428,404,-56.1484,-34.8797,500,30,1,1435732173,1743314762,0
UMTS,748,10,19220,68906508,340,-56.1875,-34.9052,1000,14,1,1458924403,1742590329,0
UMTS,748,10,19220,68906504,91,-56.1638,-34.8927,569,29,1,1396311850,1751694180,0
UMTS,748,10,19220,68886344,0,-56.1911,-34.9035,1000,8,1,1458924400,1742590329,0
UMTS,748,10,19220,68886531,373,-56.1611,-34.8689,1115,27,1,1433177781,1755143999,0
UMTS,748,10,19220,68896343,280,-56.1837,-34.8979,4605,16,1,1458924402,1742590329,0
UMTS,748,10,19220,68886504,282,-56.1636,-34.8899,1000,16,1,1458924401,1742590381,0
UMTS,748,10,19220,68906346,0,-56.2034,-34.904,1000,5,1,1458924403,1753336226,0
UMTS,748,10,19220,68896524,367,-56.1226,-34.8948,500,30,1,1458924402,1743314762,0
UMTS,748,10,19220,68896454,31,-56.1942,-34.9025,1000,11,1,1458924402,1742590329,0
UMTS,748,10,19220,68896490,0,-56.1508,-34.8801,1000,12,1,1458924402,1733813010,0
UMTS,748,10,19220,68906349,310,-56.1536,-34.8915,1000,21,1,1396311970,1742590328,0
UMTS,748,10,19220,68906345,57,-56.1824,-34.894,648,28,1,1458924403,1742590329,0
UMTS,748,10,19220,68906511,267,-56.1513,-34.8777,1126,18,1,1454569085,1744436733,0
UMTS,748,10,19220,68906490,0,-56.1515,-34.8838,500,50,1,1458924403,1734505723,0
UMTS,748,10,19220,68936511,54,-56.1557,-34.8734,1000,7,1,1454569085,1742590382,0
UMTS,748,10,19220,68936343,291,-56.1875,-34.9025,1000,12,1,1429544107,1742590329,0
UMTS,748,10,19240,69017486,0,-56.1587,-34.7246,3126,3,1,1449223864,1743311797,0
UMTS,748,10,19240,69017606,0,-56.2479,-34.7757,3700,11,1,1432039063,1750740388,0
UMTS,748,10,19220,68896355,0,-56.142,-34.9135,1000,10,1,1458924402,1734763784,0
UMTS,748,10,19220,68886524,257,-56.1244,-34.8931,1000,16,1,1458924401,1743314762,0
UMTS,748,10,19220,68886350,196,-56.1642,-34.897,2446,50,1,1458924401,1742590328,0
UMTS,748,10,19220,68886461,39,-56.1887,-34.8875,1000,19,1,1443691729,1742590329,0
UMTS,748,10,19220,68896458,191,-56.1168,-34.8952,1000,10,1,1458924402,1743314762,0
UMTS,748,10,19220,68896528,466,-56.1676,-34.8794,1000,14,1,1447270445,1751694177,0
UMTS,748,10,19220,68896382,0,-56.2097,-34.9029,1000,9,1,1458924402,1738218996,0
UMTS,748,10,19220,68916343,92,-56.1838,-34.9012,1000,7,1,1432013803,1735711980,0
UMTS,748,10,19220,68906517,0,-56.1589,-34.881,1000,18,1,1458924403,1737182781,0
UMTS,748,10,19220,68926461,0,-56.1885,-34.891,1000,9,1,1458924405,1734424258,0
UMTS,748,10,19240,69017702,0,-55.2407,-34.3583,5922,6,1,1458924407,1744954331,0
UMTS,748,10,19240,69017692,0,-56.1655,-34.7563,1000,3,1,1449223864,1744350043,0
UMTS,748,10,19240,69017535,0,-56.1121,-34.7554,1574,3,1,1423450309,1734763731,0
UMTS,748,10,19240,69017647,0,-55.0492,-34.8647,1000,6,1,1456480290,1752125312,0
UMTS,748,10,19240,69017569,0,-56.2478,-34.7957,1032,22,1,1458924407,1733986643,0
UMTS,748,10,19220,68886518,0,-56.2025,-34.9,1000,24,1,1458924401,1755316512,0
UMTS,748,10,19220,68886358,0,-56.1867,-34.8784,1000,23,1,1457302647,1736491265,0
UMTS,748,10,19220,68906392,0,-56.2012,-34.9083,1000,7,1,1458924403,1747258441,0
UMTS,748,10,19220,68896443,210,-56.1656,-34.8942,1000,16,1,1396311305,1742590328,0
UMTS,748,10,19220,68916461,0,-56.1861,-34.8917,1000,11,1,1458924404,1734424270,0
UMTS,748,10,19220,68906531,281,-56.1676,-34.871,1000,21,1,1431026422,1742590382,0
UMTS,748,10,19220,68936519,0,-56.1867,-34.8754,500,25,1,1458924406,1735366634,0
UMTS,748,10,19220,68926349,378,-56.1598,-34.8924,1000,11,1,1458924404,1742590328,0
UMTS,748,10,19220,68936517,113,-56.1683,-34.8748,1374,26,1,1458924406,1742590382,0
UMTS,748,10,19220,68936518,0,-56.2069,-34.9007,1000,8,1,1448450794,1754970686,0
UMTS,748,10,19220,68926511,329,-56.1572,-34.873,1000,19,1,1427916406,1742590382,0
UMTS,748,10,19240,69017809,0,-56.3449,-34.4567,6942,9,1,1458924407,1751347144,0
UMTS,748,10,19240,69017712,0,-55.6963,-34.6778,1608,8,1,1458924407,1743483528,0
UMTS,748,10,19220,68886375,414,-56.1949,-34.8875,578,32,1,1458924401,1742590329,0
UMTS,748,10,19220,68886346,0,-56.201,-34.8993,1096,18,1,1458924400,1754452329,0
UMTS,748,10,19220,68886490,0,-56.1536,-34.8802,500,27,1,1458924401,1744350037,0
UMTS,748,10,19220,68896504,286,-56.1619,-34.8938,1114,28,1,1458924402,1742590328,0
UMTS,748,10,19220,68906429,179,-56.142,-34.8947,1000,17,1,1425417366,1742590328,0
UMTS,748,10,19220,68896428,285,-56.1451,-34.8779,1000,19,1,1458924402,1743314762,0
UMTS,748,10,19220,68906375,469,-56.1977,-34.8908,1361,27,1,1458924403,1754970736,0
UMTS,748,10,19220,68896487,0,-56.1657,-34.9083,1000,20,1,1458924402,1735022328,0
UMTS,748,10,19220,68906348,233,-56.1892,-34.8952,1348,25,1,1458924403,1742590329,0
UMTS,748,10,19220,68926380,0,-56.2083,-34.9084,1000,2,1,1428944624,1734591275,0
UMTS,748,10,19240,69017644,0,-55.3072,-34.7898,1529,11,1,1458924407,1742626247,0
UMTS,748,10,19240,69017493,0,-56.2155,-34.7981,1909,18,1,1458065499,1740811386,0
UMTS,748,10,19240,69017570,0,-56.1875,-34.7999,3886,25,1,1450137427,1748928821,0
UMTS,748,10,19240,69017664,0,-54.9394,-34.8478,4831,21,1,1458924407,1752556908,0
UMTS,748,10,19240,69017719,0,-56.208,-34.2182,2070,2,1,1447574360,1733899937,0
UMTS,748,10,19240,69017532,0,-56.3414,-34.8222,989,25,1,1444732332,1746856001,0
UMTS,748,10,19240,69017831,0,-56.0177,-34.7634,1000,20,1,1448042946,1746078241,0
UMTS,748,10,19220,68936344,161,-56.1903,-34.9041,1000,3,1,1458924405,1742590329,0
UMTS,748,10,19240,69017797,0,-57.2499,-34.3307,2514,9,1,1452501064,1745991577,0
UMTS,748,10,19240,69017824,0,-56.3936,-34.4513,1622,9,1,1458924408,1748583314,0
UMTS,748,10,19240,69017601,0,-56.2299,-34.815,1545,16,1,1458924407,1746425575,0
UMTS,748,10,19240,69017571,0,-56.272,-34.7743,1414,18,1,1432039093,1747374532,0
UMTS,748,10,19240,69017625,0,-55.2809,-34.8634,2019,20,1,1451510642,1742711073,0
UMTS,748,10,19240,69017615,0,-55.1712,-34.7736,5437,19,1,1458924407,1749103368,0
UMTS,748,10,19240,69017928,377,-56.4826,-34.7081,5371,27,1,1444732332,1751522315,0
UMTS,748,10,19240,69017927,346,-56.8955,-34.4646,4784,27,1,1444732332,1747892173,0
UMTS,748,10,19240,69027571,0,-56.2726,-34.786,1773,13,1,1446054070,1747374263,0
UMTS,748,10,19240,69017917,0,-54.9507,-34.8859,3317,11,1,1451256804,1742970816,0
UMTS,748,10,19240,69018465,0,-56.3845,-34.4572,3373,5,1,1452501052,1746509868,0
UMTS,748,10,19240,69027644,0,-55.2877,-34.7862,2414,11,1,1458924410,1734505771,0
UMTS,748,10,19240,69027716,0,-55.214,-34.7794,2568,22,1,1458924410,1752125374,0
UMTS,748,10,19240,69037491,0,-56.2001,-34.8224,1000,15,1,1453825091,1751694112,0
UMTS,748,10,19240,69027930,19,-56.2497,-34.6091,8218,27,1,1458924411,1750521145,0
UMTS,748,10,19240,69027925,237,-57.4813,-34.3704,2974,50,1,1458924411,1740811351,0
UMTS,748,10,19240,69027732,0,-55.4696,-34.6032,2399,22,1,1458924410,1746078187,0
UMTS,748,10,19240,69028467,0,-55.7099,-34.6694,5729,24,1,1458924411,1752298463,0
UMTS,748,10,19240,69027797,178,-57.164,-34.3501,9814,26,1,1452501064,1742626178,0
UMTS,748,10,19240,69037625,0,-55.2262,-34.893,1600,2,1,1450176200,1742883564,0
UMTS,748,10,19240,69037858,21,-55.8471,-34.5708,5104,27,1,1458924413,1734505786,0
UMTS,748,10,19240,69037601,0,-56.2388,-34.8159,1697,10,1,1430663057,1751694116,0
UMTS,748,10,19240,69038478,411,-54.7018,-34.7551,6991,27,1,1458924413,1752038512,0
UMTS,748,10,19240,69047568,0,-56.1003,-34.8166,1047,23,1,1458924414,1734424193,0
UMTS,748,10,19240,69047614,0,-54.9436,-34.9096,1000,15,1,1450643805,1752125329,0
UMTS,748,10,19220,68936524,169,-56.1309,-34.8925,1000,16,1,1449223864,1749977566,0
UMTS,748,10,19240,69017822,0,-56.2412,-34.6455,7106,23,1,1436197831,1747892272,0
UMTS,748,10,19240,69017771,150,-56.1933,-34.1835,6169,19,1,1458924407,1741848956,0
UMTS,748,10,19240,69017732,0,-55.4627,-34.576,6032,37,1,1452280117,1746078194,0
UMTS,748,10,19240,69017612,0,-54.6284,-34.8121,13983,9,1,1428176032,1749016948,0
UMTS,748,10,19240,69017656,0,-55.3132,-34.7876,3983,17,1,1458924407,1746078170,0
UMTS,748,10,19240,69027532,0,-56.3218,-34.8355,3109,26,1,1458924408,1742539655,0
UMTS,748,10,19240,69027534,0,-56.0721,-34.7938,1594,25,1,1454569099,1742883528,0
UMTS,748,10,19240,69017926,190,-57.1166,-34.3523,12470,27,1,1458924408,1751347159,0
UMTS,748,10,19240,69027496,0,-56.2968,-34.795,3893,6,1,1434664323,1748669901,0
UMTS,748,10,19240,69027570,0,-56.1942,-34.8154,1000,11,1,1451816200,1749275538,0
UMTS,748,10,19240,69017930,199,-56.2641,-34.5892,3129,27,1,1458924408,1751088439,0
UMTS,748,10,19240,69027899,0,-56.4402,-34.7441,2026,23,1,1458924411,1747374511,0
UMTS,748,10,19240,69028471,0,-55.5496,-34.7044,11532,14,1,1458924411,1749275456,0
UMTS,748,10,19240,69037721,355,-56.6744,-34.6034,25627,27,1,1452583421,1749621514,0
UMTS,748,10,19240,69037722,15,-56.3594,-34.781,3262,21,1,1458924412,1747114997,0
UMTS,748,10,19240,69037741,284,-57.3525,-34.3371,2260,11,1,1452583414,1751522328,0
UMTS,748,10,19240,69038443,39,-56.2548,-34.7524,2854,25,1,1455466025,1751088442,0
UMTS,748,10,19240,69037618,0,-55.0483,-34.8758,1871,7,1,1458924412,1751088464,0
UMTS,748,10,19240,69047894,0,-56.7016,-34.2844,8145,9,1,1452501057,1748330829,0
UMTS,748,10,19240,69047494,0,-56.3468,-34.7982,1344,19,1,1458924413,1748669871,0
UMTS,748,10,19240,69017633,0,-54.9496,-34.9095,1496,15,1,1450512308,1751173724,0
UMTS,748,10,19240,69027587,0,-56.2113,-34.819,1000,3,1,1451394536,1736404997,0
UMTS,748,10,19240,69027618,0,-55.0345,-34.8985,1000,4,1,1458924409,1750409411,0
UMTS,748,10,19240,69017925,322,-57.4283,-34.3573,4414,27,1,1452501066,1742366491,0
UMTS,748,10,19240,69018411,405,-54.698,-34.7347,16304,27,1,1458924408,1749202296,0
UMTS,748,10,19240,69017934,0,-56.3445,-34.4857,2362,15,1,1458924408,1749275540,0
UMTS,748,10,19240,69027606,0,-56.2525,-34.7906,1000,2,1,1454569099,1738989976,0
UMTS,748,10,19240,69037493,0,-56.2236,-34.8061,1000,3,1,1455729348,1744436650,0
UMTS,748,10,19240,69027898,0,-56.4109,-34.7613,1921,23,1,1458924411,1751522319,0
UMTS,748,10,19240,69027741,157,-57.315,-34.3291,1903,25,1,1452583414,1751347163,0
UMTS,748,10,19240,69028412,283,-55.0022,-34.7385,4538,27,1,1458924411,1751436139,0
UMTS,748,10,19240,69038427,0,-56.5035,-34.4174,6630,17,1,1458924413,1751347148,0
UMTS,748,10,19240,69038412,197,-55.0594,-34.7409,5632,27,1,1458924413,1752556991,0
UMTS,748,10,19240,69037642,202,-55.4155,-34.7393,15192,27,1,1458924412,1752298525,0
UMTS,748,10,19240,69037659,0,-54.9392,-34.9106,2227,8,1,1450176151,1752557005,0
UMTS,748,10,19240,69037732,0,-55.501,-34.6132,10597,22,1,1452280117,1746078191,0
UMTS,748,10,19240,69037899,0,-56.4713,-34.721,4203,23,1,1436649023,1747115055,0
UMTS,748,10,19240,69037815,0,-56.2301,-34.7632,3334,20,1,1438621148,1735278848,0
UMTS,748,10,19240,69037614,0,-54.9396,-34.9108,1957,7,1,1450176151,1752643624,0
UMTS,748,10,19240,69037709,0,-55.302,-34.8441,1000,5,1,1456480301,1752298452,0
UMTS,748,10,19240,69038479,77,-56.2208,-34.2779,9206,27,1,1458924413,1750740404,0
UMTS,748,10,19240,69057883,0,-56.7373,-34.3356,2015,14,1,1452501080,1748669927,0
UMTS,748,10,19240,69067721,194,-56.7535,-34.5534,4935,27,1,1444732332,1747115007,0
UMTS,748,10,19240,69017940,0,-55.0012,-34.8843,1223,8,1,1454167798,1747374479,0
UMTS,748,10,19240,69027620,0,-55.2724,-34.8676,1000,9,1,1448926395,1749202221,0
UMTS,748,10,19240,69018443,0,-56.2281,-34.728,6839,12,1,1458924408,1748149250,0
UMTS,748,10,19240,69017894,0,-56.7053,-34.3205,3183,7,1,1452501080,1741935112,0
UMTS,748,10,19240,69018478,313,-54.6089,-34.7183,9900,27,1,1458924408,1749880794,0
UMTS,748,10,19240,69027574,0,-54.9478,-34.8675,1183,15,1,1458924409,1752212145,0
UMTS,748,10,19240,69027656,319,-55.4735,-34.7844,13626,50,1,1458924410,1749275450,0
UMTS,748,10,19240,69027617,0,-54.9356,-34.9507,1176,8,1,1458924409,1752556982,0
UMTS,748,10,19240,69018471,0,-55.5514,-34.6389,12609,24,1,1452280132,1750914677,0
UMTS,748,10,19240,69037578,0,-56.2854,-34.7795,3529,23,1,1434664252,1746337484,0
UMTS,748,10,19240,69027878,0,-56.2654,-34.5228,2466,23,1,1458924411,1748330815,0
UMTS,748,10,19240,69027750,0,-56.1845,-34.1429,3796,25,1,1447574360,1750138995,0
UMTS,748,10,19240,69028424,0,-55.8342,-34.6986,8238,23,1,1458924411,1742883535,0
UMTS,748,10,19240,69037620,0,-55.2742,-34.8622,1000,8,1,1451510642,1752212157,0
UMTS,748,10,19240,69037640,0,-56.2259,-34.7835,953,26,1,1432039145,1746425543,0
UMTS,748,10,19240,69037870,0,-54.9578,-34.8812,6527,9,1,1451306961,1750409413,0
UMTS,748,10,19240,69037928,102,-56.5721,-34.6687,11910,27,1,1452274745,1735108150,0
UMTS,748,10,19240,69037725,0,-57.0162,-34.3879,8008,23,1,1452501062,1747892179,0
UMTS,748,10,19240,69037606,0,-56.2661,-34.776,3339,24,1,1440750145,1748669889,0
UMTS,748,10,19240,69047666,0,-55.2759,-34.853,1067,15,1,1456480301,1752212155,0
UMTS,748,10,19240,69057741,0,-57.3542,-34.3151,1000,5,1,1452583414,1742625963,0
UMTS,748,10,19240,69067741,0,-57.3495,-34.3129,1000,8,1,1452583414,1751522345,0
UMTS,748,10,19240,69017878,437,-56.2776,-34.4935,4562,27,1,1458924408,1750740394,0
UMTS,748,10,19240,69017899,0,-56.4345,-34.7277,2185,26,1,1458924408,1751522317,0
UMTS,748,10,19240,69017935,304,-56.2525,-34.377,7120,26,1,1458924408,1750740402,0
UMTS,748,10,19240,69027849,0,-55.8467,-34.6917,6722,20,1,1458924410,1743483531,0
UMTS,748,10,19240,69027866,0,-55.1054,-34.8648,2409,9,1,1458924410,1751001802,0
UMTS,748,10,19240,69037926,366,-57.1853,-34.3459,3652,27,1,1452501064,1745904437,0
UMTS,748,10,19240,69037935,265,-56.2711,-34.455,4087,26,1,1458924413,1750521144,0
UMTS,748,10,19240,69037715,0,-54.9865,-34.8863,3829,6,1,1454167798,1751001853,0
UMTS,748,10,19240,69037911,0,-55.1949,-34.8137,6681,15,1,1458924413,1742883431,0
UMTS,748,10,19240,69037689,0,-55.9866,-34.7427,1313,18,1,1428951643,1749535208,0
UMTS,748,10,19240,69037631,0,-54.9378,-34.9374,1000,3,1,1451256771,1743745694,0
UMTS,748,10,19240,69037666,0,-55.2665,-34.8524,1000,7,1,1456480301,1749103371,0
UMTS,748,10,19240,69037734,0,-56.5696,-34.3836,4381,9,1,1458924412,1738391543,0
UMTS,748,10,19240,69037898,0,-56.4273,-34.7255,4293,26,1,1458924413,1751522325,0
UMTS,748,10,19240,69038426,0,-56.2143,-34.5184,3596,14,1,1458924413,1748669930,0
UMTS,748,10,19240,69047722,287,-56.3784,-34.7733,1284,24,1,1458924414,1749535211,0
UMTS,748,10,19240,69047716,0,-55.2418,-34.8054,1266,15,1,1458924414,1749795159,0
UMTS,748,10,19240,69047721,230,-56.7028,-34.5915,813,26,1,1436649024,1741935102,0
UMTS,748,10,19240,69067797,0,-57.2707,-34.3314,2287,10,1,1452583421,1745991573,0
UMTS,748,10,19240,69017618,0,-55.0234,-34.8886,1000,10,1,1454167798,1752212058,0
UMTS,748,10,19240,69027625,0,-55.2549,-34.8671,10823,19,1,1458924409,1752556753,0
UMTS,748,10,19240,69018870,351,-56.6295,-34.635,2075,27,1,1458924408,1747115053,0
UMTS,748,10,19240,69027612,0,-54.6388,-34.8399,1000,10,1,1451210836,1747115012,0
UMTS,748,10,19240,69027605,0,-56.1966,-34.7957,4347,26,1,1458924409,1751949892,0
UMTS,748,10,19240,69027486,0,-56.1618,-34.7679,3356,4,1,1449223864,1734763831,0
UMTS,748,10,19240,69027734,0,-56.5344,-34.4052,1588,5,1,1452501052,1741761893,0
UMTS,748,10,19240,69027870,0,-54.9388,-34.8656,7383,21,1,1458924410,1750138956,0
UMTS,748,10,19240,69028411,169,-54.852,-34.7872,5907,27,1,1458924411,1749880765,0
UMTS,748,10,19240,69027809,0,-56.3593,-34.4667,7249,9,1,1458924410,1748330819,0
UMTS,748,10,19240,69037822,0,-56.241,-34.6712,2924,25,1,1458924412,1748669848,0
UMTS,748,10,19240,69037692,0,-56.1665,-34.7712,1000,2,1,1449223864,1734244542,0
UMTS,748,10,19240,69037720,0,-56.4461,-34.435,5226,3,1,1452501052,1748330823,0
UMTS,748,10,19240,69037617,0,-54.9395,-34.9542,1286,7,1,1454955433,1743745690,0
UMTS,748,10,19240,69037711,0,-54.3737,-34.5368,1000,3,1,1452493951,1734505761,0
UMTS,748,10,19240,69047640,0,-56.2435,-34.7833,1109,17,1,1441784451,1748583385,0
UMTS,748,10,19240,69038471,0,-55.622,-34.6629,8983,26,1,1458924413,1750914661,0
UMTS,748,10,19240,69057797,0,-57.2924,-34.3378,2753,5,1,1452583414,1742288288,0
UMTS,748,10,19240,69067496,0,-56.3126,-34.8023,3169,11,1,1434664323,1747374524,0
UMTS,748,10,19240,69067809,0,-56.4053,-34.4488,3780,10,1,1458924416,1748928832,0
UMTS,748,10,19240,69057496,0,-56.3356,-34.811,3507,26,1,1458924415,1748669887,0
UMTS,748,10,19240,69067640,0,-56.2567,-34.7486,1978,25,1,1455466025,1747288193,0
UMTS,748,10,19240,69057882,0,-56.7262,-34.349,3727,8,1,1452501080,1749275537,0
UMTS,748,10,19240,69057535,0,-56.1727,-34.7881,3466,7,1,1449223864,1736231267,0
UMTS,748,10,19730,68952350,0,-58.0279,-33.2351,3377,6,1,1436648974,1735107962,0
UMTS,748,10,19730,68952326,233,-57.7833,-34.4459,4747,27,1,1458924422,1752212163,0
UMTS,748,10,19730,68952164,0,-57.8483,-34.4499,1000,11,1,1458924421,1742970875,0
UMTS,748,10,19730,68952202,0,-56.4663,-30.4016,1000,4,1,1438528589,1747892182,0
UMTS,748,10,19730,68952348,0,-58.0286,-33.2434,2590,12,1,1436648974,1749202034,0
UMTS,748,10,19730,68972240,0,-53.9049,-34.2136,9103,10,1,1428176032,1734424240,0
UMTS,748,10,19730,68962233,0,-57.9015,-31.4114,4939,3,1,1435612298,1754020883,0
UMTS,748,10,19730,68962256,0,-56.3207,-33.7403,2947,24,1,1458924423,1750521102,0
UMTS,748,10,19730,68972191,0,-57.1458,-33.9596,22119,11,1,1436649020,1751088417,0
UMTS,748,10,19730,68972219,0,-58.086,-32.2948,4636,8,1,1458924423,1753336360,0
UMTS,748,10,19730,68962357,0,-57.3455,-33.9163,5724,10,1,1436649015,1752557020,0
UMTS,748,10,19240,69057627,0,-54.9899,-34.9098,1000,2,1,1448747615,1743832604,0
UMTS,748,10,19240,69067536,0,-56.1641,-34.7961,1831,25,1,1449223864,1748149253,0
UMTS,748,10,19240,69057587,0,-56.2195,-34.8221,1000,4,1,1450137434,1734505750,0
UMTS,748,10,19240,69067494,0,-56.3551,-34.7892,1645,20,1,1458924416,1747114968,0
UMTS,748,10,19240,69057809,0,-56.3611,-34.4737,2251,4,1,1458924415,1742288204,0
UMTS,748,10,19240,69067731,156,-56.8162,-34.5149,3090,20,1,1436649024,1747115052,0
UMTS,748,10,19240,69067823,0,-56.2999,-34.5201,1978,16,1,1458924416,1748583389,0
UMTS,748,10,19730,68952352,0,-55.9882,-31.7161,1000,5,1,1455351858,1749621627,0
UMTS,748,10,19730,68952210,0,-56.5224,-33.3744,2216,20,1,1458924422,1750520886,0
UMTS,748,10,19730,68952211,0,-56.5281,-33.3755,3760,5,1,1447574360,1744177205,0
UMTS,748,10,19730,68972326,0,-57.8443,-34.4664,1818,11,1,1458924423,1752212095,0
UMTS,748,10,19730,68952388,7,-57.5122,-34.3771,4060,25,1,1458924422,1751522304,0
UMTS,748,10,19730,68962164,0,-57.8407,-34.4533,1000,5,1,1458924422,1752212079,0
UMTS,748,10,19730,68972216,0,-58.0864,-32.3168,1000,7,1,1424165367,1746855909,0
UMTS,748,10,19730,68962225,0,-53.4619,-33.7113,1000,5,1,1452412883,1734505739,0
UMTS,748,10,19730,68952170,0,-58.034,-33.2401,2034,3,1,1436648970,1749017008,0
UMTS,748,10,19730,68952357,0,-57.3604,-33.8745,11477,25,1,1436649015,1752643830,0
UMTS,748,10,19730,68972910,0,-57.8879,-31.6984,9307,10,1,1435429323,1747467690,0
UMTS,748,10,19730,68962192,0,-57.8144,-33.5107,2173,5,1,1436648974,1749275514,0
UMTS,748,10,19730,68972217,0,-58.0738,-32.3151,1000,15,1,1458924423,1753417736,0
UMTS,748,10,19730,68972357,0,-57.4044,-33.8733,11291,20,1,1436649015,1752730500,0
UMTS,748,10,19730,68972192,0,-57.8681,-33.4723,7538,4,1,1436648976,1748497007,0
UMTS,748,10,19730,68972388,0,-57.5657,-34.3659,3192,3,1,1452274745,1742366456,0
UMTS,748,10,19730,68982233,0,-57.9076,-31.3878,1430,6,1,1441208872,1747201404,0
UMTS,748,10,19730,69002290,55,-57.6217,-34.404,3924,50,1,1452274745,1743139950,0
UMTS,748,10,19730,68952303,0,-53.5778,-34.0166,7507,10,1,1458924422,1734424248,0
UMTS,748,10,19730,68952351,0,-55.971,-31.7088,1000,4,1,1455401291,1749795153,0
UMTS,748,10,19730,68952193,0,-57.5311,-33.6986,1000,9,1,1436649015,1752643840,0
UMTS,748,10,19730,68972415,0,-57.8843,-31.8145,3693,9,1,1435429323,1753763041,0
UMTS,748,10,19730,68972211,0,-56.5334,-33.391,2908,5,1,1447574401,1750409162,0
UMTS,748,10,19730,68962170,0,-58.0192,-33.2651,3380,5,1,1436648976,1740725250,0
UMTS,748,10,19730,68962240,0,-53.7545,-34.1725,8033,6,1,1432139527,1734505752,0
UMTS,748,10,19730,68962210,0,-56.5184,-33.3801,1000,20,1,1449252547,1750829601,0
UMTS,748,10,19730,68982202,0,-56.4727,-30.4079,1000,2,1,1438528589,1747805668,0
UMTS,748,10,19730,68952290,57,-57.581,-34.3946,2538,13,1,1452274745,1752212165,0
UMTS,748,10,19730,68952217,0,-58.066,-32.3133,8509,19,1,1458924422,1753504147,0
UMTS,748,10,19730,68952256,488,-56.3327,-33.6979,5816,25,1,1449252547,1750521069,0
UMTS,748,10,19730,68962168,0,-53.5283,-33.9008,6348,4,1,1432139556,1734505747,0
UMTS,748,10,19730,68972187,408,-57.7422,-34.434,11293,27,1,1458924423,1742970831,0
UMTS,748,10,19730,68962326,0,-57.8353,-34.4656,1000,4,1,1452501070,1751522277,0
UMTS,748,10,19730,68992164,0,-57.8453,-34.4288,2616,5,1,1458924424,1752212083,0
UMTS,748,10,19730,68952216,0,-58.0817,-32.3194,1000,20,1,1424165367,1753503996,0
UMTS,748,10,19730,68952192,0,-57.7643,-33.5426,5513,6,1,1436649015,1752643890,0
UMTS,748,10,19730,68952228,0,-58.2956,-33.1132,5990,5,1,1436648965,1748410176,0
UMTS,748,10,19730,68962193,0,-57.5037,-33.7469,10176,17,1,1436649015,1752643870,0
UMTS,748,10,19730,68962388,331,-57.5832,-34.3949,3715,26,1,1452274745,1752212071,0
UMTS,748,10,19730,68962247,483,-56.5136,-33.4089,2535,25,1,1458924423,1750829596,0
UMTS,748,10,19730,68972170,0,-58.0248,-33.2738,2858,3,1,1436648976,1749202308,0
UMTS,748,10,19730,68962351,0,-55.9802,-31.7135,1000,17,1,1432810758,1749880574,0
UMTS,748,10,19730,68962211,0,-56.5228,-33.3926,1000,10,1,1447574401,1744177233,0
UMTS,748,10,19730,68972193,0,-57.5822,-33.6693,6371,8,1,1436649015,1752643850,0
UMTS,748,10,19730,68972350,0,-58.0313,-33.2568,8999,12,1,1436648976,1749202227,0
UMTS,748,10,19730,68992210,0,-56.519,-33.3792,1000,19,1,1447574360,1750829600,0
UMTS,748,10,19730,69002326,0,-57.8213,-34.4359,2857,3,1,1448203598,1751522271,0
UMTS,748,10,19730,68952910,0,-57.8881,-31.6132,8503,14,1,1435429323,1753763042,0
UMTS,748,10,19220,68906442,0,-56.1576,-34.9201,1000,6,1,1459312234,1734763786,0
UMTS,748,10,19220,68926435,75,-56.1832,-34.8871,1000,13,1,1459353585,1742590329,0
UMTS,748,10,19240,69027466,0,-56.2971,-34.8549,1000,10,1,1459582354,1742539656,0
UMTS,748,10,19240,69047496,0,-56.3146,-34.837,1360,23,1,1459606241,1749535146,0
GSM,748,1,21,1323,0,-56.2231,-34.701,9990,24,1,1470622341,1745646090,0
LTE,748,1,110,528384,0,-56.217,-34.828,1000,19,1,1458598210,1773863943,0
LTE,748,1,110,578560,0,-56.2215,-34.8341,1000,9,1,1458598211,1773863942,0
GSM,748,1,2,633,0,-56.0819,-34.8728,8717,21,1,1461360085,1746597633,0
GSM,748,1,42,3435,0,-56.6527,-34.6118,8150,24,1,1462204243,1736577817,0
GSM,748,1,25,2731,0,-56.1604,-34.7929,5178,26,1,1462842494,1748330832,0
GSM,748,1,121,142,0,-54.9511,-34.9093,1000,2,1,1463090190,1737096274,0
UMTS,748,10,19730,68962202,0,-56.4625,-30.4127,2345,7,1,1463342984,1747891995,0
LTE,748,1,115,522752,0,-56.1904,-34.8923,581,50,1,1464997192,1773863942,0
UMTS,748,10,19240,69057817,0,-56.0356,-34.6418,12511,9,1,1465022473,1744090100,0
UMTS,748,10,19220,68886467,151,-56.1451,-34.8821,848,31,1,1465304858,1742590382,0
UMTS,748,10,19240,69027751,0,-56.2175,-34.082,2207,26,1,1466598464,1749535121,0
UMTS,748,10,19240,69017751,0,-56.2371,-34.0573,4436,24,1,1466579081,1750138997,0
GSM,748,1,21,802,0,-56.2248,-34.8442,7194,22,1,1467327930,1734158905,0
GSM,748,1,21,801,0,-56.2407,-34.7846,4542,26,1,1467752925,1734159044,0
UMTS,748,10,19240,69047536,0,-56.1661,-34.8116,1000,13,1,1470716180,1743659227,0
UMTS,748,10,19730,68952234,0,-58.3987,-33.8367,5096,4,1,1471025668,1735022338,0
UMTS,748,10,19730,68972364,0,-58.378,-33.7722,5325,3,1,1471025668,1735022355,0
UMTS,748,10,19220,68896804,19,-56.1737,-34.8898,1000,5,1,1471114686,1742590381,0
UMTS,748,10,19730,68962229,0,-57.9645,-31.3874,1000,5,1,1471460631,1747288406,0
UMTS,748,10,19730,68952231,0,-57.9472,-31.3937,1000,10,1,1471460631,1753849672,0
UMTS,748,10,19730,68963345,0,-57.9092,-31.506,6488,8,1,1471390254,1753763043,0
UMTS,748,10,19730,68953345,0,-57.9195,-31.4458,3847,4,1,1471390254,1737787410,0
UMTS,748,10,19730,68962231,0,-57.9364,-31.421,3511,14,1,1471390254,1754020684,0
UMTS,748,10,19220,68907818,222,-56.1385,-34.8877,733,25,1,1471629073,1749977563,0
UMTS,748,10,19220,68897818,142,-56.1324,-34.8897,1244,25,1,1471629073,1734677711,0
UMTS,748,10,19240,69017474,0,-56.1379,-34.8081,1000,17,1,1472298030,1751694183,0
UMTS,748,10,19730,68972212,0,-56.9017,-33.5147,1668,8,1,1473681873,1752816595,0
GSM,748,1,26,2081,0,-56.1948,-34.8122,3331,22,1,1474056160,1738651286,0
UMTS,748,10,19220,68887818,285,-56.1367,-34.8819,1000,23,1,1474816815,1743314762,0
GSM,748,1,26,3313,0,-56.2203,-34.8348,2944,22,1,1475078771,1737182732,0
GSM,748,1,42,1402,0,-56.3363,-34.4967,9592,21,1,1476228228,1740638583,0
GSM,748,1,27,1071,0,-55.8654,-34.7712,24855,24,1,1476554768,1742626206,0
GSM,748,1,2,631,0,-56.0214,-34.8357,8183,23,1,1477189669,1746855970,0
GSM,748,1,31,50362,0,-55.6634,-34.7458,13436,24,1,1478042945,1745467424,0
UMTS,748,10,19240,69017534,0,-56.0634,-34.7842,2727,24,1,1478482006,1749535206,0
UMTS,748,10,19730,68973423,0,-54.0992,-34.387,6522,7,1,1479149490,1734424236,0
UMTS,748,10,19240,69017672,0,-54.9384,-34.8668,6404,7,1,1479160568,1749103357,0
UMTS,748,10,19240,69038871,54,-54.5116,-34.6534,13313,27,1,1479182812,1749880771,0
UMTS,748,10,19240,69038969,0,-54.5895,-34.6114,1547,2,1,1479443586,1749103346,0
UMTS,748,10,19240,69017825,0,-56.0449,-34.5056,1000,3,1,1479464118,1734505787,0
UMTS,748,10,19240,69038423,0,-55.5353,-34.6883,7577,25,1,1479464128,1752298459,0
UMTS,748,10,19240,69037809,0,-56.4044,-34.4482,2599,16,1,1479464112,1749275539,0
UMTS,748,10,19240,69028426,0,-56.1592,-34.5748,6445,19,1,1479464118,1749880827,0
UMTS,748,10,19240,69037849,0,-55.8773,-34.6958,12155,20,1,1479464123,1746078212,0
UMTS,748,10,19240,69017642,0,-55.3662,-34.7682,11547,20,1,1479464128,1749535213,0
UMTS,748,10,19240,69018467,0,-55.661,-34.6627,14894,25,1,1479464123,1752298520,0
UMTS,748,10,19240,69018423,0,-55.4862,-34.7071,5184,18,1,1479464128,1752298523,0
UMTS,748,10,19240,69057760,0,-54.331,-34.4908,1754,25,1,1479475141,1749880788,0
UMTS,748,10,19730,68962242,0,-57.5931,-30.2609,1403,12,1,1479736441,1754020868,0
UMTS,748,10,19730,68972242,0,-57.6053,-30.2608,1000,6,1,1479779096,1754020835,0
UMTS,748,10,19240,69037605,0,-56.2305,-34.8008,2349,16,1,1395289357,1735972904,0
GSM,748,10,9701,27218,0,-56.0182,-31.7462,3105,12,1,1481319552,1757305867,0
GSM,748,10,9701,17218,0,-56.0354,-31.714,6219,17,1,1481319552,1757305868,0
GSM,748,10,9701,26067,0,-55.9845,-31.7334,1874,5,1,1481319544,1757305879,0
GSM,748,10,9702,37041,0,-56.3148,-33.7683,7495,8,1,1481319522,1742791238,0
UMTS,748,10,19730,68972232,0,-57.9617,-31.3863,1000,10,1,1481413533,1754020712,0
UMTS,748,10,19730,68953356,0,-57.9541,-31.3734,1000,2,1,1481413513,1747374521,0
UMTS,748,10,19730,68963356,0,-57.9497,-31.3864,2848,7,1,1481413533,1754020725,0
UMTS,748,10,19730,68952219,0,-58.0319,-32.264,3187,3,1,1481812951,1738750667,0
UMTS,748,10,19730,68972169,0,-58.0357,-32.2655,1269,3,1,1481812910,1748059430,0
UMTS,748,10,19730,68963346,0,-57.9976,-32.2031,2778,12,1,1481812951,1753763011,0
UMTS,748,10,19730,68962169,0,-58.0146,-32.2189,1000,4,1,1481812951,1747467728,0
UMTS,748,10,19730,68982169,0,-58.0697,-32.2627,4230,6,1,1481812910,1735108003,0
UMTS,748,10,19220,68896467,0,-56.1469,-34.8866,3139,24,1,1387887935,1734591278,0
UMTS,748,10,19730,68973429,0,-53.6876,-34.1281,4467,11,1,1483376624,1734424246,0
UMTS,748,10,19730,68953382,404,-56.3155,-32.4289,8725,27,1,1483500782,1746337298,0
UMTS,748,10,19730,68972353,0,-56.0021,-31.7594,9315,11,1,1483500706,1749535165,0
UMTS,748,10,19730,68962366,401,-55.9987,-31.7769,8553,27,1,1483500706,1749535167,0
UMTS,748,10,19730,68973367,0,-56.0381,-31.7679,4285,19,1,1483500706,1743573074,0
UMTS,748,10,19730,68973351,360,-56.2285,-32.2542,1000,15,1,1483500751,1742453058,0
UMTS,748,10,19730,68962352,0,-55.9779,-31.7149,4807,9,1,1483500706,1749708110,0
UMTS,748,10,19730,68953367,24,-55.9953,-31.8479,9804,27,1,1483500741,1749880743,0
UMTS,748,10,19730,68963367,6,-56.0293,-31.9414,6958,27,1,1483500741,1749880746,0
UMTS,748,10,19730,68953339,14,-56.41,-32.5624,3636,26,1,1483528801,1743573104,0
UMTS,748,10,19730,68963351,341,-56.2493,-32.3157,10455,24,1,1483500751,1749880754,0
UMTS,748,10,19730,68963382,0,-56.3057,-32.4319,12222,8,1,1483500751,1742711065,0
UMTS,748,10,19730,68953351,48,-56.1931,-32.2223,13413,26,1,1483500751,1749880749,0
UMTS,748,10,19730,68973343,333,-56.1079,-32.1148,14396,25,1,1483500746,1746337305,0
GSM,748,10,9702,27336,0,-56.3307,-32.4512,9550,17,1,1483500782,1743139961,0
GSM,748,10,9702,17336,0,-56.3401,-32.4641,10961,22,1,1483500782,1743139961,0
GSM,748,10,9702,17082,0,-56.3969,-32.5445,20405,25,1,1483500741,1757216778,0
UMTS,748,10,19730,68952247,285,-56.5107,-33.3579,8513,25,1,1405722812,1750409186,0
UMTS,748,10,19730,68962361,0,-56.5128,-32.8081,1861,11,1,1484292450,1750225476,0
UMTS,748,10,19730,68963350,198,-56.2401,-33.9883,4197,25,1,1484270661,1750829615,0
UMTS,748,10,19730,68973350,264,-56.2483,-33.9308,6190,26,1,1484270661,1750829589,0
UMTS,748,10,19240,69017817,0,-55.9589,-34.6283,9584,13,1,1484292449,1738478866,0
UMTS,748,10,19730,68953352,402,-56.3038,-33.8112,5274,26,1,1484270661,1750829590,0
UMTS,748,10,19730,68962909,424,-56.4613,-33.1252,8886,26,1,1484270631,1749880777,0
UMTS,748,10,19730,68973332,109,-56.4793,-33.2371,23170,27,1,1484270636,1749880780,0
UMTS,748,10,19730,68963352,90,-56.2689,-33.8801,5489,27,1,1484270661,1750138999,0
UMTS,748,10,19730,68953332,422,-56.4639,-33.1957,8549,25,1,1484270636,1750225545,0
UMTS,748,10,19730,68973339,486,-56.4517,-32.6202,7390,27,1,1484270631,1749880760,0
UMTS,748,10,19730,68972361,489,-56.5112,-32.7476,7057,25,1,1484270626,1750225270,0
UMTS,748,10,19730,68952361,419,-56.4873,-32.8613,14420,27,1,1484292450,1750225483,0
UMTS,748,10,19730,68983405,313,-56.4548,-33.4693,7784,27,1,1484270661,1750829594,0
GSM,748,10,9702,27098,0,-56.1911,-34.1324,4888,8,1,1484270656,1757305732,0
GSM,748,10,9702,24037,0,-56.201,-34.1111,7323,15,1,1484270656,1757305734,0
GSM,748,10,9702,17373,0,-56.2025,-34.1228,6269,4,1,1484270656,1757305734,0
GSM,748,10,9702,27373,0,-56.2457,-34.3387,1000,2,1,1484270615,1753073020,0
UMTS,748,10,19240,69037478,0,-56.1396,-34.7954,2430,22,1,1485359564,1751949903,0
GSM,748,1,24,683,0,-56.1043,-34.8868,5523,21,1,1485409638,1741849192,0
GSM,748,1,24,682,0,-56.1198,-34.9003,3827,21,1,1485409638,1734849365,0
GSM,748,1,24,681,0,-56.0671,-34.8791,14112,21,1,1485384998,1742883444,0
GSM,748,1,21,3481,0,-56.269,-34.7448,8821,24,1,1485432504,1740638579,0
UMTS,748,1,137,1743642,465,-57.7405,-33.5702,17198,18,1,1485589139,1752212085,0
UMTS,748,1,105,1723621,0,-54.1019,-34.3925,7471,8,1,1485619652,1768890509,0
UMTS,748,1,105,1743620,0,-54.0466,-34.335,3502,5,1,1485594444,1769408008,0
UMTS,748,1,105,1743621,189,-54.0202,-34.4547,12540,27,1,1485619652,1769063627,0
UMTS,748,1,137,1723410,0,-57.4286,-34.2308,13633,6,1,1486535282,1768111815,0
UMTS,748,1,105,1723620,0,-54.0532,-34.3436,1637,5,1,1486804357,1769320653,0
GSM,748,1,24,473,0,-56.1547,-34.9018,2730,24,1,1487728301,1739602608,0
GSM,748,1,31,50361,0,-55.7289,-34.717,15780,25,1,1487672030,1745467424,0
UMTS,748,1,137,1723350,0,-58.3828,-33.8867,2861,25,1,1489171099,1779683416,0
UMTS,748,1,137,1723572,0,-58.3538,-33.9453,1936,2,1,1489171099,1760586963,0
UMTS,748,10,19240,69067849,0,-55.9001,-34.6941,9503,26,1,1489704595,1749535209,0
UMTS,748,1,137,1735742,0,-56.9849,-33.4878,6924,26,1,1489777516,1779078659,0
UMTS,748,1,137,1715742,0,-56.99,-33.4818,6018,26,1,1489801084,1778903523,0
UMTS,748,1,137,1723382,0,-56.9091,-33.518,1233,12,1,1490334627,1768020853,0
LTE,748,1,110,602882,0,-56.2242,-34.8495,1000,17,1,1490556486,1773863942,0
UMTS,748,10,19240,69047851,0,-56.0617,-34.6576,4941,26,1,1396807580,1751088523,0
UMTS,748,1,137,1723392,0,-56.7403,-33.4246,22818,6,1,1490718081,1768020849,0
UMTS,748,1,137,1764940,0,-56.8801,-33.5672,3224,11,1,1490768385,1778903521,0
UMTS,748,1,137,1743381,0,-56.8969,-33.5103,5025,6,1,1490718081,1733724230,0
UMTS,748,10,19240,69037851,0,-56.0572,-34.649,5308,21,1,1491235408,1751949812,0
UMTS,748,1,137,1723561,0,-58.351,-33.748,8240,24,1,1491802313,1779683420,0
UMTS,748,1,124,1714950,0,-58.3393,-33.3733,10588,4,1,1491802313,1769926143,0
UMTS,748,1,124,1734950,0,-58.3384,-33.391,9249,6,1,1491802354,1769926145,0
UMTS,748,1,123,1743682,0,-57.1591,-32.9439,19892,11,1,1492383444,1745904205,0
UMTS,748,10,19240,69037831,0,-56.033,-34.7748,3645,21,1,1492540200,1743483536,0
UMTS,748,10,19730,68972247,0,-56.5552,-33.388,2146,7,1,1493767065,1747718796,0
UMTS,748,10,19240,69027943,0,-56.1315,-34.6897,7690,23,1,1493855536,1751088521,0
UMTS,748,1,137,1723871,0,-57.3566,-33.8665,1181,8,1,1494800539,1780029142,0
UMTS,748,1,137,1743871,0,-57.3578,-33.8673,1000,6,1,1494788773,1775536330,0
UMTS,748,10,19240,69017868,0,-56.2159,-34.7006,1362,3,1,1505325673,1743917230,0
UMTS,748,1,180,1723821,0,-56.5247,-33.391,1010,7,1,1505770339,1758859311,0
UMTS,748,1,180,1743291,0,-56.5208,-33.3802,1963,8,1,1505777941,1756526180,0
UMTS,748,1,180,1743290,0,-56.5187,-33.3764,4867,24,1,1505762079,1756526130,0
UMTS,748,1,180,1743281,0,-56.5103,-33.3497,9830,8,1,1505778449,1752556925,0
UMTS,748,1,180,1723290,0,-56.5166,-33.3757,4690,23,1,1505745968,1772779433,0
UMTS,748,1,124,1736201,0,-58.0328,-33.2548,1150,8,1,1505942188,1755748743,0
UMTS,748,1,124,1716201,0,-58.032,-33.253,1000,13,1,1505942179,1754107478,0
LTE,748,1,110,530180,0,-56.2215,-34.8558,1000,18,1,1505878850,1773863942,0
LTE,748,1,129,610562,0,-56.1804,-34.9025,1000,5,1,1505871904,1758887641,0
UMTS,748,1,180,1723820,0,-56.5286,-33.3847,500,25,1,1506123444,1758859173,0
UMTS,748,1,180,1743820,0,-56.5287,-33.3848,1000,10,1,1506125469,1758859158,0
UMTS,748,1,124,1716202,0,-58.0443,-33.2477,2793,6,1,1506281815,1770360777,0
UMTS,748,1,124,1736202,0,-58.0257,-33.2405,1792,11,1,1506280469,1760586892,0
UMTS,748,10,19240,69047818,0,-56.2136,-34.7301,1810,12,1,1506613109,1747718776,0
UMTS,748,1,180,1723772,0,-56.2227,-34.2639,8159,8,1,1515519892,1769233053,0
UMTS,748,10,19220,68906438,199,-56.1214,-34.8942,1000,8,1,1563997960,1743314762,0
GSM,748,10,9223,12136,-1,-56.1267,-34.8957,3476,21,1,1564126799,1760758965,0
GSM,748,10,9222,12288,-1,-56.14,-34.896,2023,21,1,1564126799,1761194032,0
GSM,748,10,9223,12071,-1,-56.1159,-34.891,2816,22,1,1564126914,1760673425,0
UMTS,748,10,19240,69017695,38,-57.407,-34.3535,4721,20,1,1582880969,1751522315,0
UMTS,748,10,19240,69018871,147,-54.4237,-34.5984,5113,27,1,1583057495,1749880791,0
UMTS,748,10,19240,69047760,208,-54.3493,-34.5202,7980,14,1,1583057955,1749880781,0
UMTS,748,10,19240,69038962,291,-54.2361,-34.4733,5361,14,1,1583301068,1734505759,0
UMTS,748,10,19240,69047615,-1,-55.1605,-34.7695,4372,27,1,1583307591,1752212152,0
UMTS,748,10,19730,68963330,261,-56.3417,-33.6558,4332,27,1,1583323876,1750829592,0
GSM,748,10,9701,37081,-1,-56.1284,-32.1649,9959,25,1,1583331929,1739515858,0
UMTS,748,10,19730,68973849,336,-56.2787,-32.3771,9421,27,1,1583498757,1749535154,0
UMTS,748,10,19730,68953330,76,-56.3615,-33.5905,4656,26,1,1583505533,1750829612,0
LTE,748,1,101,638730,-1,-56.2,-34.907,1000,9,1,1591957521,1758917642,0
LTE,748,1,101,515335,-1,-56.2022,-34.9031,1000,3,1,1591957953,1747258442,0
LTE,748,1,101,515332,-1,-56.2008,-34.9021,1000,5,1,1591958430,1747258442,0
LTE,748,1,101,569606,-1,-56.2018,-34.9069,1000,3,1,1591958436,1758917641,0
LTE,748,1,101,518152,-1,-56.2037,-34.9101,1000,23,1,1591973856,1759431902,0
LTE,748,1,101,638721,-1,-56.2003,-34.9074,1000,8,1,1597853027,1747258442,0
UMTS,748,1,181,1755441,10,-56.2356,-34.5142,3221,26,1,1619274482,1776484320,0
UMTS,748,1,181,1755590,15,-56.266,-34.5207,3908,21,1,1619274528,1779337924,0
UMTS,748,1,181,1765441,13,-56.2646,-34.5184,2831,16,1,1619274562,1771994770,0
UMTS,748,1,181,1756590,24,-56.0998,-34.5178,10370,27,1,1619274700,1771219885,0
UMTS,748,1,181,1766590,27,-56.1449,-34.5221,6325,15,1,1619274930,1765167543,0
UMTS,748,1,103,1767320,117,-55.9539,-34.5285,4889,20,1,1619275661,1769494760,0
UMTS,748,1,103,1714112,80,-55.8787,-34.5436,7909,27,1,1619275671,1768111836,0
UMTS,748,1,103,1734112,83,-55.8878,-34.5432,6380,27,1,1619275696,1769233008,0
UMTS,748,1,103,1714111,79,-55.867,-34.5581,2512,50,1,1619276257,1736231351,0
UMTS,748,1,103,1734111,82,-55.8719,-34.5621,9189,27,1,1619276279,1769232861,0
UMTS,748,1,103,1766421,40,-55.8338,-34.5934,1000,8,1,1619276313,1777177986,0
UMTS,748,1,103,1756421,37,-55.8349,-34.592,1014,31,1,1619276345,1769233126,0
UMTS,748,1,103,1766382,46,-55.8277,-34.6007,1419,23,1,1619276356,1769494757,0
LTE,748,1,108,523016,-1,-56.1526,-34.8887,6640,12,1,1621611901,1758887462,0
UMTS,748,1,107,1562152,265,-55.2283,-34.5257,6471,17,1,1622294099,1736836689,0
UMTS,748,1,124,1756620,141,-58.1925,-33.5056,5432,27,1,1625825044,1780288059,0
UMTS,748,1,124,1734951,147,-58.2139,-33.4167,7360,26,1,1625825072,1780288060,0
UMTS,748,1,137,1743562,169,-58.3254,-33.6321,23046,25,1,1625837487,1778484378,0
UMTS,748,1,137,1718090,412,-57.3723,-33.9942,20224,19,1,1626018955,1778557689,0
UMTS,748,1,122,1755371,30,-57.2282,-34.3319,2721,11,1,1626023235,1779165110,0
UMTS,748,1,122,1767251,131,-57.0779,-34.3592,4116,25,1,1626023765,1769494782,0
UMTS,748,1,122,1767242,58,-57.0028,-34.3975,4460,27,1,1626024115,1763787588,0
UMTS,748,1,103,1766381,45,-55.8149,-34.6194,2782,25,1,1625256058,1769233004,0
UMTS,748,1,103,1756382,43,-55.8271,-34.6013,1441,24,1,1625732008,1763956338,0
UMTS,748,1,103,1766791,50,-55.6331,-34.5257,18269,19,1,1626607617,1751694185,0
UMTS,748,1,139,1562422,203,-54.4946,-33.2927,18099,27,1,1627158975,1735022172,0
UMTS,748,1,139,1564412,180,-54.5965,-33.6015,14337,27,1,1627160221,1747978322,0
UMTS,748,1,139,1561412,5,-54.6173,-33.6338,4569,27,1,1627160631,1747978294,0
UMTS,748,1,139,1561414,7,-54.6654,-33.6753,5250,50,1,1627160891,1735022280,0
UMTS,748,1,139,1565014,420,-54.7687,-33.8475,19799,50,1,1627161445,1737352034,0
UMTS,748,1,139,1562013,92,-54.7809,-33.9655,7528,27,1,1627162454,1747978329,0
UMTS,748,1,139,1565013,95,-54.7799,-33.9442,6284,27,1,1627162684,1745991544,0
UMTS,748,1,139,1562003,60,-54.9199,-34.1805,5067,27,1,1627165508,1737352028,0
UMTS,748,1,139,1565003,273,-54.9337,-34.2015,7809,50,1,1627165668,1747978284,0
UMTS,748,1,139,1562317,402,-55.0644,-34.3284,5786,27,1,1627166777,1737352026,0
UMTS,748,1,139,1565317,405,-55.0831,-34.334,7090,50,1,1627166857,1747978280,0
LTE,748,1,108,516097,-1,-56.1713,-34.8997,1000,12,1,1627461359,1758887642,0
UMTS,748,1,103,1766782,465,-55.8014,-34.5144,8483,5,1,1629887164,1736143046,0
LTE,748,1,129,640517,-1,-56.1702,-34.9107,1000,8,1,1636290515,1773863942,0
LTE,748,1,129,640516,-1,-56.1693,-34.9118,1000,15,1,1636290600,1773863942,0
LTE,748,1,109,668933,-1,-56.1683,-34.9117,1000,5,1,1636290621,1773863941,0
LTE,748,1,109,667652,-1,-56.1725,-34.9132,1000,4,1,1636295395,1773863942,0
LTE,748,1,101,518149,-1,-56.2018,-34.9088,1000,18,1,1636303287,1759074421,0
LTE,748,1,101,518150,-1,-56.2002,-34.9096,1000,13,1,1636304508,1759074421,0
LTE,748,1,129,672257,-1,-56.1704,-34.8989,1000,4,1,1649228221,1758887521,0
UMTS,748,1,124,1714951,144,-58.2219,-33.4093,7941,26,1,1649585768,1780461028,0
UMTS,748,1,124,1766620,51,-58.1961,-33.5111,7633,24,1,1649586333,1780115496,0
UMTS,748,1,124,1755211,443,-58.2182,-33.52,7109,23,1,1649586353,1780461022,0
UMTS,748,1,124,1755200,87,-58.2165,-33.5266,7641,24,1,1649586643,1778903457,0
UMTS,748,1,124,1765211,446,-58.2157,-33.5196,6952,25,1,1649587469,1778730663,0
UMTS,748,1,124,1755202,89,-58.2219,-33.5325,8459,23,1,1649594084,1778903453,0
UMTS,748,1,124,1756962,92,-58.2177,-33.5351,8514,22,1,1649594094,1779597161,0
UMTS,748,1,124,1766962,95,-58.2131,-33.5407,8879,25,1,1649594154,1780374611,0
UMTS,748,10,19730,68952378,186,-58.2791,-33.5771,15595,4,1,1649594324,1735022334,0
UMTS,748,1,137,1723562,166,-58.3214,-33.6324,22847,25,1,1649594594,1778557666,0
UMTS,748,1,137,1743561,168,-58.335,-33.7084,30631,24,1,1649594874,1778644319,0
UMTS,748,1,137,1723452,483,-58.3417,-33.7412,34133,22,1,1649595055,1779597165,0
UMTS,748,1,137,1743452,486,-58.3202,-33.7126,30399,11,1,1649595344,1769926110,0
LTE,748,1,22,120117,-1,-57.8491,-34.472,1000,5,1,1649617215,1738472461,0
UMTS,748,1,122,1732420,508,-57.8489,-34.47,2582,21,1,1649617425,1738472461,0
UMTS,748,1,137,1715872,453,-57.874,-33.4864,6273,27,1,1656873409,1770360743,0
UMTS,748,1,137,1735872,456,-57.8541,-33.4894,4251,19,1,1656873529,1770360755,0
UMTS,748,1,137,1735871,455,-57.7834,-33.5304,11330,11,1,1656873999,1760586875,0
UMTS,748,1,137,1723420,478,-58.094,-33.5919,23892,12,1,1656874099,1762836628,0
UMTS,748,1,137,1723640,460,-57.7069,-33.5897,20972,5,1,1656874489,1775536352,0
UMTS,748,1,137,1743640,463,-57.6846,-33.6042,23598,7,1,1656874669,1758081440,0
UMTS,748,1,137,1743882,86,-57.4303,-33.8422,3316,4,1,1656876168,1744436711,0
UMTS,748,1,137,1743500,490,-57.4702,-33.8832,6618,4,1,1656876198,1761193973,0
UMTS,748,1,137,1767402,181,-57.4141,-33.8527,4755,4,1,1656876328,1759809174,0
UMTS,748,1,137,1767401,180,-57.3764,-33.8889,10048,9,1,1656876888,1775536342,0
UMTS,748,1,137,1738090,415,-57.3825,-33.9832,18749,6,1,1656876918,1763787578,0
LTE,748,1,108,567301,-1,-56.1172,-34.884,3395,2,1,1657557179,1758887221,0
LTE,748,1,108,522504,-1,-56.1479,-34.8849,6196,9,1,1657557289,1758887221,0
UMTS,748,1,181,1756982,0,-56.519,-34.6977,3265,25,1,1677451792,1780115533,0
UMTS,748,1,125,1945649,0,-56.1742,-34.8703,1000,21,1,1677453600,1771569958,0
UMTS,748,1,181,1767072,0,-56.3607,-34.7808,1655,24,1,1677458112,1773556895,0
UMTS,748,1,122,1757250,0,-57.0481,-34.3721,1174,18,1,1677461726,1779251532,0
UMTS,748,1,122,1765670,0,-57.2927,-34.33,3409,22,1,1677462618,1765947342,0
UMTS,748,1,122,1733390,475,-57.618,-34.4038,3071,23,1,1677463518,1779856380,0
UMTS,748,1,122,1767680,0,-57.2656,-34.3337,2593,19,1,1677582474,1763614486,0
UMTS,748,1,181,1767422,0,-56.7619,-34.5461,1691,22,1,1677584277,1773556827,0
UMTS,748,1,108,1925050,0,-56.1599,-34.888,1000,22,1,1677587892,1761025980,0
UMTS,748,1,108,1924950,0,-56.1586,-34.9014,1000,14,1,1677595108,1750829584,0
UMTS,748,1,108,1944950,0,-56.1595,-34.9007,1000,15,1,1677593309,1749708022,0
UMTS,748,1,129,1945190,0,-56.1872,-34.905,1000,9,1,1677595997,1741244000,0
UMTS,748,1,181,1757421,0,-56.7209,-34.575,5819,21,1,1677599952,1780115530,0
UMTS,748,1,122,1732262,0,-57.8288,-34.4597,767,50,1,1677605926,1778730748,0
UMTS,748,1,122,1765761,0,-57.3468,-34.3233,2259,24,1,1677624841,1759204176,0
UMTS,748,1,122,1757242,0,-57.0139,-34.3905,3995,23,1,1677625753,1779251530,0
UMTS,748,1,181,1756980,0,-56.4847,-34.7157,1794,22,1,1677627553,1780115496,0
UMTS,748,1,101,1925569,0,-56.2129,-34.9081,1000,18,1,1677629355,1777005198,0
UMTS,748,1,101,1945569,0,-56.2132,-34.9084,1000,15,1,1677630252,1764046094,0
UMTS,748,1,181,1757170,0,-56.4478,-34.7382,1672,24,1,1677632059,1778126414,0
UMTS,748,1,181,1757231,0,-56.6879,-34.5966,1320,15,1,1677632959,1772087382,0
UMTS,748,1,122,1752442,0,-57.8363,-34.4669,933,30,1,1677815896,1772408761,0
UMTS,748,1,122,1755670,0,-57.304,-34.3292,2222,26,1,1677855555,1779165158,0
UMTS,748,1,181,1766982,0,-56.5195,-34.6975,2921,22,1,1677820408,1771656193,0
UMTS,748,1,101,1925439,0,-56.1912,-34.9036,1000,12,1,1677822211,1757390106,0
UMTS,748,1,125,1925699,0,-56.1902,-34.8711,1194,26,1,1677835729,1753161744,0
GSM,748,1,54,4403,-1,-55.5476,-30.9022,1749,25,1,1677867894,1741330214,0
UMTS,748,1,115,1925309,0,-56.1951,-34.8983,1000,20,1,1677863677,1770878025,0
UMTS,748,1,181,1757422,0,-56.7636,-34.5464,2446,21,1,1677866606,1779856393,0
UMTS,748,1,122,1767681,0,-57.2327,-34.3395,2069,12,1,1678022282,1773556872,0
UMTS,748,1,129,1944768,0,-56.1707,-34.8985,1000,19,1,1678027688,1751173799,0
UMTS,748,1,106,1858533,0,-56.098,-34.8856,1000,16,1,1678028591,1733986718,0
UMTS,748,1,106,1878484,0,-56.087,-34.8831,1000,24,1,1678029489,1764910811,0
UMTS,748,1,106,1858593,0,-56.1183,-34.8862,1305,26,1,1678030396,1755748733,0
UMTS,748,1,125,1925698,0,-56.1829,-34.87,1000,24,1,1678031296,1778387609,0
UMTS,748,1,181,1757232,0,-56.7127,-34.5822,1442,20,1,1678034003,1779251590,0
UMTS,748,1,122,1755761,0,-57.3455,-34.323,2142,21,1,1678037605,1779856320,0
UMTS,748,1,122,1765500,0,-57.6118,-34.2634,1000,12,1,1678099792,1762493460,0
UMTS,748,1,122,1753390,478,-57.6222,-34.4069,5724,26,1,1678167387,1761280341,0
UMTS,748,1,181,1757172,0,-56.4646,-34.7279,1518,23,1,1678171892,1780029088,0
UMTS,748,1,108,1945058,0,-56.1577,-34.8957,1623,22,1,1678174598,1755230438,0
UMTS,748,1,125,1945640,0,-56.17,-34.8676,1000,23,1,1678177309,1766985641,0
UMTS,748,1,181,1767171,0,-56.4366,-34.7461,5374,14,1,1678179109,1778557761,0
UMTS,748,1,122,1755672,0,-57.3481,-34.3375,2729,26,1,1678182709,1779942700,0
GSM,748,1,42,4203,-1,-56.2837,-34.5235,2962,24,1,1678280498,1747892275,0
UMTS,748,1,122,1732632,0,-57.2652,-34.3083,6999,7,1,1678340429,1734072338,0
UMTS,748,1,122,1757680,0,-57.264,-34.3337,2059,17,1,1678371104,1779165149,0
UMTS,748,1,122,1765771,0,-57.3448,-34.3203,4877,15,1,1678371966,1735711992,0
UMTS,748,1,122,1765762,0,-57.3537,-34.3139,1597,23,1,1678379207,1735711819,0
UMTS,748,1,122,1755762,0,-57.3539,-34.3174,2620,7,1,1678373807,1757649797,0
GSM,748,1,21,1062,-1,-56.2011,-34.7468,8344,23,1,1678431772,1750138996,0
GSM,748,1,42,1346,-1,-56.6276,-34.6316,3033,25,1,1678535159,1748669883,0
GSM,748,1,21,1333,-1,-56.3541,-34.7229,9417,22,1,1678536060,1736577802,0
GSM,748,1,21,3461,-1,-56.1508,-34.784,8870,21,1,1678551456,1741416715,0
GSM,748,1,25,2733,-1,-56.1704,-34.7939,5127,21,1,1678640638,1748330832,0
UMTS,748,1,122,1757222,0,-57.3461,-34.3128,2123,14,1,1678644111,1734328730,0
UMTS,748,1,122,1757681,0,-57.2302,-34.34,2112,13,1,1678645908,1779165099,0
UMTS,748,1,181,1757001,0,-56.4128,-34.7606,2182,15,1,1678648617,1777953056,0
UMTS,748,1,129,1925230,0,-56.1865,-34.9008,1000,10,1,1678649786,1758180373,0
UMTS,748,1,181,1757071,0,-56.3493,-34.7962,1286,26,1,1678653185,1779510702,0
UMTS,748,1,101,1925590,0,-56.212,-34.9073,627,25,1,1678817036,1751436141,0
UMTS,748,1,101,1945580,0,-56.2106,-34.9075,1000,11,1,1678791435,1755662040,0
GSM,748,1,21,3463,-1,-56.2295,-34.7682,9080,23,1,1678802230,1741243916,0
UMTS,748,1,122,1767472,175,-57.6001,-34.4247,1000,3,1,1678866699,1738192802,0
UMTS,748,1,181,1767172,0,-56.4654,-34.7273,1103,26,1,1678874813,1771309476,0
UMTS,748,1,125,1925718,0,-56.1797,-34.8768,1000,24,1,1678876617,1754020701,0
UMTS,748,1,108,1945150,0,-56.1729,-34.8805,1000,22,1,1678882930,1748059457,0
UMTS,748,1,181,1757000,0,-56.405,-34.7624,1023,8,1,1678884729,1778126365,0
UMTS,748,1,181,1753579,0,-56.6548,-34.6154,3897,22,1,1678885628,1772779396,0
UMTS,748,1,181,1767421,0,-56.7295,-34.5698,6920,25,1,1678886578,1772779323,0
UMTS,748,1,101,1945590,0,-56.2117,-34.9073,1000,9,1,1678975258,1751436138,0
LTE,748,1,117,541451,-1,-55.5763,-34.7736,2346,5,1,1678026857,1770398641,0
LTE,748,1,117,589577,-1,-55.5993,-34.7628,1051,14,1,1678027077,1768410961,0
LTE,748,1,116,601344,-1,-55.7655,-34.7665,1000,13,1,1678027817,1770426181,0
UMTS,748,1,129,1924769,0,-56.174,-34.9006,1000,16,1,1679172209,1754020856,0
UMTS,748,1,108,1945088,0,-56.1649,-34.8936,1000,16,1,1679174016,1770531227,0
UMTS,748,1,181,1757171,0,-56.4438,-34.7431,1758,17,1,1679175818,1777953064,0
UMTS,748,1,107,1765732,0,-54.9275,-34.7631,5198,22,1,1679336474,1780461014,0
UMTS,748,1,181,1757072,0,-56.3616,-34.7794,1356,22,1,1679309219,1780115537,0
UMTS,748,1,107,1755732,0,-54.923,-34.7645,5475,25,1,1679327466,1780461016,0
UMTS,748,1,181,1766980,0,-56.4853,-34.7154,1627,25,1,1679309956,1772779400,0
UMTS,748,1,122,1752361,0,-57.7872,-34.446,2094,50,1,1679318211,1761280401,0
UMTS,748,1,103,1877782,0,-56.1267,-34.7934,1269,23,1,1679328901,1758180309,0
UMTS,748,1,122,1752510,0,-56.974,-34.315,14289,12,1,1679330827,1768111823,0
UMTS,748,1,122,1737862,0,-56.7213,-34.3306,1232,21,1,1679331729,1771477088,0
UMTS,748,1,103,1857782,0,-56.1284,-34.7935,1163,21,1,1679336162,1771396109,0
UMTS,748,1,181,1756692,0,-56.4612,-34.4344,4682,21,1,1679333542,1780374644,0
UMTS,748,1,181,1755442,0,-56.3052,-34.5169,1799,10,1,1679334433,1779424389,0
UMTS,748,1,181,1765600,0,-56.2911,-34.5374,5564,8,1,1679335370,1771396187,0
UMTS,748,1,181,1767170,0,-56.4469,-34.7378,1588,21,1,1679338952,1772779406,0
UMTS,748,1,122,1755502,0,-57.5942,-34.2876,4987,22,1,1679351586,1779942769,0
UMTS,748,1,122,1757010,0,-56.7295,-34.3348,1412,21,1,1679355209,1775793545,0
UMTS,748,1,122,1765421,0,-56.7222,-34.3444,1000,15,1,1679356082,1759809213,0
UMTS,748,1,181,1737222,0,-56.5497,-34.3954,3936,23,1,1679356980,1772692638,0
UMTS,748,1,181,1755681,0,-56.37,-34.464,2004,12,1,1679357886,1780374625,0
UMTS,748,1,181,1755600,0,-56.2857,-34.5315,1000,11,1,1679358833,1775879900,0
UMTS,748,1,181,1752131,0,-56.3406,-34.4737,4304,17,1,1679359689,1768285084,0
UMTS,748,1,181,1766692,0,-56.4702,-34.4316,5010,22,1,1679360692,1772260523,0
UMTS,748,1,122,1717861,0,-56.6871,-34.3361,3144,14,1,1679361510,1777607486,0
UMTS,748,1,122,1755512,0,-57.6248,-34.2596,3858,13,1,1679365999,1763614483,0
UMTS,748,1,137,1723892,0,-58.2791,-34.0081,4216,9,1,1679369603,1779942719,0
UMTS,748,1,107,1755731,0,-54.9115,-34.7767,1000,21,1,1679374353,1780461077,0
UMTS,748,1,125,1925719,0,-56.1794,-34.8733,1000,19,1,1679387692,1764219522,0
UMTS,748,1,115,1945179,0,-56.1746,-34.8865,1000,24,1,1679388595,1765084225,0
UMTS,748,1,101,1925400,0,-56.1919,-34.9068,500,26,1,1679389495,1761626481,0
UMTS,748,1,107,1765731,0,-54.9117,-34.7756,1283,21,1,1679389663,1780115559,0
UMTS,748,1,129,1925208,0,-56.1893,-34.9065,1000,22,1,1679390395,1764651996,0
UMTS,748,1,129,1944858,0,-56.1777,-34.9011,1000,17,1,1679391296,1755748691,0
UMTS,748,1,103,1876852,0,-56.212,-34.7701,4348,14,1,1679395816,1753849657,0
UMTS,748,1,103,1856854,0,-56.2286,-34.7722,1440,6,1,1679400341,1737182716,0
UMTS,748,1,103,1855034,0,-56.2283,-34.7607,1000,4,1,1679407564,1755404082,0
UMTS,748,1,103,1875754,0,-56.2577,-34.7447,4281,20,1,1679408461,1776573163,0
UMTS,748,1,103,1856113,0,-56.2716,-34.7766,1802,23,1,1679409361,1779338031,0
UMTS,748,1,103,1876113,0,-56.2702,-34.7789,2383,22,1,1679414612,1775793486,0
UMTS,748,1,122,1765672,0,-57.3423,-34.3346,3457,21,1,1679417374,1765947290,0
UMTS,748,1,122,1757251,0,-57.0695,-34.3609,4462,22,1,1679418274,1780115507,0
UMTS,748,1,108,1925058,0,-56.1581,-34.896,1000,23,1,1679423686,1748669894,0
UMTS,748,1,181,1756992,0,-56.3867,-34.772,6729,23,1,1679427292,1779856396,0
UMTS,748,1,122,1767250,0,-57.0472,-34.3725,1351,14,1,1679430000,1773556884,0
UMTS,748,1,115,1945319,0,-56.1856,-34.8873,1000,22,1,1679485196,1771824367,0
UMTS,748,1,115,1925319,0,-56.1859,-34.8871,1000,23,1,1679487896,1773982395,0
UMTS,748,1,115,1925180,0,-56.1786,-34.8816,500,26,1,1679488772,1773815666,0
UMTS,748,1,125,1945728,0,-56.1843,-34.8754,1000,17,1,1679489701,1751088497,0
UMTS,748,1,103,1877772,0,-56.1051,-34.7924,2038,22,1,1679491501,1764738007,0
UMTS,748,1,103,1855512,0,-56.0229,-34.7336,3347,10,1,1679493315,1734244626,0
UMTS,748,1,103,1878244,0,-55.9686,-34.718,1000,2,1,1679495140,1753504173,0
UMTS,748,1,103,1876552,0,-56.0199,-34.7641,1000,19,1,1679496015,1776397984,0
UMTS,748,1,103,1876553,0,-56.0177,-34.7782,1436,16,1,1679496940,1774583751,0
UMTS,748,1,116,1876253,0,-56.0045,-34.8235,1344,15,1,1679497838,1771477122,0
UMTS,748,1,116,1876983,0,-55.9737,-34.8373,1170,8,1,1679498737,1770617067,0
UMTS,748,1,116,1856992,0,-55.9965,-34.8309,1483,21,1,1679499628,1776054692,0
UMTS,748,1,106,1879062,0,-56.0605,-34.8711,1000,15,1,1679500534,1738132536,0
UMTS,748,1,110,1878324,0,-56.1267,-34.8568,1280,26,1,1679501434,1773124233,0
UMTS,748,1,115,1945338,0,-56.1892,-34.8877,1000,19,1,1679548080,1768976730,0
UMTS,748,1,115,1945280,0,-56.183,-34.8958,1000,17,1,1679548980,1739075730,0
UMTS,748,1,115,1945288,0,-56.1846,-34.8939,1000,17,1,1679558012,1752643918,0
UMTS,748,1,115,1925288,0,-56.1846,-34.8938,1000,22,1,1679557108,1753763025,0
UMTS,748,1,101,1925438,0,-56.1928,-34.8997,1902,22,1,1679558905,1761626513,0
UMTS,748,1,122,1757682,0,-57.2737,-34.3361,1282,15,1,1679563368,1778730676,0
UMTS,748,1,122,1765430,0,-57.2335,-34.2855,1000,11,1,1679566976,1737614831,0
UMTS,748,1,181,1753578,0,-56.6177,-34.6459,1353,22,1,1679602225,1771309488,0
UMTS,748,1,122,1732180,0,-56.7311,-34.3935,3671,11,1,1679604032,1778903516,0
UMTS,748,1,122,1767010,0,-56.728,-34.3336,1920,21,1,1679604931,1770791239,0
UMTS,748,1,137,1755282,0,-56.9006,-34.2018,2833,7,1,1679606771,1780029111,0
UMTS,748,1,137,1743701,0,-57.0884,-33.9937,6742,14,1,1679654798,1775536320,0
UMTS,748,1,137,1723881,0,-57.3989,-33.8798,5179,9,1,1679616743,1780029145,0
UMTS,748,1,137,1743881,0,-57.3877,-33.8766,5948,9,1,1679652967,1778557706,0
UMTS,748,1,137,1757402,0,-57.3888,-33.8701,2964,5,1,1679614050,1780029150,0
UMTS,748,1,124,1742371,0,-58.0188,-33.2652,1901,26,1,1679644832,1778644336,0
UMTS,748,1,124,1722371,0,-58.0189,-33.2662,1728,23,1,1679643033,1779597121,0
UMTS,748,1,125,1945769,0,-56.1803,-34.8654,1000,15,1,1679641240,1768545502,0
UMTS,748,1,125,1858664,0,-56.1608,-34.8695,1000,24,1,1679643959,1766641844,0
UMTS,748,1,124,1722370,0,-58.0182,-33.2503,1250,25,1,1679645701,1778644342,0
UMTS,748,1,118,1878634,0,-56.1359,-34.8717,500,26,1,1679645761,1766296061,0
UMTS,748,1,124,1742370,0,-58.0185,-33.2483,1931,22,1,1679646616,1778644344,0
UMTS,748,1,118,1924240,0,-56.1403,-34.8859,1000,24,1,1679656608,1770710369,0
UMTS,748,1,103,1878242,0,-55.959,-34.714,1000,6,1,1679650305,1760848374,0
UMTS,748,1,103,1876942,0,-55.975,-34.7604,2316,22,1,1679652078,1773556928,0
UMTS,748,1,106,1878362,0,-56.0334,-34.8735,1000,14,1,1679652987,1750225536,0
UMTS,748,1,106,1858413,0,-56.0559,-34.8889,632,31,1,1679654788,1742453049,0
UMTS,748,1,106,1878522,0,-56.1098,-34.8888,1000,23,1,1679655688,1755661828,0
UMTS,748,1,137,1743600,0,-57.022,-34.0742,1000,2,1,1679655741,1751694193,0
UMTS,748,1,125,1925678,0,-56.1689,-34.8782,1000,24,1,1679657534,1748583147,0
UMTS,748,1,137,1765282,0,-56.9024,-34.199,2980,5,1,1679657534,1776918794,0
UMTS,748,1,125,1925659,0,-56.1681,-34.8756,1000,16,1,1679658412,1754797500,0
UMTS,748,1,122,1717751,0,-56.7701,-34.3385,1352,4,1,1679658439,1778557751,0
UMTS,748,1,125,1925649,0,-56.1741,-34.8701,1000,22,1,1679659315,1779251583,0
UMTS,748,1,122,1752182,0,-56.7507,-34.4575,4230,17,1,1679659338,1773815591,0
UMTS,748,1,181,1767232,0,-56.71,-34.5851,1628,14,1,1679660303,1771309527,0
UMTS,748,1,125,1925748,0,-56.192,-34.8545,1570,23,1,1679662966,1752643896,0
UMTS,748,1,181,1767001,0,-56.4138,-34.76,1302,11,1,1679662978,1773556822,0
UMTS,748,1,137,1767730,0,-57.8892,-34.0218,1826,7,1,1679667912,1763614463,0
UMTS,748,1,110,1945788,0,-56.1967,-34.857,1000,20,1,1679669291,1754020867,0
UMTS,748,1,125,1945748,0,-56.1928,-34.8554,1000,24,1,1679670188,1752643896,0
UMTS,748,1,125,1925769,0,-56.1794,-34.8658,1000,14,1,1679671097,1745558939,0
UMTS,748,1,115,1925258,0,-56.1866,-34.8914,842,26,1,1679671993,1778126198,0
UMTS,748,1,125,1945628,0,-56.1668,-34.8602,500,31,1,1679673816,1759464012,0
UMTS,748,1,107,1752612,0,-54.9277,-34.8274,5565,14,1,1679762877,1780115484,0
UMTS,748,1,121,1732812,0,-54.9875,-34.89,1000,6,1,1679763776,1777177778,0
UMTS,748,1,121,1752810,0,-54.9833,-34.8949,1000,13,1,1679768281,1747718799,0
UMTS,748,1,121,1732810,0,-54.9828,-34.8948,1000,14,1,1679767381,1777780543,0
UMTS,748,1,121,1732811,0,-54.9876,-34.8977,1000,4,1,1679825061,1778644099,0
UMTS,748,1,108,1945059,0,-56.1642,-34.8998,1000,21,1,1679835578,1755748681,0
UMTS,748,1,107,1765482,0,-54.923,-34.8014,5420,22,1,1679891778,1779251529,0
UMTS,748,1,125,1925638,0,-56.1654,-34.8661,754,25,1,1679896423,1780460957,0
UMTS,748,1,110,1879332,0,-56.1343,-34.8613,1000,23,1,1679900038,1770790999,0
UMTS,748,1,115,1925318,0,-56.1818,-34.8838,500,26,1,1679897405,1755057509,0
UMTS,748,1,110,1859332,0,-56.1334,-34.861,1969,26,1,1679898253,1780461063,0
UMTS,748,1,115,1925279,0,-56.1805,-34.8956,1000,19,1,1679898332,1751088450,0
UMTS,748,1,110,1858324,0,-56.1261,-34.8562,1340,25,1,1679899181,1780374614,0
UMTS,748,1,101,1925450,0,-56.1908,-34.8965,1000,21,1,1679900112,1755057346,0
UMTS,748,1,101,1945420,0,-56.1943,-34.9058,1000,9,1,1679901022,1750409172,0
UMTS,748,1,101,1925420,0,-56.194,-34.9056,1000,10,1,1679901915,1772174495,0
UMTS,748,1,103,1856942,0,-55.9781,-34.7611,2700,22,1,1679904543,1770710399,0
UMTS,748,1,101,1925579,0,-56.2083,-34.9085,1000,14,1,1679902832,1743917274,0
UMTS,748,1,101,1945610,0,-56.2106,-34.9104,1000,15,1,1679904656,1751436132,0
UMTS,748,1,103,1876842,0,-56.0289,-34.8133,1191,23,1,1679905464,1763787497,0
UMTS,748,1,101,1945559,0,-56.2031,-34.9028,1000,12,1,1679905552,1764046110,0
UMTS,748,1,101,1925389,0,-56.1966,-34.9059,1000,12,1,1679906448,1747718752,0
UMTS,748,1,103,1876853,0,-56.2252,-34.7854,1000,17,1,1679907264,1776054559,0
UMTS,748,1,101,1925369,0,-56.1963,-34.9095,1000,16,1,1679907404,1749708172,0
UMTS,748,1,129,1925229,0,-56.185,-34.9035,1000,20,1,1679911910,1779338001,0
UMTS,748,1,129,1945218,0,-56.1823,-34.9053,1000,22,1,1679912809,1736577857,0
UMTS,748,1,129,1945220,0,-56.184,-34.9059,1000,6,1,1679913730,1764651999,0
UMTS,748,1,129,1924858,0,-56.1782,-34.9014,1000,23,1,1679914629,1760759021,0
UMTS,748,1,115,1925340,0,-56.1933,-34.8886,1000,24,1,1679916316,1775620014,0
UMTS,748,1,101,1945380,0,-56.1858,-34.9133,1000,24,1,1679916468,1755057318,0
UMTS,748,1,101,1925430,0,-56.1972,-34.9007,1070,12,1,1679917213,1749016785,0
UMTS,748,1,129,1924700,0,-56.1702,-34.9103,1000,13,1,1679917336,1735108161,0
UMTS,748,1,101,1945570,0,-56.2153,-34.9062,500,31,1,1679920864,1750520903,0
UMTS,748,1,129,1944720,0,-56.1686,-34.9048,1000,18,1,1679918249,1753849708,0
UMTS,748,1,129,1924720,0,-56.1683,-34.905,1000,17,1,1679919153,1742539656,0
UMTS,748,1,129,1925190,0,-56.1871,-34.9046,500,39,1,1679920043,1739516091,0
UMTS,748,1,101,1945449,0,-56.193,-34.8986,1000,14,1,1679921897,1755057339,0
UMTS,748,1,101,1925548,0,-56.2024,-34.9018,1000,16,1,1679921743,1739516089,0
UMTS,748,1,101,1925449,0,-56.1921,-34.8992,1000,12,1,1679922797,1750225521,0
UMTS,748,1,121,1753081,0,-54.9522,-34.8879,1000,5,1,1679932358,1754020874,0
UMTS,748,1,125,1925640,0,-56.1698,-34.8683,1000,24,1,1679932768,1778484314,0
UMTS,748,1,121,1733172,0,-54.9532,-34.9024,1000,18,1,1679933283,1780201929,0
UMTS,748,1,129,1944818,0,-56.1683,-34.9007,2143,21,1,1679934615,1755230268,0
UMTS,748,1,129,1924819,0,-56.1676,-34.901,1000,17,1,1679936382,1755230264,0
UMTS,748,1,129,1924818,0,-56.1674,-34.9001,1000,19,1,1679938218,1755230327,0
UMTS,748,1,129,1944790,0,-56.1727,-34.9035,1000,15,1,1679940008,1754020729,0
UMTS,748,1,115,1945258,0,-56.1862,-34.8912,1000,19,1,1679946320,1751347151,0
UMTS,748,1,109,1924418,0,-56.1511,-34.9179,1000,14,1,1679978817,1753417686,0
UMTS,748,1,109,1944418,0,-56.1511,-34.9179,1000,13,1,1679977917,1753336388,0
UMTS,748,1,121,1732710,0,-55.0002,-34.8866,1000,4,1,1679977686,1778644114,0
UMTS,748,1,107,1766771,0,-55.132,-34.8634,1000,5,1,1679978369,1747805634,0
UMTS,748,1,117,1877852,0,-55.3453,-34.7824,2663,22,1,1679979270,1773815573,0
UMTS,748,1,109,1944439,0,-56.1505,-34.9205,1000,14,1,1679979738,1750914801,0
UMTS,748,1,117,1875222,0,-55.5906,-34.7603,1570,17,1,1679980170,1764997150,0
UMTS,748,1,118,1944258,0,-56.1348,-34.8973,1000,18,1,1679980610,1754970923,0
UMTS,748,1,116,1857832,0,-55.8287,-34.7729,1000,4,1,1679981076,1758688431,0
UMTS,748,1,108,1924988,0,-56.1474,-34.8868,1000,22,1,1679981534,1762577904,0
UMTS,748,1,116,1855932,0,-55.9641,-34.8004,2386,9,1,1679981976,1769755880,0
UMTS,748,1,118,1944208,0,-56.1324,-34.8888,500,33,1,1679982551,1734244618,0
UMTS,748,1,103,1856122,0,-55.9712,-34.7796,4330,24,1,1680010883,1770273533,0
UMTS,748,1,103,1876122,0,-55.9711,-34.7804,1028,24,1,1680011755,1770710425,0
UMTS,748,1,108,1924898,0,-56.146,-34.8922,1000,15,1,1679984326,1751694189,0
UMTS,748,1,109,1924460,0,-56.1591,-34.9044,1000,20,1,1679985285,1751258327,0
UMTS,748,1,108,1925049,0,-56.1627,-34.8907,1000,20,1,1679986702,1752212142,0
UMTS,748,1,129,1944690,0,-56.162,-34.9018,1973,13,1,1679988658,1751258324,0
UMTS,748,1,108,1945049,0,-56.1627,-34.8911,1000,21,1,1679987185,1770531227,0
UMTS,748,1,129,1924690,0,-56.164,-34.9019,1000,18,1,1679987758,1775965362,0
UMTS,748,1,108,1925009,0,-56.1425,-34.8833,500,25,1,1679989908,1777005277,0
UMTS,748,1,108,1945079,0,-56.1668,-34.8994,1000,22,1,1679989523,1755057588,0
UMTS,748,1,108,1944989,0,-56.1494,-34.8889,1000,24,1,1679990814,1767161313,0
UMTS,748,1,118,1944240,0,-56.1402,-34.886,608,26,1,1679991862,1754886670,0
UMTS,748,1,109,1944539,0,-56.1597,-34.9272,1000,12,1,1680008224,1764738067,0
UMTS,748,1,109,1944558,0,-56.1586,-34.922,1000,9,1,1679993143,1744350024,0
UMTS,748,1,109,1924619,0,-56.1601,-34.9196,1000,16,1,1679994042,1737267712,0
UMTS,748,1,109,1924520,0,-56.1582,-34.9159,1000,12,1,1679994942,1744350029,0
UMTS,748,1,109,1924618,0,-56.1623,-34.9164,1000,24,1,1679995842,1753417698,0
UMTS,748,1,118,1944290,0,-56.145,-34.9035,1000,15,1,1679996331,1754712875,0
UMTS,748,1,118,1924290,0,-56.1449,-34.9033,1000,24,1,1679996755,1776138370,0
UMTS,748,1,129,1924689,0,-56.1631,-34.9043,1000,14,1,1679996759,1740034127,0
UMTS,748,1,108,1944999,0,-56.1503,-34.8847,660,26,1,1679998586,1764997251,0
UMTS,748,1,108,1924999,0,-56.1498,-34.8853,1000,24,1,1679999466,1780374618,0
UMTS,748,1,109,1924398,0,-56.1415,-34.9099,1000,24,1,1680000378,1756785684,0
UMTS,748,1,118,1924289,0,-56.1461,-34.9065,1000,13,1,1680001320,1749977585,0
UMTS,748,1,109,1924468,0,-56.1508,-34.906,1000,24,1,1680002208,1777177969,0
UMTS,748,1,109,1924440,0,-56.1472,-34.9139,1000,22,1,1680003985,1764132862,0
UMTS,748,1,115,1925339,0,-56.1912,-34.8927,1000,21,1,1680004892,1749880763,0
UMTS,748,1,125,1945730,0,-56.1867,-34.8808,1000,23,1,1680005149,1760413894,0
UMTS,748,1,125,1925738,0,-56.1904,-34.8772,1000,21,1,1680006056,1754365758,0
UMTS,748,1,109,1944538,0,-56.1562,-34.9232,1000,17,1,1680006712,1738478826,0
UMTS,748,1,109,1924630,0,-56.1686,-34.9153,1000,20,1,1680008524,1775276950,0
UMTS,748,1,116,1856254,0,-56.0155,-34.8179,1267,25,1,1680009937,1773815708,0
UMTS,748,1,101,1945448,0,-56.1896,-34.8985,1000,11,1,1680010356,1741849133,0
GSM,748,1,23,50773,-1,-56.2138,-34.8942,6836,22,1,1680022347,1739270229,0
UMTS,748,1,101,1945450,0,-56.1909,-34.8962,1000,19,1,1680011226,1755057342,0
UMTS,748,1,116,1878102,0,-55.9544,-34.7922,1793,25,1,1680012655,1770273563,0
UMTS,748,1,115,1945318,0,-56.1817,-34.8836,693,25,1,1680013028,1756958540,0
UMTS,748,1,116,1876722,0,-55.7574,-34.7661,1000,6,1,1680013564,1767940842,0
UMTS,748,1,129,1924678,0,-56.1617,-34.9075,1000,18,1,1680013955,1753849742,0
UMTS,748,1,116,1878622,0,-55.7027,-34.7491,1445,14,1,1680014496,1773815703,0
UMTS,748,1,109,1924410,0,-56.1527,-34.9147,1000,15,1,1680014916,1752556908,0
UMTS,748,1,117,1857522,0,-55.5832,-34.7651,1000,3,1,1680015351,1773735465,0
UMTS,748,1,109,1924479,0,-56.1541,-34.9114,1000,17,1,1680015771,1752298560,0
UMTS,748,1,117,1875174,0,-55.2863,-34.776,12268,26,1,1680016282,1734072079,0
UMTS,748,1,108,1945000,0,-56.1526,-34.8816,1000,24,1,1680026573,1763956338,0
UMTS,748,1,110,1878322,0,-56.1146,-34.8388,1516,21,1,1680027500,1773211031,0
UMTS,748,1,103,1875312,0,-56.0614,-34.7855,1000,20,1,1680028453,1770188095,0
UMTS,748,1,103,1875313,0,-56.0602,-34.7919,4620,26,1,1680030253,1739947373,0
UMTS,748,1,103,1858384,0,-56.0894,-34.8009,1706,25,1,1680033906,1780115521,0
UMTS,748,1,110,1858322,0,-56.1169,-34.8391,1059,26,1,1680035736,1780461055,0
UMTS,748,1,125,1878664,0,-56.1609,-34.87,1000,22,1,1680043671,1766985639,0
GSM,748,1,23,50771,-1,-56.1961,-34.8967,2841,25,1,1680062916,1740206862,0
UMTS,748,1,129,1924738,0,-56.1765,-34.908,500,25,1,1680100642,1756785687,0
UMTS,748,1,118,1924288,0,-56.1429,-34.9072,1000,15,1,1680064542,1749977582,0
UMTS,748,1,109,1924388,0,-56.1436,-34.9089,1000,15,1,1680065438,1741675236,0
UMTS,748,1,118,1944330,0,-56.1395,-34.9067,1000,13,1,1680066344,1740291563,0
UMTS,748,1,129,1944689,0,-56.1632,-34.904,1000,21,1,1680069115,1762143544,0
UMTS,748,1,129,1944848,0,-56.176,-34.9029,1000,22,1,1680070004,1754020750,0
UMTS,748,1,125,1925779,0,-56.1765,-34.8568,1000,21,1,1680070535,1780374637,0
UMTS,748,1,101,1925608,0,-56.2057,-34.9096,1000,10,1,1680070947,1750138953,0
UMTS,748,1,118,1878632,0,-56.1347,-34.868,1000,24,1,1680071435,1767674636,0
UMTS,748,1,109,1944608,0,-56.162,-34.9146,1000,20,1,1680101571,1750914795,0
UMTS,748,1,129,1944678,0,-56.162,-34.9075,1000,18,1,1680073637,1752298563,0
UMTS,748,1,101,1925408,0,-56.1943,-34.9072,1000,10,1,1680075233,1737615103,0
UMTS,748,1,103,1855763,0,-56.1367,-34.7876,2653,18,1,1680113985,1737010016,0
UMTS,748,1,118,1944320,0,-56.1513,-34.9035,1000,16,1,1680079751,1753849703,0
UMTS,748,1,118,1944318,0,-56.1501,-34.9006,500,25,1,1680084444,1752298539,0
UMTS,748,1,118,1924318,0,-56.1496,-34.9008,1000,18,1,1680081497,1749275515,0
UMTS,748,1,108,1925150,0,-56.1731,-34.8804,1000,23,1,1680085179,1753849607,0
UMTS,748,1,129,1924820,0,-56.1698,-34.8999,1000,11,1,1680085344,1753763012,0
UMTS,748,1,129,1944819,0,-56.168,-34.9006,1000,19,1,1680110380,1755230405,0
UMTS,748,1,129,1944859,0,-56.1813,-34.9022,1000,24,1,1680088782,1734591229,0
UMTS,748,1,108,1945149,0,-56.1658,-34.8853,1000,22,1,1680090783,1738046019,0
UMTS,748,1,125,1945669,0,-56.1623,-34.8809,1000,19,1,1680091683,1736747576,0
UMTS,748,1,129,1944838,0,-56.1746,-34.9023,1000,15,1,1680095234,1755057513,0
UMTS,748,1,109,1944479,0,-56.1546,-34.9119,1000,15,1,1680096129,1754970909,0
UMTS,748,1,109,1944489,0,-56.1572,-34.9128,1000,10,1,1680097062,1757131090,0
UMTS,748,1,109,1924638,0,-56.1729,-34.9104,1000,19,1,1680097949,1735886255,0
UMTS,748,1,129,1944700,0,-56.1705,-34.91,1000,13,1,1680098826,1744177266,0
UMTS,748,1,129,1944680,0,-56.1646,-34.9081,1000,20,1,1680099759,1751607868,0
UMTS,748,1,109,1944638,0,-56.1731,-34.9104,1000,21,1,1680103347,1735886257,0
UMTS,748,1,101,1945358,0,-56.192,-34.9084,1000,14,1,1680105167,1764651982,0
UMTS,748,1,101,1945359,0,-56.1908,-34.911,1000,22,1,1680106092,1755057328,0
UMTS,748,1,110,1945790,0,-56.1976,-34.8517,1000,21,1,1680107881,1751088473,0
UMTS,748,1,108,1945050,0,-56.1597,-34.8878,1000,24,1,1680109445,1752643882,0
UMTS,748,1,137,1753421,0,-58.2461,-34.0326,2637,5,1,1680112216,1760586965,0
UMTS,748,1,125,1925650,0,-56.1728,-34.8664,500,26,1,1680114967,1778387637,0
UMTS,748,1,125,1945650,0,-56.1733,-34.8665,1000,21,1,1680116768,1771824349,0
UMTS,748,1,125,1925750,0,-56.194,-34.8598,1000,23,1,1680157918,1770188032,0
GSM,748,1,21,803,-1,-56.2443,-34.8225,6132,24,1,1680198342,1734158905,0
GSM,748,1,21,893,-1,-56.237,-34.7959,8588,22,1,1680200143,1750653799,0
UMTS,748,1,110,1879333,0,-56.1478,-34.8665,1066,26,1,1680165398,1751088462,0
UMTS,748,1,110,1859333,0,-56.146,-34.8662,1177,25,1,1680166269,1760413890,0
UMTS,748,1,122,1767682,0,-57.2896,-34.3368,7484,17,1,1680166287,1763353044,0
UMTS,748,1,125,1945668,0,-56.1632,-34.877,1000,20,1,1680169211,1754970837,0
UMTS,748,1,125,1925668,0,-56.1636,-34.8763,1000,24,1,1680170133,1778126329,0
UMTS,748,1,125,1945659,0,-56.1681,-34.8757,1000,22,1,1680171008,1755057356,0
UMTS,748,1,115,1945180,0,-56.1788,-34.8816,500,26,1,1680174638,1771569951,0
UMTS,748,1,109,1944389,0,-56.147,-34.911,1000,8,1,1680174759,1752556917,0
UMTS,748,1,129,1925238,0,-56.1883,-34.8998,500,25,1,1680177358,1764132869,0
UMTS,748,1,129,1925239,0,-56.1885,-34.9023,1000,23,1,1680178279,1736577814,0
UMTS,748,1,101,1945439,0,-56.1913,-34.9036,1000,16,1,1680178450,1746509889,0
UMTS,748,1,129,1925219,0,-56.1828,-34.9082,1000,15,1,1680180064,1762143558,0
UMTS,748,1,129,1924789,0,-56.1707,-34.9033,1000,21,1,1680180966,1749621614,0
UMTS,748,1,129,1924770,0,-56.1756,-34.8992,1000,21,1,1680181874,1753762984,0
UMTS,748,1,115,1945340,0,-56.1928,-34.888,525,26,1,1680183683,1768976722,0
UMTS,748,1,103,1878084,0,-56.2468,-34.7248,3706,26,1,1680189128,1776397970,0
UMTS,748,1,103,1877413,0,-56.2116,-34.7273,1000,2,1,1680190982,1761713749,0
UMTS,748,1,103,1855753,0,-56.2304,-34.7598,1000,6,1,1680193681,1755575448,0
UMTS,748,1,101,1925558,0,-56.1998,-34.9007,1000,15,1,1680195492,1780115571,0
UMTS,748,1,101,1925380,0,-56.1851,-34.9135,1496,22,1,1680196381,1739602401,0
UMTS,748,1,109,1924489,0,-56.1572,-34.9128,1000,8,1,1680197263,1757131213,0
UMTS,748,1,109,1944390,0,-56.1472,-34.9085,1000,14,1,1680198187,1754970913,0
UMTS,748,1,125,1925759,0,-56.1834,-34.8617,4031,20,1,1680199974,1750311783,0
UMTS,748,1,109,1944468,0,-56.1513,-34.9058,500,25,1,1680202586,1764910934,0
UMTS,748,1,108,1925040,0,-56.1514,-34.878,2834,24,1,1680204455,1777177959,0
UMTS,748,1,125,1925730,0,-56.1864,-34.8804,1000,21,1,1680210868,1756266781,0
UMTS,748,1,118,1924250,0,-56.1449,-34.8963,1000,15,1,1680236449,1734158940,0
UMTS,748,1,118,1924208,0,-56.132,-34.8889,1000,23,1,1680237447,1754797497,0
UMTS,748,1,110,1878612,0,-56.151,-34.8268,1120,10,1,1680242950,1739515831,0
UMTS,748,1,125,1925778,0,-56.1783,-34.8506,2383,22,1,1680245064,1773556811,0
UMTS,748,1,115,1925338,0,-56.1886,-34.888,1447,23,1,1680256391,1751088446,0
UMTS,748,1,108,1945070,0,-56.1706,-34.8905,809,26,1,1680257985,1755057593,0
UMTS,748,1,110,1858613,0,-56.1593,-34.8361,801,25,1,1680260449,1778644367,0
UMTS,748,1,108,1925079,0,-56.1671,-34.8994,1000,21,1,1680261679,1758255040,0
UMTS,748,1,129,1944698,0,-56.1668,-34.91,1000,12,1,1680264277,1757216773,0
UMTS,748,1,129,1924698,0,-56.1664,-34.9106,1000,12,1,1680265455,1749880569,0
UMTS,748,10,19240,69067911,0,-55.2006,-34.8197,7649,12,1,1680265775,1749202288,0
UMTS,748,10,19240,69028490,0,-55.0506,-34.8805,1000,4,1,1680266627,1752556904,0
UMTS,748,1,101,1945378,0,-56.1822,-34.9113,1000,14,1,1680268175,1740206950,0
UMTS,748,1,125,1925639,0,-56.1665,-34.8705,1203,26,1,1680286339,1779338007,0
UMTS,748,1,115,1945308,0,-56.1942,-34.8918,1000,11,1,1680295809,1768976728,0
UMTS,748,1,101,1945400,0,-56.1919,-34.9069,1000,20,1,1680297609,1761626492,0
UMTS,748,1,108,1945060,0,-56.1625,-34.8948,1006,21,1,1680336245,1755057591,0
UMTS,748,1,108,1925059,0,-56.1642,-34.8997,1000,17,1,1680337194,1739860737,0
UMTS,748,1,109,1944460,0,-56.1594,-34.9045,1000,23,1,1680339913,1755057589,0
UMTS,748,1,129,1924810,0,-56.1838,-34.8976,1000,15,1,1680341699,1758180368,0
UMTS,748,1,108,1945128,0,-56.1707,-34.8962,1000,17,1,1680344401,1768545488,0
UMTS,748,1,109,1944440,0,-56.1462,-34.9134,1118,25,1,1680349832,1767161306,0
UMTS,748,1,129,1944679,0,-56.1631,-34.9109,1000,6,1,1680358760,1754365521,0
UMTS,748,1,109,1944619,0,-56.1612,-34.9198,500,32,1,1680359911,1754365538,0
UMTS,748,1,109,1924499,0,-56.1625,-34.9124,1000,14,1,1680360818,1757389894,0
UMTS,748,1,108,1945080,0,-56.1662,-34.8978,1000,11,1,1680366628,1763441660,0
UMTS,748,1,109,1924609,0,-56.1645,-34.9166,1000,15,1,1680373681,1749880580,0
UMTS,748,1,129,1944770,0,-56.1753,-34.8995,1000,22,1,1680382951,1768545500,0
UMTS,748,1,108,1945068,0,-56.1654,-34.8909,1000,18,1,1680383493,1762493402,0
UMTS,748,1,107,1755491,0,-54.929,-34.7824,4153,17,1,1680391214,1779942747,0
UMTS,748,1,108,1925070,0,-56.1707,-34.8905,1000,22,1,1680411105,1772174509,0
UMTS,748,1,181,1767070,0,-56.3455,-34.7922,4286,15,1,1680415703,1768890418,0
UMTS,748,1,125,1925700,0,-56.1874,-34.8687,1000,19,1,1680428814,1751088499,0
UMTS,748,1,108,1945040,0,-56.1508,-34.8785,1000,24,1,1680421312,1753072997,0
UMTS,748,1,125,1945778,0,-56.1802,-34.8517,2339,26,1,1680425033,1756439962,0
UMTS,748,1,100,1878064,0,-56.1598,-34.8606,1000,22,1,1680426662,1770187816,0
UMTS,748,1,125,1925770,0,-56.1818,-34.8639,500,25,1,1680427887,1766033848,0
UMTS,748,1,118,1944300,0,-56.1417,-34.9017,1000,17,1,1680461651,1748330824,0
UMTS,748,1,129,1924688,0,-56.1613,-34.9028,1000,17,1,1680513954,1748410120,0
UMTS,748,1,129,1924730,0,-56.1725,-34.9073,1000,18,1,1680464368,1754365733,0
UMTS,748,1,129,1925249,0,-56.1887,-34.9051,500,25,1,1680476328,1744954417,0
UMTS,748,1,125,1925658,0,-56.1656,-34.8734,1000,24,1,1680496227,1755404106,0
UMTS,748,1,121,1752832,0,-54.9863,-34.8837,1138,8,1,1680495818,1776829340,0
UMTS,748,1,117,1857852,0,-55.3503,-34.7825,2680,26,1,1680497618,1773291478,0
UMTS,748,1,116,1857942,0,-55.503,-34.7005,7351,18,1,1680498518,1734072071,0
UMTS,748,1,116,1879212,0,-55.7616,-34.6743,13723,45,1,1680499418,1758180378,0
UMTS,748,1,103,1756912,0,-56.0515,-34.5043,2975,13,1,1680501226,1758081440,0
UMTS,748,1,181,1765590,0,-56.2743,-34.523,1000,24,1,1680502143,1771219889,0
UMTS,748,1,110,1925788,0,-56.1966,-34.8568,1000,19,1,1680502902,1754365706,0
UMTS,748,1,181,1755381,0,-56.3918,-34.4544,1000,7,1,1680503042,1780374626,0
UMTS,748,1,181,1756691,0,-56.419,-34.4429,1801,23,1,1680503959,1780374631,0
UMTS,748,1,103,1733272,0,-56.4324,-34.7494,1238,11,1,1680504246,1745210294,0
UMTS,748,1,129,1925250,0,-56.1889,-34.9038,1000,13,1,1680505721,1750311984,0
UMTS,748,1,110,1859334,0,-56.1473,-34.8557,1364,22,1,1680507551,1779251585,0
UMTS,748,1,101,1925348,0,-56.1984,-34.9084,1000,11,1,1680509372,1760068797,0
UMTS,748,1,101,1945369,0,-56.1963,-34.9095,1000,23,1,1680510247,1772174507,0
UMTS,748,1,108,1925089,0,-56.1678,-34.8961,1000,19,1,1680512131,1773982402,0
UMTS,748,1,108,1945089,0,-56.1674,-34.896,1000,16,1,1680513008,1768545490,0
UMTS,748,1,129,1945230,0,-56.1864,-34.9015,1000,11,1,1680513860,1746509885,0
UMTS,748,1,129,1945229,0,-56.1849,-34.9033,1000,17,1,1680521119,1765255749,0
UMTS,748,1,129,1944688,0,-56.1609,-34.9026,1000,24,1,1680514918,1753161760,0
UMTS,748,1,137,1757692,0,-57.7769,-34.2079,3848,11,1,1680522034,1778212593,0
GSM,748,1,26,891,-1,-56.2483,-34.834,5152,8,1,1680518346,1735972758,0
UMTS,748,1,122,1765760,0,-57.3506,-34.3094,1000,20,1,1680519579,1735711990,0
UMTS,748,1,125,1945638,0,-56.1654,-34.8659,1368,26,1,1680524086,1771569976,0
UMTS,748,1,125,1945639,0,-56.1681,-34.8709,2432,24,1,1680525078,1760413896,0
UMTS,748,1,115,1925280,0,-56.1824,-34.8953,1000,15,1,1680525664,1751173797,0
UMTS,748,1,125,1945749,0,-56.1913,-34.8607,926,26,1,1680526897,1753161739,0
UMTS,748,1,110,1878613,0,-56.1603,-34.8371,1000,24,1,1680540997,1771656259,0
UMTS,748,1,137,1720241,0,-57.8841,-33.8569,13965,12,1,1680545496,1768111810,0
UMTS,748,1,137,1767690,0,-57.6596,-33.9814,8834,7,1,1680551804,1757476955,0
UMTS,748,1,137,1743410,0,-57.5009,-34.1661,4186,8,1,1680552726,1763614404,0
UMTS,748,1,103,1876114,0,-56.2985,-34.7788,4310,17,1,1680559046,1775879877,0
UMTS,748,1,116,1856784,0,-55.9974,-34.8313,1494,11,1,1680560846,1767854162,0
UMTS,748,1,116,1857822,0,-55.8224,-34.7718,1000,11,1,1680561747,1770791160,0
UMTS,748,1,117,1855224,0,-55.6197,-34.7532,5985,24,1,1680562661,1774583746,0
UMTS,748,1,118,1858634,0,-56.1354,-34.8713,1000,22,1,1680583539,1780461058,0
UMTS,748,1,100,1878063,0,-56.1563,-34.8669,566,25,1,1680591279,1749016957,0
UMTS,748,1,107,1733532,0,-54.9391,-34.8214,1963,24,1,1680621277,1779424286,0
UMTS,748,1,125,1925628,0,-56.167,-34.8604,1000,20,1,1680594047,1754452465,0
UMTS,748,1,109,1924610,0,-56.1648,-34.9126,1000,21,1,1680596808,1776138374,0
UMTS,748,1,121,1752831,0,-54.9761,-34.8902,2295,13,1,1680597824,1776746068,0
UMTS,748,1,107,1755482,0,-54.9221,-34.7993,6175,25,1,1680598749,1779942686,0
UMTS,748,1,107,1765491,0,-54.9292,-34.7791,4236,20,1,1680599621,1780374639,0
UMTS,748,1,121,1753172,0,-54.9519,-34.9049,1010,14,1,1680619352,1772260535,0
UMTS,748,1,109,1924428,0,-56.1481,-34.9124,1000,10,1,1680606041,1752556990,0
UMTS,748,1,109,1944428,0,-56.147,-34.912,1154,11,1,1680606941,1752556987,0
UMTS,748,1,108,1945120,0,-56.1595,-34.8931,1000,23,1,1680609680,1757046930,0
UMTS,748,1,108,1945048,0,-56.1607,-34.8909,3477,23,1,1680612411,1754970910,0
UMTS,748,1,118,1944238,0,-56.1339,-34.8859,500,25,1,1680617003,1755748684,0
UMTS,748,1,118,1944229,0,-56.1296,-34.8955,1000,16,1,1680617709,1753417718,0
UMTS,748,1,106,1944109,0,-56.1247,-34.8982,1000,24,1,1680621296,1743057437,0
UMTS,748,1,121,1756090,0,-54.9483,-34.8886,4915,12,1,1680622204,1779597172,0
UMTS,748,1,106,1878563,0,-56.1007,-34.8933,1000,17,1,1680624009,1752383575,0
UMTS,748,1,106,1858563,0,-56.1007,-34.8938,1000,21,1,1680625809,1773124225,0
UMTS,748,1,106,1858512,0,-56.09,-34.8955,1000,22,1,1680626792,1736923339,0
UMTS,748,1,108,1924929,0,-56.1542,-34.9018,1000,22,1,1680633222,1777177962,0
UMTS,748,1,108,1925000,0,-56.1529,-34.8822,1000,23,1,1680635046,1777005266,0
UMTS,748,1,129,1944728,0,-56.1692,-34.9065,1000,19,1,1680641566,1734677754,0
UMTS,748,1,129,1944820,0,-56.1698,-34.9,1000,15,1,1680646978,1752038531,0
UMTS,748,1,125,1945678,0,-56.1692,-34.878,1000,22,1,1680648801,1755057353,0
UMTS,748,1,129,1944719,0,-56.1662,-34.9056,1000,16,1,1680667754,1743057208,0
UMTS,748,1,121,1732141,0,-54.9631,-34.8865,3789,21,1,1680669980,1780288075,0
UMTS,748,1,107,1753532,0,-54.938,-34.8203,2704,26,1,1680670967,1779510689,0
UMTS,748,1,118,1924269,0,-56.1319,-34.9014,1000,15,1,1680671429,1748410141,0
UMTS,748,1,118,1924328,0,-56.1332,-34.9056,1000,15,1,1680672312,1758180361,0
UMTS,748,1,129,1944839,0,-56.1739,-34.9056,1000,17,1,1680673229,1741675231,0
UMTS,748,1,181,1733579,0,-56.6531,-34.6158,3806,24,1,1680674600,1780115498,0
UMTS,748,1,108,1925088,0,-56.165,-34.8939,1000,10,1,1680678688,1775188898,0
UMTS,748,1,108,1925060,0,-56.1629,-34.895,1000,22,1,1680680709,1755748658,0
UMTS,748,1,125,1925710,0,-56.1745,-34.8769,500,26,1,1680683432,1776397980,0
UMTS,748,1,122,1765512,0,-57.6371,-34.2544,13908,12,1,1680700746,1760586971,0
UMTS,748,1,122,1765502,0,-57.5953,-34.2861,5375,19,1,1680699846,1761799770,0
UMTS,748,1,121,1733081,0,-54.9504,-34.8857,1000,7,1,1680708773,1764305914,0
UMTS,748,1,129,1924838,0,-56.1745,-34.9029,1000,10,1,1680722703,1755057517,0
UMTS,748,1,125,1925629,0,-56.1688,-34.8633,1000,18,1,1680725369,1775965364,0
UMTS,748,1,108,1924958,0,-56.1458,-34.877,500,25,1,1680754228,1772866052,0
UMTS,748,1,100,1878043,0,-56.1506,-34.8628,1000,19,1,1680755474,1778039997,0
UMTS,748,1,129,1945238,0,-56.1885,-34.8999,1000,23,1,1680764731,1762493395,0
UMTS,748,1,129,1944738,0,-56.1768,-34.9076,1000,16,1,1680768554,1739270236,0
UMTS,748,1,122,1733402,0,-57.4881,-34.3717,2867,21,1,1680770144,1779856353,0
UMTS,748,1,115,1925259,0,-56.1859,-34.8991,862,26,1,1680778916,1778039998,0
UMTS,748,1,115,1945259,0,-56.1864,-34.8981,1000,22,1,1680779816,1762493392,0
UMTS,748,1,108,1925128,0,-56.1706,-34.8955,1000,14,1,1680795959,1753417942,0
UMTS,748,1,115,1945178,0,-56.174,-34.881,1000,16,1,1680797765,1771569947,0
UMTS,748,1,109,1924518,0,-56.1557,-34.9163,1000,17,1,1680799663,1749880630,0
UMTS,748,1,108,1924989,0,-56.1488,-34.8888,500,25,1,1680807893,1780374636,0
UMTS,748,1,109,1944398,0,-56.1417,-34.9097,1000,21,1,1680813369,1747718701,0
UMTS,748,1,108,1925158,0,-56.1749,-34.8915,1000,20,1,1680823412,1779338003,0
UMTS,748,1,108,1945028,0,-56.1568,-34.8768,1000,23,1,1680841473,1764910816,0
UMTS,748,1,108,1925028,0,-56.1567,-34.8762,761,25,1,1680842429,1756958587,0
GSM,748,1,23,50772,-1,-56.1963,-34.9005,3174,26,1,1680850091,1738989966,0
UMTS,748,1,110,1925790,0,-56.1978,-34.8519,1000,23,1,1680853484,1755662030,0
UMTS,748,1,115,1945309,0,-56.1948,-34.8976,1000,19,1,1680858161,1764046091,0
UMTS,748,1,109,1944658,0,-56.176,-34.911,1000,13,1,1680859081,1753763020,0
UMTS,748,1,129,1944769,0,-56.1743,-34.9005,1000,17,1,1680859971,1752730477,0
UMTS,748,1,108,1945029,0,-56.1543,-34.8797,1000,23,1,1680861037,1767761439,0
UMTS,748,1,108,1944998,0,-56.1498,-34.8827,1000,24,1,1680861904,1756439934,0
UMTS,748,1,108,1945158,0,-56.1754,-34.8912,1000,24,1,1680865575,1743573146,0
UMTS,748,1,129,1924788,0,-56.1713,-34.9016,1000,16,1,1680868303,1776484290,0
UMTS,748,1,125,1945739,0,-56.1887,-34.874,1000,24,1,1680870112,1762493448,0
UMTS,748,1,137,1743540,0,-57.6467,-33.9881,5096,9,1,1680888517,1761799827,0
UMTS,748,1,137,1743412,0,-57.5152,-34.097,3446,8,1,1680889102,1769494791,0
UMTS,748,1,181,1757070,0,-56.3456,-34.7958,4493,23,1,1680896187,1780115492,0
UMTS,748,1,125,1945780,0,-56.1863,-34.8534,1697,23,1,1680942851,1742791377,0
UMTS,748,1,109,1944609,0,-56.1647,-34.9165,1000,21,1,1680962926,1749880585,0
UMTS,748,1,109,1944408,0,-56.1515,-34.9132,1000,15,1,1680968404,1740034099,0
UMTS,748,1,137,1723540,0,-57.653,-33.9867,4728,6,1,1680972956,1768111812,0
UMTS,748,1,108,1945138,0,-56.1638,-34.887,1000,24,1,1680974895,1757390119,0
UMTS,748,1,129,1945200,0,-56.187,-34.908,1000,22,1,1680983239,1748330883,0
UMTS,748,1,129,1924848,0,-56.176,-34.9031,1000,7,1,1680989588,1754020749,0
UMTS,748,1,125,1945718,0,-56.1801,-34.8772,1000,22,1,1680993215,1750409365,0
UMTS,748,1,115,1925179,0,-56.1744,-34.8861,1000,22,1,1681030132,1779338005,0
UMTS,748,1,125,1945658,0,-56.1653,-34.8733,1000,19,1,1681027379,1770101660,0
UMTS,748,1,125,1945738,0,-56.1914,-34.8773,1000,23,1,1681033020,1745991580,0
UMTS,748,1,108,1925010,0,-56.1468,-34.8829,1000,16,1,1681035965,1777091657,0
UMTS,748,1,129,1944808,0,-56.1795,-34.8972,500,25,1,1681041431,1754886651,0
GSM,748,1,27,971,-1,-55.9987,-34.8304,8480,23,1,1681041747,1742539454,0
UMTS,748,1,107,1733381,0,-54.9953,-34.7355,2130,21,1,1681098153,1779165111,0
UMTS,748,1,117,1875433,0,-55.2035,-34.7793,2260,21,1,1681099098,1779165150,0
UMTS,748,1,108,1944958,0,-56.1461,-34.8764,1081,21,1,1681099319,1770446178,0
UMTS,748,1,117,1855432,0,-55.2285,-34.7586,5931,15,1,1681099996,1736231226,0
UMTS,748,1,107,1562483,0,-55.2406,-34.6746,7631,23,1,1681100497,1765515410,0
UMTS,748,1,107,1565483,0,-55.2453,-34.6498,8802,25,1,1681100901,1737352016,0
UMTS,748,1,107,1565503,0,-55.2129,-34.488,2905,16,1,1681101391,1737352018,0
UMTS,748,1,107,1562524,0,-55.2189,-34.3998,3472,11,1,1681102315,1736662921,0
UMTS,748,1,107,1562496,0,-55.2815,-34.3896,2761,21,1,1681103609,1765515405,0
UMTS,748,1,107,1562803,0,-55.2499,-34.3731,4124,50,1,1681104127,1736143055,0
UMTS,748,1,107,1565496,0,-55.278,-34.3875,2475,23,1,1681132532,1772866071,0
UMTS,748,1,107,1562517,0,-55.2462,-34.3751,1097,12,1,1681106317,1737352021,0
UMTS,748,1,118,1858632,0,-56.1343,-34.8675,1000,22,1,1681108023,1778387634,0
UMTS,748,1,139,1565796,0,-54.8044,-34.0901,4456,15,1,1681109037,1747978332,0
UMTS,748,1,139,1565795,0,-54.7825,-34.0303,5076,21,1,1681109561,1737352031,0
UMTS,748,1,139,1562714,0,-54.7535,-33.8535,4523,3,1,1681110461,1735022284,0
UMTS,748,1,106,1878603,0,-56.1147,-34.8853,558,26,1,1681110550,1751694178,0
UMTS,748,1,139,1562826,0,-54.7637,-33.7981,5581,24,1,1681110844,1747978291,0
UMTS,748,1,106,1858603,0,-56.1146,-34.8845,1000,22,1,1681111501,1754886531,0
UMTS,748,1,139,1565633,0,-54.5786,-33.552,7983,21,1,1681112266,1737352058,0
UMTS,748,1,106,1878602,0,-56.1148,-34.8767,1046,24,1,1681112365,1744521734,0
UMTS,748,1,139,1565622,0,-54.5247,-33.4457,2353,19,1,1681112661,1737352061,0
UMTS,748,1,106,1858602,0,-56.1118,-34.8745,1027,25,1,1681113265,1779683462,0
UMTS,748,1,139,1562613,0,-54.4318,-33.2707,3404,22,1,1681113561,1747978301,0
UMTS,748,1,106,1858532,0,-56.1029,-34.8804,869,50,1,1681115111,1737615083,0
UMTS,748,1,139,1565592,0,-54.373,-33.2317,2035,19,1,1681120782,1745991338,0
UMTS,748,1,118,1924179,0,-56.1302,-34.8831,1000,21,1,1681116061,1740034107,0
UMTS,748,1,106,1878583,0,-56.1202,-34.8938,1000,8,1,1681117009,1754365654,0
UMTS,748,1,106,1858583,0,-56.1206,-34.8939,1000,11,1,1681117907,1744695391,0
UMTS,748,1,139,1565407,0,-54.3981,-33.2211,7256,22,1,1681118572,1745991345,0
UMTS,748,1,139,1562407,0,-54.3945,-33.2239,2015,24,1,1681118977,1738305395,0
UMTS,748,1,118,1924209,0,-56.1342,-34.8932,1000,18,1,1681119752,1754712869,0
UMTS,748,1,125,1945779,0,-56.1761,-34.8566,582,25,1,1681119780,1766120328,0
UMTS,748,1,139,1562594,0,-54.4008,-33.2191,21837,21,1,1681119900,1747978305,0
UMTS,748,1,139,1562592,0,-54.3773,-33.2322,1651,12,1,1681121682,1745991325,0
UMTS,748,1,129,1924768,0,-56.1705,-34.8985,500,26,1,1681123432,1773815655,0
UMTS,748,1,139,1565422,0,-54.5504,-33.2385,13242,21,1,1681123490,1735022179,0
UMTS,748,1,129,1924790,0,-56.1727,-34.9031,1000,16,1,1681124331,1754020730,0
UMTS,748,1,139,1562633,0,-54.5879,-33.5728,2079,18,1,1681124893,1745991537,0
UMTS,748,1,139,1562825,0,-54.725,-33.7193,10557,27,1,1681125290,1745991541,0
UMTS,748,1,117,1855433,0,-55.2016,-34.78,5390,23,1,1681127045,1776918854,0
UMTS,748,1,117,1875914,0,-55.4344,-34.7256,5602,10,1,1681127945,1769494749,0
UMTS,748,1,116,1875402,0,-55.6356,-34.665,4122,22,1,1681128845,1757994632,0
UMTS,748,1,139,1565315,0,-54.9797,-34.2815,7163,20,1,1681128910,1747978335,0
UMTS,748,1,101,1945390,0,-56.1979,-34.9041,1000,10,1,1681128955,1756958612,0
UMTS,748,1,116,1859214,0,-55.8416,-34.692,2834,21,1,1681129751,1774067882,0
UMTS,748,1,101,1925469,0,-56.1997,-34.9068,1000,12,1,1681129855,1767161298,0
UMTS,748,1,107,1562532,0,-55.2244,-34.3656,1000,11,1,1681130313,1737352023,0
UMTS,748,1,103,1875323,0,-55.9652,-34.7301,1346,23,1,1681130651,1773211316,0
UMTS,748,1,103,1855142,0,-56.0884,-34.7299,5603,17,1,1681150490,1779164974,0
UMTS,748,1,103,1875142,0,-56.0958,-34.7368,5646,38,1,1681149590,1763956321,0
UMTS,748,1,107,1565579,0,-55.4263,-34.4465,8859,21,1,1681133442,1776397958,0
UMTS,748,1,108,1944898,0,-56.1462,-34.8913,1000,16,1,1681134500,1755661824,0
UMTS,748,1,118,1924180,0,-56.1363,-34.8791,1714,21,1,1681137221,1748755038,0
UMTS,748,1,108,1925008,0,-56.144,-34.8797,500,25,1,1681138121,1777005279,0
UMTS,748,1,104,1564762,0,-55.7135,-34.1821,13178,21,1,1681149361,1736143050,0
UMTS,748,1,104,1564752,0,-55.6287,-34.1066,4822,19,1,1681144838,1736231298,0
UMTS,748,1,104,1561752,0,-55.6035,-34.1085,28488,21,1,1681142111,1736231301,0
UMTS,748,1,118,1878633,0,-56.129,-34.8725,957,40,1,1681142757,1761366755,0
UMTS,748,1,107,1565505,0,-55.345,-34.1355,21060,23,1,1681143979,1765515133,0
UMTS,748,1,104,1564754,0,-55.67,-34.0869,19367,20,1,1681147986,1736231349,0
UMTS,748,1,103,1756300,0,-55.7423,-34.3366,4238,38,1,1681150275,1736231350,0
UMTS,748,1,107,1565507,0,-55.5513,-34.3255,9311,43,1,1681151711,1765515402,0
UMTS,748,1,118,1858653,0,-56.1409,-34.8739,1000,24,1,1681189765,1779510785,0
UMTS,748,1,107,1565564,0,-55.3503,-34.3767,17086,18,1,1681190542,1765515403,0
UMTS,748,1,107,1562505,0,-55.3319,-34.1352,22968,25,1,1681221171,1765515186,0
UMTS,748,1,139,1564396,0,-55.2948,-34.0232,10031,25,1,1681220357,1765428591,0
UMTS,748,1,107,1565855,0,-55.3165,-34.0862,8871,25,1,1681213860,1764219534,0
UMTS,748,1,139,1561396,0,-55.293,-34.0204,6278,24,1,1681219758,1765428613,0
GSM,748,1,27,933,-1,-56.0249,-34.8161,11720,15,1,1681209046,1737615092,0
UMTS,748,1,107,1562802,0,-55.2389,-34.3712,4141,16,1,1681210619,1776397956,0
UMTS,748,1,125,1945018,0,-56.1509,-34.8758,500,25,1,1681216544,1766554680,0
UMTS,748,1,107,1565857,0,-55.5604,-34.1486,6185,20,1,1681220830,1736231119,0
UMTS,748,1,104,1561762,0,-55.7314,-34.191,3252,21,1,1681223550,1736231349,0
UMTS,748,1,107,1565525,0,-55.2074,-34.368,1000,22,1,1681226646,1747978337,0
UMTS,748,1,103,1855144,0,-56.0883,-34.7283,5287,22,1,1681228070,1769669130,0
UMTS,748,1,139,1565607,0,-54.3843,-33.2197,2495,10,1,1681237042,1735022188,0
UMTS,748,1,103,1756851,0,-56.0523,-34.6624,3944,12,1,1681274063,1774844935,0
UMTS,748,1,103,1855072,0,-55.9883,-34.7439,1000,19,1,1681274947,1774928508,0
UMTS,748,1,116,1857932,0,-55.5441,-34.6325,15968,21,1,1681278075,1752038412,0
UMTS,748,1,125,1925739,0,-56.189,-34.8742,579,26,1,1681280314,1752038242,0
UMTS,748,1,107,1562857,0,-55.548,-34.1502,8355,19,1,1681317999,1736231110,0
UMTS,748,1,129,1944718,0,-56.1651,-34.9043,500,25,1,1681293290,1753762968,0
UMTS,748,1,108,1925129,0,-56.1741,-34.8959,1000,19,1,1681297842,1749880760,0
UMTS,748,1,139,1565826,0,-54.764,-33.7894,6805,24,1,1681299305,1747978326,0
UMTS,748,1,108,1924908,0,-56.1503,-34.892,1000,13,1,1681300643,1748149318,0
UMTS,748,1,110,1878323,0,-56.1092,-34.857,2095,23,1,1681304384,1772865970,0
UMTS,748,1,139,1565613,0,-54.4318,-33.2708,2498,24,1,1681305657,1737352064,0
UMTS,748,1,107,1565497,0,-55.3549,-34.3808,6941,31,1,1681306192,1772779372,0
UMTS,748,1,118,1944180,0,-56.1364,-34.8797,1000,21,1,1681312143,1756958609,0
UMTS,748,1,107,1565532,0,-55.2245,-34.366,1029,11,1,1681311984,1736836571,0
UMTS,748,1,103,1875144,0,-56.0894,-34.7308,6338,50,1,1681312936,1763956308,0
UMTS,748,1,108,1924960,0,-56.1485,-34.8784,1000,21,1,1681314851,1778212592,0
UMTS,748,1,139,1565424,0,-54.4957,-33.3774,11308,21,1,1681322243,1747978319,0
UMTS,748,1,139,1562424,0,-54.4996,-33.38,10425,22,1,1681356545,1745991534,0
UMTS,748,1,107,1565506,0,-55.4217,-34.3709,8978,17,1,1681362258,1772866069,0
UMTS,748,1,107,1562533,0,-55.2391,-34.3684,1000,21,1,1681364672,1736662916,0
UMTS,748,1,139,1562795,0,-54.7827,-34.0226,5961,22,1,1681367395,1747978287,0
UMTS,748,1,139,1562632,0,-54.5623,-33.5169,4920,25,1,1681388233,1735022276,0
UMTS,748,1,109,1924490,0,-56.1582,-34.914,1000,17,1,1681377030,1748841198,0
UMTS,748,1,107,1562575,0,-55.4214,-34.4469,8269,28,1,1681377670,1747978273,0
UMTS,748,1,129,1944699,0,-56.1691,-34.9119,1000,11,1,1681379730,1762143546,0
UMTS,748,1,103,1877453,0,-55.9582,-34.7297,4048,24,1,1681379692,1771569868,0
GSM,748,1,41,1964,-1,-56.0271,-34.5024,29785,22,1,1681384451,1740206864,0
UMTS,748,1,129,1944788,0,-56.1719,-34.9018,1000,12,1,1681383428,1752557018,0
GSM,748,1,41,2681,-1,-56.0789,-34.4624,21921,21,1,1681385359,1739602580,0
UMTS,748,1,106,1878594,0,-56.1256,-34.8869,1000,19,1,1681386707,1759982359,0
UMTS,748,1,109,1944499,0,-56.1622,-34.9117,1000,10,1,1681387104,1757389877,0
UMTS,748,1,106,1858594,0,-56.1258,-34.8871,1000,19,1,1681387607,1755748616,0
UMTS,748,1,125,1925728,0,-56.1848,-34.8753,1000,14,1,1681390790,1751001876,0
GSM,748,1,21,1682,-1,-56.2453,-34.7516,12017,22,1,1681397092,1741070628,0
UMTS,748,1,108,1945010,0,-56.1469,-34.8822,1000,20,1,1681398461,1765515367,0
UMTS,748,1,139,1562622,0,-54.5257,-33.4494,1654,19,1,1681407309,1747978298,0
UMTS,748,1,125,1945660,0,-56.1704,-34.8739,1000,15,1,1681410064,1750138750,0
UMTS,748,1,118,1858652,0,-56.1416,-34.868,1000,20,1,1681415469,1761972316,0
UMTS,748,1,108,1925149,0,-56.1662,-34.8856,1000,22,1,1681417198,1779337998,0
UMTS,748,1,118,1924300,0,-56.1424,-34.9012,1000,18,1,1681417320,1776138366,0
UMTS,748,1,181,1767231,0,-56.6885,-34.5965,1227,20,1,1681419908,1772087358,0
UMTS,748,1,106,1944110,0,-56.1232,-34.8952,500,31,1,1681421818,1734244616,0
UMTS,748,1,108,1924959,0,-56.1467,-34.88,1000,21,1,1681424555,1780461060,0
UMTS,748,1,118,1878654,0,-56.1467,-34.8697,776,29,1,1681426399,1763182614,0
UMTS,748,1,122,1733448,0,-57.7883,-34.214,10638,22,1,1681484327,1778730687,0
UMTS,748,1,107,1562567,0,-55.4933,-34.6185,5864,21,1,1681452456,1776397960,0
UMTS,748,1,103,1756302,0,-55.7769,-34.3623,4976,21,1,1681478868,1736143048,0
UMTS,748,1,115,1925178,0,-56.1739,-34.8818,1000,13,1,1681464345,1755057512,0
UMTS,748,1,129,1924718,0,-56.1648,-34.9049,1000,23,1,1681471662,1751436079,0
UMTS,748,1,108,1945148,0,-56.1631,-34.8832,1000,21,1,1681478934,1748330813,0
UMTS,748,1,108,1925148,0,-56.1619,-34.8836,1000,14,1,1681478024,1775188783,0
UMTS,748,1,125,1925660,0,-56.1712,-34.8741,1000,19,1,1681479841,1748755022,0
UMTS,748,1,125,1945709,0,-56.1743,-34.874,1000,24,1,1681480953,1735886055,0
UMTS,748,1,125,1925749,0,-56.19,-34.8604,1570,22,1,1681482583,1752730488,0
UMTS,748,1,122,1753448,0,-57.7902,-34.2136,5983,23,1,1681485235,1760586969,0
UMTS,748,1,125,1945698,0,-56.1833,-34.8697,516,26,1,1681486550,1760243586,0
UMTS,748,1,103,1766870,0,-55.7168,-34.4426,10556,8,1,1681488115,1751694186,0
UMTS,748,1,108,1944979,0,-56.157,-34.8867,1000,12,1,1681488849,1752383588,0
UMTS,748,1,108,1924979,0,-56.1563,-34.8863,1000,13,1,1681489386,1743659282,0
UMTS,748,1,109,1924539,0,-56.1597,-34.9278,774,34,1,1681536498,1737441545,0
UMTS,748,1,115,1925330,0,-56.1835,-34.8895,1000,16,1,1681546622,1758180387,0
UMTS,748,1,115,1945260,0,-56.1926,-34.8955,1000,23,1,1681549336,1749794994,0
UMTS,748,1,108,1925139,0,-56.1672,-34.8886,1000,19,1,1681551164,1764652029,0
UMTS,748,1,116,1856253,0,-56.0021,-34.8202,1000,22,1,1681551744,1776054745,0
UMTS,748,1,108,1925080,0,-56.1664,-34.8975,1000,15,1,1681552977,1754365696,0
UMTS,748,1,116,1857132,0,-55.9529,-34.8178,1321,22,1,1681552615,1776138192,0
UMTS,748,1,116,1877703,0,-55.9084,-34.8028,1000,2,1,1681565215,1755748748,0
UMTS,748,1,103,1756792,0,-55.6402,-34.4776,1042,3,1,1681554110,1737267618,0
GSM,748,1,10,5741,-1,-56.1007,-34.8208,5832,22,1,1681554751,1739602645,0
UMTS,748,1,118,1924319,0,-56.1477,-34.9035,1000,15,1,1681556682,1735625977,0
UMTS,748,1,116,1857703,0,-55.9124,-34.8067,1000,4,1,1681564314,1773557014,0
UMTS,748,1,103,1875143,0,-56.081,-34.751,3614,19,1,1681576362,1756439753,0
UMTS,748,1,116,1857704,0,-55.9107,-34.7975,1000,8,1,1681560715,1770964878,0
UMTS,748,1,116,1858102,0,-55.9521,-34.792,2549,25,1,1681566137,1777264162,0
UMTS,748,1,103,1856322,0,-56.068,-34.7918,1039,24,1,1681567023,1755057577,0
UMTS,748,1,101,1925388,0,-56.1966,-34.9043,1000,6,1,1681581205,1740811356,0
UMTS,748,1,101,1945388,0,-56.1964,-34.9044,500,26,1,1681583035,1746597716,0
UMTS,748,1,103,1856852,0,-56.219,-34.7739,1000,5,1,1681586769,1777348407,0
UMTS,748,1,129,1925218,0,-56.1825,-34.9054,1000,22,1,1681585868,1753763008,0
UMTS,748,10,19240,69037930,0,-56.2565,-34.6202,3318,22,1,1681588923,1748583387,0
UMTS,748,1,108,1945009,0,-56.1424,-34.8831,1000,21,1,1681596287,1751863235,0
UMTS,748,1,108,1925138,0,-56.1637,-34.8862,1000,23,1,1681598527,1776484294,0
UMTS,748,1,106,1878482,0,-56.086,-34.8794,1661,26,1,1681623532,1757389880,0
UMTS,748,1,108,1925068,0,-56.1655,-34.8902,1000,17,1,1681627337,1776484287,0
UMTS,748,1,125,1945770,0,-56.182,-34.8644,1000,24,1,1681630872,1759982232,0
UMTS,748,1,125,1945700,0,-56.1862,-34.869,681,26,1,1681635495,1748755025,0
UMTS,748,1,115,1945168,0,-56.179,-34.8856,1000,9,1,1681639265,1746855932,0
UMTS,748,1,118,1858633,0,-56.1294,-34.8723,1000,23,1,1681650342,1743659251,0
UMTS,748,1,106,1858503,0,-56.0932,-34.8908,1000,18,1,1681653384,1749535209,0
UMTS,748,1,106,1858484,0,-56.0874,-34.8833,1016,21,1,1681654260,1771309561,0
UMTS,748,1,109,1924430,0,-56.1487,-34.9101,1000,24,1,1681669277,1777177963,0
UMTS,748,1,109,1924470,0,-56.1548,-34.9051,1000,12,1,1681672963,1747545779,0
UMTS,748,1,109,1944419,0,-56.1528,-34.9189,1000,16,1,1681676629,1744177264,0
UMTS,748,1,109,1924459,0,-56.158,-34.9068,1000,17,1,1681678442,1764392200,0
UMTS,748,1,115,1945320,0,-56.1857,-34.8835,1000,22,1,1681685865,1755057531,0
UMTS,748,1,103,1766801,0,-56.2417,-34.6556,2798,18,1,1681729289,1779337920,0
UMTS,748,1,103,1766802,0,-56.2465,-34.6416,1501,13,1,1681732923,1763441569,0
UMTS,748,1,103,1756802,0,-56.2466,-34.641,1000,14,1,1681734716,1758340892,0
UMTS,748,1,181,1765881,0,-56.269,-34.551,1210,13,1,1681735616,1772345039,0
UMTS,748,1,116,1879222,0,-55.8062,-34.6795,2774,8,1,1681738341,1736231352,0
UMTS,748,1,129,1944789,0,-56.1706,-34.9034,1000,10,1,1681755193,1750312007,0
UMTS,748,1,101,1945468,0,-56.1992,-34.9054,1000,20,1,1681757963,1751694146,0
UMTS,748,10,19240,69057750,0,-56.1838,-34.1387,2855,21,1,1681758601,1750914670,0
UMTS,748,1,129,1925220,0,-56.184,-34.9059,1000,17,1,1681760814,1753763003,0
UMTS,748,10,19730,68973405,0,-56.3977,-33.5326,4913,22,1,1681761697,1750521066,0
UMTS,748,10,19730,68963795,0,-56.5225,-33.3939,1327,23,1,1681763503,1750829598,0
GSM,748,10,9702,27082,-1,-56.4126,-32.5658,9923,21,1,1681783378,1757216778,0
UMTS,748,10,19730,68983536,0,-55.9895,-31.743,2169,25,1,1681788877,1746164208,0
UMTS,748,10,19730,68972366,0,-56.0452,-31.7633,1805,26,1,1681796987,1746337317,0
UMTS,748,10,19730,68973536,0,-55.9803,-31.7282,1174,7,1,1681798794,1749708082,0
UMTS,748,10,19730,68953795,0,-56.5171,-33.3771,5105,18,1,1681808843,1750311908,0
UMTS,748,1,125,1925768,0,-56.1777,-34.8622,1000,17,1,1681811173,1749275445,0
UMTS,748,1,107,1565514,0,-55.2265,-34.3745,5046,16,1,1681810842,1736058198,0
UMTS,748,10,19240,69047750,0,-56.1995,-34.0979,7015,23,1,1681813356,1750829579,0
UMTS,748,10,19240,69067935,0,-56.2715,-34.4511,4066,21,1,1681815231,1750914676,0
UMTS,748,1,103,1875074,0,-56.0064,-34.7555,1037,22,1,1681825306,1774583750,0
UMTS,748,1,106,1858522,0,-56.111,-34.8886,749,25,1,1681837305,1769842179,0
UMTS,748,1,108,1925140,0,-56.1692,-34.8859,1000,24,1,1681843653,1778126326,0
UMTS,748,1,100,1858064,0,-56.1595,-34.8607,762,25,1,1681847313,1777348307,0
UMTS,748,1,125,1945619,0,-56.166,-34.8576,1000,16,1,1681849141,1741761964,0
UMTS,748,10,19240,69019133,0,-56.2391,-34.0498,5315,25,1,1681856789,1746337508,0
UMTS,748,10,19730,68962980,0,-56.4743,-32.9278,8663,21,1,1681863132,1750139013,0
UMTS,748,1,103,1756872,0,-55.8184,-34.4247,6483,13,1,1681912033,1752038404,0
UMTS,748,1,107,1562855,0,-55.3167,-34.0753,6087,26,1,1681906592,1765255776,0
UMTS,748,1,115,1925320,0,-56.1851,-34.8838,500,25,1,1681890261,1752557006,0
UMTS,748,10,19730,68993536,0,-56.0121,-31.7328,2329,22,1,1681890295,1746337314,0
UMTS,748,1,139,1564414,0,-54.6563,-33.6717,20763,26,1,1681891507,1737352037,0
UMTS,748,1,139,1562606,0,-54.3669,-33.2168,1895,8,1,1681923175,1745991513,0
UMTS,748,10,19730,68992980,0,-56.4735,-32.9307,6997,24,1,1681898479,1746337492,0
GSM,748,1,27,1596,-1,-56.1491,-34.6981,11214,25,1,1681898763,1749202284,0
UMTS,748,1,101,1945438,0,-56.1934,-34.8992,1820,14,1,1681900938,1750138967,0
UMTS,748,10,19220,68917452,456,-56.1667,-34.8881,1000,16,1,1681903238,1742590381,0
UMTS,748,10,19240,69047935,0,-56.2515,-34.3688,5151,24,1,1681907552,1737441499,0
UMTS,748,1,103,1855143,0,-56.0779,-34.7535,3266,15,1,1681926476,1771220031,0
UMTS,748,1,139,1562609,0,-54.3902,-33.2089,5179,21,1,1681922139,1741501612,0
UMTS,748,1,139,1562135,74,-54.7182,-34.1878,3597,13,1,1682009193,1748739122,0
UMTS,748,1,139,1565546,479,-54.7772,-34.2641,5305,50,1,1681975404,1748739123,0
UMTS,748,1,139,1562544,34,-54.7252,-34.1879,10527,14,1,1681987194,1748739122,0
UMTS,748,1,125,1925630,0,-56.171,-34.8624,1000,19,1,1681982226,1761366724,0
UMTS,748,1,139,1565544,37,-54.751,-34.2042,11830,25,1,1681984466,1748739123,0
UMTS,748,1,139,1565136,78,-54.762,-34.2201,3150,24,1,1682008990,1748739123,0
UMTS,748,10,19240,69019025,0,-54.9433,-34.9097,1000,8,1,1681992793,1752212129,0
UMTS,748,1,137,1767692,0,-57.7863,-34.2002,15592,15,1,1681993280,1778212579,0
UMTS,748,1,108,1925120,0,-56.1592,-34.8926,597,26,1,1681993514,1774067913,0
UMTS,748,10,19240,69068498,0,-54.9509,-34.7495,7269,23,1,1681994618,1752556988,0
UMTS,748,10,19240,69057615,0,-55.2258,-34.7784,1823,12,1,1681996424,1745297973,0
UMTS,748,10,19240,69029030,0,-55.2451,-34.8454,2282,6,1,1681999130,1742710865,0
UMTS,748,1,139,1565135,77,-54.7394,-34.1957,2395,41,1,1682008281,1748739123,0
UMTS,748,10,19220,68907990,490,-56.1814,-34.8957,4102,23,1,1681999909,1742590329,0
UMTS,748,10,19240,69019030,0,-55.2586,-34.8308,2000,13,1,1682000030,1749795156,0
UMTS,748,1,107,1562514,0,-55.2237,-34.3757,3318,11,1,1682004434,1736058135,0
UMTS,748,10,19240,69029025,0,-54.9395,-34.9122,1432,15,1,1682014517,1752557007,0
UMTS,748,1,101,1925448,0,-56.1898,-34.8983,1000,8,1,1682014764,1733724310,0
UMTS,748,1,100,1878042,0,-56.1498,-34.8605,500,26,1,1682023979,1769842278,0
UMTS,748,1,106,1878403,0,-56.0504,-34.8773,1000,18,1,1682050352,1754797489,0
UMTS,748,1,107,1565517,0,-55.2459,-34.3744,1000,24,1,1682055905,1736142916,0
UMTS,748,1,107,1565802,0,-55.2403,-34.3691,4040,34,1,1682056063,1736058319,0
UMTS,748,10,19240,69037496,0,-56.2951,-34.8365,2105,23,1,1682056626,1746253440,0
UMTS,748,10,19240,69027445,0,-56.1709,-34.7919,6159,15,1,1682061171,1751088446,0
UMTS,748,1,108,1925130,0,-56.1734,-34.8926,535,32,1,1682065812,1753762866,0
UMTS,748,1,109,1924558,0,-56.1586,-34.9224,1000,19,1,1682074964,1755491480,0
UMTS,748,1,108,1945139,0,-56.1673,-34.8886,1000,21,1,1682078613,1750311791,0
UMTS,748,1,115,1945169,0,-56.1779,-34.8884,1000,22,1,1682140016,1758180391,0
UMTS,748,1,103,1756801,0,-56.2414,-34.6576,2564,16,1,1682139739,1776746050,0
UMTS,748,1,115,1945339,0,-56.1908,-34.8928,1000,19,1,1682141847,1741157543,0
UMTS,748,1,125,1945758,0,-56.1764,-34.8584,1000,17,1,1682143654,1755144026,0
UMTS,748,1,125,1925758,0,-56.1768,-34.8584,1000,24,1,1682144560,1759896151,0
UMTS,748,1,125,1925648,0,-56.1696,-34.8659,739,25,1,1682145527,1777521253,0
UMTS,748,1,103,1858084,0,-56.247,-34.7238,4333,23,1,1682150633,1780374611,0
UMTS,748,1,118,1924248,0,-56.1434,-34.8917,1062,19,1,1682153881,1748234413,0
UMTS,748,1,103,1857772,0,-56.1032,-34.7926,2229,23,1,1682155201,1776659546,0
UMTS,748,1,103,1880264,0,-56.0562,-34.7763,2833,23,1,1682156107,1771220039,0
UMTS,748,1,103,1855074,0,-56.0049,-34.7539,1362,25,1,1682157908,1776659396,0
GSM,748,1,9,5743,-1,-56.1706,-34.8649,3278,3,1,1682158059,1733813034,0
UMTS,748,1,103,1876673,0,-56.0807,-34.7899,1889,19,1,1682158808,1751949667,0
UMTS,748,1,108,1945140,0,-56.1692,-34.8861,1000,22,1,1682188179,1750829574,0
UMTS,748,1,100,1858159,0,-56.1517,-34.8633,1000,7,1,1682229917,1751607872,0
UMTS,748,1,129,1924728,0,-56.1696,-34.9068,1000,15,1,1682246682,1735108172,0
UMTS,748,1,109,1924458,0,-56.156,-34.9046,1000,14,1,1682249403,1753762963,0
UMTS,748,1,129,1945249,0,-56.1883,-34.9051,1000,10,1,1682250347,1766641847,0
UMTS,748,1,101,1925399,0,-56.1904,-34.9058,1000,10,1,1682251240,1750138960,0
UMTS,748,1,101,1945399,0,-56.191,-34.9057,1000,11,1,1682252150,1758255036,0
UMTS,748,1,129,1945208,0,-56.189,-34.9064,1000,10,1,1682253050,1749202240,0
UMTS,748,1,101,1925360,0,-56.1942,-34.9083,1000,7,1,1682254851,1737615102,0
UMTS,748,1,109,1944448,0,-56.156,-34.9069,1000,21,1,1682273306,1742883540,0
UMTS,748,1,109,1944459,0,-56.1578,-34.9079,1000,12,1,1682274206,1753849743,0
UMTS,748,1,107,1733382,0,-55.0215,-34.7356,1000,9,1,1682307584,1773982385,0
UMTS,748,1,107,1562482,0,-55.2345,-34.5584,2899,21,1,1682310147,1736231223,0
UMTS,748,1,103,1855323,0,-55.9625,-34.7279,1853,21,1,1682310651,1776397986,0
UMTS,748,1,107,1565513,0,-55.2285,-34.3922,1396,16,1,1682311212,1765515407,0
UMTS,748,1,103,1856952,0,-55.973,-34.7817,2817,18,1,1682314271,1769842182,0
UMTS,748,1,108,1925029,0,-56.1543,-34.8801,1044,26,1,1682326080,1752816407,0
UMTS,748,1,107,1562774,0,-55.2491,-34.3711,4251,9,1,1682330078,1736143046,0
UMTS,748,1,109,1924608,0,-56.1619,-34.9148,1000,20,1,1682334225,1777005273,0
UMTS,748,1,106,1878404,0,-56.0603,-34.8779,1000,20,1,1682345086,1768284920,0
UMTS,748,1,106,1878414,0,-56.064,-34.8838,1416,22,1,1682347793,1753504159,0
UMTS,748,1,125,1945768,0,-56.177,-34.8626,1000,22,1,1682362703,1767069229,0
UMTS,748,1,118,1878653,0,-56.1422,-34.8744,554,26,1,1682369990,1768020792,0
UMTS,748,10,19240,69029327,0,-55.3951,-34.7624,3734,14,1,1682401887,1752298456,0
UMTS,748,10,19240,69069030,0,-55.2793,-34.8283,4783,16,1,1682402801,1750914692,0
GSM,748,10,9509,25090,-1,-54.0859,-34.3835,18345,3,1,1682415581,1744001593,0
UMTS,748,1,107,1733387,0,-55.0525,-34.7368,5407,25,1,1682418168,1779165138,0
UMTS,748,10,19240,69028998,0,-56.0436,-34.7761,1000,20,1,1682426733,1743659214,0
UMTS,748,1,107,1562416,0,-55.0397,-34.6687,1813,3,1,1682421807,1772779360,0
UMTS,748,1,107,1562555,0,-55.097,-34.5504,4648,6,1,1682422712,1775620092,0
UMTS,748,1,118,1924249,0,-56.1409,-34.8979,1000,24,1,1682426885,1752383573,0
UMTS,748,10,19240,69058994,0,-54.8851,-34.7853,6603,26,1,1682427675,1752038515,0
UMTS,748,1,118,1944249,0,-56.1414,-34.8984,1000,17,1,1682427782,1748234410,0
UMTS,748,10,19240,69058529,0,-54.9351,-34.8205,4342,24,1,1682428581,1752556985,0
UMTS,748,10,19240,69037672,0,-54.9231,-34.9096,1195,17,1,1682429517,1752212092,0
GSM,748,1,27,2712,-1,-56.1041,-34.8,15482,18,1,1682430244,1734505757,0
UMTS,748,1,118,1944299,0,-56.1414,-34.9041,1000,13,1,1682430564,1733639873,0
UMTS,748,1,109,1944470,0,-56.1545,-34.9058,1233,49,1,1682434288,1737527838,0
UMTS,748,1,118,1944250,0,-56.1445,-34.896,500,25,1,1682435148,1734158939,0
UMTS,748,1,139,1562406,0,-54.3958,-33.235,1962,24,1,1682476081,1747978316,0
UMTS,748,10,19240,69057640,0,-56.2651,-34.78,1576,10,1,1682492015,1747288424,0
UMTS,748,1,101,1925610,0,-56.211,-34.9101,1000,17,1,1682500631,1771309275,0
UMTS,748,10,19240,69018529,0,-54.9104,-34.7945,2919,12,1,1682507061,1749103355,0
UMTS,748,1,108,1924969,0,-56.1494,-34.8868,1000,19,1,1682504992,1750138991,0
UMTS,748,1,101,1945538,0,-56.1994,-34.9017,1000,18,1,1682511469,1755748696,0
UMTS,748,10,19240,69048529,0,-54.9181,-34.7956,3377,19,1,1682518763,1751436133,0
UMTS,748,1,101,1925560,0,-56.2064,-34.903,1000,18,1,1682508791,1777005188,0
UMTS,748,1,108,1945160,0,-56.1782,-34.8933,1000,11,1,1682513786,1737096266,0
UMTS,748,10,19240,69038994,0,-54.9316,-34.7899,4508,20,1,1682511546,1744090269,0
UMTS,748,1,129,1925199,0,-56.1863,-34.9095,500,27,1,1682519204,1739947489,0
UMTS,748,1,129,1924839,0,-56.1739,-34.9054,1000,18,1,1682520104,1756785729,0
UMTS,748,1,106,1858553,0,-56.1111,-34.8958,1000,19,1,1682536518,1764132858,0
UMTS,748,1,106,1878524,0,-56.1167,-34.8902,1000,10,1,1682537431,1754797498,0
UMTS,748,1,181,1766992,0,-56.3869,-34.7705,1420,21,1,1682565150,1771911244,0
UMTS,748,1,110,1879334,0,-56.1472,-34.8562,2314,22,1,1682584367,1772866045,0
UMTS,748,1,101,1945348,0,-56.1985,-34.909,1000,13,1,1682583585,1744695475,0
UMTS,748,1,129,1944740,0,-56.1801,-34.908,1000,24,1,1682585442,1753762975,0
UMTS,748,1,101,1925578,0,-56.2001,-34.9104,1097,8,1,1682586342,1748330834,0
UMTS,748,1,129,1945199,0,-56.1858,-34.9094,1000,24,1,1682587255,1747545774,0
UMTS,748,1,109,1924488,0,-56.1596,-34.9119,1000,23,1,1682590489,1757131263,0
UMTS,748,1,109,1944620,0,-56.1629,-34.9143,1000,10,1,1682591398,1755316488,0
UMTS,748,1,181,1765681,0,-56.3621,-34.4604,2765,9,1,1682595671,1771656286,0
UMTS,748,1,103,1857592,0,-56.2432,-34.7235,5224,6,1,1682594982,1776745981,0
UMTS,748,1,101,1925538,0,-56.2001,-34.9022,1000,23,1,1682598072,1777005225,0
UMTS,748,10,19730,69002361,0,-56.5163,-32.7692,5335,24,1,1682600305,1749535148,0
UMTS,748,1,109,1944519,0,-56.1563,-34.918,516,37,1,1682613069,1735022305,0
UMTS,748,1,118,1924280,0,-56.1332,-34.908,1613,17,1,1682613967,1777177965,0
UMTS,748,1,106,1878483,0,-56.0812,-34.8812,1000,21,1,1682614867,1765255519,0
UMTS,748,1,101,1945428,0,-56.1948,-34.9013,1000,23,1,1682617578,1753849710,0
UMTS,748,1,100,1858042,0,-56.1494,-34.8609,1290,23,1,1682630056,1775536167,0
UMTS,748,1,115,1925268,0,-56.1975,-34.8896,1000,11,1,1682661187,1760068783,0
UMTS,748,1,110,1925819,0,-56.2486,-34.8883,1000,12,1,1682663116,1745297895,0
UMTS,748,1,109,1944630,0,-56.1696,-34.9151,1000,19,1,1682665139,1767854191,0
UMTS,748,1,101,1945430,0,-56.1971,-34.9013,1000,16,1,1682705173,1751173793,0
UMTS,748,1,106,1924109,0,-56.1241,-34.898,1000,23,1,1682666039,1743057442,0
UMTS,748,1,106,1878392,0,-56.0314,-34.8788,1944,18,1,1682666945,1763268027,0
UMTS,748,1,116,1878274,0,-55.9687,-34.8176,4263,10,1,1682667845,1773639735,0
UMTS,748,1,116,1857252,0,-55.9398,-34.8122,868,26,1,1682668776,1774669877,0
UMTS,748,1,116,1857392,0,-55.9977,-34.844,1000,13,1,1682669635,1770531230,0
UMTS,748,1,106,1878453,0,-56.0649,-34.8937,1023,50,1,1682670535,1756872067,0
UMTS,748,1,103,1876844,0,-56.0484,-34.8066,2420,21,1,1682672014,1773556933,0
UMTS,748,1,108,1925159,0,-56.1766,-34.8961,500,40,1,1682672283,1734763783,0
UMTS,748,1,106,1858343,0,-56.0302,-34.8656,1000,12,1,1682681082,1776659408,0
UMTS,748,1,108,1945159,0,-56.1767,-34.8963,500,38,1,1682673168,1741849171,0
UMTS,748,1,106,1878343,0,-56.0306,-34.8647,1000,6,1,1682682832,1760673532,0
UMTS,748,1,129,1945219,0,-56.1831,-34.9082,1000,15,1,1682678695,1755230271,0
UMTS,748,1,115,1925169,0,-56.1777,-34.8885,1000,14,1,1682684332,1754281855,0
UMTS,748,10,19240,69017821,0,-56.2132,-34.089,1000,17,1,1682679932,1750829354,0
UMTS,748,10,19220,68907452,455,-56.1657,-34.8856,500,28,1,1682680198,1742590381,0
UMTS,748,1,106,1878344,0,-56.0298,-34.8605,1000,7,1,1682681953,1736923329,0
UMTS,748,1,116,1876992,0,-55.9959,-34.8302,1396,23,1,1682683736,1771309562,0
UMTS,748,1,108,1944938,0,-56.1574,-34.8973,759,25,1,1682689753,1749795162,0
UMTS,748,1,129,1925228,0,-56.1843,-34.9001,1000,23,1,1682690628,1778126164,0
UMTS,748,1,106,1858542,0,-56.1052,-34.8906,1000,18,1,1682691622,1754797500,0
UMTS,748,1,106,1878513,0,-56.102,-34.8965,1000,5,1,1682692522,1747718689,0
UMTS,748,1,106,1858544,0,-56.107,-34.8941,1000,14,1,1682695239,1773124232,0
UMTS,748,1,118,1924330,0,-56.1392,-34.9063,1000,13,1,1682698793,1741501612,0
UMTS,748,1,116,1856914,0,-56.0208,-34.8494,1426,15,1,1682702418,1776054737,0
UMTS,748,1,139,1562253,0,-54.4185,-33.1477,8275,25,1,1682705792,1738305393,0
UMTS,748,1,129,1924808,0,-56.1796,-34.8971,1000,19,1,1682705551,1743057226,0
UMTS,748,1,101,1945558,0,-56.1995,-34.9007,1000,17,1,1682708140,1764046120,0
UMTS,748,1,106,1878593,0,-56.1181,-34.8865,1000,22,1,1682748073,1755748640,0
UMTS,748,1,129,1945239,0,-56.1881,-34.9026,1000,5,1,1682748439,1745467379,0
UMTS,748,1,106,1879063,0,-56.0691,-34.8704,500,31,1,1682748971,1762577910,0
UMTS,748,1,108,1925160,0,-56.1784,-34.8931,1000,15,1,1682751152,1752298479,0
UMTS,748,10,19240,69048498,0,-54.8911,-34.7747,3067,16,1,1682752118,1746078285,0
UMTS,748,1,116,1876912,0,-56.0089,-34.8529,1000,10,1,1682751773,1763787503,0
UMTS,748,1,116,1877132,0,-55.9534,-34.8179,1360,19,1,1682752673,1776054746,0
UMTS,748,1,108,1945090,0,-56.1677,-34.8934,1000,15,1,1682753108,1753161532,0
UMTS,748,1,116,1877252,0,-55.9379,-34.8116,1000,22,1,1682755405,1776054736,0
UMTS,748,1,101,1925359,0,-56.1911,-34.9113,500,26,1,1682753860,1748410079,0
UMTS,748,1,116,1856984,0,-55.9847,-34.8375,1000,17,1,1682756264,1755491348,0
UMTS,748,1,109,1924439,0,-56.1505,-34.9204,1000,12,1,1682756761,1751001603,0
UMTS,748,1,118,1944280,0,-56.1324,-34.9067,1000,19,1,1682758064,1748410124,0
UMTS,748,1,109,1944520,0,-56.1582,-34.9162,500,25,1,1682758750,1753336387,0
UMTS,748,1,101,1945608,0,-56.2039,-34.9092,1000,15,1,1682758964,1759952101,0
UMTS,748,1,101,1925398,0,-56.1927,-34.9039,1000,8,1,1682759241,1772174493,0
UMTS,748,1,118,1944329,0,-56.1376,-34.9083,1000,21,1,1682760585,1744868227,0
UMTS,748,1,103,1855514,0,-56.042,-34.7298,7070,22,1,1682764553,1756439702,0
UMTS,748,1,103,1875514,0,-56.039,-34.7318,1592,24,1,1682765482,1756439726,0
UMTS,748,1,101,1945440,0,-56.1937,-34.9025,1000,14,1,1682766481,1755835168,0
UMTS,748,1,103,1875762,0,-56.1069,-34.7601,5991,21,1,1682768919,1756439743,0
UMTS,748,1,129,1924859,0,-56.1812,-34.9027,1000,11,1,1682780937,1752298485,0
UMTS,748,1,106,1858403,0,-56.0506,-34.877,1000,17,1,1682787270,1770617062,0
UMTS,748,1,129,1924719,0,-56.1653,-34.9056,1000,19,1,1682791040,1751522312,0
UMTS,748,1,109,1944528,0,-56.1523,-34.9207,1000,18,1,1682793773,1734072316,0
UMTS,748,1,101,1925368,0,-56.1962,-34.9077,500,25,1,1682838372,1734424250,0
UMTS,748,1,101,1945368,0,-56.1962,-34.9078,1000,21,1,1682839257,1758255039,0
UMTS,748,1,106,1858404,0,-56.0606,-34.8776,1025,26,1,1682839582,1770446179,0
UMTS,748,1,110,1858323,0,-56.1106,-34.857,1690,22,1,1682846187,1779942735,0
UMTS,748,1,115,1925328,0,-56.1807,-34.8907,1000,16,1,1682846791,1765255769,0
UMTS,748,1,129,1944810,0,-56.1839,-34.8977,1000,21,1,1682856767,1754020746,0
UMTS,748,1,103,1856552,0,-56.0195,-34.7636,1279,24,1,1682871152,1774583644,0
UMTS,748,1,103,1858382,0,-56.08,-34.7969,1000,19,1,1682872961,1751607663,0
UMTS,748,1,109,1944498,0,-56.1602,-34.9143,500,29,1,1683006877,1757216776,0
UMTS,748,1,109,1924498,0,-56.1605,-34.9144,1000,9,1,1683007595,1757046951,0
UMTS,748,10,19240,69017478,0,-56.1102,-34.7953,2340,24,1,1683012481,1746078238,0
UMTS,748,1,129,1925210,0,-56.1899,-34.9089,1000,12,1,1683016751,1736405048,0
UMTS,748,1,129,1945209,0,-56.1882,-34.9084,1000,12,1,1683017663,1751088264,0
UMTS,748,1,108,1925030,0,-56.1585,-34.8802,1000,17,1,1683020525,1774067909,0
UMTS,748,10,19730,68953423,0,-54.0531,-34.3432,4181,10,1,1683024269,1734505757,0
UMTS,748,1,101,1925570,0,-56.217,-34.9034,4186,13,1,1683025480,1777005192,0
UMTS,748,1,109,1944488,0,-56.1598,-34.9113,1000,14,1,1683025152,1757131249,0
UMTS,748,10,19730,69002240,0,-53.8848,-34.2079,9275,16,1,1683025175,1734505754,0
UMTS,748,1,181,1767071,0,-56.3492,-34.7967,1127,23,1,1683028200,1772692625,0
UMTS,748,1,108,1944978,0,-56.1555,-34.8895,1541,16,1,1683030439,1742883538,0
UMTS,748,1,181,1767002,0,-56.4074,-34.7533,1000,3,1,1683037227,1764219425,0
UMTS,748,1,108,1944929,0,-56.1534,-34.9017,1000,19,1,1683045244,1755057595,0
UMTS,748,1,181,1757002,0,-56.4092,-34.7551,1000,6,1,1683045388,1778126374,0
UMTS,748,10,19240,69018498,0,-54.898,-34.7733,1810,9,1,1683054750,1745991524,0
UMTS,748,1,116,1857934,0,-55.6135,-34.6698,3576,25,1,1683090170,1764824455,0
UMTS,748,1,125,1945630,0,-56.1713,-34.8622,500,26,1,1683090914,1754712783,0
UMTS,748,1,117,1855914,0,-55.4235,-34.7282,5032,12,1,1683091066,1768111842,0
UMTS,748,1,121,1732620,0,-55.0352,-34.9001,1000,4,1,1683101908,1768459247,0
UMTS,748,1,121,1733070,0,-54.9608,-34.9149,1000,11,1,1683100132,1778484414,0
UMTS,748,1,109,1944409,0,-56.1501,-34.9151,1000,12,1,1683103561,1754970911,0
UMTS,748,1,121,1753070,0,-54.9601,-34.9149,1000,19,1,1683098320,1776225047,0
UMTS,748,1,101,1945469,0,-56.1995,-34.907,1000,10,1,1683097549,1764738060,0
UMTS,748,1,121,1732950,0,-54.9692,-34.9159,1000,5,1,1683100984,1768890429,0
UMTS,748,1,109,1944410,0,-56.1523,-34.9151,1000,16,1,1683102658,1760759006,0
UMTS,748,1,117,1877093,0,-55.5182,-34.7866,1337,16,1,1683104613,1773895861,0
UMTS,748,1,116,1858624,0,-55.7212,-34.7539,1000,13,1,1683105513,1774325729,0
UMTS,748,1,116,1875772,0,-55.8901,-34.7859,1000,12,1,1683106414,1764824529,0
UMTS,748,1,116,1876982,0,-55.9762,-34.8315,1000,19,1,1683107319,1776745817,0
UMTS,748,1,108,1944960,0,-56.1493,-34.8802,4911,21,1,1683117340,1766296100,0
UMTS,748,1,110,1753671,0,-56.3122,-34.8399,2066,39,1,1683112592,1742021467,0
UMTS,748,1,118,1924329,0,-56.1371,-34.9085,1000,18,1,1683133203,1752298553,0
UMTS,748,1,125,1925780,0,-56.1866,-34.8539,1264,25,1,1683116467,1775536163,0
UMTS,748,1,103,1856123,0,-55.9768,-34.7922,1290,12,1,1683119834,1770101639,0
UMTS,748,1,103,1876123,0,-55.9784,-34.7938,1478,9,1,1683121682,1769842178,0
UMTS,748,1,106,1878493,0,-56.086,-34.8925,1000,23,1,1683120940,1763268035,0
UMTS,748,1,106,1858483,0,-56.0811,-34.8813,1000,24,1,1683121840,1774844924,0
UMTS,748,1,116,1857374,0,-55.9827,-34.8154,4324,23,1,1683122542,1773815706,0
UMTS,748,1,106,1858333,0,-56.0218,-34.8695,1000,13,1,1683123450,1774067917,0
UMTS,748,1,103,1876952,0,-55.9712,-34.7819,4454,26,1,1683123550,1774153331,0
UMTS,748,1,106,1878553,0,-56.1111,-34.8959,1000,20,1,1683124350,1733986476,0
UMTS,748,1,109,1924568,0,-56.1607,-34.9223,1000,12,1,1683126150,1755575166,0
UMTS,748,1,110,1733671,0,-56.3143,-34.838,1861,30,1,1683127038,1742021470,0
UMTS,748,1,106,1924108,0,-56.12,-34.8965,513,33,1,1683130477,1741762016,0
UMTS,748,1,108,1944990,0,-56.1501,-34.8856,1000,14,1,1683131036,1760413899,0
UMTS,748,1,118,1944220,0,-56.1292,-34.8883,1000,15,1,1683173734,1749708025,0
UMTS,748,1,110,1753672,0,-56.3253,-34.8224,2102,23,1,1683217282,1740725220,0
UMTS,748,1,106,1858402,0,-56.0506,-34.8732,765,42,1,1683187354,1733813009,0
UMTS,748,1,101,1925470,0,-56.2004,-34.9048,1000,6,1,1683188672,1748669834,0
UMTS,748,1,109,1924409,0,-56.1504,-34.9113,3585,10,1,1683194404,1775965348,0
UMTS,748,1,110,1733672,0,-56.3264,-34.8177,2338,25,1,1683214570,1739516002,0
UMTS,748,1,101,1925378,0,-56.1822,-34.9115,1000,15,1,1683204751,1749202219,0
UMTS,748,1,108,1944959,0,-56.1462,-34.8797,1000,20,1,1683209106,1765860355,0
UMTS,748,1,109,1924429,0,-56.1514,-34.9123,500,26,1,1683214511,1779597159,0
UMTS,748,1,125,1925019,0,-56.1578,-34.8725,1705,18,1,1683215708,1768020819,0
UMTS,748,10,19240,69057609,0,-55.3461,-34.7854,3391,15,1,1683237924,1752298532,0
UMTS,748,10,19240,69017536,0,-56.1545,-34.7979,1000,17,1,1683243375,1746078224,0
UMTS,748,1,122,1755410,0,-56.7063,-34.3148,2450,8,1,1683254842,1776746009,0
UMTS,748,1,181,1717222,0,-56.5503,-34.3946,3536,26,1,1683255742,1779510784,0
UMTS,748,1,181,1765682,0,-56.3854,-34.4595,1573,12,1,1683259340,1771994773,0
UMTS,748,1,181,1717221,0,-56.5096,-34.417,3523,7,1,1683260243,1780374649,0
UMTS,748,1,122,1765412,0,-56.6966,-34.3478,3698,19,1,1683261167,1779769948,0
UMTS,748,1,122,1753337,0,-57.1115,-34.3554,4158,21,1,1683263861,1768545493,0
GSM,748,1,25,6022,-1,-56.0573,-34.7919,5452,16,1,1683266641,1736923305,0
UMTS,748,1,109,1944458,0,-56.1557,-34.905,1000,23,1,1683273587,1742970754,0
UMTS,748,1,139,1561407,0,-54.5985,-33.2444,20490,7,1,1683273100,1734933547,0
UMTS,748,1,125,1945719,0,-56.1794,-34.8728,500,25,1,1683273162,1757390104,0
UMTS,748,1,122,1733337,0,-57.1037,-34.3578,11054,22,1,1683289099,1780115524,0
UMTS,748,1,118,1924238,0,-56.1341,-34.8859,1000,24,1,1683278848,1756785732,0
UMTS,748,1,101,1925428,0,-56.1946,-34.9011,1000,19,1,1683280401,1757046944,0
UMTS,748,1,129,1924740,0,-56.1801,-34.9082,500,28,1,1683281565,1736405049,0
UMTS,748,10,19220,68886804,471,-56.1716,-34.8888,1000,12,1,1683300619,1742590381,0
UMTS,748,1,100,1858043,0,-56.1507,-34.863,1000,18,1,1683303438,1766641633,0
UMTS,748,1,108,1924990,0,-56.1504,-34.8862,1000,15,1,1683306162,1780374620,0
UMTS,748,1,108,1945129,0,-56.1744,-34.8962,1000,16,1,1683370916,1749880757,0
UMTS,748,1,108,1924970,0,-56.1524,-34.8879,1000,12,1,1683371102,1764392207,0
UMTS,748,1,125,1925018,0,-56.151,-34.8752,1000,21,1,1683372013,1779510789,0
UMTS,748,1,125,1945750,0,-56.1943,-34.8593,1000,20,1,1683384064,1749621642,0
UMTS,748,1,108,1924998,0,-56.15,-34.8827,1000,15,1,1683436966,1735278925,0
UMTS,748,1,122,1733339,0,-57.2006,-34.344,6016,24,1,1683449515,1780029169,0
UMTS,748,1,108,1944988,0,-56.1476,-34.8869,1000,22,1,1683451399,1736405022,0
UMTS,748,1,110,1733658,0,-56.2911,-34.8926,1000,9,1,1683451551,1741416811,0
UMTS,748,1,181,1733578,0,-56.6216,-34.6441,1180,23,1,1683452224,1780029174,0
UMTS,748,1,122,1753339,0,-57.2052,-34.3434,3689,23,1,1683463041,1770964856,0
UMTS,748,1,106,1858374,0,-56.0565,-34.8582,1196,6,1,1683497347,1770617076,0
UMTS,748,1,116,1855402,0,-55.6425,-34.6646,7733,22,1,1683515711,1764824451,0
UMTS,748,1,116,1879214,0,-55.8433,-34.6923,3014,20,1,1683516611,1769150012,0
UMTS,748,1,181,1752130,0,-56.265,-34.4736,6795,26,1,1683518364,1758081433,0
UMTS,748,1,129,1924679,0,-56.1632,-34.911,1000,24,1,1683518622,1777005269,0
UMTS,748,1,129,1924729,0,-56.1706,-34.9084,1000,22,1,1683519529,1776484292,0
UMTS,748,1,181,1732041,0,-56.2654,-34.422,2617,24,1,1683520224,1780374615,0
UMTS,748,1,122,1752501,0,-56.87,-34.314,4022,8,1,1683523035,1773556852,0
UMTS,748,1,122,1755501,0,-57.5904,-34.2676,12133,8,1,1683526655,1746683143,0
UMTS,748,1,109,1944490,0,-56.1581,-34.9141,1000,15,1,1683533331,1757390035,0
UMTS,748,1,109,1924469,0,-56.1504,-34.9086,500,25,1,1683534325,1779597170,0
UMTS,748,1,109,1944469,0,-56.1509,-34.9076,1967,16,1,1683536093,1749621617,0
UMTS,748,10,19220,68887990,0,-56.1749,-34.9027,1000,15,1,1683539857,1751694179,0
UMTS,748,1,125,1945019,0,-56.1569,-34.8725,1000,24,1,1683548625,1764651976,0
UMTS,748,1,125,1945648,0,-56.1698,-34.8662,1000,22,1,1683556956,1770101673,0
UMTS,748,1,103,1876672,0,-56.0866,-34.7681,3065,7,1,1683569486,1756353606,0
UMTS,748,1,118,1924229,0,-56.1294,-34.8947,1000,21,1,1683570349,1747978370,0
UMTS,748,1,103,1856672,0,-56.0993,-34.7716,3141,6,1,1683572186,1775965385,0
UMTS,748,1,122,1753408,0,-57.4557,-34.2912,1848,4,1,1683572374,1763614400,0
UMTS,748,1,137,1723412,0,-57.5162,-34.098,3182,5,1,1683575696,1761799831,0
UMTS,748,1,103,1876554,0,-56.0268,-34.7703,1477,27,1,1683606046,1773556918,0
UMTS,748,1,103,1876854,0,-56.2317,-34.7702,2936,12,1,1683615197,1753849654,0
UMTS,748,1,125,1925729,0,-56.1837,-34.8774,1000,20,1,1683622586,1740120542,0
UMTS,748,1,125,1945729,0,-56.184,-34.8772,1000,22,1,1683624402,1760068799,0
UMTS,748,1,129,1944860,0,-56.1804,-34.8995,1000,15,1,1683629536,1760068709,0
UMTS,748,1,108,1924928,0,-56.1529,-34.898,1000,23,1,1683647609,1748149319,0
UMTS,748,1,100,1858063,0,-56.157,-34.8668,673,26,1,1683667464,1750829624,0
UMTS,748,1,103,1757370,0,-56.112,-34.6578,2880,5,1,1683693066,1765084301,0
UMTS,748,1,103,1757322,0,-56.0625,-34.6126,6501,5,1,1683693972,1752556847,0
UMTS,748,1,103,1875072,0,-55.9902,-34.7452,1019,16,1,1683695803,1770101687,0
UMTS,748,1,116,1855522,0,-55.879,-34.6994,1956,26,1,1683700299,1774583748,0
UMTS,748,1,103,1856853,0,-56.2257,-34.783,1106,17,1,1683715965,1777264171,0
UMTS,748,1,110,1753687,0,-56.3204,-34.8573,3898,16,1,1683719367,1742791351,0
UMTS,748,1,125,1945708,0,-56.1755,-34.872,500,25,1,1683727844,1753763032,0
UMTS,748,1,103,1875314,0,-56.0648,-34.7803,754,50,1,1683742576,1774067906,0
UMTS,748,1,103,1756850,0,-56.0586,-34.6467,1771,15,1,1683779758,1779164978,0
UMTS,748,1,116,1859222,0,-55.7894,-34.6756,13761,11,1,1683781591,1768111838,0
UMTS,748,1,121,1752771,0,-55.0261,-34.9017,1647,4,1,1683785223,1734072342,0
UMTS,748,1,110,1925808,0,-56.253,-34.8747,3213,25,1,1683787367,1741416813,0
UMTS,748,1,106,1878373,0,-56.0527,-34.8666,1000,21,1,1683790124,1751949876,0
UMTS,748,1,121,1753071,0,-54.9606,-34.9143,1000,9,1,1683791559,1737096346,0
UMTS,748,1,121,1732771,0,-55.0328,-34.8963,1412,5,1,1683796054,1738391474,0
UMTS,748,1,109,1924420,0,-56.154,-34.9156,1808,15,1,1683797138,1747718766,0
UMTS,748,1,129,1925198,0,-56.185,-34.9075,1000,18,1,1683798215,1739947484,0
UMTS,748,1,109,1924519,0,-56.1565,-34.918,500,46,1,1683798072,1775965340,0
UMTS,748,10,19220,68896511,442,-56.152,-34.8753,1000,20,1,1683808807,1742590382,0
UMTS,748,1,137,1767732,0,-57.9243,-34.1024,9033,7,1,1683812732,1763614466,0
UMTS,748,1,116,1856913,0,-56.0112,-34.8604,1000,5,1,1683813384,1769842296,0
UMTS,748,1,137,1757730,0,-57.8725,-34.0046,3152,5,1,1683815432,1763614460,0
UMTS,748,1,101,1925468,0,-56.1993,-34.9049,1000,22,1,1683817923,1764738050,0
UMTS,748,1,118,1924230,0,-56.1313,-34.8927,1000,8,1,1683818810,1757906168,0
UMTS,748,1,101,1945589,0,-56.2067,-34.9054,1000,12,1,1683818813,1754020862,0
UMTS,748,1,118,1924219,0,-56.1256,-34.8923,1000,21,1,1683819856,1749708037,0
UMTS,748,1,106,1858373,0,-56.0524,-34.8642,1000,16,1,1683823329,1775965146,0
UMTS,748,10,19240,69047878,0,-56.2698,-34.5588,2626,23,1,1683826278,1751347141,0
UMTS,748,10,19240,69028479,0,-56.2281,-34.3,3728,21,1,1683828210,1750914673,0
UMTS,748,1,103,1878384,0,-56.0878,-34.7997,2049,22,1,1683828803,1776397983,0
GSM,748,10,9702,14037,-1,-56.1987,-34.1166,5931,9,1,1683829016,1757305734,0
UMTS,748,1,110,1945838,0,-56.2664,-34.8738,1000,24,1,1683830168,1750225521,0
UMTS,748,1,101,1945429,0,-56.1955,-34.9033,1000,16,1,1683857720,1740725245,0
UMTS,748,1,101,1925429,0,-56.1959,-34.9032,1000,22,1,1683871286,1751001899,0
UMTS,748,1,125,1858663,0,-56.1607,-34.8674,1000,16,1,1683865663,1771824346,0
UMTS,748,1,103,1766851,0,-56.054,-34.6594,2135,10,1,1683865676,1776659541,0
UMTS,748,1,106,1878604,0,-56.1237,-34.8796,1000,22,1,1683871289,1762577873,0
UMTS,748,10,19240,69047726,0,-54.67,-34.8035,9753,15,1,1683896965,1749016944,0
UMTS,748,1,101,1925440,0,-56.194,-34.9023,1000,10,1,1683872144,1755316485,0
UMTS,748,1,118,1944219,0,-56.1258,-34.8922,1000,23,1,1683905640,1748234418,0
UMTS,748,1,118,1944289,0,-56.1455,-34.9068,1000,15,1,1683880399,1744781894,0
UMTS,748,1,106,1878512,0,-56.0909,-34.8954,1000,19,1,1683884820,1756958607,0
UMTS,748,1,115,1925260,0,-56.1927,-34.8955,1000,20,1,1683887521,1749794991,0
UMTS,748,10,19730,68982361,0,-56.4997,-32.8167,4682,22,1,1683890540,1750225299,0
UMTS,748,1,118,1924270,0,-56.1299,-34.9035,1000,6,1,1683890939,1778212594,0
UMTS,748,1,106,1859063,0,-56.0688,-34.87,500,26,1,1683901795,1759982226,0
UMTS,748,10,19240,69028994,0,-54.9043,-34.79,4797,20,1,1683905170,1747115018,0
UMTS,748,1,106,1858334,0,-56.0239,-34.8673,1000,8,1,1683904535,1776054739,0
UMTS,748,1,116,1877142,0,-55.9643,-34.8258,1000,8,1,1683905442,1770617079,0
UMTS,748,1,106,1858592,0,-56.1273,-34.8861,2662,28,1,1683906537,1753849714,0
UMTS,748,1,106,1880332,0,-56.0665,-34.8772,1568,23,1,1683907434,1767161316,0
UMTS,748,1,106,1858362,0,-56.0334,-34.8738,1000,19,1,1683908121,1776659543,0
UMTS,748,1,116,1855622,0,-56.0141,-34.821,1190,17,1,1683908335,1763096175,0
UMTS,748,1,103,1857913,0,-55.9636,-34.7421,1991,24,1,1683909244,1774067885,0
UMTS,748,1,103,1857914,0,-55.9509,-34.7221,1000,11,1,1683911049,1763096181,0
UMTS,748,1,103,1860262,0,-56.0294,-34.7756,2199,26,1,1683911990,1771477006,0
UMTS,748,1,103,1878382,0,-56.079,-34.7973,1000,19,1,1683957153,1757131272,0
UMTS,748,1,118,1944248,0,-56.1428,-34.8938,1000,21,1,1683967669,1748234411,0
UMTS,748,1,103,1855314,0,-56.063,-34.7823,1000,21,1,1684000691,1770101680,0
UMTS,748,1,101,1925379,0,-56.1821,-34.9135,1000,19,1,1683981352,1735022441,0
UMTS,748,10,19730,68982388,0,-57.5151,-34.3777,4249,8,1,1683981696,1742970828,0
UMTS,748,10,19730,68992254,0,-57.6139,-34.2666,1000,3,1,1683982571,1752730405,0
UMTS,748,10,19730,69002254,0,-57.6156,-34.2628,1000,6,1,1683990697,1752730438,0
UMTS,748,10,19730,68972254,0,-57.5946,-34.2911,4659,5,1,1683991594,1752730423,0
UMTS,748,10,19240,69047695,0,-57.4401,-34.3612,4567,13,1,1683992531,1751522327,0
UMTS,748,1,106,1860333,0,-56.0722,-34.8815,1000,21,1,1683994114,1770531211,0
UMTS,748,1,129,1945228,0,-56.1842,-34.8999,1000,24,1,1684002564,1760068701,0
UMTS,748,1,110,1925838,0,-56.2652,-34.8751,867,25,1,1684045251,1751347174,0
UMTS,748,1,110,1925829,0,-56.2676,-34.8844,1000,21,1,1684047976,1738562822,0
UMTS,748,1,108,1945108,0,-56.1618,-34.8956,2293,10,1,1684061742,1763441663,0
UMTS,748,1,106,1860332,0,-56.067,-34.8769,1474,40,1,1684086149,1770531226,0
UMTS,748,1,108,1925108,0,-56.1636,-34.8942,500,26,1,1684088877,1751347087,0
GSM,748,1,27,2733,-1,-56.1425,-34.7946,7832,24,1,1684154808,1745731241,0
UMTS,748,1,103,1857453,0,-55.9575,-34.735,5028,26,1,1684134118,1758180356,0
UMTS,748,1,103,1877914,0,-55.9499,-34.7222,1563,13,1,1684135060,1773556920,0
UMTS,748,1,103,1880262,0,-56.0246,-34.7766,1815,21,1,1684135971,1767161326,0
UMTS,748,1,125,1945699,0,-56.1902,-34.8713,1268,23,1,1684140789,1760586829,0
UMTS,748,1,101,1925559,0,-56.2044,-34.903,1000,15,1,1684146790,1777005207,0
UMTS,748,1,118,1944269,0,-56.1324,-34.9013,1000,21,1,1684147875,1747805668,0
GSM,748,10,9220,12223,-1,-56.2015,-34.8876,4666,8,1,1684175267,1736923313,0
GSM,748,10,9220,12132,-1,-56.1996,-34.8913,5045,17,1,1684175267,1758859414,0
UMTS,748,1,103,1857454,0,-55.955,-34.7023,1878,5,1,1684260338,1760848372,0
UMTS,748,1,103,1877454,0,-55.9528,-34.7069,1110,7,1,1684261237,1774928522,0
UMTS,748,1,116,1855403,0,-55.7163,-34.6692,9008,20,1,1684206560,1777521370,0
UMTS,748,10,19240,69019000,0,-54.9775,-34.8855,1242,13,1,1684211540,1751694128,0
UMTS,748,10,19240,69069000,0,-54.9881,-34.8934,2287,8,1,1684227848,1747115024,0
UMTS,748,1,121,1733072,0,-54.9556,-34.9102,1000,10,1,1684213864,1777780546,0
UMTS,748,1,108,1924900,0,-56.1483,-34.8951,1000,21,1,1684214128,1742710898,0
UMTS,748,10,19240,69028529,0,-54.9388,-34.8227,3619,16,1,1684216078,1750829609,0
UMTS,748,1,121,1733071,0,-54.96,-34.914,1000,7,1,1684218336,1778298940,0
UMTS,748,10,19240,69018994,0,-54.9254,-34.76,16638,18,1,1684217871,1751436136,0
UMTS,748,1,109,1944430,0,-56.1488,-34.9103,1000,11,1,1684219740,1744606332,0
UMTS,748,1,101,1945379,0,-56.1815,-34.9138,1000,17,1,1684220685,1755057310,0
UMTS,748,1,121,1753060,0,-54.9531,-34.9128,1000,15,1,1684224667,1772260539,0
UMTS,748,1,121,1732651,0,-54.9553,-34.9114,1000,6,1,1684222903,1779337955,0
GSM,748,10,9220,32025,-1,-56.2047,-34.9079,1029,4,1,1684261610,1757906157,0
GSM,748,10,9220,12025,-1,-56.2027,-34.8922,2333,7,1,1684222839,1758859414,0
UMTS,748,1,121,1752651,0,-54.9555,-34.912,1000,3,1,1684223782,1773384185,0
UMTS,748,1,125,1945928,0,-56.2075,-34.8772,1000,4,1,1684224173,1759982242,0
UMTS,748,1,121,1733060,0,-54.9529,-34.913,1000,19,1,1684225567,1777005268,0
UMTS,748,10,19240,69049000,0,-54.9784,-34.8856,1000,9,1,1684228714,1748496980,0
UMTS,748,1,117,1875912,0,-55.3872,-34.7533,1519,6,1,1684229191,1773982379,0
UMTS,748,1,118,1924320,0,-56.1515,-34.9032,1000,12,1,1684230946,1779597157,0
UMTS,748,1,116,1857933,0,-55.5317,-34.6943,9418,6,1,1684231002,1777521371,0
UMTS,748,1,116,1859212,0,-55.7593,-34.6749,14244,22,1,1684231907,1777521369,0
UMTS,748,1,116,1858274,0,-55.9715,-34.8252,1155,18,1,1684246859,1774583631,0
UMTS,748,1,116,1878272,0,-55.9559,-34.8345,1106,7,1,1684247759,1769842158,0
UMTS,748,1,106,1858372,0,-56.0436,-34.8544,1038,22,1,1684247958,1762577864,0
UMTS,748,1,106,1858453,0,-56.0648,-34.8942,757,50,1,1684248672,1756872066,0
UMTS,748,1,116,1876254,0,-56.0159,-34.8179,1128,22,1,1684248858,1768716648,0
GSM,748,10,9303,34039,-1,-56.2151,-34.2569,3139,8,1,1684257773,1753073058,0
UMTS,748,1,125,1945759,0,-56.1845,-34.8603,1000,17,1,1684332723,1767854410,0
UMTS,748,10,19730,68953849,0,-56.1632,-32.3982,3523,3,1,1684295703,1743832713,0
UMTS,748,1,125,1945968,0,-56.2025,-34.8718,1000,19,1,1684297891,1754020871,0
UMTS,748,1,108,1924978,0,-56.1553,-34.8892,500,31,1,1684323972,1750409358,0
UMTS,748,1,125,1925918,0,-56.1991,-34.8756,1000,22,1,1684317360,1753762872,0
UMTS,748,1,116,1878233,0,-55.9957,-34.8599,1000,6,1,1684319870,1764910808,0
UMTS,748,10,19730,69002210,0,-56.5318,-33.3752,4490,10,1,1684323024,1750409347,0
UMTS,748,1,101,1925539,0,-56.2009,-34.9042,1000,11,1,1684324596,1751607854,0
UMTS,748,1,118,1944260,0,-56.1406,-34.8916,1000,20,1,1684325798,1755748643,0
UMTS,748,10,19220,68896358,430,-56.1856,-34.8851,1000,16,1,1684330979,1744350040,0
UMTS,748,1,122,1753700,0,-57.8275,-34.2789,15256,23,1,1684334929,1759464264,0
UMTS,748,1,125,1945940,0,-56.2024,-34.8687,1000,19,1,1684332117,1733724304,0
UMTS,748,1,122,1733700,0,-57.8309,-34.2724,13229,19,1,1684338561,1779942767,0
UMTS,748,1,103,1875073,0,-55.9983,-34.7553,2263,10,1,1684343299,1770446045,0
UMTS,748,1,110,1733657,0,-56.2953,-34.8853,1223,12,1,1684352868,1734072099,0
UMTS,748,1,110,1733659,0,-56.2944,-34.891,1000,13,1,1684353420,1737872199,0
UMTS,748,1,110,1753659,0,-56.2945,-34.8907,1000,10,1,1684357199,1738562819,0
UMTS,748,1,110,1753657,0,-56.2937,-34.8861,1155,15,1,1684358099,1738562818,0
UMTS,748,1,115,1945889,0,-56.1905,-34.8833,1000,22,1,1684405249,1752730447,0
GSM,748,1,41,1595,-1,-55.7254,-34.5035,10178,2,1,1684403329,1734159025,0
UMTS,748,1,103,1856553,0,-56.0179,-34.7818,1176,9,1,1684409195,1774844938,0
UMTS,748,1,106,1878333,0,-56.0234,-34.8699,1000,9,1,1684411557,1755404135,0
UMTS,748,1,116,1877134,0,-55.9601,-34.8276,1000,5,1,1684414253,1751863227,0
UMTS,748,1,109,1944429,0,-56.1504,-34.9121,1000,20,1,1684417738,1741157500,0
UMTS,748,1,115,1945898,0,-56.1968,-34.8815,1108,23,1,1684417875,1753763036,0
GSM,748,10,9620,12202,-1,-56.2481,-34.8416,4834,23,1,1684422019,1759808962,0
GSM,748,10,9220,12021,-1,-56.1761,-34.8982,1000,23,1,1684422919,1761713619,0
GSM,748,10,9222,12081,-1,-56.1852,-34.8876,1413,25,1,1684422919,1761280431,0
GSM,748,10,9220,12024,-1,-56.1802,-34.8931,1593,22,1,1684422919,1761626601,0
GSM,748,10,9220,12027,-1,-56.1859,-34.8952,1000,24,1,1684422919,1761626601,0
UMTS,748,1,109,1924450,0,-56.1595,-34.9096,1000,22,1,1684423758,1751088269,0
GSM,748,10,9222,12028,-1,-56.1611,-34.8912,2480,22,1,1684423819,1761366588,0
UMTS,748,1,109,1924449,0,-56.1572,-34.9104,1000,12,1,1684424658,1764392197,0
GSM,748,10,9222,12069,-1,-56.1305,-34.8967,1880,21,1,1684433719,1761193914,0
GSM,748,10,9224,12284,-1,-56.1304,-34.8831,1381,23,1,1684424719,1761113032,0
GSM,748,10,9223,12310,-1,-56.1065,-34.8845,2489,26,1,1684424719,1761025890,0
GSM,748,10,9223,12088,-1,-56.1259,-34.897,1499,22,1,1684428319,1758859320,0
UMTS,748,1,109,1924628,0,-56.1648,-34.9193,1000,17,1,1684427380,1748841202,0
UMTS,748,1,109,1944628,0,-56.1639,-34.9198,1000,10,1,1684428285,1734677755,0
UMTS,748,10,19730,68982944,0,-55.9727,-31.7277,1000,12,1,1684432109,1749535199,0
UMTS,748,10,19730,68982352,0,-55.9893,-31.7422,6225,21,1,1684433005,1746337472,0
UMTS,748,10,19730,68982980,0,-56.4927,-32.853,3559,7,1,1684439430,1750225543,0
UMTS,748,1,100,1878154,0,-56.1524,-34.8651,1000,9,1,1684441975,1761280439,0
UMTS,748,10,19730,68972256,0,-56.3242,-33.7321,4918,17,1,1684467425,1750521072,0
UMTS,748,10,19240,69047809,0,-56.3106,-34.4685,6622,11,1,1684472835,1746253428,0
UMTS,748,1,103,1877593,0,-56.2338,-34.692,2045,13,1,1684478289,1775879921,0
UMTS,748,1,125,1945910,0,-56.196,-34.8756,1000,21,1,1684479041,1755316483,0
UMTS,748,1,103,1857593,0,-56.2373,-34.6899,1858,12,1,1684479211,1778644261,0
UMTS,748,1,101,1925350,0,-56.2009,-34.9095,1000,21,1,1684479946,1759074061,0
UMTS,748,1,125,1945629,0,-56.1685,-34.8631,1000,19,1,1684479982,1753417866,0
UMTS,748,1,103,1855513,0,-56.0346,-34.7397,2139,5,1,1684492857,1738391548,0
GSM,748,10,9226,12151,-1,-56.1746,-34.8617,1170,22,1,1684520516,1761193938,0
GSM,748,10,9226,12311,-1,-56.1722,-34.8524,2039,23,1,1684520516,1761113072,0
UMTS,748,1,103,1876943,0,-56.0009,-34.7866,1280,12,1,1684493793,1773211321,0
UMTS,748,1,116,1855624,0,-56.0278,-34.8459,5693,19,1,1684495562,1761799756,0
GSM,748,10,9226,18645,-1,-56.1819,-34.8594,2266,23,1,1684520516,1761280152,0
UMTS,748,1,103,1856674,0,-56.0992,-34.7856,1322,8,1,1684496526,1771220034,0
UMTS,748,1,101,1925358,0,-56.1917,-34.9087,1000,15,1,1684499443,1772174499,0
UMTS,748,1,125,1945970,0,-56.2081,-34.8709,1000,21,1,1684499158,1742883530,0
GSM,748,10,9226,12237,-1,-56.176,-34.844,3046,23,1,1684513326,1761194035,0
UMTS,748,10,19730,68992944,0,-55.9893,-31.7408,5547,25,1,1684509037,1746164205,0
UMTS,748,1,103,1856673,0,-56.083,-34.7923,2168,16,1,1684514646,1755057575,0
UMTS,748,1,118,1924298,0,-56.1392,-34.9031,1000,12,1,1684518348,1755316527,0
UMTS,748,1,129,1924680,0,-56.1643,-34.9084,1000,19,1,1684584004,1776138377,0
UMTS,748,10,19240,69037821,0,-56.1917,-34.1002,5229,10,1,1684588576,1743229315,0
UMTS,748,1,125,1925969,0,-56.2042,-34.8738,1000,15,1,1684599491,1779164949,0
UMTS,748,1,118,1944179,0,-56.1296,-34.883,1000,22,1,1684646265,1740034109,0
UMTS,748,1,106,1858584,0,-56.1202,-34.89,1000,13,1,1684648072,1740291573,0
UMTS,748,1,103,1877913,0,-55.9643,-34.7433,3193,22,1,1684731722,1776659411,0
UMTS,748,1,106,1878412,0,-56.0545,-34.8838,1000,21,1,1684758976,1749535161,0
UMTS,748,10,19240,69049099,0,-54.9457,-34.867,2426,20,1,1684772188,1752556998,0
UMTS,748,1,110,1753688,0,-56.327,-34.8731,1268,16,1,1684792621,1741416797,0
UMTS,748,1,125,1945969,0,-56.2043,-34.8733,500,47,1,1684825642,1734424215,0
UMTS,748,1,125,1945909,0,-56.1918,-34.8759,1000,19,1,1684816073,1754365666,0
UMTS,748,1,125,1945908,0,-56.1952,-34.872,1000,12,1,1684816973,1754365663,0
UMTS,748,1,103,1876322,0,-56.0678,-34.7929,1084,25,1,1684817538,1759293026,0
UMTS,748,1,121,1752951,0,-54.9705,-34.9202,1000,5,1,1684819354,1737615085,0
UMTS,748,1,121,1732931,0,-54.9973,-34.9061,2026,5,1,1684829264,1777005310,0
UMTS,748,1,107,1756770,0,-55.1184,-34.863,1000,3,1,1684830162,1734244632,0
UMTS,748,1,101,1925508,0,-56.2038,-34.9053,1000,10,1,1684831826,1749621614,0
UMTS,748,1,117,1878204,0,-55.4656,-34.7726,7301,11,1,1684831970,1776397990,0
UMTS,748,1,101,1925540,0,-56.2037,-34.9034,1000,2,1,1684832732,1754020864,0
GSM,748,1,25,973,-1,-56.1111,-34.8407,8368,23,1,1684835511,1744436666,0
UMTS,748,1,101,1925528,0,-56.201,-34.9069,1000,23,1,1684839491,1758917641,0
UMTS,748,1,109,1924390,0,-56.1469,-34.9082,1000,18,1,1684844058,1754970915,0
UMTS,748,10,19220,68897452,452,-56.1663,-34.8825,1000,11,1,1684845939,1742590381,0
UMTS,748,1,116,1876913,0,-56.0125,-34.8581,1000,3,1,1684851760,1751778807,0
UMTS,748,1,116,1876442,0,-55.9723,-34.8455,1000,13,1,1684852660,1736923326,0
UMTS,748,10,19240,69017750,0,-56.1957,-34.1025,2355,25,1,1684853705,1749880818,0
UMTS,748,10,19240,69029133,0,-56.2159,-34.0826,1000,19,1,1684855505,1747718790,0
UMTS,748,1,106,1858502,0,-56.0964,-34.8875,1000,21,1,1684858960,1773124222,0
UMTS,748,1,129,1944730,0,-56.1723,-34.9072,1000,13,1,1684867814,1754365736,0
GSM,748,10,9701,27081,-1,-56.1347,-32.1739,10471,15,1,1684868295,1739515858,0
GSM,748,10,9701,27069,-1,-56.1403,-32.182,3191,15,1,1684868295,1739515858,0
UMTS,748,1,115,1945330,0,-56.1841,-34.8898,1000,21,1,1684922223,1758180389,0
UMTS,748,1,116,1876984,0,-55.9844,-34.8375,1000,14,1,1684922948,1754886672,0
UMTS,748,1,100,1858062,0,-56.1534,-34.8595,832,25,1,1684924678,1778484343,0
UMTS,748,1,116,1858233,0,-55.9994,-34.8622,1000,4,1,1684924746,1760413789,0
UMTS,748,10,19240,69027821,0,-56.2028,-34.0915,1000,8,1,1684926098,1743229338,0
UMTS,748,1,103,1860264,0,-56.0536,-34.7769,1141,23,1,1684989763,1777521364,0
GSM,748,10,9226,12119,-1,-56.2176,-34.8331,2811,25,1,1685015963,1759725078,0
GSM,748,10,9620,12065,-1,-56.2114,-34.8234,4955,24,1,1685015963,1760154541,0
GSM,748,10,9226,12063,-1,-56.1932,-34.8321,3832,23,1,1685002274,1757389870,0
UMTS,748,1,101,1945539,0,-56.2012,-34.9046,1000,11,1,1685002692,1756266774,0
GSM,748,10,9620,14146,-1,-56.2558,-34.7482,8298,19,1,1685003180,1754192681,0
GSM,748,10,9620,12249,-1,-56.2678,-34.7112,7730,10,1,1685007757,1754192681,0
GSM,748,10,9303,34018,-1,-56.2514,-34.6285,4188,5,1,1685013209,1748149236,0
GSM,748,10,9303,24019,-1,-56.2729,-34.6689,6513,10,1,1685013209,1748149236,0
GSM,748,10,9620,16271,-1,-56.3317,-34.6894,9138,7,1,1685006839,1758255051,0
GSM,748,10,9620,13686,-1,-56.2947,-34.6617,4841,2,1,1685009554,1741761791,0
GSM,748,10,9620,14006,-1,-56.2334,-34.7262,5593,6,1,1685015049,1753073015,0
GSM,748,10,9303,14008,-1,-56.2415,-34.6738,3668,11,1,1685015049,1748149249,0
GSM,748,10,9225,12297,-1,-56.2057,-34.8485,5776,21,1,1685015963,1759638549,0
GSM,748,10,9620,12138,-1,-56.2027,-34.8173,6457,21,1,1685015963,1757994583,0
GSM,748,10,9226,12053,-1,-56.1842,-34.8579,3109,26,1,1685016866,1761193786,0
UMTS,748,1,116,1858253,0,-55.9222,-34.7935,1000,8,1,1685018010,1770188096,0
UMTS,748,1,116,1877374,0,-55.9829,-34.8137,4138,26,1,1685020826,1774583752,0
UMTS,748,1,116,1858272,0,-55.9546,-34.8338,1679,11,1,1685025701,1756872064,0
UMTS,748,1,106,1878562,0,-56.0988,-34.8898,1000,6,1,1685027501,1755404133,0
UMTS,748,10,19240,69039133,0,-56.2111,-34.0922,1446,10,1,1685032703,1750740426,0
UMTS,748,1,122,1717860,0,-56.7066,-34.314,1280,22,1,1685046007,1778039896,0
UMTS,748,1,181,1766691,0,-56.4191,-34.4424,1937,14,1,1685047781,1772692714,0
UMTS,748,10,19730,69002944,0,-55.9781,-31.7189,1949,10,1,1685079746,1749795169,0
UMTS,748,1,181,1732130,0,-56.2688,-34.4654,9365,24,1,1685048731,1780374614,0
UMTS,748,1,103,1766912,0,-56.0653,-34.5044,6242,8,1,1685049579,1738391493,0
UMTS,748,1,103,1855313,0,-56.0639,-34.7912,1405,9,1,1685078859,1738391549,0
UMTS,748,10,19730,68963593,0,-55.9736,-31.7096,1067,9,1,1685081528,1743832642,0
UMTS,748,10,19730,68972352,0,-55.977,-31.73,1040,4,1,1685082427,1743832662,0
UMTS,748,1,106,1858604,0,-56.1229,-34.8814,1138,24,1,1685087890,1770531221,0
UMTS,748,1,110,1945829,0,-56.2671,-34.8828,1895,21,1,1685097985,1743311817,0
UMTS,748,10,19730,68952980,0,-56.4856,-32.8479,2833,26,1,1685100557,1746164166,0
GSM,748,10,9222,12654,-1,-56.1683,-34.8729,1869,25,1,1685110993,1761366588,0
UMTS,748,1,103,1856323,0,-56.0742,-34.7946,1251,17,1,1685115377,1747201396,0
UMTS,748,1,106,1858482,0,-56.0857,-34.8791,1000,10,1,1685171260,1771477058,0
UMTS,748,1,116,1857142,0,-55.9641,-34.8257,1000,14,1,1685174868,1770710510,0
UMTS,748,1,106,1858392,0,-56.0317,-34.879,1749,13,1,1685177611,1763268025,0
UMTS,748,1,110,1925858,0,-56.249,-34.8916,1000,12,1,1685180034,1745297897,0
UMTS,748,1,110,1945830,0,-56.2706,-34.8814,1939,24,1,1685192417,1743832688,0
UMTS,748,1,116,1877704,0,-55.9079,-34.798,1000,4,1,1685200763,1755662102,0
UMTS,748,1,116,1857903,0,-55.8562,-34.7784,1191,17,1,1685202562,1773982307,0
UMTS,748,1,116,1857373,0,-55.9998,-34.8266,1153,21,1,1685203461,1770012385,0
UMTS,748,1,125,1925669,0,-56.1626,-34.8803,1000,7,1,1685212037,1754970830,0
UMTS,748,10,19220,68907466,146,-56.1273,-34.8889,500,30,1,1685213527,1743314762,0
UMTS,748,1,101,1945398,0,-56.1926,-34.9049,528,26,1,1685266241,1750409452,0
UMTS,748,1,108,1945130,0,-56.1734,-34.8932,559,25,1,1685299462,1743659270,0
UMTS,748,1,103,1880263,0,-56.0405,-34.7801,4413,18,1,1685333266,1752643878,0
UMTS,748,1,103,1855312,0,-56.0598,-34.7841,1000,22,1,1685371933,1746941166,0
UMTS,748,1,125,1945930,0,-56.2136,-34.8729,1000,24,1,1685348606,1757649814,0
GSM,748,10,9222,12309,-1,-56.173,-34.8714,2044,24,1,1685362690,1761280207,0
UMTS,748,1,108,1924938,0,-56.1571,-34.8969,1000,15,1,1685362068,1750409361,0
GSM,748,10,9226,12232,-1,-56.1809,-34.8662,1397,22,1,1685365412,1761280152,0
GSM,748,10,9222,12155,-1,-56.1656,-34.8906,5756,24,1,1685366298,1760758983,0
GSM,748,10,9222,12287,-1,-56.161,-34.886,1193,24,1,1685366298,1761193918,0
GSM,748,10,9222,12653,-1,-56.1686,-34.8845,1799,23,1,1685366298,1760673555,0
GSM,748,10,9222,12102,-1,-56.1533,-34.8834,1181,24,1,1685366298,1761193914,0
GSM,748,10,9224,12283,-1,-56.1483,-34.8778,1000,23,1,1685367225,1760413789,0
GSM,748,10,9224,12103,-1,-56.1364,-34.8565,2519,26,1,1685384365,1761193783,0
GSM,748,10,9224,12677,-1,-56.1378,-34.8627,2615,21,1,1685384365,1761193751,0
GSM,748,10,9224,12167,-1,-56.1326,-34.864,1725,26,1,1685368124,1761112901,0
UMTS,748,1,125,1945918,0,-56.1988,-34.876,1000,19,1,1685373856,1753762873,0
UMTS,748,1,110,1945849,0,-56.2709,-34.8821,6550,15,1,1685389135,1744521953,0
UMTS,748,1,110,1925849,0,-56.273,-34.8786,6122,9,1,1685390045,1739860706,0
UMTS,748,1,118,1944218,0,-56.1261,-34.8896,1000,13,1,1685398750,1741935088,0
UMTS,748,1,125,1925909,0,-56.1917,-34.8756,1000,21,1,1685432335,1778387631,0
UMTS,748,1,107,1565524,0,-55.2194,-34.4012,3611,10,1,1685438651,1772866073,0
UMTS,748,1,106,1880342,0,-56.0759,-34.8713,1199,19,1,1685438031,1759896069,0
UMTS,748,1,107,1562504,0,-55.2076,-34.434,7403,15,1,1685439921,1736143059,0
UMTS,748,1,100,1858154,0,-56.1521,-34.8647,1000,18,1,1685453617,1745467390,0
UMTS,748,1,116,1857393,0,-56.0051,-34.8494,1000,6,1,1685455559,1751778795,0
UMTS,748,1,115,1925898,0,-56.1969,-34.8807,1000,20,1,1685455921,1758180395,0
UMTS,748,1,106,1878552,0,-56.1101,-34.8933,1000,4,1,1685459761,1736491285,0
UMTS,748,1,106,1858363,0,-56.0432,-34.8757,1000,17,1,1685458319,1776138206,0
UMTS,748,1,109,1924478,0,-56.1519,-34.91,1000,12,1,1685461356,1775965360,0
UMTS,748,1,108,1945110,0,-56.1649,-34.8954,1000,18,1,1685464976,1737615100,0
UMTS,748,10,19730,68953347,0,-57.8501,-32.0324,7255,8,1,1685496004,1747805612,0
UMTS,748,1,103,1767371,0,-56.1054,-34.7047,1000,2,1,1685507219,1769669151,0
UMTS,748,1,103,1766850,0,-56.0585,-34.6453,1528,17,1,1685508117,1779164981,0
UMTS,748,1,108,1945030,0,-56.158,-34.8803,1000,14,1,1685512634,1750050207,0
GSM,748,10,9622,32084,-1,-56.1611,-34.8059,1610,21,1,1685518488,1761025907,0
GSM,748,10,9621,14027,-1,-56.0191,-34.8364,3082,24,1,1685514780,1761112886,0
GSM,748,10,9621,14034,-1,-56.0108,-34.798,3768,24,1,1685517510,1760758837,0
GSM,748,10,9621,14190,-1,-56.0085,-34.8199,2825,25,1,1685516594,1761112886,0
GSM,748,10,9622,12673,-1,-56.1531,-34.801,4369,22,1,1685518488,1761025907,0
GSM,748,10,9620,12044,-1,-56.1648,-34.798,7894,21,1,1685518488,1757305719,0
GSM,748,10,9620,12265,-1,-56.1547,-34.7928,7399,14,1,1685518488,1753161746,0
UMTS,748,1,104,1561632,0,-55.6971,-33.1926,9782,3,1,1685542516,1759551360,0
UMTS,748,1,104,1564506,0,-55.6181,-32.92,12709,14,1,1685537993,1762663392,0
UMTS,748,1,104,1561506,0,-55.6256,-32.937,12983,13,1,1685539811,1759808963,0
UMTS,748,1,125,1945919,0,-56.1993,-34.877,1000,19,1,1685524465,1753161734,0
UMTS,748,1,109,1924509,0,-56.1587,-34.9185,1000,7,1,1685527081,1750311992,0
UMTS,748,1,129,1925188,0,-56.1848,-34.9045,1976,28,1,1685529504,1735022328,0
UMTS,748,10,19240,69019099,0,-54.9485,-34.8802,1646,13,1,1685532833,1743573075,0
UMTS,748,1,104,1561674,0,-55.7467,-33.1035,3312,2,1,1685541616,1759551362,0
UMTS,748,1,125,1925919,0,-56.1991,-34.8767,1000,14,1,1685543374,1753161736,0
UMTS,748,1,125,1925949,0,-56.1995,-34.8824,1000,21,1,1685544355,1780115568,0
GSM,748,1,26,2732,-1,-56.2047,-34.8414,6269,23,1,1685550658,1738479020,0
UMTS,748,1,129,1945248,0,-56.188,-34.904,500,25,1,1685551112,1750740423,0
GSM,748,1,27,2713,-1,-56.1136,-34.7896,2694,13,1,1685551558,1735022412,0
UMTS,748,1,115,1925890,0,-56.1941,-34.8852,552,25,1,1685557378,1755748705,0
UMTS,748,1,118,1944288,0,-56.1426,-34.9074,1000,12,1,1685557421,1751694181,0
UMTS,748,1,109,1944508,0,-56.1568,-34.9193,1000,11,1,1685643980,1751001626,0
UMTS,748,1,109,1944659,0,-56.1801,-34.9137,1000,21,1,1685563686,1760068789,0
GSM,748,10,9225,12616,-1,-56.2619,-34.8588,6649,23,1,1685575633,1759725076,0
GSM,748,10,9620,12690,-1,-56.2506,-34.838,6680,11,1,1685573537,1753161483,0
GSM,748,10,9224,22068,-1,-56.1288,-34.8596,3238,26,1,1685576577,1761025955,0
GSM,748,10,9622,12052,-1,-56.106,-34.8251,3242,22,1,1685576223,1761193760,0
GSM,748,10,9224,12067,-1,-56.139,-34.8715,1330,23,1,1685572956,1760154262,0
GSM,748,10,9622,16324,-1,-56.1156,-34.836,1000,24,1,1685574490,1760759056,0
UMTS,748,10,19220,68886380,0,-56.2086,-34.9009,1000,5,1,1685575364,1754192801,0
GSM,748,10,9222,12115,-1,-56.1903,-34.8786,2330,24,1,1685576241,1761193985,0
UMTS,748,1,101,1945360,0,-56.1938,-34.9088,1000,11,1,1685597086,1764651987,0
UMTS,748,1,125,1945939,0,-56.2012,-34.8717,1000,18,1,1685606986,1753762874,0
UMTS,748,1,106,1878454,0,-56.0727,-34.8893,1018,50,1,1685625332,1755662063,0
UMTS,748,1,103,1876323,0,-56.0732,-34.7933,1293,21,1,1685628903,1770101689,0
UMTS,748,1,118,1924260,0,-56.1399,-34.8925,1000,24,1,1685638862,1740376244,0
UMTS,748,1,110,1925830,0,-56.2721,-34.8813,1224,13,1,1685641931,1749016962,0
UMTS,748,1,109,1944518,0,-56.1557,-34.9162,1000,19,1,1685644880,1749880625,0
UMTS,748,1,106,1858393,0,-56.0477,-34.8848,1632,21,1,1685690235,1763268024,0
UMTS,748,10,19240,69047535,0,-56.137,-34.7842,1686,26,1,1685647348,1750138910,0
UMTS,748,1,139,1562492,0,-54.7951,-34.382,1000,2,1,1685676554,1735022299,0
UMTS,748,1,139,1562485,0,-54.8203,-34.538,2561,6,1,1685677466,1745991556,0
UMTS,748,1,107,1562415,0,-54.7274,-34.7191,10780,4,1,1685679702,1772606309,0
UMTS,748,1,107,1565415,0,-54.8893,-34.7152,21824,13,1,1685678389,1779510771,0
UMTS,748,1,125,1925709,0,-56.1745,-34.874,500,39,1,1685680165,1753763030,0
UMTS,748,1,107,1733352,0,-54.6956,-34.7537,6391,20,1,1685694724,1769494575,0
UMTS,748,1,107,1753352,0,-54.7137,-34.7559,7855,17,1,1685707055,1768631806,0
UMTS,748,1,107,1765730,0,-54.8878,-34.7868,5004,23,1,1685713042,1779510779,0
UMTS,748,1,107,1755571,0,-54.9114,-34.7943,1000,21,1,1685706154,1780029187,0
UMTS,748,1,107,1732612,0,-54.9195,-34.8303,3220,10,1,1685687492,1779165155,0
GSM,748,10,9224,12112,-1,-56.1524,-34.8774,2501,24,1,1685687563,1761193751,0
GSM,748,10,9226,12322,-1,-56.1557,-34.8734,1657,23,1,1685687563,1761193751,0
UMTS,748,1,121,1753080,0,-54.9507,-34.8803,541,25,1,1685721212,1776311317,0
GSM,748,10,9221,12140,-1,-56.1565,-34.8982,1538,25,1,1685730103,1761025883,0
GSM,748,10,9221,12019,-1,-56.1656,-34.9004,1722,25,1,1685729203,1761280299,0
UMTS,748,1,106,1859064,0,-56.0622,-34.8674,1000,19,1,1685688736,1770710507,0
UMTS,748,1,121,1753061,0,-54.9526,-34.9153,1000,7,1,1685688801,1753336354,0
UMTS,748,1,106,1858414,0,-56.0635,-34.8844,1323,24,1,1685689335,1753504163,0
UMTS,748,1,121,1733131,0,-54.9661,-34.8999,1000,6,1,1685691119,1780201908,0
UMTS,748,1,121,1752141,0,-54.962,-34.8864,3585,15,1,1685701567,1776573142,0
UMTS,748,1,121,1733080,0,-54.9511,-34.8811,1000,24,1,1685692407,1780461012,0
UMTS,748,1,107,1755730,0,-54.8894,-34.7874,4136,25,1,1685693831,1776138387,0
UMTS,748,1,107,1733457,0,-54.8458,-34.7704,9681,8,1,1685694245,1779510777,0
UMTS,748,1,115,1945890,0,-56.1941,-34.884,1477,21,1,1685697642,1755748715,0
GSM,748,10,9221,12175,-1,-56.156,-34.9049,1484,23,1,1685699285,1760673544,0
GSM,748,10,9221,12037,-1,-56.1518,-34.9052,963,26,1,1685699285,1760673544,0
GSM,748,10,9221,32351,-1,-56.1607,-34.9149,1000,24,1,1685700189,1759551313,0
GSM,748,10,9221,22203,-1,-56.159,-34.9171,690,25,1,1685700189,1756872008,0
GSM,748,10,9221,12351,-1,-56.1579,-34.9205,500,26,1,1685700189,1749103324,0
GSM,748,10,9221,12203,-1,-56.1608,-34.9139,1000,24,1,1685700189,1759982335,0
GSM,748,10,9221,22351,-1,-56.1587,-34.9207,500,25,1,1685700189,1749103324,0
GSM,748,10,9221,12099,-1,-56.1447,-34.9111,5877,24,1,1685700189,1761113133,0
GSM,748,10,9221,12301,-1,-56.1589,-34.9141,1000,24,1,1685700189,1760154534,0
GSM,748,10,9621,12114,-1,-56.0415,-34.8689,3293,23,1,1685702015,1760154431,0
GSM,748,10,9621,16325,-1,-56.0471,-34.8872,2039,22,1,1685702015,1760759092,0
UMTS,748,1,121,1732662,0,-54.9632,-34.9044,1000,10,1,1685720457,1780201969,0
UMTS,748,1,121,1732652,0,-54.9624,-34.9113,1000,9,1,1685718910,1779769951,0
GSM,748,10,9621,14098,-1,-56.0127,-34.8282,6567,22,1,1685702921,1761025898,0
GSM,748,10,9621,16274,-1,-56.0259,-34.8512,5897,25,1,1685707456,1760848166,0
GSM,748,10,9621,14026,-1,-56.035,-34.8607,2451,26,1,1685707456,1760586963,0
UMTS,748,1,118,1944230,0,-56.1313,-34.8927,1000,15,1,1685708723,1751863217,0
UMTS,748,1,100,1878159,0,-56.1516,-34.8626,1446,15,1,1685709186,1747374535,0
GSM,748,10,9622,12107,-1,-56.094,-34.8094,6219,22,1,1685711981,1761193760,0
GSM,748,10,9622,12206,-1,-56.0893,-34.804,7689,21,1,1685710168,1761112886,0
UMTS,748,1,107,1733452,0,-54.8501,-34.7814,5658,10,1,1685712485,1773211268,0
UMTS,748,1,103,1877773,0,-56.1142,-34.8059,2181,20,1,1685712531,1755057571,0
GSM,748,10,9226,12660,-1,-56.1358,-34.8493,2647,24,1,1685712904,1761113048,0
GSM,748,10,9226,12060,-1,-56.1559,-34.8333,6553,24,1,1685712904,1760759001,0
GSM,748,10,9226,12051,-1,-56.1607,-34.8547,2368,25,1,1685712904,1760586678,0
GSM,748,10,9224,12049,-1,-56.1249,-34.8391,8094,24,1,1685712904,1761112881,0
GSM,748,10,9224,12137,-1,-56.1321,-34.8468,5001,22,1,1685712904,1761113098,0
GSM,748,10,9224,12048,-1,-56.13,-34.8442,4709,21,1,1685713816,1761112881,0
GSM,748,10,9622,36324,-1,-56.1218,-34.8425,1180,24,1,1685713816,1760759056,0
UMTS,748,1,108,1924918,0,-56.1578,-34.8989,1000,17,1,1685714271,1749795159,0
UMTS,748,10,19220,68906339,176,-56.1687,-34.8988,1000,12,1,1685714545,1742590328,0
GSM,748,10,9621,13349,-1,-56.0437,-34.8105,6826,23,1,1685714723,1760758826,0
UMTS,748,1,121,1732831,0,-54.9799,-34.8884,1000,13,1,1685714849,1780374543,0
UMTS,748,1,106,1878592,0,-56.1269,-34.8856,1476,36,1,1685715445,1753161523,0
GSM,748,10,9621,14099,-1,-55.9977,-34.8147,5828,22,1,1685716525,1760586694,0
GSM,748,10,9226,22034,-1,-56.1808,-34.8671,2044,22,1,1685719237,1761280152,0
GSM,748,10,9222,12139,-1,-56.1794,-34.8752,1654,21,1,1685720143,1761280189,0
GSM,748,10,9222,12178,-1,-56.1448,-34.9015,3428,23,1,1685816643,1759293020,0
GSM,748,10,9222,12087,-1,-56.1476,-34.8866,1058,24,1,1685732787,1761366559,0
GSM,748,10,9621,14025,-1,-56.0403,-34.8626,7975,23,1,1685736397,1760586858,0
GSM,748,10,9221,12036,-1,-56.1619,-34.9052,1644,25,1,1685738210,1761113131,0
GSM,748,10,9221,12098,-1,-56.1675,-34.908,1014,24,1,1685738210,1761113131,0
GSM,748,10,9221,12264,-1,-56.1644,-34.9037,1269,21,1,1685738210,1761280320,0
UMTS,748,10,19240,69037445,0,-56.2143,-34.787,3215,18,1,1685772580,1747114956,0
GSM,748,10,9222,12091,-1,-56.1505,-34.9084,1000,22,1,1685786097,1759378773,0
GSM,748,10,9222,12029,-1,-56.1484,-34.9019,1577,23,1,1685786097,1759293063,0
UMTS,748,1,115,1925888,0,-56.1933,-34.8806,1000,16,1,1685793687,1750409423,0
UMTS,748,1,110,1733682,0,-56.2907,-34.8598,1202,13,1,1685801809,1742791340,0
UMTS,748,1,109,1924508,0,-56.157,-34.9193,1000,14,1,1685815218,1775965345,0
GSM,748,10,9226,12092,-1,-56.1897,-34.875,3449,24,1,1685872503,1761193786,0
GSM,748,10,9225,12250,-1,-56.2549,-34.8603,3053,9,1,1685885139,1759808997,0
GSM,748,10,9225,12247,-1,-56.292,-34.865,5896,12,1,1685879739,1757216660,0
GSM,748,10,9225,12141,-1,-56.2223,-34.8512,1459,22,1,1685881538,1759808974,0
GSM,748,10,9226,12101,-1,-56.197,-34.8694,1901,22,1,1685886953,1761193985,0
GSM,748,10,9225,12057,-1,-56.2156,-34.8599,7641,22,1,1685887837,1759896131,0
GSM,748,10,9224,12252,-1,-56.1547,-34.8653,3207,21,1,1685887837,1761193751,0
GSM,748,10,9223,12377,-1,-56.0585,-34.8683,6781,24,1,1685966448,1761025892,0
GSM,748,10,9621,14079,-1,-56.0073,-34.7826,4864,24,1,1685964629,1760758837,0
GSM,748,10,9622,14109,-1,-56.0155,-34.7765,5497,25,1,1685964629,1760154504,0
GSM,748,10,9621,14187,-1,-56.0215,-34.8411,3447,21,1,1685936522,1761025898,0
UMTS,748,1,107,1753387,0,-55.0686,-34.74,3730,21,1,1685937055,1779942719,0
GSM,748,10,9223,12104,-1,-56.1128,-34.8914,1319,26,1,1685937429,1760758965,0
GSM,748,10,9223,12298,-1,-56.1072,-34.8935,2346,25,1,1685937429,1760758965,0
GSM,748,10,9622,12676,-1,-56.122,-34.8402,1929,21,1,1685973709,1761112881,0
GSM,748,10,9622,13678,-1,-55.9949,-34.764,3010,26,1,1685941095,1760154504,0
GSM,748,10,9622,14035,-1,-56.0065,-34.7739,3305,24,1,1685941095,1760154504,0
GSM,748,10,9622,16277,-1,-56.0105,-34.7716,2978,21,1,1685941095,1760154504,0
GSM,748,10,9621,12075,-1,-56.0646,-34.8718,8784,26,1,1685942902,1761025872,0
GSM,748,10,9223,32105,-1,-56.0777,-34.8812,2304,23,1,1685942902,1761025872,0
UMTS,748,1,125,1925908,0,-56.1953,-34.8721,1000,14,1,1685967386,1754365660,0
GSM,748,10,9221,12120,-1,-56.152,-34.9114,5268,23,1,1685959247,1761194032,0
GSM,748,10,9221,12302,-1,-56.1531,-34.9093,1000,21,1,1685959247,1759464245,0
GSM,748,10,9221,12040,-1,-56.1607,-34.9129,1239,23,1,1685959247,1759982335,0
GSM,748,10,9223,12072,-1,-56.1007,-34.8847,1780,23,1,1685961006,1760758979,0
UMTS,748,1,103,1877774,0,-56.1241,-34.8015,1000,14,1,1685966240,1753849621,0
GSM,748,10,9223,12108,-1,-56.0595,-34.8598,6395,24,1,1685966448,1760673552,0
UMTS,748,1,101,1925588,0,-56.2045,-34.9035,1000,10,1,1685967083,1751607857,0
UMTS,748,1,125,1945949,0,-56.1997,-34.8829,713,37,1,1685972579,1749880816,0
UMTS,748,1,109,1944388,0,-56.1434,-34.9088,1000,17,1,1685974758,1749977579,0
UMTS,748,1,118,1944328,0,-56.134,-34.9057,759,31,1,1685976557,1744090332,0
GSM,748,10,9222,12321,-1,-56.1808,-34.8814,2179,22,1,1685979513,1761366627,0
GSM,748,10,9222,12033,-1,-56.1825,-34.8727,1671,22,1,1685979513,1761280192,0
GSM,748,10,9222,12166,-1,-56.1778,-34.8907,1816,22,1,1685979513,1761280292,0
UMTS,748,1,106,1878463,0,-56.0881,-34.8962,3685,6,1,1686034905,1740811393,0
UMTS,748,1,115,1945888,0,-56.1928,-34.8806,1000,17,1,1685994571,1754625685,0
GSM,748,10,9222,12289,-1,-56.1293,-34.8997,3451,25,1,1685995933,1761194032,0
GSM,748,10,9222,12038,-1,-56.1382,-34.9014,1275,26,1,1686046476,1761194032,0
UMTS,748,1,125,1925910,0,-56.196,-34.8762,1000,17,1,1686025743,1754797513,0
GSM,748,10,9622,12082,-1,-56.0585,-34.7917,5479,23,1,1686062780,1760758997,0
UMTS,748,1,122,1753369,0,-56.8131,-34.3157,3304,13,1,1686032394,1775536314,0
UMTS,748,1,122,1767241,0,-57.0172,-34.3375,4100,5,1,1686033294,1773556855,0
UMTS,748,10,19220,68887452,446,-56.1669,-34.8816,1000,5,1,1686033366,1742590381,0
UMTS,748,1,125,1925940,0,-56.2025,-34.8688,1289,18,1,1686038951,1738651312,0
GSM,748,10,9222,12041,-1,-56.1448,-34.9038,1000,22,1,1686044644,1758340871,0
UMTS,748,1,125,1925930,0,-56.2132,-34.8735,1493,22,1,1686047459,1778644343,0
GSM,748,10,9621,14078,-1,-56.0092,-34.8213,4818,22,1,1686050119,1761025976,0
GSM,748,10,9224,12070,-1,-56.1078,-34.8687,9188,22,1,1686053719,1761025890,0
UMTS,748,1,125,1945999,0,-56.2095,-34.8653,1000,22,1,1686053808,1750409441,0
GSM,748,10,9622,16300,-1,-56.1027,-34.8238,4370,24,1,1686057346,1761193760,0
GSM,748,10,9226,12055,-1,-56.1674,-34.8418,2103,25,1,1686058263,1761113139,0
GSM,748,10,9226,12317,-1,-56.1739,-34.8688,1722,23,1,1686059149,1761280189,0
UMTS,748,1,109,1924408,0,-56.1518,-34.9132,1000,15,1,1686061255,1740034097,0
GSM,748,10,9220,12689,-1,-56.1815,-34.8976,8302,23,1,1686065514,1761713753,0
UMTS,748,1,124,1755021,0,-57.6175,-32.6968,13937,22,1,1686074584,1745815786,0
UMTS,748,1,124,1765021,0,-57.6169,-32.6972,13946,19,1,1686075484,1745646123,0
UMTS,748,1,106,1858493,0,-56.0872,-34.8921,1000,15,1,1686076525,1742366394,0
UMTS,748,1,124,1765032,0,-57.6453,-32.6861,12857,25,1,1686148560,1777953101,0
UMTS,748,1,124,1755030,0,-57.6376,-32.7142,7660,22,1,1686145903,1763872512,0
GSM,748,10,9403,14268,-1,-55.9863,-34.7651,3307,21,1,1686114381,1760154504,0
UMTS,748,1,124,1755032,0,-57.6495,-32.68,22312,24,1,1686141350,1779165114,0
GSM,748,10,9223,12074,-1,-56.055,-34.8882,1672,24,1,1686116186,1760759092,0
UMTS,748,1,125,1945990,0,-56.2279,-34.87,1000,23,1,1686120708,1757216768,0
UMTS,748,1,125,1925999,0,-56.2091,-34.8657,1000,23,1,1686121223,1754020870,0
UMTS,748,1,121,1732830,0,-54.9749,-34.8856,1000,9,1,1686141844,1780374604,0
UMTS,748,1,121,1752652,0,-54.962,-34.9114,1000,7,1,1686123622,1772513595,0
UMTS,748,1,106,1878582,0,-56.1184,-34.8935,1000,11,1,1686126151,1743659289,0
UMTS,748,1,124,1765030,0,-57.6383,-32.7213,27418,24,1,1686146754,1777723316,0
GSM,748,10,9621,13266,-1,-56.0177,-34.8416,2359,24,1,1686137003,1761025901,0
UMTS,748,1,107,1765571,0,-54.9123,-34.7935,1000,22,1,1686135463,1780115605,0
GSM,748,10,9223,12233,-1,-56.1004,-34.8712,4936,21,1,1686139721,1760758979,0
UMTS,748,1,107,1733531,0,-54.919,-34.7985,3098,26,1,1686140933,1780029120,0
GSM,748,10,9622,12056,-1,-56.1406,-34.8161,4971,25,1,1686144261,1761113138,0
GSM,748,10,9622,12061,-1,-56.1388,-34.816,6169,21,1,1686144261,1761113138,0
UMTS,748,1,124,1752372,0,-57.7688,-32.5919,13262,22,1,1686149467,1779165164,0
GSM,748,10,9622,12083,-1,-56.1129,-34.7958,7373,21,1,1686149691,1759551272,0
UMTS,748,1,123,1756520,0,-57.9466,-32.4733,10757,22,1,1686150367,1777264320,0
GSM,748,10,9222,18691,-1,-56.1669,-34.8846,1301,26,1,1686152410,1760586852,0
UMTS,748,1,101,1945350,0,-56.2019,-34.9096,1000,15,1,1686162400,1759952101,0
UMTS,748,1,103,1857773,0,-56.1135,-34.8105,3710,14,1,1686170506,1755057569,0
GSM,748,10,9221,12039,-1,-56.1642,-34.9124,1486,25,1,1686169608,1759551310,0
GSM,748,10,9221,32203,-1,-56.1619,-34.9156,1950,22,1,1686169608,1759551313,0
UMTS,748,1,109,1944640,0,-56.1747,-34.9132,1000,16,1,1686170821,1754970947,0
UMTS,748,1,122,1733449,0,-57.899,-34.1877,5241,17,1,1686172084,1779942764,0
UMTS,748,1,122,1733702,0,-57.8813,-34.2303,2942,7,1,1686177492,1779942709,0
UMTS,748,1,125,1946009,0,-56.1918,-34.8691,500,25,1,1686199953,1746509883,0
GSM,748,10,9223,12299,-1,-56.0975,-34.8941,1553,25,1,1686203010,1760154536,0
UMTS,748,1,125,1945920,0,-56.2029,-34.8751,1000,13,1,1686205437,1754281857,0
UMTS,748,1,106,1858464,0,-56.078,-34.8929,520,41,1,1686243652,1758180358,0
UMTS,748,1,125,1945988,0,-56.2186,-34.8688,1000,24,1,1686210211,1764305872,0
UMTS,748,1,121,1732140,0,-54.9462,-34.8722,4167,16,1,1686213680,1779769975,0
UMTS,748,1,106,1878363,0,-56.0424,-34.8756,1000,18,1,1686226372,1755748688,0
UMTS,748,1,125,1945979,0,-56.1961,-34.8642,1000,16,1,1686227087,1752125360,0
UMTS,748,1,116,1858264,0,-55.9423,-34.8172,1830,21,1,1686229055,1773639741,0
UMTS,748,1,103,1857774,0,-56.1258,-34.8031,1000,14,1,1686232420,1742970807,0
UMTS,748,1,121,1752662,0,-54.9633,-34.906,1000,4,1,1686234755,1776225044,0
GSM,748,10,9226,22395,-1,-56.1725,-34.8281,6204,21,1,1686236809,1760413805,0
UMTS,748,1,121,1753132,0,-54.971,-34.8918,1000,2,1,1686237453,1735366652,0
UMTS,748,1,123,1743792,0,-58.0751,-32.323,1000,3,1,1686241892,1733639802,0
UMTS,748,1,124,1765020,0,-57.6173,-32.6726,21172,23,1,1686251020,1778903425,0
GSM,748,10,9622,16313,-1,-56.0223,-34.7877,8343,17,1,1686281109,1756353474,0
UMTS,748,1,129,1944729,0,-56.1711,-34.9083,1000,12,1,1686292922,1742883542,0
UMTS,748,1,103,1856844,0,-56.0454,-34.8077,1023,9,1,1686294927,1769926162,0
UMTS,748,1,124,1732370,0,-57.6855,-32.6696,5673,24,1,1686295099,1779165167,0
UMTS,748,1,116,1875624,0,-56.0287,-34.8475,5540,21,1,1686296762,1747374516,0
UMTS,748,1,123,1732210,0,-58.0447,-32.3553,4786,21,1,1686296906,1734933638,0
UMTS,748,1,123,1723791,0,-58.07,-32.3204,1000,15,1,1686297811,1734933640,0
UMTS,748,1,123,1743791,0,-58.0695,-32.3207,1257,13,1,1686299632,1734849128,0
UMTS,748,1,123,1741951,0,-58.0571,-32.3109,1000,18,1,1686301453,1735452723,0
UMTS,748,1,116,1855934,0,-55.9758,-34.8166,1000,7,1,1686303179,1768020619,0
UMTS,748,1,124,1752370,0,-57.6945,-32.6753,8373,22,1,1686303589,1778817040,0
UMTS,748,1,124,1765031,0,-57.668,-32.7066,17349,24,1,1686304173,1779251598,0
UMTS,748,1,106,1878413,0,-56.057,-34.8895,1000,20,1,1686306914,1764132854,0
UMTS,748,1,101,1945548,0,-56.2029,-34.9019,1000,17,1,1686313306,1764046105,0
GSM,748,1,21,641,-1,-56.163,-34.8758,1960,5,1,1686315759,1734072263,0
UMTS,748,1,118,1944228,0,-56.1298,-34.8927,1000,17,1,1686319594,1737615078,0
GSM,748,1,25,941,-1,-56.1068,-34.8187,4455,20,1,1686319692,1733986619,0
UMTS,748,1,123,1753627,0,-57.9536,-32.1635,3607,21,1,1686322292,1778992181,0
UMTS,748,1,107,1755490,0,-54.9248,-34.7918,3862,22,1,1686325569,1780374605,0
UMTS,748,1,123,1756112,0,-57.2855,-32.3582,1230,15,1,1686326821,1778903440,0
UMTS,748,1,123,1737732,0,-57.2081,-32.3579,1000,5,1,1686327751,1733639844,0
UMTS,748,1,123,1717730,0,-57.198,-32.3542,1000,3,1,1686328623,1733724147,0
UMTS,748,1,123,1735722,0,-57.2292,-32.3586,13454,17,1,1686329549,1778903448,0
UMTS,748,1,125,1925708,0,-56.1754,-34.8718,1635,22,1,1686336082,1744436711,0
GSM,748,10,9223,12100,-1,-56.1028,-34.8948,6401,24,1,1686338265,1760673540,0
UMTS,748,1,106,1878544,0,-56.1063,-34.8942,1000,13,1,1686339526,1769842197,0
UMTS,748,1,124,1755031,0,-57.6662,-32.7072,16070,24,1,1686377400,1779251517,0
UMTS,748,1,110,1753682,0,-56.2953,-34.863,1360,10,1,1686378776,1741416802,0
UMTS,748,1,115,1925170,0,-56.1799,-34.8885,1000,11,1,1686380331,1753417944,0
UMTS,748,1,123,1752210,0,-58.0428,-32.3563,4586,22,1,1686381944,1734849143,0
UMTS,748,1,108,1945008,0,-56.1438,-34.8796,1000,22,1,1686391871,1763096278,0
UMTS,748,1,109,1924538,0,-56.1558,-34.9233,1000,18,1,1686405133,1744177255,0
UMTS,748,1,129,1945210,0,-56.1898,-34.9091,1000,12,1,1686459671,1749016795,0
UMTS,748,1,123,1737592,0,-58.0482,-32.3319,3077,22,1,1686463064,1735452721,0
UMTS,748,1,123,1737960,0,-57.9161,-32.3542,7066,10,1,1686463990,1733639861,0
UMTS,748,1,123,1717732,0,-57.2071,-32.358,1000,9,1,1686467608,1733724153,0
UMTS,748,1,137,1743652,0,-56.8921,-33.5286,1081,19,1,1686502003,1779078662,0
UMTS,748,1,137,1755090,0,-56.7122,-34.0124,11418,20,1,1686504723,1778903519,0
UMTS,748,1,137,1765392,0,-56.6676,-34.2944,8561,20,1,1686505626,1777607560,0
UMTS,748,1,181,1755380,0,-56.3867,-34.444,1000,9,1,1686507435,1780374632,0
UMTS,748,1,181,1756591,0,-56.1422,-34.5972,6439,9,1,1686553638,1774928493,0
UMTS,748,1,125,1925970,0,-56.2077,-34.8718,1000,14,1,1686509377,1777005233,0
UMTS,748,1,103,1767322,0,-56.0653,-34.6303,7418,6,1,1686516537,1752298567,0
UMTS,748,1,181,1755591,0,-56.2595,-34.5333,3670,22,1,1686517437,1777177929,0
UMTS,748,1,181,1732132,0,-56.3157,-34.4395,4481,14,1,1686518375,1780374617,0
UMTS,748,1,122,1737861,0,-56.6829,-34.3351,4316,14,1,1686520181,1774583663,0
UMTS,748,1,103,1857452,0,-55.9322,-34.7092,2303,18,1,1686543791,1770188089,0
UMTS,748,1,181,1756600,0,-56.2033,-34.5539,2701,4,1,1686545505,1766985595,0
UMTS,748,1,181,1765880,0,-56.2621,-34.5377,2128,5,1,1686551834,1769669202,0
UMTS,748,1,181,1755881,0,-56.2677,-34.5498,3560,19,1,1686547317,1780374612,0
UMTS,748,1,181,1765591,0,-56.2718,-34.5319,4091,24,1,1686552738,1772513412,0
UMTS,748,1,124,1766540,0,-57.812,-32.7433,11748,15,1,1686555392,1748059472,0
UMTS,748,1,124,1733762,0,-57.9664,-32.8697,8428,23,1,1686556292,1779424382,0
UMTS,748,1,103,1856842,0,-56.0284,-34.8138,2620,25,1,1686561455,1764651794,0
UMTS,748,10,19240,69017689,0,-55.9763,-34.736,1000,22,1,1686564658,1746078216,0
UMTS,748,1,125,1925979,0,-56.196,-34.8643,1000,16,1,1686574403,1747115001,0
UMTS,748,1,116,1875622,0,-56.0143,-34.8235,1425,11,1,1686574997,1764738004,0
UMTS,748,1,125,1925968,0,-56.2025,-34.8715,1000,22,1,1686575319,1778903510,0
UMTS,748,1,125,1925990,0,-56.2286,-34.8702,1000,24,1,1686576203,1776745971,0
GSM,748,10,9620,16316,-1,-56.1863,-34.794,5817,23,1,1686581791,1756958489,0
GSM,748,10,9622,13629,-1,-56.0126,-34.7941,8631,26,1,1686627018,1757735974,0
GSM,748,10,9622,13667,-1,-56.0345,-34.7792,9278,22,1,1686632508,1758859339,0
UMTS,748,1,124,1767522,0,-57.5797,-32.7639,2731,6,1,1686637729,1779856348,0
UMTS,748,1,124,1756541,0,-57.9167,-32.7707,3118,21,1,1686638629,1779856337,0
UMTS,748,1,122,1733640,0,-57.8447,-34.4009,3234,9,1,1686656455,1761280348,0
GSM,748,1,27,973,-1,-56.0563,-34.7689,9620,21,1,1686656010,1737528076,0
UMTS,748,1,124,1752251,0,-57.6421,-32.7103,1034,22,1,1686656736,1735108186,0
UMTS,748,1,125,1925760,0,-56.1846,-34.8576,1000,7,1,1686657602,1748669894,0
GSM,748,1,27,941,-1,-56.0793,-34.8135,5407,9,1,1686661335,1736318738,0
UMTS,748,1,115,1945170,0,-56.1802,-34.8888,1000,16,1,1686663039,1771569965,0
UMTS,748,1,123,1766112,0,-57.2916,-32.3551,4160,10,1,1686663098,1778903443,0
GSM,748,1,2,8432,-1,-56.1055,-34.8283,4767,16,1,1686664036,1740034069,0
UMTS,748,1,118,1944319,0,-56.1482,-34.9039,1000,15,1,1686664293,1748583382,0
UMTS,748,1,123,1717960,0,-57.9285,-32.3512,5441,8,1,1686664934,1733639854,0
UMTS,748,1,122,1733642,0,-57.8588,-34.3373,4020,10,1,1686680555,1778730746,0
UMTS,748,1,103,1860263,0,-56.0397,-34.7802,4336,13,1,1686674017,1759293038,0
UMTS,748,1,125,1945998,0,-56.2044,-34.8654,1000,13,1,1686679312,1744436720,0
UMTS,748,1,123,1753002,0,-57.8838,-31.8302,4238,29,1,1686682998,1778992189,0
UMTS,748,1,123,1756522,0,-57.9912,-32.413,22273,12,1,1686688426,1735278933,0
GSM,748,10,9621,13666,-1,-55.9904,-34.7972,5283,9,1,1686713000,1759120165,0
UMTS,748,1,125,1945978,0,-56.1968,-34.8628,1000,11,1,1686746159,1746855968,0
UMTS,748,1,129,1944739,0,-56.1779,-34.9092,1000,16,1,1686730979,1744695477,0
UMTS,748,1,122,1753640,0,-57.8439,-34.3981,3260,11,1,1686766130,1761280399,0
UMTS,748,1,109,1924640,0,-56.1749,-34.9133,1000,24,1,1686740382,1754970947,0
UMTS,748,1,124,1755020,0,-57.6104,-32.6755,16034,21,1,1686740813,1778992194,0
UMTS,748,1,125,1926019,0,-56.1973,-34.8703,1000,19,1,1686746104,1754020860,0
UMTS,748,1,123,1766520,0,-57.9455,-32.4848,22219,24,1,1686746244,1777177781,0
UMTS,748,1,125,1946019,0,-56.1978,-34.8706,1000,11,1,1686747014,1734505697,0
UMTS,748,1,125,1925978,0,-56.1979,-34.8629,1000,12,1,1686766934,1755748689,0
GSM,748,10,9620,12066,-1,-56.1902,-34.8088,5356,21,1,1686754702,1757305719,0
GSM,748,10,9620,12106,-1,-56.208,-34.7961,11321,21,1,1686754702,1756958489,0
GSM,748,10,9222,12031,-1,-56.1113,-34.9009,4836,23,1,1686773635,1761194032,0
UMTS,748,1,124,1732372,0,-57.7637,-32.593,12380,24,1,1686799505,1779078517,0
UMTS,748,1,104,1564664,0,-55.5985,-33.3837,3145,9,1,1686804530,1762663398,0
UMTS,748,1,101,1945588,0,-56.208,-34.9048,1000,9,1,1686811812,1754452513,0
UMTS,748,1,125,1946018,0,-56.1964,-34.8677,1000,8,1,1686815549,1748059384,0
UMTS,748,1,101,1925390,0,-56.1981,-34.9045,1000,7,1,1686820714,1744436673,0
UMTS,748,1,101,1945520,0,-56.2035,-34.9083,1000,10,1,1686838276,1759952101,0
UMTS,748,1,125,1946010,0,-56.1947,-34.8667,1000,7,1,1686856368,1755835170,0
GSM,748,10,9622,14105,-1,-55.9929,-34.7631,6854,26,1,1686892057,1758180295,0
GSM,748,1,31,3292,-1,-55.6176,-34.7576,5200,23,1,1686910544,1736836781,0
GSM,748,10,9223,12296,-1,-56.0688,-34.8774,3125,22,1,1686917403,1760673552,0
UMTS,748,1,123,1733280,0,-57.9921,-32.1963,8147,19,1,1686926188,1735452726,0
UMTS,748,1,125,1926009,0,-56.1917,-34.8698,1000,18,1,1686926210,1745991586,0
UMTS,748,1,122,1753449,0,-57.8918,-34.1964,3674,9,1,1686928232,1761799777,0
UMTS,748,1,122,1753702,0,-57.8841,-34.2221,5385,5,1,1686929886,1761280365,0
UMTS,748,1,123,1734782,0,-57.1426,-32.3123,16860,3,1,1686931626,1778903471,0
UMTS,748,1,108,1944900,0,-56.1492,-34.8943,1000,13,1,1686935625,1742710866,0
UMTS,748,1,123,1732201,0,-57.9137,-32.5124,4971,5,1,1686940720,1765167657,0
GSM,748,10,9223,12133,-1,-56.0686,-34.8897,2482,24,1,1686942728,1760758990,0
UMTS,748,1,122,1755431,0,-57.2372,-34.2921,1399,8,1,1686948024,1744781906,0
UMTS,748,1,129,1945250,0,-56.189,-34.9038,1000,9,1,1687003301,1751607862,0
UMTS,748,1,129,1924699,0,-56.1686,-34.9125,1000,12,1,1687007620,1775965343,0
UMTS,748,1,123,1739202,0,-58.083,-32.326,1000,5,1,1687045372,1733639859,0
GSM,748,10,9621,14077,-1,-55.9727,-34.7709,6328,9,1,1687070829,1744001571,0
GSM,748,10,9403,14002,-1,-55.892,-34.7915,1605,3,1,1687096966,1759120170,0
UMTS,748,1,125,1946020,0,-56.2005,-34.8677,1000,6,1,1687071559,1742539642,0
GSM,748,10,9403,14076,-1,-55.6933,-34.7497,1000,2,1,1687096066,1740376207,0
GSM,748,10,9403,14323,-1,-55.7277,-34.7477,3971,3,1,1687071731,1740465094,0
GSM,748,10,9403,34076,-1,-55.7475,-34.762,1615,2,1,1687071731,1740376203,0
GSM,748,10,9403,24323,-1,-55.7494,-34.7468,2062,2,1,1687071731,1740465096,0
GSM,748,10,9507,35156,-1,-55.3616,-34.7812,8053,3,1,1687073537,1740465091,0
GSM,748,10,9507,15060,-1,-55.0241,-34.895,1265,2,1,1687078030,1740376213,0
GSM,748,10,9509,35100,-1,-54.9625,-34.8938,3967,3,1,1687092458,1740465086,0
GSM,748,10,9509,35662,-1,-54.9764,-34.8801,1000,2,1,1687092458,1740465086,0
GSM,748,10,9509,15278,-1,-54.9764,-34.8801,1000,2,1,1687092458,1740465086,0
GSM,748,10,9507,25057,-1,-55.2193,-34.8144,3587,3,1,1687094266,1740376211,0
GSM,748,10,9507,35057,-1,-55.2374,-34.7839,1000,2,1,1687094266,1744001580,0
GSM,748,10,9403,24005,-1,-55.4506,-34.781,2886,2,1,1687095166,1740376209,0
GSM,748,10,9507,25119,-1,-55.4103,-34.7728,6643,5,1,1687095166,1744001578,0
GSM,748,10,9403,14004,-1,-55.6933,-34.7497,1000,2,1,1687096066,1740376207,0
GSM,748,10,9403,34004,-1,-55.7351,-34.7429,3090,2,1,1687096066,1740465096,0
GSM,748,10,9403,14185,-1,-55.9243,-34.7742,5592,5,1,1687096966,1759120170,0
UMTS,748,1,101,1945389,0,-56.197,-34.9062,1000,20,1,1687110658,1758255038,0
UMTS,748,1,103,1756852,0,-56.092,-34.6709,3942,6,1,1687150064,1779165064,0
GSM,748,10,9403,34030,-1,-55.9846,-34.7488,8457,22,1,1687151181,1748059379,0
GSM,748,10,9620,16272,-1,-56.1995,-34.8304,2970,18,1,1687156630,1742106664,0
GSM,748,10,9620,16314,-1,-56.1929,-34.8156,6142,21,1,1687156630,1761366769,0
UMTS,748,1,106,1860334,0,-56.0792,-34.8799,1000,12,1,1687157161,1779683463,0
GSM,748,10,9226,12205,-1,-56.1822,-34.8477,4019,26,1,1687157518,1761280196,0
UMTS,748,1,181,1755880,0,-56.268,-34.536,3641,12,1,1687159987,1777348428,0
UMTS,748,10,19240,69029016,0,-55.2714,-34.8668,1000,9,1,1687174816,1742711043,0
UMTS,748,10,19240,69029189,0,-55.2224,-34.6523,2401,4,1,1687179638,1748330880,0
UMTS,748,10,19240,69019189,0,-55.2275,-34.521,1882,4,1,1687180286,1745297992,0
UMTS,748,1,108,1925110,0,-56.1648,-34.8949,1000,10,1,1687195496,1743573063,0
UMTS,748,1,106,1859062,0,-56.0603,-34.8717,1000,10,1,1687243932,1738132533,0
UMTS,748,1,124,1733760,0,-57.9421,-32.8022,12671,25,1,1687247092,1779424320,0
UMTS,748,1,124,1714571,0,-58.0169,-33.0278,7532,24,1,1687247994,1779424384,0
UMTS,748,1,101,1945540,0,-56.2036,-34.9046,1000,6,1,1687249484,1751694156,0
UMTS,748,1,124,1733709,0,-57.9844,-33.001,5073,22,1,1687262450,1779856296,0
UMTS,748,1,123,1714782,0,-57.2312,-32.318,8713,2,1,1687267910,1778903461,0
UMTS,748,1,123,1737730,0,-57.2003,-32.3553,1000,3,1,1687269716,1733724135,0
UMTS,748,1,101,1945408,0,-56.1945,-34.9072,1000,17,1,1687282045,1748330885,0
UMTS,748,1,102,1756262,0,-57.9163,-31.4465,3198,21,1,1687290573,1779078495,0
UMTS,748,1,124,1732252,0,-57.6647,-32.717,3990,21,1,1687326662,1777434329,0
UMTS,748,1,124,1766541,0,-57.9209,-32.766,6519,26,1,1687327562,1748059474,0
UMTS,748,1,110,1733687,0,-56.3119,-34.8528,3781,11,1,1687329169,1742970847,0
UMTS,748,10,19240,69037536,0,-56.1595,-34.8106,1304,16,1,1687330334,1743483607,0
UMTS,748,1,101,1925589,0,-56.2073,-34.9061,1000,4,1,1687338885,1755748699,0
UMTS,748,1,124,1736200,0,-58.0232,-33.2445,2068,13,1,1687345671,1775536346,0
UMTS,748,1,124,1756540,0,-57.8429,-32.7511,7898,23,1,1687348376,1779165110,0
UMTS,748,1,102,1721921,0,-57.9378,-31.4201,3521,26,1,1687373750,1779078484,0
GSM,748,10,9223,12251,-1,-56.0485,-34.8866,1902,24,1,1687405509,1760759092,0
UMTS,748,1,123,1752201,0,-57.935,-32.4918,15759,14,1,1687437868,1777264302,0
UMTS,748,10,19240,69027771,0,-56.2457,-34.2868,6801,3,1,1687440307,1733899878,0
UMTS,748,1,124,1753709,0,-57.9701,-33.0055,6454,25,1,1687440577,1756439845,0
UMTS,748,1,124,1753762,0,-57.9636,-32.8885,9857,24,1,1687455072,1754797415,0
UMTS,748,1,124,1732250,0,-57.6443,-32.705,1399,17,1,1687456885,1764392273,0
UMTS,748,1,115,1925329,0,-56.1827,-34.8931,1000,20,1,1687463385,1749016755,0
UMTS,748,1,116,1875523,0,-55.9059,-34.7078,8838,24,1,1687494945,1770710462,0
UMTS,748,1,123,1755340,0,-57.8937,-31.5557,2716,8,1,1687504684,1779078632,0
GSM,748,1,25,711,-1,-56.1549,-34.8553,3498,3,1,1687509730,1735886194,0
UMTS,748,1,125,1925928,0,-56.2078,-34.8766,1000,7,1,1687529485,1777005227,0
UMTS,748,1,110,1733688,0,-56.3261,-34.8714,1659,14,1,1687587506,1741416799,0
UMTS,748,1,109,1944449,0,-56.1567,-34.9104,1000,15,1,1687607608,1751088280,0
UMTS,748,1,125,1925988,0,-56.2187,-34.8692,1000,23,1,1687632079,1764046166,0
UMTS,748,1,110,1925820,0,-56.2504,-34.8846,1000,11,1,1687633941,1742791363,0
UMTS,748,1,110,1925859,0,-56.2517,-34.8934,1000,5,1,1687634841,1744521948,0
UMTS,748,1,124,1752252,0,-57.6672,-32.7182,4541,18,1,1687691457,1779165169,0
UMTS,748,1,129,1925248,0,-56.1881,-34.9041,1000,17,1,1687693196,1750740422,0
UMTS,748,1,123,1732200,0,-58.0181,-32.4044,1411,8,1,1687694166,1735452731,0
UMTS,748,1,123,1755240,0,-58.0859,-32.3074,1000,5,1,1687696012,1735278929,0
UMTS,748,1,125,1946008,0,-56.191,-34.8643,1000,20,1,1687714841,1755144034,0
UMTS,748,10,19730,68962944,0,-55.9829,-31.7384,1138,11,1,1687730195,1741330496,0
UMTS,748,1,181,1756991,0,-56.4008,-34.7637,1000,4,1,1687752117,1778126369,0
UMTS,748,1,137,1765090,0,-56.7166,-34.0032,8888,17,1,1687756640,1779078668,0
UMTS,748,1,116,1877934,0,-55.6122,-34.6671,2332,25,1,1687758189,1768111839,0
UMTS,748,1,110,1753681,0,-56.2911,-34.8727,2129,14,1,1687761171,1742791347,0
UMTS,748,1,123,1757771,0,-57.1103,-33.2026,5499,23,1,1687760329,1778903525,0
UMTS,748,1,124,1751981,0,-57.4257,-32.9037,8169,23,1,1687762125,1746253534,0
UMTS,748,1,124,1755022,0,-57.6178,-32.72,5729,24,1,1687763024,1735366679,0
UMTS,748,1,125,1925938,0,-56.1984,-34.8716,1000,16,1,1687788854,1752730480,0
UMTS,748,1,124,1733647,0,-57.9422,-33.4878,9015,15,1,1687766357,1744781924,0
UMTS,748,10,19240,69047618,0,-55.0126,-34.8863,2168,8,1,1687768725,1752125308,0
UMTS,748,1,124,1751990,0,-57.5015,-32.8506,21438,20,1,1687771216,1779856379,0
UMTS,748,10,19240,69047751,0,-56.196,-34.189,1000,7,1,1687771795,1743057219,0
GSM,748,10,9221,12042,-1,-56.1505,-34.9191,6603,18,1,1687773236,1757565063,0
UMTS,748,1,124,1753690,0,-57.8045,-33.2586,8412,5,1,1687777538,1770273636,0
UMTS,748,1,117,1855212,0,-55.3688,-34.7817,1856,16,1,1687778304,1764305935,0
UMTS,748,1,124,1733711,0,-57.5084,-33.2317,14899,10,1,1687779084,1770273630,0
UMTS,748,1,107,1765490,0,-54.9247,-34.7917,3626,22,1,1687781100,1779942787,0
UMTS,748,1,112,1752862,0,-54.9422,-34.9297,1000,10,1,1687782850,1768545450,0
UMTS,748,1,121,1753092,0,-54.9669,-34.9151,1378,8,1,1687802721,1771741089,0
UMTS,748,1,121,1733092,0,-54.9657,-34.9148,2330,10,1,1687803621,1777953100,0
UMTS,748,1,121,1753090,0,-54.9602,-34.9168,1000,6,1,1687790109,1764477505,0
UMTS,748,1,102,1756260,0,-57.9065,-31.4569,1000,8,1,1687795356,1778992196,0
GSM,748,10,9403,14003,-1,-56.0018,-34.7747,17238,6,1,1687842031,1758946142,0
UMTS,748,1,106,1878503,0,-56.0925,-34.8919,1297,17,1,1687845351,1743573132,0
UMTS,748,1,116,1877373,0,-55.9994,-34.8269,1114,16,1,1687849646,1770012370,0
UMTS,748,1,110,1753658,0,-56.2864,-34.8916,1010,9,1,1687866752,1741416810,0
UMTS,748,1,103,1876124,0,-55.9829,-34.7921,1000,2,1,1687871358,1769494736,0
UMTS,748,1,116,1876252,0,-56.0072,-34.8141,1000,8,1,1687872263,1774844944,0
UMTS,748,1,121,1733042,0,-54.9448,-34.9278,1000,6,1,1687874442,1768285178,0
UMTS,748,10,19240,69059099,0,-54.9329,-34.9012,1779,7,1,1687875149,1751088447,0
UMTS,748,10,19240,69029099,0,-54.9304,-34.9036,1995,9,1,1687876069,1752125368,0
UMTS,748,1,129,1925240,0,-56.1906,-34.9013,1000,16,1,1687883410,1754797495,0
UMTS,748,1,108,1925109,0,-56.1609,-34.8955,1000,14,1,1687896883,1751607838,0
GSM,748,10,9621,14029,-1,-56.0079,-34.8225,5444,21,1,1687929706,1761112886,0
UMTS,748,1,103,1766860,0,-56.0685,-34.6452,1000,3,1,1687939515,1776659393,0
UMTS,748,1,106,1858514,0,-56.0965,-34.895,1000,8,1,1687944400,1749535157,0
GSM,748,10,9223,32073,-1,-56.0752,-34.8925,5440,23,1,1687980322,1760673540,0
GSM,748,1,9,812,-1,-56.1976,-34.8979,2028,5,1,1688008074,1743917226,0
UMTS,748,10,19240,69027601,0,-56.2367,-34.8194,1303,20,1,1688011618,1747374499,0
UMTS,748,1,103,1876922,0,-55.9683,-34.6881,1000,3,1,1688018058,1760848370,0
UMTS,748,1,106,1878543,0,-56.1025,-34.8959,1000,6,1,1688019865,1769842182,0
UMTS,748,10,19240,69057646,0,-54.9424,-34.922,1000,4,1,1688020342,1743745688,0
UMTS,748,10,19240,69068994,0,-54.9321,-34.7909,5042,21,1,1688051033,1752125370,0
UMTS,748,10,19730,68973795,0,-56.5454,-33.3887,4727,7,1,1688063076,1736491265,0
UMTS,748,1,139,1561397,0,-55.2682,-33.9595,1665,2,1,1688048073,1762663404,0
GSM,748,10,9751,17253,-1,-56.3689,-32.5082,3469,7,1,1688071140,1746164176,0
UMTS,748,1,106,1860342,0,-56.0767,-34.8703,3077,21,1,1688115352,1772430679,0
UMTS,748,1,123,1752020,0,-57.847,-32.0251,3095,13,1,1688119893,1778992185,0
UMTS,748,1,109,1924659,0,-56.1798,-34.9129,1000,12,1,1688125784,1760068795,0
UMTS,748,1,108,1945109,0,-56.1616,-34.8953,1000,11,1,1688144834,1757046919,0
UMTS,748,1,125,1946000,0,-56.2074,-34.8625,1000,8,1,1688191433,1753849674,0
UMTS,748,1,106,1858462,0,-56.0755,-34.8969,1000,4,1,1688212072,1737096320,0
GSM,748,10,9220,12022,-1,-56.1835,-34.8993,1000,22,1,1688199005,1761626601,0
UMTS,748,1,116,1877392,0,-55.9966,-34.8431,1000,11,1,1688200740,1770446174,0
UMTS,748,1,116,1855873,0,-55.8191,-34.7713,1000,5,1,1688211636,1769063685,0
UMTS,748,1,116,1855772,0,-55.8886,-34.7853,1000,16,1,1688213459,1777264156,0
GSM,748,10,9220,12130,-1,-56.1933,-34.9053,1000,6,1,1688226950,1735626074,0
UMTS,748,1,124,1757522,0,-57.5939,-32.7618,8566,24,1,1688219326,1779856350,0
UMTS,748,1,123,1752100,0,-57.2568,-33.0519,18165,17,1,1688225642,1778903527,0
UMTS,748,1,108,1944918,0,-56.1573,-34.8988,500,26,1,1688239217,1733899894,0
UMTS,748,10,19240,69057617,0,-54.9307,-34.9475,1000,8,1,1688368840,1752556979,0
UMTS,748,10,19240,69037574,0,-54.9553,-34.8814,1000,10,1,1688389551,1751001835,0
UMTS,748,10,19730,68952944,0,-55.9727,-31.7277,1000,8,1,1688407341,1749708114,0
UMTS,748,10,19730,68963536,0,-55.9754,-31.7149,1484,9,1,1688408241,1749795159,0
UMTS,748,10,19730,68992966,0,-55.9716,-31.7232,3857,3,1,1688452407,1742021596,0
UMTS,748,1,110,1946118,0,-56.2088,-34.8531,1000,21,1,1688455850,1749621605,0
UMTS,748,1,122,1755430,0,-57.2332,-34.2869,1000,13,1,1688473219,1737614844,0
UMTS,748,1,123,1717442,0,-58.0958,-32.3207,1000,7,1,1688468483,1733639678,0
UMTS,748,1,123,1737442,176,-58.0948,-32.3186,1522,9,1,1688467578,1764341462,0
UMTS,748,1,116,1856722,0,-55.7574,-34.7659,1000,13,1,1688470794,1764305811,0
UMTS,748,1,106,1878342,0,-56.0287,-34.8563,1000,3,1,1688471666,1755921427,0
UMTS,748,1,116,1856464,0,-55.7722,-34.7306,1000,4,1,1688473524,1736836566,0
UMTS,748,10,19240,69029002,0,-54.3364,-34.4829,6959,7,1,1688477759,1749880775,0
UMTS,748,1,125,1945020,0,-56.1533,-34.8723,1000,9,1,1688489550,1765772200,0
UMTS,748,1,108,1945069,0,-56.1673,-34.8931,1000,20,1,1688512114,1758255035,0
UMTS,748,1,110,1926118,0,-56.2095,-34.8528,1000,14,1,1688532858,1737010067,0
UMTS,748,1,124,1715692,0,-58.0309,-33.221,5999,22,1,1688541520,1777869124,0
UMTS,748,1,110,1926130,0,-56.2218,-34.8628,1000,23,1,1688542662,1756439911,0
UMTS,748,1,110,1946100,0,-56.2364,-34.8499,1000,20,1,1688544459,1752643907,0
UMTS,748,1,110,1946139,0,-56.2217,-34.8555,1000,17,1,1688545405,1752730438,0
UMTS,748,1,124,1753711,0,-57.5031,-33.2112,15647,16,1,1688551502,1770273612,0
UMTS,748,1,110,1946129,0,-56.2131,-34.864,1000,21,1,1688561639,1751522288,0
UMTS,748,1,118,1944298,0,-56.1389,-34.9033,1000,7,1,1688565171,1767161312,0
GSM,748,10,9621,13668,-1,-55.9989,-34.8084,5434,23,1,1688586461,1760068532,0
UMTS,748,1,110,1926098,0,-56.2285,-34.8549,1000,21,1,1688626701,1753763043,0
UMTS,748,1,110,1946109,0,-56.2249,-34.8541,3793,21,1,1688628504,1761280404,0
GSM,748,1,21,50273,-1,-56.0918,-34.7774,8680,21,1,1688631776,1740465305,0
GSM,748,1,25,771,-1,-56.1486,-34.856,2021,6,1,1688636488,1733639835,0
UMTS,748,1,103,1856292,0,-56.1738,-34.7583,1689,4,1,1688649030,1759464226,0
UMTS,748,1,108,1944928,0,-56.1531,-34.8981,1000,10,1,1688718401,1747892218,0
UMTS,748,1,110,1946119,0,-56.2064,-34.857,1000,10,1,1688757935,1760512198,0
UMTS,748,1,118,1924228,0,-56.1297,-34.8926,1000,16,1,1688761524,1737615079,0
UMTS,748,1,110,1926129,0,-56.2139,-34.8627,1000,22,1,1688822943,1770188025,0
UMTS,748,1,110,1946110,0,-56.2244,-34.8462,1000,23,1,1688794021,1765860515,0
UMTS,748,1,110,1926100,0,-56.2344,-34.8496,1000,21,1,1688803034,1780460954,0
UMTS,748,1,110,1926099,0,-56.2377,-34.8549,1000,13,1,1688803925,1748496989,0
UMTS,748,1,110,1946108,0,-56.2122,-34.8487,3752,26,1,1688804825,1749795196,0
GSM,748,10,9226,12062,-1,-56.2047,-34.8534,3000,25,1,1688819811,1759725071,0
GSM,748,10,9220,12076,-1,-56.1946,-34.8957,1766,9,1,1688824335,1758859414,0
UMTS,748,1,110,1926138,0,-56.2234,-34.8594,1000,12,1,1688836512,1751088525,0
UMTS,748,1,110,1926110,0,-56.2236,-34.8442,1298,17,1,1688922270,1780460953,0
UMTS,748,1,110,1946130,0,-56.2221,-34.863,836,25,1,1688891556,1752038265,0
UMTS,748,1,125,1878663,0,-56.1608,-34.8669,1000,16,1,1688931140,1761626654,0
UMTS,748,1,110,1926139,0,-56.2233,-34.8547,1580,18,1,1689010878,1751001889,0
UMTS,748,1,101,1925568,0,-56.2122,-34.9054,1000,7,1,1688978072,1771220084,0
UMTS,748,1,110,1926108,0,-56.214,-34.848,2082,23,1,1688989416,1750829593,0
UMTS,748,1,110,1946120,0,-56.2128,-34.8582,1000,23,1,1688991854,1755316513,0
UMTS,748,1,103,1855754,0,-56.2537,-34.7459,1757,23,1,1688997269,1777607465,0
UMTS,748,1,110,1946098,0,-56.2284,-34.8548,1000,22,1,1689019618,1750740428,0
UMTS,748,1,110,1926109,0,-56.2254,-34.8527,4329,22,1,1689063252,1771656238,0
UMTS,748,1,116,1857242,0,-55.9158,-34.8072,1000,11,1,1689065334,1776054694,0
UMTS,748,1,116,1858263,0,-55.9332,-34.8229,1000,5,1,1689067125,1755316579,0
GSM,748,1,27,931,-1,-56.0248,-34.8264,7171,4,1,1689079911,1733813063,0
UMTS,748,1,106,1858524,0,-56.1159,-34.8912,1000,11,1,1689088140,1741848918,0
UMTS,748,10,19240,69018490,0,-55.0403,-34.8867,1000,2,1,1689097452,1751436098,0
UMTS,748,1,181,1752132,0,-56.3233,-34.4418,1000,5,1,1689149250,1766206607,0
UMTS,748,1,181,1717220,0,-56.5893,-34.3144,6613,11,1,1689142883,1759204087,0
UMTS,748,1,110,1946138,0,-56.2242,-34.8587,1000,10,1,1689144622,1752038259,0
UMTS,748,1,110,1926120,0,-56.2135,-34.8578,1000,20,1,1689161847,1756439907,0
UMTS,748,1,116,1878013,0,-55.9147,-34.7061,8731,11,1,1689169979,1774928513,0
UMTS,748,1,116,1858012,0,-55.8817,-34.695,2277,5,1,1689170853,1770188090,0
GSM,748,10,9220,12017,-1,-56.1786,-34.907,726,25,1,1689187815,1761713616,0
UMTS,748,1,101,1945488,0,-56.2027,-34.9084,1000,4,1,1689268419,1751694151,0
UMTS,748,1,106,1858513,0,-56.1032,-34.8967,1000,10,1,1689420033,1747718691,0
GSM,748,10,9220,12295,-1,-56.1843,-34.9025,5103,9,1,1689437093,1761626739,0
GSM,748,10,9225,12168,-1,-56.2378,-34.8618,5784,22,1,1689512797,1757305705,0
UMTS,748,1,137,1755392,0,-56.6637,-34.2897,7376,10,1,1689577484,1779078668,0
UMTS,748,1,181,1755682,0,-56.3836,-34.4599,1000,17,1,1689592868,1780374634,0
UMTS,748,1,110,1946099,0,-56.2379,-34.8556,1000,15,1,1689593845,1754020841,0
UMTS,748,1,181,1766591,0,-56.1361,-34.5973,1000,2,1,1689595586,1752298568,0
UMTS,748,1,109,1924529,0,-56.1531,-34.9225,1000,13,1,1689618671,1751001616,0
GSM,748,10,9221,12085,-1,-56.1466,-34.912,7406,22,1,1689624849,1760154534,0
UMTS,748,1,103,1855322,0,-55.955,-34.7205,1002,8,1,1689758768,1770188095,0
UMTS,748,1,103,1875322,0,-55.9572,-34.723,1263,12,1,1689757911,1776397964,0
UMTS,748,1,103,1856554,0,-56.027,-34.7705,1063,18,1,1689759675,1771477107,0
UMTS,748,1,107,1565504,0,-55.2428,-34.3368,3956,5,1,1689780382,1736662782,0
UMTS,748,1,103,1876923,0,-55.9671,-34.7148,4224,10,1,1689829215,1743229297,0
UMTS,748,1,116,1875403,0,-55.7065,-34.6688,2185,26,1,1689844581,1757994629,0
UMTS,748,1,116,1875934,0,-55.9763,-34.8167,1000,13,1,1689848904,1777607339,0
UMTS,748,1,122,1753472,0,-57.7438,-34.4342,4447,48,1,1689919822,1761194029,0
GSM,748,10,9220,12077,-1,-56.1762,-34.907,1000,18,1,1689923987,1761626605,0
GSM,748,10,9220,12018,-1,-56.175,-34.9029,1000,22,1,1689923987,1761713619,0
GSM,748,10,9220,12109,-1,-56.1836,-34.9018,1000,7,1,1689922187,1761025859,0
GSM,748,10,9221,12035,-1,-56.1624,-34.9103,5214,20,1,1689932987,1761113131,0
UMTS,748,1,109,1924448,0,-56.1558,-34.9065,1000,8,1,1689966951,1764392204,0
UMTS,748,1,122,1733472,0,-57.7513,-34.4363,2839,21,1,1690030675,1778730751,0
GSM,748,10,9220,12023,-1,-56.1816,-34.8987,1849,9,1,1690040431,1757131347,0
UMTS,748,1,106,1858543,0,-56.103,-34.8957,1000,9,1,1690051239,1773124230,0
UMTS,748,10,19240,69028870,0,-56.593,-34.6582,16290,22,1,1690096404,1747201261,0
UMTS,748,1,118,1924268,0,-56.1303,-34.9005,1000,14,1,1690098595,1754970941,0
UMTS,748,10,19240,69017742,0,-57.2333,-34.2851,1000,7,1,1690115360,1746253479,0
GSM,748,10,9222,12177,-1,-56.1853,-34.8913,1499,22,1,1690103516,1761113002,0
GSM,748,10,9225,12064,-1,-56.2605,-34.8512,6732,20,1,1690120647,1759808946,0
UMTS,748,10,19240,69068592,0,-57.2342,-34.3136,2262,4,1,1690117163,1742453032,0
UMTS,748,1,100,1878062,0,-56.1528,-34.8587,1296,24,1,1690204138,1779510791,0
UMTS,748,1,103,1858303,0,-56.2656,-34.759,2879,15,1,1690262897,1776745935,0
UMTS,748,1,109,1924528,0,-56.1519,-34.921,1000,6,1,1690268688,1760759009,0
UMTS,748,1,118,1944268,0,-56.1302,-34.9004,1000,6,1,1690269855,1749103383,0
UMTS,748,1,110,1880654,0,-56.1249,-34.8625,1000,24,1,1690270721,1760512317,0
UMTS,748,1,110,1880674,0,-56.0883,-34.8721,1458,18,1,1690271794,1772950626,0
UMTS,748,1,110,1860652,0,-56.1168,-34.868,1001,22,1,1690286928,1774067817,0
UMTS,748,1,110,1860642,0,-56.107,-34.8755,1000,21,1,1690277813,1755921424,0
UMTS,748,1,110,1860654,0,-56.1244,-34.8617,1267,26,1,1690278890,1780201878,0
UMTS,748,1,108,1924930,0,-56.157,-34.9007,1000,12,1,1690295228,1740898260,0
UMTS,748,1,132,1693277,0,-54.1872,-32.3672,1242,8,1,1690300825,1743229339,0
UMTS,748,1,132,1696278,0,-54.1832,-32.3693,1418,4,1,1690309121,1741675221,0
UMTS,748,1,110,1880663,0,-56.0958,-34.8744,1000,23,1,1690304287,1765255544,0
UMTS,748,1,132,1696277,0,-54.1836,-32.3586,4805,6,1,1690336849,1742106614,0
UMTS,748,1,132,1693266,0,-54.1746,-32.3659,1000,8,1,1690354910,1742710877,0
UMTS,748,1,110,1860653,0,-56.1249,-34.8699,1000,21,1,1690351474,1770710504,0
UMTS,748,1,110,1880652,0,-56.115,-34.8683,1000,21,1,1690353986,1770710503,0
UMTS,748,1,110,1880642,0,-56.1066,-34.876,1000,21,1,1690355997,1763010144,0
UMTS,748,1,101,1945568,0,-56.2116,-34.9057,1000,7,1,1690363294,1764046098,0
UMTS,748,1,110,1926128,0,-56.2173,-34.856,1000,11,1,1690373451,1749795198,0
UMTS,748,1,103,1878303,0,-56.2715,-34.7596,3204,13,1,1690437578,1776397977,0
UMTS,748,1,110,1860663,0,-56.0949,-34.8739,1000,23,1,1690441154,1775879950,0
UMTS,748,1,116,1856982,0,-55.9705,-34.8285,2751,15,1,1690452021,1776745809,0
UMTS,748,1,116,1877133,0,-55.9472,-34.8169,1563,11,1,1690452903,1774067893,0
UMTS,748,1,109,1944559,0,-56.1598,-34.9242,1000,13,1,1690468228,1755748686,0
UMTS,748,1,110,1946128,0,-56.2183,-34.8546,1000,9,1,1690475119,1752730441,0
UMTS,748,1,125,1926008,0,-56.1916,-34.8636,1000,18,1,1690524139,1755144030,0
UMTS,748,1,116,1876133,0,-55.9888,-34.8543,1000,9,1,1690531371,1755661980,0
GSM,748,10,9701,37218,-1,-56.0431,-31.7613,1838,11,1,1690537570,1757305867,0
UMTS,748,1,116,1855523,0,-55.8994,-34.7055,8153,16,1,1690558699,1774928519,0
UMTS,748,1,103,1877452,0,-55.9304,-34.7082,1258,21,1,1690545424,1770188091,0
UMTS,748,1,125,1926020,0,-56.2006,-34.8674,1000,8,1,1690547854,1750409442,0
UMTS,748,1,116,1858013,0,-55.9093,-34.7009,1000,11,1,1690555083,1774928516,0
UMTS,748,10,19240,69047926,0,-57.1058,-34.3546,4054,18,1,1690591910,1751347161,0
UMTS,748,10,19730,68962926,0,-57.4949,-34.1818,6183,8,1,1690614523,1752730491,0
UMTS,748,10,19730,68953547,0,-57.6705,-33.9532,9115,17,1,1690596436,1752730499,0
UMTS,748,10,19730,68952262,0,-57.8048,-33.9012,6527,11,1,1690597354,1752730389,0
UMTS,748,10,19730,68952382,0,-57.9618,-33.8542,6201,14,1,1690611788,1752730386,0
UMTS,748,10,19730,68953550,0,-58.215,-33.7997,4297,6,1,1690605476,1751088403,0
UMTS,748,10,19730,68963781,0,-58.3746,-33.8838,2386,11,1,1690604569,1740206843,0
UMTS,748,10,19730,68982234,0,-58.4154,-33.8727,1000,9,1,1690600970,1751001796,0
UMTS,748,10,19730,69001892,0,-58.4151,-33.8738,1000,5,1,1690602770,1740120512,0
UMTS,748,10,19730,68991892,0,-58.4154,-33.8802,1536,5,1,1690603669,1740120522,0
UMTS,748,10,19730,68962382,0,-58.0524,-33.8191,11023,13,1,1690610881,1752730209,0
UMTS,748,10,19730,68953579,0,-57.8239,-33.8986,10155,10,1,1690612715,1739947453,0
UMTS,748,10,19730,68963547,0,-57.5976,-34.0285,4158,12,1,1690613623,1742539569,0
UMTS,748,1,110,1880664,0,-56.1029,-34.8727,1434,17,1,1690614838,1770617077,0
UMTS,748,10,19240,69029311,0,-57.2898,-34.3343,4587,22,1,1690616343,1742970802,0
UMTS,748,1,110,1880653,0,-56.1246,-34.8697,1000,23,1,1690616670,1770617064,0
UMTS,748,10,19240,69039329,0,-56.7594,-34.5492,4228,26,1,1690619045,1735108147,0
UMTS,748,1,103,1878082,0,-56.2372,-34.7162,1357,6,1,1690631303,1775536279,0
UMTS,748,1,101,1945349,0,-56.1956,-34.9113,1000,18,1,1690698101,1749880639,0
UMTS,748,1,110,1880644,0,-56.1116,-34.8707,1000,21,1,1690779423,1762577868,0
UMTS,748,1,103,1875753,0,-56.2421,-34.7659,2558,6,1,1690811897,1758081357,0
GSM,748,1,9,2732,-1,-56.169,-34.8709,2567,12,1,1690814234,1737267653,0
UMTS,748,1,125,1925950,0,-56.2061,-34.8775,1000,13,1,1690900220,1764046164,0
UMTS,748,1,122,1752450,0,-56.9891,-34.406,4171,4,1,1690968805,1757476961,0
UMTS,748,1,103,1877584,0,-56.2095,-34.7126,1000,2,1,1691053525,1771136274,0
UMTS,748,10,19240,69017818,0,-56.2306,-34.7213,4008,18,1,1691066476,1747374271,0
UMTS,748,1,116,1877933,0,-55.5568,-34.6885,3194,6,1,1691065267,1757994637,0
UMTS,748,1,121,1732951,0,-54.9697,-34.9211,1000,4,1,1691078811,1737703324,0
UMTS,748,1,121,1752660,0,-54.964,-34.9118,1000,3,1,1691079735,1771741118,0
UMTS,748,1,122,1733470,0,-57.7072,-34.4221,5477,21,1,1691081454,1779856384,0
UMTS,748,1,116,1875102,0,-55.7306,-34.7573,1000,7,1,1691130811,1767591193,0
UMTS,748,1,117,1856903,0,-55.5739,-34.7712,1062,19,1,1691131711,1774670045,0
UMTS,748,1,117,1875352,0,-55.3961,-34.7788,975,26,1,1691132610,1773895984,0
UMTS,748,1,107,1733819,0,-55.0538,-34.8798,1000,3,1,1691134418,1734677617,0
UMTS,748,1,121,1753072,0,-54.9552,-34.9091,1000,9,1,1691137120,1774500690,0
UMTS,748,1,107,1753381,0,-54.9948,-34.7362,3428,25,1,1691157067,1776918852,0
UMTS,748,1,110,1860674,0,-56.0887,-34.8741,1269,21,1,1691232462,1774067821,0
UMTS,748,1,116,1858093,0,-55.9176,-34.7898,3292,10,1,1691244837,1766900262,0
UMTS,748,1,116,1879054,0,-55.7916,-34.7668,1000,10,1,1691245736,1764910931,0
UMTS,748,1,116,1856772,0,-55.7203,-34.7656,1000,2,1,1691257483,1767591211,0
UMTS,748,1,116,1876772,0,-55.7194,-34.7655,1000,5,1,1691260182,1768111790,0
UMTS,748,1,116,1855872,0,-55.8072,-34.769,1000,10,1,1691265591,1761972225,0
UMTS,748,1,116,1858092,0,-55.9424,-34.7832,5247,8,1,1691266477,1769233135,0
UMTS,748,10,19240,69028425,0,-56.746,-34.4496,3903,15,1,1691307008,1741935106,0
UMTS,748,10,19240,69028919,0,-56.6974,-34.073,5153,17,1,1691310642,1741935349,0
UMTS,748,10,19730,68963406,0,-56.7734,-33.8181,10457,22,1,1691331481,1752816657,0
UMTS,748,10,19730,68962213,0,-56.8956,-33.5364,4901,21,1,1691328796,1752816367,0
UMTS,748,1,110,1860644,0,-56.1117,-34.8708,1000,22,1,1691320945,1776138210,0
UMTS,748,10,19730,68983406,0,-56.8097,-33.7022,7241,14,1,1691330559,1752816656,0
UMTS,748,10,19240,69038919,0,-56.7107,-34.0087,13538,19,1,1691332550,1738391540,0
UMTS,748,10,19240,69038590,0,-56.6922,-34.174,6879,12,1,1691333356,1747115070,0
UMTS,748,1,110,1926070,0,-56.2338,-34.8649,1000,20,1,1691482242,1737787209,0
UMTS,748,1,121,1752772,0,-55.08,-34.8858,10950,4,1,1691487108,1734328829,0
UMTS,748,1,121,1752741,0,-54.979,-34.9153,1000,3,1,1691494318,1738305152,0
UMTS,748,1,107,1753799,0,-55.1345,-34.8736,9703,10,1,1691495216,1752038422,0
GSM,748,10,9222,12291,-1,-56.168,-34.8937,1000,23,1,1691514394,1761280414,0
UMTS,748,1,110,1926060,0,-56.2515,-34.8714,1000,13,1,1691562746,1745297903,0
UMTS,748,1,110,1946080,0,-56.2513,-34.8656,1000,19,1,1691570872,1755748722,0
UMTS,748,1,110,1946060,0,-56.2519,-34.87,1000,14,1,1691571752,1738836973,0
UMTS,748,1,107,1562503,0,-55.2108,-34.4886,4698,18,1,1691636428,1776397953,0
UMTS,748,1,116,1856252,0,-56.0067,-34.8082,1331,10,1,1691655478,1774844940,0
UMTS,748,1,110,1860664,0,-56.1009,-34.8724,1000,18,1,1691650256,1765167697,0
UMTS,748,1,104,1561505,0,-55.4943,-32.8733,10786,26,1,1691672120,1762663171,0
UMTS,748,1,104,1564505,0,-55.5289,-32.8722,7299,13,1,1691673019,1762663144,0
UMTS,748,1,108,1924980,0,-56.1557,-34.8841,1000,18,1,1691668704,1749880815,0
UMTS,748,1,104,1564643,0,-55.5351,-33.4914,5482,6,1,1691680785,1762663400,0
UMTS,748,1,104,1561637,0,-55.4817,-33.0791,4448,4,1,1691691804,1762663394,0
UMTS,748,1,104,1564637,0,-55.4841,-33.1075,6575,4,1,1691690887,1762663396,0
UMTS,748,1,110,1946048,0,-56.2319,-34.8692,1000,15,1,1691690256,1759982228,0
UMTS,748,1,104,1564733,0,-55.4864,-33.8146,3866,7,1,1691697240,1762663402,0
UMTS,748,1,139,1564397,0,-55.3498,-33.9114,7100,2,1,1691699975,1762663403,0
UMTS,748,1,110,1926048,0,-56.2331,-34.8695,1000,22,1,1691749497,1755404095,0
UMTS,748,1,107,1565772,0,-55.2226,-34.3706,1000,6,1,1691774738,1736747539,0
UMTS,748,1,110,1926058,0,-56.2498,-34.8756,1000,20,1,1691782012,1738562822,0
GSM,748,1,10,962,-1,-56.0424,-34.8196,12116,11,1,1691790161,1741849150,0
GSM,748,1,31,631,-1,-55.8828,-34.7419,13225,3,1,1691926346,1738305377,0
UMTS,748,1,110,1946049,0,-56.2392,-34.8713,1000,14,1,1692015347,1744521946,0
UMTS,748,10,19240,69019015,0,-55.2841,-34.8606,3932,26,1,1692018937,1750914635,0
UMTS,748,10,19240,69029015,0,-55.2687,-34.8689,1000,17,1,1692023459,1752556775,0
UMTS,748,10,19240,69069085,0,-55.1431,-34.864,1318,9,1,1692024365,1743832597,0
UMTS,748,10,19240,69047870,0,-54.9679,-34.8841,1000,12,1,1692026171,1751436101,0
UMTS,748,10,19240,69017653,0,-54.9547,-34.8851,2851,7,1,1692163245,1749795169,0
UMTS,748,10,19240,69048490,0,-55.04,-34.888,1000,4,1,1692179604,1751001842,0
UMTS,748,1,110,1926080,0,-56.2501,-34.866,1000,10,1,1692257077,1778817038,0
UMTS,748,1,103,1880624,0,-56.002,-34.7916,1000,10,1,1692270432,1752556855,0
UMTS,748,1,110,1946078,0,-56.2453,-34.8678,924,30,1,1692276056,1747718767,0
UMTS,748,10,19240,69038490,0,-55.0432,-34.8737,1000,2,1,1692357307,1745385385,0
UMTS,748,1,125,1925620,0,-56.1736,-34.8546,2052,8,1,1692362437,1750311770,0
UMTS,748,1,101,1945510,0,-56.2059,-34.9058,1000,9,1,1692548361,1755748713,0
UMTS,748,1,110,1946069,0,-56.2283,-34.8643,1184,17,1,1692598035,1751347157,0
UMTS,748,1,125,1926018,0,-56.1962,-34.8669,1000,15,1,1692599868,1754020874,0
UMTS,748,1,124,1753507,0,-58.1014,-33.3736,3918,24,1,1692654096,1779597118,0
UMTS,748,1,124,1766621,0,-58.2066,-33.5332,3198,21,1,1692654999,1777869055,0
UMTS,748,1,116,1855104,0,-55.7472,-34.7632,1105,25,1,1692683228,1774325611,0
UMTS,748,1,117,1875902,0,-55.4135,-34.7808,1000,6,1,1692685047,1760759110,0
UMTS,748,1,107,1733847,0,-55.1615,-34.8585,1000,4,1,1692690524,1734677621,0
UMTS,748,1,117,1876743,0,-55.2292,-34.8871,4190,10,1,1692773103,1753762843,0
UMTS,748,1,117,1856743,0,-55.2348,-34.8862,3653,5,1,1692774056,1737352132,0
UMTS,748,1,107,1753809,0,-55.0992,-34.8811,12278,8,1,1692775830,1775965367,0
UMTS,748,1,203,1637514,0,-56.1559,-34.8465,1000,16,1,1692795047,1779337953,0
UMTS,748,1,110,1926290,0,-56.2848,-34.8525,1000,21,1,1692803624,1780115540,0
UMTS,748,1,110,1926268,0,-56.2313,-34.8393,1009,19,1,1692847775,1746683068,0
UMTS,748,1,110,1946290,0,-56.2855,-34.8525,1000,22,1,1692848675,1772606244,0
UMTS,748,1,110,1946248,0,-56.2465,-34.8454,1000,11,1,1692882105,1739860683,0
UMTS,748,1,110,1945859,0,-56.2481,-34.8951,3189,10,1,1692886609,1742791364,0
UMTS,748,1,122,1753770,0,-56.8346,-34.4986,6454,12,1,1692899248,1772087318,0
UMTS,748,1,110,1926068,0,-56.2313,-34.8592,1000,13,1,1692944383,1751347168,0
UMTS,748,1,110,1946070,0,-56.234,-34.8644,1000,16,1,1692955613,1742791377,0
UMTS,748,1,110,1946268,0,-56.233,-34.8365,1000,18,1,1692970836,1741070595,0
UMTS,748,1,110,1946278,0,-56.2376,-34.8327,1000,8,1,1692971682,1748669868,0
UMTS,748,1,101,1945578,0,-56.1975,-34.9116,1000,4,1,1692972733,1748330838,0
UMTS,748,1,110,1946238,0,-56.2533,-34.8361,1312,26,1,1693043398,1770273631,0
UMTS,748,1,116,1878264,0,-55.9426,-34.8179,1676,15,1,1693044097,1774153364,0
UMTS,748,1,110,1926270,0,-56.2425,-34.8411,1000,11,1,1693202915,1742626137,0
UMTS,748,1,110,1926039,0,-56.2303,-34.8716,1000,6,1,1693287035,1777005259,0
UMTS,748,1,110,1926258,0,-56.2546,-34.859,1676,25,1,1693287687,1778816986,0
UMTS,748,1,110,1926238,0,-56.2518,-34.8362,1930,22,1,1693288539,1779856398,0
UMTS,748,1,110,1946258,0,-56.255,-34.857,1307,23,1,1693292539,1771569916,0
GSM,748,10,9220,12293,-1,-56.1804,-34.9086,1000,18,1,1693292965,1761713616,0
UMTS,748,1,103,1856944,0,-56.0117,-34.7789,1768,9,1,1693303940,1776659542,0
UMTS,748,1,106,1858354,0,-56.0437,-34.8692,1000,2,1,1693302361,1751778810,0
UMTS,748,1,110,1926069,0,-56.2293,-34.8634,1474,18,1,1693322190,1752038268,0
UMTS,748,1,116,1877244,0,-55.9236,-34.8028,1000,15,1,1693323754,1774500427,0
UMTS,748,1,116,1877242,0,-55.9186,-34.8069,1348,5,1,1693325055,1776054698,0
UMTS,748,1,181,1765451,0,-56.3001,-34.4805,4928,3,1,1693371177,1771994860,0
UMTS,748,10,19220,68897990,0,-56.1773,-34.9046,1000,3,1,1693378586,1737787465,0
UMTS,748,1,122,1753560,0,-56.7622,-34.5104,1762,8,1,1693381604,1770710487,0
UMTS,748,1,122,1755420,0,-56.7121,-34.3533,3270,14,1,1693384759,1779769945,0
UMTS,748,1,116,1876914,0,-56.0208,-34.85,1164,18,1,1693384813,1761799742,0
GSM,748,1,25,5772,-1,-56.1609,-34.8697,2766,19,1,1693387599,1734072226,0
UMTS,748,1,101,1945508,0,-56.204,-34.9056,1000,7,1,1693387749,1749621611,0
UMTS,748,1,123,1767771,0,-57.1173,-33.1888,6709,24,1,1693388887,1733724222,0
UMTS,748,1,122,1755422,0,-56.7202,-34.3348,1000,22,1,1693400125,1779078671,0
UMTS,748,1,122,1717862,0,-56.7181,-34.3301,1081,17,1,1693419954,1776918788,0
UMTS,748,1,116,1875522,0,-55.8737,-34.6978,2488,15,1,1693403671,1770446032,0
UMTS,748,1,124,1753761,0,-57.9088,-32.9168,17516,22,1,1693411730,1750740389,0
UMTS,748,1,124,1765221,0,-58.1974,-33.5381,6236,21,1,1693417210,1778903435,0
UMTS,748,1,137,1718161,0,-58.386,-33.865,2995,21,1,1693419048,1779597108,0
GSM,748,10,9403,14036,-1,-55.9725,-34.7494,7678,21,1,1693458703,1759204175,0
UMTS,748,1,122,1733567,0,-56.8154,-34.5149,1884,16,1,1693461641,1780115501,0
UMTS,748,1,137,1743352,0,-58.3979,-33.8819,1000,4,1,1693464132,1762493440,0
UMTS,748,1,137,1723541,0,-57.5955,-34.0309,1694,2,1,1693467153,1763614407,0
UMTS,748,1,116,1856624,0,-55.8703,-34.7023,3716,6,1,1693483208,1763956327,0
UMTS,748,1,122,1753567,0,-56.8192,-34.5123,1801,9,1,1693470564,1762405046,0
UMTS,748,1,110,1926288,0,-56.2729,-34.8536,1000,24,1,1693471522,1780029177,0
UMTS,748,1,116,1876624,0,-55.8788,-34.6842,1942,2,1,1693487736,1773556994,0
UMTS,748,1,122,1733867,0,-56.9528,-34.4288,4763,23,1,1693474217,1780115504,0
GSM,748,1,27,893,-1,-56.0748,-34.7913,1933,5,1,1693475011,1736923359,0
UMTS,748,1,137,1743891,0,-58.272,-34.0008,1128,3,1,1693561634,1762493390,0
UMTS,748,1,106,1878352,0,-56.0364,-34.8663,1000,3,1,1693564296,1749445694,0
UMTS,748,1,103,1857412,0,-56.2146,-34.7262,1000,4,1,1693565663,1761713751,0
UMTS,748,1,122,1733757,0,-57.9732,-34.1389,3977,11,1,1693574247,1779942713,0
UMTS,748,1,110,1946288,0,-56.2725,-34.8535,1000,16,1,1693583781,1772174411,0
UMTS,748,1,107,1765480,0,-54.9134,-34.7835,1504,25,1,1693592231,1780461062,0
UMTS,748,1,110,1926119,0,-56.2103,-34.8589,1000,20,1,1693593866,1760512194,0
UMTS,748,1,107,1755572,0,-54.9177,-34.796,1000,21,1,1693635497,1779769972,0
UMTS,748,1,107,1755480,0,-54.9139,-34.7829,1436,23,1,1693675359,1779424351,0
UMTS,748,1,110,1946250,0,-56.2515,-34.8468,1168,24,1,1693638641,1771309444,0
UMTS,748,1,106,1880334,0,-56.0795,-34.8803,1000,16,1,1693641977,1769755923,0
UMTS,748,1,110,1946270,0,-56.2424,-34.8402,1000,12,1,1693642271,1739860686,0
UMTS,748,1,122,1765411,0,-56.6856,-34.3372,10835,23,1,1693814950,1779769930,0
UMTS,748,1,116,1877712,0,-55.9036,-34.7927,1000,6,1,1693904950,1770791307,0
UMTS,748,1,110,1946300,0,-56.282,-34.8498,1215,23,1,1693910361,1762577869,0
UMTS,748,1,110,1926300,0,-56.2809,-34.8493,1332,24,1,1693911265,1772174418,0
UMTS,748,1,110,1946298,0,-56.2541,-34.8491,2846,15,1,1693913967,1753589340,0
UMTS,748,1,103,1876293,0,-56.1863,-34.7566,1000,4,1,1693915752,1759464207,0
UMTS,748,1,122,1765422,0,-56.7192,-34.3358,1000,18,1,1693938472,1779078670,0
UMTS,748,1,122,1753861,0,-56.8945,-34.4652,4697,10,1,1693977100,1768545500,0
UMTS,748,1,110,1946299,0,-56.2626,-34.857,2091,22,1,1694007787,1758180397,0
GSM,748,1,27,8431,-1,-56.048,-34.7763,8835,13,1,1694009872,1735108173,0
GSM,748,10,9621,16273,-1,-56.0084,-34.8439,2201,11,1,1694029877,1760586883,0
GSM,748,10,9222,12117,-1,-56.1475,-34.9101,1000,24,1,1694080540,1759378773,0
UMTS,748,1,122,1755411,0,-56.6884,-34.3374,6362,18,1,1694071938,1776746031,0
UMTS,748,1,110,1926078,0,-56.246,-34.8672,1049,19,1,1694099049,1780115576,0
UMTS,748,1,117,1875434,0,-55.2341,-34.782,1449,17,1,1694143179,1775620078,0
UMTS,748,1,181,1755451,0,-56.2986,-34.4762,3478,3,1,1694148598,1768111832,0
UMTS,748,1,116,1855623,0,-56.01,-34.8396,1935,13,1,1694162664,1771477089,0
UMTS,748,1,103,1756831,0,-56.2345,-34.6825,2248,5,1,1694165823,1758429165,0
UMTS,748,1,101,1925488,0,-56.2027,-34.9085,1000,5,1,1694175457,1752298489,0
UMTS,748,1,122,1755750,0,-56.7271,-34.3466,1297,5,1,1694191009,1764997202,0
GSM,748,1,2,6022,-1,-56.0276,-34.8305,7660,6,1,1694194403,1737182704,0
UMTS,748,1,116,1877982,0,-55.8466,-34.7762,1000,18,1,1694233903,1767069158,0
UMTS,748,1,116,1858193,0,-55.6946,-34.7467,1909,3,1,1694234809,1756785619,0
UMTS,748,1,121,1753091,0,-54.9674,-34.9231,1000,3,1,1694238415,1768459244,0
UMTS,748,1,112,1732862,0,-54.9424,-34.9299,1000,8,1,1694239318,1780201965,0
UMTS,748,1,121,1732621,0,-55.0169,-34.9074,2793,3,1,1694240229,1777091607,0
UMTS,748,1,107,1753769,0,-55.1262,-34.8634,1000,2,1,1694241119,1775965361,0
UMTS,748,1,117,1856574,0,-55.4453,-34.7782,1000,6,1,1694242929,1775620063,0
UMTS,748,1,117,1877042,0,-55.4714,-34.7562,5608,11,1,1694264993,1774583657,0
UMTS,748,1,110,1926298,0,-56.2552,-34.847,2488,11,1,1694267375,1773556897,0
UMTS,748,1,122,1753561,0,-56.7913,-34.5298,1000,2,1,1694285339,1760586980,0
UMTS,748,1,122,1753867,0,-56.9454,-34.4334,5108,24,1,1694310592,1773556886,0
GSM,748,10,9620,12659,-1,-56.232,-34.8364,8368,17,1,1694356984,1759808946,0
UMTS,748,1,181,1755440,0,-56.2812,-34.5009,1529,19,1,1694431372,1776397884,0
UMTS,748,10,19240,69018599,0,-55.9258,-34.7055,1231,14,1,1694412222,1743659208,0
UMTS,748,1,103,1858302,0,-56.2403,-34.6668,1000,3,1,1694430467,1758081399,0
UMTS,748,1,181,1732050,0,-56.2468,-34.3492,5056,22,1,1694432274,1776484291,0
UMTS,748,1,180,1757112,0,-56.5183,-33.3975,1452,13,1,1694437784,1758254978,0
UMTS,748,1,180,1723292,0,-56.5251,-33.3778,1000,22,1,1694438683,1772865787,0
UMTS,748,1,180,1743822,0,-56.5195,-33.4008,2406,17,1,1694439569,1758859315,0
UMTS,748,1,180,1757560,0,-56.3489,-33.6219,4871,12,1,1694440498,1772866053,0
UMTS,748,1,180,1755710,0,-56.2395,-34.0482,8249,13,1,1694442297,1776745837,0
UMTS,748,1,108,1946338,0,-56.153,-34.8924,1000,11,1,1694448756,1777177975,0
UMTS,748,1,104,1561747,0,-55.9287,-34.225,2351,6,1,1694523524,1772866064,0
UMTS,748,1,110,1926299,0,-56.265,-34.8581,3172,25,1,1694528434,1778817030,0
UMTS,748,1,110,1926050,0,-56.238,-34.8672,1000,6,1,1694530092,1739429666,0
UMTS,748,1,107,1565773,0,-55.2288,-34.3762,1000,3,1,1694590663,1736142920,0
UMTS,748,1,122,1732182,0,-56.7504,-34.4558,3549,19,1,1694592263,1779769927,0
UMTS,748,1,122,1737860,0,-56.705,-34.3122,1813,16,1,1694593166,1774413971,0
UMTS,748,1,116,1875874,0,-55.8173,-34.7709,1000,4,1,1694594097,1735022438,0
UMTS,748,1,116,1876774,0,-55.7199,-34.7604,1000,7,1,1694594997,1768111630,0
UMTS,748,1,116,1878093,0,-55.9136,-34.7921,3193,12,1,1694596824,1771656315,0
UMTS,748,1,137,1743650,0,-56.8956,-33.5155,1000,5,1,1694598721,1779078660,0
UMTS,748,1,137,1723650,0,-56.8945,-33.5149,1000,4,1,1694599569,1734677729,0
UMTS,748,1,122,1752180,0,-56.7347,-34.3961,5519,19,1,1694604998,1773211221,0
UMTS,748,1,103,1860624,0,-56.0014,-34.7915,1000,6,1,1694676149,1754625682,0
UMTS,748,1,125,1878662,0,-56.1611,-34.8693,1000,7,1,1694691658,1750829593,0
UMTS,748,10,19240,69067618,0,-55.0591,-34.8788,2013,4,1,1694756075,1752212043,0
UMTS,748,10,19240,69047911,0,-55.1567,-34.8514,7709,10,1,1694760597,1751001805,0
UMTS,748,10,19240,69039015,0,-55.2441,-34.8759,2846,7,1,1694759706,1752212039,0
UMTS,748,1,103,1877592,0,-56.24,-34.7142,6335,9,1,1694767259,1774325595,0
UMTS,748,1,106,1858523,0,-56.113,-34.8918,1000,4,1,1694782994,1742366387,0
UMTS,748,10,19240,69037823,0,-56.2754,-34.5345,1000,3,1,1694801487,1734072337,0
UMTS,748,10,19240,69067926,0,-57.1903,-34.3454,3948,8,1,1694880965,1742021671,0
UMTS,748,10,19730,68993769,0,-57.8401,-34.4434,5068,6,1,1694877331,1752212088,0
UMTS,748,10,19240,69038498,0,-54.9295,-34.7601,4214,26,1,1694879413,1752038517,0
UMTS,748,10,19240,69017494,0,-56.3654,-34.7778,2243,24,1,1695015781,1748669842,0
UMTS,748,1,139,1562542,32,-54.6798,-34.1734,6690,51,1,1695037765,1748739132,0
UMTS,748,1,139,1561385,421,-54.4752,-34.0825,4148,51,1,1695038665,1748739077,0
UMTS,748,1,110,1946079,0,-56.256,-34.8715,1000,8,1,1695046191,1752903152,0
UMTS,748,1,105,1755790,499,-53.5192,-33.689,4963,25,1,1695046871,1748711283,0
UMTS,748,1,116,1876784,0,-55.997,-34.8349,1905,12,1,1695049491,1767854220,0
UMTS,748,1,105,1733529,0,-53.6638,-34.108,1000,2,1,1695049579,1740291732,0
UMTS,748,1,106,1878372,0,-56.0424,-34.8515,4776,19,1,1695069159,1759982240,0
UMTS,748,1,116,1875623,0,-56.0108,-34.8396,2015,19,1,1695070059,1776659403,0
UMTS,748,1,116,1858273,0,-55.9673,-34.8421,1000,15,1,1695136130,1735108023,0
UMTS,748,1,116,1857133,0,-55.948,-34.8189,1106,14,1,1695100998,1774413891,0
UMTS,748,10,19240,69058490,0,-55.0547,-34.8785,1103,8,1,1695108247,1747374469,0
UMTS,748,10,19240,69068490,0,-55.0474,-34.8665,1000,7,1,1695111847,1752212047,0
UMTS,748,1,110,1946308,0,-56.1981,-34.8386,1000,13,1,1695111233,1754797509,0
UMTS,748,1,117,1855912,0,-55.3898,-34.751,1000,6,1,1695111913,1777521374,0
UMTS,748,1,110,1946309,0,-56.1985,-34.8425,1000,22,1,1695113051,1762577920,0
UMTS,748,1,110,1946310,0,-56.202,-34.8402,703,26,1,1695116579,1756439959,0
UMTS,748,1,137,1765281,0,-56.8669,-34.24,4862,11,1,1695122838,1778557744,0
UMTS,748,1,110,1926320,0,-56.211,-34.8395,629,25,1,1695122946,1759204168,0
UMTS,748,1,110,1926310,0,-56.2033,-34.8388,1000,21,1,1695124777,1773556900,0
UMTS,748,1,116,1878094,0,-55.9324,-34.8007,1000,3,1,1695128857,1755491475,0
UMTS,748,1,103,1856943,0,-56.0003,-34.7868,1415,14,1,1695129762,1774067895,0
UMTS,748,1,181,1766551,0,-56.2611,-34.6019,1149,17,1,1695183022,1772260445,0
UMTS,748,1,181,1752041,0,-56.2718,-34.4373,4746,13,1,1695191157,1772345041,0
UMTS,748,1,180,1723841,0,-56.199,-34.0975,1000,16,1,1695186659,1776745824,0
UMTS,748,1,180,1757500,0,-56.2141,-34.0845,1000,4,1,1695188444,1776484224,0
UMTS,748,1,180,1752332,0,-56.2331,-34.3109,4555,22,1,1695190251,1769233117,0
UMTS,748,1,110,1926319,0,-56.2072,-34.8472,1665,25,1,1695209662,1744868269,0
UMTS,748,1,110,1926079,0,-56.2545,-34.8717,1000,5,1,1695278723,1751347172,0
UMTS,748,1,110,1946320,0,-56.2102,-34.8397,1000,23,1,1695276452,1753417881,0
UMTS,748,1,110,1926318,0,-56.1984,-34.8444,3135,21,1,1695279175,1755748630,0
UMTS,748,1,122,1757011,0,-56.7461,-34.3371,1100,5,1,1695320871,1779251580,0
UMTS,748,1,181,1765592,0,-56.2802,-34.5345,3318,10,1,1695360808,1768285075,0
UMTS,748,1,116,1857134,0,-55.9596,-34.8263,1135,13,1,1695367512,1751863213,0
UMTS,748,1,103,1766840,0,-55.9631,-34.4273,2169,6,1,1695382524,1751694187,0
UMTS,748,1,104,1561746,0,-55.9259,-34.2492,1000,2,1,1695384323,1772779382,0
UMTS,748,1,122,1733550,0,-57.531,-34.3813,3280,21,1,1695397476,1779856376,0
UMTS,748,1,107,1755570,0,-54.9136,-34.7877,1961,18,1,1695408043,1773211308,0
UMTS,748,1,101,1945370,0,-56.1974,-34.9082,1000,8,1,1695457968,1748330859,0
UMTS,748,1,110,1946319,0,-56.2066,-34.8467,1000,14,1,1695648328,1744263650,0
UMTS,748,1,110,1926269,0,-56.2373,-34.8433,1000,8,1,1695648464,1743832722,0
UMTS,748,1,103,1766831,0,-56.2407,-34.6792,1000,11,1,1695648749,1759204053,0
UMTS,748,1,181,1765602,0,-56.2821,-34.5115,2913,11,1,1695649667,1767161345,0
UMTS,748,1,180,1733362,0,-56.2428,-34.0081,1474,9,1,1695652374,1776484227,0
UMTS,748,1,180,1723822,0,-56.5193,-33.4004,2228,18,1,1695655114,1758859322,0
UMTS,748,1,180,1766821,0,-56.4901,-33.2961,4583,12,1,1695656015,1764132953,0
UMTS,748,1,180,1767381,0,-56.522,-33.3918,1000,15,1,1695659637,1754886495,0
UMTS,748,1,122,1753757,0,-57.9728,-34.1393,2872,9,1,1695707503,1763614468,0
UMTS,748,1,122,1755412,0,-56.698,-34.3502,3427,9,1,1695719605,1779769953,0
UMTS,748,1,116,1856734,0,-55.766,-34.7683,1080,11,1,1695717268,1773735467,0
UMTS,748,1,116,1855102,0,-55.7336,-34.7583,1000,15,1,1695720868,1776397989,0
UMTS,748,1,116,1876464,0,-55.7679,-34.7363,1000,6,1,1695721768,1774067800,0
UMTS,748,1,116,1878252,0,-55.9155,-34.7877,1000,17,1,1695731273,1768716650,0
UMTS,748,1,117,1857093,0,-55.5137,-34.7864,1258,22,1,1695734020,1777607323,0
UMTS,748,1,117,1855904,0,-55.431,-34.7795,2581,24,1,1695734927,1773384120,0
UMTS,748,1,107,1753849,0,-55.1834,-34.8466,3074,9,1,1695736801,1768111844,0
UMTS,748,1,107,1713953,0,-55.0587,-34.8926,2524,4,1,1695743225,1768459256,0
UMTS,748,1,117,1875904,0,-55.4283,-34.7797,1972,11,1,1695746017,1768285059,0
UMTS,748,1,107,1765572,0,-54.9176,-34.795,1000,23,1,1695747928,1779424372,0
UMTS,748,1,116,1877972,0,-55.8399,-34.7749,1000,2,1,1695748770,1763701276,0
GSM,748,10,9621,14007,-1,-55.9985,-34.8129,5877,16,1,1695757627,1759120165,0
UMTS,748,1,116,1856133,0,-55.9875,-34.854,1000,2,1,1695807520,1755575344,0
UMTS,748,1,180,1732332,0,-56.2341,-34.3095,4282,23,1,1695817565,1776745820,0
UMTS,748,1,180,1723842,0,-56.1868,-34.1319,4166,19,1,1695818465,1776745840,0
UMTS,748,1,180,1766070,0,-56.4602,-33.0185,3073,9,1,1695823914,1764132955,0
UMTS,748,1,104,1561625,0,-56.5288,-32.8095,1935,2,1,1695824843,1764132961,0
UMTS,748,1,122,1733861,0,-56.8947,-34.4651,3146,12,1,1695833681,1779165091,0
UMTS,748,1,180,1753397,0,-56.5194,-33.3205,5732,9,1,1695841088,1755575316,0
UMTS,748,1,122,1733770,0,-56.8324,-34.4992,6255,10,1,1695844504,1779165164,0
UMTS,748,1,180,1722980,0,-56.2492,-33.9282,1708,12,1,1695844689,1776484231,0
UMTS,748,1,110,1926309,0,-56.1965,-34.8437,1295,23,1,1695902489,1770188039,0
UMTS,748,1,110,1926049,0,-56.2392,-34.8717,1000,9,1,1695968806,1775620093,0
UMTS,748,1,106,1878523,0,-56.1118,-34.8918,1000,5,1,1695981836,1742288200,0
UMTS,748,1,137,1767920,0,-56.7592,-33.8696,1352,5,1,1695984577,1779078666,0
UMTS,748,1,101,1925498,0,-56.2036,-34.9058,1000,8,1,1695985255,1752125363,0
UMTS,748,1,137,1764941,0,-56.848,-33.6353,4214,10,1,1695985476,1779078665,0
UMTS,748,1,137,1743660,0,-56.902,-33.5269,1000,10,1,1695987276,1779078662,0
UMTS,748,10,19730,68953414,0,-55.8689,-34.0121,4779,4,1,1695991765,1742626207,0
UMTS,748,10,19730,68973414,0,-55.9436,-34.0923,6446,9,1,1695992665,1742626202,0
UMTS,748,1,107,1753531,0,-54.9186,-34.7989,2402,26,1,1695995188,1780461053,0
UMTS,748,1,122,1753557,0,-57.5779,-34.3938,3346,20,1,1696005818,1761280403,0
UMTS,748,1,101,1925349,0,-56.1955,-34.9114,1000,17,1,1696009590,1737441549,0
UMTS,748,1,106,1878542,0,-56.1049,-34.8909,1000,7,1,1696069385,1744781909,0
GSM,748,10,9622,14033,-1,-56.0387,-34.7715,6735,12,1,1696256447,1745991588,0
UMTS,748,1,107,1565526,0,-55.2171,-34.3696,1000,8,1,1696265036,1736662766,0
UMTS,748,1,124,1737700,0,-58.2319,-33.1505,4414,23,1,1696267863,1776225159,0
UMTS,748,1,107,1732610,0,-54.8745,-34.8533,1839,8,1,1696308270,1779424389,0
UMTS,748,1,101,1945470,0,-56.2003,-34.9047,1000,8,1,1696316116,1748059455,0
UMTS,748,1,121,1732792,0,-54.9381,-34.8963,1000,7,1,1696320831,1751607625,0
UMTS,748,1,110,1926308,0,-56.1988,-34.8386,1000,19,1,1696332494,1754712864,0
UMTS,748,1,108,1926338,0,-56.1528,-34.8927,1000,17,1,1696344710,1760068698,0
UMTS,748,1,139,1562256,0,-54.2578,-32.8398,5488,6,1,1696351654,1741501614,0
UMTS,748,1,132,1562233,0,-54.2181,-32.6559,4187,10,1,1696352554,1745904463,0
UMTS,748,1,132,1695574,0,-54.1112,-32.4664,2907,6,1,1696353454,1741501615,0
UMTS,748,1,132,1696289,0,-54.1611,-32.363,1000,8,1,1696354366,1740898257,0
UMTS,748,1,132,1693289,0,-54.1622,-32.3641,1000,8,1,1696355267,1741675216,0
UMTS,748,1,132,1693294,0,-54.1614,-32.3782,1000,8,1,1696356156,1745904457,0
UMTS,748,1,132,1696285,0,-54.1644,-32.3704,1000,5,1,1696357093,1741586249,0
UMTS,748,1,132,1692576,0,-54.1439,-32.5432,5520,8,1,1696359804,1737352083,0
UMTS,748,1,139,1562242,0,-54.2742,-32.8667,4639,4,1,1696361604,1745904464,0
UMTS,748,1,139,1565252,0,-54.374,-33.0213,5492,13,1,1696362516,1738305398,0
UMTS,748,10,19220,68886525,0,-56.1755,-34.8604,1000,9,1,1696405242,1739860666,0
UMTS,748,1,124,1740531,0,-58.291,-33.127,1000,22,1,1696440944,1775793529,0
UMTS,748,10,19220,68896448,59,-56.0628,-34.8961,1000,4,1,1696409114,1742944862,0
UMTS,748,1,124,1720531,0,-58.2918,-33.1272,1000,9,1,1696409395,1776138382,0
UMTS,748,10,19220,68926538,0,-56.1545,-34.864,1245,21,1,1696422454,1752816658,0
UMTS,748,1,124,1717460,0,-58.2803,-33.1317,1000,12,1,1696419430,1776138373,0
UMTS,748,1,124,1737462,0,-58.2876,-33.1373,1156,5,1,1696419963,1759378807,0
UMTS,748,1,124,1717462,0,-58.2863,-33.1377,1170,4,1,1696420244,1736318736,0
UMTS,748,1,124,1720530,0,-58.2864,-33.1256,1000,15,1,1696421143,1776138392,0
UMTS,748,1,124,1767132,0,-58.1856,-33.1702,3517,23,1,1696428113,1779856394,0
UMTS,748,1,124,1757132,0,-58.186,-33.1718,6050,22,1,1696424517,1779942552,0
UMTS,748,10,19220,68907529,494,-56.1632,-34.8665,1000,23,1,1696423638,1753161653,0
UMTS,748,10,19220,68926525,0,-56.1721,-34.8605,1000,7,1,1696436868,1737182742,0
UMTS,748,10,19730,68972926,0,-57.531,-34.075,5346,12,1,1696433656,1746078203,0
UMTS,748,10,19730,68962262,0,-57.7012,-33.9309,3078,2,1,1696434514,1739947392,0
UMTS,748,10,19730,68952379,0,-58.0857,-33.7277,8277,9,1,1696439081,1752643908,0
UMTS,748,10,19730,68982307,0,-58.191,-33.5823,5000,4,1,1696437228,1740638695,0
UMTS,748,10,19730,68972379,0,-58.1564,-33.6521,5315,8,1,1696438157,1752643906,0
UMTS,748,10,19220,68906525,0,-56.1744,-34.8591,1000,9,1,1696452410,1754020699,0
UMTS,748,1,124,1767131,0,-58.1539,-33.1732,5885,23,1,1696471024,1770964734,0
UMTS,748,1,124,1716200,0,-58.0229,-33.2456,1158,12,1,1696471893,1770101678,0
UMTS,748,1,124,1734213,0,-58.2568,-33.5495,14792,23,1,1696473694,1774670028,0
UMTS,748,1,137,1743350,0,-58.3788,-33.8833,7139,22,1,1696501717,1778484475,0
UMTS,748,1,137,1723451,0,-58.3578,-33.8219,8909,11,1,1696478342,1777348501,0
UMTS,748,1,122,1733561,0,-56.7931,-34.5289,1000,5,1,1696478963,1779251525,0
UMTS,748,10,19220,68906485,0,-56.2082,-34.8782,1425,22,1,1696481510,1753161680,0
UMTS,748,10,19220,68886472,0,-56.1985,-34.8717,500,26,1,1696483309,1736405071,0
UMTS,748,1,137,1743451,0,-58.3616,-33.855,7509,9,1,1696490872,1757476949,0
UMTS,748,10,19220,68896494,0,-56.0795,-34.8805,1000,9,1,1696491261,1734677672,0
UMTS,748,10,19240,69039303,0,-55.2484,-34.3615,3272,13,1,1696513419,1745297981,0
UMTS,748,10,19220,68906535,0,-56.1752,-34.8703,1000,16,1,1696489659,1754625687,0
UMTS,748,1,122,1753772,0,-56.8555,-34.49,17880,15,1,1696491592,1765860496,0
UMTS,748,10,19220,68896535,81,-56.1688,-34.8698,1000,17,1,1696494642,1749535209,0
UMTS,748,10,19220,68936538,0,-56.1499,-34.8594,1000,21,1,1696498288,1752816640,0
UMTS,748,10,19220,68888326,0,-56.228,-34.864,1331,20,1,1696505777,1735625982,0
UMTS,748,1,110,1926250,0,-56.2531,-34.8482,1000,19,1,1696506632,1778126332,0
UMTS,748,10,19220,68886523,0,-56.2231,-34.8525,1000,20,1,1696506637,1735366638,0
UMTS,748,10,19220,68897828,0,-56.216,-34.8608,1000,8,1,1696507562,1752298455,0
UMTS,748,1,124,1715691,0,-58.0066,-33.2464,1483,15,1,1696508974,1768020864,0
UMTS,748,1,124,1757131,0,-58.1484,-33.1706,6860,24,1,1696509880,1778644351,0
UMTS,748,1,180,1757551,0,-56.3361,-33.6817,5025,13,1,1696511348,1737267638,0
UMTS,748,1,180,1731970,0,-56.4637,-33.4606,4486,14,1,1696512254,1767940909,0
UMTS,748,10,19220,68906351,0,-56.2394,-34.8713,1000,21,1,1696512979,1747115049,0
UMTS,748,1,123,1753478,0,-58.0199,-32.5644,8383,23,1,1696525255,1779424377,0
UMTS,748,10,19220,68896408,0,-56.1789,-34.8664,1798,17,1,1696517259,1750585534,0
UMTS,748,10,19220,68916485,0,-56.2134,-34.8742,1000,9,1,1696523808,1754540962,0
UMTS,748,1,135,1693187,0,-55.6644,-31.2477,6897,23,1,1696524026,1745731208,0
UMTS,748,1,124,1757130,0,-58.1605,-33.1586,3845,15,1,1696529767,1779856388,0
UMTS,748,1,135,1692854,0,-55.5387,-30.9178,1346,21,1,1696531275,1738908797,0
UMTS,748,10,19220,68896397,0,-56.2195,-34.8698,1000,21,1,1696531954,1754541039,0
UMTS,748,10,19220,68886505,0,-56.1999,-34.8845,1000,22,1,1696581731,1754625546,0
UMTS,748,10,19220,68906397,0,-56.2255,-34.8695,1000,20,1,1696546432,1753762820,0
UMTS,748,1,181,1765440,0,-56.2807,-34.5018,2138,13,1,1696557514,1759896170,0
UMTS,748,10,19220,68936489,0,-56.212,-34.8617,1000,7,1,1696567948,1744436735,0
UMTS,748,10,19220,68906386,0,-56.1935,-34.8624,1000,8,1,1696571757,1735108199,0
UMTS,748,10,19220,68906505,0,-56.2043,-34.8787,1343,22,1,1696569989,1754625448,0
UMTS,748,10,19220,68886536,0,-56.2545,-34.85,1000,18,1,1696570851,1753336369,0
UMTS,748,10,19220,68896405,0,-56.1953,-34.8508,2144,23,1,1696575161,1751694175,0
UMTS,748,10,19220,68887465,0,-56.259,-34.811,1026,26,1,1696609805,1747288281,0
UMTS,748,10,19220,68936525,0,-56.1693,-34.8636,1000,23,1,1696596829,1752298554,0
UMTS,748,10,19220,68896412,0,-56.2053,-34.8354,777,26,1,1696588027,1753589296,0
UMTS,748,10,19220,68896351,0,-56.2352,-34.8723,1000,19,1,1696624263,1754541042,0
UMTS,748,10,19220,68916514,0,-56.147,-34.8496,1000,7,1,1696664441,1751694182,0
UMTS,748,10,19220,68896536,0,-56.2456,-34.8687,4918,23,1,1696665889,1754625480,0
UMTS,748,10,19220,68896359,0,-56.1816,-34.8713,1000,21,1,1696671011,1753072867,0
UMTS,748,1,110,1926330,0,-56.1926,-34.8433,1000,19,1,1696671086,1754365756,0
UMTS,748,10,19220,68906619,0,-56.1366,-34.8669,591,25,1,1696674948,1752816636,0
UMTS,748,1,110,1946329,0,-56.1921,-34.8462,1000,24,1,1696676618,1755316531,0
UMTS,748,1,181,1767420,0,-56.7636,-34.5145,4189,6,1,1696680231,1764910861,0
UMTS,748,10,19220,68897337,0,-56.2884,-34.8533,1000,21,1,1696681250,1752816628,0
UMTS,748,10,19220,68886411,0,-56.2879,-34.8653,1428,23,1,1696682169,1746597677,0
UMTS,748,10,19220,68906536,0,-56.2642,-34.8578,1028,26,1,1696684914,1754625453,0
UMTS,748,1,137,1723660,0,-56.9033,-33.5283,1575,16,1,1696684755,1779078664,0
UMTS,748,1,123,1765101,0,-57.0758,-33.2986,6388,21,1,1696693789,1767940889,0
UMTS,748,1,123,1752091,0,-57.1974,-33.1091,3416,24,1,1696687431,1779078654,0
UMTS,748,1,124,1731981,0,-57.4004,-32.9096,19507,21,1,1696691980,1779078652,0
UMTS,748,10,19220,68896765,0,-56.2682,-34.8556,3090,25,1,1696690299,1754540800,0
UMTS,748,1,106,1878514,0,-56.096,-34.8959,1000,3,1,1696690475,1743573134,0
UMTS,748,1,110,1946058,0,-56.2505,-34.8766,1000,14,1,1696708625,1738562823,0
UMTS,748,10,19240,69039311,0,-57.3577,-34.3368,2356,9,1,1696757096,1743139951,0
UMTS,748,10,19730,68983781,0,-58.3972,-33.8867,1000,5,1,1696763457,1740034120,0
UMTS,748,10,19730,69003781,0,-58.4164,-33.876,1276,5,1,1696767957,1751001792,0
UMTS,748,10,19730,68983774,0,-58.4131,-33.8704,1136,8,1,1696773395,1751001823,0
GSM,748,10,9226,12305,-1,-56.1917,-34.8668,2871,22,1,1696825695,1761193786,0
UMTS,748,10,19220,68896384,0,-56.1541,-34.8504,1000,21,1,1696830492,1735366629,0
UMTS,748,10,19220,68926423,285,-56.1424,-34.8763,500,32,1,1696843868,1743314762,0
UMTS,748,10,19220,68886395,0,-56.141,-34.8265,1000,9,1,1696837716,1743311748,0
UMTS,748,10,19220,68887529,0,-56.1517,-34.8597,1000,14,1,1696846830,1752816655,0
UMTS,748,10,19240,69019301,0,-55.2321,-34.7797,1000,14,1,1696844559,1752212153,0
UMTS,748,1,180,1757490,0,-56.2133,-34.2503,1000,5,1,1696854347,1776484289,0
UMTS,748,10,19220,68886453,0,-56.2217,-34.8373,1000,10,1,1696855662,1747114959,0
UMTS,748,10,19220,68916525,0,-56.1734,-34.8573,1000,9,1,1696875558,1754625697,0
UMTS,748,1,180,1732000,0,-56.2849,-33.81,12965,5,1,1696865372,1776745830,0
UMTS,748,1,123,1767640,0,-57.6925,-32.5228,12447,21,1,1696919683,1779165159,0
UMTS,748,1,124,1732380,0,-57.6537,-32.5711,10635,21,1,1696934148,1779165130,0
UMTS,748,1,124,1752380,0,-57.6538,-32.5745,11509,24,1,1696916050,1779165135,0
UMTS,748,1,123,1757640,0,-57.6917,-32.5313,11752,21,1,1696917884,1779165124,0
UMTS,748,1,115,1925168,0,-56.1788,-34.8855,1000,8,1,1696914087,1746855935,0
UMTS,748,1,110,1946330,0,-56.1911,-34.8435,1000,11,1,1696914265,1755662058,0
UMTS,748,10,19220,68896642,0,-56.1476,-34.8389,1215,20,1,1696939475,1749977568,0
UMTS,748,10,19220,68906483,0,-56.1128,-34.8831,1000,4,1,1696918696,1735886185,0
UMTS,748,10,19220,68896807,0,-56.1206,-34.8723,1000,13,1,1696922317,1735886212,0
UMTS,748,10,19220,68906440,0,-56.101,-34.8792,1000,11,1,1696925958,1735886217,0
UMTS,748,10,19220,68886431,0,-56.1106,-34.868,1000,19,1,1696928674,1735108168,0
UMTS,748,10,19220,68897529,0,-56.1534,-34.8654,1234,18,1,1696935198,1737787465,0
UMTS,748,10,19220,68886399,0,-56.2442,-34.8696,1000,24,1,1696936104,1753762724,0
UMTS,748,10,19220,68886535,0,-56.1713,-34.867,1000,14,1,1696942169,1746856003,0
UMTS,748,1,137,1738130,0,-57.9748,-33.8492,10515,20,1,1696944898,1769494797,0
UMTS,748,1,137,1738132,0,-58.0718,-33.7724,11785,25,1,1696952115,1773735329,0
UMTS,748,1,137,1743421,0,-58.094,-33.7184,10583,21,1,1696946708,1773556822,0
UMTS,748,1,124,1765222,0,-58.2128,-33.5404,941,25,1,1696947607,1778644325,0
UMTS,748,1,124,1766622,0,-58.2137,-33.5269,1062,22,1,1696948540,1780374610,0
UMTS,748,10,19730,69002307,0,-58.2254,-33.5195,1000,7,1,1696950655,1749275506,0
UMTS,748,1,124,1755222,0,-58.2124,-33.5391,1000,21,1,1696950380,1779683423,0
UMTS,748,1,137,1723422,0,-58.1779,-33.6328,20206,21,1,1696951209,1773556811,0
UMTS,748,10,19730,68962349,0,-58.2133,-33.5378,1000,8,1,1696951539,1740552385,0
UMTS,748,10,19730,68972382,0,-58.0235,-33.8032,3594,8,1,1696953352,1742539579,0
UMTS,748,10,19220,68936423,0,-56.1469,-34.8733,1204,14,1,1696966974,1735972950,0
UMTS,748,10,19220,68886405,0,-56.2015,-34.8425,1000,21,1,1696999859,1751347084,0
UMTS,748,10,19220,68926489,0,-56.2105,-34.8654,1000,24,1,1697007543,1735366636,0
UMTS,748,1,122,1737750,0,-56.7477,-34.3144,5358,8,1,1697028271,1765601246,0
UMTS,748,1,117,1875224,0,-55.6238,-34.753,2364,26,1,1697028856,1773124242,0
UMTS,748,1,116,1877832,0,-55.8282,-34.7729,1000,6,1,1697029786,1773124243,0
UMTS,748,1,137,1743762,0,-56.9761,-34.1232,5570,8,1,1697030087,1776918860,0
UMTS,748,1,137,1723701,0,-57.0863,-33.982,7432,13,1,1697030990,1780029128,0
UMTS,748,1,137,1723722,0,-57.3026,-33.9192,3786,6,1,1697039212,1775536359,0
UMTS,748,10,19730,68952349,0,-58.2245,-33.5245,1175,6,1,1697038337,1749275483,0
UMTS,748,1,137,1723699,0,-57.0931,-33.9591,1590,8,1,1697040124,1776918806,0
UMTS,748,1,137,1755281,0,-56.8627,-34.2459,5604,10,1,1697041955,1780029107,0
UMTS,748,10,19240,69059325,0,-57.0577,-34.3992,4055,17,1,1697046518,1747115049,0
UMTS,748,10,19220,68896472,0,-56.1927,-34.8719,1000,22,1,1697092551,1753161718,0
UMTS,748,10,19220,68886516,0,-56.2124,-34.8308,2225,22,1,1697096174,1753589319,0
UMTS,748,1,116,1879053,0,-55.7755,-34.7677,1000,13,1,1697101913,1773384237,0
UMTS,748,1,116,1858622,0,-55.7006,-34.7497,1000,19,1,1697105617,1773384115,0
UMTS,748,1,116,1859054,0,-55.792,-34.7667,1000,11,1,1697106506,1774670041,0
UMTS,748,10,19220,68896426,0,-56.1165,-34.8685,1152,22,1,1697112341,1734505710,0
UMTS,748,1,180,1765711,0,-56.2283,-34.0787,1692,8,1,1697114207,1737267632,0
UMTS,748,1,180,1751961,0,-56.4198,-33.5045,1206,11,1,1697116955,1767940912,0
UMTS,748,1,180,1753398,0,-56.5064,-33.3479,1393,13,1,1697118776,1759551351,0
UMTS,748,1,104,1564724,0,-55.4275,-33.6642,6117,7,1,1697131723,1762663401,0
UMTS,748,1,135,1692855,0,-55.5537,-30.9457,3562,16,1,1697132367,1745731203,0
UMTS,748,1,135,1693007,0,-55.6291,-31.1216,4145,9,1,1697133241,1745731206,0
UMTS,748,10,19220,68887458,0,-56.2674,-34.8608,1966,25,1,1697171959,1754452556,0
UMTS,748,1,124,1767520,0,-57.5261,-32.822,5477,16,1,1697172220,1735022411,0
UMTS,748,1,137,1743382,0,-56.9094,-33.5172,1000,12,1,1697175882,1767940896,0
UMTS,748,1,110,1946059,0,-56.2537,-34.8746,1000,12,1,1697186708,1751347170,0
UMTS,748,1,110,1946318,0,-56.1972,-34.843,3259,23,1,1697189925,1761626730,0
UMTS,748,10,19220,68916494,192,-56.0826,-34.8851,1000,23,1,1697209557,1742944862,0
UMTS,748,1,132,1696279,0,-54.2343,-32.3667,4315,16,1,1697279138,1744001541,0
UMTS,748,10,19220,68886765,0,-56.2715,-34.847,4245,22,1,1697282047,1753589118,0
UMTS,748,1,139,1565257,0,-54.2293,-32.7622,3175,8,1,1697282764,1741501608,0
UMTS,748,1,122,1733772,0,-56.8608,-34.4863,1991,12,1,1697293675,1778903425,0
UMTS,748,10,19730,68992247,0,-56.5078,-33.4139,4752,26,1,1697400123,1746253534,0
UMTS,748,10,19220,68907828,0,-56.2203,-34.8611,1000,9,1,1697446911,1747374258,0
UMTS,748,10,19220,68887337,0,-56.2875,-34.8473,1000,20,1,1697463598,1751173570,0
UMTS,748,10,19220,68907337,0,-56.2935,-34.8476,1992,22,1,1697465398,1751173676,0
UMTS,748,10,19220,68886642,0,-56.1502,-34.8338,1000,12,1,1697521137,1739602624,0
UMTS,748,10,19220,68886401,0,-56.1569,-34.8216,1000,13,1,1697522055,1746078228,0
UMTS,748,10,19240,69019303,0,-55.1985,-34.3664,6145,17,1,1697531244,1745297990,0
UMTS,748,10,19730,68982247,0,-56.51,-33.3563,4912,23,1,1697538917,1750829607,0
UMTS,748,1,125,1946028,0,-56.2019,-34.8607,1000,7,1,1697551417,1742711076,0
GSM,748,10,9221,12204,-1,-56.1523,-34.9157,1000,20,1,1697574026,1760154534,0
GSM,748,10,9221,12043,-1,-56.1523,-34.9191,1000,6,1,1697574026,1757910576,0
UMTS,748,1,110,1946328,0,-56.1856,-34.8485,1000,14,1,1697619556,1770101565,0
UMTS,748,1,103,1714425,0,-56.2552,-34.6255,1323,15,1,1697636723,1779510790,0
UMTS,748,10,19220,68908060,0,-56.1868,-34.8485,1385,21,1,1697706241,1754625715,0
UMTS,748,10,19220,68906405,0,-56.2051,-34.8527,1000,12,1,1697713268,1735626028,0
UMTS,748,1,103,1880623,0,-56.0067,-34.8062,1504,8,1,1697716187,1753504169,0
UMTS,748,1,181,1757420,0,-56.7605,-34.5048,3076,7,1,1697719802,1779769979,0
UMTS,748,1,124,1737460,0,-58.2787,-33.1314,1068,9,1,1697723708,1772692729,0
UMTS,748,1,122,1765742,0,-56.7208,-34.3691,2012,9,1,1697720702,1772779357,0
UMTS,748,1,121,1732770,0,-54.9956,-34.877,3858,19,1,1697730697,1776746067,0
UMTS,748,1,122,1753550,0,-57.5407,-34.3835,3890,21,1,1697788461,1763614484,0
UMTS,748,1,117,1855222,0,-55.5906,-34.7617,1564,13,1,1697803830,1773211190,0
UMTS,748,1,103,1860623,0,-56.0082,-34.8091,1329,7,1,1697807461,1735625906,0
UMTS,748,10,19220,68917819,0,-56.2838,-34.8424,1102,16,1,1697809434,1751173580,0
UMTS,748,1,122,1753552,0,-57.5681,-34.3653,1874,13,1,1697810991,1762493374,0
UMTS,748,10,19220,68896395,0,-56.141,-34.8312,1000,18,1,1697870192,1753161719,0
UMTS,748,1,132,1693279,0,-54.2353,-32.3669,4698,10,1,1697884253,1745385336,0
UMTS,748,10,19730,68951862,0,-57.8415,-34.4604,3991,9,1,1697909947,1752212075,0
UMTS,748,10,19730,69001862,0,-57.8522,-34.4622,1822,3,1,1697911818,1751436188,0
UMTS,748,10,19730,68971862,0,-57.8472,-34.4703,1000,6,1,1697912691,1751436146,0
UMTS,748,1,107,1765481,0,-54.9142,-34.7887,1000,8,1,1697915673,1750225550,0
UMTS,748,10,19730,68983769,0,-57.8457,-34.4554,1632,6,1,1697927119,1752212091,0
UMTS,748,10,19220,68888060,0,-56.1757,-34.8579,637,25,1,1697971360,1754625698,0
UMTS,748,10,19220,68906765,0,-56.2773,-34.8585,1915,23,1,1698033897,1754625476,0
UMTS,748,1,132,1565232,0,-54.1952,-32.5914,4260,14,1,1698039471,1738305400,0
UMTS,748,10,19220,68886513,0,-56.2303,-34.8585,1996,16,1,1698039497,1754540855,0
UMTS,748,1,121,1733170,0,-54.9484,-34.9012,1000,6,1,1698041059,1780288078,0
UMTS,748,1,132,1693274,0,-54.168,-32.3625,1273,11,1,1698041231,1745298009,0
UMTS,748,1,132,1696254,0,-54.3177,-32.3749,4667,6,1,1698042139,1745904454,0
UMTS,748,1,124,1755221,0,-58.2056,-33.5372,2893,22,1,1698060098,1779510812,0
UMTS,748,1,124,1735691,0,-58.0077,-33.2452,1000,10,1,1698068328,1764219448,0
UMTS,748,1,124,1735690,0,-57.9725,-33.2492,6485,24,1,1698071016,1776397962,0
UMTS,748,1,124,1715690,0,-57.9623,-33.2428,4939,17,1,1698070116,1776397960,0
UMTS,748,10,19730,68963381,0,-57.0269,-33.4094,6990,23,1,1698076716,1753161746,0
UMTS,748,10,19730,68983381,0,-57.0836,-33.2786,9415,20,1,1698077574,1747718801,0
UMTS,748,10,19730,68963400,0,-57.2632,-33.0489,7136,24,1,1698078802,1753762997,0
UMTS,748,10,19730,68983400,0,-57.3446,-32.9746,12546,22,1,1698079426,1753161750,0
UMTS,748,10,19730,68963398,0,-57.4426,-32.8904,11994,25,1,1698081233,1753762999,0
UMTS,748,10,19730,68962227,0,-57.5977,-32.7436,5745,18,1,1698082134,1753763001,0
UMTS,748,10,19730,69002227,0,-57.6107,-32.6863,8345,6,1,1698083051,1748330871,0
UMTS,748,10,19730,68983398,0,-57.5302,-32.8168,6317,20,1,1698091582,1753504167,0
UMTS,748,10,19730,68963770,0,-56.8922,-33.5482,5565,17,1,1698097068,1747467754,0
UMTS,748,10,19240,69028590,0,-56.6952,-34.2432,5108,17,1,1698099912,1747467765,0
UMTS,748,10,19240,69059300,0,-56.7256,-34.359,2507,5,1,1698113465,1742970791,0
UMTS,748,10,19220,68906359,0,-56.185,-34.8718,1000,20,1,1698131598,1754020711,0
UMTS,748,10,19220,68886539,0,-56.1703,-34.8165,1920,6,1,1698146016,1751694157,0
UMTS,748,10,19220,68916484,0,-56.1766,-34.8558,1000,7,1,1698146913,1750585414,0
UMTS,748,1,139,1565242,0,-54.2641,-32.8381,16251,11,1,1698160637,1738305392,0
UMTS,748,10,19220,68926513,0,-56.2477,-34.8657,1004,11,1,1698167513,1746509803,0
UMTS,748,1,132,1693288,0,-54.1364,-32.368,2292,5,1,1698170587,1741501616,0
UMTS,748,1,132,1692574,0,-54.1137,-32.44,4430,10,1,1698171488,1738305401,0
UMTS,748,1,132,1562232,0,-54.1758,-32.572,7996,9,1,1698172419,1745904460,0
UMTS,748,1,139,1565260,0,-54.2471,-32.8245,4439,14,1,1698174250,1738305399,0
UMTS,748,1,139,1562610,0,-54.3842,-33.1726,4449,7,1,1698176060,1745991320,0
UMTS,748,10,19240,69059002,0,-54.3169,-34.4856,4626,12,1,1698209572,1749880778,0
UMTS,748,10,19220,68896427,0,-56.254,-34.8735,1231,7,1,1698211879,1753417788,0
UMTS,748,10,19220,68916472,0,-56.202,-34.8724,1000,20,1,1698216398,1734072292,0
UMTS,748,1,122,1765372,0,-57.3366,-34.3364,1000,4,1,1698234645,1765947332,0
UMTS,748,1,117,1855352,0,-55.397,-34.7775,2532,20,1,1698242309,1774583744,0
UMTS,748,10,19730,68973406,0,-56.7829,-33.7723,2337,6,1,1698247221,1753161740,0
UMTS,748,1,124,1740530,0,-58.2836,-33.1243,4403,15,1,1698250747,1776138369,0
UMTS,748,10,19730,68952213,0,-56.9068,-33.5155,1000,10,1,1698249047,1752816602,0
UMTS,748,10,19730,68992227,0,-57.6251,-32.7127,1000,4,1,1698253600,1747201331,0
UMTS,748,10,19220,68906399,0,-56.2519,-34.8713,1000,9,1,1698254237,1749535149,0
UMTS,748,10,19730,68963399,0,-57.7327,-32.6257,6629,21,1,1698254500,1753161753,0
UMTS,748,10,19220,68906494,433,-56.083,-34.8835,1000,12,1,1698255501,1742944862,0
UMTS,748,10,19730,68982218,0,-58.0497,-32.3551,1528,16,1,1698258093,1739602591,0
UMTS,748,10,19730,68963375,0,-57.9365,-32.4683,6163,22,1,1698258992,1753763006,0
UMTS,748,10,19730,68982227,0,-57.6303,-32.7063,1000,11,1,1698260812,1748330877,0
UMTS,748,10,19730,68973529,0,-56.7836,-33.4752,3787,7,1,1698274522,1747718797,0
UMTS,748,10,19730,69002247,0,-56.5692,-33.3937,3469,4,1,1698275373,1745558972,0
UMTS,748,10,19240,69029298,0,-56.203,-34.093,1297,19,1,1698303589,1744350024,0
UMTS,748,1,180,1743842,0,-56.1881,-34.1321,3592,15,1,1698326233,1764132972,0
UMTS,748,1,132,1696274,0,-54.1688,-32.361,1000,7,1,1698327984,1744001486,0
UMTS,748,1,122,1755421,0,-56.7184,-34.3428,1000,8,1,1698349018,1752298572,0
UMTS,748,1,181,1755592,0,-56.2814,-34.5316,1000,7,1,1698363443,1759378793,0
UMTS,748,1,181,1755882,0,-56.2828,-34.5417,1000,5,1,1698367950,1778298915,0
UMTS,748,1,122,1753860,0,-56.9068,-34.4575,1000,3,1,1698381539,1765947267,0
UMTS,748,1,124,1717700,0,-58.2303,-33.1526,4179,22,1,1698411473,1776225164,0
UMTS,748,1,124,1737461,0,-58.2331,-33.1627,5137,10,1,1698408783,1754365771,0
UMTS,748,1,124,1717461,0,-58.2283,-33.1638,5685,10,1,1698407885,1776225162,0
UMTS,748,1,117,1855434,0,-55.2348,-34.7821,1281,19,1,1698411045,1774325616,0
UMTS,748,10,19240,69037878,0,-56.2531,-34.5372,5280,14,1,1698412520,1749275541,0
UMTS,748,1,124,1765022,0,-57.6198,-32.7177,5153,22,1,1698416704,1779856344,0
UMTS,748,1,123,1765110,0,-57.0359,-33.3789,7862,19,1,1698426668,1768020856,0
UMTS,748,1,137,1767930,0,-56.7672,-33.824,3293,8,1,1698429368,1778903520,0
UMTS,748,1,103,1766830,0,-56.2146,-34.6681,1000,3,1,1698493189,1758081351,0
UMTS,748,10,19220,68897465,0,-56.2555,-34.8193,1000,12,1,1698499566,1747288333,0
UMTS,748,1,180,1743292,0,-56.5261,-33.3784,1000,11,1,1698501622,1757994564,0
UMTS,748,1,180,1722981,0,-56.2592,-33.8934,2544,13,1,1698504323,1776484283,0
UMTS,748,1,181,1765450,0,-56.2803,-34.5211,1000,4,1,1698507931,1738391540,0
UMTS,748,1,110,1926328,0,-56.1866,-34.8489,1000,17,1,1698575508,1777348527,0
UMTS,748,1,124,1733761,0,-57.8972,-32.9261,16902,21,1,1698661490,1779337934,0
UMTS,748,1,124,1756200,0,-57.7916,-32.9795,10959,11,1,1698664203,1777723314,0
UMTS,748,10,19220,68896567,0,-56.1913,-34.8691,1000,4,1,1698667054,1736491511,0
UMTS,748,10,19730,68953465,0,-57.3469,-33.9592,8574,9,1,1698681624,1748583294,0
UMTS,748,10,19730,68963465,0,-57.3636,-34.1121,9931,9,1,1698685238,1752557019,0
UMTS,748,10,19220,68886351,0,-56.2308,-34.8714,559,26,1,1698692478,1753589149,0
UMTS,748,10,19220,68886384,0,-56.1575,-34.8461,1000,10,1,1698734399,1736836818,0
UMTS,748,10,19220,68936386,0,-56.1965,-34.8584,1000,11,1,1698747044,1740206943,0
UMTS,748,1,124,1715651,0,-58.04,-33.2829,1584,21,1,1698739671,1777869059,0
UMTS,748,1,124,1733508,0,-58.1497,-33.4383,19285,26,1,1698740580,1777869057,0
UMTS,748,1,137,1743422,0,-58.1813,-33.6394,20958,21,1,1698743296,1777952990,0
UMTS,748,1,115,1945959,0,-56.1962,-34.8847,1000,2,1,1698744907,1753763027,0
UMTS,748,1,137,1752941,0,-58.4032,-33.8922,1000,24,1,1698776673,1778557777,0
UMTS,748,1,137,1732941,0,-58.4035,-33.8918,1000,24,1,1698773973,1779596950,0
UMTS,748,1,137,1743351,0,-58.4031,-33.8903,1688,23,1,1698755052,1778644082,0
UMTS,748,1,110,1926329,0,-56.1941,-34.847,1000,22,1,1698755734,1773735464,0
UMTS,748,1,103,1876944,0,-56.0148,-34.7813,2754,12,1,1698764823,1754970921,0
UMTS,748,1,137,1738162,0,-58.4156,-33.8839,1626,17,1,1698786593,1778484353,0
UMTS,748,1,137,1743341,0,-58.4164,-33.8831,1000,17,1,1698785705,1778644297,0
UMTS,748,1,137,1718162,0,-58.4146,-33.8835,2075,25,1,1698787507,1779683410,0
UMTS,748,1,137,1723341,0,-58.4176,-33.8824,1000,19,1,1698788398,1779683409,0
UMTS,748,1,124,1733507,0,-58.0986,-33.3709,3770,23,1,1698792971,1778644333,0
UMTS,748,10,19220,68926485,0,-56.2154,-34.8714,1000,4,1,1698820649,1750829601,0
UMTS,748,10,19240,69027491,0,-56.1915,-34.8184,1000,11,1,1698830594,1751694066,0
UMTS,748,10,19220,68936427,0,-56.2703,-34.8663,1165,9,1,1698835088,1746509777,0
UMTS,748,1,124,1737701,0,-58.2604,-33.132,2356,10,1,1698833302,1776225157,0
UMTS,748,10,19220,68906472,0,-56.2023,-34.8739,500,25,1,1698841420,1754365689,0
UMTS,748,10,19220,68907458,0,-56.2725,-34.8642,1000,15,1,1698842334,1754540850,0
UMTS,748,1,124,1756960,0,-58.163,-33.5347,7929,24,1,1698845483,1774500696,0
UMTS,748,1,124,1714213,0,-58.2761,-33.5642,11172,21,1,1698847208,1778387593,0
UMTS,748,10,19220,68906412,0,-56.2012,-34.8278,1000,17,1,1698853121,1753336367,0
UMTS,748,1,137,1732940,0,-58.4149,-33.8849,1000,13,1,1698871562,1777607292,0
UMTS,748,1,137,1752940,0,-58.4161,-33.8842,1000,16,1,1698878815,1778484362,0
UMTS,748,1,124,1735692,0,-58.0492,-33.2144,7652,21,1,1698885141,1777780603,0
UMTS,748,10,19220,68886538,0,-56.1444,-34.8582,1000,22,1,1698911119,1753161721,0
UMTS,748,10,19220,68926426,0,-56.1286,-34.8639,1000,23,1,1698916517,1753161647,0
UMTS,748,10,19220,68886447,152,-56.0762,-34.8932,1000,5,1,1698921630,1742965622,0
UMTS,748,10,19220,68916491,0,-56.1326,-34.8623,1000,10,1,1699009489,1740811391,0
UMTS,748,1,116,1875774,0,-55.8961,-34.7886,1000,8,1,1699100010,1771994883,0
UMTS,748,1,116,1856774,0,-55.7194,-34.7601,1000,9,1,1699101865,1768111663,0
UMTS,748,1,116,1876762,0,-55.716,-34.7613,1000,3,1,1699103654,1767591073,0
UMTS,748,1,116,1856762,0,-55.716,-34.7613,1000,3,1,1699104541,1767591062,0
UMTS,748,1,116,1858024,0,-55.7391,-34.7742,1000,2,1,1699105446,1736662775,0
UMTS,748,1,116,1857972,0,-55.8389,-34.7747,1000,11,1,1699106346,1771994754,0
UMTS,748,1,116,1875933,0,-55.9672,-34.8135,1000,12,1,1699107246,1751522338,0
UMTS,748,10,19730,68973375,0,-57.9982,-32.4781,8833,7,1,1699111590,1735107991,0
UMTS,748,10,19730,69002218,0,-58.061,-32.3245,1000,9,1,1699116118,1746683140,0
UMTS,748,10,19730,68963515,0,-57.8749,-32.4993,3030,9,1,1699117914,1753161754,0
UMTS,748,1,124,1737702,0,-58.2447,-33.1187,1148,10,1,1699166066,1744781931,0
UMTS,748,10,19220,68886381,0,-56.1373,-34.8393,1000,4,1,1699247920,1748928819,0
UMTS,748,1,123,1733478,0,-58.0179,-32.5688,7356,21,1,1699274385,1779424325,0
UMTS,748,10,19220,68906426,0,-56.1182,-34.8719,1000,15,1,1699273484,1735886205,0
UMTS,748,1,107,1755481,0,-54.9171,-34.7905,1000,9,1,1699273067,1772692680,0
UMTS,748,10,19220,68886512,119,-56.0663,-34.8946,630,43,1,1699285894,1743314763,0
UMTS,748,1,116,1877952,0,-55.7008,-34.7497,1000,3,1,1699308407,1735366677,0
UMTS,748,1,121,1732772,0,-55.0398,-34.886,1000,2,1,1699311119,1737441323,0
UMTS,748,1,107,1753847,0,-55.1609,-34.8594,1000,8,1,1699314753,1734763814,0
UMTS,748,1,103,1877564,0,-56.175,-34.7226,1692,3,1,1699342929,1768716646,0
UMTS,748,1,103,1876292,0,-56.1441,-34.748,3316,2,1,1699345627,1771220041,0
UMTS,748,1,124,1734571,0,-58.0135,-33.023,6572,21,1,1699354066,1754540932,0
UMTS,748,1,124,1733311,0,-57.9731,-32.7194,6744,13,1,1699355873,1778644359,0
UMTS,748,1,180,1723770,0,-56.1885,-34.1661,4835,22,1,1699358135,1776484221,0
UMTS,748,1,180,1757350,0,-56.5238,-33.3702,1020,13,1,1699363557,1758688303,0
UMTS,748,1,103,1734424,0,-56.2476,-34.6391,1000,6,1,1699371754,1761113012,0
UMTS,748,1,124,1756621,0,-58.2064,-33.5345,3106,25,1,1699384748,1762318525,0
UMTS,748,10,19730,68953797,0,-56.4677,-30.402,1000,5,1,1699399183,1747892255,0
UMTS,748,1,137,1738161,0,-58.3855,-33.8688,2524,18,1,1699446989,1778557773,0
UMTS,748,10,19220,68926386,0,-56.1951,-34.86,1000,4,1,1699419300,1735886254,0
UMTS,748,10,19220,68906418,0,-56.2193,-34.8287,1000,9,1,1699425837,1751694102,0
UMTS,748,1,107,1753382,0,-55.0214,-34.7375,2969,15,1,1699433164,1774325621,0
UMTS,748,1,107,1753350,0,-54.5761,-34.6946,2585,8,1,1699440441,1768890514,0
UMTS,748,1,105,1733221,0,-54.4007,-34.5725,5409,5,1,1699435886,1768631808,0
UMTS,748,1,116,1876463,0,-55.7678,-34.7521,1000,4,1,1699445893,1777177987,0
UMTS,748,1,107,1562516,0,-55.2393,-34.3844,1000,6,1,1699454710,1736058140,0
UMTS,748,1,124,1753508,0,-58.134,-33.4248,6760,26,1,1699456956,1778644328,0
UMTS,748,1,124,1735651,0,-58.0423,-33.2868,8863,20,1,1699457856,1778126318,0
UMTS,748,1,107,1765570,0,-54.9153,-34.7897,1000,19,1,1699477711,1777434534,0
UMTS,748,1,110,1946269,0,-56.2374,-34.8428,1000,3,1,1699482421,1739343128,0
UMTS,748,10,19220,68896407,0,-56.21,-34.8423,1000,12,1,1699505877,1739860672,0
UMTS,748,1,124,1731982,0,-57.5391,-32.918,10377,5,1,1699508663,1767940876,0
UMTS,748,1,123,1752090,0,-57.1782,-32.9481,8198,5,1,1699513357,1745815825,0
UMTS,748,1,101,1945498,0,-56.2037,-34.9059,1000,7,1,1699518142,1733986665,0
UMTS,748,1,107,1562772,0,-55.2249,-34.3699,1000,6,1,1699533281,1736747535,0
UMTS,748,1,107,1733799,0,-55.225,-34.8302,13606,3,1,1699536217,1734591278,0
UMTS,748,1,123,1732090,0,-57.1664,-32.9546,15461,8,1,1699538496,1745815825,0
UMTS,748,10,19220,68896386,0,-56.1902,-34.8591,1000,4,1,1699553659,1744436736,0
UMTS,748,10,19730,68962966,0,-55.9661,-31.7034,1000,4,1,1699580319,1742021572,0
UMTS,748,1,137,1723351,0,-58.4043,-33.8901,1590,26,1,1699640500,1779683283,0
UMTS,748,1,112,1732700,0,-54.9368,-34.945,1000,3,1,1699616838,1734763715,0
UMTS,748,1,110,1926240,0,-56.2613,-34.8352,1000,5,1,1699601080,1754020839,0
UMTS,748,1,132,1693285,0,-54.164,-32.3704,1000,7,1,1699614826,1741675211,0
UMTS,748,1,121,1766090,0,-54.9494,-34.8887,4788,13,1,1699615910,1775706679,0
UMTS,748,1,132,1693254,0,-54.3178,-32.3762,5551,11,1,1699618457,1739947337,0
UMTS,748,1,112,1732701,0,-54.9367,-34.9483,1000,3,1,1699618628,1737010037,0
UMTS,748,1,107,1565416,0,-55.0368,-34.6854,1539,2,1,1699621374,1735972985,0
UMTS,748,1,107,1565479,0,-55.0791,-34.576,1025,4,1,1699622280,1775620083,0
UMTS,748,1,132,1696287,0,-54.164,-32.3462,1909,5,1,1699624776,1742106622,0
UMTS,748,1,132,1696267,0,-54.1382,-32.3778,1000,3,1,1699625676,1742626246,0
UMTS,748,1,139,1562252,0,-54.3504,-32.9914,7790,8,1,1699630209,1745991312,0
UMTS,748,10,19730,68983371,0,-57.1686,-33.1314,9356,24,1,1699642132,1753504178,0
UMTS,748,10,19730,68973398,0,-57.5089,-32.8477,1000,6,1,1699673398,1748059442,0
UMTS,748,10,19730,68952227,0,-57.6416,-32.6938,4871,26,1,1699672467,1753504164,0
UMTS,748,10,19730,68953346,0,-57.9435,-32.1481,4225,12,1,1699668825,1748059420,0
UMTS,748,10,19730,68962415,0,-57.8583,-31.9192,7801,4,1,1699649368,1738750678,0
UMTS,748,10,19730,69002415,0,-57.8835,-31.8261,3563,4,1,1699650274,1747467697,0
UMTS,748,10,19730,68953472,0,-57.7768,-31.2353,8334,3,1,1699653007,1754020882,0
UMTS,748,10,19730,68963574,0,-57.7046,-31.0095,6034,3,1,1699654136,1747978383,0
UMTS,748,10,19730,68953574,0,-57.6943,-30.9126,5203,3,1,1699662401,1754020825,0
UMTS,748,10,19730,68963572,0,-57.6909,-30.6134,1946,3,1,1699655954,1754020827,0
UMTS,748,10,19730,68952197,0,-57.7087,-30.748,3097,3,1,1699661594,1754020880,0
UMTS,748,10,19730,68973573,0,-57.7459,-31.1775,7249,3,1,1699663320,1754020823,0
UMTS,748,10,19730,68973600,0,-57.9098,-31.4538,1000,11,1,1699665126,1754020450,0
UMTS,748,10,19730,68992415,0,-57.857,-31.9331,7983,6,1,1699667021,1748059416,0
UMTS,748,10,19730,68973347,0,-57.8776,-32.0935,4663,7,1,1699667925,1753763021,0
UMTS,748,10,19730,68983375,0,-58.026,-32.3948,6106,20,1,1699670631,1753504157,0
UMTS,748,10,19730,68983399,0,-57.8161,-32.5467,5723,20,1,1699671561,1753763005,0
UMTS,748,10,19220,68906491,0,-56.1315,-34.8603,1000,13,1,1699681674,1752816570,0
UMTS,748,10,19220,68936426,0,-56.125,-34.8622,1000,11,1,1699684347,1751949866,0
UMTS,748,10,19220,68906539,0,-56.1887,-34.819,2239,9,1,1699693826,1753589294,0
UMTS,748,1,124,1756201,0,-57.5778,-33.1926,8843,10,1,1699799511,1754625704,0
UMTS,748,10,19220,68886641,0,-56.2426,-34.8226,2003,13,1,1699834015,1751522265,0
UMTS,748,10,19730,68953770,0,-56.9075,-33.5132,1000,4,1,1699901866,1752816605,0
UMTS,748,10,19730,68972218,0,-58.0507,-32.3471,2299,8,1,1699909107,1753161755,0
UMTS,748,10,19730,68962216,0,-58.0864,-32.3192,1000,15,1,1699913624,1753503972,0
UMTS,748,10,19220,68916401,0,-56.1755,-34.8248,1621,3,1,1699917282,1739270294,0
UMTS,748,10,19220,68896641,0,-56.2351,-34.8289,1000,17,1,1699954133,1735022317,0
UMTS,748,1,112,1752900,0,-54.9381,-34.9533,1000,2,1,1699954244,1737956375,0
UMTS,748,10,19220,68886418,0,-56.2247,-34.8248,1000,9,1,1699960676,1751522212,0
UMTS,748,1,112,1732910,0,-54.9369,-34.9498,1000,3,1,1699971477,1768285113,0
UMTS,748,1,124,1756542,0,-57.8725,-32.6661,13184,15,1,1699974455,1779510741,0
UMTS,748,1,123,1767641,0,-57.7545,-32.4896,1000,4,1,1699975362,1777953020,0
UMTS,748,1,123,1732991,0,-57.682,-32.5256,5388,2,1,1699991747,1764738103,0
UMTS,748,1,121,1752140,0,-54.9549,-34.8718,1524,11,1,1700055705,1776225106,0
UMTS,748,1,112,1752911,0,-54.9389,-34.9528,1000,8,1,1700056621,1738305402,0
UMTS,748,10,19220,68896516,0,-56.2132,-34.8361,1000,11,1,1700057806,1734424172,0
UMTS,748,1,112,1733288,0,-54.9525,-34.969,1000,4,1,1700061190,1738219198,0
UMTS,748,1,121,1753171,0,-54.948,-34.9076,1000,18,1,1700061578,1775706676,0
UMTS,748,1,112,1733240,0,-54.9395,-34.9586,1000,4,1,1700062476,1738218963,0
UMTS,748,1,112,1732861,0,-54.9394,-34.9342,1000,13,1,1700062971,1776573144,0
UMTS,748,1,121,1733040,0,-54.9431,-34.9199,1000,2,1,1700064557,1733899728,0
UMTS,748,1,107,1562479,0,-55.0751,-34.5973,1000,2,1,1700069515,1776397951,0
GSM,748,1,21,8433,-1,-56.2336,-34.7816,7803,6,1,1700114911,1743139950,0
UMTS,748,1,112,1752980,0,-54.9384,-34.9573,1000,6,1,1700118542,1764392289,0
UMTS,748,10,19220,68906431,0,-56.1154,-34.8724,1000,8,1,1700129582,1735366612,0
UMTS,748,10,19220,68896491,0,-56.125,-34.853,4216,26,1,1700130954,1754365735,0
UMTS,748,1,124,1766200,0,-57.7607,-32.9684,8217,7,1,1700240057,1777723328,0
UMTS,748,1,123,1723682,0,-57.1512,-32.9222,12801,8,1,1700232763,1745904231,0
UMTS,748,10,19220,68886427,0,-56.2669,-34.8717,1000,5,1,1700203955,1735626014,0
UMTS,748,1,106,1858552,0,-56.1103,-34.8933,1000,3,1,1700224877,1736491289,0
UMTS,748,1,123,1767770,0,-56.9399,-33.0672,25185,23,1,1700230907,1751778842,0
UMTS,748,1,124,1733707,0,-57.8653,-32.9835,4827,26,1,1700241083,1763700984,0
UMTS,748,1,124,1752592,0,-57.3141,-32.8656,13902,6,1,1700291103,1746253470,0
UMTS,748,10,19220,68886619,0,-56.1308,-34.8652,1000,22,1,1700303487,1754797427,0
UMTS,748,1,123,1757770,0,-56.9262,-33.078,26927,15,1,1700305631,1759551342,0
UMTS,748,1,116,1855933,0,-55.9648,-34.8114,1000,5,1,1700313031,1769755790,0
UMTS,748,1,104,1565463,0,-56.3422,-33.3081,8237,25,1,1700313754,1733724238,0
UMTS,748,1,107,1733380,0,-55.0352,-34.6944,3905,2,1,1700317864,1775620094,0
UMTS,748,1,181,1714364,0,-56.5631,-34.6747,3511,19,1,1700325377,1779942779,0
UMTS,748,1,135,1693105,0,-55.5407,-30.9086,1000,12,1,1700328212,1743659296,0
UMTS,748,1,123,1733477,0,-57.9391,-32.5435,10875,17,1,1700413840,1777177784,0
UMTS,748,1,123,1733479,0,-58.0107,-32.5005,1701,7,1,1700422836,1765167683,0
UMTS,748,1,124,1753692,0,-57.9054,-33.2328,4079,18,1,1700460747,1768020868,0
UMTS,748,1,112,1752861,0,-54.939,-34.9347,1000,15,1,1700466056,1776573128,0
UMTS,748,1,121,1733171,0,-54.9472,-34.9089,1000,22,1,1700486465,1780461057,0
UMTS,748,1,107,1562476,0,-55.0187,-34.692,5703,2,1,1700487914,1772866076,0
UMTS,748,10,19220,68906538,0,-56.1441,-34.866,1000,6,1,1700493010,1753161744,0
UMTS,748,1,180,1756070,0,-56.4623,-33.0096,6869,11,1,1700494307,1764132963,0
UMTS,748,1,124,1753509,0,-58.1858,-33.3736,7978,24,1,1700496980,1780374643,0
UMTS,748,10,19220,68926567,0,-56.1967,-34.8664,1000,4,1,1700496616,1738391550,0
UMTS,748,1,124,1733509,0,-58.1825,-33.3711,5711,21,1,1700497867,1780461031,0
UMTS,748,1,124,1755210,0,-58.2239,-33.5213,806,25,1,1700503307,1780460950,0
UMTS,748,1,124,1765210,0,-58.2248,-33.5172,3022,21,1,1700504202,1780460946,0
UMTS,748,10,19220,68906459,268,-56.0988,-34.8951,500,35,1,1700549628,1743314762,0
UMTS,748,10,19220,68886440,0,-56.0962,-34.8849,1000,6,1,1700552101,1734763741,0
UMTS,748,1,107,1733451,0,-54.8434,-34.8264,5587,4,1,1700554156,1735626026,0
UMTS,748,1,121,1766100,0,-54.9508,-34.8949,1000,13,1,1700557634,1773124193,0
UMTS,748,10,19220,68896423,0,-56.1378,-34.8733,1000,10,1,1700561963,1734424232,0
UMTS,748,10,19220,68906378,0,-56.1299,-34.8517,1000,3,1,1700571102,1751088518,0
GSM,748,1,25,5181,-1,-56.128,-34.7981,8416,26,1,1700576634,1739343153,0
UMTS,748,10,19240,69017851,0,-56.0638,-34.6253,2991,21,1,1700658926,1751949809,0
UMTS,748,1,122,1765750,0,-56.7266,-34.3478,1222,8,1,1700686062,1772513575,0
UMTS,748,1,103,1734143,0,-55.6491,-34.3325,11574,8,1,1700743054,1772866068,0
UMTS,748,10,19220,68886484,0,-56.1702,-34.8489,1000,5,1,1700760388,1752298451,0
UMTS,748,1,123,1753477,0,-57.9451,-32.5371,8249,17,1,1700830792,1777264296,0
UMTS,748,1,124,1766542,0,-57.8868,-32.6787,13890,7,1,1700814560,1747025501,0
UMTS,748,10,19220,68896418,0,-56.2224,-34.8258,1000,12,1,1700814232,1754107494,0
UMTS,748,10,19220,68896388,0,-56.1584,-34.8429,1315,5,1,1700821482,1735366631,0
UMTS,748,1,122,1733562,0,-56.8001,-34.5258,1244,5,1,1700822826,1780029173,0
UMTS,748,1,180,1755711,0,-56.2265,-34.0792,1269,7,1,1700825744,1776397900,0
UMTS,748,1,180,1723672,0,-56.4002,-33.5296,2909,7,1,1700842010,1772865956,0
UMTS,748,10,19220,68916493,80,-56.0915,-34.8921,625,25,1,1700832340,1743314762,0
UMTS,748,1,180,1757381,0,-56.5208,-33.3917,1216,13,1,1700841110,1754797517,0
UMTS,748,1,124,1733649,0,-58.1358,-33.5323,13359,26,1,1700907494,1753417942,0
UMTS,748,1,137,1742170,0,-57.465,-33.7139,12968,4,1,1700940926,1758081439,0
GSM,748,10,9620,13107,-1,-56.4417,-34.734,8007,8,1,1700986334,1758255051,0
UMTS,748,10,19240,69028599,0,-55.946,-34.722,4204,6,1,1701014202,1734424200,0
UMTS,748,1,107,1753120,0,-54.9431,-34.8095,6210,9,1,1701064651,1772692737,0
UMTS,748,1,107,1733120,0,-54.9282,-34.8092,4375,7,1,1701067274,1773815681,0
UMTS,748,1,123,1723811,0,-57.656,-32.5333,8506,9,1,1701069126,1779165150,0
UMTS,748,10,19220,68896485,0,-56.2065,-34.8733,1000,16,1,1701074426,1748496987,0
UMTS,748,10,19220,68906395,0,-56.1406,-34.8231,1000,23,1,1701093407,1741675214,0
UMTS,748,10,19730,68952408,0,-55.7046,-33.5342,15575,16,1,1701095075,1742626215,0
UMTS,748,10,19220,68906641,0,-56.251,-34.8235,1251,16,1,1701109183,1753849667,0
UMTS,748,1,180,1756810,0,-56.4633,-33.2114,2625,9,1,1701140881,1764132965,0
GSM,748,1,25,683,-1,-56.163,-34.8362,6851,4,1,1701156665,1733986690,0
UMTS,748,1,104,1564635,0,-55.3679,-32.9038,11990,3,1,1701157486,1761366748,0
UMTS,748,10,19730,68963535,0,-55.6623,-33.4873,3587,5,1,1701169668,1742626216,0
UMTS,748,1,137,1723450,0,-58.1368,-33.7849,11448,15,1,1701170357,1749535147,0
UMTS,748,1,137,1718130,0,-57.9926,-33.8396,6608,12,1,1701171257,1752730496,0
UMTS,748,1,137,1740241,0,-57.9011,-33.8502,12070,6,1,1701172160,1758688345,0
UMTS,748,1,137,1743502,0,-57.5976,-33.945,9151,3,1,1701189308,1757046923,0
UMTS,748,1,103,1856923,0,-55.9658,-34.7093,2613,16,1,1701177335,1753504176,0
UMTS,748,1,180,1757380,0,-56.5175,-33.3805,1634,20,1,1701184746,1748330798,0
UMTS,748,1,104,1562463,0,-56.3514,-33.3041,4592,21,1,1701185651,1759551353,0
UMTS,748,1,104,1564694,0,-56.1002,-33.249,7193,23,1,1701186557,1734677661,0
UMTS,748,1,137,1723430,0,-58.3244,-33.824,6694,6,1,1701193849,1777348426,0
UMTS,748,10,19220,68896514,0,-56.1342,-34.849,1000,16,1,1701233661,1754365669,0
UMTS,748,1,137,1743450,0,-58.1201,-33.7863,10703,11,1,1701259739,1749535175,0
UMTS,748,1,104,1561692,0,-55.9992,-33.2323,5425,25,1,1701265322,1759551358,0
UMTS,748,1,104,1561706,0,-56.1288,-33.2652,8341,23,1,1701266257,1759551355,0
UMTS,748,1,104,1565464,0,-56.4142,-33.3199,3007,9,1,1701267183,1734677723,0
UMTS,748,1,180,1751970,0,-56.456,-33.4636,6911,13,1,1701269004,1768020844,0
UMTS,748,1,181,1756552,0,-56.2662,-34.5782,1921,19,1,1701276236,1778298837,0
UMTS,748,1,137,1718132,0,-58.0737,-33.7862,13006,23,1,1701360858,1758688407,0
UMTS,748,1,137,1743432,0,-58.362,-33.8695,4987,11,1,1701319346,1758688352,0
UMTS,748,10,19240,69027823,0,-56.2799,-34.524,1003,4,1,1701352490,1735972982,0
UMTS,748,1,104,1564536,0,-55.4983,-32.8197,8663,2,1,1701351944,1759982237,0
UMTS,748,1,104,1564584,0,-55.3422,-32.8965,9490,2,1,1701356001,1761366753,0
UMTS,748,1,104,1561543,0,-55.5459,-32.8202,5715,2,1,1701359718,1762663391,0
UMTS,748,1,117,1875212,0,-55.3703,-34.7824,1896,9,1,1701361889,1777607319,0
UMTS,748,1,124,1753648,0,-57.9235,-33.6735,12898,7,1,1701366350,1762836636,0
UMTS,748,1,105,1733200,0,-54.325,-34.4948,1000,6,1,1701367345,1740206719,0
UMTS,748,1,105,1753200,0,-54.3212,-34.497,2541,9,1,1701369147,1769494724,0
UMTS,748,1,105,1753222,0,-54.3691,-34.5305,1000,3,1,1701370972,1737352147,0
UMTS,748,10,19730,68973593,0,-55.9793,-31.7164,1590,9,1,1701378961,1749794960,0
UMTS,748,10,19730,69002966,0,-55.9783,-31.6941,3341,5,1,1701379891,1737528046,0
UMTS,748,10,19220,68936807,0,-56.1306,-34.8727,1000,10,1,1701430361,1735022356,0
UMTS,748,1,118,1924259,0,-56.1385,-34.8976,1000,6,1,1701432052,1741675165,0
UMTS,748,10,19240,69019298,0,-56.2124,-34.0923,1000,16,1,1701593475,1750914489,0
GSM,748,10,9403,34143,-1,-56.2144,-34.0249,7808,4,1,1701619047,1753073031,0
GSM,748,10,9403,14143,-1,-56.1916,-34.0364,2298,2,1,1701619047,1753073032,0
GSM,748,10,9702,27356,-1,-56.2197,-34.0682,6671,10,1,1701619047,1757305734,0
GSM,748,10,9702,17098,-1,-56.2057,-34.0875,7899,12,1,1701619047,1757305734,0
UMTS,748,10,19240,69047821,0,-56.1912,-34.1333,4180,4,1,1701620739,1738989986,0
UMTS,748,10,19220,68896619,0,-56.1294,-34.8676,1000,19,1,1701679141,1735366610,0
UMTS,748,1,124,1765202,0,-58.23,-33.5376,6294,24,1,1701680868,1779424392,0
UMTS,748,1,181,1714582,0,-56.2765,-34.4457,1693,2,1,1701757340,1778298895,0
UMTS,748,1,137,1723762,0,-56.9591,-34.1395,1834,8,1,1701766438,1780029115,0
UMTS,748,1,137,1723721,0,-57.1705,-33.9473,7530,3,1,1701768320,1765601309,0
UMTS,748,1,137,1723872,0,-57.3635,-33.8759,1000,6,1,1701769241,1775536337,0
UMTS,748,1,137,1743872,0,-57.3558,-33.881,4060,10,1,1701770140,1774325670,0
UMTS,748,1,137,1757690,0,-57.6772,-33.9509,15737,9,1,1701771049,1769494794,0
UMTS,748,1,122,1733540,0,-58.0435,-33.9971,12460,2,1,1701774676,1733899759,0
UMTS,748,1,137,1743271,0,-58.2812,-33.9825,1000,2,1,1701787380,1762493449,0
UMTS,748,1,137,1733422,0,-58.2724,-33.9802,1000,2,1,1701778307,1779942753,0
GSM,748,1,27,3461,-1,-56.0625,-34.7691,10220,21,1,1701791502,1740206929,0
UMTS,748,1,124,1755212,0,-58.2239,-33.527,1420,25,1,1701871615,1778817022,0
UMTS,748,1,103,1753872,0,-55.7452,-34.4473,6931,3,1,1701857965,1752038408,0
UMTS,748,1,104,1561693,0,-56.0153,-33.2412,1000,21,1,1701860294,1734677611,0
UMTS,748,1,104,1564692,0,-56.0044,-33.2354,1277,21,1,1701864164,1759551357,0
UMTS,748,1,110,1858614,0,-56.1633,-34.8254,1000,3,1,1701864027,1750740351,0
UMTS,748,1,103,1875334,0,-56.1696,-34.763,1681,7,1,1701866761,1761972328,0
GSM,748,10,9303,28618,-1,-56.6679,-34.1087,12326,5,1,1701925946,1759725057,0
UMTS,748,10,19240,69058600,0,-54.9438,-34.8543,3046,4,1,1701925975,1752038509,0
UMTS,748,1,181,1766552,0,-56.2625,-34.5773,4951,13,1,1701938635,1772692718,0
UMTS,748,1,139,1565485,0,-54.8246,-34.5483,2301,6,1,1702043332,1735022303,0
UMTS,748,10,19240,69069325,0,-57.0611,-34.3756,2194,10,1,1702044827,1742626181,0
UMTS,748,1,116,1880822,0,-55.8814,-34.7914,1146,6,1,1702050920,1768372883,0
GSM,748,1,25,3461,-1,-56.1687,-34.8379,4791,6,1,1702052425,1734072222,0
UMTS,748,1,132,1696516,0,-54.2952,-32.3444,5304,5,1,1702094782,1742710915,0
UMTS,748,1,132,1695516,0,-54.7464,-32.0903,14920,23,1,1702118567,1744436681,0
UMTS,748,1,132,1696078,0,-54.697,-31.8001,7146,24,1,1702103983,1745904442,0
UMTS,748,1,132,1693078,0,-54.6955,-31.797,8432,25,1,1702100399,1745904445,0
UMTS,748,1,132,1696079,0,-54.7083,-31.7577,10190,23,1,1702104883,1745904440,0
UMTS,748,1,132,1693046,0,-54.8623,-31.6429,5354,20,1,1702105773,1745815800,0
UMTS,748,1,132,1693069,0,-55.0378,-31.5613,8957,22,1,1702106683,1745558984,0
UMTS,748,1,132,1693064,0,-55.1546,-31.6647,8258,13,1,1702107583,1745731239,0
UMTS,748,1,132,1696064,0,-55.1634,-31.6782,9880,11,1,1702108488,1745731244,0
UMTS,748,1,132,1696048,0,-55.1154,-31.6114,6272,23,1,1702111183,1745904437,0
UMTS,748,1,132,1693048,0,-55.1174,-31.6128,9834,23,1,1702112993,1745815757,0
UMTS,748,1,132,1696047,0,-55.0908,-31.5625,3927,14,1,1702113893,1745815755,0
UMTS,748,1,103,1856924,0,-55.9892,-34.7199,1769,3,1,1702133949,1763956324,0
UMTS,748,1,132,1696067,0,-54.932,-31.6007,3498,13,1,1702114793,1745904439,0
UMTS,748,10,19220,68896396,0,-56.2394,-34.856,5650,10,1,1702119328,1753417711,0
UMTS,748,1,132,1693045,0,-54.7692,-31.7034,7322,17,1,1702115693,1745731267,0
UMTS,748,1,132,1692516,0,-54.7647,-32.0771,13922,22,1,1702118475,1745904451,0
UMTS,748,1,122,1732501,0,-56.9008,-34.3129,1031,6,1,1702131431,1779251578,0
UMTS,748,1,132,1695529,0,-54.7813,-32.2918,6039,8,1,1702121296,1737441451,0
UMTS,748,1,181,1755382,0,-56.4045,-34.4479,2623,16,1,1702121517,1780374628,0
UMTS,748,1,132,1695528,0,-54.6082,-32.3518,10869,12,1,1702123106,1737441447,0
UMTS,748,1,181,1755602,0,-56.2814,-34.5243,1000,3,1,1702122416,1767161341,0
UMTS,748,1,181,1765601,0,-56.2942,-34.5234,1000,7,1,1702127822,1768285077,0
UMTS,748,10,19730,68973770,0,-56.946,-33.5055,2977,2,1,1702140672,1747718800,0
UMTS,748,10,19730,68953381,0,-57.0425,-33.3496,1128,4,1,1702139764,1748330848,0
UMTS,748,1,132,1696069,0,-55.043,-31.5638,10008,25,1,1702178479,1745731236,0
UMTS,748,1,132,1693067,0,-54.9406,-31.6028,4752,13,1,1702187484,1745467359,0
UMTS,748,1,132,1693268,0,-54.1332,-32.4004,3459,9,1,1702278081,1741501605,0
UMTS,748,1,116,1859053,0,-55.7747,-34.7674,1080,20,1,1702285179,1777607331,0
UMTS,748,1,116,1876932,0,-55.6807,-34.7536,1000,3,1,1702286105,1753762964,0
UMTS,748,1,116,1878624,0,-55.7193,-34.7532,1000,11,1,1702286989,1769494608,0
UMTS,748,1,132,1696288,0,-54.1391,-32.3644,1000,5,1,1702291635,1744001520,0
UMTS,748,10,19220,68896411,0,-56.2847,-34.8843,1000,3,1,1702298734,1746425548,0
UMTS,748,1,181,1732042,0,-56.2491,-34.3564,4899,9,1,1702305128,1776745843,0
UMTS,748,10,19240,69067734,0,-56.5736,-34.3858,4031,10,1,1702315118,1749275538,0
UMTS,748,10,19730,68962265,0,-57.8509,-31.971,1418,3,1,1702348590,1753763022,0
UMTS,748,10,19730,68972231,0,-57.9487,-31.4058,1000,3,1,1702327832,1754020680,0
UMTS,748,10,19730,68953536,0,-55.989,-31.7181,1000,6,1,1702357915,1749621554,0
UMTS,748,1,121,1732142,0,-54.9817,-34.8765,3234,8,1,1702390345,1776138398,0
UMTS,748,1,121,1752142,0,-54.9789,-34.875,2838,6,1,1702391245,1754452438,0
UMTS,748,1,121,1752830,0,-54.9739,-34.8853,1000,3,1,1702362476,1775536369,0
UMTS,748,1,107,1733122,0,-54.9942,-34.8667,2603,6,1,1702393054,1772692738,0
UMTS,748,1,180,1757111,0,-56.4806,-33.4221,5225,4,1,1702366620,1764132944,0
UMTS,748,1,107,1753122,0,-54.9841,-34.8831,2257,16,1,1702393473,1779856409,0
UMTS,748,1,116,1875932,0,-55.9638,-34.7985,2131,5,1,1702384277,1767854334,0
UMTS,748,1,132,1695576,0,-54.1316,-32.5206,6442,6,1,1702397177,1745904462,0
UMTS,748,1,132,1693236,0,-54.1698,-32.21,4822,7,1,1702403495,1744436691,0
UMTS,748,1,132,1696144,0,-54.1054,-31.9891,8333,14,1,1702399883,1744954158,0
UMTS,748,1,132,1693417,0,-54.1142,-31.9455,15408,10,1,1702401690,1744954423,0
UMTS,748,1,132,1693144,0,-54.1032,-31.9902,9169,12,1,1702402589,1745298011,0
UMTS,748,1,132,1693275,0,-54.1667,-32.3634,1000,7,1,1702405301,1741935301,0
UMTS,748,1,137,1723880,0,-57.3731,-33.8753,1000,8,1,1702419086,1778557701,0
UMTS,748,1,137,1720240,0,-57.6876,-33.934,1000,2,1,1702420920,1758081316,0
UMTS,748,1,107,1757590,0,-54.6956,-34.7564,1000,3,1,1702447742,1740206710,0
UMTS,748,1,117,1877054,0,-55.5015,-34.7847,2298,11,1,1702451353,1774325613,0
UMTS,748,1,124,1756622,0,-58.2141,-33.5268,1000,24,1,1702452463,1780461026,0
UMTS,748,1,116,1877822,0,-55.8225,-34.7719,1000,12,1,1702453153,1771051151,0
UMTS,748,1,180,1757480,0,-56.2057,-34.1104,6564,12,1,1702468738,1776484286,0
UMTS,748,10,19220,68906416,0,-56.2689,-34.8568,2825,7,1,1702498820,1754541058,0
UMTS,748,1,124,1766961,0,-58.1871,-33.5824,5227,22,1,1702561607,1777952987,0
UMTS,748,1,180,1743280,0,-56.5127,-33.3534,1730,7,1,1702566021,1748059370,0
UMTS,748,1,180,1767870,0,-56.4824,-32.8935,1000,7,1,1702567826,1764132963,0
UMTS,748,1,104,1564607,0,-56.5225,-32.7676,5876,9,1,1702568756,1764132958,0
UMTS,748,1,124,1714952,0,-58.3116,-33.5114,11724,6,1,1702571511,1760586931,0
UMTS,748,1,135,1695855,0,-55.5495,-30.9396,2631,18,1,1702580491,1743659297,0
UMTS,748,1,180,1767380,0,-56.513,-33.3784,7982,16,1,1702593170,1743917253,0
UMTS,748,1,180,1720161,0,-56.1808,-34.1469,1000,4,1,1702597691,1776397954,0
UMTS,748,1,121,1732832,0,-54.9846,-34.8848,1687,13,1,1702660673,1780460959,0
UMTS,748,1,116,1855774,0,-55.896,-34.7882,1000,7,1,1702660847,1769926165,0
UMTS,748,10,19240,69058475,0,-55.0182,-34.9079,1000,3,1,1702733868,1751088451,0
UMTS,748,1,123,1743530,0,-57.8819,-31.6247,4179,14,1,1702950639,1778992193,0
UMTS,748,1,122,1733560,0,-56.7627,-34.5081,1000,4,1,1702968846,1764910839,0
UMTS,748,1,181,1734365,0,-56.5852,-34.6622,1188,6,1,1702969991,1770710493,0
UMTS,748,1,107,1753121,0,-54.9659,-34.8763,5437,11,1,1702984391,1779942577,0
UMTS,748,10,19730,68953429,0,-53.6368,-34.08,1000,2,1,1702976660,1734505750,0
UMTS,748,1,124,1765212,0,-58.2244,-33.5262,977,26,1,1702990718,1778903509,0
UMTS,748,1,124,1755201,0,-58.2169,-33.5321,1000,22,1,1702991615,1778903229,0
UMTS,748,1,124,1765201,0,-58.2165,-33.5326,1320,25,1,1702992546,1779510777,0
UMTS,748,10,19730,68972901,0,-53.4781,-33.7482,2888,4,1,1702999347,1734505742,0
UMTS,748,1,116,1876462,0,-55.6733,-34.745,8642,12,1,1703059387,1773895986,0
UMTS,748,10,19220,68886492,63,-56.1078,-34.8904,1000,9,1,1703076308,1742944862,0
UMTS,748,1,106,1858344,0,-56.0313,-34.8612,1000,6,1,1703098347,1770617066,0
UMTS,748,10,19240,69048463,0,-54.6693,-34.795,5209,6,1,1703131903,1746078267,0
UMTS,748,1,103,1734425,0,-56.2567,-34.6218,1175,11,1,1703146211,1779424390,0
UMTS,748,10,19240,69049311,0,-57.3509,-34.3214,1000,3,1,1703208070,1745991571,0
UMTS,748,10,19240,69069311,0,-57.3476,-34.3032,4133,14,1,1703209880,1751607610,0
UMTS,748,1,105,1753202,0,-54.337,-34.4981,1000,3,1,1703237365,1768890454,0
UMTS,748,1,116,1878253,0,-55.923,-34.7933,1000,6,1,1703250185,1774153344,0
UMTS,748,1,116,1857222,0,-55.6633,-34.7505,1202,12,1,1703251985,1771309429,0
UMTS,748,1,107,1733809,0,-55.1745,-34.8858,11057,11,1,1703254700,1734677629,0
UMTS,748,1,121,1752710,0,-55.0002,-34.8894,1000,2,1,1703257445,1775965372,0
UMTS,748,1,117,1855214,0,-55.3855,-34.7817,1268,5,1,1703259252,1764997271,0
UMTS,748,1,116,1856623,0,-55.9187,-34.7639,6284,10,1,1703261959,1776397987,0
UMTS,748,10,19220,68926491,0,-56.1381,-34.8616,1000,6,1,1703315136,1749535208,0
UMTS,748,1,124,1755220,0,-58.2152,-33.5265,3417,22,1,1703350033,1778039882,0
UMTS,748,10,19730,69003536,0,-55.9987,-31.7183,1000,3,1,1703355613,1737096278,0
UMTS,748,1,122,1737751,0,-56.7663,-34.339,1236,5,1,1703357932,1774325705,0
UMTS,748,1,123,1755102,0,-56.9772,-33.2207,14583,4,1,1703565899,1748330815,0
UMTS,748,1,116,1855773,0,-55.8999,-34.7917,1000,11,1,1703650517,1773895854,0
UMTS,748,1,116,1858252,0,-55.9089,-34.7866,2604,7,1,1703652355,1737182784,0
UMTS,748,10,19220,68916378,0,-56.1288,-34.8518,1000,2,1,1703655210,1735022376,0
UMTS,748,1,121,1732791,0,-54.941,-34.909,1000,20,1,1703737014,1777348441,0
UMTS,748,1,121,1753037,0,-54.9452,-34.9142,1389,7,1,1703736115,1772260511,0
UMTS,748,1,124,1733692,0,-57.9116,-33.2344,3673,12,1,1703748583,1764219536,0
UMTS,748,1,124,1766201,0,-57.5651,-33.1924,12616,8,1,1703782024,1770273608,0
UMTS,748,10,19220,68936453,0,-56.2292,-34.8316,1173,11,1,1703763537,1735626061,0
UMTS,748,1,181,1734364,0,-56.5549,-34.6789,3056,21,1,1703771590,1773211313,0
UMTS,748,10,19730,68952981,44,-57.8803,-34.1878,5919,21,1,1703942916,1752730397,0
UMTS,748,10,19730,68972944,0,-55.9779,-31.7218,1000,6,1,1703879288,1749795156,0
UMTS,748,1,116,1880553,0,-55.8328,-34.7738,1000,7,1,1703941316,1773895988,0
UMTS,748,1,116,1875104,0,-55.7462,-34.7631,1000,11,1,1703949468,1771911136,0
UMTS,748,1,107,1753530,0,-54.9234,-34.783,1807,5,1,1704047155,1763010105,0
UMTS,748,10,19220,68886396,0,-56.2551,-34.823,2573,21,1,1704171738,1753336278,0
UMTS,748,10,19240,69037895,0,-55.2486,-34.3757,3167,17,1,1704182866,1745297987,0
UMTS,748,1,117,1858204,0,-55.4667,-34.7507,4975,5,1,1704195646,1753849736,0
UMTS,748,1,117,1856703,0,-55.2256,-34.8942,1000,6,1,1704197452,1734591250,0
UMTS,748,10,19730,68963041,0,-55.8332,-33.7814,5167,6,1,1704213402,1742626212,0
UMTS,748,1,103,1858244,0,-55.9772,-34.7265,1732,3,1,1704215801,1770101685,0
UMTS,748,10,19730,68953051,0,-55.5101,-33.207,1000,2,1,1704218649,1742626221,0
UMTS,748,1,121,1752801,0,-54.9614,-34.9281,1000,3,1,1704232068,1768459283,0
UMTS,748,1,107,1733849,0,-55.1939,-34.8404,2468,7,1,1704236578,1779942722,0
UMTS,748,1,181,1767000,0,-56.4065,-34.7614,1000,5,1,1704242892,1764219444,0
UMTS,748,1,181,1756931,0,-56.3474,-34.6206,3076,3,1,1704281476,1777091660,0
UMTS,748,1,121,1766091,0,-54.9553,-34.8989,1000,5,1,1704291566,1762923270,0
UMTS,748,1,180,1757382,0,-56.5269,-33.3855,1000,15,1,1704295106,1758688300,0
UMTS,748,10,19730,68963414,0,-55.9116,-34.0838,12110,7,1,1704355260,1742626205,0
UMTS,748,10,19240,69059295,0,-56.7357,-34.3332,4030,9,1,1704441336,1741935126,0
UMTS,748,10,19240,69017943,0,-56.1139,-34.6599,9055,23,1,1704450418,1750138907,0
UMTS,748,1,122,1755740,0,-56.6891,-34.3445,1000,21,1,1704454957,1779769933,0
UMTS,748,1,103,1714424,0,-56.2494,-34.637,1000,3,1,1704458602,1771656302,0
UMTS,748,1,116,1877903,0,-55.8559,-34.7787,1151,11,1,1704465593,1777607336,0
UMTS,748,1,117,1875214,0,-55.3869,-34.7784,1000,3,1,1704468319,1773982315,0
UMTS,748,1,181,1714860,0,-56.5514,-34.4833,1160,2,1,1704565714,1772692634,0
UMTS,748,1,122,1733551,0,-57.5576,-34.3886,1000,5,1,1704570040,1778212561,0
UMTS,748,1,123,1753500,0,-57.3756,-32.4115,7543,22,1,1704699526,1778992178,0
GSM,748,10,9702,37356,-1,-56.2556,-33.914,9698,9,1,1704726944,1742791236,0
UMTS,748,1,124,1765200,0,-58.2187,-33.5291,1000,21,1,1704812075,1778817025,0
UMTS,748,1,121,1732650,0,-54.9601,-34.9056,1000,5,1,1704799234,1779078493,0
UMTS,748,10,19220,68906516,0,-56.2198,-34.8328,1000,21,1,1704818686,1747115064,0
UMTS,748,1,121,1752950,0,-54.969,-34.9158,1000,4,1,1704890448,1769494739,0
UMTS,748,1,181,1756551,0,-56.2611,-34.6034,1144,17,1,1704889528,1779338031,0
UMTS,748,1,107,1733800,0,-55.0861,-34.8719,1000,2,1,1704897649,1760759093,0
UMTS,748,1,107,1753800,0,-55.0862,-34.8719,1000,2,1,1704896749,1734159169,0
UMTS,748,10,19240,69037497,0,-56.2753,-34.7399,2302,10,1,1704900698,1747288337,0
UMTS,748,1,181,1714373,0,-56.6003,-34.6526,1000,11,1,1704975327,1778644316,0
UMTS,748,1,137,1743702,0,-57.1033,-33.9597,3030,5,1,1705060503,1759204117,0
UMTS,748,1,139,1565552,29,-54.7903,-34.2889,5317,51,1,1705074271,1748739153,0
UMTS,748,1,139,1565494,28,-54.8176,-34.4179,2984,21,1,1705075162,1748739125,0
UMTS,748,1,180,1731961,0,-56.427,-33.4974,1000,4,1,1705116236,1768020615,0
UMTS,748,1,116,1878262,0,-55.9393,-34.8157,1000,6,1,1705164473,1774153359,0
UMTS,748,1,132,1693276,0,-54.1683,-32.3553,1000,5,1,1705163200,1743229344,0
UMTS,748,1,132,1696236,0,-54.1705,-32.1825,3318,9,1,1705164106,1743917256,0
UMTS,748,1,132,1696386,0,-54.1439,-31.942,1999,4,1,1705166819,1744521899,0
UMTS,748,1,132,1696419,0,-54.1595,-31.8755,1000,2,1,1705165955,1739516088,0
UMTS,748,1,117,1876903,0,-55.5736,-34.7715,1000,14,1,1705167129,1774500595,0
UMTS,748,1,132,1693234,0,-54.1587,-32.1189,4474,7,1,1705167726,1743229333,0
UMTS,748,1,132,1693287,0,-54.1634,-32.3425,2475,8,1,1705168627,1745904456,0
UMTS,748,1,105,1753221,0,-54.3889,-34.5591,1987,5,1,1705194244,1769408009,0
UMTS,748,1,116,1858192,0,-55.6494,-34.7513,1000,3,1,1705200590,1770877979,0
UMTS,748,1,180,1767112,0,-56.5194,-33.3986,1586,24,1,1705207621,1764132967,0
UMTS,748,1,112,1752912,0,-54.9416,-34.9469,1000,4,1,1705243823,1764392291,0
UMTS,748,1,112,1732891,0,-54.9449,-34.9415,1000,16,1,1705244735,1768545512,0
UMTS,748,1,112,1752972,0,-54.956,-34.9321,1000,4,1,1705245635,1768890427,0
UMTS,748,1,112,1752822,0,-54.9342,-34.9407,1000,6,1,1705246582,1737614832,0
UMTS,748,10,19240,69038425,0,-56.7346,-34.3958,1000,4,1,1705273231,1735108143,0
UMTS,748,10,19730,68962218,0,-58.0343,-32.3313,3844,4,1,1705295935,1753504154,0
UMTS,748,1,123,1743810,0,-57.4804,-32.3805,12563,13,1,1705382560,1778992174,0
UMTS,748,1,124,1765220,0,-58.214,-33.5301,2094,22,1,1705406367,1775793518,0
UMTS,748,10,19730,68973547,0,-57.6461,-34.005,1000,6,1,1705483054,1752730493,0
UMTS,748,10,19220,68896420,0,-56.1936,-34.8373,1000,2,1,1705501134,1735626047,0
UMTS,748,1,181,1734415,0,-56.2203,-34.5389,5292,21,1,1705551417,1772344810,0
UMTS,748,10,19240,69039076,0,-56.9803,-34.3119,2788,9,1,1705607659,1746253458,0
UMTS,748,10,19240,69047882,0,-56.7186,-34.3575,2148,6,1,1705610362,1741935264,0
UMTS,748,1,116,1878033,0,-55.7482,-34.7652,1000,4,1,1705642567,1770445869,0
UMTS,748,1,137,1722172,0,-57.5521,-33.6877,2550,5,1,1705754048,1744436707,0
UMTS,748,1,112,1752971,0,-54.9492,-34.9389,1000,2,1,1705764316,1768373114,0
UMTS,748,1,112,1732971,0,-54.95,-34.9379,1000,5,1,1705768815,1768373119,0
UMTS,748,1,122,1755742,0,-56.7252,-34.3638,1485,7,1,1705769556,1772513583,0
UMTS,748,1,112,1732911,0,-54.9394,-34.9524,1000,5,1,1705770622,1737267707,0
UMTS,748,10,19240,69057695,0,-57.4431,-34.4288,1173,6,1,1705906754,1751522317,0
UMTS,748,1,116,1878263,0,-55.9303,-34.8204,1000,2,1,1705932958,1749445721,0
UMTS,748,1,116,1877222,0,-55.6626,-34.7505,1000,10,1,1705934759,1767069258,0
UMTS,748,1,124,1752371,0,-57.7979,-32.7115,12304,22,1,1705977282,1779856341,0
UMTS,748,1,123,1723810,0,-57.4779,-32.382,2393,9,1,1705983151,1734677745,0
UMTS,748,10,19730,68973036,0,-56.0572,-32.4026,4157,3,1,1706047840,1743832692,0
UMTS,748,1,137,1757401,0,-57.3714,-33.9082,4496,6,1,1706100842,1780029160,0
LTE,748,10,59220,5139718,-1,-56.1674,-34.9158,1000,11,1,1706012142,1750439763,0
UMTS,748,10,19220,68896512,424,-56.0767,-34.8912,837,28,1,1706254837,1743314763,0
UMTS,748,10,19240,69027829,0,-55.9472,-34.2764,1588,3,1,1706269690,1742626200,0
UMTS,748,1,103,1856293,0,-56.1862,-34.7565,1000,2,1,1706274325,1759464204,0
UMTS,748,1,124,1733372,0,-57.7549,-32.89,1386,4,1,1706325919,1763528200,0
GSM,748,10,9303,14188,-1,-56.2739,-34.5355,4226,10,1,1706327629,1757305725,0
GSM,748,10,9303,14009,-1,-56.2785,-34.5084,1188,4,1,1706327629,1757305725,0
GSM,748,10,9303,34188,-1,-56.2742,-34.5335,4000,9,1,1706327629,1757305725,0
GSM,748,10,9303,24188,-1,-56.2728,-34.5412,4870,10,1,1706327629,1757305765,0
GSM,748,10,9303,24009,-1,-56.2757,-34.514,1000,2,1,1706327629,1753073017,0
GSM,748,10,9303,14045,-1,-56.2509,-34.3683,6030,13,1,1706328505,1757305728,0
UMTS,748,1,117,1877043,0,-55.4667,-34.779,1321,8,1,1706329799,1767069257,0
GSM,748,10,9702,37098,-1,-56.2064,-34.0992,3324,8,1,1706373641,1757305734,0
GSM,748,10,9702,17193,-1,-56.2079,-34.0919,3375,12,1,1706373641,1753073023,0
GSM,748,10,9702,34037,-1,-56.2254,-34.0738,6223,11,1,1706372749,1757305734,0
GSM,748,10,9702,27193,-1,-56.2033,-34.0968,2842,12,1,1706373641,1753073023,0
GSM,748,10,9303,24039,-1,-56.2264,-34.3001,5151,6,1,1706374541,1757305762,0
GSM,748,10,9303,14039,-1,-56.2264,-34.3001,5151,6,1,1706374541,1757305762,0
GSM,748,10,9303,24018,-1,-56.2588,-34.6068,4357,4,1,1706376349,1748149238,0
GSM,748,10,9620,12174,-1,-56.3044,-34.7904,6328,12,1,1706377249,1757216786,0
GSM,748,10,9620,16320,-1,-56.2782,-34.7822,8556,15,1,1706377249,1757216786,0
UMTS,748,1,107,1732760,0,-55.0342,-34.8446,1000,2,1,1706448833,1733986723,0
UMTS,748,1,107,1753819,0,-55.0903,-34.8818,10014,4,1,1706460563,1734505657,0
UMTS,748,1,124,1752250,0,-57.6432,-32.7037,2883,25,1,1706533031,1779078521,0
GSM,748,1,25,321,-1,-56.1606,-34.8128,5721,4,1,1706541990,1745731241,0
UMTS,748,1,137,1733421,0,-58.2541,-34.0245,1000,2,1,1706585135,1779942758,0
UMTS,748,1,122,1717750,0,-56.8032,-34.3068,3094,2,1,1706595905,1758081333,0
UMTS,748,1,122,1733860,0,-56.9067,-34.4575,1000,4,1,1706606776,1763614390,0
UMTS,748,10,19730,68982265,0,-57.8592,-31.9266,1000,2,1,1706672546,1747467703,0
UMTS,748,1,108,1926410,0,-56.1534,-34.8907,1000,21,1,1706673694,1774067915,0
UMTS,748,1,108,1946410,0,-56.1536,-34.891,500,25,1,1706685445,1760413795,0
UMTS,748,1,181,1734860,0,-56.5511,-34.4941,1001,2,1,1706699730,1763528146,0
UMTS,748,1,117,1857102,0,-55.5401,-34.7832,1000,7,1,1706716098,1771569879,0
UMTS,748,1,105,1733220,0,-54.3433,-34.5135,1641,3,1,1706724212,1737182792,0
UMTS,748,1,105,1734535,0,-54.2048,-34.4544,4030,6,1,1706725143,1739075752,0
LTE,748,10,59220,324865,-1,-56.1878,-34.89,1000,5,1,1706800982,1750439762,0
LTE,748,10,59220,324867,-1,-56.1882,-34.8903,1000,9,1,1706801052,1750439762,0
LTE,748,10,59220,325893,-1,-56.1856,-34.8928,1000,3,1,1706801162,1750449001,0
LTE,748,10,59220,324866,-1,-56.1848,-34.8942,1000,7,1,1706801172,1750449001,0
LTE,748,10,59220,5142277,-1,-56.1828,-34.8973,1000,6,1,1706801272,1752074642,0
LTE,748,10,59220,5142274,-1,-56.1815,-34.897,1000,16,1,1706801292,1752074642,0
LTE,748,10,59220,2403841,-1,-56.1712,-34.9017,1000,9,1,1706801592,1750449001,0
LTE,748,10,59220,5148417,-1,-56.1717,-34.9092,1000,3,1,1706801812,1750449001,0
UMTS,748,1,105,1752311,0,-53.9707,-34.4658,2221,2,1,1706727843,1739429432,0
UMTS,748,1,105,1732310,0,-53.8507,-34.3664,8518,4,1,1706728742,1769063624,0
UMTS,748,1,105,1732221,0,-53.7947,-34.3374,1000,12,1,1706797299,1739771421,0
UMTS,748,1,105,1752221,0,-53.7938,-34.3374,1000,10,1,1706798198,1769063621,0
UMTS,748,10,19730,68953539,0,-57.6115,-31.3946,2293,2,1,1706765179,1747805632,0
UMTS,748,10,19730,68972997,0,-57.4578,-31.3435,2223,2,1,1706746779,1747805635,0
UMTS,748,10,19730,68953032,0,-57.1061,-31.2373,5313,2,1,1706748594,1747805641,0
UMTS,748,10,19730,68973412,0,-56.8972,-31.0298,3760,2,1,1706760448,1747805645,0
UMTS,748,1,137,1740240,0,-57.7247,-33.9124,7125,7,1,1706763372,1758688409,0
UMTS,748,1,137,1743721,0,-57.1927,-33.9305,3851,8,1,1706765190,1774325665,0
UMTS,748,10,19730,68973539,0,-57.8012,-31.3818,1000,2,1,1706765911,1747805628,0
UMTS,748,1,181,1714415,0,-56.2032,-34.5395,4328,15,1,1706771559,1777348276,0
UMTS,748,10,19730,68962972,0,-58.0604,-32.3155,1000,2,1,1706772287,1738651322,0
UMTS,748,1,112,1732731,0,-54.9456,-34.9407,1000,10,1,1706808601,1768459285,0
UMTS,748,1,112,1752731,0,-54.9453,-34.9407,1000,17,1,1706811289,1768545510,0
UMTS,748,1,105,1732230,0,-53.8179,-34.3165,2399,9,1,1706799077,1768890256,0
UMTS,748,1,105,1753548,0,-53.7815,-34.28,1000,23,1,1706809076,1769494565,0
UMTS,748,1,105,1733548,0,-53.7813,-34.2799,500,26,1,1706811751,1769494593,0
UMTS,748,1,116,1875872,0,-55.8082,-34.7692,1000,15,1,1706875471,1774500725,0
GSM,748,1,27,5742,-1,-56.0817,-34.7922,6722,18,1,1706884373,1741157504,0
UMTS,748,1,105,1752230,0,-53.8175,-34.3192,3150,9,1,1706894936,1739771564,0
UMTS,748,1,105,1755820,0,-53.4477,-33.694,1000,4,1,1706888138,1769320844,0
UMTS,748,1,105,1755822,0,-53.4546,-33.6932,1000,2,1,1706889939,1740291741,0
UMTS,748,1,116,1857232,0,-55.6782,-34.7496,1000,7,1,1706901790,1764219539,0
UMTS,748,1,121,1753170,0,-54.9464,-34.896,1000,5,1,1706979543,1767069237,0
UMTS,748,10,19240,69049301,0,-55.2431,-34.8072,1508,8,1,1706981275,1744868515,0
UMTS,748,10,19240,69049030,0,-55.2758,-34.853,1000,3,1,1706977671,1746078163,0
UMTS,748,1,123,1736260,23,-58.0925,-32.3059,1000,5,1,1706983344,1764341462,0
UMTS,748,1,105,1753527,0,-53.6216,-34.0647,1000,3,1,1706993989,1769320900,0
UMTS,748,1,121,1732692,0,-54.9872,-34.9063,1000,3,1,1707068893,1778644105,0
UMTS,748,1,112,1752701,0,-54.9409,-34.9475,1000,2,1,1707054726,1734591155,0
UMTS,748,1,121,1732742,0,-54.9861,-34.9094,1000,2,1,1707058069,1779769957,0
UMTS,748,1,121,1752692,0,-54.9873,-34.9064,1000,2,1,1707063493,1766554614,0
UMTS,748,1,105,1732220,0,-53.7986,-34.3336,1000,2,1,1707067042,1739429635,0
UMTS,748,1,180,1743821,0,-56.5265,-33.3909,1000,3,1,1707117406,1750829497,0
UMTS,748,1,180,1767382,0,-56.5279,-33.3863,1000,13,1,1707120182,1738391427,0
UMTS,748,10,19220,68896447,492,-56.0724,-34.8966,1000,15,1,1707137544,1742944862,0
UMTS,748,10,19240,69029028,0,-55.2045,-34.4473,1000,2,1,1707139554,1744954323,0
LTE,748,10,59220,5148418,-1,-56.1718,-34.9133,1000,12,1,1707213042,1750439763,0
LTE,748,10,59220,5139715,-1,-56.1664,-34.9154,554,26,1,1707213112,1752074642,0
LTE,748,10,59220,5140226,-1,-56.1648,-34.9138,1000,17,1,1707213142,1750449001,0
UMTS,748,1,112,1752732,0,-54.9458,-34.9373,1000,5,1,1707239534,1738132343,0
UMTS,748,1,180,1731962,0,-56.4294,-33.496,1000,3,1,1707189982,1768020623,0
UMTS,748,10,19220,68906388,0,-56.1688,-34.8428,1293,5,1,1707232487,1734244545,0
UMTS,748,1,116,1875773,0,-55.8992,-34.7917,1000,15,1,1707290415,1773815412,0
UMTS,748,1,116,1877974,0,-55.8498,-34.7869,1000,2,1,1707292168,1764562602,0
UMTS,748,1,116,1857974,0,-55.8502,-34.7846,1000,2,1,1707293043,1764562606,0
UMTS,748,1,132,1693514,0,-54.1661,-32.2458,4728,12,1,1707328099,1745298011,0
UMTS,748,1,132,1693145,0,-54.1515,-32.0546,3499,10,1,1707328999,1744436693,0
UMTS,748,1,132,1696385,0,-54.1242,-31.9639,1985,19,1,1707329899,1745385134,0
UMTS,748,1,132,1696234,0,-54.1585,-32.1119,3812,9,1,1707330799,1745385323,0
UMTS,748,1,132,1696294,0,-54.1617,-32.3782,1000,4,1,1707333517,1741675156,0
UMTS,748,1,112,1732902,0,-54.9412,-34.9568,1000,4,1,1707335972,1738045817,0
UMTS,748,10,19730,68982246,0,-55.5771,-32.7215,1000,2,1,1707369325,1742711054,0
UMTS,748,10,19730,68962246,0,-55.4392,-32.7508,2254,2,1,1707371129,1742711044,0
UMTS,748,1,112,1756131,0,-54.9263,-34.9499,1000,5,1,1707384685,1738305355,0
UMTS,748,1,112,1766131,0,-54.9275,-34.9509,1000,4,1,1707383785,1768545458,0
UMTS,748,10,19240,69017648,0,-54.9459,-34.9101,1163,12,1,1707382458,1751607804,0
UMTS,748,1,116,1877243,0,-55.9308,-34.8143,1000,2,1,1707400273,1736923297,0
UMTS,748,1,112,1732900,0,-54.9394,-34.9556,1000,2,1,1707406303,1737956377,0
LTE,748,10,59220,5165570,-1,-56.2123,-34.8596,1000,10,1,1707497140,1752074642,0
LTE,748,10,59220,326146,-1,-56.1992,-34.8823,1000,14,1,1707498031,1750439762,0
LTE,748,10,59220,5139714,-1,-56.1795,-34.9164,1175,6,1,1707498831,1752074642,0
LTE,748,10,59220,5148421,-1,-56.1714,-34.9144,1000,20,1,1707499131,1752074642,0
LTE,748,10,59220,5140227,-1,-56.1688,-34.9119,1000,12,1,1707499211,1750439763,0
UMTS,748,1,112,1733241,0,-54.9427,-34.9607,1000,2,1,1707419830,1738132583,0
UMTS,748,10,19220,68886388,0,-56.1657,-34.8347,1000,6,1,1707457465,1735626039,0
UMTS,748,1,112,1752781,0,-54.915,-34.9425,1000,4,1,1707472166,1768285177,0
UMTS,748,1,112,1732781,0,-54.9137,-34.9418,1000,3,1,1707467667,1737010039,0
UMTS,748,1,105,1734533,0,-54.1386,-34.4157,5119,3,1,1707471928,1739771570,0
UMTS,748,1,105,1755781,0,-53.4579,-33.7028,1000,2,1,1707481078,1740291767,0
UMTS,748,1,105,1753151,0,-54.2968,-34.4746,1342,4,1,1707486502,1740465077,0
UMTS,748,1,112,1732972,0,-54.9549,-34.9324,1000,5,1,1707494649,1768459302,0
UMTS,748,1,112,1753288,0,-54.9534,-34.9674,1000,4,1,1707498324,1738219200,0
UMTS,748,1,116,1857904,0,-55.8674,-34.7795,1140,6,1,1707499321,1763701150,0
UMTS,748,1,112,1752982,0,-54.9407,-34.9584,1000,4,1,1707501918,1738219210,0
UMTS,748,1,116,1876734,0,-55.7655,-34.7684,1000,11,1,1707500203,1769494613,0
UMTS,748,1,112,1752981,0,-54.939,-34.9585,1000,2,1,1707502818,1738219217,0
UMTS,748,1,112,1732822,0,-54.9346,-34.9399,1000,4,1,1707513666,1780201966,0
UMTS,748,10,19240,69069301,0,-55.2399,-34.7869,1000,4,1,1707577282,1743139855,0
UMTS,748,1,112,1752902,0,-54.9412,-34.9564,1000,6,1,1707585183,1737528104,0
UMTS,748,1,112,1753287,0,-54.951,-34.9647,1000,3,1,1707589406,1738305352,0
LTE,748,10,59220,5126922,-1,-56.217,-34.8695,1996,5,1,1707671509,1752074642,0
UMTS,748,1,121,1733012,0,-54.9225,-34.9141,1388,4,1,1707649878,1779942736,0
UMTS,748,1,105,1753549,0,-53.7882,-34.2749,1000,8,1,1707656186,1769063668,0
UMTS,748,1,105,1733151,0,-54.2964,-34.4743,1000,4,1,1707658899,1768631809,0
UMTS,748,1,105,1753201,0,-54.3408,-34.5108,1000,2,1,1707659797,1740465080,0
UMTS,748,1,117,1857042,0,-55.4811,-34.7737,7730,8,1,1707665228,1771911139,0
UMTS,748,1,105,1734263,0,-54.0703,-34.5189,1158,3,1,1707665254,1739343218,0
UMTS,748,1,105,1752310,0,-53.8653,-34.3973,1425,2,1,1707666154,1768890467,0
UMTS,748,1,105,1733549,0,-53.8094,-34.2597,4587,6,1,1707667054,1769063618,0
UMTS,748,1,105,1753897,0,-53.5492,-33.9584,1000,2,1,1707676125,1740291771,0
UMTS,748,1,107,1733530,0,-54.9299,-34.7892,2618,7,1,1707690602,1772260499,0
UMTS,748,1,112,1752891,0,-54.9452,-34.9416,1000,17,1,1707752601,1738391307,0
UMTS,748,1,112,1732980,0,-54.939,-34.9572,1000,3,1,1707762463,1734763624,0
UMTS,748,10,19240,69027666,0,-55.2378,-34.8495,2852,4,1,1707819949,1752556900,0
UMTS,748,1,112,1753242,0,-54.9442,-34.9594,1000,4,1,1707839110,1738305398,0
GSM,748,10,9226,12312,-1,-56.2103,-34.865,1619,17,1,1707853172,1748149255,0
UMTS,748,1,112,1753240,0,-54.9427,-34.9595,1000,2,1,1707935676,1738218976,0
UMTS,748,1,122,1733557,0,-57.5787,-34.3452,8047,10,1,1707986558,1779942703,0
UMTS,748,1,107,1713984,0,-54.7935,-34.8909,1000,2,1,1707989105,1737010048,0
UMTS,748,1,117,1857054,0,-55.4992,-34.7847,1000,5,1,1708017830,1763528099,0
UMTS,748,10,19220,68888324,0,-56.1318,-34.8503,1000,3,1,1708079421,1747718769,0
UMTS,748,1,121,1756100,0,-54.9519,-34.8946,1000,18,1,1708100929,1780288078,0
UMTS,748,1,121,1752791,0,-54.9413,-34.9088,1000,12,1,1708100069,1772260532,0
UMTS,748,1,124,1734214,0,-58.3367,-33.6286,8981,10,1,1708188196,1778126220,0
UMTS,748,1,124,1714215,0,-58.4262,-33.5685,1000,4,1,1708194527,1754020480,0
UMTS,748,1,124,1734215,0,-58.4221,-33.5673,1000,4,1,1708192726,1754020498,0
UMTS,748,1,124,1714214,0,-58.3312,-33.6241,11819,22,1,1708208020,1778644322,0
UMTS,748,1,105,1714535,0,-54.2214,-34.4613,2333,2,1,1708242576,1769320647,0
UMTS,748,1,105,1733411,0,-54.3214,-34.4882,1000,4,1,1708243349,1739771576,0
UMTS,748,1,124,1753649,0,-58.117,-33.5348,17310,24,1,1708332659,1754712902,0
UMTS,748,10,19240,69057618,0,-55.0302,-34.8985,1000,3,1,1708353529,1750409404,0
UMTS,748,1,122,1765410,0,-56.7096,-34.328,2645,9,1,1708497013,1779251582,0
UMTS,748,1,117,1876642,0,-55.2655,-34.8328,2141,8,1,1708530359,1779165125,0
UMTS,748,1,117,1856642,0,-55.2541,-34.8416,2072,5,1,1708529449,1775620072,0
UMTS,748,1,121,1752792,0,-54.9426,-34.8953,1000,20,1,1708571847,1751607611,0
UMTS,748,1,125,1945689,0,-56.1697,-34.8695,1000,4,1,1708627674,1767674664,0
UMTS,748,1,116,1878092,0,-55.9408,-34.7858,2375,9,1,1708674946,1774153346,0
UMTS,748,1,118,1926399,0,-56.1351,-34.9019,1000,9,1,1708696567,1748410131,0
UMTS,748,10,19240,69037943,0,-56.1659,-34.683,2479,2,1,1708698549,1744436635,0
UMTS,748,1,123,1766111,0,-57.2636,-32.3611,1005,8,1,1708714726,1735191506,0
UMTS,748,10,19220,68906382,0,-56.204,-34.8991,1000,4,1,1708731586,1751173652,0
UMTS,748,1,124,1766960,0,-58.1674,-33.535,7002,21,1,1708763438,1779424302,0
UMTS,748,1,123,1719772,0,-57.4051,-32.5006,6522,3,1,1708812374,1778903433,0
UMTS,748,10,19730,68972210,0,-56.5269,-33.3791,1000,8,1,1708925874,1750409353,0
UMTS,748,1,139,1562254,0,-54.5201,-33.1465,2762,37,1,1708940173,1735022184,0
UMTS,748,1,123,1733500,0,-57.3852,-32.4149,4337,23,1,1708957378,1778992182,0
UMTS,748,1,137,1734285,0,-56.8693,-33.5105,3080,9,1,1708990007,1768020851,0
UMTS,748,1,139,1562614,0,-54.5758,-33.1672,10032,22,1,1709057709,1734849284,0
UMTS,748,1,139,1565614,0,-54.5823,-33.1681,7897,25,1,1709123114,1734933545,0
UMTS,748,1,118,1946400,0,-56.1369,-34.9004,1000,5,1,1709106223,1741416774,0
UMTS,748,1,181,1755601,0,-56.2913,-34.5251,1000,8,1,1709140868,1777607566,0
GSM,748,10,9225,12384,-1,-56.2633,-34.8554,6130,17,1,1709227302,1757389898,0
GSM,748,10,9620,12171,-1,-56.3223,-34.8625,2636,11,1,1709230946,1757216715,0
GSM,748,10,9620,16282,-1,-56.3269,-34.835,7588,22,1,1709258847,1759638706,0
GSM,748,10,9225,12058,-1,-56.2618,-34.868,5011,21,1,1709258847,1757389898,0
UMTS,748,1,116,1877232,0,-55.6742,-34.7499,1000,10,1,1709307821,1777607328,0
UMTS,748,1,116,1857244,0,-55.924,-34.8028,1081,23,1,1709341277,1774670039,0
UMTS,748,10,19220,68906381,0,-56.1353,-34.844,1103,23,1,1709361097,1753161651,0
UMTS,748,10,19220,68926418,0,-56.2371,-34.8255,1000,3,1,1709368320,1735972892,0
UMTS,748,1,122,1765740,0,-56.6943,-34.3433,1747,8,1,1709446604,1774670059,0
UMTS,748,1,122,1765420,0,-56.7112,-34.3681,2677,9,1,1709448351,1780029096,0
UMTS,748,1,105,1733222,0,-54.3679,-34.5291,1000,3,1,1709483676,1768890513,0
UMTS,748,1,117,1856263,0,-55.2756,-34.8684,1000,3,1,1709521340,1753762845,0
UMTS,748,1,117,1857314,0,-55.2841,-34.8613,1055,5,1,1709522249,1737352140,0
UMTS,748,1,110,1946289,0,-56.2698,-34.8585,1000,4,1,1709545096,1750225523,0
UMTS,748,10,19240,69068600,0,-54.9296,-34.811,2475,4,1,1709649336,1745991564,0
UMTS,748,10,19220,68886459,2,-56.0949,-34.8927,1000,17,1,1709651613,1743314763,0
UMTS,748,1,181,1766592,0,-56.1713,-34.6108,1542,5,1,1709701272,1771219879,0
UMTS,748,10,19220,68936567,0,-56.1943,-34.8647,1000,7,1,1709719092,1734591259,0
UMTS,748,1,137,1743420,0,-58.1103,-33.5701,14225,18,1,1709735854,1762836635,0
UMTS,748,1,139,1564402,0,-54.5996,-33.1809,2932,17,1,1709737165,1733986634,0
UMTS,748,10,19730,68953371,0,-57.1204,-33.1799,1544,6,1,1709785042,1753762994,0
UMTS,748,1,137,1743560,0,-58.221,-33.6542,11031,24,1,1709818311,1762923222,0
UMTS,748,1,137,1723421,0,-58.0917,-33.7181,7958,21,1,1709828321,1773735326,0
UMTS,748,1,137,1723560,0,-58.1949,-33.6461,8887,24,1,1709830100,1774928735,0
UMTS,748,1,103,1876962,0,-56.0651,-34.7485,1000,4,1,1709917397,1776397966,0
UMTS,748,10,19220,68887462,0,-56.1381,-34.8192,1765,11,1,1710172295,1753589316,0
GSM,748,1,25,631,-1,-56.0912,-34.7876,7395,8,1,1710234749,1735022412,0
UMTS,748,1,124,1735650,0,-58.0364,-33.2576,1000,2,1,1710277222,1755316570,0
UMTS,748,1,122,1732572,0,-57.3424,-34.2572,1000,3,1,1710296204,1760586855,0
UMTS,748,1,139,1564433,0,-54.6312,-33.1739,4400,18,1,1710340572,1734849369,0
GSM,748,1,21,5743,-1,-56.2147,-34.79,6065,15,1,1710355778,1738836971,0
UMTS,748,1,121,1733091,0,-54.9718,-34.9207,1654,5,1,1710425311,1737615087,0
UMTS,748,1,110,1880672,0,-56.0803,-34.8641,1000,2,1,1710485303,1747978287,0
UMTS,748,1,121,1756091,0,-54.9558,-34.899,1000,10,1,1710488437,1779769959,0
UMTS,748,7,9050,656372,0,-56.2026,-34.9075,1000,2,1,1710500096,1758917641,0
UMTS,748,1,121,1732790,0,-54.9347,-34.9066,1163,8,1,1710527247,1777348437,0
UMTS,748,1,137,1743720,0,-57.2646,-33.877,5435,2,1,1710530200,1775536322,0
GSM,748,1,21,941,-1,-56.2415,-34.7813,1000,3,1,1710736494,1743483619,0
GSM,748,10,9620,12307,-1,-56.2442,-34.7743,8178,23,1,1710827822,1757305719,0
GSM,748,1,27,942,-1,-56.0349,-34.8022,7390,15,1,1710915372,1740120510,0
GSM,748,1,25,892,-1,-56.105,-34.7974,8327,8,1,1710922961,1733986713,0
UMTS,748,1,117,1877092,0,-55.5348,-34.7842,1000,2,1,1710954326,1760759063,0
UMTS,748,1,116,1877904,0,-55.8652,-34.7792,1086,11,1,1710998512,1771309426,0
UMTS,748,1,117,1855902,0,-55.4129,-34.7808,1000,7,1,1711032899,1763701158,0
UMTS,748,1,181,1752042,0,-56.2483,-34.3478,4093,4,1,1711197197,1769233018,0
GSM,748,10,9225,12059,-1,-56.2638,-34.8681,1000,11,1,1711218145,1757389898,0
GSM,748,10,9225,12626,-1,-56.2387,-34.873,1724,14,1,1711248866,1759725067,0
GSM,748,10,9620,12627,-1,-56.2313,-34.8154,2517,14,1,1711337203,1746164151,0
GSM,748,10,9303,33234,-1,-56.3776,-34.7105,8789,5,1,1711338103,1758255051,0
UMTS,748,10,19240,69017842,0,-55.9593,-34.3574,5129,3,1,1711361751,1743229343,0
UMTS,748,1,122,1757241,0,-57.0279,-34.3488,1285,3,1,1711389570,1778903465,0
UMTS,748,1,122,1733368,0,-56.7981,-34.3266,1000,6,1,1711390476,1776918791,0
UMTS,748,1,181,1732131,0,-56.3431,-34.4854,3721,17,1,1711393174,1780374623,0
UMTS,748,1,181,1765680,0,-56.3802,-34.4487,1172,11,1,1711396789,1772260469,0
UMTS,748,1,116,1857712,0,-55.9045,-34.7955,1000,6,1,1711444360,1774067791,0
GSM,748,10,9620,12080,-1,-56.3331,-34.7857,3558,9,1,1711458169,1759638706,0
UMTS,748,1,124,1734952,0,-58.2996,-33.5683,17579,13,1,1711487997,1769926140,0
UMTS,748,1,116,1876443,0,-55.9807,-34.8486,1000,5,1,1711525230,1751778792,0
UMTS,748,10,19240,69069323,0,-56.0037,-34.4729,4124,5,1,1711537792,1743229345,0
GSM,748,10,9620,13101,-1,-56.3753,-34.7676,7245,8,1,1711546553,1759725065,0
UMTS,748,1,124,1756961,0,-58.1963,-33.5762,4180,21,1,1711613033,1774928733,0
UMTS,748,1,118,1926398,0,-56.1337,-34.8996,1000,16,1,1711617100,1753417722,0
GSM,748,10,9303,14022,-1,-56.1993,-34.1974,4026,8,1,1711666346,1757305759,0
GSM,748,10,9702,37193,-1,-56.2075,-34.0909,2315,8,1,1711667199,1753073055,0
GSM,748,10,9702,17356,-1,-56.2472,-33.9342,4214,7,1,1711668099,1742791236,0
GSM,748,10,9225,12054,-1,-56.262,-34.8717,2763,6,1,1711707913,1744606164,0
UMTS,748,1,123,1733502,0,-57.3986,-32.4242,2097,10,1,1711722234,1735366477,0
GSM,748,10,9225,12306,-1,-56.2542,-34.8743,1363,11,1,1711792757,1757389902,0
GSM,748,10,9620,12248,-1,-56.3604,-34.7804,2837,8,1,1711797294,1759638706,0
GSM,748,10,9620,16259,-1,-56.3611,-34.7793,2945,4,1,1711801797,1757216786,0
GSM,748,10,9303,18612,-1,-56.4046,-34.7548,8263,4,1,1711797294,1757216785,0
UMTS,748,1,118,1926400,0,-56.1373,-34.9006,1000,8,1,1711804319,1752298543,0
UMTS,748,1,118,1946399,0,-56.1359,-34.9022,1000,4,1,1711808850,1747805666,0
GSM,748,10,9303,38612,-1,-56.576,-34.6677,10156,5,1,1711837936,1759725064,0
GSM,748,10,9303,38689,-1,-56.6298,-34.6367,1478,5,1,1711873215,1759725064,0
GSM,748,10,9303,28612,-1,-56.5766,-34.6662,10290,6,1,1711837936,1759638708,0
GSM,748,10,9303,13097,-1,-56.7622,-34.4902,5145,6,1,1711872317,1759725063,0
GSM,748,10,9303,33215,-1,-56.7189,-34.3306,3325,6,1,1711871398,1759725060,0
GSM,748,10,9303,18600,-1,-56.7119,-34.3209,3298,5,1,1711871398,1759725060,0
GSM,748,10,9303,13104,-1,-56.6962,-34.0898,3661,5,1,1711870486,1759725057,0
GSM,748,10,9702,37116,-1,-56.8374,-33.6513,1009,4,1,1711868679,1745467357,0
GSM,748,10,9751,17021,-1,-57.1544,-33.144,1842,3,1,1711865984,1746509899,0
GSM,748,10,9303,23104,-1,-56.6962,-34.0898,3661,5,1,1711870486,1759725057,0
GSM,748,10,9303,23103,-1,-56.752,-34.4643,2398,3,1,1711872317,1757216784,0
GSM,748,10,9303,18689,-1,-56.6357,-34.6319,3801,6,1,1711873215,1759725064,0
GSM,748,10,9303,28689,-1,-56.6284,-34.6384,1258,4,1,1711873215,1759725064,0
GSM,748,10,9303,13163,-1,-56.6454,-34.6236,2524,5,1,1711873215,1757216785,0
UMTS,748,1,122,1753409,0,-57.4115,-34.2779,12228,3,1,1711911676,1758688412,0
UMTS,748,1,121,1714254,0,-54.9492,-34.8699,1000,15,1,1711945403,1780461060,0
UMTS,748,1,118,1946398,0,-56.1332,-34.8992,1000,6,1,1711967720,1754970921,0
UMTS,748,1,135,1696118,0,-55.5359,-30.8983,1000,5,1,1712010431,1738908787,0
UMTS,748,1,116,1856444,0,-55.9807,-34.8444,1000,2,1,1712131876,1738132525,0
UMTS,748,1,124,1732110,0,-57.0346,-33.1184,10675,2,1,1712166009,1739687193,0
UMTS,748,1,139,1562957,0,-54.3831,-33.228,1312,8,1,1712208337,1745991524,0
UMTS,748,1,116,1857264,0,-55.8736,-34.783,1437,11,1,1712220016,1773982437,0
UMTS,748,1,124,1717701,0,-58.2625,-33.1331,2201,6,1,1712250418,1736923383,0
UMTS,748,1,124,1767140,0,-58.1532,-33.1544,3288,14,1,1712321076,1769755856,0
UMTS,748,1,137,1742172,0,-57.5341,-33.6977,1000,4,1,1712354604,1744521818,0
UMTS,748,1,137,1743880,0,-57.3728,-33.8754,1000,6,1,1712357303,1763441649,0
UMTS,748,1,122,1765432,0,-57.2429,-34.2853,1000,2,1,1712359990,1763441659,0
GSM,748,10,9303,14018,-1,-56.2675,-34.5668,3183,3,1,1712423692,1742791229,0
UMTS,748,1,123,1753479,0,-58.0105,-32.4987,3821,10,1,1712427623,1777177792,0
GSM,748,10,9303,13352,-1,-56.2812,-34.4988,1000,2,1,1712479194,1757305725,0
UMTS,748,1,124,1753647,0,-57.9215,-33.4945,5394,10,1,1712559407,1741849180,0
UMTS,748,1,124,1714570,0,-58.017,-32.9563,4060,13,1,1712641895,1766900356,0
UMTS,748,1,110,1926478,0,-56.1275,-34.8488,1000,22,1,1712685897,1780461032,0
UMTS,748,1,123,1756111,0,-57.2669,-32.3608,1000,9,1,1712656587,1735191508,0
UMTS,748,1,110,1946488,0,-56.1379,-34.8429,1000,22,1,1712662439,1773029932,0
UMTS,748,1,110,1926479,0,-56.1339,-34.8539,1377,24,1,1712686789,1779164956,0
UMTS,748,1,110,1946478,0,-56.1274,-34.8491,1000,23,1,1712674163,1772513631,0
GSM,748,10,9220,12020,-1,-56.175,-34.9119,2329,20,1,1712677102,1761626739,0
GSM,748,10,9220,12026,-1,-56.1859,-34.8992,1000,12,1,1712678005,1761113002,0
UMTS,748,1,110,1946479,0,-56.1332,-34.854,1000,23,1,1712690418,1772866054,0
UMTS,748,1,110,1926489,0,-56.1447,-34.8472,1000,22,1,1712732381,1777264351,0
UMTS,748,1,110,1946480,0,-56.133,-34.8452,1000,23,1,1712745435,1773029913,0
GSM,748,1,27,5753,-1,-56.0746,-34.7936,1120,5,1,1712758275,1734072336,0
UMTS,748,1,110,1946500,0,-56.1595,-34.8524,1000,15,1,1712760431,1750740431,0
UMTS,748,10,19730,68992361,0,-56.5163,-32.8014,1629,14,1,1712788726,1750225292,0
UMTS,748,1,110,1926480,0,-56.1328,-34.8454,747,25,1,1712823455,1780460944,0
UMTS,748,10,19220,68906396,0,-56.262,-34.8469,2069,21,1,1712843185,1754452558,0
UMTS,748,1,116,1860554,0,-55.8611,-34.7715,1951,2,1,1712911803,1735366672,0
UMTS,748,1,180,1733399,0,-56.5361,-33.3576,5359,8,1,1712929021,1756439995,0
UMTS,748,1,116,1858254,0,-55.9521,-34.7829,2322,3,1,1712940805,1766206681,0
UMTS,748,10,19730,68973438,0,-57.7116,-33.5845,4310,6,1,1712948868,1749275517,0
UMTS,748,10,19730,68973569,0,-57.9606,-33.371,8686,5,1,1712956468,1748497005,0
UMTS,748,1,180,1753399,0,-56.5302,-33.3509,2428,4,1,1712958850,1756526271,0
UMTS,748,1,116,1856442,0,-55.9735,-34.8459,1000,5,1,1713007596,1764132851,0
UMTS,748,10,19730,68953766,0,-57.8416,-34.4503,1000,3,1,1713154986,1743139899,0
UMTS,748,1,110,1926469,0,-56.1402,-34.8566,1000,8,1,1713254426,1777869124,0
UMTS,748,10,19220,68906493,297,-56.0854,-34.8929,1000,20,1,1713266185,1743314763,0
UMTS,748,1,110,1926499,0,-56.1582,-34.8553,1000,12,1,1713362999,1776484285,0
UMTS,748,1,123,1753502,0,-57.4371,-32.4376,23118,7,1,1713366779,1735366459,0
UMTS,748,1,110,1926500,0,-56.1596,-34.8526,1000,18,1,1713411919,1751001758,0
UMTS,748,1,123,1733501,0,-57.3778,-32.4479,7703,15,1,1713428075,1764392184,0
UMTS,748,1,110,1926488,0,-56.1378,-34.8426,1000,24,1,1713416197,1779337996,0
UMTS,748,1,110,1946489,0,-56.1455,-34.8474,1000,21,1,1713440831,1766985660,0
UMTS,748,1,110,1946470,0,-56.1488,-34.8498,1000,10,1,1713432553,1766206643,0
UMTS,748,1,110,1946498,0,-56.151,-34.8495,1000,22,1,1713433473,1766900451,0
UMTS,748,1,123,1752990,0,-57.679,-32.3673,5559,2,1,1713440339,1764392232,0
UMTS,748,1,124,1732371,0,-57.8195,-32.7059,12775,20,1,1713447661,1779510721,0
UMTS,748,10,19220,68896401,0,-56.1518,-34.8304,1308,11,1,1713457722,1748928758,0
UMTS,748,1,122,1733369,0,-56.8118,-34.3162,1515,7,1,1713465992,1780029098,0
UMTS,748,1,124,231954,0,-57.7464,-33.2283,1000,3,1,1713504629,1735022323,0
UMTS,748,10,19220,68906384,0,-56.162,-34.8549,1000,21,1,1713539855,1744436737,0
UMTS,748,1,124,1753707,0,-57.8614,-32.9801,4865,18,1,1713700600,1750740419,0
UMTS,748,1,103,1766310,0,-55.8073,-34.3355,1689,3,1,1713756791,1772779378,0
UMTS,748,1,110,1926498,0,-56.1512,-34.8487,1000,21,1,1713757941,1780374638,0
UMTS,748,10,19220,68927819,0,-56.3037,-34.8338,2109,9,1,1713798372,1746253437,0
UMTS,748,1,180,1733397,0,-56.5274,-33.3287,5776,4,1,1713832394,1758859326,0
UMTS,748,1,135,1696179,0,-55.6086,-31.0756,2348,6,1,1713843202,1745731211,0
UMTS,748,10,19730,68953034,0,-57.6686,-34.2491,5693,3,1,1713900737,1743057420,0
GSM,748,1,25,891,-1,-56.1941,-34.7975,8936,16,1,1713933156,1745558977,0
UMTS,748,1,132,1693079,0,-54.707,-31.76,4302,12,1,1713945451,1745731257,0
UMTS,748,1,103,1734464,0,-56.091,-34.6476,7794,8,1,1714044507,1776659417,0
UMTS,748,1,123,1752991,0,-57.6804,-32.4736,14370,6,1,1714049994,1778817032,0
UMTS,748,1,124,1753311,0,-57.9698,-32.7222,6753,5,1,1714057244,1746425596,0
UMTS,748,10,19220,68936514,0,-56.1447,-34.8412,1000,2,1,1714132484,1734159116,0
GSM,748,10,9303,23163,-1,-56.6636,-34.6091,1000,2,1,1714239299,1757216785,0
GSM,748,10,9303,33163,-1,-56.6636,-34.6091,1000,2,1,1714239299,1757216785,0
GSM,748,10,9303,33103,-1,-56.7369,-34.3991,6021,3,1,1714203193,1759638714,0
GSM,748,10,9303,13099,-1,-56.6976,-34.0727,2884,3,1,1714205014,1759725057,0
GSM,748,10,9303,38601,-1,-56.6968,-34.0597,1000,2,1,1714205014,1759638720,0
GSM,748,10,9303,18618,-1,-56.7576,-33.8848,1502,2,1,1714235689,1759725056,0
UMTS,748,10,19730,68953769,0,-57.8155,-34.4559,1000,2,1,1714374702,1751347168,0
UMTS,748,10,19730,68983038,0,-57.7712,-34.442,1000,2,1,1714379237,1743057402,0
GSM,748,10,9403,14021,-1,-55.7751,-34.678,2614,3,1,1714515450,1744001643,0
GSM,748,10,9403,24318,-1,-55.6177,-34.7197,6931,2,1,1714516350,1740376205,0
GSM,748,10,9507,15119,-1,-55.3774,-34.7807,3806,4,1,1714517250,1744001578,0
GSM,748,10,9507,15270,-1,-55.3454,-34.7841,4339,3,1,1714517250,1744001578,0
GSM,748,10,9507,15051,-1,-55.322,-34.7874,1530,2,1,1714517250,1744001578,0
GSM,748,10,9507,15066,-1,-55.322,-34.7874,1530,2,1,1714517250,1744001642,0
GSM,748,10,9507,15608,-1,-55.1383,-34.7987,7421,3,1,1714518157,1744001580,0
GSM,748,10,9507,15057,-1,-55.1383,-34.7987,7421,3,1,1714518157,1744001580,0
GSM,748,10,9509,15073,-1,-54.9619,-34.9173,5048,3,1,1714524502,1740465063,0
GSM,748,10,9507,35608,-1,-55.1785,-34.797,5415,4,1,1714525402,1744001580,0
GSM,748,10,9403,14020,-1,-55.5115,-34.6988,3068,3,1,1714526303,1744001643,0
GSM,748,10,9403,24020,-1,-55.5115,-34.6988,3068,3,1,1714526303,1744001643,0
GSM,748,10,9403,24108,-1,-55.753,-34.6716,1061,3,1,1714527193,1744001643,0
GSM,748,10,9403,34323,-1,-55.7662,-34.7042,3563,2,1,1714527193,1740465096,0
UMTS,748,10,19240,69018463,0,-54.6995,-34.7561,1000,3,1,1714582008,1749016959,0
UMTS,748,10,19730,68953569,0,-57.8894,-33.4699,5875,8,1,1714625918,1748928856,0
UMTS,748,10,19730,68973772,0,-58.0147,-33.2616,1250,3,1,1714626841,1749202247,0
GSM,748,1,27,4296,-1,-56.0521,-34.6995,6737,10,1,1714633006,1735972974,0
UMTS,748,1,122,1767532,139,-57.5911,-34.4022,2827,5,1,1714748290,1738192802,0
UMTS,748,1,110,1946469,0,-56.1398,-34.8565,1000,12,1,1714811294,1760934492,0
UMTS,748,1,110,1926468,0,-56.1401,-34.8519,1000,11,1,1714822210,1777264352,0
UMTS,748,1,137,1723702,0,-57.151,-33.9363,19618,7,1,1714829982,1780029121,0
UMTS,748,1,123,1735721,0,-57.2869,-32.4347,1000,2,1,1714830542,1735539294,0
UMTS,748,1,122,1752630,0,-57.2369,-34.3045,1000,2,1,1714985642,1734328818,0
UMTS,748,1,122,1733407,0,-57.3397,-34.2184,1000,3,1,1714986548,1780029167,0
UMTS,748,1,137,1723882,0,-57.4161,-33.8525,2194,3,1,1714988356,1775536347,0
UMTS,748,1,122,1752571,0,-57.2711,-34.2679,1127,3,1,1715011899,1770964854,0
UMTS,748,1,137,1743430,0,-58.3562,-33.7899,3566,3,1,1715012984,1769669204,0
UMTS,748,1,137,1757740,0,-57.9824,-33.9436,12504,5,1,1715109948,1761194006,0
UMTS,748,1,103,1875332,0,-56.1653,-34.7452,1000,3,1,1715148190,1762231816,0
GSM,748,1,26,1332,-1,-56.2484,-34.8388,1940,2,1,1715152801,1734849289,0
GSM,748,1,25,50153,-1,-56.1512,-34.7945,4696,2,1,1715267072,1733639836,0
UMTS,748,10,19730,68973503,0,-58.0911,-32.3115,1000,3,1,1715294201,1739429675,0
UMTS,748,10,19730,68952188,0,-58.0829,-32.3243,1000,4,1,1715295982,1746683133,0
UMTS,748,10,19730,68962188,0,-58.0757,-32.322,1000,5,1,1715313104,1738908771,0
UMTS,748,1,102,1756292,0,-57.9188,-31.4435,1997,4,1,1715338190,1779078629,0
UMTS,748,1,124,1714705,0,-58.0495,-33.2147,7720,12,1,1715348663,1773895982,0
UMTS,748,1,180,1757110,0,-56.4927,-33.3586,5528,5,1,1715376556,1764132951,0
UMTS,748,10,19730,68952405,0,-58.1123,-34.087,4643,4,1,1715381244,1740811335,0
UMTS,748,10,19730,68991878,0,-58.2631,-34.0192,4120,4,1,1715378502,1740120442,0
UMTS,748,10,19730,68961892,0,-58.3632,-33.8827,3564,6,1,1715668160,1751001840,0
UMTS,748,1,124,1734703,0,-57.8538,-32.9848,8608,8,1,1715672490,1767940869,0
UMTS,748,1,124,1732592,0,-57.3243,-32.8806,13793,7,1,1715703220,1746253525,0
UMTS,748,1,124,1732591,0,-57.3298,-32.8042,9234,3,1,1715698676,1746253467,0
UMTS,748,1,124,1753371,0,-57.7772,-33.0017,11840,19,1,1715709584,1750521075,0
UMTS,748,1,124,1742372,0,-58.0308,-33.2591,1000,5,1,1715754358,1756958583,0
UMTS,748,1,104,1562666,0,-56.1177,-33.2479,1167,5,1,1715831163,1734677650,0
UMTS,748,1,104,1564706,0,-56.1401,-33.2747,7244,25,1,1715871556,1734677722,0
UMTS,748,1,124,247793,0,-57.2931,-33.0092,11650,12,1,1715864281,1733724219,0
UMTS,748,1,104,1565666,0,-56.1231,-33.2482,1660,14,1,1715873821,1734244539,0
UMTS,748,1,104,1561694,0,-56.1009,-33.2512,7266,25,1,1715960952,1734677493,0
UMTS,748,1,104,1564693,0,-56.0149,-33.2413,1000,24,1,1715936372,1734591240,0
UMTS,748,1,108,1946409,0,-56.1531,-34.8907,1000,3,1,1716097399,1741501610,0
UMTS,748,1,124,1733371,0,-57.7928,-33.0025,12533,19,1,1716184926,1778730694,0
UMTS,748,1,181,1734373,0,-56.6003,-34.6527,1000,7,1,1716212240,1773556824,0
UMTS,748,1,110,1926539,0,-56.1228,-34.8415,1713,23,1,1716312746,1780461030,0
UMTS,748,1,110,1946539,0,-56.1233,-34.8412,1000,22,1,1716310971,1773124137,0
UMTS,748,1,110,1946538,0,-56.1209,-34.838,559,25,1,1716308263,1773211063,0
UMTS,748,1,110,1926538,0,-56.1212,-34.838,500,25,1,1716299219,1780460960,0
UMTS,748,1,110,1946518,0,-56.1176,-34.8312,1000,22,1,1716302214,1772779288,0
UMTS,748,1,110,1946530,0,-56.1051,-34.8198,3007,23,1,1716303093,1741761904,0
UMTS,748,1,110,1926549,0,-56.1131,-34.8346,500,26,1,1716303724,1780201906,0
UMTS,748,1,104,1695755,0,-54.6338,-33.1761,1144,6,1,1716304621,1734072270,0
UMTS,748,1,110,1926520,0,-56.1276,-34.8312,1000,21,1,1716306447,1780460958,0
UMTS,748,1,110,1926540,0,-56.1282,-34.8386,1000,21,1,1716307342,1780461053,0
UMTS,748,1,110,1946550,0,-56.1119,-34.8302,1363,21,1,1716309157,1771656166,0
UMTS,748,1,110,1946549,0,-56.1136,-34.8343,1000,21,1,1716310047,1773211168,0
UMTS,748,1,123,1714543,0,-57.3321,-32.3331,7061,3,1,1716367780,1778992143,0
UMTS,748,1,104,1562665,0,-56.1105,-33.2472,1452,4,1,1716395711,1733899883,0
UMTS,748,1,110,1926509,0,-56.1163,-34.8328,1000,23,1,1716396615,1779769871,0
UMTS,748,1,124,1734705,0,-58.0412,-33.217,11769,22,1,1716474190,1776397964,0
UMTS,748,1,110,1946540,0,-56.1286,-34.8379,804,25,1,1716553835,1772606299,0
UMTS,748,1,110,1926550,0,-56.1111,-34.8298,1442,13,1,1716615152,1778557775,0
UMTS,748,10,19730,68962348,0,-58.0285,-33.2508,1000,8,1,1716775347,1749202309,0
UMTS,748,10,19730,68972348,0,-58.0318,-33.2495,1000,3,1,1716776247,1740725178,0
UMTS,748,10,19730,68962191,0,-57.0933,-33.9867,5743,12,1,1716783519,1748669923,0
UMTS,748,10,19240,69038487,0,-56.9709,-34.1276,1569,7,1,1716784445,1751088420,0
UMTS,748,1,137,1734293,0,-56.8429,-33.4932,1000,4,1,1716795904,1764132923,0
UMTS,748,1,110,1946528,0,-56.0915,-34.8086,1071,15,1,1716903354,1740120536,0
UMTS,748,1,110,1946468,0,-56.1396,-34.853,1000,12,1,1716924302,1765515390,0
UMTS,748,1,110,1946529,0,-56.102,-34.8268,7131,21,1,1716978440,1743396083,0
UMTS,748,1,135,1695557,0,-55.2159,-31.4137,22040,24,1,1716979671,1745904196,0
UMTS,748,1,135,1692559,0,-55.3177,-31.2486,7661,16,1,1716980572,1745731231,0
UMTS,748,1,135,1696194,0,-55.4823,-31.045,2134,7,1,1716981477,1745731228,0
UMTS,748,1,110,1926528,0,-56.091,-34.8091,1300,19,1,1716982110,1743311620,0
UMTS,748,1,123,1757641,0,-57.7948,-32.5448,10181,3,1,1717070081,1779165162,0
UMTS,748,1,124,1714473,0,-57.9785,-32.9194,4388,25,1,1717073050,1779856334,0
UMTS,748,1,110,1926529,0,-56.1005,-34.8237,1000,20,1,1717089300,1743396086,0
UMTS,748,1,110,1946510,0,-56.1214,-34.8224,1000,4,1,1717241623,1761713744,0
UMTS,748,1,110,1946519,0,-56.1262,-34.8346,1000,21,1,1717260662,1772866088,0
GSM,748,10,9220,12090,-1,-56.1962,-34.9087,1000,2,1,1717261014,1757906157,0
GSM,748,10,9220,22025,-1,-56.201,-34.8955,2736,3,1,1717261886,1757906157,0
UMTS,748,1,110,1946509,0,-56.1165,-34.8324,1000,17,1,1717264266,1773211040,0
UMTS,748,1,129,1926460,0,-56.1804,-34.9044,1000,7,1,1717314297,1763441662,0
UMTS,748,1,110,1946508,0,-56.1078,-34.8244,2380,23,1,1717426542,1765515403,0
UMTS,748,1,104,1564622,0,-56.4974,-32.8112,1232,3,1,1717487712,1764132957,0
UMTS,748,1,124,1714703,0,-57.8874,-33.1053,7052,4,1,1717598525,1773895865,0
UMTS,748,1,124,1753708,0,-57.852,-33.0465,7169,9,1,1717609507,1749880788,0
UMTS,748,10,19220,68916807,0,-56.1239,-34.8745,1000,5,1,1717583771,1735108171,0
UMTS,748,1,110,1926518,0,-56.1179,-34.8322,1000,22,1,1717584347,1780028944,0
UMTS,748,1,124,1766202,0,-57.8606,-33.0483,13716,10,1,1717605396,1767161297,0
UMTS,748,1,110,1926530,0,-56.104,-34.8187,1360,19,1,1717598993,1743396055,0
UMTS,748,1,124,1733708,0,-57.846,-33.0447,7456,8,1,1717606777,1777723362,0
UMTS,748,1,110,1926508,0,-56.1107,-34.824,1000,17,1,1717616911,1778484345,0
UMTS,748,1,110,1946589,0,-56.1666,-34.8395,1000,24,1,1717680105,1769669140,0
UMTS,748,1,110,1926589,0,-56.1672,-34.84,1000,14,1,1717668340,1775017880,0
UMTS,748,1,110,1926588,0,-56.1661,-34.837,1000,22,1,1717669241,1776138352,0
UMTS,748,1,110,1946588,0,-56.1663,-34.8369,1341,24,1,1717670997,1773123970,0
UMTS,748,1,124,1734473,0,-57.9772,-32.9213,4593,22,1,1717678313,1756266728,0
UMTS,748,1,124,1734474,0,-57.9238,-32.9614,7543,26,1,1717694633,1754970825,0
UMTS,748,1,124,1734475,0,-57.989,-32.9793,9960,22,1,1717690298,1758599396,0
UMTS,748,1,129,1946458,0,-56.1773,-34.9036,1000,5,1,1717710764,1749880754,0
UMTS,748,1,129,1946460,0,-56.1799,-34.904,1000,3,1,1717709864,1749977601,0
UMTS,748,10,19240,69027807,0,-57.1232,-34.4508,12110,14,1,1717747306,1747892183,0
UMTS,748,10,19240,69027926,0,-57.0906,-34.4402,2994,11,1,1717748468,1747892250,0
UMTS,748,1,110,1926519,0,-56.1246,-34.835,1000,21,1,1717751087,1780201891,0
UMTS,748,1,137,1714293,0,-56.8376,-33.4905,1000,2,1,1717761433,1764132929,0
UMTS,748,1,110,1946559,0,-56.1566,-34.8472,1000,24,1,1717767574,1771220053,0
UMTS,748,1,110,1926560,0,-56.1677,-34.8447,1000,18,1,1717828996,1767420918,0
UMTS,748,1,110,1946570,0,-56.1687,-34.8442,1000,9,1,1717837917,1763528077,0
UMTS,748,1,110,1946560,0,-56.1681,-34.8446,1000,13,1,1717839774,1768631725,0
UMTS,748,1,124,1714475,0,-57.9872,-32.9691,4271,23,1,1717999187,1779856301,0
UMTS,748,1,123,1753828,0,-57.5335,-32.6081,14103,25,1,1718013174,1778903429,0
UMTS,748,1,181,1714365,0,-56.5887,-34.6599,1312,5,1,1718028139,1779165085,0
UMTS,748,1,124,1733370,0,-57.6847,-32.8977,15888,7,1,1718056511,1777723332,0
UMTS,748,1,132,1693014,0,-54.943,-32.2352,4157,9,1,1718173291,1737441454,0
UMTS,748,1,110,1946568,0,-56.1701,-34.8496,1307,12,1,1718194317,1771220051,0
GSM,748,1,2,1311,-1,-56.0791,-34.7812,8726,17,1,1718283872,1744781874,0
UMTS,748,1,123,1753829,0,-57.4642,-32.5362,4271,11,1,1718397181,1778992187,0
UMTS,748,10,19240,69039016,0,-55.2732,-34.8602,1000,5,1,1718528896,1743573063,0
UMTS,748,10,19240,69019016,0,-55.2658,-34.8561,1000,12,1,1718529806,1745125409,0
UMTS,748,1,123,1733828,0,-57.5331,-32.6045,10785,17,1,1718589148,1764305921,0
UMTS,748,1,180,1743830,0,-56.5402,-33.4022,1000,5,1,1718598938,1768020846,0
UMTS,748,1,110,1926568,0,-56.1696,-34.8499,1269,24,1,1718717350,1780460952,0
UMTS,748,10,19240,69017620,0,-55.2656,-34.8558,1000,15,1,1718726273,1746078003,0
UMTS,748,1,124,1734793,0,-58.0506,-33.0693,5506,23,1,1718820026,1758599390,0
UMTS,748,10,19240,69068475,0,-55.0004,-34.8831,1000,2,1,1718778556,1751436154,0
UMTS,748,1,124,1714793,0,-58.0519,-33.0704,5909,24,1,1718820926,1779856388,0
UMTS,748,1,124,1753841,0,-58.0974,-33.3354,13545,24,1,1718872329,1779942724,0
UMTS,748,1,137,1767400,0,-57.364,-33.88,1000,5,1,1718889396,1771994843,0
UMTS,748,1,110,1926590,0,-56.1716,-34.8427,1000,5,1,1719067380,1773735462,0
UMTS,748,1,181,1765442,0,-56.3118,-34.5115,1015,2,1,1719083181,1771051245,0
UMTS,748,1,122,1767011,0,-56.7505,-34.338,1221,5,1,1719085872,1774325650,0
GSM,748,1,21,2091,-1,-56.1501,-34.7593,5211,3,1,1719215653,1734244637,0
UMTS,748,1,110,1926559,0,-56.1568,-34.8483,1000,22,1,1719237410,1779337946,0
UMTS,748,1,104,1565462,0,-56.1234,-33.2654,1000,3,1,1719253211,1733986731,0
UMTS,748,1,110,1946620,0,-56.1586,-34.7975,1000,5,1,1719311779,1743229306,0
UMTS,748,1,124,1733841,0,-58.1093,-33.3368,8605,25,1,1719315642,1779683428,0
UMTS,748,1,110,1946520,0,-56.1285,-34.8318,1000,24,1,1719396528,1773211191,0
UMTS,748,1,110,1926638,0,-56.1355,-34.8176,1000,13,1,1719410053,1776659404,0
GSM,748,10,9507,35045,-1,-55.3153,-34.3965,2512,2,1,1719460579,1742791262,0
GSM,748,10,9507,25045,-1,-55.3153,-34.3965,2512,2,1,1719460579,1742791270,0
UMTS,748,10,19220,68896538,0,-56.1412,-34.8613,1000,15,1,1719466078,1753161685,0
UMTS,748,1,139,1562956,0,-54.3699,-33.2268,1000,4,1,1719491679,1745991330,0
UMTS,748,1,124,1734795,0,-58.0958,-33.1108,4651,22,1,1719498639,1756266710,0
UMTS,748,1,110,1946579,0,-56.1555,-34.8436,1711,23,1,1719565479,1769063656,0
UMTS,748,1,124,1714474,0,-57.9111,-32.9624,6569,26,1,1719553756,1767161351,0
UMTS,748,1,132,1696266,0,-54.1743,-32.3654,1000,10,1,1719565041,1745904455,0
UMTS,748,1,124,1714795,0,-58.0996,-33.1138,4844,22,1,1719667938,1779597126,0
UMTS,748,1,124,1753842,0,-58.1239,-33.1663,5465,9,1,1719651649,1745385406,0
UMTS,748,1,110,1926618,0,-56.1314,-34.7888,2564,7,1,1719741355,1740638792,0
UMTS,748,1,123,1736262,0,-58.0986,-32.3205,1000,6,1,1719802564,1733639643,0
UMTS,748,1,123,1733829,0,-57.4639,-32.5361,3045,9,1,1719882001,1735539313,0
UMTS,748,1,110,1946580,0,-56.1552,-34.8408,1584,18,1,1719924634,1769494708,0
UMTS,748,1,135,1692557,0,-55.2569,-31.345,9604,11,1,1720090476,1745731194,0
UMTS,748,1,132,1696045,0,-54.7621,-31.7239,18819,11,1,1720116066,1745815805,0
UMTS,748,1,132,1696059,0,-55.2352,-31.4115,7504,14,1,1720117872,1739075701,0
UMTS,748,1,135,1695559,0,-55.3219,-31.2453,9581,15,1,1720118772,1745731197,0
UMTS,748,1,124,1714794,0,-58.074,-33.0884,1000,4,1,1720163176,1746337301,0
UMTS,748,1,123,1719770,0,-57.3161,-32.4876,1000,2,1,1720258275,1735539296,0
UMTS,748,1,116,1857262,0,-55.8639,-34.7789,1000,8,1,1720261398,1769926169,0
UMTS,748,1,105,1734625,0,-54.5291,-34.6576,2768,4,1,1720269525,1769494563,0
UMTS,748,1,105,1732312,0,-54.0509,-34.3338,7530,3,1,1720275864,1768890508,0
UMTS,748,1,105,1714623,0,-54.4393,-34.6121,3214,4,1,1720377969,1769233147,0
UMTS,748,1,110,1926579,0,-56.1548,-34.8425,1000,23,1,1720499717,1780460950,0
UMTS,748,10,19220,68906523,0,-56.2224,-34.8538,1000,2,1,1720521079,1735022413,0
UMTS,748,1,135,1693176,0,-55.4107,-31.1258,5201,15,1,1720536332,1738908803,0
UMTS,748,1,132,1693047,0,-55.0951,-31.5567,7077,22,1,1720538876,1745904362,0
UMTS,748,1,132,1696046,0,-54.8513,-31.6491,4934,14,1,1720539782,1745731048,0
UMTS,748,1,132,1693256,0,-54.4271,-32.3655,10071,7,1,1720548059,1737441440,0
UMTS,748,1,110,1926609,0,-56.1389,-34.8107,1279,5,1,1720619019,1742970810,0
UMTS,748,1,110,1946640,0,-56.1457,-34.8228,1000,3,1,1720622923,1772174256,0
UMTS,748,1,106,1878374,0,-56.054,-34.8569,1000,3,1,1720647718,1742626131,0
UMTS,748,1,132,1692515,0,-54.5199,-32.1825,14984,14,1,1720783060,1745385339,0
UMTS,748,1,110,1946558,0,-56.1604,-34.8446,1000,22,1,1720786566,1771220054,0
UMTS,748,1,132,1693059,0,-55.2223,-31.4345,5774,10,1,1720787687,1738908806,0
UMTS,748,1,135,1693196,0,-55.5124,-31.0137,1839,9,1,1720790387,1743659298,0
UMTS,748,1,135,1696108,0,-55.547,-30.9024,1000,3,1,1720792218,1739075707,0
UMTS,748,1,110,1926620,0,-56.1541,-34.799,1000,3,1,1720964217,1733639891,0
UMTS,748,1,110,1946638,0,-56.1346,-34.8188,1000,9,1,1720973969,1763096285,0
UMTS,748,1,110,1926639,0,-56.1371,-34.8288,1000,11,1,1720974869,1771396105,0
UMTS,748,1,124,1734570,0,-58.0105,-32.9506,1457,9,1,1721124829,1756439860,0
UMTS,748,1,132,1696058,0,-55.1042,-31.567,11078,22,1,1721240899,1745904185,0
GSM,748,1,25,4202,-1,-56.1659,-34.7903,1000,3,1,1721377165,1742366435,0
UMTS,748,1,110,1946578,0,-56.1445,-34.8333,1000,24,1,1721398927,1771824325,0
UMTS,748,1,110,1926548,0,-56.1083,-34.8286,1000,3,1,1721554061,1746425554,0
UMTS,748,10,19240,69019049,0,-56.7871,-34.3309,2568,13,1,1721631752,1751347157,0
UMTS,748,1,106,1858342,0,-56.0288,-34.8561,1000,2,1,1722327598,1773556930,0
UMTS,748,1,135,1693164,0,-55.5267,-30.9742,2592,7,1,1722332092,1743659286,0
UMTS,748,1,110,1926580,0,-56.1535,-34.8429,1169,17,1,1722341460,1775277140,0
UMTS,748,1,132,1696276,0,-54.1693,-32.3558,1000,4,1,1722351254,1744001525,0
UMTS,748,1,132,1695515,0,-54.5057,-32.1928,14222,10,1,1722353163,1745904452,0
UMTS,748,1,135,1696176,0,-55.4183,-31.1146,5158,8,1,1722413016,1745731200,0
UMTS,748,1,110,1926558,0,-56.1602,-34.8438,1000,23,1,1722515538,1778126203,0
UMTS,748,1,135,1696196,0,-55.5127,-31.0126,1822,8,1,1722576174,1739075723,0
UMTS,748,1,132,1693516,0,-54.3047,-32.3421,6508,10,1,1722589934,1744436686,0
UMTS,748,1,132,1693267,0,-54.132,-32.3769,1000,2,1,1722930713,1745904459,0
UMTS,748,1,122,1752632,0,-57.2654,-34.3094,7741,10,1,1723034005,1765947328,0
UMTS,748,1,124,1733840,0,-58.0424,-33.2901,5110,21,1,1723040538,1779597158,0
UMTS,748,1,108,1926418,0,-56.1586,-34.8847,1000,5,1,1723050354,1744263692,0
UMTS,748,1,107,1714693,0,-54.9184,-34.7832,1000,24,1,1723107258,1780029123,0
UMTS,748,1,107,1734693,0,-54.9182,-34.7844,1000,22,1,1723120836,1780115544,0
UMTS,748,1,132,1696275,0,-54.1664,-32.3629,1000,6,1,1723193572,1742710882,0
UMTS,748,1,132,1693278,0,-54.1916,-32.3686,1000,4,1,1723196413,1744001508,0
UMTS,748,1,132,1693385,0,-54.1255,-31.9641,1000,23,1,1723466283,1745385155,0
UMTS,748,1,132,1696394,0,-54.1611,-31.8714,1000,5,1,1723467183,1741586286,0
UMTS,748,1,132,1693396,0,-54.1645,-31.8695,1000,4,1,1723469883,1741070609,0
UMTS,748,1,132,1693394,0,-54.1621,-31.8712,1000,6,1,1723469013,1741586285,0
UMTS,748,1,132,1693386,0,-54.1412,-31.9469,1571,5,1,1723470891,1744521905,0
UMTS,748,1,180,1767350,0,-56.5235,-33.3688,1000,10,1,1723556961,1753336258,0
UMTS,748,1,110,1926570,0,-56.1696,-34.8446,1049,9,1,1723550193,1762058685,0
UMTS,748,1,107,1714493,0,-55.0935,-34.7463,3977,23,1,1723828671,1779165133,0
UMTS,748,1,117,1858292,0,-55.551,-34.7802,1000,6,1,1723810607,1763787518,0
UMTS,748,1,110,1946610,0,-56.1612,-34.8113,1000,2,1,1723814229,1738908599,0
UMTS,748,1,132,1693058,0,-55.1261,-31.5379,13148,9,1,1723831725,1745904213,0
UMTS,748,1,135,1693747,0,-55.2572,-31.3729,2123,4,1,1723832631,1743659300,0
UMTS,748,1,110,1946698,0,-56.1999,-34.8229,1000,4,1,1723874127,1754020807,0
GSM,748,10,9220,12079,-1,-56.1823,-34.9124,1000,2,1,1723899296,1752816660,0
GSM,748,10,9220,12078,-1,-56.1844,-34.8794,3080,2,1,1723901092,1735626074,0
UMTS,748,1,180,1723282,0,-56.5245,-33.3603,1551,6,1,1724056252,1753589248,0
UMTS,748,1,108,1946418,0,-56.1594,-34.8853,1000,4,1,1724146785,1749275532,0
UMTS,748,1,121,1734255,0,-54.9388,-34.8375,3705,15,1,1724234401,1775879934,0
UMTS,748,1,181,1734414,0,-56.1069,-34.506,2094,4,1,1724388675,1768111834,0
UMTS,748,1,122,1734613,0,-57.4401,-34.3335,5620,8,1,1724394792,1769494788,0
UMTS,748,1,135,1693109,0,-55.5441,-30.8976,1000,4,1,1724662137,1745731222,0
UMTS,748,10,19240,69067709,0,-55.3017,-34.8442,1000,3,1,1724816166,1752298536,0
UMTS,748,1,107,1734695,0,-54.921,-34.7712,4009,24,1,1724928588,1778903429,0
UMTS,748,1,107,1734493,0,-55.0989,-34.7484,3480,22,1,1724930409,1776918857,0
UMTS,748,1,116,1856462,0,-55.6716,-34.7496,5808,9,1,1724932215,1774067797,0
UMTS,748,1,110,1946699,0,-56.2028,-34.8287,1000,15,1,1724937642,1772260535,0
UMTS,748,1,110,1946680,0,-56.1998,-34.8159,1000,3,1,1724938560,1758180299,0
UMTS,748,1,110,1714943,0,-56.221,-34.8046,1000,6,1,1724939836,1740638750,0
UMTS,748,1,110,1734945,0,-56.2248,-34.8037,1000,13,1,1724942734,1742106670,0
UMTS,748,1,110,1714923,0,-56.2389,-34.8049,1000,6,1,1724945647,1734505551,0
UMTS,748,1,110,1734925,0,-56.2483,-34.7946,1081,8,1,1724946510,1737096092,0
UMTS,748,1,110,1714945,0,-56.224,-34.8042,1000,8,1,1724947494,1741675202,0
UMTS,748,1,110,1734875,0,-56.2543,-34.7815,1207,5,1,1724947611,1738391536,0
UMTS,748,1,116,1857982,0,-55.8457,-34.776,1000,7,1,1724950331,1771396199,0
UMTS,748,1,107,1714494,0,-55.1677,-34.7742,9965,22,1,1724953037,1773895982,0
UMTS,748,1,107,1714694,0,-54.9225,-34.7906,1000,12,1,1724986410,1772606244,0
UMTS,748,1,107,1734694,0,-54.9232,-34.79,1000,12,1,1724985498,1777177901,0
UMTS,748,1,110,1946700,0,-56.2098,-34.8204,1000,10,1,1725023456,1771656233,0
UMTS,748,1,110,1946650,0,-56.1927,-34.8311,1000,15,1,1725024357,1761025887,0
UMTS,748,1,110,1926698,0,-56.1971,-34.8224,1876,8,1,1725114526,1777521359,0
UMTS,748,1,116,1876773,0,-55.7209,-34.7615,1000,10,1,1725211032,1768111722,0
UMTS,748,1,116,1856773,0,-55.7202,-34.7616,1000,12,1,1725207432,1768111639,0
UMTS,748,10,19220,68906408,0,-56.1887,-34.8687,1000,6,1,1725309680,1734677743,0
UMTS,748,1,121,1714253,0,-54.9457,-34.8638,2913,20,1,1725375301,1780461055,0
UMTS,748,1,180,1723291,0,-56.5249,-33.3818,1000,4,1,1725369618,1753589245,0
UMTS,748,1,180,1743282,0,-56.524,-33.358,1000,6,1,1725432922,1752125260,0
UMTS,748,10,19240,69028594,0,-56.2484,-34.6387,1000,11,1,1725434232,1750740391,0
UMTS,748,1,124,1734794,0,-58.0316,-33.2209,1000,2,1,1725455940,1755143915,0
UMTS,748,1,124,1735054,0,-58.0748,-33.4888,15393,14,1,1725459951,1774670070,0
UMTS,748,1,110,1734975,0,-56.2241,-34.7925,1208,5,1,1725463674,1737010043,0
UMTS,748,1,110,1734874,0,-56.2474,-34.794,1403,5,1,1725464613,1738219001,0
UMTS,748,1,110,1946689,0,-56.2101,-34.8315,1000,21,1,1725466509,1773211190,0
UMTS,748,1,107,1714695,0,-54.9209,-34.7709,3669,26,1,1725469131,1777348475,0
UMTS,748,1,110,1926578,0,-56.1463,-34.8335,1049,22,1,1725514189,1776918618,0
UMTS,748,1,117,1860912,0,-55.1896,-34.7789,1636,7,1,1725621636,1774500721,0
UMTS,748,1,135,1696174,0,-55.3794,-31.1717,2971,8,1,1725632357,1743659284,0
UMTS,748,1,110,1946678,0,-56.1897,-34.8144,1000,6,1,1725636099,1762231820,0
UMTS,748,1,135,1693118,0,-55.5376,-30.8973,1000,5,1,1725638724,1738908791,0
UMTS,748,1,110,1734854,0,-56.1768,-34.7939,1000,3,1,1725636981,1739515844,0
UMTS,748,1,124,1715054,0,-58.141,-33.5012,13657,12,1,1725866448,1773982321,0
UMTS,748,1,124,1715053,0,-57.9139,-33.4873,4718,9,1,1725868199,1770360749,0
UMTS,748,1,110,1926470,0,-56.1458,-34.851,1070,4,1,1725871478,1760068741,0
UMTS,748,10,19240,69019076,0,-56.8945,-34.2096,3823,6,1,1725874455,1748583400,0
UMTS,748,10,19730,68973435,0,-57.091,-34.0054,8296,8,1,1725875370,1750914700,0
UMTS,748,1,110,1714925,0,-56.2493,-34.7955,1000,3,1,1725884992,1737703531,0
UMTS,748,1,110,1734974,0,-56.2242,-34.8018,1000,4,1,1725888047,1734933679,0
UMTS,748,1,110,1714944,0,-56.2215,-34.8086,1000,8,1,1725889130,1740638788,0
UMTS,748,10,19730,68963569,0,-57.973,-33.5158,4088,4,1,1725893531,1752643892,0
UMTS,748,10,19730,68982349,0,-58.2123,-33.5242,2213,12,1,1725904475,1752643894,0
UMTS,748,1,110,1714955,0,-56.2133,-34.8049,1000,9,1,1725897233,1738046053,0
UMTS,748,1,110,1714954,0,-56.2128,-34.8094,1000,12,1,1725898149,1740725234,0
UMTS,748,10,19730,68992307,0,-58.2267,-33.5394,7085,6,1,1725906336,1740552375,0
UMTS,748,10,19730,68992349,0,-58.2132,-33.535,1153,11,1,1725983799,1752643904,0
UMTS,748,1,124,1735063,0,-57.8931,-33.488,3639,5,1,1725972295,1770360752,0
UMTS,748,1,122,1714605,0,-57.4481,-34.3656,1384,5,1,1726061053,1779856348,0
UMTS,748,1,124,1753840,0,-58.0511,-33.2907,3102,26,1,1726067776,1778126206,0
UMTS,748,10,19730,68953438,0,-57.647,-33.6295,4219,7,1,1726067951,1752643889,0
UMTS,748,1,121,1733062,0,-54.9539,-34.9151,1000,8,1,1726128346,1777005265,0
UMTS,748,10,19240,69038592,0,-57.2347,-34.306,1000,4,1,1726145755,1746253489,0
UMTS,748,10,19240,69059311,0,-57.3552,-34.3139,1085,12,1,1726165617,1751607630,0
UMTS,748,1,110,1926678,0,-56.1924,-34.8142,1000,8,1,1726222197,1762836522,0
UMTS,748,10,19240,69018487,0,-56.9164,-34.1813,6033,7,1,1726229888,1750914691,0
UMTS,748,10,19240,69039049,0,-56.8459,-34.2669,6590,10,1,1726230743,1749275535,0
UMTS,748,1,116,1858623,0,-55.7189,-34.7533,1000,3,1,1726245642,1766296245,0
UMTS,748,10,19240,69018594,0,-56.2565,-34.6227,1039,8,1,1726247364,1748669852,0
UMTS,748,1,124,1735652,0,-58.057,-33.2478,1000,3,1,1726305590,1757736218,0
UMTS,748,1,110,1926708,0,-56.2381,-34.8173,1000,3,1,1726467425,1741761896,0
UMTS,748,1,110,1714874,0,-56.2559,-34.7937,1139,4,1,1726470799,1734933674,0
UMTS,748,1,110,1734954,0,-56.2125,-34.8108,1080,12,1,1726472628,1741070634,0
UMTS,748,1,124,1715652,0,-58.057,-33.2479,1000,3,1,1726490708,1742106612,0
UMTS,748,10,19240,69019325,0,-57.0063,-34.3282,2599,5,1,1726492021,1746253521,0
UMTS,748,1,117,1860853,0,-55.2537,-34.7899,2548,17,1,1726494531,1777607290,0
UMTS,748,1,123,1714983,0,-57.5851,-32.374,3180,3,1,1726497954,1764392263,0
UMTS,748,1,129,1926458,0,-56.1784,-34.904,1000,9,1,1726673217,1754020748,0
UMTS,748,1,110,1946709,0,-56.2253,-34.8241,1000,5,1,1726849152,1740725198,0
UMTS,748,1,121,1752770,0,-54.9934,-34.8758,3663,13,1,1726855350,1754970822,0
UMTS,748,10,19240,69047558,0,-56.1446,-34.7405,1080,7,1,1726916510,1751694185,0
UMTS,748,1,107,1753798,0,-55.0807,-34.8693,1000,2,1,1727072555,1754107380,0
UMTS,748,10,19240,69029076,0,-56.8777,-34.3094,5095,8,1,1727075450,1751088423,0
UMTS,748,10,19240,69029325,0,-57.0503,-34.3569,1000,5,1,1727076367,1735972977,0
UMTS,748,1,107,1734494,0,-55.1726,-34.7845,8367,22,1,1727077966,1774583667,0
UMTS,748,10,19240,69018592,0,-57.2301,-34.2799,1000,2,1,1727080023,1742453029,0
UMTS,748,10,19240,69048592,0,-57.2295,-34.2847,1000,4,1,1727080934,1746253471,0
UMTS,748,1,122,1735133,0,-56.6446,-34.321,4863,12,1,1727115572,1763441589,0
UMTS,748,1,132,1696514,0,-54.1657,-32.2511,5017,6,1,1727099731,1742021663,0
UMTS,748,1,132,1696515,0,-54.1633,-32.3047,1000,2,1,1727105191,1740898254,0
UMTS,748,10,19730,68973769,0,-57.8402,-34.4641,1000,7,1,1727168819,1752212109,0
UMTS,748,10,19730,68981862,0,-57.8399,-34.4651,3567,11,1,1727202156,1752212128,0
UMTS,748,1,122,1715143,0,-56.6767,-34.3432,2000,22,1,1727238195,1779424319,0
UMTS,748,10,19730,68961862,0,-57.8437,-34.4705,1000,4,1,1727243630,1752212121,0
UMTS,748,10,19730,68991862,0,-57.8452,-34.4714,1000,3,1,1727255348,1751436185,0
UMTS,748,10,19730,68973579,0,-57.9369,-34.1098,6025,3,1,1727269974,1752730394,0
UMTS,748,10,19730,68992208,0,-58.2828,-34.0026,1000,6,1,1727288112,1751001846,0
UMTS,748,10,19730,68962208,0,-58.2823,-34.0033,1000,6,1,1727374662,1751001607,0
UMTS,748,1,122,1735143,0,-56.6729,-34.3406,1863,21,1,1727355455,1775536298,0
UMTS,748,1,117,1860854,0,-55.2327,-34.7825,1813,21,1,1727359375,1779165140,0
UMTS,748,1,117,1857043,0,-55.4766,-34.7806,1000,9,1,1727360275,1773982434,0
UMTS,748,1,116,1877264,0,-55.8719,-34.7812,1689,14,1,1727368409,1777264143,0
UMTS,748,10,19730,68982165,0,-58.3344,-33.9543,1000,2,1,1727423445,1740034121,0
UMTS,748,10,19730,68993781,0,-58.4128,-33.88,1302,5,1,1727422504,1751001803,0
UMTS,748,10,19730,68952208,0,-58.2836,-33.992,1000,5,1,1727426162,1750914784,0
UMTS,748,10,19730,68992234,0,-58.4055,-33.8715,1513,10,1,1727432545,1751088254,0
UMTS,748,10,19730,68993774,0,-58.4099,-33.8738,1305,8,1,1727441546,1751001889,0
UMTS,748,10,19240,69057734,0,-56.5316,-34.4069,1376,9,1,1727458134,1751088432,0
UMTS,748,10,19240,69057558,0,-56.1495,-34.7201,1902,13,1,1727521466,1751347076,0
UMTS,748,1,110,1715074,0,-56.2572,-34.829,1000,3,1,1727624782,1742626164,0
GSM,748,1,41,50363,-1,-55.8041,-34.4111,8474,6,1,1727681076,1734505744,0
UMTS,748,1,110,1735155,0,-56.2758,-34.8349,1000,4,1,1727703108,1733812996,0
UMTS,748,10,19730,68972885,0,-57.167,-33.7565,6462,4,1,1727706085,1752730503,0
UMTS,748,10,19730,68952885,0,-57.0354,-33.6422,5477,3,1,1727706873,1748059461,0
UMTS,748,10,19730,69002212,0,-56.9003,-33.5143,1000,8,1,1727720462,1752816397,0
UMTS,748,1,110,1734844,0,-56.2275,-34.8092,1000,3,1,1727761210,1740033895,0
UMTS,748,10,19730,68992212,0,-56.8951,-33.5253,1209,7,1,1727766395,1752816654,0
UMTS,748,10,19730,68982212,0,-56.883,-33.5115,5143,5,1,1727774529,1752816574,0
UMTS,748,10,19730,68952212,0,-56.886,-33.5145,4062,6,1,1727771851,1745558918,0
UMTS,748,1,110,1926699,0,-56.202,-34.8274,1000,18,1,1727794009,1780115584,0
UMTS,748,10,19730,68973514,0,-58.0138,-32.3451,3746,3,1,1727965115,1738391495,0
UMTS,748,1,117,1878292,0,-55.5495,-34.7807,1000,12,1,1727963668,1773815702,0
GSM,748,1,25,1073,-1,-56.1116,-34.7595,5267,3,1,1727966125,1741416769,0
UMTS,748,10,19730,68962217,0,-58.0707,-32.3196,1000,18,1,1727969585,1753417960,0
UMTS,748,1,122,1735134,0,-56.609,-34.3641,5357,8,1,1728020294,1774583652,0
UMTS,748,1,132,1696269,0,-54.1556,-32.3799,1043,4,1,1728032031,1741675162,0
UMTS,748,10,19240,69067851,0,-56.0937,-34.632,4103,11,1,1728051365,1749275542,0
UMTS,748,10,19240,69067535,0,-56.1351,-34.7587,1165,7,1,1728106659,1742883518,0
UMTS,748,1,110,1714933,0,-56.1625,-34.8112,1038,4,1,1728276272,1739270201,0
UMTS,748,10,19730,68952218,0,-58.0481,-32.3201,1000,4,1,1728291387,1753763008,0
UMTS,748,10,19730,68962219,0,-58.0639,-32.3072,2231,8,1,1728292285,1753336286,0
UMTS,748,1,110,1714924,0,-56.2534,-34.8027,1000,2,1,1728294265,1738045996,0
UMTS,748,10,19220,68936418,0,-56.233,-34.8295,1000,5,1,1728303472,1737787463,0
UMTS,748,1,132,1693044,0,-54.7473,-31.7231,1000,2,1,1728301807,1737528072,0
UMTS,748,10,19730,68972188,0,-58.067,-32.3274,1000,2,1,1728314873,1733986739,0
UMTS,748,1,132,1696417,0,-54.1263,-31.9334,5130,7,1,1728313753,1743917278,0
UMTS,748,1,123,1734985,0,-57.6153,-32.3704,1120,3,1,1728351148,1764392191,0
UMTS,748,1,123,1734983,0,-57.5917,-32.3745,3160,4,1,1728352048,1764392261,0
UMTS,748,1,110,1926728,0,-56.2213,-34.8365,1029,13,1,1728364089,1771656248,0
UMTS,748,1,104,1566033,0,-56.1112,-33.25,3319,25,1,1728367914,1734505728,0
UMTS,748,1,104,1563033,0,-56.1085,-33.2516,3004,25,1,1728369581,1734505687,0
UMTS,748,1,110,1926628,0,-56.164,-34.7833,1041,3,1,1728374489,1738046001,0
UMTS,748,1,121,1734253,0,-54.9444,-34.8579,1860,13,1,1728377617,1776311456,0
UMTS,748,1,110,1946639,0,-56.1364,-34.8284,1056,9,1,1728378279,1772174243,0
UMTS,748,10,19730,68963503,0,-58.0773,-32.306,1350,8,1,1728398662,1753336365,0
UMTS,748,10,19730,68953503,0,-58.078,-32.2732,2095,7,1,1728401372,1738908729,0
GSM,748,1,41,5453,-1,-56.1155,-34.6833,1503,3,1,1728487106,1741762001,0
UMTS,748,1,117,1880854,0,-55.2306,-34.7786,6236,20,1,1728578832,1773982372,0
UMTS,748,10,19730,68973356,0,-57.9631,-31.3865,1000,4,1,1728913640,1747288416,0
UMTS,748,1,123,1734544,0,-57.4532,-32.2917,1000,2,1,1728906691,1735452767,0
UMTS,748,1,123,1734745,0,-57.1936,-32.3532,1000,2,1,1728909521,1733639885,0
UMTS,748,10,19730,68952232,0,-57.9569,-31.3814,1000,3,1,1728972264,1753849642,0
UMTS,748,10,19730,68962232,0,-57.9539,-31.3851,1000,9,1,1729099252,1754020638,0
UMTS,748,10,19730,68952956,0,-57.9418,-31.3844,1000,11,1,1729003819,1754020727,0
UMTS,748,10,19730,68972259,0,-57.4648,-30.4129,1830,2,1,1729066368,1737703463,0
UMTS,748,10,19730,69002242,0,-57.5997,-30.2599,1000,5,1,1729087198,1754020872,0
UMTS,748,10,19730,68962956,0,-57.9487,-31.3895,1440,8,1,1729227664,1754020635,0
UMTS,748,10,19730,68972233,0,-57.904,-31.3857,1000,2,1,1729230377,1753849726,0
UMTS,748,10,19730,68962910,0,-57.8916,-31.6619,1000,2,1,1729234972,1734677692,0
UMTS,748,1,110,1734944,0,-56.2216,-34.8085,1000,10,1,1729502831,1742106670,0
UMTS,748,1,110,1715154,0,-56.2539,-34.8506,2124,2,1,1729573003,1735452749,0
UMTS,748,1,137,1738131,0,-58.0437,-33.9016,1871,7,1,1729580247,1734072081,0
UMTS,748,1,110,1735104,0,-56.2845,-34.8273,1000,2,1,1729582824,1737703538,0
UMTS,748,1,137,1718131,0,-58.0494,-33.901,1000,5,1,1729583976,1734072075,0
UMTS,748,1,110,1715155,0,-56.2761,-34.8332,1000,2,1,1729583701,1734933669,0
UMTS,748,1,110,1735153,0,-56.2692,-34.831,1000,3,1,1729584604,1742288202,0
UMTS,748,1,106,1880894,0,-56.0325,-34.8758,1000,3,1,1729598467,1753504166,0
UMTS,748,10,19220,68926493,105,-56.0944,-34.8901,1000,5,1,1729685886,1742590327,0
UMTS,748,1,132,1696286,0,-54.1718,-32.3697,1000,4,1,1729702378,1745385330,0
UMTS,748,1,110,1946499,0,-56.1582,-34.8552,1000,5,1,1729758235,1755144036,0
UMTS,748,1,110,1926648,0,-56.1821,-34.8264,1069,4,1,1729863192,1754625626,0
UMTS,748,1,110,1946648,0,-56.1784,-34.8244,1000,3,1,1729864450,1763096284,0
UMTS,748,1,110,1926640,0,-56.1484,-34.8188,1000,5,1,1730037917,1760068817,0
UMTS,748,1,110,1714973,0,-56.2173,-34.8017,1000,2,1,1730099315,1734933675,0
UMTS,748,1,110,1926690,0,-56.2091,-34.8263,1000,16,1,1730100228,1780028949,0
UMTS,748,1,110,1946688,0,-56.2051,-34.8284,1000,13,1,1730135511,1773211086,0
UMTS,748,1,110,1926688,0,-56.2049,-34.8279,1000,20,1,1730140011,1780460944,0
UMTS,748,10,19730,68972351,0,-55.9816,-31.7124,1000,12,1,1730123196,1749795139,0
UMTS,748,10,19730,68983593,0,-55.9829,-31.7127,1118,10,1,1730225994,1749795217,0
UMTS,748,1,110,1926689,0,-56.2107,-34.8319,1000,21,1,1730202301,1780374608,0
UMTS,748,1,110,1714855,0,-56.1928,-34.8057,1000,3,1,1730267226,1738908586,0
UMTS,748,1,117,1855263,0,-55.2976,-34.8542,1000,4,1,1730279945,1753762847,0
UMTS,748,1,117,1875263,0,-55.2943,-34.8551,1000,3,1,1730287167,1753589131,0
UMTS,748,1,124,1735064,0,-57.9757,-33.3417,3943,5,1,1730305959,1770360739,0
UMTS,748,1,117,1877314,0,-55.2833,-34.8617,1232,5,1,1730356653,1776138412,0
UMTS,748,1,117,1876643,0,-55.2791,-34.8556,1000,3,1,1730377346,1776138409,0
UMTS,748,1,117,1877312,0,-55.2837,-34.8644,1182,2,1,1730450416,1737352129,0
UMTS,748,1,110,1926739,0,-56.2164,-34.8335,1000,11,1,1730442509,1778817040,0
UMTS,748,1,117,1857312,0,-55.2851,-34.8618,1577,3,1,1730463049,1753589136,0
UMTS,748,1,105,1714625,0,-54.5257,-34.659,5751,4,1,1730493591,1740206713,0
UMTS,748,1,123,1715034,0,-57.852,-32.5129,5807,7,1,1730503687,1779078644,0
UMTS,748,1,110,1734955,0,-56.2142,-34.805,1000,7,1,1730562851,1736923174,0
UMTS,748,1,110,1926740,0,-56.2211,-34.8295,1000,17,1,1730563756,1780460956,0
UMTS,748,1,105,1734264,0,-54.1462,-34.5794,3505,2,1,1730655967,1768890462,0
UMTS,748,1,117,1880853,0,-55.2516,-34.7887,1645,15,1,1730664131,1779165114,0
UMTS,748,10,19220,68906530,0,-56.1218,-34.8427,1074,5,1,1730703995,1734159073,0
UMTS,748,1,110,1926700,0,-56.2096,-34.8211,1000,4,1,1730755296,1752643851,0
UMTS,748,1,110,1926148,0,-56.2202,-34.8158,1000,7,1,1730759948,1743229353,0
GSM,748,1,2,3283,-1,-56.0581,-34.8666,2370,2,1,1730789134,1734591274,0
UMTS,748,1,110,1735154,0,-56.2624,-34.8507,2729,3,1,1730843817,1739343095,0
UMTS,748,1,110,1946728,0,-56.2199,-34.8371,1000,9,1,1730881959,1756266729,0
UMTS,748,1,122,1715134,0,-56.6019,-34.3732,8376,12,1,1730982404,1776918785,0
UMTS,748,1,117,1880852,0,-55.2021,-34.796,2540,2,1,1730992432,1754452435,0
UMTS,748,1,137,1723760,0,-56.9309,-34.1627,1416,4,1,1731045653,1775706674,0
UMTS,748,1,137,1743698,0,-57.073,-34.0124,5661,3,1,1731055690,1763441617,0
UMTS,748,10,19240,69057851,0,-56.0739,-34.6495,1202,13,1,1731130000,1751694186,0
UMTS,748,1,132,1696384,0,-54.1039,-31.9603,7496,16,1,1731136958,1745125568,0
UMTS,748,1,132,1693384,0,-54.1043,-31.9594,2815,18,1,1731167637,1745297956,0
UMTS,748,10,19220,68906458,430,-56.1115,-34.8937,715,25,1,1731316414,1743314762,0
UMTS,748,10,19240,69069298,0,-56.219,-34.0981,1000,4,1,1731341102,1743229282,0
UMTS,748,10,19240,69067821,0,-56.2156,-34.0984,1000,2,1,1731345560,1738651246,0
UMTS,748,1,121,1714255,0,-54.94,-34.8393,3536,22,1,1731350355,1779769934,0
UMTS,748,10,19240,69059298,0,-56.2173,-34.1025,1000,3,1,1731403493,1745646087,0
UMTS,748,1,124,1753832,0,-57.6421,-32.9617,8441,3,1,1731476549,1778730690,0
UMTS,748,1,110,1946690,0,-56.2103,-34.8269,1184,17,1,1731506890,1755835115,0
UMTS,748,1,110,1734973,0,-56.2155,-34.8007,1000,2,1,1731567113,1734933675,0
UMTS,748,10,19240,69027696,0,-57.3547,-34.3132,1000,6,1,1731650702,1751522330,0
UMTS,748,1,132,1693296,0,-54.167,-32.3795,1000,6,1,1731693606,1742626245,0
UMTS,748,1,123,1735035,0,-57.8883,-32.5461,1000,3,1,1731751118,1733899699,0
UMTS,748,1,123,1715035,0,-57.8639,-32.5355,8151,5,1,1731752018,1777953016,0
GSM,748,10,9403,14030,-1,-55.7695,-34.6766,2087,2,1,1731832009,1744001643,0
GSM,748,10,9403,34020,-1,-55.5258,-34.6957,1715,2,1,1731831101,1744001643,0
GSM,748,10,9507,15663,-1,-55.2381,-34.7833,1000,2,1,1731800571,1744001641,0
GSM,748,10,9507,35102,-1,-55.0728,-34.7422,3127,2,1,1731801475,1744001641,0
GSM,748,10,9507,25102,-1,-55.0312,-34.7344,1000,2,1,1731801475,1744001641,0
GSM,748,10,9509,25197,-1,-54.8348,-34.7825,1000,2,1,1731802487,1744001583,0
GSM,748,10,9509,35197,-1,-54.7969,-34.7727,3242,2,1,1731826878,1744001583,0
GSM,748,10,9509,21000,-1,-54.9881,-34.7725,13644,2,1,1731802487,1744001580,0
GSM,748,10,9509,25062,-1,-54.8348,-34.7825,1000,2,1,1731802487,1744001583,0
GSM,748,10,9509,15197,-1,-54.7211,-34.7592,3884,2,1,1731826878,1744001584,0
GSM,748,10,9509,15062,-1,-54.8348,-34.7825,1000,2,1,1731802487,1744001583,0
GSM,748,10,9509,25103,-1,-54.647,-34.7367,4432,2,1,1731803367,1744001584,0
GSM,748,10,9509,15099,-1,-54.4358,-34.603,4936,2,1,1731825075,1744001586,0
GSM,748,10,9509,15392,-1,-54.314,-34.4958,4059,2,1,1731824153,1744001587,0
GSM,748,10,9509,25392,-1,-54.314,-34.4958,4059,2,1,1731824153,1744001587,0
GSM,748,10,9509,35081,-1,-54.3092,-34.4812,1195,2,1,1731805174,1744001587,0
GSM,748,10,9509,25081,-1,-54.3235,-34.4968,3345,2,1,1731805174,1744001587,0
GSM,748,10,9509,33232,-1,-53.8971,-34.3057,10465,2,1,1731822353,1744001636,0
GSM,748,10,9509,33209,-1,-53.9865,-34.3926,8029,2,1,1731823253,1744001636,0
GSM,748,10,9509,13209,-1,-53.9253,-34.325,12057,2,1,1731806979,1744001593,0
GSM,748,10,9509,33208,-1,-54.314,-34.4958,4059,2,1,1731824153,1744001589,0
GSM,748,10,9509,25181,-1,-54.2997,-34.4801,2006,2,1,1731824153,1744001587,0
GSM,748,10,9509,35392,-1,-54.3727,-34.5455,3705,2,1,1731825075,1744001638,0
UMTS,748,1,132,1696396,0,-54.1656,-31.8667,1000,3,1,1731861405,1744521902,0
UMTS,748,1,110,1926709,0,-56.2269,-34.8273,1160,4,1,1731912680,1742626185,0
UMTS,748,1,110,1926149,0,-56.2328,-34.8228,1489,5,1,1731934445,1742288295,0
UMTS,748,1,110,1926730,0,-56.2262,-34.8319,1000,5,1,1732175505,1748059391,0
UMTS,748,1,123,1735044,0,-57.7445,-32.5417,17402,10,1,1732197700,1779165116,0
UMTS,748,1,121,1752650,0,-54.9579,-34.9052,1000,2,1,1732220398,1772692708,0
UMTS,748,1,123,1714984,0,-57.6574,-32.4868,11819,5,1,1732270807,1777434254,0
UMTS,748,10,19240,69037535,0,-56.1077,-34.7863,1000,2,1,1732267128,1743483608,0
UMTS,748,1,124,1753312,0,-57.9965,-32.6989,1000,2,1,1732356588,1747025518,0
UMTS,748,1,121,1752930,0,-55.001,-34.8989,1757,5,1,1732373815,1768373097,0
UMTS,748,1,121,1752622,0,-55.0457,-34.9133,1000,4,1,1732374755,1768373103,0
UMTS,748,1,117,1876752,0,-55.2737,-34.8841,1000,3,1,1732519917,1737352135,0
UMTS,748,10,19730,68961878,0,-58.2723,-34.0052,1643,2,1,1732542967,1740811332,0
UMTS,748,1,117,1856702,0,-55.2057,-34.8891,1155,10,1,1732606514,1734677625,0
UMTS,748,1,110,1926650,0,-56.1931,-34.833,1000,12,1,1732603972,1761280406,0
UMTS,748,1,110,1734924,0,-56.2537,-34.8064,1000,2,1,1732605065,1737703534,0
UMTS,748,1,117,1876702,0,-55.2064,-34.8888,1000,10,1,1732613723,1734677651,0
UMTS,748,1,117,1855673,0,-55.246,-34.9009,1105,6,1,1732608289,1734763813,0
UMTS,748,1,107,1756771,0,-55.1385,-34.865,1000,7,1,1732614638,1754712897,0
UMTS,748,1,110,1926569,0,-56.1747,-34.8478,1000,5,1,1732627598,1754797502,0
UMTS,748,10,19730,68962987,0,-58.3704,-33.9314,1674,4,1,1732632806,1751001884,0
UMTS,748,1,110,1946738,0,-56.2196,-34.8279,1000,22,1,1732694299,1772779310,0
UMTS,748,10,19730,69002349,0,-58.2469,-33.5552,1726,2,1,1732807829,1734763604,0
UMTS,748,10,19730,68962378,0,-58.3323,-33.664,2064,4,1,1732808750,1735022180,0
UMTS,748,10,19240,69038612,0,-56.1364,-34.7997,1000,8,1,1733116420,1751949825,0
UMTS,748,10,19730,68963442,0,-58.0925,-33.1869,5604,5,1,1733150325,1734933652,0
UMTS,748,10,19730,68962967,0,-58.2976,-33.1286,1000,5,1,1733151308,1748496920,0
UMTS,748,10,19730,69002226,0,-58.3127,-33.1161,1000,7,1,1733163937,1748496763,0
UMTS,748,1,123,1715033,0,-57.8864,-32.5877,11708,14,1,1733156790,1779510751,0
UMTS,748,10,19730,69002396,0,-58.3126,-33.1161,1000,7,1,1733249706,1748496731,0
GSM,748,10,9403,24030,-1,-55.9426,-34.7258,6216,3,1,1733231662,1742791311,0
UMTS,748,1,121,1752811,0,-54.9906,-34.9019,1000,2,1,1733238724,1766554608,0
UMTS,748,10,19730,68972226,0,-58.3036,-33.1237,1000,6,1,1733239806,1748496916,0
UMTS,748,10,19220,68886489,0,-56.2058,-34.8649,1000,2,1,1733294601,1734591256,0
UMTS,748,10,19730,68992376,0,-58.3375,-33.1195,1000,2,1,1733309588,1748496983,0
UMTS,748,10,19730,68973442,0,-58.2049,-33.1673,1000,4,1,1733318639,1748497003,0
UMTS,748,10,19730,68953773,0,-58.0267,-33.2456,1782,10,1,1733319610,1749275282,0
UMTS,748,1,121,1734254,0,-54.9485,-34.8679,1520,5,1,1733321642,1775536368,0
UMTS,748,1,124,1733832,0,-57.612,-32.9464,10013,6,1,1733332027,1777723358,0
UMTS,748,10,19730,68982967,0,-58.2808,-33.1484,1000,2,1,1733375840,1741761935,0
UMTS,748,10,19730,68953772,0,-58.0385,-33.2172,1475,3,1,1733381329,1735022235,0
UMTS,748,1,137,1734733,0,-58.0063,-33.9244,23242,6,1,1733415586,1763614448,0
UMTS,748,10,19730,68963773,0,-58.028,-33.2492,1000,5,1,1733391300,1749202213,0
UMTS,748,1,123,1723681,0,-56.9297,-33.0793,1252,25,1,1733401570,1759551098,0
UMTS,748,10,19730,68963771,0,-58.0267,-33.255,1000,2,1,1733407525,1749016959,0
UMTS,748,1,137,1723431,0,-58.0446,-33.8892,1000,2,1,1733443768,1733899969,0
UMTS,748,10,19730,68982170,0,-58.0548,-33.3047,2149,3,1,1733463482,1749202296,0
UMTS,748,10,19730,68962985,0,-58.1583,-33.4534,6978,8,1,1733464389,1749202307,0
UMTS,748,1,110,1946148,0,-56.2202,-34.8179,1000,8,1,1733483216,1743483625,0
UMTS,748,1,117,1876653,0,-55.2712,-34.8668,1000,2,1,1733568240,1734159074,0
GSM,748,1,42,50273,-1,-56.0933,-34.6938,3625,3,1,1733600403,1737441522,0
UMTS,748,1,181,1766600,0,-56.1849,-34.5621,1000,2,1,1733611644,1769669194,0
UMTS,748,1,110,1946739,0,-56.2158,-34.8332,1000,9,1,1733729351,1754452476,0
GSM,748,10,9621,14028,-1,-56.0322,-34.8704,3485,14,1,1733740723,1760512208,0
UMTS,748,1,137,1767740,0,-58.041,-33.887,1000,3,1,1733768709,1733986668,0
UMTS,748,1,107,1753489,0,-55.0375,-34.8554,1000,1,1,1733750113,1733750113,0
UMTS,748,1,107,1733848,0,-55.2002,-34.8806,3967,7,1,1733760946,1779942729,0
UMTS,748,10,19240,69029329,0,-56.7614,-34.5175,1000,1,1,1733751105,1733751105,0
UMTS,748,10,19730,68963435,0,-57.0105,-34.0883,3502,9,1,1733759517,1749275534,0
UMTS,748,10,19220,68896453,0,-56.2217,-34.8432,1000,1,1,1733761358,1733761358,0
UMTS,748,1,124,1735273,0,-57.9757,-32.6369,3938,10,1,1733761564,1747467667,0
UMTS,748,1,107,1752760,0,-55.0343,-34.8445,1000,2,1,1733761846,1734505735,0
UMTS,748,1,137,1714733,0,-58.038,-33.8851,1000,3,1,1733762404,1733986665,0
UMTS,748,1,112,1753160,0,-54.9341,-34.9532,1000,7,1,1733854771,1734763567,0
UMTS,748,1,112,1733160,0,-54.9342,-34.9532,1000,2,1,1733852966,1734763656,0
UMTS,748,1,137,1753420,0,-58.0381,-33.8851,1000,1,1,1733799478,1733799478,0
GSM,748,1,25,1333,-1,-56.2633,-34.7457,1000,1,1,1733813896,1733813896,0
GSM,748,1,42,1062,-1,-56.2359,-34.7213,1000,1,1,1733826731,1733826731,0
UMTS,748,10,19730,68953442,0,-58.0398,-33.0643,1068,2,1,1733834110,1735107978,0
UMTS,748,10,19730,68982268,0,-57.9872,-32.9918,1000,1,1,1733835000,1733835000,0
UMTS,748,10,19730,68952958,0,-57.9784,-32.9172,1000,3,1,1733835921,1734849358,0
UMTS,748,10,19730,68963042,0,-57.9678,-32.724,2090,4,1,1733836853,1735107987,0
UMTS,748,1,124,1715003,0,-58.0931,-33.1197,8156,23,1,1733839195,1779683432,0
UMTS,748,1,112,1766140,0,-54.9358,-34.9516,1000,1,1,1733889037,1733889037,0
UMTS,748,1,124,1735005,0,-58.1186,-33.1804,4322,22,1,1733892400,1779510807,0
UMTS,748,1,124,1715005,0,-58.1258,-33.19,25487,23,1,1733905074,1778212403,0
UMTS,748,1,107,1753848,0,-55.2007,-34.8862,1000,4,1,1733915232,1734591295,0
UMTS,748,1,110,1714975,0,-56.2199,-34.7956,1000,1,1,1733986760,1733986760,0
UMTS,748,1,117,1857352,0,-55.2424,-34.9002,1000,3,1,1734019082,1734328858,0
UMTS,748,1,117,1877352,0,-55.2432,-34.8995,1000,4,1,1734018182,1734424289,0
UMTS,748,1,117,1857353,0,-55.2589,-34.8945,1000,1,1,1734006419,1734006419,0
UMTS,748,1,122,1732631,0,-57.2366,-34.3144,2721,8,1,1734027952,1779165138,0
UMTS,748,1,122,1752631,0,-57.2386,-34.3093,1000,5,1,1734027051,1734424025,0
UMTS,748,1,117,1855672,0,-55.2567,-34.899,1000,3,1,1734072322,1737352128,0
UMTS,748,1,117,1875673,0,-55.2414,-34.9016,1112,5,1,1734098512,1734591292,0
GSM,748,1,27,1966,-1,-56.07,-34.7182,1000,1,1,1734114978,1734114978,0
GSM,748,1,27,1582,-1,-56.07,-34.7182,1000,1,1,1734114978,1734114978,0
UMTS,748,1,121,1752952,0,-54.9755,-34.9172,1000,1,1,1734145447,1734145447,0
UMTS,748,1,117,1876703,0,-55.2221,-34.8939,1040,5,1,1734188865,1734677678,0
UMTS,748,1,117,1876332,0,-55.2794,-34.8805,1000,1,1,1734169863,1734169863,0
UMTS,748,10,19240,69018612,0,-56.137,-34.8062,1000,6,1,1734173377,1749977526,0
UMTS,748,1,121,1732801,0,-54.962,-34.9274,1000,1,1,1734232138,1734232138,0
UMTS,748,1,107,1753768,0,-55.233,-34.901,1000,1,1,1734255737,1734255737,0
UMTS,748,1,107,1753030,0,-55.0256,-34.7946,1000,1,1,1734272008,1734272008,0
UMTS,748,10,19730,68982168,0,-53.5177,-33.8483,1000,1,1,1734346433,1734346433,0
UMTS,748,1,117,1861232,0,-55.2958,-34.7886,2692,20,1,1734358629,1774670048,0
UMTS,748,10,19240,69028605,0,-56.2383,-34.6938,1000,3,1,1734361901,1748928824,0
UMTS,748,10,19240,69027883,0,-56.7045,-34.3299,1000,1,1,1734366604,1734366604,0
UMTS,748,1,121,1752620,0,-55.0315,-34.9047,1000,2,1,1734373111,1768111845,0
UMTS,748,1,107,1714173,0,-55.1469,-34.8655,1000,1,1,1734408276,1734408276,0
UMTS,748,1,110,1946609,0,-56.1351,-34.8073,1000,4,1,1734433553,1742970804,0
UMTS,748,1,117,1856752,0,-55.2766,-34.8881,1000,1,1,1734436293,1734436293,0
UMTS,748,10,19730,68963600,0,-57.9088,-31.4553,1000,6,1,1734452318,1747374504,0
UMTS,748,1,110,1946730,0,-56.2286,-34.8331,1000,3,1,1734523983,1753504230,0
UMTS,748,1,107,1733788,0,-55.2182,-34.8924,1000,1,1,1734529281,1734529281,0
UMTS,748,1,117,1881242,0,-55.2165,-34.8796,1438,2,1,1734530192,1747805640,0
UMTS,748,10,19730,68973013,0,-58.3036,-33.869,1000,1,1,1734594295,1734594295,0
UMTS,748,10,19730,68992265,0,-57.8495,-31.9757,2894,2,1,1734601931,1747467720,0
UMTS,748,7,9035,398113,0,-56.5196,-32.7977,1000,1,1,1734602380,1734602380,0
UMTS,748,1,124,1735023,0,-57.366,-32.9514,4272,3,1,1734616489,1767940879,0
GSM,748,1,21,1513,-1,-56.1188,-34.7373,1000,1,1,1734624124,1734624124,0
UMTS,748,1,107,1753797,0,-55.0341,-34.8341,1000,1,1,1734624181,1734624181,0
UMTS,748,1,112,1756140,0,-54.9337,-34.9524,1000,1,1,1734634181,1734634181,0
UMTS,748,10,19730,68952364,0,-58.3354,-33.689,1300,2,1,1734680182,1740811319,0
UMTS,748,10,19730,68992268,0,-58.0266,-33.0479,5380,4,1,1734646060,1735022417,0
GSM,748,10,9751,27036,-1,-57.9815,-32.7004,4458,3,1,1734708358,1735022382,0
UMTS,748,10,19730,68992169,0,-58.0871,-32.2809,3418,3,1,1734705608,1739429676,0
GSM,748,10,9751,17036,-1,-58.001,-32.6568,1644,3,1,1734708358,1735022382,0
UMTS,748,10,19730,68962996,0,-57.9571,-32.8475,3593,5,1,1734709287,1748330917,0
UMTS,748,10,19730,68972958,0,-57.9838,-32.9657,2052,4,1,1734656677,1735107982,0
UMTS,748,10,19730,68983771,0,-58.0561,-33.3041,1476,3,1,1734712949,1749103260,0
UMTS,748,10,19730,68962307,0,-58.1831,-33.5005,2578,5,1,1734713884,1749202298,0
UMTS,748,10,19730,68953774,0,-58.3752,-33.8286,2855,4,1,1734687408,1735022176,0
GSM,748,1,21,8431,-1,-56.1811,-34.7105,2700,4,1,1734691599,1746855893,0
UMTS,748,10,19730,68962268,0,-58.0153,-33.0338,1000,2,1,1734710189,1748330919,0
GSM,748,1,2,4201,-1,-56.1087,-34.7903,1000,1,1,1734696146,1734696146,0
UMTS,748,1,124,1715004,0,-58.0574,-33.2062,8230,21,1,1734702802,1779597124,0
UMTS,748,10,19730,68973550,0,-58.3366,-33.726,1000,1,1,1734715681,1734715681,0
UMTS,748,10,19730,68973781,0,-58.3911,-33.8839,1000,1,1,1734722912,1734722912,0
UMTS,748,1,123,1715043,0,-57.808,-32.5484,12495,5,1,1734722439,1779078511,0
UMTS,748,10,19730,68953781,0,-58.3748,-33.8287,1000,1,1,1734723839,1734723839,0
UMTS,748,10,19730,68952985,0,-58.094,-33.3689,5783,7,1,1734801210,1749275457,0
UMTS,748,10,19730,68973042,0,-57.9974,-32.6907,1000,1,1,1734731160,1734731160,0
UMTS,748,10,19730,68952972,0,-58.045,-32.3104,1000,3,1,1734789313,1747805605,0
UMTS,748,10,19730,68953042,0,-58.0037,-32.6492,2829,3,1,1734738803,1735022202,0
UMTS,748,10,19730,68972996,0,-57.9217,-32.7647,1000,3,1,1734743007,1735022379,0
GSM,748,10,9751,17211,-1,-57.96,-32.731,1000,1,1,1734797496,1734797496,0
UMTS,748,1,117,1861213,0,-55.2583,-34.8322,1000,6,1,1734864209,1779165117,0
UMTS,748,1,117,1881213,0,-55.2583,-34.8307,1000,4,1,1734869609,1774583663,0
UMTS,748,1,110,1734873,0,-56.2402,-34.7986,1000,1,1,1734877603,1734877603,0
UMTS,748,10,19730,68952307,0,-58.2051,-33.5214,1000,1,1,1734933054,1734933054,0
UMTS,748,1,124,1733379,0,-57.6413,-33.1224,1000,1,1,1734934027,1734934027,0
UMTS,748,10,19220,68886530,0,-56.1178,-34.8377,1000,1,1,1734948630,1734948630,0
UMTS,748,10,19240,69057821,0,-56.217,-34.1047,1000,5,1,1734957017,1750829571,0
UMTS,748,1,123,1714544,0,-57.4535,-32.2918,1000,1,1,1734962665,1734962665,0
UMTS,748,10,19240,69027851,0,-56.0511,-34.6427,1000,1,1,1734969182,1734969182,0
UMTS,748,1,117,1881232,0,-55.2902,-34.7876,2888,25,1,1734973307,1777521378,0
UMTS,748,1,123,1756110,0,-57.2724,-32.3573,1000,1,1,1735136435,1735136435,0
UMTS,748,1,116,1855874,0,-55.8162,-34.7707,1000,7,1,1735184296,1758599318,0
GSM,748,1,27,3291,-1,-56.0111,-34.8325,1000,1,1,1735299454,1735299454,0
UMTS,748,1,117,1881224,0,-55.3236,-34.7885,1826,14,1,1735317782,1773895865,0
GSM,748,1,25,1063,-1,-56.1319,-34.7743,3674,2,1,1735373692,1736923386,0
UMTS,748,1,117,1861224,0,-55.332,-34.7845,5420,21,1,1735531329,1775620067,0
UMTS,748,10,19240,69018605,0,-56.1913,-34.693,1000,1,1,1735624189,1735624189,0
UMTS,748,1,129,1926459,0,-56.1779,-34.9049,1000,1,1,1735822393,1735822393,0
UMTS,748,10,19240,69029295,0,-56.7035,-34.3337,1000,1,1,1735919360,1735919360,0
UMTS,748,1,107,1565555,0,-55.0641,-34.5614,2333,2,1,1735927195,1775620086,0
GSM,748,1,27,5,-1,-56.113,-34.7381,1000,1,1,1736175909,1736175909,0
UMTS,748,1,116,1861063,0,-56.0261,-34.846,1000,4,1,1736328107,1756353487,0
UMTS,748,1,116,1881063,0,-56.0251,-34.8468,1000,7,1,1736326842,1776659406,0
UMTS,748,1,116,1857792,0,-55.7402,-34.7738,1000,1,1,1736535156,1736535156,0
UMTS,748,1,116,1858283,0,-55.7334,-34.771,1000,1,1,1736536074,1736536074,0
GSM,748,1,11,811,-1,-56.1659,-34.8889,1000,1,1,1736681454,1736681454,0
UMTS,748,1,116,1879213,0,-55.7908,-34.7016,1562,5,1,1736707493,1774153351,0
GSM,748,1,10,1323,-1,-56.0761,-34.7927,1000,1,1,1736747334,1736747334,0
UMTS,748,1,116,1860822,0,-55.8848,-34.7966,1000,4,1,1736835964,1768285174,0
UMTS,748,1,117,1875353,0,-55.3741,-34.7811,1350,3,1,1736938895,1759982296,0
UMTS,748,1,121,1734054,0,-54.8612,-34.9151,1000,4,1,1736944501,1768285119,0
UMTS,748,1,107,1713983,0,-54.7858,-34.8893,1000,1,1,1736945401,1736945401,0
UMTS,748,1,107,1752080,0,-54.6385,-34.8341,1000,1,1,1736946304,1736946304,0
UMTS,748,1,107,1767670,0,-54.6149,-34.8216,1000,1,1,1736947201,1736947201,0
UMTS,748,1,116,1861064,0,-56.0247,-34.8452,1000,13,1,1736947559,1756353500,0
UMTS,748,1,116,1881064,0,-56.0246,-34.845,1000,11,1,1736948443,1756353507,0
UMTS,748,1,121,1734055,0,-54.8641,-34.9129,1000,3,1,1736949062,1738305394,0
UMTS,748,1,112,1732912,0,-54.9407,-34.948,1000,1,1,1736950867,1736950867,0
UMTS,748,1,110,1714843,0,-56.2294,-34.8028,1000,1,1,1736968370,1736968370,0
UMTS,748,1,110,1714934,0,-56.173,-34.8099,1000,1,1,1736972992,1736972992,0
UMTS,748,1,112,1752641,0,-54.9236,-34.9478,1000,1,1,1737042844,1737042844,0
UMTS,748,1,110,1926718,0,-56.2422,-34.823,1000,3,1,1737091964,1742970822,0
UMTS,748,1,110,1946740,0,-56.2214,-34.8303,1000,9,1,1737095569,1760586985,0
UMTS,748,1,110,1734863,0,-56.2163,-34.7885,1000,1,1,1737097403,1737097403,0
UMTS,748,1,105,1714653,0,-54.1051,-34.3923,1000,1,1,1737139706,1737139706,0
UMTS,748,1,105,1734964,0,-53.9948,-34.2604,1000,3,1,1737140613,1768716438,0
UMTS,748,1,105,1734525,0,-53.881,-34.2054,1000,1,1,1737141519,1737141519,0
UMTS,748,1,103,1756310,0,-55.7864,-34.3403,1626,2,1,1737171868,1772866066,0
UMTS,748,1,180,1723771,0,-56.0947,-34.169,1000,1,1,1737173725,1737173725,0
UMTS,748,1,180,1766812,0,-56.6417,-33.2588,9345,14,1,1737180973,1757649710,0
UMTS,748,1,123,1715083,0,-56.7166,-33.2168,11754,22,1,1737181874,1758254947,0
UMTS,748,1,123,1735093,0,-56.8108,-33.1066,7120,26,1,1737185998,1758773921,0
UMTS,748,1,123,1753052,0,-56.8628,-33.0824,13153,16,1,1737219134,1758180406,0
UMTS,748,1,123,1733052,0,-56.8951,-33.0833,16650,16,1,1737223650,1759204179,0
UMTS,748,1,112,1766132,0,-54.9283,-34.9513,1000,2,1,1737198843,1738219145,0
UMTS,748,1,112,1756132,0,-54.9283,-34.9516,1000,2,1,1737197042,1768545452,0
UMTS,748,1,139,1562257,0,-54.2373,-32.7844,1000,1,1,1737260173,1737260173,0
UMTS,748,1,132,1693284,0,-54.1684,-32.3661,1000,10,1,1737263746,1743917253,0
UMTS,748,1,123,1735085,0,-56.8812,-33.1251,10190,26,1,1737281532,1759033909,0
UMTS,748,1,123,1723481,0,-56.9284,-33.0774,1050,10,1,1737274313,1759204021,0
UMTS,748,1,123,1743681,0,-56.9291,-33.078,1154,26,1,1737311307,1759551083,0
UMTS,748,1,123,1743481,0,-56.9236,-33.0788,6585,18,1,1737279716,1757735986,0
UMTS,748,1,123,1715085,0,-56.8808,-33.1256,9880,26,1,1737298683,1759551345,0
UMTS,748,1,105,1714524,0,-53.8502,-34.2083,1000,3,1,1737295705,1740291729,0
UMTS,748,1,117,1861212,0,-55.2451,-34.8127,1000,3,1,1737300742,1762577844,0
UMTS,748,1,117,1881212,0,-55.2494,-34.8178,1000,2,1,1737299842,1760759055,0
UMTS,748,1,117,1876263,0,-55.2755,-34.8702,1000,5,1,1737309783,1753762705,0
UMTS,748,1,132,1693269,0,-54.1547,-32.3796,1000,3,1,1737337711,1745904458,0
UMTS,748,1,112,1732641,0,-54.9199,-34.9454,1000,1,1,1737392743,1737392743,0
UMTS,748,1,121,1733739,0,-54.8652,-34.9098,1000,1,1,1737393679,1737393679,0
UMTS,748,1,112,1733247,0,-54.8958,-34.9305,1000,1,1,1737394551,1737394551,0
UMTS,748,1,110,1946628,0,-56.1604,-34.7933,1000,2,1,1737457444,1740638791,0
UMTS,748,10,19730,68972894,0,-56.7273,-30.7256,2044,2,1,1737459822,1747805651,0
UMTS,748,1,110,1734855,0,-56.1921,-34.8085,1000,1,1,1737460188,1737460188,0
UMTS,748,10,19730,68992258,0,-56.5641,-30.5153,1000,1,1,1737461130,1737461130,0
UMTS,748,1,132,1693943,0,-55.0977,-31.5843,1000,3,1,1737463170,1740033842,0
UMTS,748,10,19730,68963797,0,-56.4651,-30.4044,1000,5,1,1737483472,1747892017,0
UMTS,748,1,132,1692525,0,-55.1622,-31.662,5134,10,1,1737467691,1745731241,0
UMTS,748,1,121,1732802,0,-54.9654,-34.9249,1000,1,1,1737481982,1737481982,0
UMTS,748,10,19730,68973797,0,-56.4707,-30.4064,1000,2,1,1737471731,1737703431,0
UMTS,748,1,112,1753267,0,-54.9478,-34.9675,1000,1,1,1737483782,1737483782,0
UMTS,748,10,19730,68953468,0,-56.4632,-30.4044,1000,1,1,1737558275,1737558275,0
UMTS,748,1,121,1752812,0,-54.9858,-34.889,1000,4,1,1737583003,1775706530,0
UMTS,748,1,110,1715075,0,-56.2542,-34.8143,1000,1,1,1737581830,1737581830,0
UMTS,748,10,19730,68963015,0,-56.8595,-30.4631,1000,1,1,1737608979,1737608979,0
UMTS,748,10,19730,68973015,0,-57.0753,-30.4262,1000,1,1,1737609799,1737609799,0
UMTS,748,10,19730,68952259,0,-57.4361,-30.431,1000,2,1,1737614432,1747892271,0
UMTS,748,10,19730,68992242,0,-57.5917,-30.2615,1455,5,1,1737641738,1754020870,0
UMTS,748,1,110,1926490,0,-56.1454,-34.8344,1000,1,1,1737631820,1737631820,0
UMTS,748,1,110,1715103,0,-56.2742,-34.8194,1000,1,1,1737641743,1737641743,0
UMTS,748,1,110,1715104,0,-56.2809,-34.8213,1000,1,1,1737642707,1737642707,0
UMTS,748,10,19730,68982197,0,-57.7078,-30.7823,1000,1,1,1737706317,1737706317,0
UMTS,748,1,121,1752931,0,-55.0017,-34.9103,1133,4,1,1737714596,1768373108,0
UMTS,748,10,19730,68953529,0,-56.7014,-33.4458,7157,4,1,1737727703,1743483569,0
UMTS,748,1,132,1695525,0,-55.1665,-31.6721,2274,3,1,1737734636,1739075741,0
UMTS,748,1,132,1692519,0,-55.1639,-31.6559,1368,2,1,1737740964,1744263673,0
UMTS,748,1,112,1752890,0,-54.9419,-34.9376,1000,1,1,1737742605,1737742605,0
UMTS,748,1,132,1696049,0,-55.1339,-31.6296,1000,1,1,1737820313,1737820313,0
UMTS,748,1,132,1696943,0,-55.0977,-31.5843,1000,6,1,1737829300,1744349770,0
UMTS,748,1,121,1714054,0,-54.8599,-34.9156,1000,3,1,1737907686,1768285141,0
UMTS,748,1,132,1693049,0,-55.1431,-31.6428,1000,1,1,1737895164,1737895164,0
UMTS,748,1,112,1732670,0,-54.9175,-34.9327,1000,1,1,1737909457,1737909457,0
UMTS,748,1,112,1752970,0,-54.9468,-34.9308,1000,1,1,1737910365,1737910365,0
UMTS,748,1,110,1926610,0,-56.1586,-34.8139,1000,1,1,1737964070,1737964070,0
UMTS,748,1,123,1735083,0,-56.7117,-33.2321,7029,25,1,1737989455,1758688309,0
UMTS,748,10,19730,68963514,0,-58.0247,-32.3963,1000,1,1,1737994701,1737994701,0
UMTS,748,1,121,1752802,0,-54.9633,-34.925,1000,1,1,1738021441,1738021441,0
UMTS,748,1,112,1732892,0,-54.944,-34.94,1000,2,1,1738022300,1768196248,0
UMTS,748,1,116,1876623,0,-55.9613,-34.7844,1000,1,1,1738044342,1738044342,0
UMTS,748,1,116,1876444,0,-55.9823,-34.8418,1000,1,1,1738053581,1738053581,0
UMTS,748,10,19730,68973345,0,-57.9221,-31.4396,1629,3,1,1738056525,1754020734,0
UMTS,748,1,112,1733242,0,-54.9441,-34.9589,1000,2,1,1738084485,1738219195,0
LTE,748,1,22,231179,-1,-57.6051,-34.4175,3098,23,1,1738150525,1738472462,0
LTE,748,1,22,136461,-1,-57.6016,-34.4189,2112,27,1,1738168200,1738472461,0
LTE,748,1,22,136501,-1,-57.6014,-34.425,1000,22,1,1738168476,1738472461,0
UMTS,748,1,110,1714974,0,-56.2306,-34.7996,1000,2,1,1738100283,1739342976,0
UMTS,748,1,110,1926738,0,-56.2191,-34.8278,1000,23,1,1738101195,1780029083,0
UMTS,748,1,112,1732981,0,-54.9389,-34.9587,1000,1,1,1738162098,1738162098,0
UMTS,748,1,112,1752702,0,-54.9431,-34.9444,1000,1,1,1738165705,1738165705,0
LTE,748,1,22,231723,-1,-57.5831,-34.4263,1955,9,1,1738219950,1738472461,0
LTE,748,1,22,231763,-1,-57.5811,-34.4253,3020,14,1,1738220243,1738472461,0
LTE,748,1,22,231731,-1,-57.5733,-34.4284,1000,1,1,1738226697,1738226697,0
LTE,748,1,22,231691,-1,-57.5733,-34.4284,1000,1,1,1738227313,1738227313,0
LTE,748,1,22,231761,-1,-57.5734,-34.4279,1000,2,1,1738227663,1738274881,0
UMTS,748,1,121,1714055,0,-54.8636,-34.9135,1000,1,1,1738232484,1738232484,0
UMTS,748,7,9035,397822,0,-57.8704,-31.8619,1000,1,1,1738248387,1738248387,0
UMTS,748,1,132,1696145,0,-54.1519,-32.0557,2410,5,1,1738260487,1745125544,0
LTE,748,1,22,160780,-1,-57.5889,-34.4151,1462,50,1,1738305285,1738335602,0
LTE,748,1,22,136459,-1,-57.593,-34.4183,1000,13,1,1738305455,1738335602,0
LTE,748,1,22,136460,-1,-57.5873,-34.4191,1000,8,1,1738305575,1738335602,0
LTE,748,1,22,231693,-1,-57.579,-34.4242,1000,8,1,1738305745,1738472461,0
LTE,748,1,22,231733,-1,-57.5805,-34.4258,1000,7,1,1738305835,1738472461,0
UMTS,748,1,123,1715084,0,-56.7909,-33.2035,1743,12,1,1738300331,1758859333,0
UMTS,748,1,181,1766550,0,-56.2626,-34.5916,1000,1,1,1738326814,1738326814,0
UMTS,748,7,9080,331296,0,-56.8677,-33.5107,1000,1,1,1738334429,1738334429,0
UMTS,748,1,122,1757532,136,-57.6038,-34.4251,1000,1,1,1738401016,1738401016,0
UMTS,748,1,122,1757472,172,-57.6047,-34.4229,1000,1,1,1738401097,1738401097,0
LTE,748,1,22,120107,-1,-57.8507,-34.4736,1000,1,1,1738435224,1738435224,0
LTE,748,1,22,120078,-1,-57.8513,-34.4716,1000,14,1,1738435248,1738472461,0
LTE,748,1,22,120077,-1,-57.8508,-34.4707,1000,3,1,1738436149,1738472461,0
UMTS,748,1,108,1925098,0,-56.1662,-34.8937,1000,2,1,1738648656,1745385406,0
UMTS,748,10,19730,69002265,0,-57.9,-31.9348,1000,2,1,1738658168,1753763029,0
UMTS,748,10,19730,68972972,0,-58.0603,-32.3101,1000,1,1,1738662734,1738662734,0
UMTS,748,1,132,1696795,0,-54.9704,-31.4779,3004,7,1,1738769245,1742970885,0
UMTS,748,1,135,1693107,0,-55.5394,-30.8997,1000,2,1,1738836898,1739075710,0
UMTS,748,1,135,1696107,0,-55.5403,-30.8981,1000,2,1,1738842333,1743659294,0
UMTS,748,1,135,1693108,0,-55.5437,-30.9038,1000,2,1,1739008261,1745731216,0
UMTS,748,1,105,1734623,0,-54.4268,-34.6029,1332,4,1,1739032011,1769494726,0
UMTS,748,1,132,1696796,0,-55,-31.4888,8656,6,1,1739127386,1742970886,0
UMTS,748,1,107,1734235,0,-54.1278,-34.5918,1000,2,1,1739298119,1739429425,0
UMTS,748,1,107,1714235,0,-54.1278,-34.5918,1000,2,1,1739296319,1739429409,0
UMTS,748,1,107,1714234,0,-54.1278,-34.5918,1000,1,1,1739297219,1739297219,0
UMTS,748,1,105,1714264,0,-54.1165,-34.5625,1000,1,1,1739302643,1739302643,0
UMTS,748,1,132,1693795,0,-54.9614,-31.4753,2237,5,1,1739304138,1742883310,0
UMTS,748,1,132,1693796,0,-54.9873,-31.4847,2930,2,1,1739321276,1742883349,0
UMTS,748,1,123,1765102,0,-56.8792,-33.1207,1103,3,1,1739336743,1748059383,0
GSM,748,1,27,2483,-1,-56.1651,-34.7474,1000,1,1,1739337241,1739337241,0
UMTS,748,1,132,1696284,0,-54.1681,-32.3664,1000,9,1,1739353009,1743139902,0
UMTS,748,1,132,1696265,0,-54.1734,-32.3817,1000,1,1,1739358386,1739358386,0
UMTS,748,1,105,1734524,0,-53.851,-34.213,4621,5,1,1739355005,1769408008,0
UMTS,748,1,110,1734935,0,-56.1802,-34.7943,1000,1,1,1739391753,1739391753,0
UMTS,748,1,110,1734995,0,-56.3004,-34.803,1000,1,1,1739433814,1739433814,0
UMTS,748,1,105,1714523,0,-53.8218,-34.238,1149,2,1,1739438908,1740206730,0
UMTS,748,1,105,1734013,0,-53.7306,-34.1615,1000,1,1,1739439792,1739439792,0
UMTS,748,1,105,1733891,0,-53.5732,-34.0065,1000,2,1,1739440689,1769320837,0
UMTS,748,1,105,1734104,0,-53.512,-33.832,3564,3,1,1739463262,1769320841,0
UMTS,748,1,105,1767361,0,-53.4108,-33.7543,1000,1,1,1739462348,1739462348,0
UMTS,748,1,105,1757361,0,-53.3978,-33.7553,1000,1,1,1739458717,1739458717,0
UMTS,748,1,105,1767200,0,-53.3978,-33.7553,1000,1,1,1739461417,1739461417,0
UMTS,748,1,105,1757200,0,-53.3978,-33.7553,1000,1,1,1739457816,1739457816,0
UMTS,748,1,105,1753740,0,-53.5806,-34.0194,1000,1,1,1739464174,1739464174,0
UMTS,748,1,105,1753529,0,-53.698,-34.1364,2906,2,1,1739465078,1769320835,0
UMTS,748,1,105,1714004,0,-53.6903,-34.1595,1000,1,1,1739465977,1739465977,0
UMTS,748,1,105,1734523,0,-53.7987,-34.1984,1000,2,1,1739466891,1769320901,0
UMTS,748,1,132,1696237,0,-54.1282,-31.9653,1000,1,1,1739509071,1739509071,0
GSM,748,1,41,1073,-1,-56.154,-34.1581,1000,1,1,1739510879,1739510879,0
UMTS,748,1,105,1734963,0,-53.9594,-34.227,2521,3,1,1739705054,1740376268,0
GSM,748,1,42,5743,-1,-56.1832,-34.7049,1000,1,1,1739766897,1739766897,0
UMTS,748,1,123,1715093,0,-56.8077,-33.091,7066,21,1,1739856602,1758859340,0
UMTS,748,10,19730,68972262,0,-57.8085,-33.9374,1000,2,1,1739878382,1746078233,0
UMTS,748,1,180,1756812,0,-56.6455,-33.2563,8379,15,1,1739867010,1759551349,0
UMTS,748,10,19730,68972405,0,-58.1926,-34.0592,1000,1,1,1739881576,1739881576,0
UMTS,748,1,124,1735004,0,-58.0551,-33.2116,5984,21,1,1739883087,1778644349,0
UMTS,748,10,19730,68972208,0,-58.2858,-33.9922,1000,1,1,1739973711,1739973711,0
UMTS,748,10,19730,68952987,0,-58.3679,-33.8986,1000,1,1,1739974661,1739974661,0
UMTS,748,1,124,1735003,0,-58.0828,-33.1061,7924,24,1,1740039455,1779510784,0
UMTS,748,10,19730,69003774,0,-58.4041,-33.8663,1000,1,1,1740062768,1740062768,0
UMTS,748,1,110,1753689,0,-56.3388,-34.8671,1000,1,1,1740090598,1740090598,0
GSM,748,1,25,1323,-1,-56.0985,-34.7924,1000,1,1,1740117612,1740117612,0
UMTS,748,1,132,1696054,0,-55.0937,-31.5774,1000,1,1,1740201957,1740201957,0
UMTS,748,1,105,1714114,0,-53.5246,-33.8991,1000,1,1,1740217031,1740217031,0
UMTS,748,1,137,1715113,0,-57.7937,-33.911,1948,5,1,1740234323,1763614417,0
UMTS,748,1,105,1734115,0,-53.5253,-33.8935,1000,2,1,1740235761,1769320899,0
GSM,748,10,9403,24106,-1,-55.9297,-34.7079,1729,2,1,1740286717,1740465099,0
GSM,748,10,9403,34001,-1,-55.7642,-34.7668,1000,1,1,1740287646,1740287646,0
GSM,748,10,9403,34318,-1,-55.7117,-34.6964,6441,3,1,1740288570,1744001643,0
GSM,748,10,9403,14031,-1,-55.6842,-34.7497,1000,1,1,1740288570,1740288570,0
GSM,748,10,9403,34014,-1,-55.6842,-34.7497,1000,1,1,1740289471,1740289471,0
GSM,748,10,9403,14108,-1,-55.632,-34.7586,4875,2,1,1740289471,1744001575,0
GSM,748,10,9507,25608,-1,-55.1984,-34.8397,1000,1,1,1740291283,1740291283,0
GSM,748,10,9507,35069,-1,-55.1798,-34.8493,2001,2,1,1740291283,1740465089,0
GSM,748,10,9507,25663,-1,-55.2153,-34.8096,3691,2,1,1740291283,1744001641,0
GSM,748,10,9507,25060,-1,-55.031,-34.9049,1000,1,1,1740292189,1740292189,0
GSM,748,10,9509,25074,-1,-54.9497,-34.9178,1000,1,1,1740293089,1740293089,0
GSM,748,10,9509,15628,-1,-54.9347,-34.9212,1000,2,1,1740334567,1740465063,0
GSM,748,10,9509,13198,-1,-54.9347,-34.9212,1000,1,1,1740328267,1740328267,0
GSM,748,10,9509,15072,-1,-54.9347,-34.9212,1000,2,1,1740334567,1740465063,0
GSM,748,10,9509,25278,-1,-54.9347,-34.9212,1000,2,1,1740334567,1740465063,0
GSM,748,10,9509,25628,-1,-54.9347,-34.9212,1000,2,1,1740332767,1740465079,0
GSM,748,10,9509,15269,-1,-54.9347,-34.9212,1000,2,1,1740334567,1740465063,0
GSM,748,10,9509,25100,-1,-54.9347,-34.9212,1000,2,1,1740331867,1740465076,0
GSM,748,10,9509,11000,-1,-54.9347,-34.9212,1000,1,1,1740327368,1740327368,0
GSM,748,10,9509,23198,-1,-54.9347,-34.9213,1000,1,1,1740322861,1740322861,0
GSM,748,10,9509,25056,-1,-54.9347,-34.9213,1000,1,1,1740322861,1740322861,0
GSM,748,10,9509,25662,-1,-54.9347,-34.9212,1000,1,1,1740315663,1740315663,0
GSM,748,10,9509,35269,-1,-54.9347,-34.9212,1000,2,1,1740328267,1740465082,0
UMTS,748,1,122,1734603,0,-57.3887,-34.3482,4137,8,1,1740333650,1773556861,0
UMTS,748,1,132,1696794,0,-54.9453,-31.4611,1000,1,1,1740353533,1740353533,0
GSM,748,10,9507,15069,-1,-55.1612,-34.8588,1000,1,1,1740340891,1740340891,0
GSM,748,10,9403,13649,-1,-55.3922,-34.7774,1000,1,1,1740341806,1740341806,0
GSM,748,10,9507,35051,-1,-55.376,-34.7788,1482,2,1,1740341806,1744001578,0
GSM,748,10,9507,25051,-1,-55.376,-34.7788,1482,2,1,1740341806,1744001578,0
GSM,748,10,9403,34016,-1,-55.6069,-34.7612,2951,2,1,1740342711,1744001576,0
UMTS,748,1,117,1858202,0,-55.4428,-34.7786,1000,1,1,1740344111,1740344111,0
UMTS,748,1,180,1756940,0,-56.555,-33.3291,1000,3,1,1740377671,1758773924,0
UMTS,748,1,110,1946149,0,-56.2269,-34.8235,1000,2,1,1740380276,1742970845,0
UMTS,748,1,135,1693748,0,-55.0977,-31.5843,1000,1,1,1740505945,1740505945,0
UMTS,748,1,132,1693264,0,-54.1721,-32.3746,1000,2,1,1740583591,1744001494,0
UMTS,748,1,110,1714993,0,-56.2868,-34.8109,1000,1,1,1740648527,1740648527,0
UMTS,748,1,180,1757352,0,-56.5465,-33.3366,1000,2,1,1740674799,1741675136,0
UMTS,748,10,19730,68952995,0,-57.6745,-34.2373,1000,1,1,1740728014,1740728014,0
UMTS,748,1,123,1734504,0,-56.93,-33.0796,1000,1,1,1741151864,1741151864,0
UMTS,748,10,19730,68952984,0,-56.9522,-32.7333,1000,1,1,1741235575,1741235575,0
UMTS,748,10,19730,68962984,0,-56.9315,-32.6863,1000,1,1,1741236459,1741236459,0
GSM,748,10,9751,27253,-1,-56.8073,-32.6867,1000,1,1,1741267504,1741267504,0
UMTS,748,1,123,1714444,0,-56.9299,-33.0795,1000,3,1,1741245037,1757390145,0
GSM,748,10,9751,17258,-1,-56.8073,-32.6867,1000,1,1,1741262811,1741262811,0
GSM,748,10,19730,27258,-1,-56.8073,-32.6867,1000,1,1,1741263641,1741263641,0
GSM,748,10,9702,37656,-1,-56.8073,-32.6867,1000,1,1,1741262811,1741262811,0
GSM,748,1,27,8862,-1,-56.066,-34.7921,1000,1,1,1741344466,1741344466,0
UMTS,748,1,139,1562835,0,-54.341,-32.9791,1000,1,1,1741448004,1741448004,0
UMTS,748,1,132,1696296,0,-54.1663,-32.3774,1000,1,1,1741592350,1741592350,0
UMTS,748,10,19730,68972396,0,-58.2825,-33.1362,4455,3,1,1741701079,1748410128,0
UMTS,748,10,19730,68952396,0,-58.3109,-33.117,1000,2,1,1741758903,1748410141,0
UMTS,748,10,19730,68952226,0,-58.3107,-33.1172,1000,3,1,1741791362,1748496989,0
UMTS,748,10,19730,68992967,0,-58.2959,-33.1286,1000,2,1,1741793174,1748410187,0
UMTS,748,1,110,1946708,0,-56.2363,-34.8187,1000,1,1,1741845918,1741845918,0
UMTS,748,1,110,1946150,0,-56.2376,-34.82,1000,1,1,1741871390,1741871390,0
UMTS,748,10,19240,69067445,0,-56.1649,-34.7434,1000,1,1,1742038467,1742038467,0
UMTS,748,1,132,1693231,0,-54.3776,-32.1556,15649,4,1,1742268929,1745125489,0
UMTS,748,10,19240,69027743,0,-57.4389,-34.4358,1000,1,1,1742284492,1742284492,0
UMTS,748,7,9050,656533,0,-56.1916,-34.9013,1000,1,1,1742335652,1742335652,0
UMTS,748,1,180,1766940,0,-56.5687,-33.3159,4321,17,1,1742359178,1758254954,0
UMTS,748,10,19240,69017807,0,-57.2528,-34.4229,1000,1,1,1742386159,1742386159,0
UMTS,748,1,180,1757462,0,-56.7737,-33.1444,16239,3,1,1742420908,1758773923,0
UMTS,748,1,104,1562667,0,-56.9299,-33.0795,1000,1,1,1742422675,1742422675,0
UMTS,748,1,124,1753691,0,-57.8954,-33.4487,1000,1,1,1742492486,1742492486,0
UMTS,748,1,124,1741330,0,-57.8953,-33.4487,1000,2,1,1742495078,1742625980,0
UMTS,748,10,19220,68906492,294,-56.1035,-34.8949,500,28,1,1742494121,1743314762,0
UMTS,748,10,19220,68896493,282,-56.0852,-34.8918,1000,13,1,1742535427,1743314762,0
UMTS,748,10,19220,68896492,36,-56.1047,-34.891,1000,19,1,1742535727,1742944862,0
UMTS,748,10,19220,68926492,23,-56.1103,-34.8914,1000,11,1,1742535807,1742944862,0
UMTS,748,10,19220,68916437,125,-56.1376,-34.8942,1000,8,1,1742542898,1742590328,0
UMTS,748,10,19220,68888006,429,-56.1661,-34.8946,1000,1,1,1742544375,1742544375,0
UMTS,748,10,19220,68887535,102,-56.1714,-34.8989,1000,7,1,1742544838,1742590328,0
UMTS,748,10,19220,68907535,107,-56.1735,-34.8997,1000,3,1,1742544908,1742590328,0
UMTS,748,10,19220,68899338,205,-56.1818,-34.9007,1000,7,1,1742545638,1742590329,0
UMTS,748,10,19220,68907524,55,-56.1906,-34.9027,1000,1,1,1742547188,1742547188,0
UMTS,748,10,19220,68888323,231,-56.1921,-34.8986,1000,5,1,1742548768,1742590329,0
UMTS,748,1,124,1721331,0,-57.8953,-33.4488,1000,1,1,1742501378,1742501378,0
UMTS,748,1,180,1767462,0,-56.8403,-33.1551,11846,2,1,1742525808,1745731196,0
UMTS,748,10,19240,69067829,0,-55.9733,-34.2908,1000,1,1,1742551631,1742551631,0
UMTS,748,1,110,1946718,0,-56.2429,-34.8234,1000,1,1,1742560234,1742560234,0
UMTS,748,10,19730,68982255,0,-55.6222,-33.3327,1000,1,1,1742560555,1742560555,0
UMTS,748,10,19730,68952246,0,-55.5115,-32.6552,1000,1,1,1742631009,1742631009,0
UMTS,748,10,19730,68973052,0,-55.5604,-32.6231,1000,1,1,1742628289,1742628289,0
UMTS,748,10,19730,68963849,0,-56.1866,-32.398,1000,1,1,1742651198,1742651198,0
UMTS,748,1,110,1946649,0,-56.1919,-34.8359,1000,1,1,1742653886,1742653886,0
GSM,748,10,9403,14015,-1,-55.9253,-34.2415,1000,1,1,1742685887,1742685887,0
GSM,748,10,9403,24015,-1,-55.9253,-34.2415,1000,1,1,1742685887,1742685887,0
GSM,748,10,9403,34023,-1,-55.9253,-34.2415,1000,1,1,1742685887,1742685887,0
GSM,748,10,9403,24143,-1,-55.9253,-34.2415,1000,1,1,1742685887,1742685887,0
GSM,748,10,9403,35613,-1,-55.4901,-34.2967,1000,1,1,1742688459,1742688459,0
GSM,748,10,9403,24044,-1,-55.7492,-34.3389,1000,1,1,1742687549,1742687549,0
GSM,748,10,9403,14013,-1,-55.7492,-34.3389,1000,1,1,1742687549,1742687549,0
GSM,748,10,9403,24013,-1,-55.7492,-34.3389,1000,1,1,1742687549,1742687549,0
GSM,748,10,9403,34013,-1,-55.7492,-34.3389,1000,1,1,1742687549,1742687549,0
GSM,748,10,9403,15613,-1,-55.4901,-34.2967,1000,1,1,1742688459,1742688459,0
GSM,748,10,9403,25613,-1,-55.3426,-34.3947,1000,1,1,1742701090,1742701090,0
GSM,748,10,9507,35154,-1,-55.2831,-34.3696,1000,1,1,1742689361,1742689361,0
GSM,748,10,9507,15045,-1,-55.2386,-34.3791,1000,1,1,1742700183,1742700183,0
GSM,748,10,9507,25048,-1,-55.2386,-34.3791,1000,1,1,1742700183,1742700183,0
GSM,748,10,9507,15048,-1,-55.2386,-34.3791,1000,1,1,1742700183,1742700183,0
GSM,748,10,9507,35048,-1,-55.2386,-34.3791,1000,1,1,1742700183,1742700183,0
GSM,748,10,9507,35374,-1,-55.464,-34.5785,1000,1,1,1742702002,1742702002,0
GSM,748,10,9507,25374,-1,-55.464,-34.5785,1000,1,1,1742702002,1742702002,0
GSM,748,10,9507,35050,-1,-55.4685,-34.6073,1000,1,1,1742702904,1742702904,0
GSM,748,10,9507,25050,-1,-55.4685,-34.6073,1000,1,1,1742702904,1742702904,0
GSM,748,10,9403,34108,-1,-55.7032,-34.6682,1000,1,1,1742703802,1742703802,0
UMTS,748,1,132,1693065,0,-55.1895,-31.7838,1000,1,1,1742713634,1742713634,0
UMTS,748,1,132,1696065,0,-55.1779,-31.7799,1000,1,1,1742714540,1742714540,0
UMTS,748,10,19240,69029301,0,-55.2171,-34.7801,1000,1,1,1742734338,1742734338,0
UMTS,748,10,19240,69039030,0,-55.2654,-34.8553,1000,5,1,1742784827,1743483514,0
UMTS,748,10,19240,69048411,0,-54.7692,-34.7622,4380,8,1,1742800225,1749880797,0
UMTS,748,1,103,1857642,0,-56.0776,-34.8025,1000,1,1,1742879522,1742879522,0
UMTS,748,1,110,1946590,0,-56.1687,-34.8404,1000,1,1,1742892381,1742892381,0
UMTS,748,1,180,1767352,0,-56.5452,-33.3376,1000,2,1,1742969140,1752383588,0
UMTS,748,10,19730,68972995,0,-57.7046,-34.3584,1000,1,1,1743001127,1743001127,0
UMTS,748,10,19730,68952254,0,-57.6128,-34.2633,1000,2,1,1742991200,1752730480,0
UMTS,748,10,19240,69039301,0,-55.2184,-34.8142,1000,1,1,1743053378,1743053378,0
UMTS,748,10,19240,69047638,0,-54.9423,-34.9099,1000,5,1,1743064313,1752557001,0
UMTS,748,10,19730,68993766,0,-57.844,-34.4523,1000,1,1,1743061855,1743061855,0
UMTS,748,1,132,1693286,0,-54.1699,-32.3697,1000,2,1,1743061689,1743229337,0
UMTS,748,1,132,1693515,0,-54.1635,-32.3023,1000,2,1,1743067131,1745385327,0
UMTS,748,10,19730,69003766,0,-57.8575,-34.4456,1000,1,1,1743074496,1743074496,0
UMTS,748,10,19730,68972163,0,-57.8575,-34.4456,1000,1,1,1743076300,1743076300,0
UMTS,748,1,103,1714845,0,-56.2286,-34.8054,1000,1,1,1743079312,1743079312,0
UMTS,748,1,103,1714923,0,-56.2434,-34.804,1000,3,1,1743081192,1751347109,0
UMTS,748,1,103,1734923,0,-56.2376,-34.8101,1980,3,1,1743082100,1776829608,0
UMTS,748,1,103,1734873,0,-56.2374,-34.7933,1000,4,1,1743083654,1776829566,0
UMTS,748,1,103,1714944,0,-56.2214,-34.8084,1000,6,1,1743084112,1773863942,0
UMTS,748,1,181,1735154,0,-56.2738,-34.8398,1000,3,1,1743256274,1750225523,0
UMTS,748,1,103,1714945,0,-56.2228,-34.8041,1000,7,1,1743420913,1754970894,0
UMTS,748,1,103,1714925,0,-56.2452,-34.7961,1070,6,1,1743436763,1776829564,0
UMTS,748,1,118,1924110,0,-56.1247,-34.8947,1000,2,1,1743601440,1754970924,0
UMTS,748,1,135,1697024,0,-55.5499,-30.8844,1000,1,1,1743604011,1743604011,0
UMTS,748,1,135,1693097,0,-55.5499,-30.8844,1000,1,1,1743605807,1743605807,0
UMTS,748,1,132,1693056,0,-54.9979,-31.4958,1000,1,1,1743712221,1743712221,0
UMTS,748,1,132,1693794,0,-54.956,-31.4648,1000,1,1,1743718530,1743718530,0
UMTS,748,1,103,1946150,0,-56.2339,-34.8158,1000,3,1,1743764815,1750653959,0
UMTS,748,10,19730,68983518,0,-55.8263,-32.5857,1000,1,1,1743776642,1743776642,0
UMTS,748,10,19730,68993518,0,-55.8347,-32.617,1000,1,1,1743770354,1743770354,0
UMTS,748,1,103,1714924,0,-56.2591,-34.804,2089,12,1,1743779666,1778039976,0
UMTS,748,1,103,1734874,0,-56.2802,-34.8109,5118,11,1,1743781643,1779769983,0
UMTS,748,1,115,1946808,0,-56.1867,-34.8897,1000,1,1,1743857961,1743857961,0
UMTS,748,1,115,1926808,0,-56.1867,-34.8897,1000,1,1,1743858861,1743858861,0
UMTS,748,1,132,1696264,0,-54.1745,-32.374,1000,1,1,1743889191,1743889191,0
UMTS,748,1,132,1693265,0,-54.1708,-32.3808,1000,1,1,1743893685,1743893685,0
GSM,748,10,9403,24014,-1,-55.5798,-34.7676,1000,1,1,1743916178,1743916178,0
GSM,748,10,9403,14014,-1,-55.5798,-34.7676,1000,1,1,1743916178,1743916178,0
GSM,748,10,9403,14001,-1,-55.5766,-34.7702,1000,1,1,1743917078,1743917078,0
GSM,748,10,9507,35270,-1,-55.3599,-34.7803,1000,1,1,1743917972,1743917972,0
GSM,748,10,9509,35103,-1,-54.6888,-34.7568,1000,1,1,1743954413,1743954413,0
GSM,748,10,9509,25099,-1,-54.452,-34.6215,1000,1,1,1743921666,1743921666,0
GSM,748,10,9509,35255,-1,-54.3481,-34.519,1000,1,1,1743952606,1743952606,0
GSM,748,10,9509,23208,-1,-54.1684,-34.4685,1000,1,1,1743923478,1743923478,0
GSM,748,10,9509,13208,-1,-54.1684,-34.4685,1000,1,1,1743923478,1743923478,0
GSM,748,10,9509,15255,-1,-54.0976,-34.5422,1000,1,1,1743950781,1743950781,0
GSM,748,10,9509,23209,-1,-53.914,-34.433,1000,1,1,1743949875,1743949875,0
GSM,748,10,9509,25085,-1,-53.8433,-34.3831,1000,1,1,1743947987,1743947987,0
UMTS,748,1,103,1946530,0,-56.1034,-34.82,1000,8,1,1743931574,1771136042,0
UMTS,748,1,103,1946529,0,-56.1022,-34.8243,1000,13,1,1743937883,1775536363,0
UMTS,748,1,103,1926529,0,-56.102,-34.8237,1000,16,1,1743935152,1779942755,0
GSM,748,10,9509,25255,-1,-54.0976,-34.5422,1000,1,1,1743950781,1743950781,0
GSM,748,10,9507,25270,-1,-55.3055,-34.7901,1000,1,1,1743958131,1743958131,0
GSM,748,10,9403,34024,-1,-55.7477,-34.6712,1000,1,1,1743959929,1743959929,0
GSM,748,10,9403,24024,-1,-55.7477,-34.6712,1000,1,1,1743959929,1743959929,0
UMTS,748,1,103,1734945,0,-56.2251,-34.8039,1000,5,1,1743977373,1754797507,0
UMTS,748,10,19240,69028612,0,-56.1371,-34.8073,1000,1,1,1744021212,1744021212,0
UMTS,748,1,103,1946148,0,-56.2173,-34.8204,1434,11,1,1744025503,1764824330,0
GSM,748,1,25,632,-1,-56.0249,-34.8419,1000,1,1,1744096728,1744096728,0
UMTS,748,1,103,1926530,0,-56.1037,-34.8218,1065,13,1,1744117183,1777264342,0
GSM,748,1,25,2483,-1,-56.1835,-34.7048,1000,1,1,1744205864,1744205864,0
UMTS,748,1,103,1714943,0,-56.2218,-34.8049,1000,4,1,1744281909,1753589341,0
UMTS,748,1,137,1723600,0,-57.0386,-34.0594,1000,1,1,1744376222,1744376222,0
UMTS,748,1,103,1946710,0,-56.2391,-34.8275,1000,3,1,1744376257,1750829520,0
UMTS,748,1,181,1735103,0,-56.2701,-34.8187,1000,4,1,1744378182,1768545406,0
UMTS,748,1,103,1946708,0,-56.2343,-34.8193,1000,9,1,1744379380,1775706706,0
UMTS,748,1,103,1926149,0,-56.231,-34.8213,1000,16,1,1744380076,1779942781,0
UMTS,748,1,181,1765382,0,-56.4025,-34.4469,1497,8,1,1744381639,1771396184,0
UMTS,748,1,137,1734784,0,-57.0443,-34.0541,5903,3,1,1744414283,1771994848,0
UMTS,748,1,110,1946548,0,-56.109,-34.8288,1000,1,1,1744443827,1744443827,0
UMTS,748,1,181,1753681,0,-56.2742,-34.8876,1000,1,1,1744467953,1744467953,0
UMTS,748,1,181,1733681,0,-56.2742,-34.8876,1000,1,1,1744466715,1744466715,0
GSM,748,10,9303,13220,-1,-56.8605,-34.4866,1000,1,1,1744560354,1744560354,0
GSM,748,10,9303,23220,-1,-56.8605,-34.4866,1000,1,1,1744560354,1744560354,0
GSM,748,10,9801,36162,-1,-57.2544,-34.4339,1000,1,1,1744555834,1744555834,0
GSM,748,10,9303,33097,-1,-56.7952,-34.5018,6214,3,1,1744560354,1759725063,0
UMTS,748,1,116,1877953,0,-55.7053,-34.758,1000,2,1,1744568325,1744695246,0
UMTS,748,1,116,1857953,0,-55.7052,-34.758,1000,1,1,1744564726,1744564726,0
UMTS,748,1,116,1878284,0,-55.7264,-34.7622,1000,1,1,1744571044,1744571044,0
UMTS,748,1,103,1926528,0,-56.0931,-34.8101,1000,10,1,1744582739,1780115517,0
UMTS,748,1,132,1697112,0,-54.0149,-31.9931,1000,1,1,1744642890,1744642890,0
UMTS,748,1,132,1696229,0,-54.0106,-31.976,1000,1,1,1744638966,1744638966,0
UMTS,748,1,132,1693229,0,-54.0129,-31.9925,1000,2,1,1744640772,1744781877,0
UMTS,748,1,132,1694112,0,-54.0164,-31.9954,1000,2,1,1744655245,1744781654,0
UMTS,748,1,124,1722372,0,-58.0296,-33.2579,1000,3,1,1744730051,1770710488,0
UMTS,748,1,123,1714833,0,-56.9299,-33.0795,1000,1,1,1744755571,1744755571,0
LTE,748,10,59220,5179138,0,-56.2121,-34.907,1000,1,1,1744779363,1744779363,0
UMTS,748,10,19240,69037615,0,-55.228,-34.7523,2743,4,1,1744862360,1751001816,0
UMTS,748,10,19240,69018553,0,-55.2212,-34.6142,4610,4,1,1744863282,1748330886,0
UMTS,748,10,19240,69069028,0,-55.2207,-34.4127,1000,1,1,1744872347,1744872347,0
UMTS,748,1,132,1696238,0,-54.3741,-32.0918,6030,3,1,1744905125,1745125350,0
UMTS,748,1,132,1696146,0,-54.3572,-32.0832,10238,3,1,1744906975,1745125542,0
UMTS,748,1,132,1696231,0,-54.4082,-32.0993,1000,3,1,1744914411,1745125343,0
UMTS,748,1,132,1693238,0,-54.3887,-32.1101,2188,2,1,1744990109,1745125362,0
UMTS,748,1,118,1944110,0,-56.1223,-34.8951,1000,1,1,1744928154,1744928154,0
UMTS,748,1,123,1735033,0,-57.8992,-32.6136,10962,19,1,1744978872,1779510716,0
UMTS,748,1,132,1693418,0,-54.4081,-32.0992,1000,2,1,1744997328,1745125468,0
UMTS,748,1,124,1735274,0,-57.9322,-32.6813,6781,7,1,1745063778,1747201327,0
UMTS,748,1,124,1715273,0,-57.988,-32.6336,3989,14,1,1745065601,1779510712,0
UMTS,748,1,124,1715274,0,-57.94,-32.6941,22489,15,1,1745060160,1779510725,0
UMTS,748,1,132,1693146,0,-54.3923,-32.1113,1000,1,1,1745057975,1745057975,0
UMTS,748,1,103,1734875,0,-56.2531,-34.7833,1000,4,1,1745070498,1769494726,0
UMTS,748,1,103,1734924,0,-56.2563,-34.8155,1854,20,1,1745071714,1779337916,0
UMTS,748,1,103,1734925,0,-56.2546,-34.7966,2258,7,1,1745215220,1778039971,0
UMTS,748,1,103,1926150,0,-56.2365,-34.8164,1000,5,1,1745222829,1775536370,0
UMTS,748,1,123,1735084,0,-56.7833,-33.2098,2318,13,1,1745224228,1759551347,0
UMTS,748,1,103,1714875,0,-56.2495,-34.7827,1011,7,1,1745226532,1779510792,0
UMTS,748,10,19240,69039028,0,-55.2184,-34.4178,1000,1,1,1745236612,1745236612,0
UMTS,748,10,19240,69057702,0,-55.2792,-34.39,1000,1,1,1745237511,1745237511,0
UMTS,748,10,19240,69047702,0,-55.2644,-34.376,1000,1,1,1745242040,1745242040,0
UMTS,748,10,19240,69058411,0,-54.8622,-34.7835,1907,6,1,1745318702,1752038511,0
UMTS,748,10,19240,69047940,0,-54.9995,-34.8831,1000,1,1,1745325970,1745325970,0
UMTS,748,10,19260,68776775,0,-56.7209,-33.9927,12371,18,1,1745392064,1778903503,0
UMTS,748,10,30016,5150470,0,-56.2072,-34.9037,1000,1,1,1745430338,1745430338,0
UMTS,748,1,123,1714344,0,-56.9299,-33.0795,1000,1,1,1745435034,1745435034,0
UMTS,748,1,123,1735043,0,-57.7666,-32.564,14692,5,1,1745478165,1779165166,0
UMTS,748,1,123,1734984,0,-57.6654,-32.4986,13135,7,1,1745482756,1779165132,0
UMTS,748,1,1648,707845,0,-56.0725,-34.7873,1000,1,1,1745484991,1745484991,0
UMTS,748,1,1648,679173,0,-56.0484,-34.806,1000,1,1,1745487204,1745487204,0
UMTS,748,1,123,1743811,0,-57.6736,-32.5634,1000,2,1,1745487308,1778817028,0
GSM,748,1,25,1311,-1,-56.0057,-34.8068,1000,1,1,1745490082,1745490082,0
UMTS,748,1,1648,528136,0,-56.0731,-34.7796,1000,1,1,1745493489,1745493489,0
UMTS,748,10,30016,5176837,0,-56.1522,-34.8663,1000,1,1,1745494676,1745494676,0
UMTS,748,10,30336,5121540,0,-56.1088,-34.8273,1000,1,1,1745495636,1745495636,0
UMTS,748,10,30336,1344006,0,-56.0877,-34.7783,1000,1,1,1745498484,1745498484,0
UMTS,748,10,30336,1344004,0,-56.0626,-34.7854,1000,1,1,1745500733,1745500733,0
UMTS,748,10,30336,1320967,0,-56.0875,-34.8,1000,1,1,1745501911,1745501911,0
UMTS,748,10,30336,1320968,0,-56.0981,-34.8184,1000,1,1,1745502270,1745502270,0
UMTS,748,10,30016,1297924,0,-56.1348,-34.8364,1000,1,1,1745502630,1745502630,0
UMTS,748,10,30016,1297926,0,-56.1368,-34.8429,1000,1,1,1745508305,1745508305,0
UMTS,748,1,135,1696097,0,-55.5496,-30.891,1000,1,1,1745652478,1745652478,0
UMTS,748,1,124,1733830,0,-57.5004,-32.9152,1000,1,1,1745769168,1745769168,0
UMTS,748,1,124,1735014,0,-57.3261,-32.9926,1000,1,1,1745770968,1745770968,0
UMTS,748,1,124,1715014,0,-57.2728,-33.0186,1000,1,1,1745771867,1745771867,0
UMTS,748,1,124,1715013,0,-57.2702,-32.9515,9208,3,1,1745777390,1746253464,0
UMTS,748,1,124,1735013,0,-57.1974,-32.9434,1000,1,1,1745847732,1745847732,0
UMTS,748,1,103,1734943,0,-56.2197,-34.8052,1000,3,1,1745839910,1754970897,0
UMTS,748,1,124,1735015,0,-57.2727,-33.0362,1000,1,1,1745852293,1745852293,0
UMTS,748,1,124,1715023,0,-57.3726,-32.9459,1000,1,1,1745853198,1745853198,0
UMTS,748,1,124,1715324,0,-57.8175,-32.9621,5405,4,1,1745855932,1763528198,0
UMTS,748,10,19240,69068411,0,-54.8249,-34.7819,1000,1,1,1745924376,1745924376,0
UMTS,748,10,30336,1314565,0,-55.0327,-34.9015,1000,1,1,1745948797,1745948797,0
UMTS,748,1,103,1714933,0,-56.1636,-34.8067,1000,4,1,1745993348,1756353493,0
UMTS,748,1,103,1926628,0,-56.1578,-34.7835,1905,5,1,1745997707,1779165066,0
UMTS,748,1,103,1946628,0,-56.1602,-34.7874,1135,4,1,1746014325,1757994622,0
UMTS,748,1,103,1734855,0,-56.191,-34.8016,1000,2,1,1746015197,1749795136,0
UMTS,748,1,124,1757521,0,-57.6325,-32.9482,1000,1,1,1746207128,1746207128,0
UMTS,748,7,46464,50751234,0,-56.2043,-34.9046,1000,1,1,1746379915,1746379915,0
UMTS,748,7,46464,50715904,0,-56.207,-34.9035,1000,1,1,1746421408,1746421408,0
UMTS,748,1,103,1926708,0,-56.2352,-34.8189,1000,11,1,1746425307,1780115490,0
UMTS,748,1,103,1734853,0,-56.1958,-34.7825,2763,3,1,1746431668,1759464199,0
UMTS,748,7,46464,50719746,0,-56.2055,-34.9043,1000,1,1,1746437689,1746437689,0
UMTS,748,1,103,1734933,0,-56.1653,-34.8099,1000,2,1,1746448677,1759464192,0
UMTS,748,1,110,1926658,0,-56.1684,-34.8135,1000,3,1,1746449591,1748583363,0
UMTS,748,1,103,1734973,0,-56.2104,-34.795,1000,3,1,1746511078,1773556937,0
UMTS,748,7,46464,50755074,0,-56.1344,-34.7963,1000,1,1,1746528408,1746528408,0
UMTS,748,7,47104,50748418,0,-56.1646,-34.7965,1000,1,1,1746528796,1746528796,0
UMTS,748,7,47104,50749698,0,-56.2511,-34.8228,1000,1,1,1746529660,1746529660,0
UMTS,748,7,47104,50775297,0,-56.2976,-34.8228,1000,1,1,1746530032,1746530032,0
UMTS,748,7,47104,50734848,0,-56.2886,-34.8286,1000,1,1,1746530400,1746530400,0
UMTS,748,7,47104,50774274,0,-56.2849,-34.8207,1000,1,1,1746531869,1746531869,0
UMTS,748,1,108,1926419,0,-56.1598,-34.8825,1000,1,1,1746555985,1746555985,0
UMTS,748,7,47104,50774273,0,-56.2736,-34.8226,1000,1,1,1746557788,1746557788,0
UMTS,748,1,137,1735113,0,-57.8007,-33.9022,1915,4,1,1746615857,1763614414,0
UMTS,748,1,103,1714954,0,-56.2129,-34.8136,1000,6,1,1746616831,1753336371,0
UMTS,748,1,122,1714603,0,-57.3945,-34.3495,2238,4,1,1746618574,1779942771,0
UMTS,748,1,122,1714613,0,-57.4473,-34.3477,1000,1,1,1746624891,1746624891,0
UMTS,748,10,19730,68963046,0,-57.0144,-33.4449,1000,1,1,1746795267,1746795267,0
UMTS,748,10,19260,68766775,0,-56.6985,-34.0806,4575,12,1,1746799045,1779424404,0
UMTS,748,1,103,1946620,0,-56.1603,-34.7951,1000,7,1,1747030980,1761713747,0
UMTS,748,1,200,1563005,0,-56.0698,-34.7934,1000,4,1,1747031915,1767674405,0
UMTS,748,1,200,1566005,0,-56.0697,-34.7927,1000,5,1,1747035531,1768111859,0
UMTS,748,1,103,1946149,0,-56.2315,-34.8217,1294,11,1,1747047313,1774928607,0
UMTS,748,1,181,1733672,0,-56.3263,-34.8298,2289,7,1,1747049173,1780115554,0
UMTS,748,1,181,1753672,0,-56.3279,-34.8238,2473,8,1,1747050102,1773211316,0
UMTS,748,10,19220,68886485,0,-56.2091,-34.87,1000,1,1,1747064022,1747064022,0
UMTS,748,1,103,1926618,0,-56.1354,-34.7957,1000,4,1,1747113185,1776054572,0
UMTS,748,1,124,1735275,0,-58.0368,-32.7202,1000,1,1,1747129970,1747129970,0
UMTS,748,1,124,1715275,0,-58.0184,-32.6962,1000,1,1,1747130922,1747130922,0
UMTS,748,10,19730,68953600,0,-57.8989,-31.4648,1000,1,1,1747138476,1747138476,0
UMTS,748,1,103,1926148,0,-56.2175,-34.8188,1000,4,1,1747141306,1776918603,0
UMTS,748,1,124,1753370,0,-57.7124,-32.9004,1000,3,1,1747153517,1747374463,0
LTE,748,7,7000,50783746,-1,-56.2014,-34.9088,1000,3,1,1747210419,1759074421,0
LTE,748,1,101,691461,-1,-56.2018,-34.9089,1000,12,1,1747221434,1759074421,0
LTE,748,1,101,633859,-1,-56.201,-34.9014,1000,1,1,1747223493,1747223493,0
LTE,748,1,115,522756,-1,-56.1993,-34.901,1000,1,1,1747223663,1747223663,0
LTE,748,1,101,633856,-1,-56.1988,-34.9009,1000,1,1,1747223704,1747223704,0
UMTS,748,1,117,1860913,0,-55.2176,-34.8376,1000,2,1,1747209633,1775965365,0
UMTS,748,10,19730,68972229,0,-57.9679,-31.3898,1000,1,1,1747226002,1747226002,0
UMTS,748,10,19730,69002233,0,-57.938,-31.385,1000,1,1,1747295447,1747295447,0
UMTS,748,10,19240,69047866,0,-55.103,-34.8646,1000,1,1,1747298713,1747298713,0
UMTS,748,1,121,1733132,0,-54.97,-34.8963,1000,7,1,1747314297,1779942796,0
UMTS,748,1,121,1756092,0,-54.9607,-34.8904,1000,11,1,1747315188,1780460945,0
UMTS,748,10,19730,68962230,0,-57.9545,-31.4001,1000,1,1,1747317219,1747317219,0
UMTS,748,1,181,1735155,0,-56.2787,-34.8363,1000,6,1,1747391586,1758081375,0
UMTS,748,1,181,1715155,0,-56.2783,-34.8346,1126,5,1,1747389760,1758081371,0
UMTS,748,1,103,1714955,0,-56.2137,-34.8056,1000,6,1,1747392163,1754107265,0
UMTS,748,1,103,1926710,0,-56.2409,-34.8273,1000,3,1,1747393357,1763096172,0
UMTS,748,10,19260,68756775,0,-56.6607,-34.0711,8683,3,1,1747410874,1764392263,0
LTE,748,1,103,576518,-1,-56.0378,-34.8162,1000,3,1,1747471826,1758835382,0
LTE,748,1,103,679172,-1,-56.0379,-34.8164,1000,9,1,1747525260,1759431902,0
UMTS,748,1,181,1715154,0,-56.2738,-34.84,1000,3,1,1747664340,1750225527,0
UMTS,748,1,121,1752550,0,-54.9899,-34.9117,1000,1,1,1747667705,1747667705,0
UMTS,748,1,103,1734954,0,-56.2112,-34.8113,1000,4,1,1747693288,1754107266,0
UMTS,748,1,117,1856704,0,-55.2174,-34.8682,1000,1,1,1747735392,1747735392,0
UMTS,748,1,117,1876704,0,-55.2275,-34.8757,1000,1,1,1747736289,1747736289,0
UMTS,748,10,19730,68953412,0,-56.8228,-30.8913,1000,1,1,1747736710,1747736710,0
UMTS,748,10,19730,68962258,0,-56.5158,-30.4705,1000,1,1,1747739009,1747739009,0
UMTS,748,1,103,1714973,0,-56.2122,-34.7994,1000,1,1,1747824322,1747824322,0
UMTS,748,10,19730,68963468,0,-56.4626,-30.4009,1000,1,1,1747827898,1747827898,0
UMTS,748,10,19730,68962259,0,-57.4389,-30.4313,1000,1,1,1747838212,1747838212,0
UMTS,748,1,110,1860672,0,-56.0816,-34.8649,1000,1,1,1747896651,1747896651,0
UMTS,748,10,19730,68952996,0,-57.8683,-32.7588,1000,1,1,1748272242,1748272242,0
UMTS,748,1,103,1735074,0,-56.2535,-34.8253,1000,5,1,1748355737,1778816976,0
UMTS,748,1,103,1734975,0,-56.2229,-34.7908,1094,4,1,1748357637,1774067903,0
UMTS,748,1,103,1715074,0,-56.2565,-34.8262,1000,7,1,1748434585,1764305924,0
UMTS,748,1,200,1563015,0,-56.0651,-34.7964,1000,1,1,1748507725,1748507725,0
UMTS,748,1,121,1753062,0,-54.9534,-34.9102,1000,1,1,1748511098,1748511098,0
LTE,748,1,250,1101834,-1,-53.6078,-33.6329,1000,16,1,1748690779,1748711282,0
LTE,748,1,250,1047564,-1,-53.5945,-33.6397,1854,42,1,1748690788,1748711282,0
LTE,748,1,250,1047554,-1,-53.5727,-33.6632,2845,17,1,1748690888,1748711283,0
UMTS,748,1,139,1562762,403,-53.5796,-33.6574,1000,6,1,1748690918,1748711282,0
UMTS,748,1,139,1563024,208,-53.5691,-33.6738,1903,51,1,1748690928,1748711283,0
LTE,748,1,250,1047553,-1,-53.5531,-33.6839,1000,3,1,1748691108,1748711283,0
LTE,748,1,250,1047552,-1,-53.5466,-33.6848,1000,22,1,1748691118,1748711283,0
UMTS,748,1,105,1714103,89,-53.52,-33.6896,1126,19,1,1748691328,1748711283,0
UMTS,748,1,105,1734103,92,-53.5268,-33.6893,1000,6,1,1748691348,1748711283,0
UMTS,748,1,139,1566022,203,-53.522,-33.6896,1000,11,1,1748691358,1748711283,0
UMTS,748,1,139,1564385,424,-54.4045,-34.0346,1378,50,1,1748714978,1748739061,0
UMTS,748,1,139,1561386,422,-54.573,-34.1272,1464,50,1,1748715388,1748739121,0
UMTS,748,1,139,1561387,423,-54.6088,-34.1419,2435,34,1,1748715758,1748739122,0
LTE,748,1,250,1082634,-1,-54.7994,-34.3102,1000,11,1,1748717178,1748739124,0
LTE,748,1,250,1082635,-1,-54.8016,-34.3143,1000,10,1,1748718678,1748739124,0
LTE,748,1,250,1082636,-1,-54.8023,-34.3281,1290,50,1,1748718698,1748739124,0
LTE,748,1,250,1072650,-1,-54.7952,-34.38,4713,50,1,1748718808,1748739125,0
LTE,748,1,250,1072651,-1,-54.7998,-34.3892,1000,6,1,1748719048,1748739124,0
LTE,748,1,250,1072652,-1,-54.8086,-34.4044,1464,49,1,1748719068,1748739125,0
UMTS,748,1,181,1733658,0,-56.2895,-34.8903,1000,1,1,1748845205,1748845205,0
UMTS,748,1,103,1946528,0,-56.096,-34.8136,1000,3,1,1748854802,1756439757,0
UMTS,748,10,19730,68973771,0,-58.0346,-33.2587,1000,1,1,1748933754,1748933754,0
UMTS,748,10,19240,69038463,0,-54.68,-34.8436,1000,1,1,1748946505,1748946505,0
UMTS,748,1,103,1926609,0,-56.1345,-34.8132,1083,3,1,1748952221,1765167552,0
UMTS,748,10,19730,69003771,0,-58.0385,-33.2528,1000,1,1,1748955530,1748955530,0
UMTS,748,1,106,1881264,0,-56.1031,-34.8805,1000,1,1,1749019922,1749019922,0
UMTS,748,1,106,1861262,0,-56.0987,-34.8856,1000,3,1,1749231061,1754797518,0
UMTS,748,1,116,1857372,0,-55.9831,-34.8226,1000,1,1,1749299623,1749299623,0
UMTS,748,1,118,1924109,0,-56.126,-34.9004,1000,3,1,1749404748,1766296074,0
UMTS,748,1,200,1562993,0,-56.0781,-34.8027,1000,1,1,1749445411,1749445411,0
UMTS,748,1,103,1946709,0,-56.2262,-34.8259,1000,9,1,1749795296,1775879826,0
UMTS,748,7,9040,399219,0,-56.385,-34.6815,1000,1,1,1749836766,1749836766,0
UMTS,748,7,9041,593746,0,-56.6895,-34.204,1000,1,1,1749840623,1749840623,0
UMTS,748,7,9041,593480,0,-56.6901,-34.1639,1000,1,1,1749841618,1749841618,0
UMTS,748,7,9041,593481,0,-56.7538,-33.9209,1000,1,1,1749842593,1749842593,0
UMTS,748,7,9080,330910,0,-57.0966,-33.2391,1000,1,1,1749849358,1749849358,0
UMTS,748,1,103,1734854,0,-56.1894,-34.7952,1000,2,1,1750073104,1752643911,0
UMTS,748,1,103,1714855,0,-56.1925,-34.8085,1000,2,1,1750074927,1773556915,0
UMTS,748,1,106,1860892,0,-56.0273,-34.8728,1000,6,1,1750168526,1776659545,0
LTE,748,10,59240,5172745,-1,-56.2268,-34.7633,1000,12,1,1750403819,1750451941,0
LTE,748,10,59240,5167626,-1,-56.2278,-34.7661,1000,1,1,1750403849,1750403849,0
LTE,748,10,59240,5135879,-1,-56.2276,-34.7675,1000,16,1,1750403854,1750451941,0
LTE,748,10,59240,5172744,-1,-56.2274,-34.7693,1000,5,1,1750403869,1750439762,0
LTE,748,10,59240,5135880,-1,-56.2249,-34.7798,1000,19,1,1750403951,1750451941,0
LTE,748,10,59240,5158409,-1,-56.2249,-34.7807,1000,6,1,1750404002,1750451941,0
LTE,748,10,59240,1296647,-1,-56.2251,-34.7783,1000,2,1,1750403992,1750451941,0
LTE,748,10,59240,5167623,-1,-56.2248,-34.7793,1000,4,1,1750404054,1750451941,0
LTE,748,10,59240,5135874,-1,-56.2259,-34.7754,1000,6,1,1750404096,1750451941,0
LTE,748,10,59240,5127943,-1,-56.2233,-34.8015,1624,21,1,1750404162,1750451941,0
LTE,748,10,59240,5172231,-1,-56.2244,-34.7925,1000,16,1,1750404167,1750451941,0
LTE,748,10,59240,5127946,-1,-56.2236,-34.7925,1000,4,1,1750404209,1750451941,0
LTE,748,10,59240,5172233,-1,-56.2239,-34.799,500,26,1,1750404408,1750451941,0
LTE,748,10,59240,5127944,-1,-56.2211,-34.8106,1000,19,1,1750404904,1750451941,0
LTE,748,10,59240,5150212,-1,-56.2204,-34.8158,1000,1,1,1750405070,1750405070,0
LTE,748,10,59240,5150217,-1,-56.2201,-34.8191,1000,11,1,1750405080,1750451941,0
LTE,748,10,59220,5130759,-1,-56.22,-34.8262,1000,16,1,1750405200,1752074642,0
LTE,748,10,59220,5130753,-1,-56.2202,-34.8284,1000,1,1,1750405399,1750405399,0
LTE,748,10,59220,5146633,-1,-56.2213,-34.8335,1000,11,1,1750405423,1752074642,0
LTE,748,10,59220,1310471,-1,-56.2218,-34.8392,1000,10,1,1750405634,1752074642,0
LTE,748,10,59220,1310465,-1,-56.2217,-34.8406,1000,5,1,1750405705,1752074642,0
LTE,748,10,59220,1310469,-1,-56.2221,-34.8443,1000,4,1,1750405784,1750439762,0
LTE,748,10,59220,1310472,-1,-56.2227,-34.8466,1000,11,1,1750405853,1752074642,0
LTE,748,10,59220,1310466,-1,-56.2231,-34.8481,1000,4,1,1750405870,1752074642,0
LTE,748,10,59220,5167367,-1,-56.2237,-34.8513,1000,5,1,1750405973,1752074642,0
LTE,748,10,59220,5167361,-1,-56.2244,-34.8519,1000,3,1,1750406029,1752074642,0
LTE,748,10,59220,5167369,-1,-56.2235,-34.8541,1000,9,1,1750406084,1752074642,0
LTE,748,10,59220,5167363,-1,-56.2218,-34.8549,1000,5,1,1750406115,1750449721,0
LTE,748,10,59220,5167368,-1,-56.2207,-34.8559,1000,1,1,1750406197,1750406197,0
LTE,748,10,59220,5165569,-1,-56.2201,-34.8564,1000,5,1,1750406271,1750449721,0
LTE,748,10,59220,5165576,-1,-56.2153,-34.86,1000,13,1,1750406295,1750439762,0
LTE,748,10,59220,327945,-1,-56.209,-34.8654,1000,9,1,1750406474,1752074642,0
LTE,748,10,59220,327944,-1,-56.2053,-34.8691,1000,20,1,1750406566,1752074642,0
LTE,748,10,59220,327177,-1,-56.2024,-34.872,1000,9,1,1750406755,1752074642,0
LTE,748,10,59220,326153,-1,-56.2005,-34.8745,1000,8,1,1750406855,1752074642,0
LTE,748,10,59220,327176,-1,-56.1983,-34.8764,1000,10,1,1750406923,1752074642,0
LTE,748,10,59220,326151,-1,-56.197,-34.8775,1000,3,1,1750406964,1752074642,0
LTE,748,10,59220,326152,-1,-56.1952,-34.8812,1000,19,1,1750407038,1752074642,0
LTE,748,10,59220,5157897,-1,-56.1915,-34.8858,1000,3,1,1750407072,1752074642,0
LTE,748,10,59220,325895,-1,-56.192,-34.8859,1000,14,1,1750407125,1752074642,0
LTE,748,10,59220,324871,-1,-56.1894,-34.8878,1000,3,1,1750407286,1750449001,0
LTE,748,10,59220,324870,-1,-56.1881,-34.8891,1000,7,1,1750407328,1750449001,0
LTE,748,10,59220,325896,-1,-56.1872,-34.8925,1000,8,1,1750407404,1752074642,0
LTE,748,10,59220,324873,-1,-56.1884,-34.8897,1000,8,1,1750407435,1752074642,0
LTE,748,10,59220,5138183,-1,-56.1857,-34.8936,1000,9,1,1750407476,1752074642,0
LTE,748,10,59220,5138180,-1,-56.1852,-34.8933,1000,2,1,1750407584,1750449001,0
LTE,748,10,59220,5142281,-1,-56.1837,-34.895,1000,5,1,1750407590,1750449001,0
LTE,748,10,59220,5142280,-1,-56.1801,-34.8963,1000,12,1,1750407760,1752074642,0
LTE,748,10,59220,5142279,-1,-56.1789,-34.8966,1000,6,1,1750407779,1752074642,0
LTE,748,10,59220,2401289,-1,-56.177,-34.8989,1000,17,1,1750408020,1752074642,0
LTE,748,10,59220,1298697,-1,-56.1783,-34.8995,1000,8,1,1750408115,1752074642,0
LTE,748,10,59220,1298695,-1,-56.1757,-34.9026,1000,15,1,1750408229,1752074642,0
LTE,748,10,59220,1298696,-1,-56.1757,-34.9032,1000,1,1,1750408302,1750408302,0
LTE,748,10,59220,1299207,-1,-56.1746,-34.9057,1000,5,1,1750408360,1752074642,0
LTE,748,10,59220,5148419,-1,-56.1743,-34.9081,1000,5,1,1750408409,1750439763,0
LTE,748,10,59220,5148422,-1,-56.1741,-34.9098,1000,1,1,1750408476,1750408476,0
LTE,748,10,59220,5140232,-1,-56.1661,-34.913,1000,13,1,1750408639,1752074642,0
LTE,748,10,59220,5139721,-1,-56.1662,-34.9168,1000,10,1,1750408733,1752074642,0
LTE,748,10,59220,5170952,-1,-56.1676,-34.9173,1000,3,1,1750408958,1752074642,0
LTE,748,10,59220,5148424,-1,-56.1717,-34.9126,1000,16,1,1750408995,1752074642,0
LTE,748,10,59220,5139720,-1,-56.1657,-34.9189,1000,1,1,1750415452,1750415452,0
LTE,748,10,59220,5140233,-1,-56.1686,-34.9115,1000,9,1,1750416059,1752074642,0
LTE,748,10,59220,5148423,-1,-56.173,-34.9083,1000,6,1,1750416211,1750449001,0
LTE,748,10,59220,5145609,-1,-56.1733,-34.9059,1000,3,1,1750416337,1750449001,0
LTE,748,10,59220,2403848,-1,-56.1735,-34.9044,1000,2,1,1750416360,1750449001,0
LTE,748,10,59220,2403849,-1,-56.1737,-34.9026,1000,5,1,1750416407,1750449001,0
LTE,748,10,59220,2403843,-1,-56.1736,-34.9022,1000,1,1,1750416506,1750416506,0
LTE,748,10,59220,1298692,-1,-56.1748,-34.9019,1000,1,1,1750417240,1750417240,0
LTE,748,10,59220,1298694,-1,-56.1757,-34.9002,1000,1,1,1750417301,1750417301,0
LTE,748,10,59220,324872,-1,-56.1846,-34.8931,1000,2,1,1750417649,1750449001,0
LTE,748,10,59220,324869,-1,-56.1858,-34.8913,1000,7,1,1750417702,1750449001,0
LTE,748,10,59220,5165575,-1,-56.2204,-34.8561,1000,2,1,1750418810,1752074642,0
LTE,748,10,59240,5150211,-1,-56.22,-34.8218,1000,1,1,1750419613,1750419613,0
LTE,748,10,59220,5130761,-1,-56.22,-34.8208,1000,1,1,1750419623,1750419623,0
LTE,748,10,59240,5120520,-1,-56.2205,-34.8147,1000,1,1,1750419685,1750419685,0
LTE,748,10,59240,5127940,-1,-56.2222,-34.7997,1000,1,1,1750420045,1750420045,0
LTE,748,10,59240,5172225,-1,-56.2242,-34.7911,1000,3,1,1750420300,1750451941,0
LTE,748,10,59240,5158406,-1,-56.224,-34.7863,1000,1,1,1750420413,1750420413,0
LTE,748,10,59240,5172741,-1,-56.2269,-34.7714,1000,3,1,1750420610,1750451941,0
LTE,748,10,59240,5172743,-1,-56.2251,-34.7617,1000,1,1,1750421094,1750421094,0
UMTS,748,1,110,1926649,0,-56.1821,-34.8365,1000,3,1,1750589955,1775017877,0
UMTS,748,1,103,1734843,0,-56.2242,-34.8025,1000,1,1,1750603550,1750603550,0
UMTS,748,1,123,1735353,0,-56.693,-33.1832,1000,1,1,1750608334,1750608334,0
UMTS,748,1,110,1946659,0,-56.1629,-34.8263,1000,1,1,1750661946,1750661946,0
UMTS,748,1,110,1946729,0,-56.2284,-34.8356,1000,1,1,1750664692,1750664692,0
UMTS,748,1,103,1946718,0,-56.2486,-34.8203,1815,11,1,1750685579,1776484304,0
UMTS,748,1,123,1735354,0,-56.6677,-33.2409,4870,8,1,1750739938,1758859330,0
UMTS,748,1,181,1735104,0,-56.2821,-34.824,1000,4,1,1750764441,1769150135,0
UMTS,748,10,19730,68963013,0,-58.2715,-33.8799,1000,1,1,1750853925,1750853925,0
UMTS,748,10,19730,69001878,0,-58.3141,-33.9621,1000,1,1,1750917070,1750917070,0
UMTS,748,10,19730,68973774,0,-58.402,-33.8687,1000,1,1,1750997494,1750997494,0
UMTS,748,1,103,1926709,0,-56.2234,-34.8254,1000,5,1,1751003498,1776829489,0
UMTS,748,10,19240,69069300,0,-56.7066,-34.343,1000,1,1,1751005900,1751005900,0
UMTS,748,1,116,1861062,0,-56.0178,-34.8437,1000,6,1,1751018377,1770617078,0
UMTS,748,1,103,1926610,0,-56.1607,-34.8068,1000,2,1,1751355285,1751949883,0
UMTS,748,10,19730,68963769,0,-57.8359,-34.4647,1000,2,1,1751361366,1751522284,0
UMTS,748,1,123,1715354,0,-56.6773,-33.2356,8691,11,1,1751438979,1758254951,0
UMTS,748,10,19260,68765552,0,-57.3528,-34.3124,1000,6,1,1751523070,1780115379,0
UMTS,748,10,19260,68805597,0,-57.3502,-34.3107,1000,6,1,1751525734,1780115503,0
UMTS,748,10,19260,68797167,0,-57.3538,-34.3136,1000,5,1,1751562844,1763787334,0
UMTS,748,10,19260,68807167,0,-57.3507,-34.3085,5123,17,1,1751566495,1765860586,0
LTE,748,7,7000,50731017,0,-56.1947,-34.8945,1000,1,1,1751542283,1751542283,0
UMTS,748,10,19260,68755653,0,-57.2461,-34.3282,2010,6,1,1751548437,1780374621,0
LTE,748,7,7000,50748167,0,-56.1946,-34.8894,1000,1,1,1751547697,1751547697,0
UMTS,748,10,19260,68805653,0,-57.2659,-34.3327,1954,13,1,1751552901,1780029163,0
LTE,748,7,7000,50731011,0,-56.1948,-34.8941,1000,1,1,1751552614,1751552614,0
UMTS,748,10,19260,68795597,0,-57.3537,-34.3153,1000,8,1,1751553869,1780029097,0
LTE,748,7,7000,50731014,0,-56.1941,-34.8953,1000,1,1,1751566394,1751566394,0
UMTS,748,10,19260,68765653,0,-57.1578,-34.3685,9933,13,1,1751628698,1780374624,0
UMTS,748,10,19260,68785782,0,-57.1071,-34.3559,3112,8,1,1751629640,1765860594,0
UMTS,748,10,19260,68755581,0,-57.0365,-34.3535,1513,9,1,1751630537,1779769920,0
UMTS,748,10,19260,68766905,0,-56.8587,-34.3264,5836,20,1,1751631457,1780115497,0
UMTS,748,10,19260,68807156,0,-56.708,-34.3433,1000,1,1,1751632391,1751632391,0
UMTS,748,10,19260,68776283,0,-56.4909,-34.4238,2893,15,1,1751633685,1780115589,0
UMTS,748,10,19260,68755680,0,-56.3952,-34.4534,1448,10,1,1751634324,1779510804,0
UMTS,748,10,19260,68795679,0,-56.2958,-34.5304,1000,1,1,1751635250,1751635250,0
LTE,748,1,115,530697,0,-56.1949,-34.8923,1000,1,1,1751635825,1751635825,0
UMTS,748,10,19260,68766450,0,-56.2473,-34.6397,1045,11,1,1751636224,1779424355,0
UMTS,748,10,19260,68765462,0,-56.2664,-34.7985,1000,7,1,1751637159,1780461080,0
UMTS,748,1,123,1735355,0,-56.8906,-33.0832,18385,6,1,1751639555,1757910666,0
UMTS,748,1,107,1722002,0,-55.4656,-34.7064,1000,2,1,1751642075,1777521373,0
UMTS,748,1,116,1881304,0,-55.5722,-34.6537,1000,1,1,1751642942,1751642942,0
UMTS,748,1,181,1752040,0,-56.2056,-34.4275,1000,1,1,1751646566,1751646566,0
UMTS,748,1,103,1926718,0,-56.2487,-34.8209,1860,12,1,1751646941,1780374609,0
UMTS,748,1,106,1861263,0,-56.1024,-34.8863,1000,4,1,1751649266,1774067916,0
LTE,748,7,7000,50731013,0,-56.1965,-34.8995,1000,1,1,1751654490,1751654490,0
UMTS,748,1,137,1723870,0,-57.3723,-33.8683,1000,1,1,1751720653,1751720653,0
LTE,748,10,59260,5169411,0,-56.5447,-34.6841,1000,1,1,1751658031,1751658031,0
UMTS,748,1,137,1743870,0,-57.3723,-33.8683,1000,1,1,1751726953,1751726953,0
UMTS,748,1,181,1733271,0,-56.4188,-34.756,1000,7,1,1751658714,1778557762,0
UMTS,748,1,181,1733697,0,-56.3428,-34.8191,1001,19,1,1751659614,1779942686,0
UMTS,748,1,137,1723698,0,-57.0856,-33.9641,1932,5,1,1751735112,1752556742,0
LTE,748,10,59730,1291266,0,-56.8952,-33.5258,1000,1,1,1751665543,1751665543,0
LTE,748,10,59730,5223430,0,-57.5093,-32.8432,1000,1,1,1751671139,1751671139,0
LTE,748,10,59730,5198853,0,-57.9993,-32.2047,1000,1,1,1751681677,1751681677,0
LTE,748,10,59730,5193734,0,-57.861,-32.0815,1000,1,1,1751682757,1751682757,0
UMTS,748,1,116,1880823,0,-55.8949,-34.8008,1000,1,1,1751708927,1751708927,0
UMTS,748,1,116,1860823,0,-55.9112,-34.7992,1000,1,1,1751718152,1751718152,0
UMTS,748,1,137,1714384,0,-57.0121,-33.8138,1000,1,1,1751791891,1751791891,0
UMTS,748,1,137,1743699,0,-57.107,-33.9583,4603,4,1,1751797354,1778557716,0
UMTS,748,1,106,1881263,0,-56.1079,-34.8867,1000,4,1,1751862981,1769842291,0
UMTS,748,1,106,1881262,0,-56.0999,-34.8816,1000,2,1,1751863881,1759204114,0
UMTS,748,10,19260,68756461,0,-56.1704,-34.6777,1000,1,1,1751869557,1751869557,0
UMTS,748,10,19260,68755686,0,-56.2139,-34.7167,1000,1,1,1751868633,1751868633,0
LTE,748,10,59260,1290761,0,-56.3868,-34.455,1000,1,1,1751894083,1751894083,0
UMTS,748,10,19260,68765686,0,-56.2552,-34.7513,3051,21,1,1751901463,1780461070,0
UMTS,748,10,19260,68785734,0,-56.2719,-34.5534,3062,19,1,1751902432,1776138433,0
UMTS,748,10,19260,68785665,0,-56.3439,-34.4683,6266,5,1,1751903349,1763441647,0
UMTS,748,10,19260,68765750,0,-56.6572,-34.3549,6037,20,1,1751905295,1780374615,0
UMTS,748,10,19260,68767181,0,-57.0534,-34.3605,1000,4,1,1751907125,1764392271,0
UMTS,748,1,181,1757720,0,-56.3291,-34.8871,1000,1,1,1751926738,1751926738,0
UMTS,748,1,137,1714784,0,-57.0583,-34.0421,1000,2,1,1751945166,1778557721,0
UMTS,748,10,19260,68767167,0,-57.3237,-34.3345,3478,12,1,1751956064,1765860589,0
UMTS,748,10,19260,68755784,0,-56.4827,-34.7125,7015,23,1,1751958794,1780461082,0
UMTS,748,10,19260,68765598,0,-57.2411,-34.2936,2889,13,1,1751957080,1780115542,0
UMTS,748,10,19260,68755598,0,-57.2336,-34.2854,1000,10,1,1751970715,1780029167,0
UMTS,748,10,19260,68776448,0,-57.2348,-34.3048,1000,2,1,1751976116,1780115565,0
UMTS,748,1,103,1734944,0,-56.2175,-34.8136,1966,5,1,1751976222,1777348409,0
UMTS,748,10,19260,68795653,0,-57.2971,-34.331,5383,4,1,1751978056,1774067906,0
UMTS,748,10,19260,68806448,0,-57.2342,-34.3087,3239,4,1,1751978852,1766120348,0
LTE,748,10,59260,5172739,-1,-56.2257,-34.7631,1000,8,1,1752036535,1752193141,0
LTE,748,10,59260,5172742,-1,-56.2274,-34.7636,1000,8,1,1752036785,1752074641,0
LTE,748,10,59260,5135873,-1,-56.231,-34.7636,1000,4,1,1752036901,1778291521,0
LTE,748,10,59260,5135879,-1,-56.2349,-34.7618,2093,9,1,1752036936,1754171941,0
LTE,748,10,59260,5172744,-1,-56.2256,-34.7677,1000,4,1,1752036981,1752199261,0
LTE,748,10,59260,5135880,-1,-56.2251,-34.7795,1000,18,1,1752037021,1752074641,0
LTE,748,10,59260,5167623,-1,-56.2241,-34.7863,1000,1,1,1752037201,1752037201,0
LTE,748,10,59260,5127943,-1,-56.2232,-34.8018,1642,13,1,1752037211,1752074642,0
LTE,748,10,59260,5172231,-1,-56.2243,-34.7924,1000,15,1,1752037221,1752074641,0
LTE,748,10,59260,5172233,-1,-56.2241,-34.7994,1000,12,1,1752037471,1752074642,0
LTE,748,10,59260,5127944,-1,-56.2213,-34.8093,1000,7,1,1752037882,1752074641,0
LTE,748,10,59260,5120520,-1,-56.2206,-34.8145,1000,3,1,1752037972,1752074642,0
LTE,748,10,59260,5150217,-1,-56.2202,-34.8194,1000,9,1,1752038047,1752074642,0
LTE,748,10,59220,5146627,-1,-56.2211,-34.8356,1000,1,1,1752038368,1752038368,0
LTE,748,10,59220,1310468,-1,-56.2219,-34.8381,1000,1,1,1752038393,1752038393,0
LTE,748,10,59220,5165572,-1,-56.2206,-34.8559,1000,1,1,1752038784,1752038784,0
LTE,748,10,59220,327942,-1,-56.2052,-34.8711,1000,1,1,1752039074,1752039074,0
LTE,748,10,59220,5125386,-1,-56.184,-34.8957,1000,1,1,1752039906,1752039906,0
LTE,748,10,59220,5148425,-1,-56.1742,-34.9085,1000,7,1,1752040618,1752074642,0
UMTS,748,10,19260,68786448,0,-57.2285,-34.2778,1000,1,1,1752045070,1752045070,0
UMTS,748,10,19260,68755663,0,-57.2589,-34.4029,1000,1,1,1752062398,1752062398,0
UMTS,748,10,19260,68765597,0,-57.32,-34.3322,2095,9,1,1752066978,1780374638,0
LTE,748,10,59260,5172743,-1,-56.2233,-34.7568,2042,18,1,1752159544,1752281582,0
LTE,748,10,59260,5172745,-1,-56.2249,-34.7643,1000,2,1,1752168425,1752199261,0
UMTS,748,10,19260,68777167,0,-57.357,-34.341,1000,2,1,1752159944,1763614406,0
UMTS,748,10,19260,68805782,0,-57.1689,-34.348,1378,2,1,1752160885,1764824508,0
UMTS,748,10,19260,68757181,0,-57.005,-34.3278,1548,3,1,1752161821,1758946206,0
UMTS,748,10,19260,68766932,0,-56.8666,-34.3336,6281,13,1,1752162734,1780374618,0
UMTS,748,10,19260,68795738,0,-56.7237,-34.3471,1011,4,1,1752163681,1780374616,0
UMTS,748,10,19260,68805590,0,-56.5665,-34.3856,2564,10,1,1752164708,1764910701,0
UMTS,748,10,19260,68775665,0,-56.3929,-34.4521,3454,20,1,1752165538,1779251485,0
UMTS,748,10,19260,68755790,0,-56.3435,-34.4863,2170,9,1,1752166443,1776745937,0
UMTS,748,10,19260,68775734,0,-56.2411,-34.5383,3991,12,1,1752167367,1777091692,0
UMTS,748,10,19260,68805707,0,-56.1024,-34.6253,3717,13,1,1752168315,1779251477,0
UMTS,748,10,19260,68755707,0,-56.0646,-34.6239,1277,21,1,1752171948,1780374542,0
LTE,748,1,103,547078,-1,-56.2226,-34.759,1000,5,1,1752250621,1752281402,0
LTE,748,1,103,547079,-1,-56.2236,-34.7616,1000,7,1,1752250686,1752281402,0
UMTS,748,10,19260,68755671,-1,-56.2238,-34.7365,1000,2,1,1752281537,1752281581,0
LTE,748,10,59260,5172737,-1,-56.2245,-34.7589,1000,13,1,1752242681,1752281581,0
LTE,748,10,59260,1295362,-1,-56.2239,-34.7515,1000,6,1,1752243117,1752281581,0
LTE,748,10,59260,1295368,-1,-56.2239,-34.749,1000,17,1,1752243167,1776225097,0
LTE,748,10,59260,5173513,-1,-56.2238,-34.7413,1000,7,1,1752243217,1752281582,0
LTE,748,10,59260,1295367,-1,-56.2238,-34.7423,1000,6,1,1752243232,1752281582,0
LTE,748,10,59260,1775362,-1,-56.2196,-34.7339,1034,6,1,1752243292,1752281582,0
LTE,748,10,59260,1775365,-1,-56.2224,-34.7338,1000,4,1,1752243297,1752281582,0
LTE,748,10,59260,1295364,-1,-56.2238,-34.7373,1000,4,1,1752243307,1752281582,0
LTE,748,10,59260,1336324,-1,-56.2238,-34.7323,1000,11,1,1752243357,1752281582,0
LTE,748,10,59260,1336327,-1,-56.2238,-34.7289,1000,3,1,1752243387,1752281581,0
LTE,748,10,59260,1775369,-1,-56.2214,-34.7278,1000,12,1,1752243397,1752281581,0
LTE,748,10,59260,1775368,-1,-56.217,-34.727,1000,1,1,1752243563,1752243563,0
LTE,748,10,59260,1775372,-1,-56.2211,-34.7282,1000,10,1,1752243573,1752281582,0
LTE,748,10,59260,1775371,-1,-56.2161,-34.7309,2788,9,1,1752243593,1752281582,0
LTE,748,10,59260,1775364,-1,-56.2111,-34.7269,1000,9,1,1752243613,1752281582,0
LTE,748,10,59260,1775361,-1,-56.2122,-34.7268,1000,1,1,1752243633,1752243633,0
LTE,748,10,59260,1775367,-1,-56.2042,-34.7261,1000,10,1,1752243738,1752281581,0
LTE,748,10,59260,1316360,-1,-56.2022,-34.725,1000,6,1,1752243833,1752281582,0
LTE,748,10,59260,1336330,-1,-56.2238,-34.729,1000,1,1,1752249946,1752249946,0
LTE,748,10,59260,5173510,-1,-56.2205,-34.7562,1000,1,1,1752250362,1752250362,0
LTE,748,10,59260,5173516,-1,-56.2213,-34.7547,1000,2,1,1752250552,1752281582,0
LTE,748,10,59260,5172740,-1,-56.223,-34.7566,1000,7,1,1752250567,1771791902,0
UMTS,748,10,19260,68795414,0,-56.1485,-34.7241,2579,16,1,1752209857,1779165092,0
UMTS,748,10,19260,68805392,0,-56.1639,-34.7968,1000,10,1,1752210788,1776138428,0
UMTS,748,10,19260,68805705,0,-55.896,-34.7014,1000,3,1,1752215558,1780029191,0
UMTS,748,10,19260,68775710,0,-56.0038,-34.7541,1000,1,1,1752216464,1752216464,0
UMTS,748,10,19260,68755334,0,-56.1059,-34.7926,1867,12,1,1752217351,1780460956,0
UMTS,748,10,19260,68785496,0,-56.2448,-34.7824,1000,2,1,1752218270,1753589288,0
UMTS,748,10,19260,68785686,0,-56.2429,-34.7092,2566,11,1,1752225483,1779769966,0
UMTS,748,10,19260,68775301,0,-56.2103,-34.7921,1242,17,1,1752226383,1779337758,0
UMTS,748,10,19260,68775390,0,-56.0883,-34.7932,1000,6,1,1752227290,1780374557,0
UMTS,748,10,19260,68775687,0,-56.0341,-34.7739,1000,3,1,1752228190,1780460957,0
UMTS,748,10,19260,68756455,0,-55.9324,-34.7098,1000,1,1,1752229090,1752229090,0
UMTS,748,10,19260,68775705,0,-55.8666,-34.6948,1000,1,1,1752229998,1752229998,0
UMTS,748,10,19260,68795391,0,-56.1499,-34.7812,3614,8,1,1752246888,1779510813,0
UMTS,748,1,137,1723697,0,-57.0845,-33.9576,1000,1,1,1752313375,1752313375,0
UMTS,748,1,106,1880893,0,-56.0259,-34.8761,1000,1,1,1752325516,1752325516,0
UMTS,748,1,106,1880892,0,-56.0265,-34.8728,1000,4,1,1752325841,1769842162,0
UMTS,748,1,137,1743700,0,-57.0871,-33.9591,1000,1,1,1752326890,1752326890,0
UMTS,748,7,46464,50726144,0,-56.2103,-34.9076,1000,1,1,1752387031,1752387031,0
UMTS,748,10,30016,1309188,0,-56.2046,-34.9027,1000,1,1,1752393688,1752393688,0
UMTS,748,10,30016,1309190,0,-56.2079,-34.9043,1000,1,1,1752399186,1752399186,0
LTE,748,7,7050,6230018,0,-57.9256,-31.2795,1000,1,1,1752400624,1752400624,0
UMTS,748,1,137,1743697,0,-57.0915,-33.9313,1000,1,1,1752401698,1752401698,0
LTE,748,10,59730,1326346,0,-58.0462,-32.2755,1000,1,1,1752409107,1752409107,0
LTE,748,1,24,238350,0,-57.4839,-32.8634,1000,1,1,1752413567,1752413567,0
LTE,748,10,59730,1291523,0,-56.9354,-33.5104,1000,1,1,1752417789,1752417789,0
LTE,748,10,59730,1291267,0,-56.9135,-33.5126,1000,1,1,1752417913,1752417913,0
LTE,748,1,37,147467,0,-56.6884,-34.19,1000,1,1,1752422199,1752422199,0
LTE,748,10,59260,5206022,0,-56.5546,-34.6788,1000,1,1,1752426545,1752426545,0
LTE,748,10,59260,5163009,0,-56.3402,-34.8168,1000,1,1,1752431160,1752431160,0
UMTS,748,1,181,1714414,0,-56.1184,-34.5071,1000,2,1,1752453138,1777177985,0
UMTS,748,10,19260,68755799,0,-56.1131,-34.6635,5457,19,1,1752470801,1778992299,0
UMTS,748,10,19260,68785391,0,-56.1367,-34.7828,1550,15,1,1752471771,1780461083,0
UMTS,748,1,137,1723352,0,-58.3925,-33.8776,1463,5,1,1752478713,1762493436,0
UMTS,748,10,30016,5159685,0,-56.2181,-34.8686,1000,1,1,1752486933,1752486933,0
UMTS,748,10,19260,68755392,0,-56.1546,-34.7971,1000,4,1,1752488951,1778817055,0
UMTS,748,10,19260,68776299,0,-56.2568,-34.7527,3000,23,1,1752489895,1780461068,0
UMTS,748,10,19260,68755786,0,-56.2614,-34.581,5247,11,1,1752490857,1777348491,0
UMTS,748,10,19260,68775791,0,-56.2715,-34.4487,7614,17,1,1752491791,1777005177,0
LTE,748,10,59260,1290758,0,-56.3875,-34.4536,1000,1,1,1752492268,1752492268,0
UMTS,748,10,19260,68805665,0,-56.3962,-34.449,5017,9,1,1752492718,1764652013,0
UMTS,748,10,19260,68775576,0,-56.4158,-34.4419,1000,1,1,1752493632,1752493632,0
UMTS,748,10,19260,68775750,0,-56.7381,-34.3441,2416,16,1,1752497578,1779769926,0
UMTS,748,10,19260,68755782,0,-57.0998,-34.3507,12723,11,1,1752499192,1780374619,0
UMTS,748,7,47104,50767105,0,-56.2294,-34.8571,1000,1,1,1752503300,1752503300,0
LTE,748,10,59260,5163531,0,-56.3198,-34.8269,1000,1,1,1752504642,1752504642,0
LTE,748,1,115,642307,0,-56.1946,-34.8924,1000,1,1,1752505831,1752505831,0
UMTS,748,7,46464,50767105,0,-56.2294,-34.8571,1000,1,1,1752519792,1752519792,0
UMTS,748,1,1616,692997,0,-56.2075,-34.9034,1000,1,1,1752527796,1752527796,0
UMTS,748,7,46464,50783744,0,-56.1995,-34.9048,1000,1,1,1752528333,1752528333,0
UMTS,748,1,116,1861303,0,-55.4814,-34.7045,3220,2,1,1752576778,1774583653,0
UMTS,748,10,30656,1344006,0,-56.0846,-34.7806,1000,1,1,1752584326,1752584326,0
LTE,748,7,7000,50715915,0,-56.212,-34.897,1000,1,1,1752588001,1752588001,0
LTE,748,10,59260,141318,0,-56.7205,-34.3557,1000,1,1,1752605676,1752605676,0
LTE,748,10,59730,1291522,0,-56.902,-33.528,1000,1,1,1752611454,1752611454,0
LTE,748,7,7020,3953409,0,-57.113,-33.1928,1000,1,1,1752614046,1752614046,0
UMTS,748,1,103,1715075,0,-56.2572,-34.8147,1508,17,1,1752617086,1778903400,0
UMTS,748,10,19260,68775754,0,-56.4274,-34.7199,3546,26,1,1752673492,1780460948,0
UMTS,748,10,19260,68755755,0,-56.4374,-34.7292,2189,22,1,1752651728,1780461012,0
UMTS,748,7,47104,50735106,0,-56.2685,-34.7727,1000,1,1,1752641853,1752641853,0
UMTS,748,10,30656,1344004,0,-56.0627,-34.7855,1000,1,1,1752671209,1752671209,0
UMTS,748,10,19730,68962254,0,-57.5466,-34.2163,1000,1,1,1752671608,1752671608,0
UMTS,748,1,137,1735115,0,-57.861,-33.8711,1000,1,1,1752677135,1752677135,0
UMTS,748,10,30016,5121284,0,-56.273,-34.8491,1000,1,1,1752688762,1752688762,0
UMTS,748,10,30016,5124356,0,-56.2821,-34.8485,1000,1,1,1752707274,1752707274,0
UMTS,748,10,19260,68765755,0,-56.4431,-34.7427,1422,14,1,1752757977,1780374601,0
UMTS,748,10,19260,68765388,0,-56.3246,-34.8347,3347,22,1,1752729122,1780461026,0
UMTS,748,1,1760,702213,0,-56.2763,-34.8479,1000,1,1,1752730414,1752730414,0
UMTS,748,10,19260,68785352,0,-56.3144,-34.8385,2402,23,1,1752757081,1779510566,0
UMTS,748,10,19260,68775755,0,-56.4627,-34.7293,1773,24,1,1752748944,1780461028,0
UMTS,748,10,19260,68766726,0,-56.5974,-34.654,16865,23,1,1752748044,1780461030,0
UMTS,748,10,19260,68775587,0,-56.7659,-34.5455,3760,25,1,1752738858,1780461032,0
UMTS,748,1,1760,701960,0,-56.2756,-34.846,1000,1,1,1752739482,1752739482,0
UMTS,748,10,19260,68775783,0,-56.9518,-34.43,13957,23,1,1752739771,1780461036,0
UMTS,748,10,19260,68765782,0,-57.0914,-34.4407,4266,21,1,1752743490,1780461037,0
UMTS,748,10,19260,68765663,0,-57.0973,-34.4485,5471,24,1,1752744429,1780374620,0
UMTS,748,10,19260,68795581,0,-57.0638,-34.4036,3810,21,1,1752745321,1780115492,0
UMTS,748,10,19260,68755783,0,-56.8839,-34.4719,5694,25,1,1752746222,1780461034,0
UMTS,748,1,1760,578059,0,-56.2888,-34.8508,1000,1,1,1752746799,1752746799,0
UMTS,748,10,19260,68777185,0,-56.756,-34.5516,3117,12,1,1752747122,1764219388,0
UMTS,748,1,1760,646149,0,-56.2853,-34.8515,1000,1,1,1752749214,1752749214,0
UMTS,748,10,19260,68785578,0,-56.3778,-34.7746,1000,22,1,1752749851,1780461082,0
UMTS,748,10,19260,68755388,0,-56.3421,-34.8215,1142,22,1,1752760690,1779510560,0
UMTS,748,10,19260,68775457,0,-56.238,-34.8206,1000,16,1,1752761595,1779337916,0
UMTS,748,10,19260,68776446,0,-56.6828,-34.1574,9534,14,1,1752766207,1771911282,0
UMTS,748,10,19260,68765739,0,-56.6795,-34.3314,1000,1,1,1752767127,1752767127,0
UMTS,748,10,19260,68755754,0,-56.3943,-34.767,1352,25,1,1752767948,1780115587,0
UMTS,748,10,19260,68755734,0,-56.279,-34.507,4704,23,1,1752769922,1778557749,0
UMTS,748,10,19260,68766282,0,-56.1531,-34.5865,5035,12,1,1752770856,1780374610,0
UMTS,748,1,1296,702213,0,-56.2763,-34.8479,1000,1,1,1752847216,1752847216,0
UMTS,748,1,116,1858262,0,-55.939,-34.8163,1000,4,1,1752930368,1773895989,0
UMTS,748,10,59260,5197061,0,-56.7451,-34.4341,1000,1,1,1752933211,1752933211,0
UMTS,748,1,103,1946609,0,-56.1348,-34.8221,2187,3,1,1752938471,1775965373,0
UMTS,748,1,104,1561584,0,-56.9297,-33.0793,1000,1,1,1752969954,1752969954,0
GSM,748,10,9303,34169,-1,-56.2794,-34.5052,1000,2,1,1753000971,1757305726,0
UMTS,748,10,19260,68805350,0,-56.3525,-34.7921,2121,14,1,1753071540,1779510772,0
UMTS,748,10,19260,68775334,0,-56.138,-34.7951,1000,14,1,1753075434,1780461065,0
UMTS,748,10,19260,68775578,0,-56.3604,-34.7786,1708,25,1,1753078771,1780461072,0
UMTS,748,10,19260,68765754,0,-56.4106,-34.7607,1718,22,1,1753083276,1780461080,0
UMTS,748,10,19260,68795350,0,-56.3487,-34.7974,1000,16,1,1753090585,1779856380,0
UMTS,748,10,19260,68775462,0,-56.2655,-34.776,3785,23,1,1753098150,1780461064,0
UMTS,748,10,19260,68756450,0,-56.2566,-34.6222,1000,7,1,1753099075,1775277135,0
UMTS,748,10,19260,68805679,0,-56.3113,-34.5117,2255,16,1,1753100044,1780374612,0
UMTS,748,10,19260,68766446,0,-56.6951,-34.2429,3254,12,1,1753103730,1778903504,0
UMTS,748,10,19260,68785674,0,-56.2503,-34.7112,2772,2,1,1753118997,1763872458,0
UMTS,748,10,19260,68775353,0,-56.2678,-34.7466,1000,8,1,1753120797,1773211202,0
UMTS,748,10,19260,68765427,0,-56.2724,-34.7856,1512,6,1,1753121699,1780374586,0
UMTS,748,10,19260,68785515,0,-54.9427,-34.9099,1000,5,1,1753221733,1762231868,0
UMTS,748,10,19260,68795426,0,-56.2094,-34.8109,1000,2,1,1753245494,1755748740,0
UMTS,748,10,19260,68755347,0,-56.1933,-34.8172,1000,17,1,1753278077,1779769908,0
UMTS,748,1,123,1715355,0,-56.8773,-33.082,16678,6,1,1753250856,1759204072,0
UMTS,748,10,19260,68765349,0,-56.2216,-34.8118,1000,4,1,1753274458,1758081458,0
UMTS,748,10,19260,68765347,0,-56.1917,-34.8184,1000,9,1,1753275357,1779769956,0
UMTS,748,1,103,1734955,0,-56.2124,-34.8053,1000,2,1,1753283624,1758688325,0
UMTS,748,1,103,1714974,0,-56.2212,-34.8023,1000,1,1,1753284358,1753284358,0
UMTS,748,1,103,1734845,0,-56.2282,-34.8054,1000,1,1,1753288162,1753288162,0
UMTS,748,1,103,1926608,0,-56.1363,-34.8013,1000,5,1,1753338912,1759464267,0
UMTS,748,1,200,1566007,0,-56.0858,-34.7953,3710,6,1,1753342520,1777521362,0
UMTS,748,1,121,1753130,0,-54.963,-34.8952,1000,1,1,1753359671,1753359671,0
UMTS,748,1,121,1733061,0,-54.9545,-34.9143,1000,2,1,1753360568,1768890433,0
UMTS,748,10,19260,68775577,0,-56.6539,-34.6137,23464,24,1,1753380320,1779424409,0
LTE,748,1,23,148010,0,-57.97,-32.3945,1000,1,1,1753402324,1753402324,0
LTE,748,1,23,178955,0,-57.9828,-32.4486,1000,1,1,1753410737,1753410737,0
LTE,748,10,59730,5200389,0,-57.9923,-32.4533,1000,1,1,1753414423,1753414423,0
LTE,748,10,59260,5225222,0,-56.6884,-34.1887,1000,1,1,1753427386,1753427386,0
UMTS,748,10,19730,68953398,0,-57.4976,-32.8553,1000,1,1,1753428613,1753428613,0
UMTS,748,10,19740,68786773,0,-57.0744,-33.3019,7588,14,1,1753432465,1778298924,0
UMTS,748,10,19740,68766773,0,-57.0248,-33.415,7910,12,1,1753433282,1778298926,0
UMTS,748,10,19740,68755605,0,-56.9072,-33.5155,1000,7,1,1753434217,1778903493,0
UMTS,748,10,19740,68765605,0,-56.8912,-33.548,5673,11,1,1753444154,1778903497,0
LTE,748,1,115,530696,0,-56.1951,-34.8931,1000,1,1,1753444164,1753444164,0
UMTS,748,10,19740,68766798,0,-56.7722,-33.8219,10122,19,1,1753445117,1778903501,0
UMTS,748,10,19260,68805739,0,-56.6919,-34.3169,1262,5,1,1753448786,1777607591,0
UMTS,748,10,19260,68776321,0,-56.403,-34.4489,1000,1,1,1753452504,1753452504,0
UMTS,748,10,19260,68785707,0,-56.0674,-34.6504,1000,23,1,1753455268,1780201879,0
UMTS,748,10,19260,68795707,0,-56.0751,-34.6497,1304,21,1,1753456306,1780374608,0
UMTS,748,1,117,1877102,0,-55.5413,-34.783,1000,6,1,1753469764,1773384235,0
LTE,748,7,7000,50748170,0,-56.1948,-34.8894,1000,1,1,1753471462,1753471462,0
UMTS,748,1,117,1856803,0,-55.2727,-34.8717,1000,3,1,1753550927,1753762716,0
UMTS,748,1,117,1876803,0,-55.2727,-34.8717,1000,3,1,1753548227,1753762695,0
LTE,748,7,7000,50748164,0,-56.1946,-34.8893,1000,1,1,1753509789,1753509789,0
UMTS,748,10,19260,68755426,0,-56.2044,-34.8023,2571,22,1,1753526330,1779769905,0
UMTS,748,10,19260,68785414,0,-56.1445,-34.7423,1000,9,1,1753527834,1772950599,0
LTE,748,7,7000,50721538,0,-56.1933,-34.8932,1000,1,1,1753532818,1753532818,0
LTE,748,7,7000,50748161,0,-56.194,-34.8886,1000,1,1,1753543876,1753543876,0
LTE,748,7,7000,50765829,0,-56.1898,-34.899,1000,1,1,1753614343,1753614343,0
UMTS,748,10,19260,68755350,0,-56.3714,-34.774,7514,25,1,1753634193,1780461014,0
UMTS,748,10,19260,68776282,0,-56.2244,-34.5308,5079,5,1,1753678911,1779251479,0
UMTS,748,10,19740,68786798,0,-56.8074,-33.7073,4957,14,1,1753684809,1778903500,0
UMTS,748,10,19740,68767162,0,-56.8889,-33.5467,4819,8,1,1753685631,1765601063,0
UMTS,748,10,19740,68765604,0,-56.8956,-33.5245,1201,17,1,1753686509,1778644287,0
LTE,748,10,59260,5169414,0,-56.4693,-34.7255,1000,1,1,1753722455,1753722455,0
UMTS,748,7,9040,591024,0,-56.421,-34.7523,1000,1,1,1753725877,1753725877,0
UMTS,748,7,9080,331276,0,-56.7616,-33.8632,1000,1,1,1753732339,1753732339,0
UMTS,748,1,103,1734974,0,-56.2212,-34.799,1000,1,1,1753776945,1753776945,0
LTE,748,10,59220,5179144,0,-56.2126,-34.9073,1000,1,1,1753783419,1753783419,0
UMTS,748,1,116,1878193,0,-55.6858,-34.7492,1000,5,1,1753797101,1771051279,0
UMTS,748,1,116,1878623,0,-55.724,-34.755,1000,3,1,1753850317,1756958480,0
UMTS,748,1,116,1881062,0,-56.0188,-34.844,1000,4,1,1753871480,1771569857,0
UMTS,748,1,116,1860553,0,-55.8351,-34.7741,1000,2,1,1753892714,1768631798,0
UMTS,748,10,19730,68952242,0,-57.5932,-30.2567,1000,1,1,1753946260,1753946260,0
UMTS,748,10,19730,68962937,0,-57.7239,-31.0471,1000,1,1,1753974592,1753974592,0
UMTS,748,1,118,1944109,0,-56.1262,-34.9,1000,6,1,1753986537,1766296065,0
UMTS,748,10,19740,68766992,0,-57.9093,-31.4544,1000,8,1,1754001850,1777607514,0
UMTS,748,10,19740,68765623,0,-57.9405,-31.4156,4432,17,1,1754029891,1777607500,0
UMTS,748,10,19740,68765624,0,-57.9482,-31.3878,3665,9,1,1754031684,1776829512,0
UMTS,748,10,19740,68765621,0,-57.9651,-31.3881,1000,5,1,1754037146,1777005198,0
UMTS,748,10,19740,68775623,0,-57.9544,-31.3987,1267,7,1,1754036265,1777091613,0
UMTS,748,10,19740,68756348,0,-57.9428,-31.3847,1000,7,1,1754038992,1777091595,0
UMTS,748,10,19740,68776737,0,-57.9255,-31.4353,1264,4,1,1754040841,1777091619,0
UMTS,748,10,19740,68805807,0,-57.8848,-31.8168,1260,4,1,1754042777,1765515361,0
UMTS,748,10,19740,68795657,0,-57.851,-31.989,4330,2,1,1754043705,1760512227,0
UMTS,748,10,19740,68756738,0,-57.9499,-32.1565,5675,11,1,1754044618,1777607567,0
UMTS,748,10,19740,68766738,0,-58.0017,-32.2058,1786,11,1,1754047480,1777091661,0
UMTS,748,10,19740,68765561,0,-58.0164,-32.2203,1000,2,1,1754048328,1770187986,0
UMTS,748,10,19740,68775610,0,-58.0495,-32.3546,1767,7,1,1754049188,1778298905,0
UMTS,748,10,19740,68786791,0,-57.8277,-32.5372,8095,13,1,1754050115,1777607572,0
UMTS,748,10,19740,68766791,0,-57.7294,-32.6263,6680,14,1,1754051030,1778298910,0
UMTS,748,10,19740,68786790,0,-57.5359,-32.8123,8554,13,1,1754051946,1778644372,0
UMTS,748,10,19740,68786792,0,-57.3721,-32.9482,8868,14,1,1754052852,1778644371,0
UMTS,748,10,19740,68766792,0,-57.265,-33.0477,7509,13,1,1754053758,1777953000,0
UMTS,748,10,19740,68786763,0,-57.1714,-33.1269,9568,11,1,1754055098,1778644370,0
UMTS,748,10,19740,68756773,0,-57.0451,-33.3412,1000,2,1,1754056606,1778644366,0
UMTS,748,10,19740,68775605,0,-56.9585,-33.5033,3889,13,1,1754057580,1778903491,0
UMTS,748,10,19260,68755665,0,-56.3686,-34.4591,4006,12,1,1754064988,1780115592,0
UMTS,748,10,19260,68765734,0,-56.2684,-34.5231,1242,16,1,1754065880,1780201809,0
LTE,748,10,59260,1295365,-1,-56.2262,-34.755,1000,2,1,1754130135,1754171941,0
LTE,748,10,59260,1295369,-1,-56.2372,-34.7536,1428,17,1,1754130150,1754171941,0
LTE,748,10,59260,1336328,-1,-56.2493,-34.7422,1471,16,1,1754130285,1773815658,0
LTE,748,10,59260,1336322,-1,-56.2529,-34.7462,1000,1,1,1754130380,1754130380,0
LTE,748,10,59260,5187589,-1,-56.2524,-34.7446,1000,1,1,1754130385,1754130385,0
LTE,748,10,59260,1296388,-1,-56.252,-34.743,1000,1,1,1754130395,1754130395,0
LTE,748,10,59260,1336331,-1,-56.2479,-34.7499,1561,3,1,1754130410,1778291521,0
LTE,748,10,59260,1336329,-1,-56.2449,-34.723,1000,12,1,1754130475,1773815659,0
LTE,748,10,59260,1336323,-1,-56.2426,-34.7219,1000,2,1,1754130560,1773815659,0
UMTS,748,1,117,1856893,0,-55.5633,-34.7765,1000,3,1,1754109215,1764738108,0
UMTS,748,10,19260,68765799,0,-56.1353,-34.6909,2142,15,1,1754284085,1780201935,0
UMTS,748,10,19260,68755330,0,-56.1375,-34.8093,1000,11,1,1754304956,1774153287,0
UMTS,748,10,19260,68756283,0,-56.4489,-34.4384,4009,18,1,1754311440,1780374613,0
UMTS,748,10,19260,68807151,0,-56.7037,-34.285,1000,1,1,1754312749,1754312749,0
UMTS,748,10,19740,68785619,0,-57.6324,-32.7051,1000,8,1,1754322818,1778730687,0
UMTS,748,1,116,1878194,0,-55.7348,-34.7425,1000,1,1,1754329217,1754329217,0
UMTS,748,10,19740,68766767,0,-57.944,-32.4655,7457,12,1,1754375353,1778298907,0
UMTS,748,10,19740,68786767,0,-58.0236,-32.3985,9971,9,1,1754379925,1777607571,0
UMTS,748,10,19740,68755609,0,-58.0686,-32.3174,1199,22,1,1754379050,1778298698,0
UMTS,748,10,19260,68785470,0,-54.9428,-34.9099,1000,6,1,1754379451,1761886102,0
UMTS,748,10,19260,68756881,0,-54.9423,-34.91,1000,5,1,1754411121,1762318509,0
UMTS,748,10,19740,68775609,0,-58.0742,-32.3151,1000,11,1,1754384466,1778298847,0
UMTS,748,10,19740,68755608,0,-58.08,-32.3199,1000,15,1,1754385356,1778298882,0
UMTS,748,10,19740,68765609,0,-58.0695,-32.3204,1184,16,1,1754386440,1778298871,0
UMTS,748,10,19740,68765608,0,-58.0863,-32.3197,1000,11,1,1754390024,1778298667,0
UMTS,748,10,19740,68755610,0,-58.048,-32.3182,2439,8,1,1754395429,1778298867,0
UMTS,748,10,19740,68776906,0,-58.0152,-32.3295,1000,4,1,1754398962,1778298857,0
UMTS,748,10,19740,68756364,0,-58.0432,-32.3036,1000,2,1,1754399881,1765342823,0
UMTS,748,10,19740,68765657,0,-57.8494,-31.9771,2185,2,1,1754405387,1770446099,0
UMTS,748,10,19740,68756302,0,-57.8845,-31.6324,1642,3,1,1754407242,1770188000,0
UMTS,748,10,19740,68756992,0,-57.9041,-31.4578,1000,1,1,1754408201,1754408201,0
UMTS,748,10,19260,68765502,0,-54.9395,-34.911,1177,26,1,1754418366,1762058649,0
UMTS,748,10,19740,68776992,0,-57.9086,-31.4547,1000,11,1,1754504756,1777091410,0
UMTS,748,10,19260,68766881,0,-54.9414,-34.9109,1000,17,1,1754424664,1762231885,0
UMTS,748,1,117,1860852,0,-55.1873,-34.7793,1106,3,1,1754457298,1755921445,0
LTE,748,10,59220,5132554,0,-56.2425,-34.8697,1000,1,1,1754461246,1754461246,0
UMTS,748,10,19260,68766385,0,-54.9396,-34.8234,1273,3,1,1754461782,1756785725,0
UMTS,748,10,19260,68806354,0,-54.9155,-34.7571,1000,1,1,1754465395,1754465395,0
UMTS,748,10,19740,68755622,0,-57.9673,-31.3907,1000,1,1,1754467803,1754467803,0
UMTS,748,10,19260,68776354,0,-54.9153,-34.758,1000,1,1,1754468101,1754468101,0
UMTS,748,10,19260,68756955,0,-54.9456,-34.86,1332,2,1,1754469001,1757565083,0
UMTS,748,10,19260,68755502,0,-54.9424,-34.9099,1000,17,1,1754469909,1761972312,0
UMTS,748,10,19740,68775621,0,-57.9685,-31.389,1000,3,1,1754471388,1776829589,0
UMTS,748,10,19260,68775515,0,-54.9408,-34.9092,1000,7,1,1754491572,1762231905,0
UMTS,748,10,19740,68765622,0,-57.9472,-31.3929,2944,3,1,1754472278,1762493450,0
UMTS,748,10,19740,68766348,0,-57.9476,-31.3875,1000,13,1,1754476816,1777091602,0
UMTS,748,10,19260,68765515,0,-54.9436,-34.9041,1000,1,1,1754478039,1754478039,0
UMTS,748,10,19260,68755474,0,-55.0178,-34.8864,2418,5,1,1754478951,1758946165,0
UMTS,748,10,19740,68755623,0,-57.9484,-31.3952,1000,12,1,1754485839,1777091589,0
UMTS,748,10,19260,68806346,0,-55.0485,-34.8674,1038,16,1,1754480751,1761972271,0
UMTS,748,10,19260,68796331,0,-55.0271,-34.9038,1027,4,1,1754481648,1761626648,0
UMTS,748,10,19740,68776302,0,-57.8768,-31.7158,6161,8,1,1754481731,1777607522,0
UMTS,748,10,19260,68755520,0,-54.9374,-34.8855,1000,3,1,1754482550,1759293041,0
UMTS,748,1,117,1880912,0,-55.1967,-34.7763,2594,6,1,1754483479,1771051277,0
UMTS,748,10,19740,68756739,0,-57.8505,-32.0299,9156,8,1,1754483891,1777607565,0
UMTS,748,10,19260,68755494,0,-54.9423,-34.9099,1000,7,1,1754484364,1761886148,0
UMTS,748,10,19740,68766748,0,-57.9393,-31.3859,2441,7,1,1754488553,1776918785,0
UMTS,748,1,103,1946608,0,-56.1362,-34.8001,1000,4,1,1754490722,1774583640,0
UMTS,748,10,19260,68775470,0,-54.9412,-34.9093,1000,4,1,1754504181,1762318512,0
UMTS,748,1,181,1735105,0,-56.2784,-34.8158,1000,1,1,1754498040,1754498040,0
UMTS,748,1,181,1715105,0,-56.2798,-34.8147,1000,2,1,1754499829,1778557768,0
UMTS,748,10,19260,68765414,0,-56.1161,-34.7296,1000,1,1,1754509600,1754509600,0
UMTS,748,10,19250,68776386,0,-56.275,-34.8596,2143,16,1,1754563909,1780374637,0
UMTS,748,10,19250,68765325,0,-56.2203,-34.8701,1000,16,1,1754527550,1780460953,0
UMTS,748,10,19250,68775464,0,-56.2612,-34.8578,1089,22,1,1754533960,1780461016,0
UMTS,748,10,19250,68755327,0,-56.2447,-34.8683,1000,23,1,1754533038,1779942677,0
UMTS,748,10,19740,68766737,0,-57.9027,-31.5324,4598,12,1,1754548042,1777607518,0
UMTS,748,10,19740,68765807,0,-57.8612,-31.896,3948,8,1,1754551265,1777607525,0
UMTS,748,10,19740,68766364,0,-58.056,-32.3107,1000,2,1,1754558293,1769494820,0
LTE,748,10,59260,1344005,0,-56.0717,-34.7963,1000,1,1,1754561975,1754561975,0
UMTS,748,10,19250,68756386,0,-56.2639,-34.8605,1152,18,1,1754563004,1779856411,0
LTE,748,1,103,710916,0,-56.1029,-34.792,1000,1,1,1754564524,1754564524,0
UMTS,748,10,19250,68775324,0,-56.2621,-34.848,2048,24,1,1754564820,1780115595,0
UMTS,748,10,19740,68765611,0,-58.0699,-32.3037,1000,5,1,1754568237,1778039892,0
UMTS,748,1,124,1735303,0,-57.6379,-33.1784,6263,2,1,1754572938,1768020865,0
UMTS,748,10,19260,68766281,0,-56.7483,-34.4527,2508,3,1,1754571052,1779424407,0
UMTS,748,1,124,1733378,0,-57.5981,-33.1554,1000,2,1,1754571186,1770273599,0
UMTS,748,10,19740,68766895,0,-58.0763,-32.3033,1407,5,1,1754571915,1777953085,0
LTE,748,1,37,147469,0,-56.6926,-34.2352,1000,1,1,1754572543,1754572543,0
UMTS,748,10,19260,68795352,0,-56.3419,-34.8083,1000,21,1,1754572572,1780374612,0
LTE,748,10,59260,5205764,0,-56.6978,-34.0434,1000,1,1,1754573583,1754573583,0
UMTS,748,1,124,1735304,0,-57.6115,-33.2935,9404,3,1,1754577571,1770273621,0
LTE,748,10,59740,5213188,0,-57.0313,-33.3962,1000,1,1,1754579668,1754579668,0
UMTS,748,10,19260,68786955,0,-54.9458,-34.8791,1000,5,1,1754579875,1761626733,0
UMTS,748,10,19260,68786850,0,-54.92,-34.7798,1000,1,1,1754580786,1754580786,0
UMTS,748,10,19260,68776268,0,-55.0537,-34.7406,4441,6,1,1754581692,1759292942,0
UMTS,748,10,19260,68765572,0,-55.2156,-34.7796,1121,4,1,1754582598,1762318533,0
UMTS,748,10,19250,68765693,0,-56.2693,-34.8567,3123,24,1,1754582908,1780201880,0
UMTS,748,10,19260,68805572,0,-55.2376,-34.7885,1000,2,1,1754583498,1757476966,0
UMTS,748,10,19250,68755339,0,-56.2977,-34.8538,1060,12,1,1754591099,1777521256,0
UMTS,748,10,19260,68765481,0,-55.2672,-34.8663,1000,5,1,1754590698,1757476971,0
LTE,748,7,7050,63314433,0,-57.909,-31.5179,1000,1,1,1754593131,1754593131,0
UMTS,748,10,19260,68766871,0,-55.2663,-34.8668,1000,3,1,1754624964,1757564971,0
UMTS,748,10,19260,68806941,0,-55.1383,-34.8651,1000,1,1,1754625864,1754625864,0
UMTS,748,10,19260,68795474,0,-55.0358,-34.9002,1000,3,1,1754630375,1757565078,0
UMTS,748,10,19260,68755773,0,-54.9503,-34.8822,1000,1,1,1754631279,1754631279,0
UMTS,748,10,19740,68765610,0,-58.0277,-32.3324,3209,3,1,1754635283,1771994851,0
UMTS,748,10,19740,68755619,0,-57.6431,-32.6928,3574,12,1,1754654375,1778730497,0
UMTS,748,10,19260,68805578,0,-56.4165,-34.7095,1000,9,1,1754677453,1775879791,0
UMTS,748,10,19260,68765322,0,-56.2978,-34.8553,1000,7,1,1754659103,1777521353,0
UMTS,748,10,19260,68785494,0,-54.9424,-34.9099,1000,11,1,1754659336,1761972261,0
UMTS,748,10,19250,68786747,0,-56.2861,-34.844,1171,17,1,1754659907,1780201793,0
UMTS,748,10,19250,68765346,0,-56.2223,-34.8262,1000,7,1,1754660807,1779769770,0
UMTS,748,10,19250,68756988,0,-56.1742,-34.8574,1000,18,1,1754661707,1780115402,0
UMTS,748,10,19740,68766790,0,-57.4245,-32.902,6941,11,1,1754663462,1771994771,0
UMTS,748,10,19740,68775604,0,-57.0123,-33.4615,1000,1,1,1754667320,1754667320,0
UMTS,748,10,19260,68755750,0,-56.7033,-34.2893,1568,3,1,1754671928,1778557762,0
UMTS,748,10,19260,68795590,0,-56.5278,-34.4073,3000,4,1,1754673028,1765601247,0
UMTS,748,10,19260,68805391,0,-56.1365,-34.758,5074,14,1,1754718264,1779769895,0
UMTS,748,10,19250,68765323,0,-56.1407,-34.8302,1000,16,1,1754719128,1780461086,0
UMTS,748,10,19250,68765442,0,-56.1336,-34.8491,1000,14,1,1754735327,1780201886,0
UMTS,748,1,116,1857624,0,-56.0128,-34.869,1000,1,1,1754820825,1754820825,0
UMTS,748,1,118,1924108,0,-56.1184,-34.8974,1000,1,1,1754821725,1754821725,0
UMTS,748,10,19250,68785400,0,-56.2021,-34.8723,1000,18,1,1754845988,1780461024,0
UMTS,748,10,19250,68775433,0,-56.2056,-34.8779,1271,21,1,1754849614,1780460981,0
UMTS,748,10,19250,68755433,0,-56.2002,-34.8856,746,26,1,1754919237,1780461061,0
UMTS,748,10,19260,68765606,0,-56.18,-34.1397,3788,18,1,1754890926,1777005172,0
UMTS,748,10,19260,68755607,0,-56.2368,-34.0595,3896,16,1,1754891872,1777005168,0
UMTS,748,10,19260,68785571,0,-54.9643,-34.8829,1000,1,1,1754891975,1754891975,0
UMTS,748,10,19740,68766744,0,-56.277,-33.8659,4972,24,1,1754892780,1776918673,0
UMTS,748,10,19260,68796346,0,-55.0511,-34.8798,1000,4,1,1754894711,1759293008,0
UMTS,748,10,19740,68765648,0,-56.3184,-33.7482,7026,22,1,1754895549,1776918669,0
UMTS,748,10,19260,68756856,0,-54.9789,-34.8863,1000,5,1,1754895596,1761972285,0
UMTS,748,10,19740,68755648,0,-56.3337,-33.6954,5454,19,1,1754896402,1779424376,0
UMTS,748,10,19740,68776797,0,-56.3961,-33.5349,5539,24,1,1754897329,1777005158,0
UMTS,748,10,19740,68776735,0,-56.1035,-32.1115,10325,26,1,1754906274,1777348535,0
UMTS,748,10,19740,68766759,0,-56.0297,-31.9394,5546,22,1,1754906711,1777348537,0
UMTS,748,10,19740,68765758,0,-55.9978,-31.7627,5346,16,1,1754907623,1777005041,0
UMTS,748,10,19740,68765743,0,-55.9804,-31.7135,1000,8,1,1754912192,1769232843,0
UMTS,748,10,19740,68776985,0,-55.9789,-31.7162,1000,3,1,1754936494,1755316485,0
UMTS,748,10,19260,68785726,0,-54.9681,-34.8839,1000,5,1,1754911887,1761713658,0
UMTS,748,1,117,1876574,0,-55.4429,-34.7786,1000,10,1,1754912009,1775620060,0
UMTS,748,10,19740,68775743,0,-55.9808,-31.7118,1000,4,1,1754977975,1769150061,0
UMTS,748,10,19740,68806336,0,-55.981,-31.7187,1000,1,1,1755012221,1755012221,0
UMTS,748,10,19740,68786336,0,-55.9721,-31.7261,1000,4,1,1754989664,1764305673,0
UMTS,748,10,19740,68796358,0,-55.9726,-31.7046,1000,1,1,1754991500,1754991500,0
UMTS,748,10,19260,68775694,0,-56.4253,-34.7127,1031,7,1,1754993949,1773639628,0
UMTS,748,10,19740,68756928,0,-55.9893,-31.7201,1000,1,1,1755003229,1755003229,0
UMTS,748,10,19250,68756747,0,-56.277,-34.8268,1000,4,1,1755004425,1778903230,0
UMTS,748,10,19250,68796747,0,-56.2986,-34.8364,1749,9,1,1755005305,1779424346,0
UMTS,748,10,19250,68775693,0,-56.2783,-34.8577,1802,21,1,1755038671,1780201886,0
UMTS,748,10,19260,68795578,0,-56.4283,-34.7148,1000,5,1,1755058118,1775879706,0
UMTS,748,10,19250,68795466,0,-56.1557,-34.8652,1074,23,1,1755064422,1780374606,0
UMTS,748,10,19250,68755547,0,-56.131,-34.8655,1000,20,1,1755087916,1780461020,0
UMTS,748,10,19740,68786985,0,-55.9805,-31.7114,1000,2,1,1755096182,1755230441,0
UMTS,748,10,19250,68765400,0,-56.1937,-34.8717,500,26,1,1755085211,1780115545,0
UMTS,748,10,19740,68785744,0,-55.9893,-31.7386,1848,7,1,1755073551,1776311306,0
UMTS,748,10,19740,68766928,0,-55.9849,-31.7181,1000,2,1,1755074450,1755230465,0
UMTS,748,10,19250,68765463,0,-56.169,-34.8698,1000,13,1,1755075276,1780115584,0
UMTS,748,10,19740,68756336,0,-55.9723,-31.7259,1000,2,1,1755076250,1768976659,0
UMTS,748,10,19250,68795354,0,-56.1285,-34.8638,1000,10,1,1755077077,1772087331,0
UMTS,748,10,19740,68776336,0,-55.9775,-31.7212,1000,4,1,1755077158,1769150142,0
UMTS,748,10,19250,68765464,0,-56.2498,-34.8652,1000,23,1,1755078884,1779942689,0
UMTS,748,10,19250,68765441,0,-56.2462,-34.8663,1130,17,1,1755084304,1780115597,0
UMTS,748,10,19250,68775287,0,-56.1866,-34.8711,1000,12,1,1755088816,1780461057,0
UMTS,748,10,19260,68765430,0,-54.9048,-34.8712,4005,2,1,1755155522,1758946225,0
UMTS,748,10,19260,68766850,0,-54.9006,-34.7898,1000,2,1,1755156422,1756526330,0
UMTS,748,10,19260,68766268,0,-55.0065,-34.7363,2477,4,1,1755157335,1762318529,0
UMTS,748,10,19260,68785722,0,-55.0246,-34.7502,1000,1,1,1755159147,1755159147,0
UMTS,748,10,19260,68806385,0,-54.958,-34.784,1000,1,1,1755160054,1755160054,0
UMTS,748,10,19260,68805520,0,-54.9509,-34.8816,1000,1,1,1755160953,1755160953,0
UMTS,748,10,19260,68785473,0,-54.9369,-34.9465,1000,1,1,1755161859,1755161859,0
UMTS,748,10,19260,68795473,0,-54.9373,-34.9508,1000,1,1,1755162759,1755162759,0
UMTS,748,10,19740,68765744,0,-55.9818,-31.7181,1000,2,1,1755182314,1769063588,0
UMTS,748,10,19260,68766955,0,-54.9222,-34.9153,1000,1,1,1755233961,1755233961,0
UMTS,748,10,19250,68775303,0,-56.1995,-34.8906,1282,23,1,1755272231,1780461070,0
UMTS,748,10,19260,68786385,0,-54.92,-34.8018,1000,1,1,1755234891,1755234891,0
UMTS,748,10,19260,68786267,0,-54.7639,-34.7656,1813,2,1,1755235774,1756526327,0
UMTS,748,10,19260,68786319,0,-54.6981,-34.7562,1000,1,1,1755237581,1755237581,0
UMTS,748,10,19740,68756759,0,-55.9889,-31.8417,6737,15,1,1755237597,1776573004,0
UMTS,748,10,19260,68776334,0,-54.6921,-34.7564,1000,3,1,1755238480,1756871982,0
UMTS,748,10,19260,68796267,0,-54.8526,-34.7879,2217,4,1,1755239398,1758946223,0
UMTS,748,10,19260,68796385,0,-54.9424,-34.8266,1247,5,1,1755240298,1758946220,0
UMTS,748,10,19740,68766743,0,-56.2588,-32.3339,9922,20,1,1755240371,1776918882,0
UMTS,748,10,19740,68777241,0,-56.2669,-32.3575,6385,20,1,1755241277,1777348533,0
UMTS,748,10,19740,68776774,0,-56.3763,-32.5175,3654,12,1,1755243084,1776918640,0
UMTS,748,10,19740,68775753,0,-56.5141,-32.7612,8180,22,1,1755244955,1777348529,0
UMTS,748,10,19740,68765753,0,-56.5161,-32.8053,1244,10,1,1755246795,1777005068,0
UMTS,748,10,19740,68755753,0,-56.4997,-32.8234,10252,20,1,1755247658,1776918651,0
UMTS,748,10,19250,68756469,0,-56.2754,-34.8626,1000,1,1,1755247695,1755247695,0
UMTS,748,10,19740,68796372,0,-56.4662,-32.9658,1000,2,1,1755249477,1763872429,0
UMTS,748,10,19740,68756724,0,-56.464,-33.2049,5986,24,1,1755250429,1777348526,0
UMTS,748,10,19740,68776724,0,-56.4906,-33.2982,5318,16,1,1755251348,1776918873,0
UMTS,748,10,19740,68795639,0,-56.5056,-33.4173,4347,8,1,1755252289,1763872433,0
UMTS,748,10,19740,68766722,0,-56.344,-33.64,5186,14,1,1755253261,1776829575,0
UMTS,748,10,19740,68756744,0,-56.3057,-33.8023,3712,20,1,1755256905,1779424374,0
UMTS,748,10,19740,68766742,0,-56.2409,-33.9906,3729,22,1,1755257880,1779424372,0
UMTS,748,10,19250,68775344,0,-56.2747,-34.8581,2131,11,1,1755258543,1779337959,0
UMTS,748,10,19260,68785606,0,-56.196,-34.1003,1621,7,1,1755262417,1761799862,0
UMTS,748,10,19250,68755441,0,-56.218,-34.8711,1000,8,1,1755259443,1779856389,0
UMTS,748,10,19260,68755606,0,-56.1966,-34.1006,1872,12,1,1755259651,1776918863,0
UMTS,748,10,19260,68755685,0,-55.9355,-34.2118,1875,3,1,1755264592,1779424366,0
UMTS,748,10,19260,68785685,0,-55.9587,-34.3089,1870,3,1,1755265241,1767854371,0
UMTS,748,10,19260,68807179,0,-55.9838,-34.4518,2010,3,1,1755266482,1759551350,0
UMTS,748,10,19260,68765681,0,-56.0295,-34.4935,2048,4,1,1755267130,1776484299,0
UMTS,748,10,19260,68765707,0,-56.0585,-34.6375,2034,7,1,1755268044,1776484301,0
UMTS,748,10,19250,68775419,0,-56.1317,-34.8603,1000,18,1,1755327030,1770710394,0
UMTS,748,1,181,1715153,0,-56.268,-34.8207,1000,2,1,1755331402,1764132885,0
UMTS,748,10,19250,68766386,0,-56.2009,-34.8895,1000,2,1,1755339227,1756526284,0
UMTS,748,10,19250,68765419,0,-56.1314,-34.8554,1000,24,1,1755339647,1780201930,0
UMTS,748,10,19250,68755437,0,-56.2027,-34.8888,2102,10,1,1755343800,1779942716,0
UMTS,748,10,19260,68755673,0,-56.0633,-34.6207,1000,3,1,1755449721,1779769881,0
UMTS,748,10,19260,68765496,0,-56.2238,-34.7845,2205,11,1,1755488879,1780374557,0
UMTS,748,10,19250,68755466,0,-56.1439,-34.859,1000,12,1,1755515773,1780461062,0
UMTS,748,10,19250,68775467,0,-56.1913,-34.8177,1000,7,1,1755518736,1779337910,0
UMTS,748,10,19250,68775346,0,-56.2198,-34.8277,1000,10,1,1755508770,1778644338,0
UMTS,748,10,19250,68755459,0,-56.1625,-34.868,1000,17,1,1755525706,1779856301,0
UMTS,748,10,19250,68755279,0,-56.2315,-34.8717,1000,8,1,1755497018,1780374608,0
UMTS,748,10,19260,68766468,0,-56.1376,-34.8089,1000,3,1,1755497527,1766469170,0
UMTS,748,10,19250,68776265,0,-56.2943,-34.8481,2222,23,1,1755498586,1780461021,0
UMTS,748,10,19260,68755457,0,-56.2288,-34.8119,1000,3,1,1755501526,1779337781,0
UMTS,748,10,19260,68755796,0,-55.0075,-34.8828,1000,4,1,1755504361,1758859360,0
UMTS,748,10,19250,68755444,0,-56.2103,-34.8333,1000,15,1,1755504906,1779769920,0
UMTS,748,10,19250,68776457,0,-56.162,-34.8674,1000,19,1,1755528404,1779942770,0
UMTS,748,10,19260,68775347,0,-56.1999,-34.8234,1000,13,1,1755507871,1779337913,0
UMTS,748,10,19260,68786856,0,-54.9826,-34.886,1000,3,1,1755509774,1757476916,0
UMTS,748,10,19250,68805354,0,-56.1255,-34.8618,1000,4,1,1755509315,1771051220,0
UMTS,748,10,19260,68765330,0,-56.1388,-34.815,1000,6,1,1755510223,1774153371,0
UMTS,748,10,19260,68775786,0,-56.2567,-34.6172,3913,9,1,1755512152,1777005180,0
UMTS,748,10,19250,68775400,0,-56.204,-34.8739,1731,20,1,1755514874,1780374611,0
UMTS,748,10,19260,68755791,0,-56.2486,-34.355,6849,24,1,1755516708,1776918684,0
UMTS,748,10,19260,68805606,0,-56.2034,-34.1093,1000,1,1,1755519533,1755519533,0
UMTS,748,10,19250,68775340,0,-56.2007,-34.8303,1000,8,1,1755519636,1765255690,0
UMTS,748,10,19260,68756989,0,-56.2403,-34.039,4144,3,1,1755520446,1757305838,0
UMTS,748,10,19250,68755324,0,-56.2546,-34.8256,2523,16,1,1755520536,1780201801,0
UMTS,748,10,19250,68755693,0,-56.2741,-34.8528,1000,16,1,1755523891,1780115586,0
UMTS,748,10,19250,68766756,0,-56.2156,-34.8642,3100,13,1,1755525065,1774583641,0
UMTS,748,10,19740,68785639,0,-56.5139,-33.3681,2487,8,1,1755525141,1763872432,0
UMTS,748,10,19740,68766301,0,-56.4608,-33.1145,9617,21,1,1755528851,1777005148,0
UMTS,748,10,19740,68756301,0,-56.4626,-33.03,8532,23,1,1755529862,1777348527,0
UMTS,748,10,19740,68785753,0,-56.5,-32.818,2034,3,1,1755538816,1761713507,0
UMTS,748,1,103,1926620,0,-56.1585,-34.7957,1181,11,1,1755538789,1779164948,0
UMTS,748,10,19260,68765461,0,-56.2105,-34.797,1000,4,1,1755619190,1756958567,0
UMTS,748,10,19250,68805419,0,-56.141,-34.8581,1000,8,1,1755578922,1779251581,0
UMTS,748,10,19250,68765279,0,-56.2359,-34.8726,1000,24,1,1755583886,1779856291,0
UMTS,748,10,19740,68795753,0,-56.5109,-32.8115,1000,2,1,1755611440,1761713476,0
UMTS,748,10,19250,68775325,0,-56.2255,-34.8692,1000,17,1,1755592453,1780374604,0
UMTS,748,10,19260,68765426,0,-56.194,-34.8161,1000,19,1,1755603823,1765860584,0
UMTS,748,10,19250,68775413,0,-56.2141,-34.8727,1000,6,1,1755608735,1770446161,0
UMTS,748,10,19250,68795419,0,-56.1383,-34.8616,1000,21,1,1755613261,1780461022,0
UMTS,748,10,19250,68775312,0,-56.1636,-34.8563,1000,2,1,1755614121,1762836644,0
UMTS,748,10,19740,68766372,0,-56.4752,-32.9234,9285,19,1,1755614230,1777005145,0
UMTS,748,10,19740,68785602,0,-56.5235,-33.3767,1000,3,1,1755616942,1761886091,0
UMTS,748,1,116,1860552,0,-55.8282,-34.7728,1000,1,1,1755623691,1755623691,0
UMTS,748,10,19250,68765287,0,-56.1808,-34.8708,1000,11,1,1755664905,1780374634,0
UMTS,748,10,19260,68805577,0,-56.7453,-34.5588,4482,21,1,1755672124,1780115475,0
UMTS,748,10,19740,68755603,0,-56.5236,-33.3846,1000,8,1,1755673081,1776572945,0
UMTS,748,10,19260,68755461,0,-56.2116,-34.7922,1000,3,1,1755673297,1757906041,0
UMTS,748,10,19260,68797181,0,-57.0548,-34.3883,1965,4,1,1755674837,1757736139,0
UMTS,748,10,19260,68807181,0,-57.0652,-34.3812,1945,8,1,1755678581,1762493291,0
UMTS,748,10,19260,68765457,0,-56.2281,-34.8221,1000,12,1,1755678730,1778298936,0
UMTS,748,10,19250,68755413,0,-56.2111,-34.8706,1000,3,1,1755684012,1758180360,0
UMTS,748,1,116,1857954,0,-55.7266,-34.7566,1000,1,1,1755688737,1755688737,0
UMTS,748,1,116,1856463,0,-55.7672,-34.7474,1000,3,1,1755689639,1768716656,0
UMTS,748,10,19250,68755346,0,-56.2244,-34.8249,1000,6,1,1755690516,1778903525,0
UMTS,748,1,116,1861293,0,-55.9157,-34.7012,1000,2,1,1755691444,1759464240,0
UMTS,748,10,19250,68775466,0,-56.1427,-34.8669,1000,3,1,1755699500,1766469207,0
UMTS,748,10,19740,68755639,0,-56.5103,-33.3566,8404,23,1,1755700277,1777005151,0
UMTS,748,10,19250,68755464,0,-56.2544,-34.8508,1123,15,1,1755705071,1779769960,0
UMTS,748,10,19740,68765602,0,-56.5187,-33.3799,1000,11,1,1755705712,1776484246,0
UMTS,748,10,19260,68765581,0,-57.0513,-34.3585,1000,19,1,1755756447,1780115495,0
UMTS,748,10,19260,68755515,0,-54.9437,-34.9018,1000,1,1,1755758155,1755758155,0
UMTS,748,10,19260,68805750,0,-56.7447,-34.3465,3531,6,1,1755758254,1764910693,0
UMTS,748,10,19260,68775738,0,-56.7081,-34.3527,1000,17,1,1755759154,1779769929,0
UMTS,748,10,19260,68756905,0,-56.7874,-34.3324,6379,18,1,1755766469,1780115587,0
UMTS,748,10,19740,68795602,0,-56.5183,-33.3801,1000,5,1,1755760062,1764305940,0
UMTS,748,10,19260,68806898,0,-54.9218,-34.9113,1000,1,1,1755763583,1755763583,0
UMTS,748,10,19740,68775603,0,-56.5274,-33.3885,1000,1,1,1755767364,1755767364,0
UMTS,748,10,19260,68785738,0,-56.713,-34.3519,1155,17,1,1755767349,1780115507,0
UMTS,748,10,19260,68777156,0,-56.708,-34.3528,1000,2,1,1755768249,1758180310,0
UMTS,748,10,19260,68776281,0,-56.756,-34.3829,2750,2,1,1755769149,1761972275,0
UMTS,748,10,19260,68805581,0,-57.0577,-34.3777,1928,25,1,1755774803,1780115526,0
UMTS,748,10,19250,68795446,0,-56.2111,-34.8752,1000,1,1,1755771977,1755771977,0
UMTS,748,10,19250,68755310,0,-56.2031,-34.8956,843,26,1,1755775596,1780460943,0
UMTS,748,10,19740,68756722,0,-56.3609,-33.5911,3843,10,1,1755777335,1775965281,0
UMTS,748,10,19260,68775784,0,-56.569,-34.6711,8884,25,1,1755777530,1780374629,0
UMTS,748,10,19740,68775648,0,-56.3251,-33.7288,1000,6,1,1755784591,1776397958,0
UMTS,748,10,19250,68765413,0,-56.2088,-34.8712,1000,5,1,1755780230,1770101581,0
UMTS,748,10,19250,68756393,0,-56.2603,-34.8104,1000,17,1,1755781029,1780461066,0
UMTS,748,10,19250,68766457,0,-56.1544,-34.865,1000,9,1,1755781142,1780374609,0
UMTS,748,10,19250,68765547,0,-56.1292,-34.8674,1000,17,1,1755783842,1779942747,0
UMTS,748,10,19740,68765639,0,-56.5149,-33.4061,2456,13,1,1755789190,1776918871,0
UMTS,748,10,19740,68755602,0,-56.5206,-33.3713,2094,11,1,1755810980,1776484030,0
UMTS,748,10,19250,68765340,0,-56.2033,-34.8356,1000,12,1,1755866888,1766812847,0
UMTS,748,10,19260,68785350,0,-56.3476,-34.7989,1000,10,1,1755842607,1776829517,0
UMTS,748,10,19250,68785419,0,-56.1348,-34.8619,1000,19,1,1755848958,1780461059,0
UMTS,748,10,19260,68765685,0,-55.9551,-34.2853,1172,3,1,1755863709,1776484295,0
UMTS,748,10,19260,68785681,0,-56.0568,-34.5717,1000,1,1,1755865574,1755865574,0
UMTS,748,10,19250,68775463,0,-56.1752,-34.8704,1000,20,1,1755872448,1780461018,0
UMTS,748,10,19250,68765355,0,-56.2201,-34.8738,1907,13,1,1755881400,1778126445,0
UMTS,748,10,19260,68775349,0,-56.2266,-34.8106,1000,7,1,1755882300,1764392038,0
UMTS,748,10,19250,68755569,0,-56.2428,-34.8233,1000,12,1,1755916718,1779942792,0
UMTS,748,10,19250,68776918,0,-56.1952,-34.887,2590,4,1,1755922169,1769842295,0
UMTS,748,10,19260,68775426,0,-56.2091,-34.8118,1000,6,1,1755943921,1764046179,0
UMTS,748,10,19250,68756265,0,-56.288,-34.8467,1000,13,1,1756146047,1780201786,0
UMTS,748,10,19250,68755382,0,-56.198,-34.8962,1137,25,1,1756141419,1780460951,0
UMTS,748,10,19250,68755446,0,-56.2022,-34.8989,1135,17,1,1756132337,1780460949,0
UMTS,748,10,19250,68766265,0,-56.288,-34.8535,1000,21,1,1756133229,1780115560,0
UMTS,748,10,19260,68775352,0,-56.2898,-34.8455,1316,8,1,1756178455,1780201796,0
UMTS,748,10,19250,68756390,0,-56.1401,-34.821,1000,5,1,1756185917,1772513560,0
UMTS,748,10,19250,68775316,0,-56.173,-34.8465,1000,3,1,1756232154,1757390033,0
UMTS,748,10,19260,68765391,0,-56.1323,-34.7794,1878,3,1,1756205761,1779510814,0
UMTS,748,10,19260,68805791,0,-56.2699,-34.447,4559,9,1,1756211323,1764910709,0
UMTS,748,10,19260,68805677,0,-56.2189,-34.0998,1000,4,1,1756220434,1773735436,0
UMTS,748,10,19260,68807154,0,-56.2159,-34.0985,1000,4,1,1756232160,1762318514,0
UMTS,748,10,19250,68755274,0,-56.2004,-34.8973,1000,24,1,1756226458,1780374555,0
UMTS,748,10,19260,68776989,0,-56.2125,-34.0896,1000,2,1,1756275427,1757390088,0
UMTS,748,10,19260,68757154,0,-56.2146,-34.0925,1000,4,1,1756281726,1762318331,0
UMTS,748,10,19260,68797154,0,-56.2162,-34.1015,1000,3,1,1756290772,1762318510,0
UMTS,748,10,19250,68785453,0,-56.1734,-34.8574,1000,11,1,1756307082,1780115590,0
UMTS,748,10,19250,68776988,0,-56.1885,-34.8475,1000,19,1,1756304842,1780461064,0
UMTS,748,10,19260,68765784,0,-56.5333,-34.6902,1000,3,1,1756353559,1773895952,0
UMTS,748,10,19260,68775677,0,-56.1987,-34.0991,1000,4,1,1756361064,1767161328,0
UMTS,748,10,19260,68765607,0,-56.2176,-34.0818,1000,8,1,1756392824,1776829568,0
LTE,748,10,59260,1316104,0,-54.9346,-34.9476,1000,1,1,1756376752,1756376752,0
UMTS,748,7,47104,50775298,0,-56.32,-34.8123,1000,1,1,1756389347,1756389347,0
UMTS,748,10,19740,68776742,0,-56.2494,-33.927,4623,14,1,1756390063,1777005165,0
UMTS,748,10,19250,68785466,0,-56.148,-34.8641,1000,7,1,1756393419,1775793484,0
UMTS,748,10,19260,68755627,0,-56.1896,-34.1768,2285,6,1,1756393727,1776829565,0
UMTS,748,7,47424,3389442,0,-58.3135,-33.8164,1000,1,1,1756446346,1756446346,0
UMTS,748,10,19260,68775548,0,-56.1665,-34.7706,1000,1,1,1756447250,1756447250,0
UMTS,748,10,19250,68755316,0,-56.1684,-34.8354,1000,1,1,1756448170,1756448170,0
UMTS,748,10,19260,68766456,0,-54.9415,-34.838,1000,2,1,1756460148,1758859438,0
UMTS,748,10,19250,68755463,0,-56.1723,-34.8675,1000,2,1,1756454550,1778903527,0
UMTS,748,10,19260,68756319,0,-54.6968,-34.7562,1000,1,1,1756455592,1756455592,0
UMTS,748,10,19250,68785447,0,-56.1811,-34.8795,1000,2,1,1756455419,1770710476,0
UMTS,748,10,19250,68765286,0,-56.1846,-34.8838,1000,3,1,1756459032,1763787592,0
UMTS,748,10,19260,68755528,0,-54.9369,-34.8887,1000,1,1,1756461048,1756461048,0
LTE,748,10,59740,5184774,0,-57.9232,-31.2878,1000,1,1,1756461762,1756461762,0
LTE,748,10,59740,1305857,0,-57.8886,-31.3082,1000,1,1,1756462009,1756462009,0
LTE,748,7,7050,63314437,0,-57.9167,-31.4457,1000,1,1,1756463260,1756463260,0
LTE,748,10,59740,5201156,0,-57.8853,-31.6359,1000,1,1,1756464769,1756464769,0
LTE,748,7,7050,5482242,0,-57.6364,-32.6922,1000,1,1,1756472200,1756472200,0
UMTS,748,7,46784,6764802,0,-58.2149,-33.5355,1000,1,1,1756473825,1756473825,0
UMTS,748,7,46784,6767361,0,-58.1255,-33.4139,1000,1,1,1756476124,1756476124,0
UMTS,748,10,19250,68757252,0,-56.1332,-34.85,1000,4,1,1756477055,1765601336,0
UMTS,748,7,46784,68715778,0,-58.0345,-33.2615,1000,1,1,1756477149,1756477149,0
UMTS,748,10,19260,68756468,0,-56.1369,-34.8061,1000,13,1,1756477955,1770531209,0
UMTS,748,10,19740,68756827,0,-56.8803,-34.0247,14439,2,1,1756481974,1762923186,0
LTE,748,10,59260,1312524,0,-56.3783,-34.7675,1000,1,1,1756488123,1756488123,0
LTE,748,10,59260,1312517,0,-56.3724,-34.7761,1000,1,1,1756488248,1756488248,0
UMTS,748,10,19250,68755467,0,-56.1911,-34.8147,2145,9,1,1756533765,1779942566,0
UMTS,748,10,19250,68755312,0,-56.1692,-34.838,3093,3,1,1756534669,1761366811,0
LTE,748,10,59260,5163532,0,-56.3309,-34.8074,1000,1,1,1756579195,1756579195,0
UMTS,748,10,19260,68795673,0,-56.06,-34.6226,7454,21,1,1756601536,1780461084,0
UMTS,748,10,19250,68755400,0,-56.1983,-34.872,1000,11,1,1756701720,1778298825,0
UMTS,748,10,19260,68775804,0,-54.927,-34.9058,1000,1,1,1756709092,1756709092,0
UMTS,748,10,19260,68795577,0,-56.7075,-34.5882,1000,5,1,1756720701,1779769953,0
UMTS,748,10,19260,68807185,0,-56.8146,-34.5152,1000,5,1,1756721588,1764824503,0
UMTS,748,10,19250,68775364,0,-56.1627,-34.8879,1000,2,1,1756722375,1761626722,0
UMTS,748,10,19250,68765389,0,-56.1843,-34.8874,1000,1,1,1756723284,1756723284,0
UMTS,748,10,19250,68785348,0,-56.1984,-34.8403,1000,2,1,1756724183,1780115594,0
UMTS,748,10,19260,68775678,0,-56.2639,-34.6743,15480,16,1,1756726062,1780201807,0
UMTS,748,10,19260,68787185,0,-56.7992,-34.5274,1000,1,1,1756728060,1756728060,0
UMTS,748,10,19260,68756726,0,-56.6367,-34.6288,1214,23,1,1756728985,1780374615,0
UMTS,748,10,19260,68756343,0,-56.9053,-34.1964,5730,13,1,1756732573,1779769980,0
UMTS,748,10,19740,68766827,0,-57.0045,-34.0998,2083,8,1,1756733470,1772513672,0
UMTS,748,10,19740,68775583,0,-57.1077,-33.9529,4655,11,1,1756735385,1779510793,0
UMTS,748,10,19740,68755749,0,-57.3578,-33.8668,16159,14,1,1756736335,1779510789,0
UMTS,748,10,19740,68775749,0,-57.3961,-33.8678,11518,20,1,1756737230,1779769985,0
UMTS,748,10,19260,68785471,0,-55.1622,-34.771,1000,1,1,1756738085,1756738085,0
UMTS,748,10,19740,68765585,0,-57.4964,-33.7597,8259,13,1,1756738116,1779856403,0
UMTS,748,10,19260,68757157,0,-55.2296,-34.7799,1000,3,1,1756738922,1759292939,0
UMTS,748,10,19740,68756830,0,-57.6346,-33.6372,5867,8,1,1756739095,1770964830,0
UMTS,748,10,19260,68755522,0,-55.2688,-34.8432,1000,1,1,1756739822,1756739822,0
UMTS,748,10,19740,68755584,0,-57.7648,-33.5406,5942,5,1,1756739995,1779769988,0
UMTS,748,10,19740,68776961,0,-57.9646,-33.3653,8092,9,1,1756740895,1779510730,0
UMTS,748,10,19740,68776834,0,-58.1957,-33.1681,1891,6,1,1756742765,1778903451,0
UMTS,748,10,19740,68805618,0,-58.312,-33.1162,1000,8,1,1756743679,1770877815,0
UMTS,748,10,19740,68805788,0,-58.3124,-33.1161,1000,7,1,1756750928,1764997166,0
LTE,748,10,59250,5143809,0,-56.1953,-34.8977,1000,1,1,1756758879,1756758879,0
UMTS,748,10,19260,68765522,0,-55.2311,-34.8554,1000,1,1,1756786035,1756786035,0
UMTS,748,10,19260,68765578,0,-56.3615,-34.7687,1000,7,1,1756786987,1780461074,0
UMTS,748,1,117,1855223,0,-55.6033,-34.7543,1000,1,1,1756788757,1756788757,0
UMTS,748,10,19260,68766346,0,-55.0516,-34.8796,1000,2,1,1756792355,1761972282,0
LTE,748,10,59250,5143812,0,-56.1955,-34.8976,1000,1,1,1756792757,1756792757,0
UMTS,748,10,19740,68765620,0,-58.3014,-33.1268,1000,3,1,1756795955,1762318647,0
UMTS,748,10,19740,68755620,0,-58.3032,-33.1221,1000,5,1,1756805021,1778816983,0
UMTS,748,10,19260,68796955,0,-54.9212,-34.9107,1000,2,1,1756796950,1761713681,0
UMTS,748,10,19260,68806267,0,-54.8235,-34.7821,1000,1,1,1756798710,1756798710,0
UMTS,748,10,19740,68775618,0,-58.3075,-33.1206,1000,10,1,1756806807,1778903234,0
UMTS,748,10,19740,68775788,0,-58.2877,-33.1302,6768,5,1,1756825749,1762493382,0
UMTS,748,10,19740,68796359,0,-58.2979,-33.1285,1000,3,1,1756816757,1762577849,0
UMTS,748,10,19740,68766359,0,-58.297,-33.1291,1000,5,1,1756824854,1778816947,0
UMTS,748,10,19740,68755618,0,-58.3116,-33.1169,1000,5,1,1756837482,1778903443,0
LTE,748,10,59250,325891,0,-56.1949,-34.8928,1000,1,1,1756877330,1756877330,0
UMTS,748,10,19260,68765390,0,-56.0698,-34.7939,1166,8,1,1756884464,1780461086,0
UMTS,748,10,19260,68785702,0,-56.0275,-34.8543,1000,1,1,1756885370,1756885370,0
UMTS,748,10,19250,68755703,0,-56.0242,-34.8665,1000,4,1,1756896291,1757649741,0
UMTS,748,10,19260,68805737,0,-56.0119,-34.8284,1151,4,1,1756887177,1773982350,0
UMTS,748,10,19740,68806359,0,-58.29,-33.1247,1000,1,1,1756908689,1756908689,0
UMTS,748,10,19260,68765434,0,-56.2642,-34.7498,1719,11,1,1756890799,1779510761,0
UMTS,748,10,19260,68755427,0,-56.2697,-34.7724,1000,6,1,1756891707,1777005183,0
UMTS,748,10,19260,68765709,0,-56.0105,-34.8198,1000,3,1,1756894470,1757565077,0
UMTS,748,10,19250,68765703,0,-56.0212,-34.8686,1000,3,1,1756895376,1757565029,0
UMTS,748,10,19740,68795618,0,-58.3173,-33.1183,1149,3,1,1756896052,1770791272,0
UMTS,748,10,19740,68795768,0,-58.3374,-33.1196,1000,1,1,1756899679,1756899679,0
UMTS,748,10,19740,68755788,0,-58.3116,-33.1164,1000,3,1,1756905092,1762577665,0
UMTS,748,10,19250,68755701,0,-56.0362,-34.8508,1000,1,1,1756904416,1756904416,0
UMTS,748,10,19250,68755423,0,-56.0722,-34.8679,1000,9,1,1756906223,1758599433,0
UMTS,748,10,19250,68755354,0,-56.1169,-34.8642,1000,14,1,1756907123,1778644329,0
UMTS,748,10,19740,68766834,0,-58.1176,-33.1857,4460,7,1,1756910541,1770964819,0
UMTS,748,10,19740,68775742,0,-58.0262,-33.2374,3504,12,1,1756911464,1779510714,0
UMTS,748,10,19740,68755740,0,-58.0273,-33.2448,2295,13,1,1756912399,1779510550,0
UMTS,748,10,19740,68757163,0,-58.0385,-33.2528,1000,2,1,1756967698,1762923289,0
UMTS,748,10,19740,68765562,0,-58.0286,-33.2571,1322,6,1,1756968587,1779338007,0
UMTS,748,10,19740,68767163,0,-58.0268,-33.2598,1026,4,1,1756976011,1763010141,0
UMTS,748,10,19260,68795392,0,-56.191,-34.8061,1470,4,1,1756989601,1773124129,0
LTE,748,10,59250,5157899,0,-56.1826,-34.8844,1000,1,1,1756990624,1756990624,0
UMTS,748,10,19740,68765740,0,-58.027,-33.2497,1000,10,1,1756993138,1779510720,0
UMTS,748,10,19260,68765702,0,-56.0244,-34.846,1000,3,1,1756991398,1757649744,0
UMTS,748,1,181,1753671,0,-56.3098,-34.842,1835,14,1,1756992153,1772606260,0
UMTS,748,10,19250,68805423,0,-56.0757,-34.8701,1000,3,1,1756994111,1757649778,0
UMTS,748,10,19250,68805453,0,-56.1689,-34.8635,1000,10,1,1757050278,1778298934,0
UMTS,748,10,19260,68785430,0,-54.966,-34.8838,1000,1,1,1757054050,1757054050,0
UMTS,748,10,19260,68765474,0,-55.0267,-34.9039,1000,3,1,1757054983,1761626732,0
UMTS,748,10,19740,68757165,0,-58.029,-33.2473,1000,5,1,1757056607,1763182326,0
UMTS,748,10,19260,68805474,0,-55.0399,-34.8866,1000,2,1,1757058584,1758599421,0
UMTS,748,10,19740,68767164,0,-58.0137,-33.2707,1520,3,1,1757059243,1762748477,0
UMTS,748,10,19250,68775501,0,-56.0724,-34.8665,1000,2,1,1757059317,1757390071,0
UMTS,748,10,19250,68775337,0,-56.0983,-34.8727,1000,15,1,1757060216,1778730730,0
UMTS,748,10,19740,68756961,0,-57.8576,-33.4848,1000,2,1,1757061122,1762577873,0
UMTS,748,10,19740,68776830,0,-57.7105,-33.5865,3787,4,1,1757062027,1772692704,0
UMTS,748,10,19740,68756857,0,-57.303,-33.9337,12744,9,1,1757079338,1779769983,0
UMTS,748,10,19740,68776827,0,-57.0722,-34.0264,12775,9,1,1757083934,1779769982,0
LTE,748,7,7000,50751235,0,-56.2021,-34.9021,1000,1,1,1757087216,1757087216,0
UMTS,748,10,19260,68795665,0,-56.3651,-34.4692,1000,1,1,1757088632,1757088632,0
LTE,748,1,110,573961,0,-56.2438,-34.87,1000,1,1,1757090136,1757090136,0
LTE,748,1,23,240396,0,-57.1941,-33.1116,1000,1,1,1757105075,1757105075,0
GSM,748,10,9303,23097,-1,-56.7623,-34.5039,1239,3,1,1757148064,1759725063,0
GSM,748,10,9303,33093,-1,-56.7271,-34.3476,1000,2,1,1757148987,1759638714,0
GSM,748,10,9303,23094,-1,-56.7095,-34.3326,1000,1,1,1757174234,1757174234,0
UMTS,748,10,19260,68775330,0,-56.1392,-34.817,1000,5,1,1757154874,1774325614,0
UMTS,748,10,19260,68765724,0,-56.2388,-34.6988,1000,1,1,1757156844,1757156844,0
UMTS,748,10,19260,68766989,0,-56.2202,-34.0802,1000,2,1,1757161385,1761626741,0
UMTS,748,10,19740,68786797,0,-56.4599,-33.4643,5038,23,1,1757165026,1776829578,0
UMTS,748,10,19740,68756743,0,-56.1649,-32.1975,9457,18,1,1757172256,1777005052,0
UMTS,748,10,19740,68756735,0,-56.0476,-31.9941,7605,12,1,1757174095,1777005048,0
UMTS,748,10,19740,68775745,0,-56.0297,-31.7706,8011,13,1,1757175932,1777005012,0
UMTS,748,10,19740,68775758,0,-56.0448,-31.7603,1765,22,1,1757183147,1777005021,0
UMTS,748,10,19740,68796928,0,-56.0064,-31.7328,1000,5,1,1757190356,1766120351,0
UMTS,748,10,19740,68796336,0,-55.987,-31.7474,1000,2,1,1757191266,1765947293,0
GSM,748,10,9303,17355,-1,-56.2453,-34.3365,1000,1,1,1757192405,1757192405,0
UMTS,748,10,19740,68756774,0,-56.3209,-32.4363,9667,14,1,1757242967,1777005060,0
UMTS,748,10,19260,68776335,0,-56.2121,-34.2454,8654,22,1,1757232059,1776918680,0
UMTS,748,10,19740,68776731,0,-56.4426,-32.6065,7275,10,1,1757242067,1776572980,0
UMTS,748,10,19740,68756731,0,-56.408,-32.56,1811,5,1,1757264742,1776573131,0
UMTS,748,10,19740,68805753,0,-56.5135,-32.7563,4572,8,1,1757265734,1766033889,0
LTE,748,1,80,225833,-1,-56.5169,-33.3851,1000,1,1,1757287274,1757287274,0
UMTS,748,10,19260,68775392,0,-56.1598,-34.813,1000,2,1,1757308016,1773211195,0
UMTS,748,10,19250,68795417,0,-56.2168,-34.8627,1000,4,1,1757309822,1768373123,0
UMTS,748,1,181,1753697,0,-56.3428,-34.8185,1000,9,1,1757311210,1772606257,0
UMTS,748,10,19260,68765301,0,-56.178,-34.7945,2565,10,1,1757335322,1780374584,0
UMTS,748,10,19250,68755329,0,-56.1569,-34.8188,1000,1,1,1757316328,1757316328,0
UMTS,748,10,19250,68775309,0,-56.1369,-34.8417,1000,13,1,1757320865,1778557667,0
UMTS,748,10,19260,68785791,0,-56.25,-34.3659,1000,1,1,1757321748,1757321748,0
UMTS,748,10,19260,68805804,0,-54.9385,-34.8825,1000,2,1,1757324091,1759293020,0
UMTS,748,10,19740,68767187,0,-56.5223,-33.3879,1000,1,1,1757328135,1757328135,0
UMTS,748,10,19260,68775692,0,-56.0146,-34.8579,1000,2,1,1757333509,1757565036,0
UMTS,748,10,19740,68786928,0,-55.9914,-31.7417,1575,6,1,1757338162,1766033896,0
UMTS,748,10,19250,68755336,0,-56.1833,-34.8618,1000,2,1,1757344245,1757994649,0
UMTS,748,10,19260,68776468,0,-56.1367,-34.8008,1000,7,1,1757346058,1777348485,0
UMTS,748,10,19260,68775676,0,-56.1443,-34.7144,1000,1,1,1757347003,1757347003,0
UMTS,748,10,19260,68775427,0,-56.2672,-34.7963,1000,11,1,1757388130,1779769902,0
UMTS,748,10,19250,68755308,0,-56.2044,-34.8981,1000,7,1,1757398082,1779510649,0
UMTS,748,1,181,1735344,0,-56.3747,-34.7759,2138,10,1,1757398265,1771911266,0
UMTS,748,10,19250,68775286,0,-56.206,-34.8963,1000,6,1,1757399888,1779942702,0
UMTS,748,1,122,1734605,0,-57.4573,-34.3644,2545,3,1,1757402802,1761194030,0
UMTS,748,10,19740,68765749,0,-57.3371,-33.9036,4805,9,1,1757403834,1779856404,0
UMTS,748,10,19260,68765773,0,-54.9507,-34.8961,1000,1,1,1757410129,1757410129,0
UMTS,748,10,19250,68755359,0,-56.1098,-34.8701,1000,15,1,1757411334,1778730733,0
UMTS,748,10,19260,68785474,0,-55.0238,-34.8888,1000,5,1,1757415571,1761972268,0
UMTS,748,10,19260,68755462,0,-56.246,-34.782,1000,9,1,1757415878,1773982358,0
UMTS,748,10,19260,68775430,0,-54.9547,-34.882,1000,3,1,1757416478,1761886116,0
UMTS,748,10,19260,68775496,0,-56.2546,-34.7729,2118,5,1,1757419493,1780460954,0
UMTS,748,10,19250,68785354,0,-56.1243,-34.8671,1000,3,1,1757424921,1771656234,0
UMTS,748,10,19250,68775459,0,-56.1681,-34.8692,1000,6,1,1757425811,1779942753,0
UMTS,748,10,19260,68775528,0,-54.9261,-34.903,1000,2,1,1757426412,1758946162,0
UMTS,748,10,19260,68806850,0,-54.9549,-34.808,1000,2,1,1757427312,1757564984,0
UMTS,748,10,19260,68756871,0,-55.2831,-34.8607,1000,1,1,1757476227,1757476227,0
UMTS,748,10,19260,68765726,0,-54.904,-34.8763,3822,2,1,1757480739,1758946233,0
UMTS,748,10,19740,68755585,0,-57.533,-33.6981,1000,7,1,1757488613,1779856402,0
UMTS,748,10,19260,68775424,0,-56.1053,-34.7909,1000,3,1,1757489184,1779942762,0
UMTS,748,10,19260,68755737,0,-56.0093,-34.8235,1000,2,1,1757490079,1773124185,0
UMTS,748,10,19260,68775713,0,-56.0476,-34.8064,1000,2,1,1757493697,1773895892,0
UMTS,748,10,19260,68765342,0,-56.1585,-34.7749,2521,2,1,1757494604,1762836529,0
UMTS,748,10,19740,68765584,0,-57.8162,-33.5098,2069,8,1,1757495950,1779856400,0
UMTS,748,10,19740,68766377,0,-58.0566,-33.528,4783,3,1,1757496915,1779769991,0
UMTS,748,1,181,1767101,0,-56.3037,-34.6799,1000,1,1,1757497777,1757497777,0
UMTS,748,10,19740,68795741,0,-58.2097,-33.5363,1000,7,1,1757517862,1763010029,0
UMTS,748,10,19740,68785741,0,-58.2068,-33.5178,4004,6,1,1757516035,1763182521,0
UMTS,748,10,19260,68756346,0,-55.0403,-34.8863,1000,1,1,1757505160,1757505160,0
UMTS,748,10,19740,68755741,0,-58.2213,-33.5301,1000,6,1,1757511640,1779856337,0
UMTS,748,1,181,1733521,0,-56.4244,-34.4304,1000,4,1,1757509542,1772260498,0
UMTS,748,10,19740,68775771,0,-58.1655,-33.6376,4308,3,1,1757518847,1772174538,0
UMTS,748,10,19740,68775774,0,-58.0281,-33.786,1000,1,1,1757520143,1757520143,0
UMTS,748,10,19740,68765774,0,-58.0461,-33.8185,4993,10,1,1757528899,1778992257,0
UMTS,748,1,181,1753687,0,-56.3163,-34.8384,1010,2,1,1757567285,1772174437,0
UMTS,748,10,19740,68755771,0,-58.0804,-33.7609,4678,2,1,1757567898,1763528229,0
UMTS,748,10,19260,68805473,0,-54.9383,-34.9581,1000,1,1,1757569424,1757569424,0
UMTS,748,10,19260,68765473,0,-54.9369,-34.9425,1000,1,1,1757574838,1757574838,0
UMTS,748,10,19260,68795491,0,-54.9525,-34.9653,1000,1,1,1757573937,1757573937,0
UMTS,748,10,19260,68765713,0,-56.0375,-34.8124,1000,2,1,1757572469,1758599430,0
UMTS,748,10,19250,68755730,0,-56.03,-34.8593,1000,1,1,1757573345,1757573345,0
UMTS,748,10,19260,68795726,0,-55.0063,-34.8847,1145,2,1,1757577569,1761713676,0
UMTS,748,10,19260,68775726,0,-54.956,-34.882,1000,3,1,1757582080,1761626633,0
UMTS,748,1,181,1715344,0,-56.3773,-34.7745,1036,15,1,1757595491,1779424304,0
UMTS,748,10,19250,68765447,0,-56.1696,-34.8709,1088,4,1,1757596962,1779942686,0
UMTS,748,1,117,1876893,0,-55.5585,-34.7779,1000,5,1,1757609458,1770878101,0
UMTS,748,10,19250,68755333,0,-56.2014,-34.8391,1000,13,1,1757616297,1779769958,0
UMTS,748,10,19260,68795664,0,-56.426,-34.7141,1134,5,1,1757644079,1777005268,0
UMTS,748,10,19250,68765324,0,-56.2546,-34.8477,1000,5,1,1757629905,1763096047,0
UMTS,748,10,19250,68766393,0,-56.2557,-34.8222,1273,6,1,1757647120,1780461077,0
UMTS,748,10,19260,68775581,0,-57.0131,-34.391,2971,22,1,1757652226,1780374624,0
UMTS,748,10,19740,68766961,0,-57.9963,-33.5186,7919,4,1,1757666201,1779856398,0
UMTS,748,10,19740,68775585,0,-57.5584,-33.684,2538,6,1,1757672385,1779769987,0
UMTS,748,10,19250,68755381,0,-56.2215,-34.835,1000,1,1,1757682339,1757682339,0
UMTS,748,10,19740,68765583,0,-57.0913,-33.9901,5399,9,1,1757687837,1779510794,0
UMTS,748,10,19260,68776905,0,-56.8205,-34.2567,19321,8,1,1757689687,1779510799,0
UMTS,748,10,19250,68775274,0,-56.2084,-34.8998,1000,2,1,1757705856,1757905953,0
UMTS,748,1,1616,691971,0,-56.2036,-34.9025,1000,1,1,1757762746,1757762746,0
UMTS,748,1,1616,579081,0,-56.2063,-34.904,1000,1,1,1757822775,1757822775,0
UMTS,748,10,30496,5150470,0,-56.2076,-34.9037,1000,1,1,1757826209,1757826209,0
UMTS,748,1,103,1735075,0,-56.2577,-34.8154,1000,16,1,1757912063,1778816950,0
UMTS,748,1,116,1858094,0,-55.9361,-34.8055,1000,2,1,1757927585,1774153363,0
UMTS,748,1,110,1946658,0,-56.1686,-34.8186,1000,1,1,1757928080,1757928080,0
UMTS,748,7,46464,50751232,0,-56.2036,-34.9031,1000,1,1,1757932175,1757932175,0
UMTS,748,7,46464,50731010,0,-56.1971,-34.9012,1000,1,1,1757933116,1757933116,0
UMTS,748,10,19250,68775351,0,-56.142,-34.8749,1000,2,1,1757934407,1778992307,0
UMTS,748,10,19250,68785389,0,-56.186,-34.8909,1000,1,1,1757935327,1757935327,0
UMTS,748,10,19260,68795750,0,-56.6405,-34.3553,4523,7,1,1757946339,1764997238,0
UMTS,748,10,19260,68775782,0,-57.1728,-34.3475,2660,6,1,1757949136,1778992274,0
UMTS,748,10,19260,68787167,0,-57.3536,-34.3197,1000,3,1,1757950048,1764824510,0
UMTS,748,1,103,1734863,0,-56.2134,-34.7899,1000,1,1,1757999767,1757999767,0
UMTS,748,1,1840,642307,0,-56.1947,-34.8926,1000,1,1,1758004900,1758004900,0
UMTS,748,1,1648,707844,0,-56.0711,-34.7923,1000,1,1,1758009536,1758009536,0
UMTS,748,1,181,1733671,0,-56.312,-34.8409,1866,19,1,1758013471,1780115549,0
UMTS,748,1,1648,528135,0,-56.0737,-34.7932,1000,1,1,1758016706,1758016706,0
UMTS,748,1,122,1715283,0,-56.7613,-34.5182,1000,4,1,1758017109,1780029093,0
UMTS,748,1,181,1734413,0,-56.1465,-34.5149,1000,1,1,1758025104,1758025104,0
UMTS,748,1,117,1855913,0,-55.476,-34.7806,1000,1,1,1758085489,1758085489,0
UMTS,748,10,19260,68776932,0,-56.977,-34.3136,3510,10,1,1758087646,1780115584,0
UMTS,748,1,103,1946618,0,-56.1363,-34.7957,1000,4,1,1758098248,1764219251,0
UMTS,748,10,19260,68785551,0,-57.4311,-34.3648,3764,5,1,1758102077,1763701214,0
UMTS,748,10,19260,68795551,0,-57.4364,-34.4347,1000,1,1,1758095764,1758095764,0
UMTS,748,10,19260,68765599,0,-57.4378,-34.4356,1000,3,1,1758101163,1773211239,0
UMTS,748,10,19260,68775597,0,-57.3566,-34.3383,1822,6,1,1758102986,1780029182,0
UMTS,748,1,103,1714483,0,-56.0865,-34.7163,2479,2,1,1758117277,1769669148,0
UMTS,748,10,19260,68755443,0,-56.2135,-34.8162,1000,5,1,1758127402,1765084121,0
UMTS,748,10,19250,68765570,0,-56.1485,-34.8393,1000,5,1,1758192307,1773895867,0
UMTS,748,10,19250,68795501,0,-56.0859,-34.8709,1000,1,1,1758203199,1758203199,0
UMTS,748,10,19250,68755309,0,-56.139,-34.8377,1000,3,1,1758266352,1766554573,0
UMTS,748,10,19260,68785663,0,-57.2531,-34.4218,1000,1,1,1758270042,1758270042,0
UMTS,748,10,19250,68775417,0,-56.2016,-34.8888,1000,2,1,1758270213,1779856397,0
UMTS,748,1,181,1737221,0,-56.5238,-34.4123,1000,1,1,1758272400,1758272400,0
UMTS,748,10,19250,68755323,0,-56.1409,-34.8255,1000,9,1,1758276278,1779769897,0
UMTS,748,10,19260,68775552,0,-57.3868,-34.3409,3167,5,1,1758280092,1780115533,0
UMTS,748,10,19740,68776418,0,-57.4791,-34.2259,4157,9,1,1758281013,1780029126,0
UMTS,748,10,19740,68776318,0,-57.519,-34.085,3085,7,1,1758281950,1780029103,0
UMTS,748,10,19740,68776939,0,-57.6458,-34.0046,1000,4,1,1758285590,1780029106,0
UMTS,748,10,19260,68795430,0,-54.9852,-34.8853,1000,1,1,1758286337,1758286337,0
UMTS,748,10,19740,68756939,0,-57.6626,-33.9566,4648,11,1,1758286475,1778992224,0
UMTS,748,10,19260,68765334,0,-56.1347,-34.8024,1000,4,1,1758288034,1778387562,0
UMTS,748,10,19250,68765735,0,-56.1209,-34.8719,1000,6,1,1758289834,1777607491,0
UMTS,748,10,19260,68795739,0,-56.7365,-34.3351,1671,11,1,1758296655,1780115501,0
UMTS,748,1,1760,589318,0,-56.2481,-34.8921,1000,1,1,1758316267,1758316267,0
UMTS,748,1,1760,547344,0,-56.2478,-34.8893,1000,1,1,1758317520,1758317520,0
UMTS,748,1,1840,642309,0,-56.194,-34.8933,1000,1,1,1758357878,1758357878,0
UMTS,748,1,2000,637445,0,-56.2077,-34.8766,1000,1,1,1758358844,1758358844,0
UMTS,748,1,1296,222003,0,-56.3427,-34.8197,1000,1,1,1758360043,1758360043,0
UMTS,748,1,1296,247053,0,-56.4214,-34.7522,1000,1,1,1758361347,1758361347,0
UMTS,748,1,1296,158222,0,-56.6016,-34.6509,1000,1,1,1758362313,1758362313,0
UMTS,748,1,1296,227636,0,-56.7492,-34.5569,1000,1,1,1758363276,1758363276,0
UMTS,748,1,352,197389,0,-56.7488,-34.4551,1000,1,1,1758364236,1758364236,0
UMTS,748,1,352,105015,0,-56.7277,-34.3437,1000,1,1,1758365198,1758365198,0
UMTS,748,1,592,147469,0,-56.695,-34.2567,1000,1,1,1758366160,1758366160,0
UMTS,748,1,592,73996,0,-56.7003,-34.1153,1000,1,1,1758367121,1758367121,0
UMTS,748,1,592,94477,0,-56.9796,-33.4986,1000,1,1,1758372271,1758372271,0
UMTS,748,10,19250,68755340,0,-56.1997,-34.8278,1000,7,1,1758523018,1765860592,0
UMTS,748,10,19250,68765333,0,-56.199,-34.8484,1000,1,1,1758525924,1758525924,0
UMTS,748,10,19250,68775547,0,-56.1372,-34.8653,1000,23,1,1758528637,1780374635,0
UMTS,748,1,137,1743760,0,-56.9317,-34.1632,1000,3,1,1758532595,1778557724,0
UMTS,748,1,137,1757400,0,-57.3578,-33.8845,1508,4,1,1758539876,1780029134,0
UMTS,748,10,19250,68766344,0,-56.0457,-34.8569,1000,1,1,1758544884,1758544884,0
UMTS,748,10,19250,68765354,0,-56.1275,-34.8656,1000,23,1,1758547584,1780461060,0
UMTS,748,10,19260,68765781,0,-57.4833,-34.3708,1000,2,1,1758548422,1766120336,0
UMTS,748,10,19740,68755579,0,-57.7148,-34.426,1000,1,1,1758549337,1758549337,0
UMTS,748,10,19740,68755254,0,-57.8429,-34.4672,1000,8,1,1758565721,1780460945,0
UMTS,748,1,181,1733670,0,-56.2896,-34.8235,1000,1,1,1758550769,1758550769,0
UMTS,748,1,1616,633864,0,-56.2089,-34.904,1000,1,1,1758553565,1758553565,0
UMTS,748,10,19740,68777161,0,-57.8417,-34.4649,1000,4,1,1758562096,1766120303,0
UMTS,748,10,19740,68775718,0,-57.8406,-34.465,1000,7,1,1758563908,1780460952,0
UMTS,748,10,19740,68785254,0,-57.8432,-34.4664,1000,3,1,1758577493,1766033635,0
UMTS,748,10,19260,68755496,0,-56.2481,-34.7499,1000,2,1,1758607524,1764997154,0
UMTS,748,1,137,1723501,0,-57.5326,-34.0603,1000,1,1,1758612177,1758612177,0
UMTS,748,10,19740,68797158,0,-57.844,-34.4524,1000,1,1,1758634580,1758634580,0
UMTS,748,10,19740,68795254,0,-57.8442,-34.4705,1000,2,1,1758641045,1766033829,0
UMTS,748,1,123,1735185,0,-56.9297,-33.0794,1000,1,1,1758664066,1758664066,0
UMTS,748,10,19740,68797161,0,-57.8374,-34.4494,1000,2,1,1758695054,1766033877,0
UMTS,748,10,19740,68807161,0,-57.8099,-34.4446,1000,1,1,1758702303,1758702303,0
UMTS,748,10,19740,68805718,0,-57.8099,-34.4446,1000,1,1,1758704108,1758704108,0
UMTS,748,10,19740,68796430,0,-57.8154,-34.4509,1000,1,1,1758705908,1758705908,0
UMTS,748,10,19740,68757161,0,-57.8283,-34.4619,1000,1,1,1758706809,1758706809,0
UMTS,748,10,19740,68765254,0,-57.8456,-34.4711,1000,2,1,1758711347,1780461084,0
UMTS,748,10,19260,68777181,0,-57.0045,-34.3963,2111,2,1,1758710948,1763528090,0
UMTS,748,10,19740,68807158,0,-57.8572,-34.4459,1000,1,1,1758714925,1758714925,0
UMTS,748,10,19740,68787161,0,-57.8572,-34.4459,1000,1,1,1758717625,1758717625,0
UMTS,748,10,19740,68755556,0,-57.8409,-34.4501,1000,3,1,1758718542,1780461050,0
UMTS,748,10,19740,68766901,0,-57.8663,-34.3039,4176,3,1,1758719494,1774067876,0
UMTS,748,10,19740,68756901,0,-57.8759,-34.2543,1000,1,1,1758720447,1758720447,0
UMTS,748,10,19740,68776373,0,-57.949,-34.1396,4858,3,1,1758721444,1774067804,0
UMTS,748,10,19740,68775654,0,-57.8128,-33.9257,4409,4,1,1758726896,1772260453,0
UMTS,748,10,19740,68756971,0,-57.8371,-33.9285,10857,5,1,1758727784,1764305846,0
UMTS,748,10,19740,68755455,0,-57.9732,-34.1356,1000,3,1,1758729049,1774067899,0
UMTS,748,10,19740,68755797,0,-58.1133,-34.0838,3937,5,1,1758729683,1774067880,0
UMTS,748,10,19740,68795600,0,-58.2837,-34.0024,1079,6,1,1758730609,1764305657,0
UMTS,748,7,9050,656740,-1,-56.2012,-34.9088,1000,7,1,1758835373,1759074061,0
UMTS,748,7,9050,658616,-1,-56.201,-34.9085,1000,2,1,1758835373,1758917641,0
LTE,748,1,103,679171,-1,-56.0378,-34.8142,1000,4,1,1758766606,1758835382,0
LTE,748,1,103,679168,-1,-56.0368,-34.8129,1000,9,1,1758766747,1758835382,0
LTE,748,1,101,691458,-1,-56.2015,-34.9086,1000,21,1,1758776137,1759074421,0
LTE,748,1,101,691459,-1,-56.2011,-34.909,1000,1,1,1758776258,1758776258,0
LTE,748,1,103,707844,-1,-56.0703,-34.7917,1000,2,1,1758804785,1759431902,0
UMTS,748,10,19250,68765466,0,-56.141,-34.8612,1000,9,1,1758778585,1778126344,0
UMTS,748,10,19740,68775600,0,-58.2859,-33.9953,1000,2,1,1758784029,1758946242,0
UMTS,748,10,19740,68766379,0,-58.3722,-33.9228,1000,2,1,1758803102,1773982342,0
UMTS,748,10,19740,68787166,0,-58.4169,-33.8737,1015,5,1,1758820554,1764219518,0
UMTS,748,10,19260,68786467,0,-54.9553,-34.8364,1000,1,1,1758807888,1758807888,0
UMTS,748,10,19260,68805528,0,-54.9508,-34.8813,1000,1,1,1758808794,1758808794,0
UMTS,748,10,19740,68785626,0,-58.4115,-33.8688,1304,6,1,1758809662,1773982346,0
UMTS,748,10,19740,68777173,0,-58.3709,-33.9112,1348,2,1,1758811335,1758946167,0
UMTS,748,10,19740,68785600,0,-58.2835,-33.9953,1000,3,1,1758812291,1764219458,0
UMTS,748,10,19740,68765600,0,-58.2833,-34.0037,1584,8,1,1758813194,1774067884,0
UMTS,748,10,19740,68805270,0,-58.3089,-33.9665,1000,3,1,1758814101,1764132899,0
UMTS,748,10,19740,68757173,0,-58.3998,-33.8764,1000,1,1,1758815077,1758815077,0
UMTS,748,10,19740,68795626,0,-58.4061,-33.8726,1551,5,1,1758816005,1774067646,0
UMTS,748,10,19740,68797166,0,-58.4037,-33.8713,1000,5,1,1758824146,1764391989,0
LTE,748,1,103,528131,-1,-56.0703,-34.7927,1000,3,1,1758805178,1759953182,0
LTE,748,1,111,583425,-1,-56.1164,-34.8368,1000,3,1,1758855250,1758885962,0
LTE,748,1,111,635648,-1,-56.1177,-34.8376,1000,4,1,1758855260,1758885962,0
LTE,748,1,111,630017,-1,-56.117,-34.8371,1000,1,1,1758855275,1758855275,0
LTE,748,1,111,547584,-1,-56.1192,-34.8385,1000,5,1,1758855280,1758885962,0
LTE,748,1,111,540928,-1,-56.1273,-34.8486,1444,12,1,1758855295,1758886324,0
LTE,748,1,111,547585,-1,-56.1234,-34.8411,1000,6,1,1758855330,1758886322,0
LTE,748,1,111,540929,-1,-56.1284,-34.8512,1000,8,1,1758855515,1758886324,0
LTE,748,1,111,540930,-1,-56.1304,-34.8536,1000,3,1,1758855560,1758886324,0
LTE,748,1,111,596736,-1,-56.1325,-34.8562,1000,1,1,1758855700,1758855700,0
LTE,748,1,111,540941,-1,-56.133,-34.8568,1000,1,1,1758855705,1758855705,0
LTE,748,1,111,596745,-1,-56.1339,-34.8616,1000,16,1,1758855710,1758886742,0
LTE,748,1,118,550921,-1,-56.1343,-34.8666,1000,2,1,1758855846,1758886742,0
LTE,748,1,118,540681,-1,-56.1347,-34.8684,1000,4,1,1758855856,1758886742,0
LTE,748,1,118,540683,-1,-56.1368,-34.8724,1000,6,1,1758855876,1758886742,0
LTE,748,1,118,550922,-1,-56.1408,-34.8751,1000,4,1,1758855956,1758886742,0
LTE,748,1,108,519432,-1,-56.1449,-34.8775,1000,10,1,1758856071,1758887221,0
LTE,748,1,108,519434,-1,-56.149,-34.8799,1000,7,1,1758856211,1758887221,0
LTE,748,1,108,519433,-1,-56.1488,-34.8798,1000,2,1,1758856231,1758887221,0
LTE,748,1,108,567304,-1,-56.1525,-34.882,1000,7,1,1758856301,1758887221,0
LTE,748,1,108,523015,-1,-56.162,-34.8915,1000,6,1,1758856602,1758887462,0
LTE,748,1,108,682242,-1,-56.1633,-34.8931,1000,2,1,1758856697,1758887462,0
LTE,748,1,129,718594,-1,-56.1806,-34.9036,1000,5,1,1758857022,1758888001,0
LTE,748,1,129,718592,-1,-56.1798,-34.9034,1000,1,1,1758857077,1758857077,0
LTE,748,1,129,684800,-1,-56.1833,-34.9047,1000,2,1,1758857198,1758888001,0
LTE,748,1,129,684802,-1,-56.185,-34.9054,1000,1,1,1758857253,1758857253,0
LTE,748,1,129,587527,-1,-56.1877,-34.9056,1000,1,1,1758857283,1758857283,0
LTE,748,1,129,527108,-1,-56.1888,-34.9057,1000,3,1,1758857293,1758888002,0
LTE,748,1,101,512259,-1,-56.1914,-34.9059,1000,8,1,1758857313,1758888061,0
UMTS,748,10,19250,68775320,-1,-56.2012,-34.9087,1000,4,1,1758891811,1759074061,0
LTE,748,1,101,544002,-1,-56.1947,-34.9062,1000,9,1,1758857453,1758917641,0
LTE,748,1,101,513284,-1,-56.1969,-34.9063,1000,6,1,1758857478,1758917641,0
LTE,748,1,101,638727,-1,-56.1998,-34.9063,1000,9,1,1758857548,1758891841,0
LTE,748,1,101,569604,-1,-56.2017,-34.9074,1000,1,1,1758857889,1758857889,0
LTE,748,7,7000,50747136,-1,-56.2013,-34.9087,1000,3,1,1758869262,1759074421,0
LTE,748,1,101,692224,-1,-56.202,-34.9086,1000,1,1,1758886455,1758886455,0
LTE,748,1,101,513287,-1,-56.1978,-34.9065,1000,2,1,1758886851,1758917641,0
UMTS,748,10,19740,68795284,0,-58.4048,-33.8829,1180,3,1,1758864006,1778992236,0
UMTS,748,10,19260,68787156,0,-56.7302,-34.3792,2796,3,1,1758868267,1764219392,0
UMTS,748,10,19740,68785557,0,-58.341,-33.9535,1000,2,1,1758875882,1764219536,0
UMTS,748,10,19740,68805284,0,-58.4051,-33.8754,1114,5,1,1758878610,1773982412,0
UMTS,748,10,19740,68797173,0,-58.4054,-33.8819,1196,3,1,1758886750,1764392162,0
UMTS,748,10,19260,68756456,0,-54.8803,-34.8406,1000,1,1,1758889107,1758889107,0
UMTS,748,10,19260,68756385,0,-54.9123,-34.7997,1000,1,1,1758890000,1758890000,0
UMTS,748,10,19740,68805600,0,-58.2857,-33.9962,1000,1,1,1758893169,1758893169,0
UMTS,748,10,19740,68755600,0,-58.2832,-33.9868,1514,4,1,1758894052,1773982339,0
UMTS,748,10,19740,68766405,0,-58.2645,-33.8987,1000,1,1,1758894989,1758894989,0
UMTS,748,10,19740,68756942,0,-58.1837,-33.7985,10628,9,1,1758895934,1778992230,0
UMTS,748,1,181,1765381,0,-56.3907,-34.4568,1000,3,1,1758896185,1763441576,0
UMTS,748,10,19740,68755774,0,-57.9443,-33.8564,7590,8,1,1758896851,1772260436,0
UMTS,748,10,19260,68765786,0,-56.2542,-34.59,5572,5,1,1758907138,1775965298,0
GSM,748,10,9621,14075,-1,-55.9071,-34.8052,1000,1,1,1758985599,1758985599,0
LTE,748,1,101,691456,-1,-56.2014,-34.9087,1000,1,1,1758963228,1758963228,0
LTE,748,1,101,726528,-1,-56.2025,-34.9082,1000,1,1,1758969183,1758969183,0
LTE,748,1,101,693762,-1,-56.202,-34.9076,1000,3,1,1758969193,1759074421,0
LTE,748,1,101,638980,-1,-56.1995,-34.9069,1000,5,1,1758969219,1759074421,0
LTE,748,1,101,692741,-1,-56.1978,-34.9064,1000,1,1,1758969284,1758969284,0
LTE,748,1,101,692740,-1,-56.1969,-34.9063,1000,2,1,1758969324,1759074421,0
LTE,748,1,101,734208,-1,-56.1961,-34.9063,1000,1,1,1758969364,1758969364,0
LTE,748,1,101,544001,-1,-56.1953,-34.9061,1000,1,1,1758969374,1758969374,0
UMTS,748,1,122,1757220,0,-57.338,-34.293,1000,1,1,1759153500,1759153500,0
UMTS,748,10,19260,68785773,0,-54.9517,-34.8931,1000,1,1,1759155893,1759155893,0
UMTS,748,10,19260,68795503,0,-55.0764,-34.8729,1000,1,1,1759156853,1759156853,0
UMTS,748,10,19260,68797157,0,-55.2378,-34.7932,1000,1,1,1759157759,1759157759,0
UMTS,748,10,19260,68806886,0,-55.2739,-34.8339,1000,3,1,1759170429,1759292774,0
GSM,748,10,19740,27116,-1,-56.77,-33.802,1000,1,1,1759166878,1759166878,0
UMTS,748,10,19740,68805604,0,-56.9012,-33.5139,1000,6,1,1759170156,1765601084,0
UMTS,748,10,19260,68785572,0,-55.2434,-34.8084,1000,2,1,1759205595,1759292936,0
UMTS,748,10,19260,68775723,0,-54.921,-34.7916,1000,2,1,1759208314,1762318525,0
UMTS,748,10,19260,68765520,0,-54.9327,-34.8945,1000,3,1,1759209219,1762318522,0
UMTS,748,10,19740,68785604,0,-56.8907,-33.5162,1000,3,1,1759222471,1761972242,0
UMTS,748,10,19740,68795604,0,-56.8962,-33.5237,1000,2,1,1759228737,1760154529,0
UMTS,748,1,103,1861323,0,-55.9743,-34.7395,1701,5,1,1759228137,1777521365,0
UMTS,748,10,19260,68766331,0,-55.0243,-34.9051,1000,3,1,1759233632,1761886119,0
UMTS,748,10,19740,68755604,0,-56.8675,-33.5035,5936,3,1,1759240488,1778644265,0
UMTS,748,10,19740,68756763,0,-57.1183,-33.1869,1000,3,1,1759295610,1770446162,0
UMTS,748,10,19260,68755349,0,-56.2116,-34.7936,1000,4,1,1759297565,1774067873,0
UMTS,748,10,19740,68765619,0,-57.5871,-32.7543,3990,7,1,1759298328,1777953008,0
UMTS,748,10,19740,68805619,0,-57.6237,-32.6981,1000,2,1,1759307396,1778730669,0
UMTS,748,1,181,1714993,0,-56.2708,-34.7918,1000,5,1,1759324448,1779424392,0
LTE,748,1,103,707841,-1,-56.0704,-34.7919,1000,2,1,1759235926,1759952101,0
LTE,748,1,103,707840,-1,-56.0699,-34.793,1000,2,1,1759236006,1759431902,0
LTE,748,1,200,1128232,-1,-56.0688,-34.7938,1000,1,1,1759236021,1759236021,0
GSM,748,10,9725,17024,-1,-58.0707,-32.3181,1000,1,1,1759372589,1759372589,0
GSM,748,10,9725,17319,-1,-58.0706,-32.3181,1000,1,1,1759357181,1759357181,0
GSM,748,10,9725,17090,-1,-58.0707,-32.3181,1000,1,1,1759367228,1759367228,0
GSM,748,10,19740,17024,-1,-58.0707,-32.3181,1000,1,1,1759373478,1759373478,0
UMTS,748,10,19740,68775611,0,-58.0767,-32.2944,1000,6,1,1759386121,1778212518,0
UMTS,748,1,103,1875333,0,-56.1592,-34.7514,1000,1,1,1759392609,1759392609,0
UMTS,748,10,19740,68755580,0,-58.0798,-32.3237,1000,3,1,1759394228,1764910918,0
UMTS,748,1,103,1734934,0,-56.1765,-34.8104,1000,1,1,1759394275,1759394275,0
UMTS,748,10,19740,68776895,0,-58.0906,-32.317,1000,1,1,1759399659,1759399659,0
UMTS,748,1,103,1714853,0,-56.1778,-34.7724,1437,2,1,1759398006,1776397968,0
UMTS,748,1,137,1714734,0,-57.9762,-34.1341,1000,3,1,1759403994,1762493456,0
UMTS,748,10,19740,68766907,0,-57.8638,-32.5067,1000,2,1,1759474519,1770446151,0
UMTS,748,10,19740,68756921,0,-56.6928,-33.4471,2696,4,1,1759485191,1777348521,0
UMTS,748,10,19740,68775639,0,-56.587,-33.3991,3344,2,1,1759485871,1766554645,0
UMTS,748,10,19260,68775685,0,-55.9576,-34.2956,1000,2,1,1759497866,1775188866,0
LTE,748,7,7050,5215489,0,-57.9945,-32.4412,1000,1,1,1759534475,1759534475,0
GSM,748,10,9721,37373,-1,-56.702,-34.2678,1000,1,1,1759558139,1759558139,0
GSM,748,10,9721,27116,-1,-56.7625,-33.8559,4749,2,1,1759559964,1759725056,0
GSM,748,10,9721,38661,-1,-56.8774,-33.5606,1000,1,1,1759560937,1759560937,0
GSM,748,10,9721,28661,-1,-56.8774,-33.5606,1000,1,1,1759560937,1759560937,0
GSM,748,10,9721,27020,-1,-56.8937,-33.515,1000,2,1,1759602399,1759724894,0
GSM,748,10,9721,37116,-1,-56.8774,-33.5606,1000,1,1,1759560937,1759560937,0
GSM,748,10,9721,37020,-1,-56.8937,-33.515,1000,2,1,1759602399,1759724894,0
GSM,748,10,9721,17020,-1,-56.8937,-33.515,1000,2,1,1759602399,1759724894,0
GSM,748,10,9721,28634,-1,-56.8067,-33.48,1000,1,1,1759617728,1759617728,0
GSM,748,10,9721,37102,-1,-56.5487,-33.402,1000,1,1,1759630344,1759630344,0
GSM,748,10,9721,27102,-1,-56.5382,-33.3955,1000,1,1,1759629460,1759629460,0
GSM,748,10,9721,18661,-1,-56.7047,-33.4535,1000,1,1,1759631261,1759631261,0
GSM,748,10,9721,37165,-1,-56.7047,-33.4535,1000,1,1,1759631261,1759631261,0
GSM,748,10,9721,37018,-1,-56.7047,-33.4535,1000,1,1,1759631261,1759631261,0
GSM,748,10,9721,37074,-1,-56.7047,-33.4535,1000,1,1,1759631261,1759631261,0
GSM,748,10,9721,17116,-1,-56.8244,-33.6721,1000,1,1,1759657414,1759657414,0
GSM,748,10,9303,33099,-1,-56.6993,-34.0986,1000,1,1,1759659226,1759659226,0
GSM,748,10,9303,13100,-1,-56.6184,-34.6461,1000,1,1,1759662871,1759662871,0
UMTS,748,1,104,1566060,0,-55.49,-32.8761,3770,5,1,1759731113,1762663389,0
UMTS,748,10,19740,68757162,0,-56.9069,-33.5143,1000,2,1,1759732106,1764652044,0
UMTS,748,10,19740,68777162,0,-56.9741,-33.4999,1787,2,1,1759733015,1761972294,0
UMTS,748,1,104,1563060,0,-55.4851,-32.8785,4282,9,1,1759751886,1761366732,0
UMTS,748,1,116,1857394,0,-56.0048,-34.8472,1000,3,1,1759758515,1767161319,0
UMTS,748,1,181,1733522,0,-56.4298,-34.4203,1000,4,1,1759837350,1773815676,0
UMTS,748,10,19740,68805610,0,-58.0609,-32.3262,1000,3,1,1759848405,1778126444,0
UMTS,748,10,19740,68795610,0,-58.0626,-32.3285,1000,2,1,1759850132,1764824517,0
LTE,748,1,103,528132,-1,-56.0706,-34.7918,1000,1,1,1759922420,1759922420,0
LTE,748,1,200,1128222,-1,-56.0686,-34.794,1000,5,1,1759922436,1759953182,0
LTE,748,1,200,1127967,-1,-56.066,-34.7958,1000,1,1,1759922521,1759922521,0
LTE,748,1,200,1127971,-1,-56.0651,-34.7964,1000,1,1,1759922526,1759922526,0
LTE,748,1,200,1128233,-1,-56.0617,-34.7984,1000,7,1,1759922531,1759953182,0
LTE,748,1,103,548106,-1,-56.0573,-34.8009,1000,4,1,1759922566,1759953241,0
UMTS,748,1,104,1561555,0,-55.4829,-32.8783,4392,3,1,1759880953,1761280168,0
UMTS,748,10,19250,68805355,0,-56.2742,-34.8602,1000,1,1,1759901765,1759901765,0
UMTS,748,10,19740,68775608,0,-58.0861,-32.315,1000,10,1,1759909863,1778212613,0
UMTS,748,1,181,1753272,0,-56.4269,-34.7471,1000,5,1,1759910488,1773211314,0
UMTS,748,10,19740,68775561,0,-58.0321,-32.2625,1168,3,1,1759913502,1769842231,0
UMTS,748,10,19740,68776739,0,-57.878,-32.0911,5569,9,1,1759921658,1770446103,0
UMTS,748,10,19740,68785657,0,-57.8676,-31.9277,1944,3,1,1759936115,1760759024,0
UMTS,748,1,181,1757230,0,-56.6813,-34.5979,1000,1,1,1759923184,1759923184,0
UMTS,748,10,19740,68795807,0,-57.8622,-31.9026,3227,2,1,1759923484,1765342841,0
UMTS,748,10,19740,68805657,0,-57.9001,-31.9346,1000,1,1,1759933437,1759933437,0
UMTS,748,1,181,1734862,0,-56.6855,-34.5968,1000,1,1,1759925890,1759925890,0
UMTS,748,10,19740,68755657,0,-57.8741,-31.9258,3115,4,1,1759937048,1777607564,0
UMTS,748,1,104,1564555,0,-55.4905,-32.8709,3303,2,1,1759946067,1761194037,0
UMTS,748,1,106,1878332,0,-56.0166,-34.8627,1000,1,1,1759948792,1759948792,0
UMTS,748,1,181,1734993,0,-56.2756,-34.7938,2070,5,1,1760003820,1772174479,0
UMTS,748,1,181,1714995,0,-56.2723,-34.7897,1000,7,1,1760007420,1777005240,0
UMTS,748,1,181,1753670,0,-56.2927,-34.8239,1000,2,1,1760008355,1768373131,0
UMTS,748,1,110,1946660,0,-56.1728,-34.8244,1000,1,1,1760025169,1760025169,0
UMTS,748,1,117,1878202,0,-55.439,-34.7744,1000,1,1,1760074157,1760074157,0
UMTS,748,10,19740,68775807,0,-57.8833,-31.8124,3336,4,1,1760079075,1770446061,0
UMTS,748,10,19740,68765580,0,-58.0679,-32.3264,1000,3,1,1760085264,1778126451,0
UMTS,748,10,19740,68776767,0,-57.9883,-32.4462,1000,5,1,1760088944,1771994856,0
LTE,748,10,59260,1329925,0,-56.2352,-34.0935,1000,1,1,1760091020,1760091020,0
UMTS,748,10,19260,68765679,0,-56.2835,-34.5239,1000,4,1,1760109408,1779510807,0
UMTS,748,10,19260,68755674,0,-56.2103,-34.7255,1000,1,1,1760113139,1760113139,0
UMTS,748,10,19260,68765801,0,-56.2037,-34.7248,1000,1,1,1760114046,1760114046,0
UMTS,748,1,106,1861264,0,-56.101,-34.8804,1000,1,1,1760117242,1760117242,0
LTE,748,1,23,241166,0,-58.0352,-32.3814,1000,1,1,1760248011,1760248011,0
UMTS,748,7,46464,50726146,0,-56.2117,-34.9096,1000,1,1,1760248432,1760248432,0
UMTS,748,10,19250,68755570,0,-56.1743,-34.8136,2709,2,1,1760286470,1768545413,0
LTE,748,7,7040,50775304,0,-56.3251,-34.8114,1000,1,1,1760322575,1760322575,0
UMTS,748,10,19250,68775323,0,-56.1406,-34.8259,1000,7,1,1760334139,1778387594,0
UMTS,748,1,181,1733272,0,-56.4269,-34.7471,1000,9,1,1760342939,1780029175,0
UMTS,748,10,19260,68755678,0,-56.2435,-34.6487,1000,5,1,1760359603,1776311550,0
LTE,748,1,81,227124,0,-56.2775,-34.824,1000,1,1,1760367771,1760367771,0
UMTS,748,10,19740,68795619,0,-57.6257,-32.7119,1000,2,1,1760373700,1771994774,0
UMTS,748,1,104,1561635,0,-55.4313,-32.9151,1045,2,1,1760431749,1761366739,0
UMTS,748,7,47264,63314434,0,-57.908,-31.4553,1000,1,1,1760442181,1760442181,0
GSM,748,10,9725,37091,-1,-57.8817,-32.0851,1000,1,1,1760442872,1760442872,0
UMTS,748,10,19740,68765625,0,-57.8971,-31.3859,1723,6,1,1760448898,1777607481,0
UMTS,748,1,181,1733698,0,-56.3382,-34.8254,1332,6,1,1760499990,1775879849,0
UMTS,748,10,19740,68755625,0,-57.875,-31.3634,1000,1,1,1760506858,1760506858,0
UMTS,748,10,19740,68766965,0,-57.7939,-31.2826,1000,1,1,1760546233,1760546233,0
UMTS,748,10,19740,68785643,0,-57.7245,-31.0725,1000,1,1,1760508535,1760508535,0
UMTS,748,10,19740,68756966,0,-57.6955,-30.8433,3532,2,1,1760509488,1777607470,0
UMTS,748,10,19740,68756964,0,-57.6543,-30.4805,1000,1,1,1760511383,1760511383,0
UMTS,748,10,19740,68765634,0,-57.5872,-30.2718,2993,4,1,1760539483,1777521285,0
UMTS,748,10,19740,68775634,0,-57.6041,-30.2608,1000,3,1,1760538580,1777521288,0
UMTS,748,10,19740,68805634,0,-57.6045,-30.2602,1000,1,1,1760529543,1760529543,0
UMTS,748,1,137,1734735,0,-58.0388,-34.112,1000,1,1,1760535470,1760535470,0
UMTS,748,10,19740,68766966,0,-57.7162,-31.0615,4444,2,1,1760545250,1770360755,0
UMTS,748,10,19740,68775624,0,-57.9617,-31.3866,1000,7,1,1760622370,1777005203,0
UMTS,748,10,19740,68776748,0,-57.9642,-31.3849,1000,3,1,1760626958,1777005229,0
LTE,748,10,59260,5163526,0,-56.3265,-34.8096,1000,1,1,1760632889,1760632889,0
GSM,748,10,9631,14034,-1,-56.0138,-34.8147,2915,22,1,1760705248,1780460953,0
UMTS,748,1,200,1566006,0,-56.0606,-34.799,1000,1,1,1760705732,1760705732,0
UMTS,748,10,19740,68776798,0,-56.811,-33.7084,10733,5,1,1760712776,1778298934,0
UMTS,748,10,19260,68767156,0,-56.6738,-34.3388,1000,2,1,1760716591,1762318588,0
LTE,748,10,59250,5150465,0,-56.2038,-34.904,1000,1,1,1760723692,1760723692,0
LTE,748,10,59740,5190917,0,-57.8653,-31.8716,1000,1,1,1760751682,1760751682,0
UMTS,748,1,124,1735393,0,-58.1807,-33.6527,4224,11,1,1760801043,1773735336,0
UMTS,748,1,124,1715393,0,-58.1893,-33.6457,6689,10,1,1760892002,1774067897,0
GSM,748,10,9631,14079,-1,-56.0143,-34.7992,4296,25,1,1760939359,1780461034,0
UMTS,748,10,19250,68765453,0,-56.1773,-34.8636,1000,1,1,1760940005,1760940005,0
GSM,748,10,9631,13349,-1,-56.0321,-34.8112,3356,21,1,1760956582,1780461034,0
UMTS,748,1,103,1734935,0,-56.1789,-34.7939,1000,2,1,1760956831,1774928499,0
GSM,748,10,9233,32105,-1,-56.0771,-34.8811,2344,26,1,1761024761,1780460957,0
GSM,748,10,9631,12075,-1,-56.0604,-34.8786,2799,22,1,1761018375,1780461016,0
GSM,748,10,9631,16274,-1,-56.0344,-34.8621,5144,24,1,1761056533,1780460956,0
GSM,748,10,9631,12114,-1,-56.0363,-34.8724,3128,23,1,1761056533,1780460956,0
GSM,748,10,9631,14025,-1,-56.0325,-34.8666,5673,24,1,1761021090,1780461016,0
GSM,748,10,9233,12133,-1,-56.0822,-34.8901,4845,23,1,1761024761,1780201886,0
GSM,748,10,9631,14190,-1,-56.0118,-34.8178,2132,22,1,1761050966,1780460953,0
GSM,748,10,9631,14078,-1,-56.002,-34.8172,3747,25,1,1761025667,1780201879,0
GSM,748,10,9631,14098,-1,-56.0079,-34.8433,2503,15,1,1761025667,1780029175,0
GSM,748,10,9631,14026,-1,-56.0309,-34.8638,1423,22,1,1761051895,1780374601,0
GSM,748,10,9233,12299,-1,-56.0949,-34.8955,2738,25,1,1761055691,1780461082,0
GSM,748,10,9233,12072,-1,-56.1025,-34.8863,3395,26,1,1761104726,1780461026,0
GSM,748,10,9234,12112,-1,-56.1542,-34.876,2852,22,1,1761109290,1780460949,0
GSM,748,10,9234,12284,-1,-56.1316,-34.8863,1522,26,1,1761110202,1780461080,0
GSM,748,10,9631,14027,-1,-56.0169,-34.8341,2624,21,1,1761112946,1780461014,0
GSM,748,10,9233,12108,-1,-56.0468,-34.8398,5853,17,1,1761112946,1778039985,0
GSM,748,10,9632,12052,-1,-56.1107,-34.8221,3630,21,1,1761145944,1780115574,0
GSM,748,10,9632,16324,-1,-56.1138,-34.8395,1000,3,1,1761113858,1774583504,0
GSM,748,10,9234,12252,-1,-56.158,-34.8629,2162,26,1,1761114771,1780374622,0
GSM,748,10,9234,12103,-1,-56.1301,-34.86,1763,24,1,1761128323,1778992307,0
GSM,748,10,9234,12137,-1,-56.1455,-34.8448,3226,21,1,1761128323,1780460949,0
GSM,748,10,9236,12660,-1,-56.153,-34.8447,2554,23,1,1761128323,1780460949,0
GSM,748,10,9632,12107,-1,-56.1005,-34.8081,2617,25,1,1761129244,1780115365,0
GSM,748,10,9632,12206,-1,-56.1205,-34.8062,10349,22,1,1761146621,1780115592,0
GSM,748,10,9631,14099,-1,-55.9964,-34.8169,4451,24,1,1761136466,1780461030,0
GSM,748,10,9233,12100,-1,-56.1021,-34.8975,6321,24,1,1761139202,1780461082,0
GSM,748,10,9233,12310,-1,-56.1056,-34.8843,1848,22,1,1761139202,1780461013,0
GSM,748,10,9632,12082,-1,-56.0718,-34.7969,4769,23,1,1761144743,1780460951,0
GSM,748,10,9632,12061,-1,-56.1386,-34.8198,4985,25,1,1761146621,1780461086,0
GSM,748,10,9632,12056,-1,-56.1414,-34.8173,3243,24,1,1761146621,1780115597,0
GSM,748,10,9236,22395,-1,-56.1768,-34.8224,3320,22,1,1761146621,1779337927,0
GSM,748,10,9233,12104,-1,-56.1115,-34.8891,1736,25,1,1761191022,1780461013,0
GSM,748,10,9631,14187,-1,-56.0173,-34.8461,4150,26,1,1761160162,1780201950,0
GSM,748,10,9632,16300,-1,-56.0961,-34.8139,4029,23,1,1761215396,1780461086,0
GSM,748,10,9234,12048,-1,-56.1253,-34.8465,8572,26,1,1761201817,1779251577,0
GSM,748,10,9234,22068,-1,-56.125,-34.8632,1978,21,1,1761163796,1778992307,0
GSM,748,10,9236,22034,-1,-56.1807,-34.8671,1711,24,1,1761243465,1780201786,0
GSM,748,10,9232,12033,-1,-56.1835,-34.8785,2539,21,1,1761183656,1780461006,0
GSM,748,10,9236,12205,-1,-56.1937,-34.8493,2849,22,1,1761175547,1780461088,0
GSM,748,10,9236,12151,-1,-56.174,-34.8629,1289,24,1,1761211747,1780461037,0
GSM,748,10,9236,12092,-1,-56.189,-34.8706,2380,23,1,1761228130,1780461037,0
GSM,748,10,9236,12232,-1,-56.1798,-34.8652,1170,22,1,1761243465,1780201829,0
GSM,748,10,9236,18645,-1,-56.1783,-34.8614,1957,21,1,1761243465,1780115390,0
GSM,748,10,9631,14029,-1,-56.0021,-34.8218,4201,23,1,1761193617,1780201879,0
GSM,748,10,9234,12283,-1,-56.1497,-34.8784,1157,21,1,1761214469,1780461068,0
UMTS,748,10,19260,68755503,0,-55.0492,-34.8681,1000,3,1,1761201469,1761713712,0
UMTS,748,10,19260,68775474,0,-55.0391,-34.8871,1000,1,1,1761202369,1761202369,0
GSM,748,10,9236,12311,-1,-56.1706,-34.848,1821,21,1,1761208148,1780115352,0
GSM,748,10,9236,12305,-1,-56.1918,-34.8692,1307,21,1,1761213562,1779856404,0
GSM,748,10,9235,12057,-1,-56.2084,-34.865,4508,17,1,1761213562,1778903460,0
GSM,748,10,9236,12322,-1,-56.1554,-34.8748,1114,21,1,1761214469,1780461068,0
UMTS,748,10,19250,68776756,0,-56.2173,-34.8619,1000,4,1,1761227664,1774583461,0
GSM,748,10,9232,12115,-1,-56.195,-34.8769,1346,23,1,1761228130,1780461006,0
UMTS,748,1,100,1858132,0,-56.1552,-34.8632,1000,1,1,1761255766,1761255766,0
GSM,748,10,9234,12049,-1,-56.1285,-34.8387,1809,24,1,1761301536,1778557734,0
GSM,748,10,9232,12654,-1,-56.1697,-34.8686,1883,26,1,1761330212,1780461039,0
GSM,748,10,9232,12177,-1,-56.1852,-34.8931,1843,25,1,1761321189,1780115466,0
GSM,748,10,9232,12081,-1,-56.1851,-34.8888,1275,22,1,1761321189,1780029082,0
GSM,748,10,9231,12098,-1,-56.1728,-34.9046,1327,21,1,1761313380,1780461081,0
GSM,748,10,9232,12028,-1,-56.159,-34.8914,1860,22,1,1761312461,1780461019,0
GSM,748,10,9232,12287,-1,-56.1595,-34.887,1103,23,1,1761312461,1780460959,0
GSM,748,10,9232,12102,-1,-56.1503,-34.8833,1105,21,1,1761282438,1780374608,0
GSM,748,10,9234,12070,-1,-56.1114,-34.8804,2537,25,1,1761283350,1780115493,0
GSM,748,10,9233,12233,-1,-56.1116,-34.8769,5539,23,1,1761283350,1780115493,0
UMTS,748,10,19250,68775279,0,-56.2381,-34.8681,1000,3,1,1761296662,1774500671,0
GSM,748,10,9232,12309,-1,-56.1737,-34.8708,1932,21,1,1761300607,1780374594,0
GSM,748,10,9632,12676,-1,-56.1223,-34.8399,2061,22,1,1761301536,1778817024,0
GSM,748,10,9632,13629,-1,-56.0136,-34.7946,8112,5,1,1761307918,1776311573,0
GSM,748,10,9233,12296,-1,-56.0746,-34.88,1000,10,1,1761311506,1776397722,0
GSM,748,10,9231,12036,-1,-56.1614,-34.8998,1575,25,1,1761314296,1780461009,0
GSM,748,10,9231,12140,-1,-56.1562,-34.8964,1100,25,1,1761314296,1780460958,0
GSM,748,10,9233,12298,-1,-56.1121,-34.8949,2286,24,1,1761315207,1780115380,0
GSM,748,10,9232,12031,-1,-56.1296,-34.907,5394,21,1,1761318866,1780115380,0
GSM,748,10,9232,12289,-1,-56.1277,-34.9024,4280,19,1,1761318866,1779510583,0
GSM,748,10,9236,12317,-1,-56.1756,-34.8681,1245,23,1,1761327542,1780201786,0
GSM,748,10,9234,12677,-1,-56.1399,-34.8647,1836,21,1,1761336593,1780201888,0
GSM,748,10,9236,12101,-1,-56.1973,-34.87,2029,26,1,1761337513,1778730721,0
GSM,748,10,9232,12321,-1,-56.1802,-34.8867,2619,23,1,1761356486,1780461008,0
GSM,748,10,9232,12139,-1,-56.1799,-34.8745,1491,21,1,1761533106,1780201786,0
GSM,748,10,9232,12291,-1,-56.1672,-34.8945,1000,23,1,1761572058,1780374607,0
UMTS,748,10,19260,68765503,0,-55.0496,-34.8804,1000,1,1,1761543519,1761543519,0
GSM,748,10,9236,12055,-1,-56.1615,-34.843,2151,26,1,1761546837,1780460949,0
GSM,748,10,9236,12051,-1,-56.1591,-34.8481,2343,21,1,1761546837,1780460949,0
UMTS,748,10,19260,68775469,0,-54.9387,-34.8822,1000,1,1,1761547203,1761547203,0
GSM,748,10,9632,14109,-1,-56.0399,-34.7914,5129,19,1,1761561116,1775188791,0
UMTS,748,10,19250,68805447,0,-56.192,-34.8768,1000,1,1,1761566736,1761566736,0
UMTS,748,10,19250,68765335,0,-56.2072,-34.839,1000,2,1,1761567636,1765084170,0
UMTS,748,10,19260,68795425,0,-56.2631,-34.8028,1000,1,1,1761568549,1761568549,0
UMTS,748,10,19260,68805425,0,-56.2622,-34.7966,1000,2,1,1761569449,1779078632,0
GSM,748,10,9232,12166,-1,-56.18,-34.8912,1426,26,1,1761572058,1780461021,0
GSM,748,10,9233,32073,-1,-56.0959,-34.8973,5280,21,1,1761573880,1780115588,0
GSM,748,10,9231,12120,-1,-56.1498,-34.912,6298,25,1,1761573880,1780115383,0
UMTS,748,10,19260,68765677,0,-56.2011,-34.0927,1000,7,1,1761621367,1779424370,0
GSM,748,10,9231,12019,-1,-56.1686,-34.8988,1000,22,1,1761627504,1780461009,0
GSM,748,10,9232,12155,-1,-56.1652,-34.8951,964,25,1,1761627504,1780461023,0
GSM,748,10,9721,37082,-1,-56.4246,-32.582,5006,4,1,1761630463,1766033891,0
GSM,748,10,9632,32084,-1,-56.1559,-34.8015,1807,26,1,1761632064,1780374616,0
GSM,748,10,9632,12673,-1,-56.153,-34.8002,4391,23,1,1761632064,1780115511,0
UMTS,748,10,19260,68786346,0,-55.0423,-34.8845,1000,1,1,1761632842,1761632842,0
UMTS,748,10,19260,68805470,0,-54.9486,-34.9021,1000,2,1,1761641886,1761972265,0
UMTS,748,10,19260,68776331,0,-54.9987,-34.8833,1000,1,1,1761648207,1761648207,0
UMTS,748,1,181,1753699,0,-56.3419,-34.8131,1000,1,1,1761654961,1761654961,0
GSM,748,10,9232,12087,-1,-56.1467,-34.8879,1000,21,1,1761657674,1779942679,0
GSM,748,10,9630,12265,-1,-56.1552,-34.8387,7238,3,1,1761658444,1778992165,0
UMTS,748,10,19740,68756372,0,-56.4865,-32.8441,2325,7,1,1761662729,1776573136,0
UMTS,748,10,19740,68805602,0,-56.5253,-33.3796,1000,4,1,1761675522,1761972090,0
GSM,748,10,9230,12017,-1,-56.1794,-34.9062,1000,23,1,1761745791,1780374598,0
GSM,748,10,9230,12293,-1,-56.1798,-34.9099,637,25,1,1761745791,1780029068,0
GSM,748,10,9230,12689,-1,-56.1779,-34.9023,1000,22,1,1761745791,1780461008,0
GSM,748,10,9230,12020,-1,-56.1749,-34.9129,3516,24,1,1761745791,1780115469,0
GSM,748,10,9230,12018,-1,-56.1745,-34.9028,1000,21,1,1761708372,1780461009,0
UMTS,748,10,19740,68765603,0,-56.5242,-33.3917,1000,8,1,1761726342,1777348523,0
UMTS,748,1,116,1875873,0,-55.8189,-34.7713,1000,4,1,1761720072,1774500591,0
UMTS,748,10,19740,68775602,0,-56.5251,-33.3792,1000,9,1,1761762555,1776397688,0
GSM,748,10,9234,12067,-1,-56.1403,-34.8705,1646,20,1,1761733020,1779424297,0
UMTS,748,1,137,1715114,0,-57.8292,-33.9608,2977,2,1,1761736343,1763614439,0
GSM,748,10,9233,12071,-1,-56.1225,-34.8923,3198,22,1,1761743943,1780374599,0
GSM,748,10,9233,12136,-1,-56.1283,-34.8955,3342,22,1,1761743943,1780461023,0
GSM,748,10,9230,12024,-1,-56.183,-34.8948,1087,25,1,1761744877,1780374596,0
UMTS,748,1,181,1715104,0,-56.2897,-34.8235,1000,1,1,1761745439,1761745439,0
GSM,748,10,9230,12077,-1,-56.1778,-34.9087,758,26,1,1761745791,1780374598,0
GSM,748,10,9721,17082,-1,-56.4283,-32.587,5663,10,1,1761765581,1776918880,0
GSM,748,10,9721,37336,-1,-56.3508,-32.4829,1000,1,1,1761766427,1761766427,0
GSM,748,10,9721,27336,-1,-56.3508,-32.4829,1000,1,1,1761766427,1761766427,0
GSM,748,10,9721,17336,-1,-56.4041,-32.5541,9359,5,1,1761766427,1776918880,0
GSM,748,10,9230,12027,-1,-56.187,-34.8954,1021,21,1,1761792729,1780374596,0
GSM,748,10,9230,12021,-1,-56.1744,-34.8976,1000,21,1,1761794552,1780374607,0
GSM,748,10,9631,13266,-1,-56.0146,-34.84,1301,25,1,1761833619,1780461071,0
GSM,748,10,9632,13667,-1,-56.063,-34.7917,7504,8,1,1761806419,1779510544,0
GSM,748,10,9236,12119,-1,-56.2043,-34.8295,2531,21,1,1761807421,1780461087,0
GSM,748,10,9236,12237,-1,-56.1905,-34.8409,2765,22,1,1761807421,1780115598,0
GSM,748,10,9236,12053,-1,-56.1876,-34.8583,2502,26,1,1761807421,1780461088,0
UMTS,748,1,181,1753639,0,-56.343,-34.8154,1000,1,1,1761832151,1761832151,0
GSM,748,10,9720,17219,-1,-55.9911,-31.7679,1000,1,1,1761837161,1761837161,0
GSM,748,10,9720,37219,-1,-55.9911,-31.7679,1000,1,1,1761837161,1761837161,0
GSM,748,10,9236,12060,-1,-56.1553,-34.8319,4425,24,1,1761837312,1780461036,0
GSM,748,10,9230,12022,-1,-56.1817,-34.9014,1000,22,1,1761879887,1780461008,0
UMTS,748,1,110,1926878,0,-56.2513,-34.8282,1000,4,1,1761887163,1778644363,0
UMTS,748,1,124,1715395,0,-58.2237,-33.5152,11982,22,1,1761889266,1780029187,0
GSM,748,10,9632,12083,-1,-56.1214,-34.8071,7953,25,1,1761890820,1780115365,0
GSM,748,10,9630,12044,-1,-56.1566,-34.7952,6152,18,1,1761890820,1779165173,0
GSM,748,10,9630,12106,-1,-56.1697,-34.7976,7587,8,1,1761890820,1777723273,0
UMTS,748,10,19740,68756277,0,-57.1425,-33.6468,6850,2,1,1761893846,1764824525,0
GSM,748,10,9232,12069,-1,-56.135,-34.8921,1656,22,1,1761917103,1780374599,0
GSM,748,10,9231,12040,-1,-56.1612,-34.9119,1163,22,1,1761928034,1780115383,0
GSM,748,10,9231,12301,-1,-56.1598,-34.9145,1521,20,1,1761918915,1780115383,0
GSM,748,10,9231,12203,-1,-56.1641,-34.9164,1230,26,1,1761927124,1780461082,0
UMTS,748,10,19740,68776931,0,-57.7304,-31.387,2765,3,1,1761920591,1763787368,0
GSM,748,10,9231,12085,-1,-56.1387,-34.9105,6557,16,1,1761920755,1779596990,0
UMTS,748,10,19740,68776389,0,-57.5372,-31.3705,4258,4,1,1761921497,1764219481,0
UMTS,748,10,19260,68776343,0,-56.9597,-34.1395,2156,5,1,1761922095,1779510798,0
UMTS,748,10,19740,68756389,0,-57.3964,-31.2977,11983,6,1,1761922397,1764219484,0
UMTS,748,10,19260,68805738,0,-56.7066,-34.3431,1000,3,1,1761923979,1779510802,0
GSM,748,10,9725,26051,-1,-57.3999,-31.1899,1000,5,1,1761927142,1764219513,0
GSM,748,10,9720,37333,-1,-57.3994,-31.1898,1000,4,1,1761927142,1763787486,0
GSM,748,10,9725,16051,-1,-57.3988,-31.1897,1000,4,1,1761927142,1764219513,0
GSM,748,10,9725,37213,-1,-57.4,-31.1903,1000,4,1,1761931701,1764219497,0
GSM,748,10,9231,12302,-1,-56.1548,-34.9104,2212,19,1,1761926209,1778992190,0
GSM,748,10,9231,12099,-1,-56.1221,-34.9046,5539,21,1,1761927124,1780461082,0
GSM,748,10,9725,26004,-1,-57.4003,-31.1902,1000,3,1,1761931701,1762577708,0
GSM,748,10,9231,12175,-1,-56.1585,-34.9054,1372,15,1,1761928034,1780115383,0
UMTS,748,10,19740,68776424,0,-57.2084,-31.2879,4825,4,1,1761937400,1770188018,0
UMTS,748,10,19740,68766424,0,-57.0529,-31.3153,4039,3,1,1761938351,1763787548,0
UMTS,748,10,19740,68755758,0,-56.0446,-31.7239,1000,1,1,1761947073,1761947073,0
GSM,748,10,9720,37218,-1,-56.039,-31.768,1000,1,1,1761999597,1761999597,0
GSM,748,10,9720,17218,-1,-56.0384,-31.7661,1000,1,1,1761997797,1761997797,0
GSM,748,10,9720,27218,-1,-56.0384,-31.7661,1000,1,1,1761997797,1761997797,0
GSM,748,10,9232,18691,-1,-56.1649,-34.8851,1129,21,1,1762009481,1780460959,0
GSM,748,10,9232,12653,-1,-56.17,-34.883,2208,22,1,1762009481,1780115607,0
GSM,748,10,9231,12035,-1,-56.1684,-34.9099,3224,15,1,1762010382,1780029171,0
GSM,748,10,9231,12204,-1,-56.1494,-34.9151,1000,13,1,1762011295,1780115588,0
GSM,748,10,9232,12091,-1,-56.1463,-34.9098,1581,25,1,1762011295,1780028981,0
GSM,748,10,9232,12178,-1,-56.1453,-34.9011,2352,26,1,1762012216,1780460958,0
GSM,748,10,9631,16325,-1,-56.0515,-34.8897,1800,25,1,1762013129,1780115590,0
GSM,748,10,9233,12251,-1,-56.0553,-34.889,2251,10,1,1762013129,1779942779,0
GSM,748,10,9233,12074,-1,-56.0553,-34.8913,1500,13,1,1762013129,1780115590,0
GSM,748,10,9631,13666,-1,-55.989,-34.8058,6087,17,1,1762014066,1776311551,0
GSM,748,10,9631,13668,-1,-55.9969,-34.823,3795,19,1,1762014066,1780201879,0
GSM,748,10,9631,14007,-1,-55.9887,-34.8067,6087,16,1,1762016789,1779424390,0
GSM,748,10,9631,14077,-1,-55.9496,-34.7954,4991,6,1,1762014974,1778126419,0
GSM,748,10,9410,14002,-1,-55.9293,-34.7944,10035,8,1,1762015881,1773291561,0
GSM,748,10,9410,14185,-1,-55.8927,-34.7923,2400,3,1,1762015881,1769233117,0
UMTS,748,10,19260,68755677,0,-56.2118,-34.0874,1000,8,1,1762026841,1775277128,0
GSM,748,10,9231,12043,-1,-56.1526,-34.9181,1000,2,1,1762048633,1771396192,0
GSM,748,10,9231,12264,-1,-56.1645,-34.9012,2831,25,1,1762049559,1780461009,0
GSM,748,10,9230,12109,-1,-56.1843,-34.9013,1000,22,1,1762138225,1780374596,0
UMTS,748,10,19260,68787154,0,-56.2089,-34.1024,1000,1,1,1762154245,1762154245,0
UMTS,748,10,19260,68795677,0,-56.2172,-34.1018,1000,2,1,1762166068,1773735438,0
GSM,748,10,9232,12041,-1,-56.1432,-34.9092,1348,22,1,1762178256,1780028981,0
GSM,748,10,9232,12038,-1,-56.1356,-34.9026,1189,20,1,1762178256,1779510583,0
GSM,748,10,9232,12288,-1,-56.1348,-34.8945,1638,19,1,1762178256,1780374599,0
GSM,748,10,9230,12026,-1,-56.1832,-34.8988,1000,12,1,1762224756,1780115466,0
UMTS,748,10,19260,68755572,0,-55.2317,-34.7794,1000,1,1,1762241936,1762241936,0
UMTS,748,10,19260,68755512,0,-55.3211,-34.7892,1000,1,1,1762243755,1762243755,0
UMTS,748,10,19260,68756279,0,-55.4779,-34.706,1000,1,1,1762244668,1762244668,0
UMTS,748,10,19260,68776327,0,-55.6189,-34.6623,1859,5,1,1762245574,1780460960,0
UMTS,748,10,19260,68775763,0,-55.7609,-34.672,1000,3,1,1762246481,1780201916,0
UMTS,748,10,19260,68775714,0,-55.8654,-34.5555,3372,11,1,1762247393,1780461087,0
UMTS,748,10,19260,68775681,0,-56.0272,-34.5141,1000,1,1,1762248299,1762248299,0
GSM,748,10,9632,36324,-1,-56.1201,-34.8417,1000,10,1,1762252112,1778903471,0
UMTS,748,1,124,1735394,0,-58.2964,-33.5926,5431,10,1,1762258491,1778903443,0
UMTS,748,10,19740,68765742,0,-58.0175,-33.2619,1000,3,1,1762264682,1763701283,0
UMTS,748,10,19740,68766939,0,-57.5565,-34.0517,3203,7,1,1762265425,1780029123,0
UMTS,748,10,19740,68756377,0,-58.0636,-33.3244,1000,2,1,1762265673,1771994884,0
UMTS,748,10,19740,68755654,0,-57.8274,-33.8927,6634,8,1,1762274474,1778992227,0
UMTS,748,10,19740,68755642,0,-58.2442,-33.1219,1000,2,1,1762271005,1762748485,0
UMTS,748,10,19740,68765768,0,-58.2817,-33.1366,4656,3,1,1762267607,1762493433,0
UMTS,748,10,19740,68767173,0,-58.3721,-33.8835,2283,5,1,1762271750,1763701277,0
UMTS,748,10,19740,68755768,0,-58.2789,-33.1013,3414,2,1,1762271905,1762577840,0
GSM,748,10,9231,12039,-1,-56.1725,-34.9154,1971,22,1,1762274898,1779424387,0
UMTS,748,10,19740,68756318,0,-57.5138,-34.1106,1000,2,1,1762276305,1763614497,0
UMTS,748,10,19740,68766418,0,-57.472,-34.2888,10111,8,1,1762277205,1780029100,0
GSM,748,10,9233,12088,-1,-56.1251,-34.8922,1176,18,1,1762313952,1780374599,0
GSM,748,10,9234,12167,-1,-56.1277,-34.8666,1762,25,1,1762320358,1778992307,0
UMTS,748,10,19740,68766318,0,-57.5122,-34.1328,1034,4,1,1762338650,1763701029,0
UMTS,748,1,181,1753271,0,-56.4227,-34.7555,1035,5,1,1762330329,1773211196,0
UMTS,748,10,19260,68775781,0,-57.4508,-34.3157,2712,3,1,1762339580,1763701033,0
UMTS,748,10,19740,68765788,0,-58.3098,-33.1184,1000,1,1,1762346600,1762346600,0
UMTS,748,10,19740,68765654,0,-57.7469,-33.9188,1000,3,1,1762365014,1762493369,0
UMTS,748,10,19740,68765284,0,-58.353,-33.8823,1189,3,1,1762367648,1764132853,0
UMTS,748,10,19260,68778276,0,-57.3982,-34.3502,1000,2,1,1762407460,1762493358,0
UMTS,748,10,19740,68775756,0,-58.3503,-33.7781,1000,2,1,1762417428,1762493397,0
UMTS,748,10,19740,68755770,0,-58.312,-33.611,1000,2,1,1762418334,1762493401,0
UMTS,748,10,19740,68775562,0,-58.0394,-33.2755,1844,4,1,1762421081,1779338000,0
UMTS,748,10,19740,68777164,0,-58.046,-33.2181,4490,4,1,1762421987,1764997187,0
UMTS,748,10,19740,68776350,0,-58.0187,-33.0307,7180,3,1,1762423098,1778730775,0
UMTS,748,10,19740,68756350,0,-57.9789,-32.9132,2722,3,1,1762423839,1763787319,0
GSM,748,10,9725,27036,-1,-57.9473,-32.7423,1000,2,1,1762425050,1762493425,0
GSM,748,10,9725,17211,-1,-57.9473,-32.7423,1000,2,1,1762425050,1762493425,0
UMTS,748,10,19740,68755806,0,-58.0063,-32.6269,1000,2,1,1762425709,1762493427,0
UMTS,748,1,103,1881323,0,-55.9744,-34.7423,1483,7,1,1762426954,1776659399,0
UMTS,748,10,19740,68756834,0,-58.1469,-33.1564,3818,4,1,1762431161,1778730777,0
GSM,748,10,9725,27213,-1,-57.4002,-31.1904,1000,2,1,1762439585,1763787397,0
GSM,748,10,9725,36004,-1,-57.3995,-31.1899,1000,3,1,1762444565,1763787486,0
UMTS,748,1,124,1735395,0,-58.2377,-33.5221,6332,23,1,1762443773,1780201938,0
GSM,748,10,9231,32203,-1,-56.1686,-34.9196,1708,13,1,1762444656,1780461082,0
UMTS,748,1,200,1563007,0,-56.0757,-34.7941,1000,3,1,1762445054,1777607343,0
GSM,748,10,9720,36003,-1,-57.4013,-31.1902,1000,1,1,1762447729,1762447729,0
GSM,748,10,19740,26051,-1,-57.4013,-31.1902,1000,1,1,1762448611,1762448611,0
UMTS,748,7,47264,5480192,0,-57.6259,-32.7102,1000,1,1,1762487759,1762487759,0
UMTS,748,1,117,1875903,0,-55.4334,-34.7793,1000,1,1,1762501912,1762501912,0
UMTS,748,1,124,1715394,0,-58.2948,-33.5931,4168,10,1,1762516810,1779597114,0
UMTS,748,1,116,1878192,0,-55.6462,-34.7517,1000,1,1,1762520870,1762520870,0
UMTS,748,1,103,1714485,0,-56.1445,-34.7146,1000,1,1,1762523926,1762523926,0
GSM,748,10,9233,12377,-1,-56.0175,-34.8215,6899,11,1,1762526115,1773735346,0
GSM,748,10,9231,12037,-1,-56.1518,-34.9062,1000,10,1,1762528856,1779597076,0
GSM,748,10,9230,12295,-1,-56.1821,-34.9103,2170,17,1,1762529762,1780115469,0
UMTS,748,10,19260,68795606,0,-56.1908,-34.1174,1000,1,1,1762548964,1762548964,0
UMTS,748,7,47264,6230018,0,-57.922,-31.2766,1000,1,1,1762553591,1762553591,0
UMTS,748,1,104,1566035,0,-55.5586,-33.2745,1000,1,1,1762611494,1762611494,0
UMTS,748,10,30496,5167877,0,-56.1493,-34.9184,1000,1,1,1762665462,1762665462,0
UMTS,748,10,19260,68797151,0,-56.7618,-34.3406,1000,1,1,1762686158,1762686158,0
UMTS,748,7,46464,50721538,0,-56.193,-34.8919,1000,1,1,1762704159,1762704159,0
UMTS,748,7,46464,50719745,0,-56.2073,-34.9072,1000,1,1,1762717625,1762717625,0
UMTS,748,10,30496,1309188,0,-56.2053,-34.9033,1000,1,1,1762722354,1762722354,0
UMTS,748,10,19250,68765467,0,-56.1689,-34.8233,1000,1,1,1762751373,1762751373,0
UMTS,748,10,19250,68805314,0,-56.1985,-34.8574,1000,1,1,1762752261,1762752261,0
UMTS,748,10,19250,68775444,0,-56.2184,-34.8345,1000,2,1,1762790063,1770446178,0
UMTS,748,1,124,1738031,0,-58.3004,-33.2525,1000,1,1,1762790145,1762790145,0
UMTS,748,7,47424,66109698,0,-56.7939,-33.93,1000,1,1,1762802520,1762802520,0
UMTS,748,7,46784,40561152,0,-56.801,-33.7232,1000,1,1,1762804663,1762804663,0
UMTS,748,1,1616,692995,0,-56.2058,-34.9014,1000,1,1,1762808697,1762808697,0
UMTS,748,7,46784,3954176,0,-57.0759,-33.3021,1000,1,1,1762808904,1762808904,0
UMTS,748,7,46784,3953410,0,-57.1732,-33.1293,1000,1,1,1762822760,1762822760,0
UMTS,748,7,47264,5480706,0,-57.3607,-32.9542,1000,1,1,1762829937,1762829937,0
GSM,748,10,9631,14028,-1,-56.0312,-34.8672,1000,7,1,1762833151,1770446052,0
UMTS,748,10,19260,68765576,0,-56.3812,-34.4449,1000,1,1,1762835383,1762835383,0
UMTS,748,7,47264,5216256,0,-57.9387,-32.1457,1000,1,1,1762836292,1762836292,0
UMTS,748,7,47264,5212673,0,-57.8897,-31.6618,1000,1,1,1762838446,1762838446,0
UMTS,748,7,47264,63318272,0,-57.8746,-31.3599,1000,1,1,1762840564,1762840564,0
UMTS,748,10,19740,68775740,0,-58.0342,-33.2487,1000,5,1,1762855649,1779424310,0
UMTS,748,10,19740,68777165,0,-58.0345,-33.2471,1000,2,1,1762856566,1763096178,0
UMTS,748,10,19740,68767165,0,-58.0294,-33.2496,1000,2,1,1762870079,1763096227,0
UMTS,748,1,124,1718031,0,-58.2933,-33.2467,1000,1,1,1762871773,1762871773,0
UMTS,748,10,19740,68755562,0,-58.0386,-33.2529,1000,3,1,1762871908,1779251585,0
GSM,748,10,9630,12307,-1,-56.2267,-34.7943,1362,5,1,1762874175,1779597086,0
GSM,748,10,9630,12138,-1,-56.2022,-34.8191,4320,20,1,1762874175,1780461087,0
GSM,748,10,9235,12141,-1,-56.2227,-34.8485,1000,7,1,1762875075,1777723236,0
GSM,748,10,9236,12062,-1,-56.2032,-34.8447,6380,26,1,1762875987,1779942787,0
UMTS,748,10,19740,68785562,0,-58.0662,-33.3278,3920,4,1,1762925954,1772692631,0
UMTS,748,1,137,1715115,0,-57.9193,-33.8671,1000,1,1,1762935946,1762935946,0
UMTS,748,1,110,1926660,0,-56.1697,-34.8239,1000,3,1,1763028656,1778644368,0
GSM,748,10,9230,12076,-1,-56.1981,-34.8912,1047,2,1,1763035289,1768545416,0
GSM,748,10,9235,12384,-1,-56.2459,-34.8525,3138,12,1,1763038948,1777723270,0
UMTS,748,10,19740,68777163,0,-58.0377,-33.2803,1000,1,1,1763099226,1763099226,0
GSM,748,10,9632,14035,-1,-55.9875,-34.7686,9670,10,1,1763121142,1775188791,0
UMTS,748,10,19260,68755738,0,-56.711,-34.3439,1000,1,1,1763131334,1763131334,0
GSM,748,10,9630,12066,-1,-56.2195,-34.8134,3929,9,1,1763133885,1779856402,0
GSM,748,10,9630,16316,-1,-56.2238,-34.8013,1000,4,1,1763133885,1777723324,0
UMTS,748,1,1616,695303,0,-56.2034,-34.902,1000,1,1,1763147520,1763147520,0
UMTS,748,1,2000,544783,0,-56.2168,-34.8693,1000,1,1,1763148495,1763148495,0
UMTS,748,1,1296,190517,0,-56.2784,-34.8337,1000,1,1,1763158634,1763158634,0
UMTS,748,1,107,1565557,0,-55.3277,-34.1002,1000,1,1,1763247689,1763247689,0
UMTS,748,1,122,1732500,0,-56.9164,-34.3126,1000,1,1,1763300632,1763300632,0
UMTS,748,10,19260,68797156,0,-56.7237,-34.3462,1000,1,1,1763383038,1763383038,0
LTE,748,7,7000,50731271,0,-56.2062,-34.8752,1000,1,1,1763427396,1763427396,0
UMTS,748,10,19740,68787173,0,-58.3989,-33.8872,1000,1,1,1763471249,1763471249,0
UMTS,748,1,124,1715325,0,-57.7236,-32.7748,7571,4,1,1763476691,1777953102,0
UMTS,748,1,124,1715323,0,-57.725,-32.8286,1000,2,1,1763475763,1763872492,0
GSM,748,10,9232,12029,-1,-56.1509,-34.8998,1306,24,1,1763479819,1780460958,0
UMTS,748,10,19740,68766942,0,-58.2859,-33.8468,3988,5,1,1763486672,1778992255,0
UMTS,748,10,19260,68755551,0,-57.4473,-34.3875,1000,2,1,1763544555,1780115529,0
UMTS,748,1,137,1735114,0,-57.8273,-33.9522,1000,1,1,1763545724,1763545724,0
UMTS,748,1,137,1767710,0,-57.8518,-33.98,1000,1,1,1763549330,1763549330,0
UMTS,748,10,19740,68785646,0,-57.6177,-34.276,1352,3,1,1763554577,1774067813,0
UMTS,748,10,19740,68795646,0,-57.612,-34.2661,1000,1,1,1763555490,1763555490,0
UMTS,748,10,19740,68805646,0,-57.6209,-34.26,1000,4,1,1763561823,1774067902,0
UMTS,748,10,19740,68775780,0,-57.5629,-34.3722,1000,2,1,1763563133,1773384177,0
GSM,748,10,9230,12132,-1,-56.2002,-34.8995,1506,6,1,1763607071,1772087416,0
UMTS,748,10,19740,68775284,0,-58.389,-33.8863,1000,3,1,1763636094,1778992252,0
UMTS,748,10,19740,68757166,0,-58.3878,-33.8551,1000,1,1,1763656953,1763656953,0
UMTS,748,10,19740,68765770,0,-58.3326,-33.6753,1000,1,1,1763657853,1763657853,0
UMTS,748,10,19740,68765741,0,-58.2136,-33.5378,1000,5,1,1763658759,1779856319,0
UMTS,748,10,19740,68765699,0,-58.1912,-33.5118,1428,5,1,1763659666,1779769993,0
UMTS,748,10,19740,68766434,0,-57.9643,-32.7272,1000,1,1,1763665223,1763665223,0
UMTS,748,10,19740,68766389,0,-57.4085,-31.3353,1000,2,1,1763676175,1770188014,0
UMTS,748,1,110,1926879,0,-56.2518,-34.8297,1000,7,1,1763701784,1779856298,0
UMTS,748,1,122,1735283,0,-56.7617,-34.5149,1085,6,1,1763704562,1772779385,0
LTE,748,10,59250,5179144,0,-56.213,-34.9074,1000,1,1,1763725200,1763725200,0
LTE,748,10,59250,5179141,0,-56.2133,-34.9076,1000,1,1,1763725335,1763725335,0
UMTS,748,10,19740,68776759,0,-56.0405,-31.7683,1000,2,1,1763745448,1775879953,0
GSM,748,10,9235,12297,-1,-56.2077,-34.8481,3271,15,1,1763790075,1779510806,0
GSM,748,10,9630,16314,-1,-56.2003,-34.8204,2570,19,1,1763907296,1780461087,0
GSM,748,10,9630,12065,-1,-56.2024,-34.8236,4211,25,1,1763907296,1780461087,0
GSM,748,10,9236,12063,-1,-56.1964,-34.8296,3952,25,1,1763907296,1780461087,0
LTE,748,10,59250,5179138,0,-56.2126,-34.9073,1000,1,1,1763969277,1763969277,0
UMTS,748,1,110,1946878,0,-56.2499,-34.8262,1000,3,1,1763978041,1765947353,0
UMTS,748,1,181,1715103,0,-56.2506,-34.8235,1000,3,1,1763978965,1778298830,0
UMTS,748,10,19260,68766461,0,-56.2391,-34.6973,1000,2,1,1763980099,1765860596,0
UMTS,748,10,19260,68756321,0,-56.3838,-34.4441,1000,1,1,1763981952,1763981952,0
UMTS,748,10,19740,68755646,0,-57.6096,-34.2653,1000,3,1,1763992131,1779942775,0
UMTS,748,10,19740,68756430,0,-57.7927,-34.4483,1000,2,1,1763994009,1773735457,0
UMTS,748,10,19740,68765556,0,-57.8364,-34.4529,1000,2,1,1763994932,1780461047,0
UMTS,748,10,19740,68785270,0,-58.2861,-33.9847,1000,2,1,1764049364,1764219512,0
UMTS,748,1,137,1735235,0,-56.8724,-33.5971,1000,1,1,1764065250,1764065250,0
UMTS,748,1,180,1735405,0,-56.6163,-33.3951,1000,1,1,1764073378,1764073378,0
UMTS,748,10,19740,68795270,0,-58.285,-33.9945,1000,1,1,1764082144,1764082144,0
UMTS,748,1,180,1742980,0,-56.2508,-33.9242,1000,1,1,1764089716,1764089716,0
UMTS,748,1,124,1715305,0,-57.737,-33.2285,2558,3,1,1764154726,1770273594,0
UMTS,748,1,124,1715304,0,-57.593,-33.3475,1000,1,1,1764168559,1764168559,0
GSM,748,10,9725,27104,-1,-57.3993,-31.1896,1000,1,1,1764161488,1764161488,0
UMTS,748,1,137,1720010,0,-57.6064,-33.3223,1000,1,1,1764169347,1764169347,0
UMTS,748,1,124,1735305,0,-57.7603,-33.2465,1000,1,1,1764172064,1764172064,0
UMTS,748,10,19740,68785455,0,-57.974,-34.1307,1000,1,1,1764227338,1764227338,0
UMTS,748,1,181,1735153,0,-56.2608,-34.8082,1000,1,1,1764240658,1764240658,0
UMTS,748,1,123,1714985,0,-57.6102,-32.3697,1000,1,1,1764317620,1764317620,0
UMTS,748,10,19260,68765577,0,-56.5516,-34.4767,1000,1,1,1764332225,1764332225,0
UMTS,748,10,19740,68766857,0,-57.3687,-34.0893,2985,4,1,1764332962,1779856406,0
UMTS,748,10,19260,68755590,0,-56.5212,-34.3329,1000,1,1,1764333153,1764333153,0
UMTS,748,10,19260,68775598,0,-57.2709,-34.2718,1000,1,1,1764333991,1764333991,0
GSM,748,10,9230,12023,-1,-56.1907,-34.9066,1000,4,1,1764338011,1772174535,0
UMTS,748,10,19260,68765738,0,-56.6817,-34.3446,2996,5,1,1764341208,1780115588,0
UMTS,748,10,19260,68765665,0,-56.3796,-34.4606,1000,4,1,1764343090,1779769970,0
UMTS,748,10,19260,68756446,0,-56.5642,-34.1343,1000,1,1,1764349519,1764349519,0
UMTS,748,10,19260,68775627,0,-56.5233,-34.2389,1000,1,1,1764350452,1764350452,0
UMTS,748,10,19260,68785590,0,-56.5376,-34.3779,1000,1,1,1764351375,1764351375,0
UMTS,748,10,19260,68756725,0,-56.6005,-34.5685,1000,1,1,1764353185,1764353185,0
UMTS,748,10,19250,68766747,0,-56.2651,-34.8304,1000,4,1,1764356809,1779424149,0
UMTS,748,1,107,1734173,0,-55.1432,-34.8654,1000,1,1,1764358560,1764358560,0
UMTS,748,1,122,1753368,0,-56.8012,-34.325,1000,1,1,1764592590,1764592590,0
GSM,748,10,9232,12117,-1,-56.1472,-34.9119,1227,13,1,1764597193,1778126204,0
UMTS,748,1,103,1714873,0,-56.2415,-34.7814,1000,1,1,1764742731,1764742731,0
UMTS,748,1,103,1714863,0,-56.2033,-34.7934,1000,2,1,1764746390,1777607346,0
UMTS,748,10,19740,68756418,0,-57.3447,-34.2184,3441,3,1,1764769070,1773384217,0
UMTS,748,10,19740,68776277,0,-57.2771,-33.6709,1306,2,1,1764773599,1764910649,0
UMTS,748,10,19740,68776773,0,-57.1933,-33.6012,1000,1,1,1764780162,1764780162,0
UMTS,748,10,19260,68756932,0,-56.9229,-34.2882,8799,4,1,1764797926,1773735452,0
UMTS,748,10,19260,68756299,0,-56.2495,-34.7415,1000,1,1,1764826943,1764826943,0
UMTS,748,10,19740,68756434,0,-58.0032,-32.6531,1000,1,1,1764910696,1764910696,0
UMTS,748,10,19740,68795660,0,-58.0142,-33.0323,1000,1,1,1764912578,1764912578,0
UMTS,748,10,19740,68756359,0,-58.284,-33.1411,1740,4,1,1764914456,1778817043,0
UMTS,748,10,19740,68775584,0,-57.8573,-33.485,1086,3,1,1764922786,1779510734,0
UMTS,748,10,19260,68775707,0,-56.0513,-34.6558,4235,4,1,1764941227,1778644365,0
GSM,748,10,9630,16272,-1,-56.2005,-34.8266,1839,20,1,1764941520,1780461087,0
GSM,748,10,9410,14268,-1,-55.9696,-34.7498,7014,8,1,1764953407,1769233064,0
GSM,748,10,9410,24106,-1,-55.9364,-34.7106,1795,2,1,1764953407,1765084116,0
GSM,748,10,9632,13678,-1,-55.9799,-34.7463,7391,7,1,1764953407,1771824220,0
GSM,748,10,9410,34030,-1,-55.9201,-34.7016,1000,1,1,1764953407,1764953407,0
GSM,748,10,9410,14036,-1,-55.9678,-34.7481,6770,7,1,1764953407,1769233064,0
UMTS,748,1,103,1714484,0,-56.1134,-34.7341,1000,3,1,1765060747,1774844949,0
GSM,748,10,9231,32351,-1,-56.1596,-34.9156,1000,8,1,1765163281,1776311325,0
GSM,748,10,9231,22203,-1,-56.1531,-34.9154,1724,8,1,1765163281,1778903502,0
GSM,748,10,9632,16313,-1,-56.1299,-34.7725,6145,6,1,1765168767,1778298844,0
UMTS,748,1,181,1734995,0,-56.2736,-34.7869,1000,6,1,1765188069,1772606234,0
UMTS,748,10,19260,68785750,0,-56.6876,-34.1888,1000,1,1,1765255633,1765255633,0
UMTS,748,10,19740,68755624,0,-57.9563,-31.3832,1000,4,1,1765375615,1776918872,0
GSM,748,10,9632,16277,-1,-56.0124,-34.7757,6216,8,1,1765370043,1775188791,0
UMTS,748,10,19740,68775625,0,-57.9253,-31.3838,1188,2,1,1765443663,1769582119,0
UMTS,748,1,107,1562502,0,-55.2074,-34.4639,1000,1,1,1765467748,1765467748,0
UMTS,748,10,19260,68805414,0,-56.1432,-34.713,1000,1,1,1765554908,1765554908,0
UMTS,748,1,116,1858282,0,-55.7201,-34.7665,1000,1,1,1765612067,1765612067,0
UMTS,748,1,116,1856763,0,-55.7123,-34.7606,1000,1,1,1765629151,1765629151,0
UMTS,748,1,116,1878024,0,-55.7399,-34.7736,1000,1,1,1765641776,1765641776,0
UMTS,748,10,19260,68775590,0,-56.553,-34.3935,2995,4,1,1765817438,1779510803,0
GSM,748,10,9721,27082,-1,-56.4007,-32.5502,1000,2,1,1765829802,1766033891,0
GSM,748,10,9230,12078,-1,-56.1808,-34.9093,2095,8,1,1765854712,1780115469,0
UMTS,748,1,116,1878254,0,-55.9596,-34.7742,1777,3,1,1765877117,1769582095,0
UMTS,748,1,122,1757221,0,-57.3219,-34.3312,1000,2,1,1765873487,1779165144,0
UMTS,748,10,19260,68765590,0,-56.5348,-34.4047,1643,3,1,1765890220,1778557760,0
UMTS,748,10,19740,68755780,0,-57.5284,-34.3808,2319,3,1,1765896694,1779942783,0
UMTS,748,10,19740,68775579,0,-57.7452,-34.4345,1845,4,1,1765897605,1774067833,0
UMTS,748,10,19740,68795718,0,-57.8375,-34.4449,1000,1,1,1765981930,1765981930,0
UMTS,748,10,19740,68757158,0,-57.8424,-34.4503,1000,1,1,1766041900,1766041900,0
UMTS,748,1,181,1765380,0,-56.3848,-34.4442,1000,3,1,1766133429,1772260479,0
UMTS,748,10,19740,68776743,0,-56.2283,-32.2534,1000,2,1,1766137187,1776918883,0
GSM,748,10,9631,16273,-1,-56.0069,-34.8335,3259,11,1,1766160834,1780461074,0
GSM,748,10,9410,14030,-1,-55.9316,-34.7909,1000,1,1,1766161740,1766161740,0
GSM,748,10,9410,14003,-1,-55.8434,-34.7753,6998,3,1,1766162640,1769233115,0
GSM,748,10,9410,14014,-1,-55.5867,-34.7628,1000,2,1,1766163546,1766296133,0
GSM,748,10,9520,15270,-1,-55.3606,-34.7855,2562,3,1,1766164454,1769233075,0
GSM,748,10,9520,15051,-1,-55.3606,-34.7855,2562,3,1,1766164454,1769233075,0
GSM,748,10,9520,15119,-1,-55.3606,-34.7855,2562,3,1,1766164454,1769233075,0
GSM,748,10,9520,15098,-1,-55.3747,-34.7851,1000,2,1,1766164454,1766296129,0
GSM,748,10,9520,15608,-1,-55.1994,-34.811,7721,3,1,1766165370,1769233108,0
GSM,748,10,9520,15069,-1,-55.1475,-34.8658,1000,1,1,1766165370,1766165370,0
GSM,748,10,9520,15663,-1,-55.1994,-34.811,7721,3,1,1766165370,1769233108,0
GSM,748,10,9521,15662,-1,-54.9765,-34.8861,1000,1,1,1766166278,1766166278,0
GSM,748,10,9521,15278,-1,-54.9765,-34.8861,1000,1,1,1766166278,1766166278,0
GSM,748,10,9521,15056,-1,-54.9765,-34.8861,1000,1,1,1766166278,1766166278,0
GSM,748,10,9521,15100,-1,-54.9765,-34.8861,1000,1,1,1766166278,1766166278,0
GSM,748,10,9521,15201,-1,-54.849,-34.8727,1000,2,1,1766168125,1766296112,0
GSM,748,10,9521,1000,-1,-54.849,-34.8727,1000,2,1,1766168125,1766296116,0
GSM,748,10,9521,15061,-1,-54.8495,-34.8733,1000,1,1,1766168125,1766168125,0
GSM,748,10,9521,15246,-1,-54.868,-34.9195,1000,1,1,1766184416,1766184416,0
GSM,748,10,9521,15077,-1,-54.9396,-34.9614,1000,1,1,1766183516,1766183516,0
GSM,748,10,9521,15071,-1,-54.868,-34.9195,1000,1,1,1766184416,1766184416,0
GSM,748,10,9521,15075,-1,-54.9396,-34.9614,1000,1,1,1766183516,1766183516,0
GSM,748,10,9521,15076,-1,-54.9557,-34.9404,2758,2,1,1766183516,1769233081,0
GSM,748,10,9521,15070,-1,-54.9586,-34.9382,3108,2,1,1766183516,1769233081,0
GSM,748,10,9521,15052,-1,-54.9396,-34.9613,1000,1,1,1766173616,1766173616,0
GSM,748,10,9521,15059,-1,-54.9396,-34.9614,1000,1,1,1766182616,1766182616,0
GSM,748,10,9521,15055,-1,-54.868,-34.9195,1000,1,1,1766184416,1766184416,0
GSM,748,10,9521,15058,-1,-54.868,-34.9195,1000,1,1,1766184416,1766184416,0
GSM,748,10,9521,25245,-1,-54.8485,-34.8721,1000,1,1,1766185341,1766185341,0
GSM,748,10,9521,15062,-1,-54.8885,-34.8053,1000,1,1,1766186270,1766186270,0
GSM,748,10,9521,15197,-1,-54.8885,-34.8053,1000,1,1,1766186270,1766186270,0
GSM,748,10,9520,15057,-1,-55.2254,-34.7835,1716,2,1,1766188108,1769233110,0
GSM,748,10,9410,13649,-1,-55.3787,-34.7837,1000,1,1,1766189014,1766189014,0
GSM,748,10,9520,15156,-1,-55.3787,-34.7837,1000,1,1,1766189014,1766189014,0
GSM,748,10,9410,14158,-1,-55.806,-34.7689,1574,2,1,1766190820,1769233115,0
GSM,748,10,9310,13680,-1,-56.1686,-34.7147,1000,2,1,1766252121,1766380288,0
GSM,748,10,9630,13686,-1,-56.1686,-34.7147,1000,2,1,1766252121,1766380280,0
GSM,748,10,9235,12250,-1,-56.2594,-34.8732,2139,5,1,1766272099,1767506743,0
GSM,748,10,9235,12064,-1,-56.2399,-34.8455,4642,13,1,1766268477,1777723375,0
GSM,748,10,9235,12059,-1,-56.2643,-34.8752,1700,4,1,1766268477,1767420754,0
GSM,748,10,9235,12247,-1,-56.2632,-34.8646,3448,6,1,1766268477,1777264170,0
GSM,748,10,9235,12168,-1,-56.2439,-34.8682,2053,6,1,1766272099,1771136274,0
GSM,748,10,9235,12058,-1,-56.2562,-34.8651,2133,6,1,1766272099,1771741094,0
GSM,748,10,9235,12616,-1,-56.2563,-34.8457,5544,11,1,1766272099,1777264170,0
GSM,748,10,9310,14008,-1,-56.219,-34.6911,5831,3,1,1766276687,1779597098,0
GSM,748,10,9630,14006,-1,-56.2057,-34.7149,3496,2,1,1766276687,1776054625,0
GSM,748,10,9230,12079,-1,-56.181,-34.913,1400,13,1,1766284741,1780115469,0
UMTS,748,10,19250,68755269,0,-56.1766,-34.8952,1000,2,1,1766401779,1767420925,0
UMTS,748,10,19250,68755436,0,-56.1863,-34.9034,1000,1,1,1766402676,1766402676,0
UMTS,748,10,19250,68775269,0,-56.1771,-34.8991,1000,1,1,1766403602,1766403602,0
UMTS,748,10,19250,68775432,0,-56.1658,-34.8918,1000,1,1,1766404499,1766404499,0
UMTS,748,10,19250,68755351,0,-56.1379,-34.8661,1000,3,1,1766405398,1778039980,0
GSM,748,10,9630,16320,-1,-56.4269,-34.712,1000,3,1,1766424922,1772174533,0
GSM,748,10,9630,12248,-1,-56.4269,-34.712,1000,2,1,1766422213,1770617043,0
GSM,748,10,9630,13238,-1,-56.4269,-34.712,1000,1,1,1766422213,1766422213,0
UMTS,748,10,19250,68775310,0,-56.2087,-34.9018,1000,2,1,1766492008,1779597165,0
GSM,748,10,9630,12202,-1,-56.251,-34.8377,3507,6,1,1766681521,1777723374,0
GSM,748,10,9630,12627,-1,-56.2316,-34.8212,2523,6,1,1766681521,1777780446,0
GSM,748,10,9630,16271,-1,-56.2668,-34.7733,3640,3,1,1766628696,1777723273,0
GSM,748,10,9630,14146,-1,-56.2619,-34.7602,4970,5,1,1766628696,1779597102,0
GSM,748,10,9630,12659,-1,-56.2473,-34.8348,1000,2,1,1766658757,1768285046,0
GSM,748,10,9630,12174,-1,-56.2597,-34.7942,3118,2,1,1766650512,1771740988,0
UMTS,748,10,19250,68805446,0,-56.2074,-34.9002,1000,4,1,1766741845,1771476943,0
UMTS,748,1,103,1734463,0,-56.101,-34.506,1000,1,1,1766913545,1766913545,0
UMTS,748,10,19260,68766335,0,-56.2343,-34.3159,7086,10,1,1767087632,1777005175,0
GSM,748,10,9631,14186,-1,-56.0356,-34.8823,1000,1,1,1767103040,1767103040,0
GSM,748,10,9235,12306,-1,-56.2467,-34.8677,1000,2,1,1767284051,1771219981,0
GSM,748,10,9630,12171,-1,-56.2929,-34.874,2333,2,1,1767264972,1767420754,0
GSM,748,10,9630,12690,-1,-56.2965,-34.8123,16330,10,1,1767257340,1777723201,0
GSM,748,10,9230,22025,-1,-56.2069,-34.9074,1000,2,1,1767220106,1770531367,0
GSM,748,10,9230,12025,-1,-56.2005,-34.9041,1000,1,1,1767220106,1767220106,0
GSM,748,10,9230,12090,-1,-56.2005,-34.9041,1000,1,1,1767220106,1767220106,0
GSM,748,10,9230,32025,-1,-56.2069,-34.9074,1000,2,1,1767220106,1770531367,0
GSM,748,10,9235,12626,-1,-56.2352,-34.87,1706,5,1,1767284051,1779597104,0
LTE,748,7,7020,38005770,-1,-56.517,-33.3852,1000,1,1,1767314899,1767314899,0
GSM,748,10,9230,12046,-1,-56.2247,-34.9024,2541,3,1,1767302353,1770531367,0
GSM,748,10,9230,12223,-1,-56.198,-34.9119,2784,3,1,1767302353,1778212604,0
GSM,748,10,9230,12089,-1,-56.2115,-34.906,1000,2,1,1767302353,1770531372,0
GSM,748,10,9230,12172,-1,-56.2115,-34.906,1000,2,1,1767302353,1770531372,0
UMTS,748,1,124,1715303,0,-57.6148,-33.1758,4393,2,1,1767341899,1770273606,0
GSM,748,10,9231,12042,-1,-56.1516,-34.9216,5238,12,1,1767377991,1780461082,0
GSM,748,10,9630,13101,-1,-56.4104,-34.7634,1000,1,1,1767457518,1767457518,0
GSM,748,10,9310,18689,-1,-56.5241,-34.6785,9622,2,1,1767456613,1772174539,0
GSM,748,10,9310,18612,-1,-56.5241,-34.6786,9624,2,1,1767456613,1769233139,0
GSM,748,10,9310,13163,-1,-56.6211,-34.6451,1000,1,1,1767456613,1767456613,0
GSM,748,10,9310,13100,-1,-56.6211,-34.6451,1000,1,1,1767456613,1767456613,0
GSM,748,10,9310,13103,-1,-56.7888,-34.5311,1000,1,1,1767421361,1767421361,0
GSM,748,10,9310,13220,-1,-56.967,-34.484,13315,2,1,1767455699,1776225083,0
GSM,748,10,9820,16021,-1,-57.2532,-34.3339,1000,1,1,1767423174,1767423174,0
GSM,748,10,9820,16028,-1,-57.2532,-34.3339,1000,1,1,1767423174,1767423174,0
GSM,748,10,9820,16029,-1,-57.4929,-34.3726,1000,1,1,1767424080,1767424080,0
GSM,748,10,9820,18621,-1,-57.7307,-34.4304,1000,1,1,1767452080,1767452080,0
GSM,748,10,9820,18622,-1,-57.7152,-34.426,1000,1,1,1767424985,1767424985,0
GSM,748,10,9820,16023,-1,-57.8335,-34.4663,1000,1,1,1767426829,1767426829,0
GSM,748,10,9820,18646,-1,-57.8516,-34.4699,1000,1,1,1767445774,1767445774,0
GSM,748,10,9820,18628,-1,-57.866,-34.4371,1000,1,1,1767447553,1767447553,0
GSM,748,10,9820,18655,-1,-57.866,-34.4371,1000,1,1,1767447553,1767447553,0
GSM,748,10,9820,18629,-1,-57.8243,-34.4605,1000,1,1,1767448470,1767448470,0
GSM,748,10,9820,16024,-1,-57.5211,-34.3787,1000,1,1,1767452982,1767452982,0
GSM,748,10,9820,16027,-1,-57.2805,-34.3338,1000,1,1,1767453894,1767453894,0
GSM,748,10,9630,13107,-1,-56.4214,-34.7291,3947,3,1,1767457518,1772692560,0
GSM,748,10,9235,12292,-1,-56.2511,-34.8952,1000,1,1,1767459929,1767459929,0
GSM,748,10,9236,12312,-1,-56.2062,-34.8685,1136,3,1,1767537337,1776054628,0
UMTS,748,10,19260,68755691,0,-56.0504,-34.6997,2068,3,1,1767677707,1779251629,0
LTE,748,1,103,713984,-1,-56.202,-34.7247,1000,1,1,1767629442,1767629442,0
LTE,748,1,2,163635,-1,-55.0376,-34.8982,1000,4,1,1767879975,1767911462,0
LTE,748,1,2,129292,-1,-55.026,-34.9042,1384,7,1,1767879970,1767911462,0
LTE,748,1,2,163665,-1,-55.035,-34.9034,1000,11,1,1767879995,1767911462,0
LTE,748,1,2,163666,-1,-55.0288,-34.9049,1000,4,1,1767880066,1767911462,0
LTE,748,1,2,196619,-1,-55.0203,-34.9075,1000,1,1,1767880121,1767880121,0
LTE,748,1,2,196621,-1,-55.0164,-34.9091,1000,11,1,1767880126,1767911462,0
LTE,748,1,2,196620,-1,-55.0073,-34.9092,1000,15,1,1767880186,1767911462,0
LTE,748,1,2,238861,-1,-55.0023,-34.9094,1000,1,1,1767880271,1767880271,0
LTE,748,1,2,196640,-1,-55.0003,-34.9097,1000,4,1,1767880276,1767911462,0
LTE,748,1,2,239137,-1,-54.9996,-34.9097,1000,1,1,1767880296,1767880296,0
LTE,748,1,2,239136,-1,-54.9957,-34.9106,1000,6,1,1767880306,1767911462,0
LTE,748,1,2,280372,-1,-54.9893,-34.9123,1000,13,1,1767880336,1767911462,0
LTE,748,1,2,280371,-1,-54.9806,-34.9153,1000,13,1,1767880401,1767911462,0
LTE,748,1,2,198197,-1,-54.9747,-34.9177,1000,6,1,1767880466,1767911462,0
LTE,748,1,2,280116,-1,-54.9714,-34.9198,1000,5,1,1767880496,1767911462,0
LTE,748,1,2,198196,-1,-54.9717,-34.9194,1000,3,1,1767880506,1767911462,0
LTE,748,1,2,280115,-1,-54.9686,-34.9222,1000,8,1,1767880551,1767911462,0
LTE,748,1,2,203572,-1,-54.9674,-34.9231,1000,1,1,1767880586,1767880586,0
LTE,748,1,2,279347,-1,-54.9655,-34.9248,1000,6,1,1767880596,1767911462,0
LTE,748,1,2,128820,-1,-54.9623,-34.9274,1000,9,1,1767880641,1767911462,0
LTE,748,1,4,207925,-1,-54.9585,-34.9305,1000,13,1,1767880686,1767911462,0
LTE,748,1,4,207955,-1,-54.9556,-34.9328,1000,3,1,1767880776,1767911462,0
LTE,748,1,4,279634,-1,-54.9545,-34.9337,1000,3,1,1767880792,1767911462,0
LTE,748,1,4,279633,-1,-54.9532,-34.9348,1000,4,1,1767880807,1767911462,0
UMTS,748,1,180,1715404,0,-56.5864,-33.3892,1000,1,1,1767865340,1767865340,0
UMTS,748,1,180,1751962,0,-56.4293,-33.4966,1000,2,1,1767896930,1768020638,0
UMTS,748,7,46464,50714368,0,-56.2511,-34.8811,1000,1,1,1767905796,1767905796,0
UMTS,748,1,123,1734834,0,-57.0984,-33.3084,1000,1,1,1767963683,1767963683,0
UMTS,748,1,124,1732111,0,-57.2515,-33.2629,1000,1,1,1767964581,1767964581,0
LTE,748,1,117,537355,-1,-55.5942,-34.7679,1000,14,1,1767968719,1768410961,0
UMTS,748,1,116,1860824,0,-55.908,-34.7874,1000,1,1,1768059585,1768059585,0
UMTS,748,1,112,1752892,0,-54.9447,-34.9401,1000,1,1,1768139327,1768139327,0
UMTS,748,1,121,1753211,0,-54.8837,-34.9244,1000,1,1,1768210508,1768210508,0
UMTS,748,1,181,1753522,0,-56.4297,-34.4209,1000,2,1,1768217205,1772260501,0
UMTS,748,1,121,1753739,0,-54.8655,-34.9099,1000,2,1,1768238470,1768890437,0
UMTS,748,1,121,1732622,0,-55.046,-34.9147,1000,1,1,1768300699,1768300699,0
UMTS,748,1,112,1732970,0,-54.9472,-34.9407,1000,1,1,1768304303,1768304303,0
UMTS,748,1,1616,513551,0,-56.1918,-34.9005,1000,1,1,1768310708,1768310708,0
UMTS,748,1,1296,131894,0,-56.7066,-34.5836,1000,1,1,1768314476,1768314476,0
UMTS,748,1,352,197387,0,-56.7397,-34.4111,1000,1,1,1768315400,1768315400,0
UMTS,748,1,352,139571,0,-56.7768,-34.3267,1000,1,1,1768316354,1768316354,0
UMTS,748,1,592,74764,0,-56.7518,-33.942,1000,1,1,1768318246,1768318246,0
UMTS,748,1,592,276788,0,-56.8987,-33.5292,1000,1,1,1768320125,1768320125,0
UMTS,748,1,368,238134,0,-56.4351,-33.4856,1000,1,1,1768322048,1768322048,0
UMTS,748,7,46784,5480705,0,-57.2604,-33.0525,1000,1,1,1768326056,1768326056,0
LTE,748,1,103,547083,-1,-56.2252,-34.7616,1000,2,1,1768380213,1768410961,0
UMTS,748,1,368,274484,0,-58.0537,-32.339,1000,1,1,1768330682,1768330682,0
UMTS,748,1,368,75788,0,-57.8579,-32.0848,1000,1,1,1768332554,1768332554,0
UMTS,748,1,368,173069,0,-57.8874,-31.8382,1000,1,1,1768333483,1768333483,0
UMTS,748,1,368,82700,0,-57.8902,-31.6627,1000,1,1,1768334410,1768334410,0
UMTS,748,1,176,107277,0,-57.9065,-31.4569,1000,1,1,1768335325,1768335325,0
UMTS,748,1,176,249395,0,-57.8714,-31.3587,1000,1,1,1768336270,1768336270,0
UMTS,748,1,176,267573,0,-57.9293,-31.3192,1000,1,1,1768337222,1768337222,0
UMTS,748,10,19260,68805587,0,-56.8254,-34.5085,7002,19,1,1768361762,1779337959,0
UMTS,748,1,107,1733953,0,-55.0449,-34.9113,1000,1,1,1768397179,1768397179,0
UMTS,748,10,19250,68765312,0,-56.1545,-34.8471,1000,2,1,1768391692,1769842179,0
UMTS,748,1,121,1733037,0,-54.9489,-34.9175,1260,4,1,1768471140,1777005306,0
UMTS,748,10,19250,68775439,0,-56.1519,-34.8775,1000,3,1,1768485439,1776311537,0
UMTS,748,1,103,1857584,0,-56.2056,-34.7079,1000,1,1,1768572391,1768572391,0
UMTS,748,1,105,1714963,0,-53.9442,-34.2293,4482,2,1,1768590063,1769320657,0
UMTS,748,1,103,1766911,0,-56.0108,-34.5172,1035,3,1,1768667175,1777177986,0
UMTS,748,1,107,1733983,0,-54.7776,-34.8851,1000,1,1,1768811908,1768811908,0
UMTS,748,1,107,1757672,0,-54.6365,-34.8334,1000,1,1,1768812808,1768812808,0
UMTS,748,1,105,1734624,0,-54.4388,-34.6518,1000,1,1,1768814639,1768814639,0
UMTS,748,1,105,1734314,0,-54.1889,-34.5678,1000,1,1,1768816448,1768816448,0
UMTS,748,1,105,1714534,0,-54.0302,-34.4888,1000,1,1,1768818282,1768818282,0
UMTS,748,1,105,1733547,0,-53.7793,-34.2729,1000,2,1,1768826489,1768976737,0
UMTS,748,1,105,1753547,0,-53.7743,-34.2646,1111,2,1,1768830090,1768976730,0
UMTS,748,10,19250,68755432,0,-56.1635,-34.8916,1000,1,1,1768829742,1768829742,0
UMTS,748,10,19250,68775266,0,-56.174,-34.9026,1000,4,1,1768830648,1770531190,0
UMTS,748,10,19250,68756918,0,-56.1758,-34.903,1000,3,1,1768836132,1770964889,0
UMTS,748,10,19250,68765273,0,-56.1813,-34.896,1000,1,1,1768836974,1768836974,0
UMTS,748,10,19260,68765664,0,-56.2406,-34.6801,1000,1,1,1768839746,1768839746,0
UMTS,748,1,105,1734654,0,-54.2571,-34.472,1000,1,1,1768840923,1768840923,0
UMTS,748,10,19740,68775744,0,-55.9814,-31.7237,1000,2,1,1768891723,1769150135,0
UMTS,748,10,19250,68775735,0,-56.1255,-34.8742,1000,2,1,1768973230,1777091608,0
UMTS,748,10,19250,68765356,0,-56.1483,-34.8783,1000,1,1,1768975066,1768975066,0
UMTS,748,10,19260,68785587,0,-56.803,-34.5251,1000,5,1,1768979558,1780374616,0
UMTS,748,10,19740,68755743,0,-55.9774,-31.7114,1000,2,1,1768986925,1769150087,0
GSM,748,10,9820,16162,-1,-57.1092,-34.459,1000,8,1,1768988740,1779251490,0
UMTS,748,1,107,1753182,0,-54.1723,-34.6261,1000,1,1,1768991662,1768991662,0
UMTS,748,1,107,1733780,0,-54.1639,-34.6641,1000,1,1,1768997998,1768997998,0
UMTS,748,1,107,1753780,0,-54.1639,-34.6641,1000,1,1,1768998897,1768998897,0
UMTS,748,1,107,1752281,0,-54.1717,-34.6639,1000,1,1,1768999783,1768999783,0
UMTS,748,1,107,1753728,0,-54.1949,-34.6593,1000,1,1,1769000678,1769000678,0
UMTS,748,1,107,1733857,0,-54.1569,-34.6664,1000,1,1,1769002528,1769002528,0
UMTS,748,1,107,1753851,0,-54.1398,-34.6535,1000,1,1,1769003413,1769003413,0
UMTS,748,1,107,1733851,0,-54.1406,-34.6535,1000,1,1,1769004344,1769004344,0
UMTS,748,1,107,1734093,0,-54.1507,-34.623,1000,1,1,1769005241,1769005241,0
UMTS,748,1,107,1733618,0,-54.1217,-34.5908,1000,1,1,1769006140,1769006140,0
UMTS,748,1,105,1732311,0,-53.971,-34.4651,2558,2,1,1769007468,1769494718,0
UMTS,748,1,103,1734195,0,-55.9742,-34.5241,1000,1,1,1769053887,1769053887,0
UMTS,748,1,181,1735345,0,-56.3841,-34.7717,1000,1,1,1769080501,1769080501,0
UMTS,748,10,19250,68775569,0,-56.2509,-34.823,1000,7,1,1769152262,1780461071,0
UMTS,748,10,19250,68765418,0,-56.1506,-34.881,1000,1,1,1769154972,1769154972,0
GSM,748,10,9410,14323,-1,-55.7614,-34.6723,1000,1,1,1769159080,1769159080,0
GSM,748,10,9410,14108,-1,-55.7614,-34.6723,1000,1,1,1769159080,1769159080,0
GSM,748,10,9410,14021,-1,-55.7614,-34.6723,1000,1,1,1769159080,1769159080,0
GSM,748,10,9410,13359,-1,-55.7614,-34.6723,1000,1,1,1769159080,1769159080,0
GSM,748,10,9410,14004,-1,-55.7614,-34.6723,1000,1,1,1769159080,1769159080,0
GSM,748,10,9410,14020,-1,-55.5332,-34.7846,1000,1,1,1769172668,1769172668,0
GSM,748,10,9520,15374,-1,-55.5234,-34.697,1000,1,1,1769159980,1769159980,0
GSM,748,10,9410,14016,-1,-55.5332,-34.7846,1000,1,1,1769172668,1769172668,0
GSM,748,10,9410,8652,-1,-55.3326,-34.7864,1000,1,1,1769160892,1769160892,0
GSM,748,10,9520,13199,-1,-55.0405,-34.8857,1000,1,1,1769170841,1769170841,0
GSM,748,10,9520,15060,-1,-55.0405,-34.8857,1000,1,1,1769170841,1769170841,0
GSM,748,10,9520,15053,-1,-55.0702,-34.8742,1000,1,1,1769161799,1769161799,0
GSM,748,10,9521,13200,-1,-54.9776,-34.915,1000,1,1,1769169928,1769169928,0
GSM,748,10,9521,15068,-1,-54.9776,-34.915,1000,1,1,1769169928,1769169928,0
GSM,748,10,9521,15073,-1,-54.9776,-34.915,1000,1,1,1769169928,1769169928,0
GSM,748,10,9521,15628,-1,-54.9776,-34.915,1000,1,1,1769169928,1769169928,0
GSM,748,10,9410,14005,-1,-55.5332,-34.7846,1000,1,1,1769172668,1769172668,0
GSM,748,10,9410,14001,-1,-55.7892,-34.7659,1000,1,1,1769173574,1769173574,0
GSM,748,10,9410,14076,-1,-55.7892,-34.7659,1000,1,1,1769173574,1769173574,0
UMTS,748,1,116,1881293,0,-55.9116,-34.7008,1000,4,1,1769179388,1777521367,0
GSM,748,10,19260,13107,-1,-56.4269,-34.7119,1000,1,1,1769182979,1769182979,0
GSM,748,10,9310,13234,-1,-56.4269,-34.7119,1000,2,1,1769185707,1769925922,0
UMTS,748,10,19260,68805352,0,-56.427,-34.7119,1000,8,1,1769226308,1775706507,0
UMTS,748,1,103,1856324,0,-56.0713,-34.7931,1000,1,1,1769409202,1769409202,0
UMTS,748,10,19250,68755356,0,-56.1485,-34.8785,1000,1,1,1769415029,1769415029,0
LTE,748,7,7020,5480705,0,-57.2837,-33.0272,1000,1,1,1769429814,1769429814,0
LTE,748,1,23,84001,0,-57.1574,-33.1372,1000,1,1,1769431808,1769431808,0
LTE,748,1,23,193294,0,-57.0772,-33.301,1000,1,1,1769432814,1769432814,0
LTE,748,1,37,269325,0,-56.7788,-33.6292,1000,1,1,1769435182,1769435182,0
UMTS,748,10,19740,68755807,0,-57.8721,-31.8601,1000,1,1,1769441904,1769441904,0
LTE,748,7,7040,2848521,0,-56.373,-34.4611,1000,1,1,1769455702,1769455702,0
LTE,748,1,81,135732,0,-56.3751,-34.4618,1000,1,1,1769468928,1769468928,0
UMTS,748,10,19740,68757273,0,-57.9361,-31.3991,3020,3,1,1769515972,1776746053,0
UMTS,748,10,19740,68747270,0,-57.9525,-31.3896,1000,4,1,1769584527,1777005279,0
UMTS,748,1,103,1946610,0,-56.1669,-34.7942,1000,1,1,1769583539,1769583539,0
UMTS,748,1,103,1714464,0,-56.1018,-34.6294,1131,2,1,1769598034,1774928533,0
UMTS,748,1,103,1714463,0,-56.1028,-34.5896,1000,1,1,1769599833,1769599833,0
UMTS,748,1,103,1714465,0,-56.1206,-34.6169,1000,1,1,1769600737,1769600737,0
UMTS,748,1,110,1926680,0,-56.1939,-34.8108,1000,1,1,1769609829,1769609829,0
UMTS,748,10,19740,68757270,0,-57.9549,-31.4003,1000,1,1,1769613372,1769613372,0
UMTS,748,10,19740,68747273,0,-57.9094,-31.3952,1000,3,1,1769691187,1777607489,0
UMTS,748,10,19740,68776348,0,-57.9474,-31.3836,1000,4,1,1769756498,1777091609,0
UMTS,748,10,19250,68805381,0,-56.2265,-34.8318,1000,1,1,1769785269,1769785269,0
UMTS,748,10,19250,68775267,0,-56.1689,-34.8994,1000,1,1,1769787974,1769787974,0
GSM,748,10,9630,16282,-1,-56.4269,-34.7119,1000,2,1,1769806554,1773557027,0
UMTS,748,10,19260,68795587,0,-56.8776,-34.476,1000,3,1,1770009679,1778816947,0
UMTS,748,10,19250,68805418,0,-56.1549,-34.8819,1000,2,1,1770030037,1774153339,0
LTE,748,10,59250,1312001,0,-56.2067,-34.907,1000,1,1,1770042994,1770042994,0
LTE,748,10,59250,1309187,0,-56.2082,-34.9051,1000,1,1,1770047513,1770047513,0
UMTS,748,1,103,1881324,0,-55.9956,-34.7227,1000,1,1,1770052503,1770052503,0
LTE,748,1,101,518414,0,-56.2064,-34.9058,1000,1,1,1770058677,1770058677,0
LTE,748,7,7000,50719746,0,-56.2067,-34.9054,1000,1,1,1770064261,1770064261,0
LTE,748,7,7000,50719755,0,-56.2062,-34.9045,1000,1,1,1770097215,1770097215,0
GSM,748,10,19740,17081,-1,-56.1409,-32.1801,1000,1,1,1770103173,1770103173,0
UMTS,748,10,19740,68756737,0,-57.8973,-31.4681,1000,1,1,1770103729,1770103729,0
UMTS,748,10,19740,68756931,0,-57.652,-31.3942,1000,1,1,1770105663,1770105663,0
UMTS,748,10,19740,68776370,0,-57.0353,-31.1578,1000,1,1,1770108418,1770108418,0
UMTS,748,10,19740,68756370,0,-56.8773,-31.0025,1000,1,1,1770109381,1770109381,0
UMTS,748,10,19740,68776286,0,-56.7168,-30.7184,1000,1,1,1770111309,1770111309,0
UMTS,748,10,19740,68785594,0,-56.4756,-30.4085,1239,4,1,1770116895,1777521248,0
UMTS,748,10,19740,68765594,0,-56.4648,-30.404,1000,4,1,1770143037,1777521068,0
LTE,748,7,7000,50719752,0,-56.2061,-34.9045,1000,1,1,1770141521,1770141521,0
UMTS,748,10,19740,68755594,0,-56.4665,-30.4005,1000,3,1,1770194440,1777521245,0
UMTS,748,10,19740,68766860,0,-56.4626,-30.4008,1000,1,1,1770206199,1770206199,0
UMTS,748,10,19740,68755651,0,-57.4361,-30.4311,1000,2,1,1770215567,1777521271,0
UMTS,748,10,19740,68775651,0,-57.4836,-30.3872,1000,1,1,1770216462,1770216462,0
UMTS,748,7,46464,50748161,0,-56.193,-34.8884,1000,1,1,1770268704,1770268704,0
UMTS,748,10,19740,68755634,0,-57.5923,-30.2554,1000,1,1,1770271619,1770271619,0
UMTS,748,10,19740,68765589,0,-57.6992,-30.8198,1000,1,1,1770288983,1770288983,0
UMTS,748,10,19740,68776965,0,-57.761,-31.2225,2481,2,1,1770290810,1777607478,0
GSM,748,10,9231,22351,-1,-56.1618,-34.9194,1000,1,1,1770307572,1770307572,0
LTE,748,1,116,537090,-1,-55.6023,-34.7719,1000,1,1,1770367277,1770367277,0
LTE,748,1,116,537101,-1,-55.6575,-34.771,1000,1,1,1770393114,1770393114,0
LTE,748,1,116,537092,-1,-55.6578,-34.7706,1000,2,1,1770392488,1770423841,0
LTE,748,1,116,675079,-1,-55.6583,-34.7697,1000,1,1,1770394237,1770394237,0
LTE,748,1,116,537097,-1,-55.6597,-34.7679,1000,9,1,1770394287,1770425041,0
LTE,748,1,116,536836,-1,-55.6615,-34.7668,1000,1,1,1770394347,1770394347,0
LTE,748,1,116,653322,-1,-55.6622,-34.7665,1000,1,1,1770394357,1770394357,0
LTE,748,1,116,653323,-1,-55.6626,-34.7661,1000,2,1,1770394362,1770425041,0
LTE,748,1,116,653326,-1,-55.6686,-34.7638,1000,21,1,1770394373,1770425461,0
LTE,748,1,116,676353,-1,-55.6713,-34.7631,1000,3,1,1770394472,1770425461,0
LTE,748,1,116,536842,-1,-55.6738,-34.7621,1000,1,1,1770394507,1770394507,0
LTE,748,1,116,676354,-1,-55.6775,-34.7614,1000,4,1,1770394540,1770425461,0
LTE,748,1,116,676355,-1,-55.6812,-34.7601,1000,2,1,1770394626,1770425461,0
LTE,748,1,116,676356,-1,-55.6793,-34.7582,1000,6,1,1770394683,1770425461,0
LTE,748,1,116,736512,-1,-55.7289,-34.7565,1000,11,1,1770395259,1770426181,0
LTE,748,1,116,736519,-1,-55.7327,-34.7578,1000,4,1,1770395289,1770426181,0
LTE,748,1,116,736518,-1,-55.7406,-34.7608,1000,2,1,1770395344,1770426181,0
LTE,748,1,116,736522,-1,-55.7477,-34.7635,1000,14,1,1770395354,1770426181,0
LTE,748,1,116,737037,-1,-55.7546,-34.7653,1000,1,1,1770395435,1770395435,0
LTE,748,1,116,736777,-1,-55.7569,-34.7656,1000,4,1,1770395440,1770426181,0
LTE,748,1,116,737030,-1,-55.761,-34.766,1000,5,1,1770395460,1770426181,0
LTE,748,1,116,737029,-1,-55.7644,-34.7662,1000,3,1,1770395510,1770426181,0
LTE,748,1,116,737042,-1,-55.762,-34.7732,1000,8,1,1770396594,1770429001,0
UMTS,748,1,116,1858022,0,-55.7389,-34.7663,1000,1,1,1770347172,1770347172,0
UMTS,748,1,116,1878022,0,-55.7389,-34.7663,1000,1,1,1770342672,1770342672,0
UMTS,748,10,19740,68766302,0,-57.8917,-31.6619,1000,1,1,1770357785,1770357785,0
UMTS,748,10,19740,68775657,0,-57.8998,-31.9342,1000,2,1,1770364291,1777607539,0
UMTS,748,1,116,1877394,0,-56.0045,-34.8474,1000,1,1,1770402182,1770402182,0
UMTS,748,1,116,1856134,0,-55.9944,-34.8507,1000,1,1,1770410313,1770410313,0
UMTS,748,1,368,240398,0,-57.2486,-33.0601,1000,1,1,1770418133,1770418133,0
GSM,748,10,9230,12294,-1,-56.2133,-34.9106,1000,1,1,1770446564,1770446564,0
GSM,748,10,9230,12130,-1,-56.2056,-34.8758,1000,1,1,1770448894,1770448894,0
LTE,748,1,125,529156,-1,-56.1722,-34.8727,1000,1,1,1770560612,1770560612,0
GSM,748,10,19260,12248,-1,-56.4269,-34.7119,1000,1,1,1770552529,1770552529,0
UMTS,748,1,116,1876783,0,-55.9943,-34.8417,1000,1,1,1770567162,1770567162,0
UMTS,748,1,103,1876324,0,-56.0727,-34.7938,1000,1,1,1770610462,1770610462,0
UMTS,748,10,19740,68766438,0,-57.1499,-33.4329,3679,2,1,1770658015,1778903485,0
UMTS,748,10,19740,68776391,0,-57.4056,-33.2304,1000,1,1,1770659369,1770659369,0
UMTS,748,10,19740,68766391,0,-57.5309,-33.1848,1000,1,1,1770659949,1770659949,0
UMTS,748,10,19740,68756392,0,-57.7666,-33.2378,1000,1,1,1770660892,1770660892,0
UMTS,748,10,19740,68755742,0,-57.9951,-33.2419,1321,2,1,1770661822,1778903472,0
UMTS,748,10,19260,68775653,0,-57.0974,-34.449,1000,2,1,1770699894,1771477006,0
UMTS,748,1,122,1752190,0,-56.7439,-34.4239,1000,1,1,1770713188,1770713188,0
UMTS,748,10,19740,68785618,0,-58.31,-33.1204,1000,2,1,1770713524,1770964803,0
UMTS,748,1,110,1946898,0,-56.2132,-34.8747,1000,1,1,1770787248,1770787248,0
UMTS,748,1,121,1752852,0,-54.9515,-34.8805,1000,2,1,1770812561,1775706720,0
UMTS,748,10,19740,68775642,0,-58.2729,-33.1532,1000,1,1,1770816151,1770816151,0
UMTS,748,7,47104,66098946,0,-56.455,-34.736,1000,1,1,1770838690,1770838690,0
UMTS,748,7,47424,6429441,0,-56.6217,-34.6338,1000,1,1,1770839590,1770839590,0
UMTS,748,7,47424,6450176,0,-56.7621,-34.5154,1000,1,1,1770840526,1770840526,0
UMTS,748,7,47424,66098690,0,-56.7107,-34.3302,1000,1,1,1770842025,1770842025,0
UMTS,748,7,46784,40560897,0,-56.8884,-33.5367,1000,1,1,1770846042,1770846042,0
UMTS,748,10,19260,68785577,0,-56.7051,-34.5903,1000,3,1,1770866617,1780374628,0
UMTS,748,1,122,1733367,0,-56.8303,-34.2867,1000,1,1,1770881119,1770881119,0
UMTS,748,10,19740,68805620,0,-58.3141,-33.1142,1000,2,1,1770885181,1778817001,0
UMTS,748,10,19250,68795335,0,-56.2143,-34.8389,1000,1,1,1770919015,1770919015,0
UMTS,748,10,19260,68755801,0,-56.1412,-34.709,1000,1,1,1770988043,1770988043,0
UMTS,748,7,46464,50743297,0,-56.1872,-34.8908,1000,1,1,1771092246,1771092246,0
UMTS,748,1,110,1926898,0,-56.2198,-34.8696,1000,5,1,1771181881,1778816982,0
UMTS,748,1,181,1757082,0,-56.4955,-34.4216,1000,1,1,1771395157,1771395157,0
UMTS,748,1,181,1765882,0,-56.2855,-34.5458,1000,1,1,1771419534,1771419534,0
UMTS,748,1,116,1859213,0,-55.7886,-34.7041,1000,2,1,1771482611,1774067843,0
UMTS,748,1,103,1714874,0,-56.2648,-34.8001,1000,4,1,1771503620,1778903408,0
UMTS,748,10,19260,68795353,0,-56.4293,-34.7164,1000,1,1,1771553582,1771553582,0
GSM,748,10,9630,12249,-1,-56.2672,-34.7321,2597,2,1,1771680108,1775965385,0
UMTS,748,7,47104,4150016,0,-56.2154,-34.2384,1000,1,1,1771644740,1771644740,0
GSM,748,10,9632,14105,-1,-56.044,-34.7261,1000,1,1,1771726201,1771726201,0
GSM,748,10,9410,14106,-1,-56.0575,-34.7134,1000,1,1,1771706323,1771706323,0
GSM,748,10,9632,14033,-1,-56.1062,-34.7517,1000,1,1,1771723493,1771723493,0
UMTS,748,1,110,1946879,0,-56.2493,-34.8248,1000,1,1,1771831348,1771831348,0
UMTS,748,10,19740,68756388,0,-57.8366,-32.7503,2185,2,1,1771948340,1778730772,0
UMTS,748,10,19740,68766388,0,-57.9237,-32.7814,1000,2,1,1771949255,1778730773,0
UMTS,748,10,19740,68755660,0,-57.9877,-32.997,1000,1,1,1771950268,1771950268,0
UMTS,748,10,19740,68795699,0,-58.215,-33.5292,1000,5,1,1771957574,1779856309,0
UMTS,748,7,46464,50752770,0,-56.1949,-34.9039,1000,1,1,1771955414,1771955414,0
UMTS,748,1,368,193294,0,-57.0772,-33.3011,1000,1,1,1771983291,1771983291,0
UMTS,748,1,368,83982,0,-57.1751,-33.1267,1000,1,1,1771984250,1771984250,0
UMTS,748,1,384,161804,0,-57.2905,-33.0222,1000,1,1,1771985340,1771985340,0
UMTS,748,1,384,238350,0,-57.5153,-32.8344,1000,1,1,1771986372,1771986372,0
UMTS,748,1,181,1733637,0,-56.3419,-34.8133,1000,1,1,1772027644,1772027644,0
UMTS,748,10,19740,68755699,0,-58.1896,-33.4933,3217,2,1,1772033418,1772606315,0
UMTS,748,10,19740,68805699,0,-58.2266,-33.5185,1000,3,1,1772108265,1779856377,0
UMTS,748,10,19250,68747267,0,-56.1114,-34.8631,1000,2,1,1772182049,1776397874,0
UMTS,748,1,121,1753040,0,-54.943,-34.9079,1000,1,1,1772190438,1772190438,0
UMTS,748,1,110,1880673,0,-56.0761,-34.8652,1000,1,1,1772346279,1772346279,0
UMTS,748,10,19250,68775354,0,-56.1267,-34.8628,1000,13,1,1772455034,1779769884,0
UMTS,748,10,19250,68805735,0,-56.1262,-34.8734,1000,2,1,1772456839,1777091605,0
UMTS,748,10,19250,68775356,0,-56.1487,-34.8786,1000,1,1,1772457739,1772457739,0
UMTS,748,7,46784,40561153,0,-56.6841,-33.8884,1000,1,1,1772654987,1772654987,0
UMTS,748,7,47264,5482241,0,-57.6317,-32.7005,1000,1,1,1772663575,1772663575,0
UMTS,748,7,47264,5215489,0,-57.9918,-32.4457,1000,1,1,1772665713,1772665713,0
UMTS,748,10,19250,68775412,0,-56.1733,-34.8574,1000,2,1,1772794788,1780029157,0
UMTS,748,1,180,1723671,0,-56.3875,-33.5463,1000,1,1,1772771755,1772771755,0
UMTS,748,1,180,1755720,0,-56.2366,-34.0718,1000,1,1,1772801528,1772801528,0
UMTS,748,10,19250,68765329,0,-56.1433,-34.8316,1088,5,1,1773033540,1779769962,0
UMTS,748,10,19260,68775737,0,-56.0009,-34.8408,1000,3,1,1773058884,1773982346,0
UMTS,748,10,19260,68755692,0,-56.005,-34.8521,1000,2,1,1773041668,1773556866,0
UMTS,748,7,47104,50736898,0,-56.2783,-34.852,1000,1,1,1773069035,1773069035,0
UMTS,748,7,47104,66076417,0,-56.3873,-34.766,1000,1,1,1773069974,1773069974,0
UMTS,748,7,47104,6428674,0,-56.5778,-34.6683,1000,1,1,1773070917,1773070917,0
UMTS,748,7,47424,6470656,0,-56.8078,-34.321,1000,1,1,1773072799,1773072799,0
UMTS,748,7,47104,66077696,0,-56.7207,-34.3478,1000,1,1,1773074661,1773074661,0
UMTS,748,7,46784,40560898,0,-56.8951,-33.5268,1000,1,1,1773078413,1773078413,0
UMTS,748,7,47264,5482242,0,-57.6347,-32.6955,1000,1,1,1773084908,1773084908,0
UMTS,748,7,47264,5215488,0,-57.8362,-32.5416,1000,1,1,1773085855,1773085855,0
UMTS,748,7,47264,53340416,0,-58.0766,-32.2785,1000,1,1,1773088637,1773088637,0
UMTS,748,10,19250,68765316,0,-56.1552,-34.8469,1000,1,1,1773119551,1773119551,0
UMTS,748,10,19260,68765551,0,-57.4472,-34.4107,1000,1,1,1773136092,1773136092,0
UMTS,748,10,19260,68775599,0,-57.4389,-34.4357,1000,1,1,1773135190,1773135190,0
UMTS,748,10,19260,68785597,0,-57.3517,-34.3209,1000,4,1,1773240030,1779942770,0
UMTS,748,10,19260,68755781,0,-57.4354,-34.3626,2937,4,1,1773308694,1780374647,0
UMTS,748,10,19740,68775646,0,-57.5838,-34.3105,4513,3,1,1773306844,1780374649,0
UMTS,748,10,19740,68765780,0,-57.5931,-34.3973,2350,2,1,1773399475,1773735456,0
UMTS,748,10,19740,68756300,0,-57.8163,-34.4548,1000,1,1,1773384035,1773384035,0
UMTS,748,10,19740,68755718,0,-57.8234,-34.46,1000,1,1,1773398551,1773398551,0
UMTS,748,10,19740,68776430,0,-57.8044,-34.4405,1000,1,1,1773393093,1773393093,0
UMTS,748,10,19260,68785737,0,-56.0128,-34.8397,1000,3,1,1773393751,1773982343,0
UMTS,748,10,19740,68765718,0,-57.834,-34.4664,1000,1,1,1773394020,1773394020,0
UMTS,748,10,19260,68756324,0,-55.9927,-34.8578,1000,2,1,1773394651,1773895899,0
LTE,748,10,59250,5134342,0,-56.1914,-34.9019,1000,1,1,1773394691,1773394691,0
UMTS,748,10,19250,68755379,0,-56.0675,-34.878,1000,1,1,1773396451,1773396451,0
UMTS,748,10,19250,68805422,0,-56.0892,-34.8801,1000,1,1,1773397357,1773397357,0
UMTS,748,10,19250,68795422,0,-56.0868,-34.8806,1000,1,1,1773399157,1773399157,0
LTE,748,10,59250,5171465,0,-56.1299,-34.8321,1000,1,1,1773413278,1773413278,0
UMTS,748,1,103,1881322,0,-55.963,-34.7262,1000,1,1,1773416904,1773416904,0
UMTS,748,1,200,1563006,0,-56.0632,-34.7974,1000,3,1,1773428610,1774844946,0
UMTS,748,10,19260,68785677,0,-56.2115,-34.1029,1000,1,1,1773664471,1773664471,0
UMTS,748,1,110,1926659,0,-56.1639,-34.8229,1000,1,1,1773675264,1773675264,0
UMTS,748,10,19250,68776747,0,-56.2732,-34.8371,1000,2,1,1773737017,1779424327,0
LTE,748,10,59260,1316364,0,-56.2027,-34.7168,1000,1,1,1773745130,1773745130,0
LTE,748,10,59260,1336332,0,-56.2449,-34.7212,1000,1,1,1773745176,1773745176,0
LTE,748,10,59260,1303047,0,-56.2253,-34.6609,1000,1,1,1773745321,1773745321,0
UMTS,748,10,19740,68756387,0,-57.6554,-34.3016,1000,1,1,1773745514,1773745514,0
LTE,748,10,59260,1290759,0,-56.3742,-34.4531,1000,1,1,1773753449,1773753449,0
LTE,748,10,59260,1290757,0,-56.3726,-34.4649,1000,1,1,1773753483,1773753483,0
LTE,748,10,59260,1290760,0,-56.3747,-34.4637,1000,1,1,1773754011,1773754011,0
UMTS,748,10,19740,68756426,0,-57.6857,-34.2326,1000,2,1,1773761032,1774067810,0
LTE,748,1,129,640515,-1,-56.1673,-34.9115,1000,1,1,1773829241,1773829241,0
LTE,748,1,109,667651,-1,-56.1727,-34.9112,1000,4,1,1773829332,1773863942,0
LTE,748,1,129,668675,-1,-56.1729,-34.9096,1000,2,1,1773829367,1773863942,0
LTE,748,1,129,671749,-1,-56.1731,-34.9075,1000,4,1,1773829392,1773863942,0
LTE,748,1,109,646659,-1,-56.173,-34.9086,1000,1,1,1773829412,1773829412,0
LTE,748,1,129,676099,-1,-56.1735,-34.9047,1000,4,1,1773829582,1773863942,0
LTE,748,1,129,671237,-1,-56.1736,-34.9027,1000,3,1,1773829632,1773863942,0
LTE,748,1,129,669442,-1,-56.1742,-34.9021,1000,4,1,1773829672,1773863942,0
LTE,748,1,129,669443,-1,-56.176,-34.9002,1000,7,1,1773829863,1773863942,0
LTE,748,1,129,690949,-1,-56.1775,-34.8988,1000,1,1,1773829963,1773829963,0
LTE,748,1,129,674818,-1,-56.179,-34.8977,1000,6,1,1773829968,1773863942,0
LTE,748,1,115,689925,-1,-56.1814,-34.896,1000,4,1,1773830013,1773863942,0
LTE,748,1,115,689926,-1,-56.1829,-34.8951,1000,2,1,1773830098,1773863942,0
LTE,748,1,115,689927,-1,-56.1837,-34.8942,1000,3,1,1773830108,1773863942,0
LTE,748,1,115,687108,-1,-56.185,-34.8928,1000,1,1,1773830148,1773830148,0
LTE,748,1,115,687619,-1,-56.1859,-34.8915,1000,3,1,1773830193,1773863942,0
LTE,748,1,115,687363,-1,-56.186,-34.8905,1000,1,1,1773830243,1773830243,0
LTE,748,1,115,687360,-1,-56.1899,-34.8874,1000,4,1,1773830339,1773863942,0
LTE,748,1,115,694530,-1,-56.194,-34.8836,1000,5,1,1773830509,1773863942,0
LTE,748,1,115,694531,-1,-56.195,-34.8819,1000,3,1,1773830559,1773863942,0
LTE,748,1,115,694528,-1,-56.1956,-34.8803,1000,5,1,1773830584,1773863942,0
LTE,748,1,115,694532,-1,-56.1962,-34.8786,1000,3,1,1773830679,1773863942,0
LTE,748,1,125,689157,-1,-56.1968,-34.8778,1000,1,1,1773830694,1773830694,0
LTE,748,1,125,699141,-1,-56.1983,-34.8763,1000,5,1,1773830704,1773863942,0
LTE,748,1,125,699140,-1,-56.2002,-34.8749,1000,1,1,1773830774,1773830774,0
LTE,748,1,125,699143,-1,-56.2013,-34.8734,1000,4,1,1773830779,1773863942,0
LTE,748,1,125,533252,-1,-56.2024,-34.8722,1000,1,1,1773830824,1773830824,0
LTE,748,1,125,533251,-1,-56.2033,-34.871,1000,6,1,1773830829,1773863942,0
LTE,748,1,125,533253,-1,-56.2055,-34.8688,1000,3,1,1773830909,1773863942,0
LTE,748,1,125,695811,-1,-56.2059,-34.8686,1000,1,1,1773830929,1773830929,0
LTE,748,1,125,695812,-1,-56.2093,-34.865,1000,10,1,1773830954,1773863942,0
LTE,748,1,110,530191,-1,-56.2122,-34.8622,1000,6,1,1773831144,1773863942,0
LTE,748,1,110,530176,-1,-56.2183,-34.858,1000,2,1,1773831350,1773863942,0
LTE,748,1,110,744449,-1,-56.2217,-34.8418,1000,1,1,1773831916,1773831916,0
LTE,748,1,110,744456,-1,-56.2217,-34.8412,1000,1,1,1773831921,1773831921,0
LTE,748,1,110,744450,-1,-56.2217,-34.8396,1000,1,1,1773831931,1773831931,0
LTE,748,1,110,528386,-1,-56.2212,-34.8315,1000,3,1,1773832046,1773863942,0
LTE,748,1,110,528392,-1,-56.2205,-34.8294,1000,6,1,1773832101,1773863942,0
LTE,748,1,103,596480,-1,-56.2199,-34.8251,1000,2,1,1773832171,1773863942,0
LTE,748,1,103,712705,-1,-56.2198,-34.8242,1000,1,1,1773832181,1773832181,0
LTE,748,1,103,712716,-1,-56.2207,-34.8159,1000,1,1,1773832348,1773832348,0
LTE,748,1,103,175668,-1,-56.2218,-34.8063,1000,1,1,1773832524,1773832524,0
LTE,748,1,103,175667,-1,-56.222,-34.8059,1000,1,1,1773832569,1773832569,0
LTE,748,1,103,175669,-1,-56.2229,-34.8042,1000,5,1,1773832574,1773863942,0
LTE,748,1,103,213812,-1,-56.2231,-34.8008,1000,11,1,1773832617,1773863943,0
LTE,748,1,103,213813,-1,-56.2239,-34.7953,1000,6,1,1773832664,1773863943,0
LTE,748,1,103,213843,-1,-56.2244,-34.7966,1000,11,1,1773832794,1773863943,0
LTE,748,1,103,213803,-1,-56.2242,-34.7927,1000,2,1,1773832934,1773863943,0
LTE,748,1,103,228660,-1,-56.2243,-34.7833,1000,14,1,1773832979,1773863943,0
LTE,748,1,103,228661,-1,-56.227,-34.7704,1000,22,1,1773833129,1773863943,0
UMTS,748,10,19260,68765715,0,-55.9928,-34.8535,1000,1,1,1773818536,1773818536,0
UMTS,748,10,19260,68755424,0,-56.0972,-34.7926,1000,1,1,1773821247,1773821247,0
UMTS,748,10,19740,68755270,0,-58.283,-33.9829,1000,1,1,1773839824,1773839824,0
UMTS,748,1,181,1733687,0,-56.3257,-34.8336,1000,1,1,1773911880,1773911880,0
UMTS,748,10,19740,68756379,0,-58.3669,-33.8949,1000,1,1,1773923398,1773923398,0
UMTS,748,1,181,1733699,0,-56.3414,-34.8076,1000,1,1,1773927732,1773927732,0
UMTS,748,10,19740,68775626,0,-58.402,-33.8688,1000,1,1,1773934320,1773934320,0
UMTS,748,10,19740,68775797,0,-58.1908,-34.0597,1000,1,1,1774013624,1774013624,0
UMTS,748,10,19740,68776426,0,-57.7942,-34.192,1000,1,1,1774015511,1774015511,0
UMTS,748,10,19740,68776387,0,-57.7076,-34.3639,1000,1,1,1773990762,1773990762,0
UMTS,748,7,47104,2842113,0,-56.3354,-34.5356,1000,1,1,1774003220,1774003220,0
UMTS,748,7,47104,2881794,0,-56.2887,-34.5276,1000,1,1,1774004203,1774004203,0
GSM,748,10,9231,12351,-1,-56.1625,-34.9212,1000,1,1,1774014870,1774014870,0
UMTS,748,10,19260,68755342,0,-56.1412,-34.7086,1000,1,1,1774071085,1774071085,0
UMTS,748,1,116,1877954,0,-55.7641,-34.7026,1000,1,1,1774096020,1774096020,0
UMTS,748,10,19250,68775453,0,-56.1749,-34.8586,1000,2,1,1774246317,1778644335,0
UMTS,748,7,46464,50747905,0,-56.2096,-34.8747,1000,1,1,1774380066,1774380066,0
GSM,748,10,9632,26324,-1,-56.1127,-34.8472,1000,1,1,1774469137,1774469137,0
UMTS,748,10,19250,68805466,0,-56.1478,-34.8612,1000,5,1,1774520948,1778730737,0
UMTS,748,7,46464,50752768,0,-56.1926,-34.9024,1000,1,1,1774534653,1774534653,0
UMTS,748,1,116,1858194,0,-55.7363,-34.741,1000,1,1,1774540756,1774540756,0
UMTS,748,10,19250,68767274,0,-56.1334,-34.8501,1000,4,1,1774625578,1778992348,0
UMTS,748,1,103,1714935,0,-56.1702,-34.7933,1000,1,1,1774816160,1774816160,0
UMTS,748,10,19740,68766336,0,-55.9837,-31.7431,1000,2,1,1774986403,1777348538,0
UMTS,748,10,19260,68755697,0,-56.0591,-34.4249,1000,1,1,1775123072,1775123072,0
UMTS,748,10,19260,68786844,0,-55.8973,-34.4489,1000,1,1,1775123978,1775123978,0
UMTS,748,10,19260,68766844,0,-55.7685,-34.4397,1000,1,1,1775126697,1775126697,0
UMTS,748,10,19260,68756844,0,-55.8102,-34.4217,3171,3,1,1775127627,1779251606,0
UMTS,748,10,19260,68795683,0,-55.8079,-34.3363,1000,1,1,1775128533,1775128533,0
GSM,748,10,9725,17039,-1,-56.4264,-32.5845,4492,5,1,1775143532,1776918880,0
UMTS,748,10,19260,68755679,0,-56.2819,-34.4847,1000,2,1,1775214576,1775879712,0
UMTS,748,7,46464,50754306,0,-56.2115,-34.9063,1000,1,1,1775459636,1775459636,0
UMTS,748,1,117,1881222,0,-55.2877,-34.8181,1000,2,1,1775556022,1777091613,0
LTE,748,10,59250,5129224,0,-56.1599,-34.8679,1000,1,1,1775661780,1775661780,0
LTE,748,10,59250,328971,0,-56.1374,-34.875,1000,1,1,1775661825,1775661825,0
UMTS,748,10,19250,68795735,0,-56.1277,-34.8783,1000,2,1,1775710610,1777091612,0
UMTS,748,10,19250,68755360,0,-56.1282,-34.8791,1000,1,1,1775711510,1775711510,0
UMTS,748,1,121,1766092,0,-54.9638,-34.8887,1000,2,1,1775758220,1775965359,0
UMTS,748,1,181,1757100,0,-56.2942,-34.7004,1000,1,1,1775812652,1775812652,0
UMTS,748,10,19260,68765352,0,-56.2686,-34.7706,1000,1,1,1775886193,1775886193,0
UMTS,748,1,117,1880913,0,-55.2205,-34.8516,1000,1,1,1775907941,1775907941,0
UMTS,748,1,121,1752691,0,-54.9873,-34.9063,1000,1,1,1775911631,1775911631,0
GSM,748,10,9310,14009,-1,-56.279,-34.5043,1096,2,1,1775922077,1776054622,0
GSM,748,10,9310,14188,-1,-56.279,-34.5043,1096,2,1,1775922077,1776054622,0
GSM,748,10,9310,14169,-1,-56.279,-34.5043,1096,2,1,1775922077,1776054622,0
GSM,748,10,9310,14045,-1,-56.2819,-34.4948,1000,1,1,1775922077,1775922077,0
GSM,748,10,9310,14039,-1,-56.2302,-34.3022,2440,2,1,1775922949,1776054620,0
GSM,748,10,9721,17098,-1,-56.202,-34.1014,2184,2,1,1775924817,1776054617,0
GSM,748,10,9721,14037,-1,-56.202,-34.1014,2184,2,1,1775924817,1776054617,0
GSM,748,10,9721,17193,-1,-56.202,-34.1014,2184,2,1,1775924817,1776054617,0
GSM,748,10,9721,14040,-1,-56.263,-33.8825,1000,1,1,1775925729,1775925729,0
GSM,748,10,9721,17356,-1,-56.2502,-33.9249,4854,2,1,1775925729,1776054613,0
GSM,748,10,9721,17236,-1,-56.3542,-33.6114,4652,2,1,1775926629,1776054608,0
GSM,748,10,9721,17074,-1,-56.4724,-33.4509,1000,1,1,1775927529,1775927529,0
GSM,748,10,9721,18647,-1,-56.4724,-33.4509,1000,1,1,1775927529,1775927529,0
GSM,748,10,9721,17102,-1,-56.5174,-33.3954,2555,2,1,1775928435,1776054605,0
GSM,748,10,9721,17041,-1,-56.3191,-33.7545,1000,1,1,1775948365,1775948365,0
GSM,748,10,9721,17373,-1,-56.2374,-33.9672,1000,1,1,1775949271,1775949271,0
UMTS,748,1,121,1753131,0,-54.968,-34.8983,1000,1,1,1776155273,1776155273,0
UMTS,748,10,19250,68765459,0,-56.1597,-34.8737,1000,2,1,1776258803,1776484204,0
UMTS,748,1,104,1566056,0,-56.243,-34.04,1000,1,1,1776327524,1776327524,0
LTE,748,10,59250,5122569,0,-56.2627,-34.8376,1000,1,1,1776328501,1776328501,0
LTE,748,10,59250,327941,0,-56.2071,-34.8678,1000,1,1,1776335247,1776335247,0
UMTS,748,10,19260,68755698,0,-55.9598,-34.408,1000,1,1,1776430163,1776430163,0
UMTS,748,10,19260,68805691,0,-56.0781,-34.6866,3452,2,1,1776508903,1780461083,0
UMTS,748,10,19740,68767270,0,-57.9614,-31.3896,1000,1,1,1776782662,1776782662,0
UMTS,748,10,19740,68795744,0,-56.0083,-31.7325,1000,1,1,1776796038,1776796038,0
UMTS,748,10,19740,68766358,0,-55.997,-31.7345,1000,1,1,1776878712,1776878712,0
UMTS,748,10,19740,68755644,0,-57.983,-31.4077,1000,1,1,1776926096,1776926096,0
UMTS,748,1,1648,744971,0,-56.0708,-34.7923,1000,1,1,1776932307,1776932307,0
UMTS,748,1,1648,576529,0,-56.0432,-34.8088,1000,1,1,1776938695,1776938695,0
UMTS,748,1,1648,742407,0,-56.0729,-34.7892,1000,1,1,1776939619,1776939619,0
UMTS,748,1,1648,744969,0,-56.0686,-34.7881,1000,1,1,1776949062,1776949062,0
UMTS,748,10,19740,68756748,0,-57.9586,-31.3715,1000,1,1,1776953172,1776953172,0
UMTS,748,1,1296,229684,0,-56.3102,-34.8553,1000,1,1,1776955771,1776955771,0
UMTS,748,7,46464,50721282,0,-56.1961,-34.8721,1000,1,1,1776956672,1776956672,0
UMTS,748,1,1648,742406,0,-56.0742,-34.7777,1000,1,1,1776962349,1776962349,0
UMTS,748,7,46464,50713858,0,-56.1854,-34.8734,1000,1,1,1776984982,1776984982,0
UMTS,748,1,103,1858312,0,-56.2902,-34.72,1000,1,1,1777023503,1777023503,0
UMTS,748,10,19740,68767273,0,-57.9371,-31.3807,1000,1,1,1777012718,1777012718,0
UMTS,748,1,117,1881214,0,-55.2571,-34.8292,1000,1,1,1777019077,1777019077,0
UMTS,748,1,2000,696324,0,-56.193,-34.8749,1000,1,1,1777021725,1777021725,0
UMTS,748,1,2000,696323,0,-56.1953,-34.8717,1000,1,1,1777026150,1777026150,0
UMTS,748,1,181,1756930,0,-56.3308,-34.5898,1000,1,1,1777029876,1777029876,0
UMTS,748,1,103,1766832,0,-56.2394,-34.5354,1000,1,1,1777122359,1777122359,0
UMTS,748,1,121,1732691,0,-54.9823,-34.9057,1000,1,1,1777195960,1777195960,0
UMTS,748,1,103,1735253,0,-56.1744,-34.6665,1000,1,1,1777262144,1777262144,0
UMTS,748,1,121,1733011,0,-54.9284,-34.9151,1000,1,1,1777276840,1777276840,0
UMTS,748,10,19740,68756745,0,-55.7677,-31.5834,1000,1,1,1777353753,1777353753,0
UMTS,748,10,19740,68805640,0,-55.7819,-31.1769,1000,1,1,1777356121,1777356121,0
UMTS,748,10,19740,68777153,0,-55.922,-31.1168,1000,1,1,1777356916,1777356916,0
UMTS,748,10,19740,68776940,0,-56.0784,-31.0234,1000,1,1,1777357654,1777357654,0
UMTS,748,10,19740,68776404,0,-56.2249,-30.8606,1000,1,1,1777358566,1777358566,0
UMTS,748,10,19740,68756860,0,-56.4619,-30.4058,1000,1,1,1777367812,1777367812,0
UMTS,748,10,19250,68755411,0,-56.1044,-34.8709,1000,1,1,1777362760,1777362760,0
UMTS,748,1,121,1733082,0,-54.9575,-34.8842,1000,2,1,1777383709,1779597158,0
UMTS,748,10,19740,68766407,0,-56.8478,-30.4625,1000,1,1,1777443136,1777443136,0
UMTS,748,10,19740,68776407,0,-56.978,-30.4541,1000,1,1,1777444063,1777444063,0
UMTS,748,1,117,1881223,0,-55.3524,-34.778,1000,1,1,1777486059,1777486059,0
UMTS,748,10,19740,68766964,0,-57.6886,-30.6298,1000,1,1,1777528003,1777528003,0
UMTS,748,10,19250,68805360,0,-56.1342,-34.8757,1000,1,1,1777535237,1777535237,0
UMTS,748,10,19740,68765644,0,-57.9342,-31.4262,1000,1,1,1777538802,1777538802,0
UMTS,748,10,19740,68755561,0,-58.0224,-32.229,1000,1,1,1777558108,1777558108,0
UMTS,748,1,121,1732750,0,-54.9689,-34.8986,1000,2,1,1777707945,1778903525,0
UMTS,748,10,19250,68775539,0,-56.1391,-34.8374,1000,1,1,1777718402,1777718402,0
UMTS,748,1,121,1733090,0,-54.9605,-34.9166,1000,1,1,1777913467,1777913467,0
UMTS,748,10,19250,68755355,0,-56.2668,-34.8734,1000,1,1,1778082423,1778082423,0
LTE,748,10,59260,5187592,-1,-56.235,-34.7608,1000,2,1,1777901227,1778291521,0
LTE,748,10,59260,5135876,-1,-56.236,-34.7608,1000,3,1,1777901287,1778291521,0
UMTS,748,1,121,1733130,0,-54.9619,-34.896,1000,1,1,1778483117,1778483117,0
GSM,748,10,9310,16014,-1,-57.0105,-34.3927,1000,1,1,1778494889,1778494889,0
UMTS,748,10,19740,68776371,0,-53.8455,-32.8419,4895,5,1,1778524447,1780374564,0
UMTS,748,10,19740,68755592,0,-53.9086,-32.9175,3517,4,1,1778525288,1780374634,0
UMTS,748,10,19740,68775592,0,-53.9521,-32.9409,1000,2,1,1778526187,1780374637,0
GSM,748,10,9721,17089,-1,-54.4078,-33.2501,1000,1,1,1778529794,1778529794,0
UMTS,748,10,19740,68755759,0,-54.4888,-33.3555,1000,1,1,1778530696,1778530696,0
UMTS,748,10,19740,68775759,0,-54.532,-33.4669,1000,3,1,1778532500,1779856393,0
UMTS,748,10,19740,68756828,0,-54.5694,-33.6192,11806,3,1,1778533401,1780374645,0
UMTS,748,10,19740,68756753,0,-54.7033,-33.7031,5539,3,1,1778534300,1780374646,0
UMTS,748,10,19740,68776718,0,-54.7692,-33.8465,5003,4,1,1778535200,1780374647,0
UMTS,748,10,19260,68766408,0,-54.945,-34.239,1000,1,1,1778537322,1778537322,0
UMTS,748,10,19260,68756266,0,-55.0063,-34.3056,1187,2,1,1778537910,1779856402,0
UMTS,748,10,19260,68755558,0,-55.2306,-34.3657,1000,1,1,1778539043,1778539043,0
UMTS,748,10,19260,68775558,0,-55.3817,-34.3931,15826,5,1,1778610035,1780460968,0
UMTS,748,10,19260,68776721,0,-55.4578,-34.5337,2846,5,1,1778609125,1780461075,0
UMTS,748,10,19260,68765588,0,-55.4658,-34.5964,1000,5,1,1778608225,1780461081,0
UMTS,748,10,19260,68776280,0,-55.8102,-34.6863,1000,1,1,1778543321,1778543321,0
UMTS,748,10,19260,68776345,0,-55.9521,-34.7274,1000,1,1,1778544227,1778544227,0
UMTS,748,10,19250,68755303,0,-56.2024,-34.8892,1000,1,1,1778579403,1778579403,0
UMTS,748,10,19260,68775708,0,-56.1036,-34.7483,1315,2,1,1778595598,1778817056,0
UMTS,748,10,19260,68785714,0,-55.8973,-34.5726,3148,6,1,1778597437,1780461086,0
UMTS,748,10,19260,68766323,0,-55.7308,-34.671,2363,3,1,1778605514,1780461072,0
UMTS,748,10,19260,68756327,0,-55.5605,-34.6484,3282,8,1,1778606414,1780374576,0
UMTS,748,10,19260,68775751,0,-55.2451,-34.3741,1000,1,1,1778610925,1778610925,0
UMTS,748,10,19260,68775546,0,-54.9368,-34.2388,2374,5,1,1778612727,1780201934,0
UMTS,748,10,19740,68775812,0,-54.7909,-34.0638,2678,3,1,1778614013,1779856400,0
UMTS,748,10,19740,68755812,0,-54.7856,-33.9773,3102,3,1,1778614533,1779856398,0
UMTS,748,10,19740,68766753,0,-54.7643,-33.781,2863,2,1,1778615435,1778903457,0
UMTS,748,10,19740,68766828,0,-54.6519,-33.6845,3264,3,1,1778616333,1779856395,0
UMTS,748,10,19740,68765746,0,-54.4108,-33.2511,1000,2,1,1778668605,1779769791,0
UMTS,748,10,19740,68755748,0,-54.321,-33.2044,1000,1,1,1778651477,1778651477,0
UMTS,748,10,19260,68766725,0,-56.6262,-34.6427,1000,1,1,1778653767,1778653767,0
UMTS,748,10,19740,68765618,0,-58.3045,-33.1234,1000,2,1,1778772333,1778903448,0
UMTS,748,10,19740,68776359,0,-58.29,-33.1246,1000,1,1,1778768717,1778768717,0
UMTS,748,10,19260,68805673,0,-55.9769,-34.6467,1543,2,1,1778779463,1779251615,0
UMTS,748,10,19260,68766721,0,-55.4492,-34.4691,1049,2,1,1778869588,1780374563,0
UMTS,748,10,19260,68765558,0,-55.2752,-34.3831,1868,5,1,1778868688,1780460964,0
UMTS,748,1,123,1734543,0,-57.3167,-32.3004,1000,1,1,1778868050,1778868050,0
UMTS,748,1,123,1735224,0,-57.3214,-32.3001,1000,1,1,1778845419,1778845419,0
UMTS,748,10,19740,68766392,0,-57.7739,-33.238,1000,1,1,1778841853,1778841853,0
UMTS,748,10,19740,68756438,0,-57.1712,-33.3956,1000,1,1,1778845002,1778845002,0
UMTS,748,1,123,1715224,0,-57.316,-32.3004,1000,1,1,1778857190,1778857190,0
UMTS,748,1,103,1767370,0,-56.114,-34.6669,1000,1,1,1778854648,1778854648,0
UMTS,748,10,19260,68756408,0,-54.8231,-34.1139,1000,1,1,1778865081,1778865081,0
UMTS,748,10,19260,68776266,0,-55.059,-34.3247,1000,1,1,1778866879,1778866879,0
UMTS,748,10,19260,68755752,0,-55.2213,-34.3652,1000,4,1,1778867981,1780201929,0
UMTS,748,10,19260,68755588,0,-55.4634,-34.5768,5004,5,1,1778870488,1780460969,0
UMTS,748,10,19260,68756323,0,-55.6845,-34.6668,1000,1,1,1778872298,1778872298,0
UMTS,748,10,19260,68766280,0,-55.8443,-34.693,2049,4,1,1778873200,1780460973,0
UMTS,748,1,123,1735374,0,-58.0532,-32.3448,1000,2,1,1778873278,1779078642,0
UMTS,748,10,19260,68755545,0,-55.9758,-34.7373,1000,4,1,1778874098,1780461084,0
UMTS,748,10,19260,68776854,0,-56.0543,-34.7772,1000,2,1,1778874998,1780374612,0
UMTS,748,10,19740,68805626,0,-58.4141,-33.8901,1000,1,1,1778891262,1778891262,0
UMTS,748,1,102,1756261,0,-57.9078,-31.4588,1000,1,1,1778935606,1778935606,0
UMTS,748,10,19740,68776405,0,-58.2989,-33.8639,1000,1,1,1778928180,1778928180,0
UMTS,748,1,123,1715165,0,-57.8667,-31.7631,1000,1,1,1779010406,1779010406,0
UMTS,748,1,123,1732061,0,-57.8525,-31.9648,1000,1,1,1779011306,1779011306,0
UMTS,748,10,19260,68775391,0,-56.1289,-34.7737,1000,1,1,1779011975,1779011975,0
UMTS,748,10,19260,68785673,0,-56.0289,-34.6912,1595,3,1,1779012874,1779510815,0
UMTS,748,1,123,1715374,0,-58.0456,-32.3657,1000,1,1,1779014098,1779014098,0
UMTS,748,1,123,1734833,0,-57.0967,-33.2404,1000,1,1,1779021343,1779021343,0
UMTS,748,10,19260,68765714,0,-55.8597,-34.5373,1000,1,1,1779038110,1779038110,0
UMTS,748,10,19260,68755683,0,-55.7456,-34.3376,1000,3,1,1779040810,1779251532,0
UMTS,748,10,19260,68776356,0,-55.5776,-34.3661,1204,2,1,1779112019,1779251545,0
GSM,748,10,9410,15613,-1,-55.5537,-34.382,1000,1,1,1779094889,1779094889,0
GSM,748,10,9520,15045,-1,-55.5536,-34.382,1000,1,1,1779094454,1779094454,0
UMTS,748,1,117,1861222,0,-55.2925,-34.8154,1000,1,1,1779095036,1779095036,0
UMTS,748,1,117,1861214,0,-55.2596,-34.8327,1000,1,1,1779104080,1779104080,0
UMTS,748,10,19260,68785683,0,-55.7681,-34.3558,1348,2,1,1779116521,1779251528,0
UMTS,748,10,19260,68776844,0,-55.8404,-34.5169,1000,2,1,1779117491,1779251525,0
UMTS,748,10,19260,68755391,0,-56.1174,-34.7619,1000,2,1,1779123731,1779337747,0
UMTS,748,10,19260,68765791,0,-56.1474,-34.4117,1000,1,1,1779358944,1779358944,0
UMTS,748,10,19260,68805685,0,-55.9748,-34.2919,1000,1,1,1779360056,1779360056,0
UMTS,748,10,19740,68776722,0,-56.5422,-33.6617,1000,1,1,1779377882,1779377882,0
UMTS,748,10,19260,68755281,0,-56.7574,-34.5474,1000,1,1,1779385995,1779385995,0
GSM,748,10,9310,14019,-1,-56.2486,-34.6451,1000,1,1,1779513845,1779513845,0
GSM,748,10,9310,14018,-1,-56.2455,-34.6434,1000,1,1,1779516604,1779516604,0
GSM,748,10,9310,14032,-1,-56.1547,-34.6322,8455,2,1,1779515652,1780374551,0
UMTS,748,10,19260,68756280,0,-55.7546,-34.6718,1000,2,1,1779556861,1780374578,0
UMTS,748,10,19260,68765752,0,-55.2377,-34.3681,1000,2,1,1779560469,1780029185,0
UMTS,748,10,19260,68775478,0,-54.7988,-34.202,3191,3,1,1779563180,1780201937,0
UMTS,748,10,19260,68755478,0,-54.7124,-34.1844,2979,2,1,1779564080,1779942784,0
UMTS,748,10,19740,68765778,0,-54.2882,-33.789,2992,2,1,1779567334,1780029175,0
UMTS,748,10,19740,68755778,0,-54.2601,-33.6782,4535,2,1,1779567683,1780374556,0
UMTS,748,10,19740,68765631,0,-54.2132,-33.6895,1699,6,1,1779568582,1780374546,0
UMTS,748,10,19740,68766419,0,-54.3578,-33.5555,1000,1,1,1779655588,1779655588,0
UMTS,748,10,19740,68765759,0,-54.5068,-33.4598,1862,2,1,1779656488,1780374558,0
UMTS,748,10,19740,68756371,0,-53.6966,-32.7239,2229,2,1,1779662803,1780374565,0
UMTS,748,10,19740,68775635,0,-53.4597,-32.5903,2627,2,1,1779710571,1780374567,0
UMTS,748,10,19740,68755635,0,-53.3891,-32.5982,1000,1,1,1779664606,1779664606,0
UMTS,748,10,19740,68775810,0,-53.2865,-32.723,1000,2,1,1779708771,1780374571,0
UMTS,748,10,19740,68755810,0,-53.2683,-32.7044,1000,1,1,1779706062,1779706062,0
UMTS,748,1,121,1732752,0,-54.9723,-34.9119,1000,1,1,1779705435,1779705435,0
UMTS,748,10,19740,68755480,0,-53.3541,-32.6291,1000,1,1,1779709671,1779709671,0
UMTS,748,10,19740,68765592,0,-53.9372,-32.9397,1000,2,1,1779797099,1780374635,0
UMTS,748,10,19260,68755546,0,-54.9283,-34.1835,1000,1,1,1779807958,1779807958,0
GSM,748,10,9520,15243,-1,-55.1298,-34.3514,1000,1,1,1779810653,1779810653,0
UMTS,748,10,19260,68755552,0,-57.349,-34.3081,1000,3,1,1779811886,1780029141,0
UMTS,748,10,19260,68755710,0,-55.9936,-34.7473,1000,2,1,1779820544,1780374632,0
UMTS,748,10,19260,68755390,0,-56.0607,-34.783,1000,2,1,1779821444,1780374582,0
UMTS,748,1,122,1714515,0,-57.7063,-34.2242,1000,1,1,1779865345,1779865345,0
UMTS,748,1,137,1714735,0,-58.0499,-34.1088,1000,1,1,1779882603,1779882603,0
UMTS,748,1,117,1861373,0,-55.246,-34.8978,1000,1,1,1779870718,1779870718,0
UMTS,748,1,121,1732850,0,-54.8713,-34.8983,1000,1,1,1779874334,1779874334,0
UMTS,748,1,137,1723891,0,-58.267,-33.9963,1000,1,1,1779878074,1779878074,0
UMTS,748,10,19260,68766854,0,-56.0409,-34.7763,1000,1,1,1779883632,1779883632,0
UMTS,748,10,19260,68776330,0,-56.3419,-34.8104,1000,1,1,1779884305,1779884305,0
UMTS,748,10,19260,68766345,0,-55.959,-34.7326,1000,2,1,1779884532,1780374580,0
UMTS,748,10,19260,68775588,0,-55.4871,-34.6148,4321,3,1,1779887231,1780460962,0
UMTS,748,10,19740,68755776,0,-54.4342,-34.0553,1000,1,1,1779894882,1779894882,0
GSM,748,10,9721,15675,-1,-54.135,-33.7502,1000,2,1,1779905665,1780028942,0
GSM,748,10,19740,15675,-1,-54.1353,-33.7502,1000,1,1,1779921001,1779921001,0
UMTS,748,10,19740,68755631,0,-54.1102,-33.7287,1000,1,1,1779962164,1779962164,0
UMTS,748,10,19740,68765779,0,-54.1079,-33.7263,1000,1,1,1779958463,1779958463,0
UMTS,748,10,19740,68775779,0,-54.1577,-33.7331,1000,1,1,1779969305,1779969305,0
UMTS,748,1,110,1926899,0,-56.2294,-34.8709,1000,1,1,1780056231,1780056231,0
UMTS,748,10,19260,68795697,0,-56.0886,-34.5049,1000,1,1,1780095458,1780095458,0
UMTS,748,10,19260,68756721,0,-55.4476,-34.4635,1000,3,1,1780135124,1780460963,0
UMTS,748,10,19260,68755687,0,-56.0166,-34.763,1000,1,1,1780261636,1780261636,0
UMTS,748,10,19740,68805746,0,-54.3853,-33.2104,1000,1,1,1780262679,1780262679,0
UMTS,748,10,19740,68765480,0,-53.3788,-32.6013,1000,1,1,1780269899,1780269899,0
UMTS,748,10,19260,68765545,0,-55.9681,-34.7406,1000,1,1,1780329418,1780329418,0
UMTS,748,10,19740,68765635,0,-53.3998,-32.6014,1000,1,1,1780301444,1780301444,0
UMTS,748,10,19260,68765705,0,-55.8535,-34.6934,1000,2,1,1780303352,1780461071,0
UMTS,748,10,19260,68775545,0,-55.9845,-34.7414,1000,1,1,1780355888,1780355888,0
UMTS,748,10,19260,68775434,0,-56.2704,-34.7742,1000,1,1,1780357688,1780357688,0
UMTS,748,10,19260,68766455,0,-55.9485,-34.7168,1000,1,1,1780398426,1780398426,0
UMTS,748,10,19740,68775254,0,-57.8506,-34.4707,1000,1,1,1780415027,1780415027,0
UMTS,748,10,19250,68765412,0,-56.1691,-34.8547,1000,1,1,1780413823,1780413823,0
